[2026-08-02 14:02:49] campaign: seasons 2017..2010 (desc), vendor=decodo_patchright, chunk=400, workers=24
[2026-08-02 14:02:49] log -> logs/backfill_range_20260802_140249.log   (watch: tail -f logs/backfill_range_20260802_140249.log)
[2026-08-02 14:02:49] === season 2017 ===
[14:02:49] NCAA MBB backfill: season=2017 workers=24
[14:02:49] watch this run:  tail -f /c/Users/saiem/Documents/GitHub-Data/sdv-dev/hoopR-dev/ncaa-mbb-hoops-raw/logs/backfill_2017_20260802_140249.log
[14:02:49] === skip discover (season 2017 already in schedule_master; delete mbb/schedule_master.parquet to force) ===
[14:02:49] === capture 2017: 24 worker(s), chunk=400 new bundles per worker ===
proxy creds loaded from /c/Users/saiem/.Renviron (values hidden)
proxy creds loaded from /c/Users/saiem/.Renviron (values hidden)
proxy creds loaded from /c/Users/saiem/.Renviron (values hidden)
proxy creds loaded from /c/Users/saiem/.Renviron (values hidden)
proxy creds loaded from /c/Users/saiem/.Renviron (values hidden)
proxy creds loaded from /c/Users/saiem/.Renviron (values hidden)
proxy creds loaded from /c/Users/saiem/.Renviron (values hidden)
log -> logs/capture_20260802_140250.log  (watch: tail -f logs/capture_20260802_140250.log)
log -> logs/capture_20260802_140250.log  (watch: tail -f logs/capture_20260802_140250.log)
proxy creds loaded from /c/Users/saiem/.Renviron (values hidden)
log -> logs/capture_20260802_140250.log  (watch: tail -f logs/capture_20260802_140250.log)
proxy creds loaded from /c/Users/saiem/.Renviron (values hidden)
log -> logs/capture_20260802_140250.log  (watch: tail -f logs/capture_20260802_140250.log)
log -> logs/capture_20260802_140250.log  (watch: tail -f logs/capture_20260802_140250.log)
log -> logs/capture_20260802_140250.log  (watch: tail -f logs/capture_20260802_140250.log)
log -> logs/capture_20260802_140250.log  (watch: tail -f logs/capture_20260802_140250.log)
proxy creds loaded from /c/Users/saiem/.Renviron (values hidden)
log -> logs/capture_20260802_140250.log  (watch: tail -f logs/capture_20260802_140250.log)
proxy creds loaded from /c/Users/saiem/.Renviron (values hidden)
proxy creds loaded from /c/Users/saiem/.Renviron (values hidden)
proxy creds loaded from /c/Users/saiem/.Renviron (values hidden)
log -> logs/capture_20260802_140250.log  (watch: tail -f logs/capture_20260802_140250.log)
proxy creds loaded from /c/Users/saiem/.Renviron (values hidden)
proxy creds loaded from /c/Users/saiem/.Renviron (values hidden)
log -> logs/capture_20260802_140250.log  (watch: tail -f logs/capture_20260802_140250.log)
log -> logs/capture_20260802_140250.log  (watch: tail -f logs/capture_20260802_140250.log)
log -> logs/capture_20260802_140250.log  (watch: tail -f logs/capture_20260802_140250.log)
proxy creds loaded from /c/Users/saiem/.Renviron (values hidden)
proxy creds loaded from /c/Users/saiem/.Renviron (values hidden)
log -> logs/capture_20260802_140250.log  (watch: tail -f logs/capture_20260802_140250.log)
proxy creds loaded from /c/Users/saiem/.Renviron (values hidden)
proxy creds loaded from /c/Users/saiem/.Renviron (values hidden)
proxy creds loaded from /c/Users/saiem/.Renviron (values hidden)
log -> logs/capture_20260802_140250.log  (watch: tail -f logs/capture_20260802_140250.log)
log -> logs/capture_20260802_140250.log  (watch: tail -f logs/capture_20260802_140250.log)
proxy creds loaded from /c/Users/saiem/.Renviron (values hidden)
log -> logs/capture_20260802_140250.log  (watch: tail -f logs/capture_20260802_140250.log)
proxy creds loaded from /c/Users/saiem/.Renviron (values hidden)
log -> logs/capture_20260802_140250.log  (watch: tail -f logs/capture_20260802_140250.log)
log -> logs/capture_20260802_140250.log  (watch: tail -f logs/capture_20260802_140250.log)
log -> logs/capture_20260802_140250.log  (watch: tail -f logs/capture_20260802_140250.log)
proxy creds loaded from /c/Users/saiem/.Renviron (values hidden)
log -> logs/capture_20260802_140250.log  (watch: tail -f logs/capture_20260802_140250.log)
proxy creds loaded from /c/Users/saiem/.Renviron (values hidden)
log -> logs/capture_20260802_140250.log  (watch: tail -f logs/capture_20260802_140250.log)
log -> logs/capture_20260802_140250.log  (watch: tail -f logs/capture_20260802_140250.log)
log -> logs/capture_20260802_140250.log  (watch: tail -f logs/capture_20260802_140250.log)
log -> logs/capture_20260802_140250.log  (watch: tail -f logs/capture_20260802_140250.log)
pending=5972 shard=1/24 assigned=249
transport: canary vendor 'decodo_patchright'
pending=5972 shard=6/24 assigned=249
transport: canary vendor 'decodo_patchright'
pending=5972 shard=8/24 assigned=249
transport: canary vendor 'decodo_patchright'
pending=5972 shard=0/24 assigned=249
transport: canary vendor 'decodo_patchright'
pending=5972 shard=5/24 assigned=249
transport: canary vendor 'decodo_patchright'
pending=5972 shard=4/24 assigned=249
transport: canary vendor 'decodo_patchright'
pending=5972 shard=7/24 assigned=249
transport: canary vendor 'decodo_patchright'
pending=5972 shard=2/24 assigned=249
transport: canary vendor 'decodo_patchright'
pending=5972 shard=3/24 assigned=249
transport: canary vendor 'decodo_patchright'
pending=5972 shard=10/24 assigned=249
transport: canary vendor 'decodo_patchright'
pending=5972 shard=12/24 assigned=249
transport: canary vendor 'decodo_patchright'
pending=5972 shard=17/24 assigned=249
transport: canary vendor 'decodo_patchright'
pending=5972 shard=15/24 assigned=249
transport: canary vendor 'decodo_patchright'
pending=5972 shard=13/24 assigned=249
transport: canary vendor 'decodo_patchright'
pending=5972 shard=14/24 assigned=249
transport: canary vendor 'decodo_patchright'
pending=5972 shard=21/24 assigned=248
transport: canary vendor 'decodo_patchright'
pending=5972 shard=11/24 assigned=249
transport: canary vendor 'decodo_patchright'
pending=5972 shard=20/24 assigned=248
pending=5972 shard=18/24 assigned=249
transport: canary vendor 'decodo_patchright'
transport: canary vendor 'decodo_patchright'
pending=5972 shard=16/24 assigned=249
transport: canary vendor 'decodo_patchright'
pending=5972 shard=9/24 assigned=249
transport: canary vendor 'decodo_patchright'
pending=5972 shard=23/24 assigned=248
transport: canary vendor 'decodo_patchright'
pending=5972 shard=19/24 assigned=249
transport: canary vendor 'decodo_patchright'
pending=5972 shard=22/24 assigned=248
transport: canary vendor 'decodo_patchright'
2026-08-02 14:02:56,003 INFO vendor decodo_patchright: 50 prox(y/ies), sticky session re-minted -> session-cap1785693776w5
2026-08-02 14:02:56,307 INFO vendor decodo_patchright: 50 prox(y/ies), sticky session re-minted -> session-cap1785693776w10
2026-08-02 14:02:56,684 INFO vendor decodo_patchright: 50 prox(y/ies), sticky session re-minted -> session-cap1785693776w3
2026-08-02 14:02:57,143 INFO vendor decodo_patchright: 50 prox(y/ies), sticky session re-minted -> session-cap1785693777w0
2026-08-02 14:02:57,473 INFO vendor decodo_patchright: 50 prox(y/ies), sticky session re-minted -> session-cap1785693777w11
2026-08-02 14:02:57,818 INFO vendor decodo_patchright: 50 prox(y/ies), sticky session re-minted -> session-cap1785693777w13
2026-08-02 14:02:57,848 INFO vendor decodo_patchright: 50 prox(y/ies), sticky session re-minted -> session-cap1785693777w4
2026-08-02 14:02:57,848 INFO vendor decodo_patchright: 50 prox(y/ies), sticky session re-minted -> session-cap1785693777w15
2026-08-02 14:02:57,831 INFO vendor decodo_patchright: 50 prox(y/ies), sticky session re-minted -> session-cap1785693777w16
2026-08-02 14:02:57,889 INFO vendor decodo_patchright: 50 prox(y/ies), sticky session re-minted -> session-cap1785693777w12
2026-08-02 14:02:58,531 INFO vendor decodo_patchright: 50 prox(y/ies), sticky session re-minted -> session-cap1785693778w14
2026-08-02 14:02:59,148 INFO vendor decodo_patchright: 50 prox(y/ies), sticky session re-minted -> session-cap1785693779w21
2026-08-02 14:02:59,199 INFO vendor decodo_patchright: 50 prox(y/ies), sticky session re-minted -> session-cap1785693779w23
2026-08-02 14:02:59,196 INFO vendor decodo_patchright: 50 prox(y/ies), sticky session re-minted -> session-cap1785693779w6
2026-08-02 14:02:59,213 INFO vendor decodo_patchright: 50 prox(y/ies), sticky session re-minted -> session-cap1785693779w7
2026-08-02 14:02:59,357 INFO vendor decodo_patchright: 50 prox(y/ies), sticky session re-minted -> session-cap1785693779w18
2026-08-02 14:02:59,592 INFO vendor decodo_patchright: 50 prox(y/ies), sticky session re-minted -> session-cap1785693779w19
2026-08-02 14:02:59,614 INFO vendor decodo_patchright: 50 prox(y/ies), sticky session re-minted -> session-cap1785693779w20
2026-08-02 14:02:59,701 INFO vendor decodo_patchright: 50 prox(y/ies), sticky session re-minted -> session-cap1785693779w17
2026-08-02 14:02:59,770 INFO vendor decodo_patchright: 50 prox(y/ies), sticky session re-minted -> session-cap1785693779w8
2026-08-02 14:02:59,785 INFO vendor decodo_patchright: 50 prox(y/ies), sticky session re-minted -> session-cap1785693779w2
2026-08-02 14:02:59,901 INFO vendor decodo_patchright: 50 prox(y/ies), sticky session re-minted -> session-cap1785693779w1
2026-08-02 14:02:59,889 INFO vendor decodo_patchright: 50 prox(y/ies), sticky session re-minted -> session-cap1785693779w9
2026-08-02 14:03:00,176 INFO vendor decodo_patchright: 50 prox(y/ies), sticky session re-minted -> session-cap1785693780w22
2026-08-02 14:40:24,500 ERROR BAN-SUSPECT: hard-stopping capture at contest_id=186306: NCAA fetch failed after rotating proxies: https://stats.ncaa.org/contests/186306/play_by_play: patchright: bm-verify not passed after 3 attempts (643-byte body)
BAN-SUSPECT: capture halted at contest_id=186306: NCAA fetch failed after rotating proxies: https://stats.ncaa.org/contests/186306/play_by_play: patchright: bm-verify not passed after 3 attempts (643-byte body)
EXIT=1
2026-08-02 14:54:27,695 WARNING challenge not cleared for contest_id=191814 -- bundle not written
captured=125 skipped=123 failed=0
EXIT=0
captured=127 skipped=121 failed=0
EXIT=0
captured=125 skipped=124 failed=0
EXIT=0
captured=124 skipped=125 failed=0
EXIT=0
captured=126 skipped=123 failed=0
EXIT=0
captured=127 skipped=122 failed=0
EXIT=0
captured=126 skipped=123 failed=0
EXIT=0
captured=125 skipped=123 failed=0
EXIT=0
captured=128 skipped=121 failed=0
EXIT=0
captured=129 skipped=120 failed=0
EXIT=0
captured=126 skipped=123 failed=0
EXIT=0
captured=128 skipped=121 failed=0
EXIT=0
captured=126 skipped=123 failed=0
EXIT=0
captured=127 skipped=122 failed=0
EXIT=0
captured=126 skipped=122 failed=0
captured=126 skipped=123 failed=0
EXIT=0
EXIT=0
captured=130 skipped=119 failed=0
EXIT=0
captured=127 skipped=122 failed=0
EXIT=0
captured=131 skipped=118 failed=0
EXIT=0
captured=125 skipped=123 failed=1
EXIT=0
captured=127 skipped=122 failed=0
EXIT=0
captured=133 skipped=116 failed=0
EXIT=0
captured=127 skipped=122 failed=0
EXIT=0
[15:12:23] capture stopped (rc=1) -- a ban/soft-ban hard-stop or Ctrl-C (see the capture log).
[15:12:23]   This is RESUMABLE: cool down (a ban clears in minutes-hours), then re-run this
[15:12:23]   script -- already-captured contests are skipped.
[15:12:23] === parse captured bundles -> mbb/json/ ===
log -> logs/parse_20260802_151223.log  (watch: tail -f logs/parse_20260802_151223.log)
2026-08-02 15:18:52,146 INFO ncaa_identity: contest_id=192812 teams 2311/2311 matched, players 5571/6548 matched
2026-08-02 15:18:58,158 INFO ncaa_identity: contest_id=192891 teams 2282/2282 matched, players 6032/6423 matched
parsed=244 failed=0
EXIT=0
[15:19:14] DONE: captured_bundles=58985 parsed_json=58985 (capture rc=1)
[15:19:14] capture INCOMPLETE (rc=1) -- re-run this script to continue before building.
EXIT=1
[2026-08-02 15:19:15] season 2017: chunk 1 hard-stopped (rc=1), 105 remaining -- cooling 1800s
[15:49:16] NCAA MBB backfill: season=2017 workers=24
[15:49:16] watch this run:  tail -f /c/Users/saiem/Documents/GitHub-Data/sdv-dev/hoopR-dev/ncaa-mbb-hoops-raw/logs/backfill_2017_20260802_154916.log
[15:49:17] === skip discover (season 2017 already in schedule_master; delete mbb/schedule_master.parquet to force) ===
[15:49:17] === capture 2017: 24 worker(s), chunk=400 new bundles per worker ===
proxy creds loaded from /c/Users/saiem/.Renviron (values hidden)
proxy creds loaded from /c/Users/saiem/.Renviron (values hidden)
proxy creds loaded from /c/Users/saiem/.Renviron (values hidden)
proxy creds loaded from /c/Users/saiem/.Renviron (values hidden)
log -> logs/capture_20260802_154918.log  (watch: tail -f logs/capture_20260802_154918.log)
log -> logs/capture_20260802_154918.log  (watch: tail -f logs/capture_20260802_154918.log)
proxy creds loaded from /c/Users/saiem/.Renviron (values hidden)
log -> logs/capture_20260802_154918.log  (watch: tail -f logs/capture_20260802_154918.log)
log -> logs/capture_20260802_154918.log  (watch: tail -f logs/capture_20260802_154918.log)
proxy creds loaded from /c/Users/saiem/.Renviron (values hidden)
proxy creds loaded from /c/Users/saiem/.Renviron (values hidden)
proxy creds loaded from /c/Users/saiem/.Renviron (values hidden)
proxy creds loaded from /c/Users/saiem/.Renviron (values hidden)
proxy creds loaded from /c/Users/saiem/.Renviron (values hidden)
log -> logs/capture_20260802_154918.log  (watch: tail -f logs/capture_20260802_154918.log)
log -> logs/capture_20260802_154918.log  (watch: tail -f logs/capture_20260802_154918.log)
proxy creds loaded from /c/Users/saiem/.Renviron (values hidden)
proxy creds loaded from /c/Users/saiem/.Renviron (values hidden)
log -> logs/capture_20260802_154918.log  (watch: tail -f logs/capture_20260802_154918.log)
proxy creds loaded from /c/Users/saiem/.Renviron (values hidden)
log -> logs/capture_20260802_154918.log  (watch: tail -f logs/capture_20260802_154918.log)
log -> logs/capture_20260802_154918.log  (watch: tail -f logs/capture_20260802_154918.log)
proxy creds loaded from /c/Users/saiem/.Renviron (values hidden)
proxy creds loaded from /c/Users/saiem/.Renviron (values hidden)
proxy creds loaded from /c/Users/saiem/.Renviron (values hidden)
log -> logs/capture_20260802_154918.log  (watch: tail -f logs/capture_20260802_154918.log)
proxy creds loaded from /c/Users/saiem/.Renviron (values hidden)
log -> logs/capture_20260802_154918.log  (watch: tail -f logs/capture_20260802_154918.log)
proxy creds loaded from /c/Users/saiem/.Renviron (values hidden)
proxy creds loaded from /c/Users/saiem/.Renviron (values hidden)
log -> logs/capture_20260802_154918.log  (watch: tail -f logs/capture_20260802_154918.log)
log -> logs/capture_20260802_154918.log  (watch: tail -f logs/capture_20260802_154918.log)
log -> logs/capture_20260802_154918.log  (watch: tail -f logs/capture_20260802_154918.log)
log -> logs/capture_20260802_154918.log  (watch: tail -f logs/capture_20260802_154918.log)
log -> logs/capture_20260802_154918.log  (watch: tail -f logs/capture_20260802_154918.log)
proxy creds loaded from /c/Users/saiem/.Renviron (values hidden)
log -> logs/capture_20260802_154918.log  (watch: tail -f logs/capture_20260802_154918.log)
log -> logs/capture_20260802_154918.log  (watch: tail -f logs/capture_20260802_154918.log)
proxy creds loaded from /c/Users/saiem/.Renviron (values hidden)
proxy creds loaded from /c/Users/saiem/.Renviron (values hidden)
log -> logs/capture_20260802_154918.log  (watch: tail -f logs/capture_20260802_154918.log)
pending=5972 shard=0/24 assigned=249
transport: canary vendor 'decodo_patchright'
log -> logs/capture_20260802_154918.log  (watch: tail -f logs/capture_20260802_154918.log)
proxy creds loaded from /c/Users/saiem/.Renviron (values hidden)
log -> logs/capture_20260802_154918.log  (watch: tail -f logs/capture_20260802_154918.log)
log -> logs/capture_20260802_154918.log  (watch: tail -f logs/capture_20260802_154918.log)
proxy creds loaded from /c/Users/saiem/.Renviron (values hidden)
log -> logs/capture_20260802_154918.log  (watch: tail -f logs/capture_20260802_154918.log)
pending=5972 shard=6/24 assigned=249
transport: canary vendor 'decodo_patchright'
log -> logs/capture_20260802_154918.log  (watch: tail -f logs/capture_20260802_154918.log)
pending=5972 shard=2/24 assigned=249
transport: canary vendor 'decodo_patchright'
pending=5972 shard=21/24 assigned=248
transport: canary vendor 'decodo_patchright'
pending=5972 shard=9/24 assigned=249
transport: canary vendor 'decodo_patchright'
pending=5972 shard=4/24 assigned=249
transport: canary vendor 'decodo_patchright'
pending=5972 shard=15/24 assigned=249
transport: canary vendor 'decodo_patchright'
pending=5972 shard=3/24 assigned=249
transport: canary vendor 'decodo_patchright'
pending=5972 shard=13/24 assigned=249
transport: canary vendor 'decodo_patchright'
pending=5972 shard=16/24 assigned=249
transport: canary vendor 'decodo_patchright'
pending=5972 shard=5/24 assigned=249
transport: canary vendor 'decodo_patchright'
pending=5972 shard=7/24 assigned=249
transport: canary vendor 'decodo_patchright'
pending=5972 shard=14/24 assigned=249
transport: canary vendor 'decodo_patchright'
pending=5972 shard=1/24 assigned=249
transport: canary vendor 'decodo_patchright'
pending=5972 shard=23/24 assigned=248
transport: canary vendor 'decodo_patchright'
pending=5972 shard=22/24 assigned=248
transport: canary vendor 'decodo_patchright'
pending=5972 shard=11/24 assigned=249
transport: canary vendor 'decodo_patchright'
pending=5972 shard=12/24 assigned=249
transport: canary vendor 'decodo_patchright'
pending=5972 shard=10/24 assigned=249
transport: canary vendor 'decodo_patchright'
pending=5972 shard=17/24 assigned=249
transport: canary vendor 'decodo_patchright'
pending=5972 shard=18/24 assigned=249
transport: canary vendor 'decodo_patchright'
pending=5972 shard=20/24 assigned=248
transport: canary vendor 'decodo_patchright'
pending=5972 shard=19/24 assigned=249
transport: canary vendor 'decodo_patchright'
pending=5972 shard=8/24 assigned=249
transport: canary vendor 'decodo_patchright'
2026-08-02 15:49:24,267 INFO vendor decodo_patchright: 50 prox(y/ies), sticky session re-minted -> session-cap1785700164w6
captured=0 skipped=249 failed=0
2026-08-02 15:49:25,690 INFO vendor decodo_patchright: 50 prox(y/ies), sticky session re-minted -> session-cap1785700165w0
captured=0 skipped=249 failed=0
EXIT=0
2026-08-02 15:49:26,641 INFO vendor decodo_patchright: 50 prox(y/ies), sticky session re-minted -> session-cap1785700166w4
captured=0 skipped=249 failed=0
2026-08-02 15:49:27,232 INFO vendor decodo_patchright: 50 prox(y/ies), sticky session re-minted -> session-cap1785700167w11
captured=0 skipped=249 failed=0
2026-08-02 15:49:27,324 INFO vendor decodo_patchright: 50 prox(y/ies), sticky session re-minted -> session-cap1785700167w21
captured=0 skipped=248 failed=0
EXIT=0
2026-08-02 15:49:28,167 INFO vendor decodo_patchright: 50 prox(y/ies), sticky session re-minted -> session-cap1785700168w23
captured=0 skipped=248 failed=0
2026-08-02 15:49:28,223 INFO vendor decodo_patchright: 50 prox(y/ies), sticky session re-minted -> session-cap1785700168w3
captured=0 skipped=249 failed=0
2026-08-02 15:49:28,350 INFO vendor decodo_patchright: 50 prox(y/ies), sticky session re-minted -> session-cap1785700168w13
captured=0 skipped=249 failed=0
2026-08-02 15:49:28,339 INFO vendor decodo_patchright: 50 prox(y/ies), sticky session re-minted -> session-cap1785700168w1
EXIT=0
captured=0 skipped=249 failed=0
2026-08-02 15:49:28,389 INFO vendor decodo_patchright: 50 prox(y/ies), sticky session re-minted -> session-cap1785700168w5
2026-08-02 15:49:28,464 INFO vendor decodo_patchright: 50 prox(y/ies), sticky session re-minted -> session-cap1785700168w18
captured=0 skipped=249 failed=0
EXIT=0
EXIT=0
2026-08-02 15:49:29,751 INFO vendor decodo_patchright: 50 prox(y/ies), sticky session re-minted -> session-cap1785700169w9
2026-08-02 15:49:29,822 INFO vendor decodo_patchright: 50 prox(y/ies), sticky session re-minted -> session-cap1785700169w22
captured=0 skipped=249 failed=0
2026-08-02 15:49:29,854 INFO vendor decodo_patchright: 50 prox(y/ies), sticky session re-minted -> session-cap1785700169w7
captured=0 skipped=249 failed=0
captured=0 skipped=248 failed=0
2026-08-02 15:49:29,881 INFO vendor decodo_patchright: 50 prox(y/ies), sticky session re-minted -> session-cap1785700169w15
2026-08-02 15:49:29,891 INFO vendor decodo_patchright: 50 prox(y/ies), sticky session re-minted -> session-cap1785700169w8
captured=0 skipped=249 failed=0
2026-08-02 15:49:30,004 INFO vendor decodo_patchright: 50 prox(y/ies), sticky session re-minted -> session-cap1785700170w2
captured=0 skipped=249 failed=0
2026-08-02 15:49:30,071 INFO vendor decodo_patchright: 50 prox(y/ies), sticky session re-minted -> session-cap1785700170w12
captured=0 skipped=249 failed=0
2026-08-02 15:49:30,638 INFO vendor decodo_patchright: 50 prox(y/ies), sticky session re-minted -> session-cap1785700170w14
captured=0 skipped=249 failed=0
EXIT=0
EXIT=0
2026-08-02 15:49:30,750 INFO vendor decodo_patchright: 50 prox(y/ies), sticky session re-minted -> session-cap1785700170w10
captured=0 skipped=249 failed=0
EXIT=0
EXIT=0
EXIT=0
2026-08-02 15:49:30,879 INFO vendor decodo_patchright: 50 prox(y/ies), sticky session re-minted -> session-cap1785700170w20
captured=0 skipped=248 failed=0
EXIT=0
EXIT=0
2026-08-02 15:49:30,948 INFO vendor decodo_patchright: 50 prox(y/ies), sticky session re-minted -> session-cap1785700170w19
captured=0 skipped=249 failed=0
2026-08-02 15:49:31,000 INFO vendor decodo_patchright: 50 prox(y/ies), sticky session re-minted -> session-cap1785700171w17
captured=0 skipped=249 failed=0
EXIT=0
2026-08-02 15:49:31,051 INFO vendor decodo_patchright: 50 prox(y/ies), sticky session re-minted -> session-cap1785700171w16
EXIT=0
captured=0 skipped=249 failed=0
EXIT=0
EXIT=0
EXIT=0
EXIT=0
EXIT=0
EXIT=0
EXIT=0
EXIT=0
2026-08-02 15:50:01,852 WARNING challenge not cleared for contest_id=191814 -- bundle not written
captured=0 skipped=248 failed=1
EXIT=0
2026-08-02 16:16:45,574 ERROR BAN-SUSPECT: hard-stopping capture at contest_id=186306: NCAA fetch failed after rotating proxies: https://stats.ncaa.org/contests/186306/play_by_play: patchright: bm-verify not passed after 3 attempts (643-byte body)
BAN-SUSPECT: capture halted at contest_id=186306: NCAA fetch failed after rotating proxies: https://stats.ncaa.org/contests/186306/play_by_play: patchright: bm-verify not passed after 3 attempts (643-byte body)
EXIT=1
[16:16:46] capture stopped (rc=1) -- a ban/soft-ban hard-stop or Ctrl-C (see the capture log).
[16:16:46]   This is RESUMABLE: cool down (a ban clears in minutes-hours), then re-run this
[16:16:46]   script -- already-captured contests are skipped.
[16:16:46] === parse captured bundles -> mbb/json/ ===
log -> logs/parse_20260802_161646.log  (watch: tail -f logs/parse_20260802_161646.log)
bundles=58985 pending=0 shard=23/24 assigned=0
parsed=0 failed=0
EXIT=0
[16:17:10] DONE: captured_bundles=58985 parsed_json=58985 (capture rc=1)
[16:17:10] capture INCOMPLETE (rc=1) -- re-run this script to continue before building.
EXIT=1
[2026-08-02 16:17:10] season 2017: chunk 2 hard-stopped (rc=1), 105 remaining -- cooling 1800s
[16:47:11] NCAA MBB backfill: season=2017 workers=24
[16:47:11] watch this run:  tail -f /c/Users/saiem/Documents/GitHub-Data/sdv-dev/hoopR-dev/ncaa-mbb-hoops-raw/logs/backfill_2017_20260802_164711.log
[16:47:12] === skip discover (season 2017 already in schedule_master; delete mbb/schedule_master.parquet to force) ===
[16:47:12] === capture 2017: 24 worker(s), chunk=400 new bundles per worker ===
proxy creds loaded from /c/Users/saiem/.Renviron (values hidden)
proxy creds loaded from /c/Users/saiem/.Renviron (values hidden)
proxy creds loaded from /c/Users/saiem/.Renviron (values hidden)
proxy creds loaded from /c/Users/saiem/.Renviron (values hidden)
log -> logs/capture_20260802_164712.log  (watch: tail -f logs/capture_20260802_164712.log)
log -> logs/capture_20260802_164713.log  (watch: tail -f logs/capture_20260802_164713.log)
log -> logs/capture_20260802_164713.log  (watch: tail -f logs/capture_20260802_164713.log)
log -> logs/capture_20260802_164713.log  (watch: tail -f logs/capture_20260802_164713.log)
proxy creds loaded from /c/Users/saiem/.Renviron (values hidden)
proxy creds loaded from /c/Users/saiem/.Renviron (values hidden)
proxy creds loaded from /c/Users/saiem/.Renviron (values hidden)
proxy creds loaded from /c/Users/saiem/.Renviron (values hidden)
proxy creds loaded from /c/Users/saiem/.Renviron (values hidden)
proxy creds loaded from /c/Users/saiem/.Renviron (values hidden)
proxy creds loaded from /c/Users/saiem/.Renviron (values hidden)
log -> logs/capture_20260802_164713.log  (watch: tail -f logs/capture_20260802_164713.log)
log -> logs/capture_20260802_164713.log  (watch: tail -f logs/capture_20260802_164713.log)
log -> logs/capture_20260802_164713.log  (watch: tail -f logs/capture_20260802_164713.log)
proxy creds loaded from /c/Users/saiem/.Renviron (values hidden)
log -> logs/capture_20260802_164713.log  (watch: tail -f logs/capture_20260802_164713.log)
log -> logs/capture_20260802_164713.log  (watch: tail -f logs/capture_20260802_164713.log)
proxy creds loaded from /c/Users/saiem/.Renviron (values hidden)
log -> logs/capture_20260802_164713.log  (watch: tail -f logs/capture_20260802_164713.log)
log -> logs/capture_20260802_164713.log  (watch: tail -f logs/capture_20260802_164713.log)
proxy creds loaded from /c/Users/saiem/.Renviron (values hidden)
proxy creds loaded from /c/Users/saiem/.Renviron (values hidden)
proxy creds loaded from /c/Users/saiem/.Renviron (values hidden)
proxy creds loaded from /c/Users/saiem/.Renviron (values hidden)
log -> logs/capture_20260802_164713.log  (watch: tail -f logs/capture_20260802_164713.log)
proxy creds loaded from /c/Users/saiem/.Renviron (values hidden)
log -> logs/capture_20260802_164713.log  (watch: tail -f logs/capture_20260802_164713.log)
log -> logs/capture_20260802_164713.log  (watch: tail -f logs/capture_20260802_164713.log)
log -> logs/capture_20260802_164713.log  (watch: tail -f logs/capture_20260802_164713.log)
proxy creds loaded from /c/Users/saiem/.Renviron (values hidden)
log -> logs/capture_20260802_164713.log  (watch: tail -f logs/capture_20260802_164713.log)
log -> logs/capture_20260802_164713.log  (watch: tail -f logs/capture_20260802_164713.log)
proxy creds loaded from /c/Users/saiem/.Renviron (values hidden)
proxy creds loaded from /c/Users/saiem/.Renviron (values hidden)
log -> logs/capture_20260802_164713.log  (watch: tail -f logs/capture_20260802_164713.log)
proxy creds loaded from /c/Users/saiem/.Renviron (values hidden)
proxy creds loaded from /c/Users/saiem/.Renviron (values hidden)
log -> logs/capture_20260802_164713.log  (watch: tail -f logs/capture_20260802_164713.log)
log -> logs/capture_20260802_164713.log  (watch: tail -f logs/capture_20260802_164713.log)
log -> logs/capture_20260802_164713.log  (watch: tail -f logs/capture_20260802_164713.log)
proxy creds loaded from /c/Users/saiem/.Renviron (values hidden)
log -> logs/capture_20260802_164713.log  (watch: tail -f logs/capture_20260802_164713.log)
log -> logs/capture_20260802_164713.log  (watch: tail -f logs/capture_20260802_164713.log)
log -> logs/capture_20260802_164713.log  (watch: tail -f logs/capture_20260802_164713.log)
pending=5972 shard=1/24 assigned=249
transport: canary vendor 'decodo_patchright'
pending=5972 shard=0/24 assigned=249
transport: canary vendor 'decodo_patchright'
pending=5972 shard=4/24 assigned=249
transport: canary vendor 'decodo_patchright'
pending=5972 shard=2/24 assigned=249
transport: canary vendor 'decodo_patchright'
pending=5972 shard=10/24 assigned=249
transport: canary vendor 'decodo_patchright'
pending=5972 shard=5/24 assigned=249
transport: canary vendor 'decodo_patchright'
pending=5972 shard=3/24 assigned=249
transport: canary vendor 'decodo_patchright'
pending=5972 shard=6/24 assigned=249
transport: canary vendor 'decodo_patchright'
pending=5972 shard=7/24 assigned=249
transport: canary vendor 'decodo_patchright'
pending=5972 shard=9/24 assigned=249
transport: canary vendor 'decodo_patchright'
pending=5972 shard=15/24 assigned=249
transport: canary vendor 'decodo_patchright'
pending=5972 shard=8/24 assigned=249
transport: canary vendor 'decodo_patchright'
pending=5972 shard=14/24 assigned=249
transport: canary vendor 'decodo_patchright'
pending=5972 shard=19/24 assigned=249
transport: canary vendor 'decodo_patchright'
pending=5972 shard=16/24 assigned=249
transport: canary vendor 'decodo_patchright'
pending=5972 shard=17/24 assigned=249
transport: canary vendor 'decodo_patchright'
pending=5972 shard=22/24 assigned=248
transport: canary vendor 'decodo_patchright'
pending=5972 shard=23/24 assigned=248
transport: canary vendor 'decodo_patchright'
pending=5972 shard=11/24 assigned=249
transport: canary vendor 'decodo_patchright'
pending=5972 shard=20/24 assigned=248
transport: canary vendor 'decodo_patchright'
pending=5972 shard=21/24 assigned=248
transport: canary vendor 'decodo_patchright'
pending=5972 shard=18/24 assigned=249
transport: canary vendor 'decodo_patchright'
pending=5972 shard=13/24 assigned=249
transport: canary vendor 'decodo_patchright'
pending=5972 shard=12/24 assigned=249
transport: canary vendor 'decodo_patchright'
2026-08-02 16:47:20,065 INFO vendor decodo_patchright: 50 prox(y/ies), sticky session re-minted -> session-cap1785703640w8
captured=0 skipped=249 failed=0
2026-08-02 16:47:20,424 INFO vendor decodo_patchright: 50 prox(y/ies), sticky session re-minted -> session-cap1785703640w0
captured=0 skipped=249 failed=0
2026-08-02 16:47:20,667 INFO vendor decodo_patchright: 50 prox(y/ies), sticky session re-minted -> session-cap1785703640w10
captured=0 skipped=249 failed=0
2026-08-02 16:47:20,692 INFO vendor decodo_patchright: 50 prox(y/ies), sticky session re-minted -> session-cap1785703640w7
2026-08-02 16:47:20,673 INFO vendor decodo_patchright: 50 prox(y/ies), sticky session re-minted -> session-cap1785703640w1
captured=0 skipped=249 failed=0
captured=0 skipped=249 failed=0
2026-08-02 16:47:20,761 INFO vendor decodo_patchright: 50 prox(y/ies), sticky session re-minted -> session-cap1785703640w4
captured=0 skipped=249 failed=0
2026-08-02 16:47:20,879 INFO vendor decodo_patchright: 50 prox(y/ies), sticky session re-minted -> session-cap1785703640w5
2026-08-02 16:47:20,924 INFO vendor decodo_patchright: 50 prox(y/ies), sticky session re-minted -> session-cap1785703640w9
captured=0 skipped=249 failed=0
2026-08-02 16:47:21,059 INFO vendor decodo_patchright: 50 prox(y/ies), sticky session re-minted -> session-cap1785703641w3
captured=0 skipped=249 failed=0
2026-08-02 16:47:21,468 INFO vendor decodo_patchright: 50 prox(y/ies), sticky session re-minted -> session-cap1785703641w2
captured=0 skipped=249 failed=0
2026-08-02 16:47:21,554 INFO vendor decodo_patchright: 50 prox(y/ies), sticky session re-minted -> session-cap1785703641w19
captured=0 skipped=249 failed=0
2026-08-02 16:47:21,696 INFO vendor decodo_patchright: 50 prox(y/ies), sticky session re-minted -> session-cap1785703641w23
captured=0 skipped=248 failed=0
EXIT=0
2026-08-02 16:47:22,303 INFO vendor decodo_patchright: 50 prox(y/ies), sticky session re-minted -> session-cap1785703642w14
captured=0 skipped=249 failed=0
EXIT=0
EXIT=0
EXIT=0
EXIT=0
2026-08-02 16:47:22,620 INFO vendor decodo_patchright: 50 prox(y/ies), sticky session re-minted -> session-cap1785703642w6
captured=0 skipped=249 failed=0
EXIT=0
2026-08-02 16:47:22,909 INFO vendor decodo_patchright: 50 prox(y/ies), sticky session re-minted -> session-cap1785703642w15
2026-08-02 16:47:23,002 INFO vendor decodo_patchright: 50 prox(y/ies), sticky session re-minted -> session-cap1785703643w13
captured=0 skipped=249 failed=0
2026-08-02 16:47:23,353 INFO vendor decodo_patchright: 50 prox(y/ies), sticky session re-minted -> session-cap1785703643w21
captured=0 skipped=248 failed=0
EXIT=0
EXIT=0
2026-08-02 16:47:23,419 INFO vendor decodo_patchright: 50 prox(y/ies), sticky session re-minted -> session-cap1785703643w11
captured=0 skipped=249 failed=0
EXIT=0
2026-08-02 16:47:23,471 INFO vendor decodo_patchright: 50 prox(y/ies), sticky session re-minted -> session-cap1785703643w17
captured=0 skipped=249 failed=0
EXIT=0
2026-08-02 16:47:23,581 INFO vendor decodo_patchright: 50 prox(y/ies), sticky session re-minted -> session-cap1785703643w18
captured=0 skipped=249 failed=0
2026-08-02 16:47:23,632 INFO vendor decodo_patchright: 50 prox(y/ies), sticky session re-minted -> session-cap1785703643w20
captured=0 skipped=248 failed=0
EXIT=0
EXIT=0
2026-08-02 16:47:23,679 INFO vendor decodo_patchright: 50 prox(y/ies), sticky session re-minted -> session-cap1785703643w22
captured=0 skipped=248 failed=0
EXIT=0
2026-08-02 16:47:23,811 INFO vendor decodo_patchright: 50 prox(y/ies), sticky session re-minted -> session-cap1785703643w12
captured=0 skipped=249 failed=0
EXIT=0
2026-08-02 16:47:24,091 INFO vendor decodo_patchright: 50 prox(y/ies), sticky session re-minted -> session-cap1785703644w16
EXIT=0
captured=0 skipped=249 failed=0
EXIT=0
EXIT=0
EXIT=0
EXIT=0
EXIT=0
EXIT=0
EXIT=0
2026-08-02 16:47:58,390 WARNING challenge not cleared for contest_id=191814 -- bundle not written
captured=0 skipped=248 failed=1
EXIT=0
2026-08-02 17:13:54,114 ERROR BAN-SUSPECT: hard-stopping capture at contest_id=186306: NCAA fetch failed after rotating proxies: https://stats.ncaa.org/contests/186306/play_by_play: patchright: bm-verify not passed after 3 attempts (643-byte body)
BAN-SUSPECT: capture halted at contest_id=186306: NCAA fetch failed after rotating proxies: https://stats.ncaa.org/contests/186306/play_by_play: patchright: bm-verify not passed after 3 attempts (643-byte body)
EXIT=1
[17:13:54] capture stopped (rc=1) -- a ban/soft-ban hard-stop or Ctrl-C (see the capture log).
[17:13:54]   This is RESUMABLE: cool down (a ban clears in minutes-hours), then re-run this
[17:13:54]   script -- already-captured contests are skipped.
[17:13:54] === parse captured bundles -> mbb/json/ ===
log -> logs/parse_20260802_171355.log  (watch: tail -f logs/parse_20260802_171355.log)
bundles=58985 pending=0 shard=18/24 assigned=0
parsed=0 failed=0
EXIT=0
[17:14:16] DONE: captured_bundles=58985 parsed_json=58985 (capture rc=1)
[17:14:16] capture INCOMPLETE (rc=1) -- re-run this script to continue before building.
EXIT=1
[2026-08-02 17:14:17] season 2017: chunk 3 hard-stopped (rc=1), 105 remaining -- cooling 1800s
[17:44:17] NCAA MBB backfill: season=2017 workers=24
[17:44:17] watch this run:  tail -f /c/Users/saiem/Documents/GitHub-Data/sdv-dev/hoopR-dev/ncaa-mbb-hoops-raw/logs/backfill_2017_20260802_174417.log
[17:44:18] === skip discover (season 2017 already in schedule_master; delete mbb/schedule_master.parquet to force) ===
[17:44:18] === capture 2017: 24 worker(s), chunk=400 new bundles per worker ===
proxy creds loaded from /c/Users/saiem/.Renviron (values hidden)
proxy creds loaded from /c/Users/saiem/.Renviron (values hidden)
proxy creds loaded from /c/Users/saiem/.Renviron (values hidden)
proxy creds loaded from /c/Users/saiem/.Renviron (values hidden)
proxy creds loaded from /c/Users/saiem/.Renviron (values hidden)
log -> logs/capture_20260802_174419.log  (watch: tail -f logs/capture_20260802_174419.log)
log -> logs/capture_20260802_174419.log  (watch: tail -f logs/capture_20260802_174419.log)
log -> logs/capture_20260802_174419.log  (watch: tail -f logs/capture_20260802_174419.log)
proxy creds loaded from /c/Users/saiem/.Renviron (values hidden)
log -> logs/capture_20260802_174419.log  (watch: tail -f logs/capture_20260802_174419.log)
proxy creds loaded from /c/Users/saiem/.Renviron (values hidden)
proxy creds loaded from /c/Users/saiem/.Renviron (values hidden)
proxy creds loaded from /c/Users/saiem/.Renviron (values hidden)
proxy creds loaded from /c/Users/saiem/.Renviron (values hidden)
log -> logs/capture_20260802_174419.log  (watch: tail -f logs/capture_20260802_174419.log)
proxy creds loaded from /c/Users/saiem/.Renviron (values hidden)
proxy creds loaded from /c/Users/saiem/.Renviron (values hidden)
log -> logs/capture_20260802_174420.log  (watch: tail -f logs/capture_20260802_174420.log)
proxy creds loaded from /c/Users/saiem/.Renviron (values hidden)
proxy creds loaded from /c/Users/saiem/.Renviron (values hidden)
proxy creds loaded from /c/Users/saiem/.Renviron (values hidden)
log -> logs/capture_20260802_174420.log  (watch: tail -f logs/capture_20260802_174420.log)
proxy creds loaded from /c/Users/saiem/.Renviron (values hidden)
proxy creds loaded from /c/Users/saiem/.Renviron (values hidden)
proxy creds loaded from /c/Users/saiem/.Renviron (values hidden)
log -> logs/capture_20260802_174420.log  (watch: tail -f logs/capture_20260802_174420.log)
proxy creds loaded from /c/Users/saiem/.Renviron (values hidden)
log -> logs/capture_20260802_174420.log  (watch: tail -f logs/capture_20260802_174420.log)
proxy creds loaded from /c/Users/saiem/.Renviron (values hidden)
log -> logs/capture_20260802_174420.log  (watch: tail -f logs/capture_20260802_174420.log)
proxy creds loaded from /c/Users/saiem/.Renviron (values hidden)
log -> logs/capture_20260802_174420.log  (watch: tail -f logs/capture_20260802_174420.log)
proxy creds loaded from /c/Users/saiem/.Renviron (values hidden)
proxy creds loaded from /c/Users/saiem/.Renviron (values hidden)
log -> logs/capture_20260802_174420.log  (watch: tail -f logs/capture_20260802_174420.log)
log -> logs/capture_20260802_174420.log  (watch: tail -f logs/capture_20260802_174420.log)
log -> logs/capture_20260802_174420.log  (watch: tail -f logs/capture_20260802_174420.log)
log -> logs/capture_20260802_174420.log  (watch: tail -f logs/capture_20260802_174420.log)
log -> logs/capture_20260802_174420.log  (watch: tail -f logs/capture_20260802_174420.log)
log -> logs/capture_20260802_174420.log  (watch: tail -f logs/capture_20260802_174420.log)
log -> logs/capture_20260802_174420.log  (watch: tail -f logs/capture_20260802_174420.log)
log -> logs/capture_20260802_174420.log  (watch: tail -f logs/capture_20260802_174420.log)
log -> logs/capture_20260802_174420.log  (watch: tail -f logs/capture_20260802_174420.log)
log -> logs/capture_20260802_174420.log  (watch: tail -f logs/capture_20260802_174420.log)
proxy creds loaded from /c/Users/saiem/.Renviron (values hidden)
log -> logs/capture_20260802_174420.log  (watch: tail -f logs/capture_20260802_174420.log)
log -> logs/capture_20260802_174420.log  (watch: tail -f logs/capture_20260802_174420.log)
log -> logs/capture_20260802_174420.log  (watch: tail -f logs/capture_20260802_174420.log)
pending=5972 shard=3/24 assigned=249
transport: canary vendor 'decodo_patchright'
pending=5972 shard=2/24 assigned=249
transport: canary vendor 'decodo_patchright'
pending=5972 shard=15/24 assigned=249
transport: canary vendor 'decodo_patchright'
pending=5972 shard=20/24 assigned=248
transport: canary vendor 'decodo_patchright'
pending=5972 shard=0/24 assigned=249
transport: canary vendor 'decodo_patchright'
pending=5972 shard=18/24 assigned=249
transport: canary vendor 'decodo_patchright'
pending=5972 shard=5/24 assigned=249
transport: canary vendor 'decodo_patchright'
pending=5972 shard=1/24 assigned=249
transport: canary vendor 'decodo_patchright'
pending=5972 shard=4/24 assigned=249
transport: canary vendor 'decodo_patchright'
pending=5972 shard=9/24 assigned=249
transport: canary vendor 'decodo_patchright'
pending=5972 shard=23/24 assigned=248
transport: canary vendor 'decodo_patchright'
pending=5972 shard=10/24 assigned=249
transport: canary vendor 'decodo_patchright'
pending=5972 shard=7/24 assigned=249
transport: canary vendor 'decodo_patchright'
pending=5972 shard=19/24 assigned=249
transport: canary vendor 'decodo_patchright'
pending=5972 shard=8/24 assigned=249
transport: canary vendor 'decodo_patchright'
pending=5972 shard=21/24 assigned=248
transport: canary vendor 'decodo_patchright'
pending=5972 shard=12/24 assigned=249
transport: canary vendor 'decodo_patchright'
pending=5972 shard=6/24 assigned=249
transport: canary vendor 'decodo_patchright'
pending=5972 shard=13/24 assigned=249
transport: canary vendor 'decodo_patchright'
pending=5972 shard=14/24 assigned=249
transport: canary vendor 'decodo_patchright'
pending=5972 shard=22/24 assigned=248
transport: canary vendor 'decodo_patchright'
pending=5972 shard=11/24 assigned=249
transport: canary vendor 'decodo_patchright'
pending=5972 shard=17/24 assigned=249
transport: canary vendor 'decodo_patchright'
pending=5972 shard=16/24 assigned=249
transport: canary vendor 'decodo_patchright'
2026-08-02 17:44:28,015 INFO vendor decodo_patchright: 50 prox(y/ies), sticky session re-minted -> session-cap1785707068w12
captured=0 skipped=249 failed=0
2026-08-02 17:44:28,762 INFO vendor decodo_patchright: 50 prox(y/ies), sticky session re-minted -> session-cap1785707068w4
captured=0 skipped=249 failed=0
2026-08-02 17:44:29,561 INFO vendor decodo_patchright: 50 prox(y/ies), sticky session re-minted -> session-cap1785707069w15
2026-08-02 17:44:29,737 INFO vendor decodo_patchright: 50 prox(y/ies), sticky session re-minted -> session-cap1785707069w19
captured=0 skipped=249 failed=0
2026-08-02 17:44:30,068 INFO vendor decodo_patchright: 50 prox(y/ies), sticky session re-minted -> session-cap1785707070w22
captured=0 skipped=248 failed=0
EXIT=0
EXIT=0
2026-08-02 17:44:31,316 INFO vendor decodo_patchright: 50 prox(y/ies), sticky session re-minted -> session-cap1785707071w23
captured=0 skipped=248 failed=0
2026-08-02 17:44:31,393 INFO vendor decodo_patchright: 50 prox(y/ies), sticky session re-minted -> session-cap1785707071w18
captured=0 skipped=249 failed=0
2026-08-02 17:44:31,497 INFO vendor decodo_patchright: 50 prox(y/ies), sticky session re-minted -> session-cap1785707071w14
2026-08-02 17:44:31,580 INFO vendor decodo_patchright: 50 prox(y/ies), sticky session re-minted -> session-cap1785707071w2
captured=0 skipped=249 failed=0
captured=0 skipped=249 failed=0
2026-08-02 17:44:31,763 INFO vendor decodo_patchright: 50 prox(y/ies), sticky session re-minted -> session-cap1785707071w3
captured=0 skipped=249 failed=0
EXIT=0
EXIT=0
2026-08-02 17:44:33,169 INFO vendor decodo_patchright: 50 prox(y/ies), sticky session re-minted -> session-cap1785707073w0
captured=0 skipped=249 failed=0
2026-08-02 17:44:33,377 INFO vendor decodo_patchright: 50 prox(y/ies), sticky session re-minted -> session-cap1785707073w17
captured=0 skipped=249 failed=0
2026-08-02 17:44:33,458 INFO vendor decodo_patchright: 50 prox(y/ies), sticky session re-minted -> session-cap1785707073w6
captured=0 skipped=249 failed=0
EXIT=0
2026-08-02 17:44:33,632 INFO vendor decodo_patchright: 50 prox(y/ies), sticky session re-minted -> session-cap1785707073w5
2026-08-02 17:44:33,853 INFO vendor decodo_patchright: 50 prox(y/ies), sticky session re-minted -> session-cap1785707073w20
2026-08-02 17:44:33,852 INFO vendor decodo_patchright: 50 prox(y/ies), sticky session re-minted -> session-cap1785707073w1
captured=0 skipped=249 failed=0
captured=0 skipped=248 failed=0
2026-08-02 17:44:34,138 INFO vendor decodo_patchright: 50 prox(y/ies), sticky session re-minted -> session-cap1785707074w9
captured=0 skipped=249 failed=0
2026-08-02 17:44:34,445 INFO vendor decodo_patchright: 50 prox(y/ies), sticky session re-minted -> session-cap1785707074w8
captured=0 skipped=249 failed=0
EXIT=0
EXIT=0
EXIT=0
EXIT=0
EXIT=0
2026-08-02 17:44:34,848 INFO vendor decodo_patchright: 50 prox(y/ies), sticky session re-minted -> session-cap1785707074w16
captured=0 skipped=249 failed=0
EXIT=0
2026-08-02 17:44:34,978 INFO vendor decodo_patchright: 50 prox(y/ies), sticky session re-minted -> session-cap1785707074w10
captured=0 skipped=249 failed=0
2026-08-02 17:44:35,169 INFO vendor decodo_patchright: 50 prox(y/ies), sticky session re-minted -> session-cap1785707075w13
2026-08-02 17:44:35,217 INFO vendor decodo_patchright: 50 prox(y/ies), sticky session re-minted -> session-cap1785707075w7
captured=0 skipped=249 failed=0
captured=0 skipped=249 failed=0
2026-08-02 17:44:35,363 INFO vendor decodo_patchright: 50 prox(y/ies), sticky session re-minted -> session-cap1785707075w11
captured=0 skipped=249 failed=0
EXIT=0
EXIT=0
EXIT=0
EXIT=0
EXIT=0
EXIT=0
EXIT=0
EXIT=0
EXIT=0
EXIT=0
2026-08-02 17:44:36,522 INFO vendor decodo_patchright: 50 prox(y/ies), sticky session re-minted -> session-cap1785707076w21
captured=0 skipped=248 failed=0
EXIT=0
2026-08-02 17:45:04,335 WARNING challenge not cleared for contest_id=191814 -- bundle not written
captured=0 skipped=248 failed=1
EXIT=0
2026-08-02 18:12:16,810 ERROR BAN-SUSPECT: hard-stopping capture at contest_id=186306: NCAA fetch failed after rotating proxies: https://stats.ncaa.org/contests/186306/play_by_play: patchright: bm-verify not passed after 3 attempts (643-byte body)
BAN-SUSPECT: capture halted at contest_id=186306: NCAA fetch failed after rotating proxies: https://stats.ncaa.org/contests/186306/play_by_play: patchright: bm-verify not passed after 3 attempts (643-byte body)
EXIT=1
[18:12:17] capture stopped (rc=1) -- a ban/soft-ban hard-stop or Ctrl-C (see the capture log).
[18:12:17]   This is RESUMABLE: cool down (a ban clears in minutes-hours), then re-run this
[18:12:17]   script -- already-captured contests are skipped.
[18:12:17] === parse captured bundles -> mbb/json/ ===
log -> logs/parse_20260802_181217.log  (watch: tail -f logs/parse_20260802_181217.log)
bundles=58985 pending=0 shard=3/24 assigned=0
parsed=0 failed=0

EXIT=0
[18:12:33] DONE: captured_bundles=58985 parsed_json=58985 (capture rc=1)
[18:12:33] capture INCOMPLETE (rc=1) -- re-run this script to continue before building.
EXIT=1
[2026-08-02 18:12:34] season 2017: chunk 4 hard-stopped (rc=1), 105 remaining -- cooling 1800s
[18:42:35] NCAA MBB backfill: season=2017 workers=24
[18:42:35] watch this run:  tail -f /c/Users/saiem/Documents/GitHub-Data/sdv-dev/hoopR-dev/ncaa-mbb-hoops-raw/logs/backfill_2017_20260802_184235.log
[18:42:35] === skip discover (season 2017 already in schedule_master; delete mbb/schedule_master.parquet to force) ===
[18:42:35] === capture 2017: 24 worker(s), chunk=400 new bundles per worker ===
proxy creds loaded from /c/Users/saiem/.Renviron (values hidden)
proxy creds loaded from /c/Users/saiem/.Renviron (values hidden)
proxy creds loaded from /c/Users/saiem/.Renviron (values hidden)
proxy creds loaded from /c/Users/saiem/.Renviron (values hidden)
log -> logs/capture_20260802_184236.log  (watch: tail -f logs/capture_20260802_184236.log)
proxy creds loaded from /c/Users/saiem/.Renviron (values hidden)
proxy creds loaded from /c/Users/saiem/.Renviron (values hidden)
log -> logs/capture_20260802_184236.log  (watch: tail -f logs/capture_20260802_184236.log)
proxy creds loaded from /c/Users/saiem/.Renviron (values hidden)
log -> logs/capture_20260802_184236.log  (watch: tail -f logs/capture_20260802_184236.log)
proxy creds loaded from /c/Users/saiem/.Renviron (values hidden)
log -> logs/capture_20260802_184236.log  (watch: tail -f logs/capture_20260802_184236.log)
proxy creds loaded from /c/Users/saiem/.Renviron (values hidden)
proxy creds loaded from /c/Users/saiem/.Renviron (values hidden)
log -> logs/capture_20260802_184236.log  (watch: tail -f logs/capture_20260802_184236.log)
proxy creds loaded from /c/Users/saiem/.Renviron (values hidden)
log -> logs/capture_20260802_184236.log  (watch: tail -f logs/capture_20260802_184236.log)
proxy creds loaded from /c/Users/saiem/.Renviron (values hidden)
proxy creds loaded from /c/Users/saiem/.Renviron (values hidden)
log -> logs/capture_20260802_184236.log  (watch: tail -f logs/capture_20260802_184236.log)
proxy creds loaded from /c/Users/saiem/.Renviron (values hidden)
log -> logs/capture_20260802_184236.log  (watch: tail -f logs/capture_20260802_184236.log)
log -> logs/capture_20260802_184236.log  (watch: tail -f logs/capture_20260802_184236.log)
log -> logs/capture_20260802_184236.log  (watch: tail -f logs/capture_20260802_184236.log)
proxy creds loaded from /c/Users/saiem/.Renviron (values hidden)
log -> logs/capture_20260802_184236.log  (watch: tail -f logs/capture_20260802_184236.log)
proxy creds loaded from /c/Users/saiem/.Renviron (values hidden)
log -> logs/capture_20260802_184236.log  (watch: tail -f logs/capture_20260802_184236.log)
proxy creds loaded from /c/Users/saiem/.Renviron (values hidden)
proxy creds loaded from /c/Users/saiem/.Renviron (values hidden)
log -> logs/capture_20260802_184236.log  (watch: tail -f logs/capture_20260802_184236.log)
log -> logs/capture_20260802_184236.log  (watch: tail -f logs/capture_20260802_184236.log)
proxy creds loaded from /c/Users/saiem/.Renviron (values hidden)
proxy creds loaded from /c/Users/saiem/.Renviron (values hidden)
proxy creds loaded from /c/Users/saiem/.Renviron (values hidden)
log -> logs/capture_20260802_184237.log  (watch: tail -f logs/capture_20260802_184237.log)
log -> logs/capture_20260802_184237.log  (watch: tail -f logs/capture_20260802_184237.log)
proxy creds loaded from /c/Users/saiem/.Renviron (values hidden)
log -> logs/capture_20260802_184237.log  (watch: tail -f logs/capture_20260802_184237.log)
log -> logs/capture_20260802_184237.log  (watch: tail -f logs/capture_20260802_184237.log)
log -> logs/capture_20260802_184237.log  (watch: tail -f logs/capture_20260802_184237.log)
log -> logs/capture_20260802_184237.log  (watch: tail -f logs/capture_20260802_184237.log)
log -> logs/capture_20260802_184237.log  (watch: tail -f logs/capture_20260802_184237.log)
log -> logs/capture_20260802_184237.log  (watch: tail -f logs/capture_20260802_184237.log)
proxy creds loaded from /c/Users/saiem/.Renviron (values hidden)
proxy creds loaded from /c/Users/saiem/.Renviron (values hidden)
pending=5972 shard=5/24 assigned=249
transport: canary vendor 'decodo_patchright'
pending=5972 shard=1/24 assigned=249
transport: canary vendor 'decodo_patchright'
log -> logs/capture_20260802_184237.log  (watch: tail -f logs/capture_20260802_184237.log)
log -> logs/capture_20260802_184237.log  (watch: tail -f logs/capture_20260802_184237.log)
pending=5972 shard=6/24 assigned=249
transport: canary vendor 'decodo_patchright'
pending=5972 shard=0/24 assigned=249
transport: canary vendor 'decodo_patchright'
pending=5972 shard=4/24 assigned=249
transport: canary vendor 'decodo_patchright'
pending=5972 shard=8/24 assigned=249
transport: canary vendor 'decodo_patchright'
pending=5972 shard=7/24 assigned=249
transport: canary vendor 'decodo_patchright'
pending=5972 shard=11/24 assigned=249
transport: canary vendor 'decodo_patchright'
pending=5972 shard=2/24 assigned=249
transport: canary vendor 'decodo_patchright'
pending=5972 shard=17/24 assigned=249
transport: canary vendor 'decodo_patchright'
pending=5972 shard=15/24 assigned=249
transport: canary vendor 'decodo_patchright'
pending=5972 shard=10/24 assigned=249
transport: canary vendor 'decodo_patchright'
pending=5972 shard=22/24 assigned=248
transport: canary vendor 'decodo_patchright'
pending=5972 shard=12/24 assigned=249
transport: canary vendor 'decodo_patchright'
pending=5972 shard=23/24 assigned=248
transport: canary vendor 'decodo_patchright'
pending=5972 shard=9/24 assigned=249
transport: canary vendor 'decodo_patchright'
pending=5972 shard=13/24 assigned=249
transport: canary vendor 'decodo_patchright'
pending=5972 shard=19/24 assigned=249
transport: canary vendor 'decodo_patchright'
pending=5972 shard=14/24 assigned=249
transport: canary vendor 'decodo_patchright'
pending=5972 shard=21/24 assigned=248
transport: canary vendor 'decodo_patchright'
pending=5972 shard=18/24 assigned=249
transport: canary vendor 'decodo_patchright'
pending=5972 shard=16/24 assigned=249
transport: canary vendor 'decodo_patchright'
pending=5972 shard=3/24 assigned=249
transport: canary vendor 'decodo_patchright'
pending=5972 shard=20/24 assigned=248
transport: canary vendor 'decodo_patchright'
2026-08-02 18:42:46,416 INFO vendor decodo_patchright: 50 prox(y/ies), sticky session re-minted -> session-cap1785710566w15
2026-08-02 18:42:46,442 INFO vendor decodo_patchright: 50 prox(y/ies), sticky session re-minted -> session-cap1785710566w10
2026-08-02 18:42:46,430 INFO vendor decodo_patchright: 50 prox(y/ies), sticky session re-minted -> session-cap1785710566w11
2026-08-02 18:42:46,441 INFO vendor decodo_patchright: 50 prox(y/ies), sticky session re-minted -> session-cap1785710566w8
2026-08-02 18:42:46,466 INFO vendor decodo_patchright: 50 prox(y/ies), sticky session re-minted -> session-cap1785710566w20
2026-08-02 18:42:46,471 INFO vendor decodo_patchright: 50 prox(y/ies), sticky session re-minted -> session-cap1785710566w13
2026-08-02 18:42:46,492 INFO vendor decodo_patchright: 50 prox(y/ies), sticky session re-minted -> session-cap1785710566w16
captured=0 skipped=249 failed=0
2026-08-02 18:42:46,464 INFO vendor decodo_patchright: 50 prox(y/ies), sticky session re-minted -> session-cap1785710566w4
2026-08-02 18:42:46,498 INFO vendor decodo_patchright: 50 prox(y/ies), sticky session re-minted -> session-cap1785710566w21
2026-08-02 18:42:46,497 INFO vendor decodo_patchright: 50 prox(y/ies), sticky session re-minted -> session-cap1785710566w1
2026-08-02 18:42:46,465 INFO vendor decodo_patchright: 50 prox(y/ies), sticky session re-minted -> session-cap1785710566w5
2026-08-02 18:42:46,486 INFO vendor decodo_patchright: 50 prox(y/ies), sticky session re-minted -> session-cap1785710566w19
captured=0 skipped=249 failed=0
captured=0 skipped=249 failed=0
captured=0 skipped=249 failed=0
2026-08-02 18:42:46,491 INFO vendor decodo_patchright: 50 prox(y/ies), sticky session re-minted -> session-cap1785710566w6
captured=0 skipped=249 failed=0
captured=0 skipped=248 failed=0
captured=0 skipped=249 failed=0
captured=0 skipped=249 failed=0
captured=0 skipped=249 failed=0
captured=0 skipped=249 failed=0
captured=0 skipped=248 failed=0
2026-08-02 18:42:46,623 INFO vendor decodo_patchright: 50 prox(y/ies), sticky session re-minted -> session-cap1785710566w12
2026-08-02 18:42:46,646 INFO vendor decodo_patchright: 50 prox(y/ies), sticky session re-minted -> session-cap1785710566w23
captured=0 skipped=248 failed=0
captured=0 skipped=249 failed=0
2026-08-02 18:42:46,713 INFO vendor decodo_patchright: 50 prox(y/ies), sticky session re-minted -> session-cap1785710566w17
captured=0 skipped=249 failed=0
2026-08-02 18:42:46,813 INFO vendor decodo_patchright: 50 prox(y/ies), sticky session re-minted -> session-cap1785710566w3
captured=0 skipped=249 failed=0
2026-08-02 18:42:46,833 INFO vendor decodo_patchright: 50 prox(y/ies), sticky session re-minted -> session-cap1785710566w7
captured=0 skipped=249 failed=0
2026-08-02 18:42:46,932 INFO vendor decodo_patchright: 50 prox(y/ies), sticky session re-minted -> session-cap1785710566w18
captured=0 skipped=249 failed=0
2026-08-02 18:42:46,932 INFO vendor decodo_patchright: 50 prox(y/ies), sticky session re-minted -> session-cap1785710566w9
captured=0 skipped=249 failed=0
2026-08-02 18:42:47,203 INFO vendor decodo_patchright: 50 prox(y/ies), sticky session re-minted -> session-cap1785710567w2
captured=0 skipped=249 failed=0
2026-08-02 18:42:47,288 INFO vendor decodo_patchright: 50 prox(y/ies), sticky session re-minted -> session-cap1785710567w0
captured=0 skipped=249 failed=0
EXIT=0
2026-08-02 18:42:47,410 INFO vendor decodo_patchright: 50 prox(y/ies), sticky session re-minted -> session-cap1785710567w14
captured=0 skipped=249 failed=0
EXIT=0
EXIT=0
EXIT=0
EXIT=0
EXIT=0
2026-08-02 18:42:47,692 INFO vendor decodo_patchright: 50 prox(y/ies), sticky session re-minted -> session-cap1785710567w22
EXIT=0
captured=0 skipped=248 failed=0
EXIT=0
EXIT=0
EXIT=0
EXIT=0
EXIT=0
EXIT=0
EXIT=0
EXIT=0
EXIT=0
EXIT=0
EXIT=0
EXIT=0
EXIT=0
EXIT=0
EXIT=0
2026-08-02 18:43:21,479 WARNING challenge not cleared for contest_id=191814 -- bundle not written
captured=0 skipped=248 failed=1
EXIT=0
2026-08-02 19:09:44,950 ERROR BAN-SUSPECT: hard-stopping capture at contest_id=186306: NCAA fetch failed after rotating proxies: https://stats.ncaa.org/contests/186306/play_by_play: patchright: bm-verify not passed after 3 attempts (643-byte body)
BAN-SUSPECT: capture halted at contest_id=186306: NCAA fetch failed after rotating proxies: https://stats.ncaa.org/contests/186306/play_by_play: patchright: bm-verify not passed after 3 attempts (643-byte body)
EXIT=1
[19:09:45] capture stopped (rc=1) -- a ban/soft-ban hard-stop or Ctrl-C (see the capture log).
[19:09:45]   This is RESUMABLE: cool down (a ban clears in minutes-hours), then re-run this
[19:09:45]   script -- already-captured contests are skipped.
[19:09:45] === parse captured bundles -> mbb/json/ ===
log -> logs/parse_20260802_190946.log  (watch: tail -f logs/parse_20260802_190946.log)
bundles=0 pending=0 shard=3/24 assigned=0
parsed=0 failed=0

EXIT=0
[19:09:57] DONE: captured_bundles=58985 parsed_json=58985 (capture rc=1)
[19:09:57] capture INCOMPLETE (rc=1) -- re-run this script to continue before building.
EXIT=1
[2026-08-02 19:09:58] season 2017: chunk 5 hard-stopped (rc=1), 105 remaining -- cooling 1800s
[19:39:59] NCAA MBB backfill: season=2017 workers=24
[19:39:59] watch this run:  tail -f /c/Users/saiem/Documents/GitHub-Data/sdv-dev/hoopR-dev/ncaa-mbb-hoops-raw/logs/backfill_2017_20260802_193959.log
[19:39:59] === skip discover (season 2017 already in schedule_master; delete mbb/schedule_master.parquet to force) ===
[19:39:59] === capture 2017: 24 worker(s), chunk=400 new bundles per worker ===
proxy creds loaded from /c/Users/saiem/.Renviron (values hidden)
proxy creds loaded from /c/Users/saiem/.Renviron (values hidden)
log -> logs/capture_20260802_194000.log  (watch: tail -f logs/capture_20260802_194000.log)
proxy creds loaded from /c/Users/saiem/.Renviron (values hidden)
log -> logs/capture_20260802_194000.log  (watch: tail -f logs/capture_20260802_194000.log)
proxy creds loaded from /c/Users/saiem/.Renviron (values hidden)
proxy creds loaded from /c/Users/saiem/.Renviron (values hidden)
proxy creds loaded from /c/Users/saiem/.Renviron (values hidden)
proxy creds loaded from /c/Users/saiem/.Renviron (values hidden)
proxy creds loaded from /c/Users/saiem/.Renviron (values hidden)
proxy creds loaded from /c/Users/saiem/.Renviron (values hidden)
log -> logs/capture_20260802_194000.log  (watch: tail -f logs/capture_20260802_194000.log)
proxy creds loaded from /c/Users/saiem/.Renviron (values hidden)
log -> logs/capture_20260802_194000.log  (watch: tail -f logs/capture_20260802_194000.log)
proxy creds loaded from /c/Users/saiem/.Renviron (values hidden)
proxy creds loaded from /c/Users/saiem/.Renviron (values hidden)
proxy creds loaded from /c/Users/saiem/.Renviron (values hidden)
log -> logs/capture_20260802_194000.log  (watch: tail -f logs/capture_20260802_194000.log)
proxy creds loaded from /c/Users/saiem/.Renviron (values hidden)
proxy creds loaded from /c/Users/saiem/.Renviron (values hidden)
log -> logs/capture_20260802_194000.log  (watch: tail -f logs/capture_20260802_194000.log)
proxy creds loaded from /c/Users/saiem/.Renviron (values hidden)
log -> logs/capture_20260802_194000.log  (watch: tail -f logs/capture_20260802_194000.log)
log -> logs/capture_20260802_194000.log  (watch: tail -f logs/capture_20260802_194000.log)
proxy creds loaded from /c/Users/saiem/.Renviron (values hidden)
log -> logs/capture_20260802_194000.log  (watch: tail -f logs/capture_20260802_194000.log)
proxy creds loaded from /c/Users/saiem/.Renviron (values hidden)
log -> logs/capture_20260802_194000.log  (watch: tail -f logs/capture_20260802_194000.log)
proxy creds loaded from /c/Users/saiem/.Renviron (values hidden)
proxy creds loaded from /c/Users/saiem/.Renviron (values hidden)
log -> logs/capture_20260802_194000.log  (watch: tail -f logs/capture_20260802_194000.log)
log -> logs/capture_20260802_194000.log  (watch: tail -f logs/capture_20260802_194000.log)
log -> logs/capture_20260802_194000.log  (watch: tail -f logs/capture_20260802_194000.log)
log -> logs/capture_20260802_194000.log  (watch: tail -f logs/capture_20260802_194000.log)
log -> logs/capture_20260802_194000.log  (watch: tail -f logs/capture_20260802_194000.log)
proxy creds loaded from /c/Users/saiem/.Renviron (values hidden)
proxy creds loaded from /c/Users/saiem/.Renviron (values hidden)
proxy creds loaded from /c/Users/saiem/.Renviron (values hidden)
log -> logs/capture_20260802_194000.log  (watch: tail -f logs/capture_20260802_194000.log)
log -> logs/capture_20260802_194001.log  (watch: tail -f logs/capture_20260802_194001.log)
proxy creds loaded from /c/Users/saiem/.Renviron (values hidden)
log -> logs/capture_20260802_194001.log  (watch: tail -f logs/capture_20260802_194001.log)
log -> logs/capture_20260802_194001.log  (watch: tail -f logs/capture_20260802_194001.log)
log -> logs/capture_20260802_194001.log  (watch: tail -f logs/capture_20260802_194001.log)
log -> logs/capture_20260802_194001.log  (watch: tail -f logs/capture_20260802_194001.log)
log -> logs/capture_20260802_194001.log  (watch: tail -f logs/capture_20260802_194001.log)
log -> logs/capture_20260802_194001.log  (watch: tail -f logs/capture_20260802_194001.log)
log -> logs/capture_20260802_194001.log  (watch: tail -f logs/capture_20260802_194001.log)
pending=5972 shard=5/24 assigned=249
transport: canary vendor 'decodo_patchright'
2026-08-02 19:40:06,029 INFO vendor decodo_patchright: 50 prox(y/ies), sticky session re-minted -> session-cap1785714006w5
pending=5972 shard=3/24 assigned=249
transport: canary vendor 'decodo_patchright'
2026-08-02 19:40:06,809 INFO vendor decodo_patchright: 50 prox(y/ies), sticky session re-minted -> session-cap1785714006w3
captured=0 skipped=249 failed=0
pending=5972 shard=15/24 assigned=249
transport: canary vendor 'decodo_patchright'
2026-08-02 19:40:07,947 INFO vendor decodo_patchright: 50 prox(y/ies), sticky session re-minted -> session-cap1785714007w15
pending=5972 shard=9/24 assigned=249
transport: canary vendor 'decodo_patchright'
2026-08-02 19:40:08,028 INFO vendor decodo_patchright: 50 prox(y/ies), sticky session re-minted -> session-cap1785714008w9
captured=0 skipped=249 failed=0
pending=5972 shard=6/24 assigned=249
transport: canary vendor 'decodo_patchright'
2026-08-02 19:40:08,042 INFO vendor decodo_patchright: 50 prox(y/ies), sticky session re-minted -> session-cap1785714008w6
captured=0 skipped=249 failed=0
pending=5972 shard=16/24 assigned=249
transport: canary vendor 'decodo_patchright'
2026-08-02 19:40:09,187 INFO vendor decodo_patchright: 50 prox(y/ies), sticky session re-minted -> session-cap1785714009w16
pending=5972 shard=0/24 assigned=249
transport: canary vendor 'decodo_patchright'
captured=0 skipped=249 failed=0
EXIT=0
2026-08-02 19:40:09,573 INFO vendor decodo_patchright: 50 prox(y/ies), sticky session re-minted -> session-cap1785714009w0
captured=0 skipped=249 failed=0
pending=5972 shard=11/24 assigned=249
transport: canary vendor 'decodo_patchright'
2026-08-02 19:40:09,749 INFO vendor decodo_patchright: 50 prox(y/ies), sticky session re-minted -> session-cap1785714009w11
captured=0 skipped=249 failed=0
EXIT=0
pending=5972 shard=4/24 assigned=249
transport: canary vendor 'decodo_patchright'
pending=5972 shard=14/24 assigned=249
transport: canary vendor 'decodo_patchright'
2026-08-02 19:40:11,515 INFO vendor decodo_patchright: 50 prox(y/ies), sticky session re-minted -> session-cap1785714011w4
EXIT=0
captured=0 skipped=249 failed=0
pending=5972 shard=19/24 assigned=249
transport: canary vendor 'decodo_patchright'
pending=5972 shard=7/24 assigned=249
transport: canary vendor 'decodo_patchright'
pending=5972 shard=2/24 assigned=249
transport: canary vendor 'decodo_patchright'
pending=5972 shard=13/24 assigned=249
transport: canary vendor 'decodo_patchright'
2026-08-02 19:40:11,954 INFO vendor decodo_patchright: 50 prox(y/ies), sticky session re-minted -> session-cap1785714011w14
captured=0 skipped=249 failed=0
2026-08-02 19:40:12,012 INFO vendor decodo_patchright: 50 prox(y/ies), sticky session re-minted -> session-cap1785714012w13
captured=0 skipped=249 failed=0
2026-08-02 19:40:12,057 INFO vendor decodo_patchright: 50 prox(y/ies), sticky session re-minted -> session-cap1785714012w19
captured=0 skipped=249 failed=0
pending=5972 shard=8/24 assigned=249
transport: canary vendor 'decodo_patchright'
2026-08-02 19:40:12,134 INFO vendor decodo_patchright: 50 prox(y/ies), sticky session re-minted -> session-cap1785714012w2
captured=0 skipped=249 failed=0
2026-08-02 19:40:12,170 INFO vendor decodo_patchright: 50 prox(y/ies), sticky session re-minted -> session-cap1785714012w7
captured=0 skipped=249 failed=0
2026-08-02 19:40:12,189 INFO vendor decodo_patchright: 50 prox(y/ies), sticky session re-minted -> session-cap1785714012w8
captured=0 skipped=249 failed=0
pending=5972 shard=12/24 assigned=249
transport: canary vendor 'decodo_patchright'
2026-08-02 19:40:12,285 INFO vendor decodo_patchright: 50 prox(y/ies), sticky session re-minted -> session-cap1785714012w12
captured=0 skipped=249 failed=0
pending=5972 shard=10/24 assigned=249
transport: canary vendor 'decodo_patchright'
2026-08-02 19:40:12,397 INFO vendor decodo_patchright: 50 prox(y/ies), sticky session re-minted -> session-cap1785714012w10
captured=0 skipped=249 failed=0
pending=5972 shard=1/24 assigned=249
transport: canary vendor 'decodo_patchright'
2026-08-02 19:40:12,399 INFO vendor decodo_patchright: 50 prox(y/ies), sticky session re-minted -> session-cap1785714012w1
captured=0 skipped=249 failed=0
EXIT=0
EXIT=0
pending=5972 shard=18/24 assigned=249
transport: canary vendor 'decodo_patchright'
pending=5972 shard=17/24 assigned=249
transport: canary vendor 'decodo_patchright'
2026-08-02 19:40:13,027 INFO vendor decodo_patchright: 50 prox(y/ies), sticky session re-minted -> session-cap1785714013w18
2026-08-02 19:40:13,027 INFO vendor decodo_patchright: 50 prox(y/ies), sticky session re-minted -> session-cap1785714013w17
pending=5972 shard=23/24 assigned=248
transport: canary vendor 'decodo_patchright'
2026-08-02 19:40:13,032 INFO vendor decodo_patchright: 50 prox(y/ies), sticky session re-minted -> session-cap1785714013w23
captured=0 skipped=249 failed=0
pending=5972 shard=20/24 assigned=248
transport: canary vendor 'decodo_patchright'
2026-08-02 19:40:13,057 INFO vendor decodo_patchright: 50 prox(y/ies), sticky session re-minted -> session-cap1785714013w20
captured=0 skipped=249 failed=0
captured=0 skipped=248 failed=0
pending=5972 shard=21/24 assigned=248
transport: canary vendor 'decodo_patchright'
EXIT=0
captured=0 skipped=248 failed=0
pending=5972 shard=22/24 assigned=248
transport: canary vendor 'decodo_patchright'
2026-08-02 19:40:13,078 INFO vendor decodo_patchright: 50 prox(y/ies), sticky session re-minted -> session-cap1785714013w21
captured=0 skipped=248 failed=0
EXIT=0
EXIT=0
EXIT=0
2026-08-02 19:40:13,124 INFO vendor decodo_patchright: 50 prox(y/ies), sticky session re-minted -> session-cap1785714013w22
captured=0 skipped=248 failed=0
EXIT=0
EXIT=0
EXIT=0
EXIT=0
EXIT=0
EXIT=0
EXIT=0
EXIT=0
EXIT=0
EXIT=0
EXIT=0
EXIT=0
EXIT=0
2026-08-02 19:40:42,018 WARNING challenge not cleared for contest_id=191814 -- bundle not written
captured=0 skipped=248 failed=1
EXIT=0
2026-08-02 20:12:07,860 ERROR BAN-SUSPECT: hard-stopping capture at contest_id=186306: NCAA fetch failed after rotating proxies: https://stats.ncaa.org/contests/186306/play_by_play: patchright: bm-verify not passed after 3 attempts (643-byte body)
BAN-SUSPECT: capture halted at contest_id=186306: NCAA fetch failed after rotating proxies: https://stats.ncaa.org/contests/186306/play_by_play: patchright: bm-verify not passed after 3 attempts (643-byte body)
EXIT=1
[20:12:09] capture stopped (rc=1) -- a ban/soft-ban hard-stop or Ctrl-C (see the capture log).
[20:12:10]   This is RESUMABLE: cool down (a ban clears in minutes-hours), then re-run this
[20:12:10]   script -- already-captured contests are skipped.
[20:12:10] === parse captured bundles -> mbb/json/ ===
log -> logs/parse_20260802_201211.log  (watch: tail -f logs/parse_20260802_201211.log)
seasons=all bundles=58985 pending=0 force=False shard=14/24 assigned=0
parsed=0 failed=0
EXIT=0
[20:13:24] DONE: captured_bundles=58985 parsed_json=58985 (capture rc=1)
[20:13:24] capture INCOMPLETE (rc=1) -- re-run this script to continue before building.
EXIT=1
[2026-08-02 20:13:31] season 2017: chunk 6 hard-stopped (rc=1), 105 remaining -- cooling 1800s
[20:43:32] NCAA MBB backfill: season=2017 workers=24
[20:43:32] watch this run:  tail -f /c/Users/saiem/Documents/GitHub-Data/sdv-dev/hoopR-dev/ncaa-mbb-hoops-raw/logs/backfill_2017_20260802_204332.log
[20:43:32] === skip discover (season 2017 already in schedule_master; delete mbb/schedule_master.parquet to force) ===
[20:43:32] === capture 2017: 24 worker(s), chunk=400 new bundles per worker ===
proxy creds loaded from /c/Users/saiem/.Renviron (values hidden)
proxy creds loaded from /c/Users/saiem/.Renviron (values hidden)
proxy creds loaded from /c/Users/saiem/.Renviron (values hidden)
proxy creds loaded from /c/Users/saiem/.Renviron (values hidden)
proxy creds loaded from /c/Users/saiem/.Renviron (values hidden)
proxy creds loaded from /c/Users/saiem/.Renviron (values hidden)
log -> logs/capture_20260802_204333.log  (watch: tail -f logs/capture_20260802_204333.log)
proxy creds loaded from /c/Users/saiem/.Renviron (values hidden)
proxy creds loaded from /c/Users/saiem/.Renviron (values hidden)
log -> logs/capture_20260802_204333.log  (watch: tail -f logs/capture_20260802_204333.log)
log -> logs/capture_20260802_204333.log  (watch: tail -f logs/capture_20260802_204333.log)
log -> logs/capture_20260802_204333.log  (watch: tail -f logs/capture_20260802_204333.log)
proxy creds loaded from /c/Users/saiem/.Renviron (values hidden)
proxy creds loaded from /c/Users/saiem/.Renviron (values hidden)
proxy creds loaded from /c/Users/saiem/.Renviron (values hidden)
log -> logs/capture_20260802_204333.log  (watch: tail -f logs/capture_20260802_204333.log)
proxy creds loaded from /c/Users/saiem/.Renviron (values hidden)
log -> logs/capture_20260802_204333.log  (watch: tail -f logs/capture_20260802_204333.log)
log -> logs/capture_20260802_204333.log  (watch: tail -f logs/capture_20260802_204333.log)
log -> logs/capture_20260802_204333.log  (watch: tail -f logs/capture_20260802_204333.log)
log -> logs/capture_20260802_204333.log  (watch: tail -f logs/capture_20260802_204333.log)
proxy creds loaded from /c/Users/saiem/.Renviron (values hidden)
proxy creds loaded from /c/Users/saiem/.Renviron (values hidden)
proxy creds loaded from /c/Users/saiem/.Renviron (values hidden)
proxy creds loaded from /c/Users/saiem/.Renviron (values hidden)
log -> logs/capture_20260802_204333.log  (watch: tail -f logs/capture_20260802_204333.log)
log -> logs/capture_20260802_204333.log  (watch: tail -f logs/capture_20260802_204333.log)
proxy creds loaded from /c/Users/saiem/.Renviron (values hidden)
log -> logs/capture_20260802_204333.log  (watch: tail -f logs/capture_20260802_204333.log)
proxy creds loaded from /c/Users/saiem/.Renviron (values hidden)
proxy creds loaded from /c/Users/saiem/.Renviron (values hidden)
proxy creds loaded from /c/Users/saiem/.Renviron (values hidden)
log -> logs/capture_20260802_204333.log  (watch: tail -f logs/capture_20260802_204333.log)
proxy creds loaded from /c/Users/saiem/.Renviron (values hidden)
log -> logs/capture_20260802_204333.log  (watch: tail -f logs/capture_20260802_204333.log)
log -> logs/capture_20260802_204333.log  (watch: tail -f logs/capture_20260802_204333.log)
log -> logs/capture_20260802_204333.log  (watch: tail -f logs/capture_20260802_204333.log)
proxy creds loaded from /c/Users/saiem/.Renviron (values hidden)
log -> logs/capture_20260802_204333.log  (watch: tail -f logs/capture_20260802_204333.log)
log -> logs/capture_20260802_204333.log  (watch: tail -f logs/capture_20260802_204333.log)
log -> logs/capture_20260802_204333.log  (watch: tail -f logs/capture_20260802_204333.log)
log -> logs/capture_20260802_204333.log  (watch: tail -f logs/capture_20260802_204333.log)
proxy creds loaded from /c/Users/saiem/.Renviron (values hidden)
proxy creds loaded from /c/Users/saiem/.Renviron (values hidden)
log -> logs/capture_20260802_204333.log  (watch: tail -f logs/capture_20260802_204333.log)
log -> logs/capture_20260802_204333.log  (watch: tail -f logs/capture_20260802_204333.log)
log -> logs/capture_20260802_204333.log  (watch: tail -f logs/capture_20260802_204333.log)
log -> logs/capture_20260802_204333.log  (watch: tail -f logs/capture_20260802_204333.log)
pending=5972 shard=11/24 assigned=249
transport: canary vendor 'decodo_patchright'
2026-08-02 20:43:41,382 INFO vendor decodo_patchright: 50 prox(y/ies), sticky session re-minted -> session-cap1785717821w11
pending=5972 shard=15/24 assigned=249
transport: canary vendor 'decodo_patchright'
pending=5972 shard=21/24 assigned=248
transport: canary vendor 'decodo_patchright'
2026-08-02 20:43:41,447 INFO vendor decodo_patchright: 50 prox(y/ies), sticky session re-minted -> session-cap1785717821w21
pending=5972 shard=4/24 assigned=249
transport: canary vendor 'decodo_patchright'
2026-08-02 20:43:41,437 INFO vendor decodo_patchright: 50 prox(y/ies), sticky session re-minted -> session-cap1785717821w4
pending=5972 shard=5/24 assigned=249
transport: canary vendor 'decodo_patchright'
2026-08-02 20:43:41,439 INFO vendor decodo_patchright: 50 prox(y/ies), sticky session re-minted -> session-cap1785717821w15
pending=5972 shard=14/24 assigned=249
transport: canary vendor 'decodo_patchright'
pending=5972 shard=2/24 assigned=249
transport: canary vendor 'decodo_patchright'
2026-08-02 20:43:41,436 INFO vendor decodo_patchright: 50 prox(y/ies), sticky session re-minted -> session-cap1785717821w2
pending=5972 shard=1/24 assigned=249
transport: canary vendor 'decodo_patchright'
2026-08-02 20:43:41,447 INFO vendor decodo_patchright: 50 prox(y/ies), sticky session re-minted -> session-cap1785717821w1
captured=0 skipped=249 failed=0
2026-08-02 20:43:41,478 INFO vendor decodo_patchright: 50 prox(y/ies), sticky session re-minted -> session-cap1785717821w14
pending=5972 shard=6/24 assigned=249
transport: canary vendor 'decodo_patchright'
2026-08-02 20:43:41,458 INFO vendor decodo_patchright: 50 prox(y/ies), sticky session re-minted -> session-cap1785717821w6
captured=0 skipped=249 failed=0
captured=0 skipped=249 failed=0
captured=0 skipped=249 failed=0
captured=0 skipped=249 failed=0
captured=0 skipped=248 failed=0
captured=0 skipped=249 failed=0
pending=5972 shard=0/24 assigned=249
transport: canary vendor 'decodo_patchright'
pending=5972 shard=12/24 assigned=249
transport: canary vendor 'decodo_patchright'
pending=5972 shard=9/24 assigned=249
transport: canary vendor 'decodo_patchright'
2026-08-02 20:43:41,667 INFO vendor decodo_patchright: 50 prox(y/ies), sticky session re-minted -> session-cap1785717821w9
pending=5972 shard=7/24 assigned=249
transport: canary vendor 'decodo_patchright'
2026-08-02 20:43:41,667 INFO vendor decodo_patchright: 50 prox(y/ies), sticky session re-minted -> session-cap1785717821w7
captured=0 skipped=249 failed=0
captured=0 skipped=249 failed=0
2026-08-02 20:43:41,753 INFO vendor decodo_patchright: 50 prox(y/ies), sticky session re-minted -> session-cap1785717821w5
2026-08-02 20:43:41,763 INFO vendor decodo_patchright: 50 prox(y/ies), sticky session re-minted -> session-cap1785717821w0
2026-08-02 20:43:41,771 INFO vendor decodo_patchright: 50 prox(y/ies), sticky session re-minted -> session-cap1785717821w12
captured=0 skipped=249 failed=0
captured=0 skipped=249 failed=0
pending=5972 shard=16/24 assigned=249
transport: canary vendor 'decodo_patchright'
pending=5972 shard=8/24 assigned=249
transport: canary vendor 'decodo_patchright'
2026-08-02 20:43:41,868 INFO vendor decodo_patchright: 50 prox(y/ies), sticky session re-minted -> session-cap1785717821w16
pending=5972 shard=17/24 assigned=249
transport: canary vendor 'decodo_patchright'
2026-08-02 20:43:41,880 INFO vendor decodo_patchright: 50 prox(y/ies), sticky session re-minted -> session-cap1785717821w17
captured=0 skipped=249 failed=0
2026-08-02 20:43:41,936 INFO vendor decodo_patchright: 50 prox(y/ies), sticky session re-minted -> session-cap1785717821w8
captured=0 skipped=249 failed=0
captured=0 skipped=249 failed=0
pending=5972 shard=19/24 assigned=249
transport: canary vendor 'decodo_patchright'
2026-08-02 20:43:42,135 INFO vendor decodo_patchright: 50 prox(y/ies), sticky session re-minted -> session-cap1785717822w19
pending=5972 shard=18/24 assigned=249
transport: canary vendor 'decodo_patchright'
2026-08-02 20:43:42,160 INFO vendor decodo_patchright: 50 prox(y/ies), sticky session re-minted -> session-cap1785717822w18
pending=5972 shard=13/24 assigned=249
transport: canary vendor 'decodo_patchright'
captured=0 skipped=249 failed=0
2026-08-02 20:43:42,185 INFO vendor decodo_patchright: 50 prox(y/ies), sticky session re-minted -> session-cap1785717822w13
captured=0 skipped=249 failed=0
pending=5972 shard=23/24 assigned=248
transport: canary vendor 'decodo_patchright'
captured=0 skipped=249 failed=0
pending=5972 shard=10/24 assigned=249
transport: canary vendor 'decodo_patchright'
2026-08-02 20:43:42,212 INFO vendor decodo_patchright: 50 prox(y/ies), sticky session re-minted -> session-cap1785717822w10
pending=5972 shard=3/24 assigned=249
transport: canary vendor 'decodo_patchright'
captured=0 skipped=249 failed=0
2026-08-02 20:43:42,248 INFO vendor decodo_patchright: 50 prox(y/ies), sticky session re-minted -> session-cap1785717822w3
captured=0 skipped=249 failed=0
2026-08-02 20:43:42,280 INFO vendor decodo_patchright: 50 prox(y/ies), sticky session re-minted -> session-cap1785717822w23
captured=0 skipped=248 failed=0
pending=5972 shard=22/24 assigned=248
transport: canary vendor 'decodo_patchright'
2026-08-02 20:43:42,352 INFO vendor decodo_patchright: 50 prox(y/ies), sticky session re-minted -> session-cap1785717822w22
EXIT=0
EXIT=0
pending=5972 shard=20/24 assigned=248
transport: canary vendor 'decodo_patchright'
captured=0 skipped=248 failed=0
2026-08-02 20:43:42,395 INFO vendor decodo_patchright: 50 prox(y/ies), sticky session re-minted -> session-cap1785717822w20
EXIT=0
captured=0 skipped=248 failed=0
EXIT=0
EXIT=0
EXIT=0
EXIT=0
EXIT=0
EXIT=0
EXIT=0
EXIT=0
EXIT=0
EXIT=0
EXIT=0
EXIT=0
EXIT=0
EXIT=0
EXIT=0
EXIT=0
EXIT=0
EXIT=0
EXIT=0
2026-08-02 20:44:15,420 WARNING challenge not cleared for contest_id=191814 -- bundle not written
captured=0 skipped=248 failed=1
EXIT=0
2026-08-02 21:11:14,498 ERROR BAN-SUSPECT: hard-stopping capture at contest_id=186306: NCAA fetch failed after rotating proxies: https://stats.ncaa.org/contests/186306/play_by_play: patchright: bm-verify not passed after 3 attempts (643-byte body)
BAN-SUSPECT: capture halted at contest_id=186306: NCAA fetch failed after rotating proxies: https://stats.ncaa.org/contests/186306/play_by_play: patchright: bm-verify not passed after 3 attempts (643-byte body)
EXIT=1
[21:11:14] capture stopped (rc=1) -- a ban/soft-ban hard-stop or Ctrl-C (see the capture log).
[21:11:14]   This is RESUMABLE: cool down (a ban clears in minutes-hours), then re-run this
[21:11:14]   script -- already-captured contests are skipped.
[21:11:14] === parse captured bundles -> mbb/json/ ===
log -> logs/parse_20260802_211115.log  (watch: tail -f logs/parse_20260802_211115.log)
seasons=all bundles=58985 pending=0 force=False shard=12/24 assigned=0
parsed=0 failed=0
EXIT=0
[21:11:31] DONE: captured_bundles=58985 parsed_json=58985 (capture rc=1)
[21:11:31] capture INCOMPLETE (rc=1) -- re-run this script to continue before building.
EXIT=1
[2026-08-02 21:11:32] season 2017: chunk 7 hard-stopped (rc=1), 105 remaining -- cooling 1800s
[21:41:32] NCAA MBB backfill: season=2017 workers=24
[21:41:32] watch this run:  tail -f /c/Users/saiem/Documents/GitHub-Data/sdv-dev/hoopR-dev/ncaa-mbb-hoops-raw/logs/backfill_2017_20260802_214132.log
[21:41:33] === skip discover (season 2017 already in schedule_master; delete mbb/schedule_master.parquet to force) ===
[21:41:33] === capture 2017: 24 worker(s), chunk=400 new bundles per worker ===
proxy creds loaded from /c/Users/saiem/.Renviron (values hidden)
proxy creds loaded from /c/Users/saiem/.Renviron (values hidden)
proxy creds loaded from /c/Users/saiem/.Renviron (values hidden)
proxy creds loaded from /c/Users/saiem/.Renviron (values hidden)
proxy creds loaded from /c/Users/saiem/.Renviron (values hidden)
proxy creds loaded from /c/Users/saiem/.Renviron (values hidden)
log -> logs/capture_20260802_214133.log  (watch: tail -f logs/capture_20260802_214133.log)
log -> logs/capture_20260802_214133.log  (watch: tail -f logs/capture_20260802_214133.log)
proxy creds loaded from /c/Users/saiem/.Renviron (values hidden)
proxy creds loaded from /c/Users/saiem/.Renviron (values hidden)
proxy creds loaded from /c/Users/saiem/.Renviron (values hidden)
log -> logs/capture_20260802_214133.log  (watch: tail -f logs/capture_20260802_214133.log)
proxy creds loaded from /c/Users/saiem/.Renviron (values hidden)
proxy creds loaded from /c/Users/saiem/.Renviron (values hidden)
log -> logs/capture_20260802_214133.log  (watch: tail -f logs/capture_20260802_214133.log)
log -> logs/capture_20260802_214133.log  (watch: tail -f logs/capture_20260802_214133.log)
log -> logs/capture_20260802_214133.log  (watch: tail -f logs/capture_20260802_214133.log)
proxy creds loaded from /c/Users/saiem/.Renviron (values hidden)
log -> logs/capture_20260802_214133.log  (watch: tail -f logs/capture_20260802_214133.log)
log -> logs/capture_20260802_214133.log  (watch: tail -f logs/capture_20260802_214133.log)
log -> logs/capture_20260802_214133.log  (watch: tail -f logs/capture_20260802_214133.log)
proxy creds loaded from /c/Users/saiem/.Renviron (values hidden)
proxy creds loaded from /c/Users/saiem/.Renviron (values hidden)
proxy creds loaded from /c/Users/saiem/.Renviron (values hidden)
log -> logs/capture_20260802_214133.log  (watch: tail -f logs/capture_20260802_214133.log)
log -> logs/capture_20260802_214133.log  (watch: tail -f logs/capture_20260802_214133.log)
proxy creds loaded from /c/Users/saiem/.Renviron (values hidden)
proxy creds loaded from /c/Users/saiem/.Renviron (values hidden)
log -> logs/capture_20260802_214134.log  (watch: tail -f logs/capture_20260802_214134.log)
proxy creds loaded from /c/Users/saiem/.Renviron (values hidden)
proxy creds loaded from /c/Users/saiem/.Renviron (values hidden)
log -> logs/capture_20260802_214134.log  (watch: tail -f logs/capture_20260802_214134.log)
log -> logs/capture_20260802_214134.log  (watch: tail -f logs/capture_20260802_214134.log)
proxy creds loaded from /c/Users/saiem/.Renviron (values hidden)
log -> logs/capture_20260802_214134.log  (watch: tail -f logs/capture_20260802_214134.log)
log -> logs/capture_20260802_214134.log  (watch: tail -f logs/capture_20260802_214134.log)
log -> logs/capture_20260802_214134.log  (watch: tail -f logs/capture_20260802_214134.log)
proxy creds loaded from /c/Users/saiem/.Renviron (values hidden)
log -> logs/capture_20260802_214134.log  (watch: tail -f logs/capture_20260802_214134.log)
proxy creds loaded from /c/Users/saiem/.Renviron (values hidden)
proxy creds loaded from /c/Users/saiem/.Renviron (values hidden)
proxy creds loaded from /c/Users/saiem/.Renviron (values hidden)
log -> logs/capture_20260802_214134.log  (watch: tail -f logs/capture_20260802_214134.log)
log -> logs/capture_20260802_214134.log  (watch: tail -f logs/capture_20260802_214134.log)
log -> logs/capture_20260802_214134.log  (watch: tail -f logs/capture_20260802_214134.log)
log -> logs/capture_20260802_214134.log  (watch: tail -f logs/capture_20260802_214134.log)
log -> logs/capture_20260802_214134.log  (watch: tail -f logs/capture_20260802_214134.log)
log -> logs/capture_20260802_214134.log  (watch: tail -f logs/capture_20260802_214134.log)
pending=5972 shard=5/24 assigned=249
transport: canary vendor 'decodo_patchright'
pending=5972 shard=4/24 assigned=249
transport: canary vendor 'decodo_patchright'
2026-08-02 21:41:40,521 INFO vendor decodo_patchright: 50 prox(y/ies), sticky session re-minted -> session-cap1785721300w4
2026-08-02 21:41:40,516 INFO vendor decodo_patchright: 50 prox(y/ies), sticky session re-minted -> session-cap1785721300w5
captured=0 skipped=249 failed=0
pending=5972 shard=1/24 assigned=249
transport: canary vendor 'decodo_patchright'
2026-08-02 21:41:41,332 INFO vendor decodo_patchright: 50 prox(y/ies), sticky session re-minted -> session-cap1785721301w1
captured=0 skipped=249 failed=0
pending=5972 shard=11/24 assigned=249
transport: canary vendor 'decodo_patchright'
2026-08-02 21:41:41,594 INFO vendor decodo_patchright: 50 prox(y/ies), sticky session re-minted -> session-cap1785721301w11
captured=0 skipped=249 failed=0
pending=5972 shard=14/24 assigned=249
transport: canary vendor 'decodo_patchright'
2026-08-02 21:41:41,789 INFO vendor decodo_patchright: 50 prox(y/ies), sticky session re-minted -> session-cap1785721301w14
captured=0 skipped=249 failed=0
pending=5972 shard=0/24 assigned=249
transport: canary vendor 'decodo_patchright'
2026-08-02 21:41:42,253 INFO vendor decodo_patchright: 50 prox(y/ies), sticky session re-minted -> session-cap1785721302w0
captured=0 skipped=249 failed=0
pending=5972 shard=3/24 assigned=249
transport: canary vendor 'decodo_patchright'
2026-08-02 21:41:42,725 INFO vendor decodo_patchright: 50 prox(y/ies), sticky session re-minted -> session-cap1785721302w3
captured=0 skipped=249 failed=0
pending=5972 shard=12/24 assigned=249
transport: canary vendor 'decodo_patchright'
2026-08-02 21:41:42,740 INFO vendor decodo_patchright: 50 prox(y/ies), sticky session re-minted -> session-cap1785721302w12
pending=5972 shard=9/24 assigned=249
transport: canary vendor 'decodo_patchright'
2026-08-02 21:41:42,734 INFO vendor decodo_patchright: 50 prox(y/ies), sticky session re-minted -> session-cap1785721302w9
captured=0 skipped=249 failed=0
captured=0 skipped=249 failed=0
EXIT=0
pending=5972 shard=2/24 assigned=249
transport: canary vendor 'decodo_patchright'
2026-08-02 21:41:42,860 INFO vendor decodo_patchright: 50 prox(y/ies), sticky session re-minted -> session-cap1785721302w2
captured=0 skipped=249 failed=0
EXIT=0
EXIT=0
EXIT=0
EXIT=0
EXIT=0
pending=5972 shard=19/24 assigned=249
transport: canary vendor 'decodo_patchright'
2026-08-02 21:41:44,031 INFO vendor decodo_patchright: 50 prox(y/ies), sticky session re-minted -> session-cap1785721304w19
captured=0 skipped=249 failed=0
EXIT=0
pending=5972 shard=21/24 assigned=248
transport: canary vendor 'decodo_patchright'
EXIT=0
2026-08-02 21:41:44,093 INFO vendor decodo_patchright: 50 prox(y/ies), sticky session re-minted -> session-cap1785721304w21
captured=0 skipped=248 failed=0
pending=5972 shard=16/24 assigned=249
transport: canary vendor 'decodo_patchright'
pending=5972 shard=8/24 assigned=249
transport: canary vendor 'decodo_patchright'
EXIT=0
2026-08-02 21:41:44,158 INFO vendor decodo_patchright: 50 prox(y/ies), sticky session re-minted -> session-cap1785721304w16
captured=0 skipped=249 failed=0
2026-08-02 21:41:44,204 INFO vendor decodo_patchright: 50 prox(y/ies), sticky session re-minted -> session-cap1785721304w8
captured=0 skipped=249 failed=0
pending=5972 shard=18/24 assigned=249
transport: canary vendor 'decodo_patchright'
2026-08-02 21:41:44,318 INFO vendor decodo_patchright: 50 prox(y/ies), sticky session re-minted -> session-cap1785721304w18
captured=0 skipped=249 failed=0
pending=5972 shard=20/24 assigned=248
transport: canary vendor 'decodo_patchright'
2026-08-02 21:41:44,392 INFO vendor decodo_patchright: 50 prox(y/ies), sticky session re-minted -> session-cap1785721304w20
pending=5972 shard=22/24 assigned=248
transport: canary vendor 'decodo_patchright'
2026-08-02 21:41:44,403 INFO vendor decodo_patchright: 50 prox(y/ies), sticky session re-minted -> session-cap1785721304w22
captured=0 skipped=248 failed=0
captured=0 skipped=248 failed=0
pending=5972 shard=15/24 assigned=249
transport: canary vendor 'decodo_patchright'
2026-08-02 21:41:44,440 INFO vendor decodo_patchright: 50 prox(y/ies), sticky session re-minted -> session-cap1785721304w15
pending=5972 shard=10/24 assigned=249
transport: canary vendor 'decodo_patchright'
pending=5972 shard=7/24 assigned=249
transport: canary vendor 'decodo_patchright'
2026-08-02 21:41:44,457 INFO vendor decodo_patchright: 50 prox(y/ies), sticky session re-minted -> session-cap1785721304w7
pending=5972 shard=6/24 assigned=249
transport: canary vendor 'decodo_patchright'
captured=0 skipped=249 failed=0
2026-08-02 21:41:44,487 INFO vendor decodo_patchright: 50 prox(y/ies), sticky session re-minted -> session-cap1785721304w10
captured=0 skipped=249 failed=0
2026-08-02 21:41:44,495 INFO vendor decodo_patchright: 50 prox(y/ies), sticky session re-minted -> session-cap1785721304w6
captured=0 skipped=249 failed=0
pending=5972 shard=23/24 assigned=248
transport: canary vendor 'decodo_patchright'
2026-08-02 21:41:44,601 INFO vendor decodo_patchright: 50 prox(y/ies), sticky session re-minted -> session-cap1785721304w23
captured=0 skipped=248 failed=0
pending=5972 shard=13/24 assigned=249
transport: canary vendor 'decodo_patchright'
2026-08-02 21:41:44,672 INFO vendor decodo_patchright: 50 prox(y/ies), sticky session re-minted -> session-cap1785721304w13
captured=0 skipped=249 failed=0
pending=5972 shard=17/24 assigned=249
transport: canary vendor 'decodo_patchright'
2026-08-02 21:41:44,834 INFO vendor decodo_patchright: 50 prox(y/ies), sticky session re-minted -> session-cap1785721304w17
captured=0 skipped=249 failed=0
EXIT=0
EXIT=0
EXIT=0
EXIT=0
EXIT=0
EXIT=0
EXIT=0
EXIT=0
EXIT=0
EXIT=0
EXIT=0
EXIT=0
EXIT=0
2026-08-02 21:42:18,061 WARNING challenge not cleared for contest_id=191814 -- bundle not written
captured=0 skipped=248 failed=1
EXIT=0
2026-08-02 22:08:37,043 ERROR BAN-SUSPECT: hard-stopping capture at contest_id=186306: NCAA fetch failed after rotating proxies: https://stats.ncaa.org/contests/186306/play_by_play: patchright: bm-verify not passed after 3 attempts (643-byte body)
BAN-SUSPECT: capture halted at contest_id=186306: NCAA fetch failed after rotating proxies: https://stats.ncaa.org/contests/186306/play_by_play: patchright: bm-verify not passed after 3 attempts (643-byte body)
EXIT=1
[22:08:37] capture stopped (rc=1) -- a ban/soft-ban hard-stop or Ctrl-C (see the capture log).
[22:08:37]   This is RESUMABLE: cool down (a ban clears in minutes-hours), then re-run this
[22:08:37]   script -- already-captured contests are skipped.
[22:08:37] === parse captured bundles -> mbb/json/ ===
log -> logs/parse_20260802_220837.log  (watch: tail -f logs/parse_20260802_220837.log)
seasons=all bundles=58985 pending=0 force=False shard=21/24 assigned=0
parsed=0 failed=0
EXIT=0
[22:08:59] DONE: captured_bundles=58985 parsed_json=58985 (capture rc=1)
[22:08:59] capture INCOMPLETE (rc=1) -- re-run this script to continue before building.
EXIT=1
[2026-08-02 22:09:00] season 2017: chunk 8 hard-stopped (rc=1), 105 remaining -- cooling 1800s
[22:39:00] NCAA MBB backfill: season=2017 workers=24
[22:39:01] watch this run:  tail -f /c/Users/saiem/Documents/GitHub-Data/sdv-dev/hoopR-dev/ncaa-mbb-hoops-raw/logs/backfill_2017_20260802_223900.log
[22:39:01] === skip discover (season 2017 already in schedule_master; delete mbb/schedule_master.parquet to force) ===
[22:39:01] === capture 2017: 24 worker(s), chunk=400 new bundles per worker ===
proxy creds loaded from /c/Users/saiem/.Renviron (values hidden)
proxy creds loaded from /c/Users/saiem/.Renviron (values hidden)
proxy creds loaded from /c/Users/saiem/.Renviron (values hidden)
log -> logs/capture_20260802_223901.log  (watch: tail -f logs/capture_20260802_223901.log)
proxy creds loaded from /c/Users/saiem/.Renviron (values hidden)
proxy creds loaded from /c/Users/saiem/.Renviron (values hidden)
proxy creds loaded from /c/Users/saiem/.Renviron (values hidden)
log -> logs/capture_20260802_223901.log  (watch: tail -f logs/capture_20260802_223901.log)
log -> logs/capture_20260802_223901.log  (watch: tail -f logs/capture_20260802_223901.log)
proxy creds loaded from /c/Users/saiem/.Renviron (values hidden)
proxy creds loaded from /c/Users/saiem/.Renviron (values hidden)
proxy creds loaded from /c/Users/saiem/.Renviron (values hidden)
proxy creds loaded from /c/Users/saiem/.Renviron (values hidden)
log -> logs/capture_20260802_223901.log  (watch: tail -f logs/capture_20260802_223901.log)
log -> logs/capture_20260802_223901.log  (watch: tail -f logs/capture_20260802_223901.log)
proxy creds loaded from /c/Users/saiem/.Renviron (values hidden)
log -> logs/capture_20260802_223901.log  (watch: tail -f logs/capture_20260802_223901.log)
proxy creds loaded from /c/Users/saiem/.Renviron (values hidden)
proxy creds loaded from /c/Users/saiem/.Renviron (values hidden)
log -> logs/capture_20260802_223901.log  (watch: tail -f logs/capture_20260802_223901.log)
proxy creds loaded from /c/Users/saiem/.Renviron (values hidden)
log -> logs/capture_20260802_223901.log  (watch: tail -f logs/capture_20260802_223901.log)
proxy creds loaded from /c/Users/saiem/.Renviron (values hidden)
log -> logs/capture_20260802_223901.log  (watch: tail -f logs/capture_20260802_223901.log)
proxy creds loaded from /c/Users/saiem/.Renviron (values hidden)
log -> logs/capture_20260802_223901.log  (watch: tail -f logs/capture_20260802_223901.log)
log -> logs/capture_20260802_223901.log  (watch: tail -f logs/capture_20260802_223901.log)
proxy creds loaded from /c/Users/saiem/.Renviron (values hidden)
proxy creds loaded from /c/Users/saiem/.Renviron (values hidden)
proxy creds loaded from /c/Users/saiem/.Renviron (values hidden)
log -> logs/capture_20260802_223902.log  (watch: tail -f logs/capture_20260802_223902.log)
log -> logs/capture_20260802_223902.log  (watch: tail -f logs/capture_20260802_223902.log)
log -> logs/capture_20260802_223902.log  (watch: tail -f logs/capture_20260802_223902.log)
log -> logs/capture_20260802_223902.log  (watch: tail -f logs/capture_20260802_223902.log)
proxy creds loaded from /c/Users/saiem/.Renviron (values hidden)
proxy creds loaded from /c/Users/saiem/.Renviron (values hidden)
log -> logs/capture_20260802_223902.log  (watch: tail -f logs/capture_20260802_223902.log)
proxy creds loaded from /c/Users/saiem/.Renviron (values hidden)
log -> logs/capture_20260802_223902.log  (watch: tail -f logs/capture_20260802_223902.log)
proxy creds loaded from /c/Users/saiem/.Renviron (values hidden)
log -> logs/capture_20260802_223902.log  (watch: tail -f logs/capture_20260802_223902.log)
log -> logs/capture_20260802_223902.log  (watch: tail -f logs/capture_20260802_223902.log)
log -> logs/capture_20260802_223902.log  (watch: tail -f logs/capture_20260802_223902.log)
proxy creds loaded from /c/Users/saiem/.Renviron (values hidden)
log -> logs/capture_20260802_223902.log  (watch: tail -f logs/capture_20260802_223902.log)
log -> logs/capture_20260802_223902.log  (watch: tail -f logs/capture_20260802_223902.log)
log -> logs/capture_20260802_223902.log  (watch: tail -f logs/capture_20260802_223902.log)
log -> logs/capture_20260802_223902.log  (watch: tail -f logs/capture_20260802_223902.log)
pending=5972 shard=22/24 assigned=248
transport: canary vendor 'decodo_patchright'
pending=5972 shard=14/24 assigned=249
transport: canary vendor 'decodo_patchright'
pending=5972 shard=10/24 assigned=249
transport: canary vendor 'decodo_patchright'
2026-08-02 22:39:10,692 INFO vendor decodo_patchright: 50 prox(y/ies), sticky session re-minted -> session-cap1785724750w22
pending=5972 shard=16/24 assigned=249
transport: canary vendor 'decodo_patchright'
pending=5972 shard=15/24 assigned=249
transport: canary vendor 'decodo_patchright'
captured=0 skipped=248 failed=0
pending=5972 shard=2/24 assigned=249
transport: canary vendor 'decodo_patchright'
pending=5972 shard=18/24 assigned=249
transport: canary vendor 'decodo_patchright'
pending=5972 shard=21/24 assigned=248
transport: canary vendor 'decodo_patchright'
pending=5972 shard=0/24 assigned=249
transport: canary vendor 'decodo_patchright'
pending=5972 shard=1/24 assigned=249
transport: canary vendor 'decodo_patchright'
pending=5972 shard=3/24 assigned=249
transport: canary vendor 'decodo_patchright'
2026-08-02 22:39:10,887 INFO vendor decodo_patchright: 50 prox(y/ies), sticky session re-minted -> session-cap1785724750w14
captured=0 skipped=249 failed=0
2026-08-02 22:39:10,874 INFO vendor decodo_patchright: 50 prox(y/ies), sticky session re-minted -> session-cap1785724750w0
captured=0 skipped=249 failed=0
2026-08-02 22:39:10,874 INFO vendor decodo_patchright: 50 prox(y/ies), sticky session re-minted -> session-cap1785724750w21
captured=0 skipped=248 failed=0
2026-08-02 22:39:10,904 INFO vendor decodo_patchright: 50 prox(y/ies), sticky session re-minted -> session-cap1785724750w2
captured=0 skipped=249 failed=0
pending=5972 shard=6/24 assigned=249
transport: canary vendor 'decodo_patchright'
pending=5972 shard=17/24 assigned=249
transport: canary vendor 'decodo_patchright'
2026-08-02 22:39:11,028 INFO vendor decodo_patchright: 50 prox(y/ies), sticky session re-minted -> session-cap1785724751w15
2026-08-02 22:39:11,060 INFO vendor decodo_patchright: 50 prox(y/ies), sticky session re-minted -> session-cap1785724751w17
captured=0 skipped=249 failed=0
2026-08-02 22:39:11,086 INFO vendor decodo_patchright: 50 prox(y/ies), sticky session re-minted -> session-cap1785724751w16
captured=0 skipped=249 failed=0
2026-08-02 22:39:11,066 INFO vendor decodo_patchright: 50 prox(y/ies), sticky session re-minted -> session-cap1785724751w18
captured=0 skipped=249 failed=0
2026-08-02 22:39:11,120 INFO vendor decodo_patchright: 50 prox(y/ies), sticky session re-minted -> session-cap1785724751w1
captured=0 skipped=249 failed=0
pending=5972 shard=7/24 assigned=249
transport: canary vendor 'decodo_patchright'
2026-08-02 22:39:11,188 INFO vendor decodo_patchright: 50 prox(y/ies), sticky session re-minted -> session-cap1785724751w7
2026-08-02 22:39:11,182 INFO vendor decodo_patchright: 50 prox(y/ies), sticky session re-minted -> session-cap1785724751w3
2026-08-02 22:39:11,179 INFO vendor decodo_patchright: 50 prox(y/ies), sticky session re-minted -> session-cap1785724751w6
captured=0 skipped=249 failed=0
captured=0 skipped=249 failed=0
captured=0 skipped=249 failed=0
2026-08-02 22:39:11,206 INFO vendor decodo_patchright: 50 prox(y/ies), sticky session re-minted -> session-cap1785724751w10
captured=0 skipped=249 failed=0
pending=5972 shard=12/24 assigned=249
transport: canary vendor 'decodo_patchright'
2026-08-02 22:39:11,250 INFO vendor decodo_patchright: 50 prox(y/ies), sticky session re-minted -> session-cap1785724751w12
captured=0 skipped=249 failed=0
pending=5972 shard=20/24 assigned=248
transport: canary vendor 'decodo_patchright'
2026-08-02 22:39:11,369 INFO vendor decodo_patchright: 50 prox(y/ies), sticky session re-minted -> session-cap1785724751w20
captured=0 skipped=248 failed=0
pending=5972 shard=9/24 assigned=249
transport: canary vendor 'decodo_patchright'
pending=5972 shard=8/24 assigned=249
transport: canary vendor 'decodo_patchright'
pending=5972 shard=11/24 assigned=249
transport: canary vendor 'decodo_patchright'
2026-08-02 22:39:11,502 INFO vendor decodo_patchright: 50 prox(y/ies), sticky session re-minted -> session-cap1785724751w11
captured=0 skipped=249 failed=0
2026-08-02 22:39:11,531 INFO vendor decodo_patchright: 50 prox(y/ies), sticky session re-minted -> session-cap1785724751w8
pending=5972 shard=19/24 assigned=249
transport: canary vendor 'decodo_patchright'
2026-08-02 22:39:11,547 INFO vendor decodo_patchright: 50 prox(y/ies), sticky session re-minted -> session-cap1785724751w9
captured=0 skipped=249 failed=0
captured=0 skipped=249 failed=0
2026-08-02 22:39:11,562 INFO vendor decodo_patchright: 50 prox(y/ies), sticky session re-minted -> session-cap1785724751w19
captured=0 skipped=249 failed=0
pending=5972 shard=13/24 assigned=249
transport: canary vendor 'decodo_patchright'
2026-08-02 22:39:11,637 INFO vendor decodo_patchright: 50 prox(y/ies), sticky session re-minted -> session-cap1785724751w13
EXIT=0
captured=0 skipped=249 failed=0
EXIT=0
EXIT=0
pending=5972 shard=23/24 assigned=248
transport: canary vendor 'decodo_patchright'
2026-08-02 22:39:11,707 INFO vendor decodo_patchright: 50 prox(y/ies), sticky session re-minted -> session-cap1785724751w23
captured=0 skipped=248 failed=0
pending=5972 shard=5/24 assigned=249
transport: canary vendor 'decodo_patchright'
2026-08-02 22:39:11,815 INFO vendor decodo_patchright: 50 prox(y/ies), sticky session re-minted -> session-cap1785724751w5
EXIT=0
EXIT=0
EXIT=0
pending=5972 shard=4/24 assigned=249
transport: canary vendor 'decodo_patchright'
EXIT=0
2026-08-02 22:39:11,933 INFO vendor decodo_patchright: 50 prox(y/ies), sticky session re-minted -> session-cap1785724751w4
captured=0 skipped=249 failed=0
EXIT=0
EXIT=0
EXIT=0
EXIT=0
EXIT=0
EXIT=0
EXIT=0
EXIT=0
EXIT=0
EXIT=0
EXIT=0
EXIT=0
EXIT=0
EXIT=0
EXIT=0
2026-08-02 22:39:46,044 WARNING challenge not cleared for contest_id=191814 -- bundle not written
captured=0 skipped=248 failed=1
EXIT=0
2026-08-02 23:06:41,861 ERROR BAN-SUSPECT: hard-stopping capture at contest_id=186306: NCAA fetch failed after rotating proxies: https://stats.ncaa.org/contests/186306/play_by_play: patchright: bm-verify not passed after 3 attempts (643-byte body)
BAN-SUSPECT: capture halted at contest_id=186306: NCAA fetch failed after rotating proxies: https://stats.ncaa.org/contests/186306/play_by_play: patchright: bm-verify not passed after 3 attempts (643-byte body)
EXIT=1
[23:06:42] capture stopped (rc=1) -- a ban/soft-ban hard-stop or Ctrl-C (see the capture log).
[23:06:42]   This is RESUMABLE: cool down (a ban clears in minutes-hours), then re-run this
[23:06:42]   script -- already-captured contests are skipped.
[23:06:42] === parse captured bundles -> mbb/json/ ===
log -> logs/parse_20260802_230642.log  (watch: tail -f logs/parse_20260802_230642.log)
seasons=all bundles=58985 pending=0 force=False shard=13/24 assigned=0
parsed=0 failed=0
EXIT=0
[23:06:56] DONE: captured_bundles=58985 parsed_json=58985 (capture rc=1)
[23:06:56] capture INCOMPLETE (rc=1) -- re-run this script to continue before building.
EXIT=1
[2026-08-02 23:06:56] season 2017: chunk 9 hard-stopped (rc=1), 105 remaining -- cooling 1800s
[23:36:57] NCAA MBB backfill: season=2017 workers=24
[23:36:57] watch this run:  tail -f /c/Users/saiem/Documents/GitHub-Data/sdv-dev/hoopR-dev/ncaa-mbb-hoops-raw/logs/backfill_2017_20260802_233657.log
[23:36:57] === skip discover (season 2017 already in schedule_master; delete mbb/schedule_master.parquet to force) ===
[23:36:57] === capture 2017: 24 worker(s), chunk=400 new bundles per worker ===
proxy creds loaded from /c/Users/saiem/.Renviron (values hidden)
proxy creds loaded from /c/Users/saiem/.Renviron (values hidden)
proxy creds loaded from /c/Users/saiem/.Renviron (values hidden)
proxy creds loaded from /c/Users/saiem/.Renviron (values hidden)
log -> logs/capture_20260802_233657.log  (watch: tail -f logs/capture_20260802_233657.log)
proxy creds loaded from /c/Users/saiem/.Renviron (values hidden)
proxy creds loaded from /c/Users/saiem/.Renviron (values hidden)
log -> logs/capture_20260802_233657.log  (watch: tail -f logs/capture_20260802_233657.log)
proxy creds loaded from /c/Users/saiem/.Renviron (values hidden)
log -> logs/capture_20260802_233657.log  (watch: tail -f logs/capture_20260802_233657.log)
proxy creds loaded from /c/Users/saiem/.Renviron (values hidden)
proxy creds loaded from /c/Users/saiem/.Renviron (values hidden)
proxy creds loaded from /c/Users/saiem/.Renviron (values hidden)
proxy creds loaded from /c/Users/saiem/.Renviron (values hidden)
log -> logs/capture_20260802_233657.log  (watch: tail -f logs/capture_20260802_233657.log)
proxy creds loaded from /c/Users/saiem/.Renviron (values hidden)
proxy creds loaded from /c/Users/saiem/.Renviron (values hidden)
log -> logs/capture_20260802_233657.log  (watch: tail -f logs/capture_20260802_233657.log)
log -> logs/capture_20260802_233657.log  (watch: tail -f logs/capture_20260802_233657.log)
proxy creds loaded from /c/Users/saiem/.Renviron (values hidden)
log -> logs/capture_20260802_233657.log  (watch: tail -f logs/capture_20260802_233657.log)
proxy creds loaded from /c/Users/saiem/.Renviron (values hidden)
proxy creds loaded from /c/Users/saiem/.Renviron (values hidden)
log -> logs/capture_20260802_233657.log  (watch: tail -f logs/capture_20260802_233657.log)
log -> logs/capture_20260802_233657.log  (watch: tail -f logs/capture_20260802_233657.log)
log -> logs/capture_20260802_233657.log  (watch: tail -f logs/capture_20260802_233657.log)
log -> logs/capture_20260802_233657.log  (watch: tail -f logs/capture_20260802_233657.log)
proxy creds loaded from /c/Users/saiem/.Renviron (values hidden)
log -> logs/capture_20260802_233657.log  (watch: tail -f logs/capture_20260802_233657.log)
log -> logs/capture_20260802_233658.log  (watch: tail -f logs/capture_20260802_233658.log)
log -> logs/capture_20260802_233658.log  (watch: tail -f logs/capture_20260802_233658.log)
proxy creds loaded from /c/Users/saiem/.Renviron (values hidden)
proxy creds loaded from /c/Users/saiem/.Renviron (values hidden)
log -> logs/capture_20260802_233658.log  (watch: tail -f logs/capture_20260802_233658.log)
log -> logs/capture_20260802_233658.log  (watch: tail -f logs/capture_20260802_233658.log)
proxy creds loaded from /c/Users/saiem/.Renviron (values hidden)
proxy creds loaded from /c/Users/saiem/.Renviron (values hidden)
proxy creds loaded from /c/Users/saiem/.Renviron (values hidden)
log -> logs/capture_20260802_233658.log  (watch: tail -f logs/capture_20260802_233658.log)
log -> logs/capture_20260802_233658.log  (watch: tail -f logs/capture_20260802_233658.log)
proxy creds loaded from /c/Users/saiem/.Renviron (values hidden)
log -> logs/capture_20260802_233658.log  (watch: tail -f logs/capture_20260802_233658.log)
log -> logs/capture_20260802_233658.log  (watch: tail -f logs/capture_20260802_233658.log)
log -> logs/capture_20260802_233658.log  (watch: tail -f logs/capture_20260802_233658.log)
proxy creds loaded from /c/Users/saiem/.Renviron (values hidden)
log -> logs/capture_20260802_233658.log  (watch: tail -f logs/capture_20260802_233658.log)
log -> logs/capture_20260802_233658.log  (watch: tail -f logs/capture_20260802_233658.log)
log -> logs/capture_20260802_233658.log  (watch: tail -f logs/capture_20260802_233658.log)
pending=5972 shard=5/24 assigned=249
transport: canary vendor 'decodo_patchright'
pending=5972 shard=15/24 assigned=249
transport: canary vendor 'decodo_patchright'
pending=5972 shard=18/24 assigned=249
transport: canary vendor 'decodo_patchright'
pending=5972 shard=16/24 assigned=249
transport: canary vendor 'decodo_patchright'
pending=5972 shard=10/24 assigned=249
transport: canary vendor 'decodo_patchright'
pending=5972 shard=8/24 assigned=249
transport: canary vendor 'decodo_patchright'
pending=5972 shard=17/24 assigned=249
transport: canary vendor 'decodo_patchright'
pending=5972 shard=12/24 assigned=249
transport: canary vendor 'decodo_patchright'
pending=5972 shard=0/24 assigned=249
transport: canary vendor 'decodo_patchright'
pending=5972 shard=13/24 assigned=249
transport: canary vendor 'decodo_patchright'
2026-08-02 23:37:05,179 INFO vendor decodo_patchright: 50 prox(y/ies), sticky session re-minted -> session-cap1785728225w13
pending=5972 shard=20/24 assigned=248
transport: canary vendor 'decodo_patchright'
pending=5972 shard=2/24 assigned=249
transport: canary vendor 'decodo_patchright'
pending=5972 shard=21/24 assigned=248
transport: canary vendor 'decodo_patchright'
2026-08-02 23:37:05,179 INFO vendor decodo_patchright: 50 prox(y/ies), sticky session re-minted -> session-cap1785728225w21
pending=5972 shard=1/24 assigned=249
transport: canary vendor 'decodo_patchright'
2026-08-02 23:37:05,179 INFO vendor decodo_patchright: 50 prox(y/ies), sticky session re-minted -> session-cap1785728225w20
2026-08-02 23:37:05,179 INFO vendor decodo_patchright: 50 prox(y/ies), sticky session re-minted -> session-cap1785728225w12
2026-08-02 23:37:05,179 INFO vendor decodo_patchright: 50 prox(y/ies), sticky session re-minted -> session-cap1785728225w15
2026-08-02 23:37:05,179 INFO vendor decodo_patchright: 50 prox(y/ies), sticky session re-minted -> session-cap1785728225w18
2026-08-02 23:37:05,179 INFO vendor decodo_patchright: 50 prox(y/ies), sticky session re-minted -> session-cap1785728225w1
2026-08-02 23:37:05,186 INFO vendor decodo_patchright: 50 prox(y/ies), sticky session re-minted -> session-cap1785728225w17
2026-08-02 23:37:05,180 INFO vendor decodo_patchright: 50 prox(y/ies), sticky session re-minted -> session-cap1785728225w0
2026-08-02 23:37:05,179 INFO vendor decodo_patchright: 50 prox(y/ies), sticky session re-minted -> session-cap1785728225w16
2026-08-02 23:37:05,180 INFO vendor decodo_patchright: 50 prox(y/ies), sticky session re-minted -> session-cap1785728225w5
2026-08-02 23:37:05,179 INFO vendor decodo_patchright: 50 prox(y/ies), sticky session re-minted -> session-cap1785728225w10
captured=0 skipped=249 failed=0
2026-08-02 23:37:05,180 INFO vendor decodo_patchright: 50 prox(y/ies), sticky session re-minted -> session-cap1785728225w8
captured=0 skipped=249 failed=0
captured=0 skipped=249 failed=0
captured=0 skipped=249 failed=0
captured=0 skipped=249 failed=0
captured=0 skipped=249 failed=0
captured=0 skipped=249 failed=0
captured=0 skipped=249 failed=0
captured=0 skipped=249 failed=0
captured=0 skipped=248 failed=0
2026-08-02 23:37:05,203 INFO vendor decodo_patchright: 50 prox(y/ies), sticky session re-minted -> session-cap1785728225w2
captured=0 skipped=248 failed=0
captured=0 skipped=249 failed=0
pending=5972 shard=6/24 assigned=249
transport: canary vendor 'decodo_patchright'
pending=5972 shard=22/24 assigned=248
transport: canary vendor 'decodo_patchright'
pending=5972 shard=7/24 assigned=249
transport: canary vendor 'decodo_patchright'
2026-08-02 23:37:05,351 INFO vendor decodo_patchright: 50 prox(y/ies), sticky session re-minted -> session-cap1785728225w22
captured=0 skipped=248 failed=0
2026-08-02 23:37:05,383 INFO vendor decodo_patchright: 50 prox(y/ies), sticky session re-minted -> session-cap1785728225w7
captured=0 skipped=249 failed=0
pending=5972 shard=4/24 assigned=249
transport: canary vendor 'decodo_patchright'
2026-08-02 23:37:05,385 INFO vendor decodo_patchright: 50 prox(y/ies), sticky session re-minted -> session-cap1785728225w6
captured=0 skipped=249 failed=0
2026-08-02 23:37:05,427 INFO vendor decodo_patchright: 50 prox(y/ies), sticky session re-minted -> session-cap1785728225w4
captured=0 skipped=249 failed=0
pending=5972 shard=3/24 assigned=249
transport: canary vendor 'decodo_patchright'
2026-08-02 23:37:05,465 INFO vendor decodo_patchright: 50 prox(y/ies), sticky session re-minted -> session-cap1785728225w3
captured=0 skipped=249 failed=0
pending=5972 shard=23/24 assigned=248
transport: canary vendor 'decodo_patchright'
2026-08-02 23:37:05,518 INFO vendor decodo_patchright: 50 prox(y/ies), sticky session re-minted -> session-cap1785728225w23
pending=5972 shard=9/24 assigned=249
transport: canary vendor 'decodo_patchright'
pending=5972 shard=19/24 assigned=249
transport: canary vendor 'decodo_patchright'
2026-08-02 23:37:05,531 INFO vendor decodo_patchright: 50 prox(y/ies), sticky session re-minted -> session-cap1785728225w19
captured=0 skipped=249 failed=0
2026-08-02 23:37:05,552 INFO vendor decodo_patchright: 50 prox(y/ies), sticky session re-minted -> session-cap1785728225w9
captured=0 skipped=248 failed=0
captured=0 skipped=249 failed=0
pending=5972 shard=11/24 assigned=249
transport: canary vendor 'decodo_patchright'
2026-08-02 23:37:05,661 INFO vendor decodo_patchright: 50 prox(y/ies), sticky session re-minted -> session-cap1785728225w11
captured=0 skipped=249 failed=0
pending=5972 shard=14/24 assigned=249
transport: canary vendor 'decodo_patchright'
2026-08-02 23:37:05,775 INFO vendor decodo_patchright: 50 prox(y/ies), sticky session re-minted -> session-cap1785728225w14
captured=0 skipped=249 failed=0
EXIT=0
EXIT=0
EXIT=0
EXIT=0
EXIT=0
EXIT=0
EXIT=0
EXIT=0
EXIT=0
EXIT=0
EXIT=0
EXIT=0
EXIT=0
EXIT=0
EXIT=0
EXIT=0
EXIT=0
EXIT=0
EXIT=0
EXIT=0
EXIT=0
EXIT=0
2026-08-02 23:38:06,151 WARNING challenge not cleared for contest_id=191814 -- bundle not written
captured=0 skipped=248 failed=1
EXIT=0
2026-08-03 00:07:18,166 ERROR BAN-SUSPECT: hard-stopping capture at contest_id=186306: NCAA fetch failed after rotating proxies: https://stats.ncaa.org/contests/186306/play_by_play: patchright: bm-verify not passed after 3 attempts (643-byte body)
BAN-SUSPECT: capture halted at contest_id=186306: NCAA fetch failed after rotating proxies: https://stats.ncaa.org/contests/186306/play_by_play: patchright: bm-verify not passed after 3 attempts (643-byte body)
EXIT=1
[00:07:18] capture stopped (rc=1) -- a ban/soft-ban hard-stop or Ctrl-C (see the capture log).
[00:07:18]   This is RESUMABLE: cool down (a ban clears in minutes-hours), then re-run this
[00:07:18]   script -- already-captured contests are skipped.
[00:07:18] === parse captured bundles -> mbb/json/ ===
log -> logs/parse_20260803_000718.log  (watch: tail -f logs/parse_20260803_000718.log)
seasons=all bundles=58985 pending=0 force=False shard=20/24 assigned=0
parsed=0 failed=0
EXIT=0
[00:07:33] DONE: captured_bundles=58985 parsed_json=58985 (capture rc=1)
[00:07:33] capture INCOMPLETE (rc=1) -- re-run this script to continue before building.
EXIT=1
[2026-08-03 00:07:34] season 2017: chunk 10 hard-stopped (rc=1), 105 remaining -- cooling 1800s
[00:37:34] NCAA MBB backfill: season=2017 workers=24
[00:37:34] watch this run:  tail -f /c/Users/saiem/Documents/GitHub-Data/sdv-dev/hoopR-dev/ncaa-mbb-hoops-raw/logs/backfill_2017_20260803_003734.log
[00:37:34] === skip discover (season 2017 already in schedule_master; delete mbb/schedule_master.parquet to force) ===
[00:37:34] === capture 2017: 24 worker(s), chunk=400 new bundles per worker ===
proxy creds loaded from /c/Users/saiem/.Renviron (values hidden)
log -> logs/capture_20260803_003735.log  (watch: tail -f logs/capture_20260803_003735.log)
proxy creds loaded from /c/Users/saiem/.Renviron (values hidden)
proxy creds loaded from /c/Users/saiem/.Renviron (values hidden)
proxy creds loaded from /c/Users/saiem/.Renviron (values hidden)
proxy creds loaded from /c/Users/saiem/.Renviron (values hidden)
proxy creds loaded from /c/Users/saiem/.Renviron (values hidden)
proxy creds loaded from /c/Users/saiem/.Renviron (values hidden)
proxy creds loaded from /c/Users/saiem/.Renviron (values hidden)
proxy creds loaded from /c/Users/saiem/.Renviron (values hidden)
log -> logs/capture_20260803_003735.log  (watch: tail -f logs/capture_20260803_003735.log)
log -> logs/capture_20260803_003735.log  (watch: tail -f logs/capture_20260803_003735.log)
proxy creds loaded from /c/Users/saiem/.Renviron (values hidden)
proxy creds loaded from /c/Users/saiem/.Renviron (values hidden)
log -> logs/capture_20260803_003735.log  (watch: tail -f logs/capture_20260803_003735.log)
proxy creds loaded from /c/Users/saiem/.Renviron (values hidden)
log -> logs/capture_20260803_003735.log  (watch: tail -f logs/capture_20260803_003735.log)
log -> logs/capture_20260803_003735.log  (watch: tail -f logs/capture_20260803_003735.log)
proxy creds loaded from /c/Users/saiem/.Renviron (values hidden)
log -> logs/capture_20260803_003735.log  (watch: tail -f logs/capture_20260803_003735.log)
proxy creds loaded from /c/Users/saiem/.Renviron (values hidden)
proxy creds loaded from /c/Users/saiem/.Renviron (values hidden)
log -> logs/capture_20260803_003735.log  (watch: tail -f logs/capture_20260803_003735.log)
proxy creds loaded from /c/Users/saiem/.Renviron (values hidden)
log -> logs/capture_20260803_003735.log  (watch: tail -f logs/capture_20260803_003735.log)
proxy creds loaded from /c/Users/saiem/.Renviron (values hidden)
log -> logs/capture_20260803_003735.log  (watch: tail -f logs/capture_20260803_003735.log)
log -> logs/capture_20260803_003735.log  (watch: tail -f logs/capture_20260803_003735.log)
log -> logs/capture_20260803_003735.log  (watch: tail -f logs/capture_20260803_003735.log)
proxy creds loaded from /c/Users/saiem/.Renviron (values hidden)
proxy creds loaded from /c/Users/saiem/.Renviron (values hidden)
proxy creds loaded from /c/Users/saiem/.Renviron (values hidden)
log -> logs/capture_20260803_003735.log  (watch: tail -f logs/capture_20260803_003735.log)
log -> logs/capture_20260803_003735.log  (watch: tail -f logs/capture_20260803_003735.log)
proxy creds loaded from /c/Users/saiem/.Renviron (values hidden)
log -> logs/capture_20260803_003735.log  (watch: tail -f logs/capture_20260803_003735.log)
log -> logs/capture_20260803_003735.log  (watch: tail -f logs/capture_20260803_003735.log)
proxy creds loaded from /c/Users/saiem/.Renviron (values hidden)
log -> logs/capture_20260803_003735.log  (watch: tail -f logs/capture_20260803_003735.log)
proxy creds loaded from /c/Users/saiem/.Renviron (values hidden)
log -> logs/capture_20260803_003735.log  (watch: tail -f logs/capture_20260803_003735.log)
log -> logs/capture_20260803_003735.log  (watch: tail -f logs/capture_20260803_003735.log)
proxy creds loaded from /c/Users/saiem/.Renviron (values hidden)
log -> logs/capture_20260803_003735.log  (watch: tail -f logs/capture_20260803_003735.log)
log -> logs/capture_20260803_003735.log  (watch: tail -f logs/capture_20260803_003735.log)
log -> logs/capture_20260803_003735.log  (watch: tail -f logs/capture_20260803_003735.log)
log -> logs/capture_20260803_003735.log  (watch: tail -f logs/capture_20260803_003735.log)
log -> logs/capture_20260803_003735.log  (watch: tail -f logs/capture_20260803_003735.log)
pending=5972 shard=3/24 assigned=249
transport: canary vendor 'decodo_patchright'
2026-08-03 00:37:39,596 INFO vendor decodo_patchright: 50 prox(y/ies), sticky session re-minted -> session-cap1785731859w3
captured=0 skipped=249 failed=0
pending=5972 shard=1/24 assigned=249
transport: canary vendor 'decodo_patchright'
2026-08-03 00:37:39,647 INFO vendor decodo_patchright: 50 prox(y/ies), sticky session re-minted -> session-cap1785731859w1
captured=0 skipped=249 failed=0
pending=5972 shard=5/24 assigned=249
transport: canary vendor 'decodo_patchright'
2026-08-03 00:37:40,399 INFO vendor decodo_patchright: 50 prox(y/ies), sticky session re-minted -> session-cap1785731860w5
pending=5972 shard=4/24 assigned=249
transport: canary vendor 'decodo_patchright'
2026-08-03 00:37:40,486 INFO vendor decodo_patchright: 50 prox(y/ies), sticky session re-minted -> session-cap1785731860w4
captured=0 skipped=249 failed=0
pending=5972 shard=2/24 assigned=249
transport: canary vendor 'decodo_patchright'
2026-08-03 00:37:40,691 INFO vendor decodo_patchright: 50 prox(y/ies), sticky session re-minted -> session-cap1785731860w2
captured=0 skipped=249 failed=0
pending=5972 shard=11/24 assigned=249
transport: canary vendor 'decodo_patchright'
pending=5972 shard=9/24 assigned=249
transport: canary vendor 'decodo_patchright'
2026-08-03 00:37:41,104 INFO vendor decodo_patchright: 50 prox(y/ies), sticky session re-minted -> session-cap1785731861w9
pending=5972 shard=0/24 assigned=249
transport: canary vendor 'decodo_patchright'
captured=0 skipped=249 failed=0
pending=5972 shard=6/24 assigned=249
transport: canary vendor 'decodo_patchright'
2026-08-03 00:37:41,156 INFO vendor decodo_patchright: 50 prox(y/ies), sticky session re-minted -> session-cap1785731861w11
captured=0 skipped=249 failed=0
2026-08-03 00:37:41,156 INFO vendor decodo_patchright: 50 prox(y/ies), sticky session re-minted -> session-cap1785731861w0
captured=0 skipped=249 failed=0
2026-08-03 00:37:41,252 INFO vendor decodo_patchright: 50 prox(y/ies), sticky session re-minted -> session-cap1785731861w6
captured=0 skipped=249 failed=0
pending=5972 shard=7/24 assigned=249
transport: canary vendor 'decodo_patchright'
pending=5972 shard=13/24 assigned=249
transport: canary vendor 'decodo_patchright'
2026-08-03 00:37:41,822 INFO vendor decodo_patchright: 50 prox(y/ies), sticky session re-minted -> session-cap1785731861w13
captured=0 skipped=249 failed=0
pending=5972 shard=10/24 assigned=249
transport: canary vendor 'decodo_patchright'
2026-08-03 00:37:41,985 INFO vendor decodo_patchright: 50 prox(y/ies), sticky session re-minted -> session-cap1785731861w7
EXIT=0
captured=0 skipped=249 failed=0
2026-08-03 00:37:42,120 INFO vendor decodo_patchright: 50 prox(y/ies), sticky session re-minted -> session-cap1785731862w10
captured=0 skipped=249 failed=0
EXIT=0
EXIT=0
EXIT=0
EXIT=0
EXIT=0
EXIT=0
EXIT=0
pending=5972 shard=18/24 assigned=249
transport: canary vendor 'decodo_patchright'
pending=5972 shard=21/24 assigned=248
transport: canary vendor 'decodo_patchright'
pending=5972 shard=12/24 assigned=249
transport: canary vendor 'decodo_patchright'
2026-08-03 00:37:42,507 INFO vendor decodo_patchright: 50 prox(y/ies), sticky session re-minted -> session-cap1785731862w18
pending=5972 shard=15/24 assigned=249
transport: canary vendor 'decodo_patchright'
2026-08-03 00:37:42,526 INFO vendor decodo_patchright: 50 prox(y/ies), sticky session re-minted -> session-cap1785731862w21
2026-08-03 00:37:42,526 INFO vendor decodo_patchright: 50 prox(y/ies), sticky session re-minted -> session-cap1785731862w12
pending=5972 shard=8/24 assigned=249
transport: canary vendor 'decodo_patchright'
pending=5972 shard=23/24 assigned=248
transport: canary vendor 'decodo_patchright'
pending=5972 shard=20/24 assigned=248
transport: canary vendor 'decodo_patchright'
captured=0 skipped=249 failed=0
2026-08-03 00:37:42,540 INFO vendor decodo_patchright: 50 prox(y/ies), sticky session re-minted -> session-cap1785731862w15
2026-08-03 00:37:42,545 INFO vendor decodo_patchright: 50 prox(y/ies), sticky session re-minted -> session-cap1785731862w23
2026-08-03 00:37:42,546 INFO vendor decodo_patchright: 50 prox(y/ies), sticky session re-minted -> session-cap1785731862w8
EXIT=0
pending=5972 shard=16/24 assigned=249
transport: canary vendor 'decodo_patchright'
captured=0 skipped=249 failed=0
pending=5972 shard=19/24 assigned=249
transport: canary vendor 'decodo_patchright'
captured=0 skipped=248 failed=0
captured=0 skipped=249 failed=0
2026-08-03 00:37:42,571 INFO vendor decodo_patchright: 50 prox(y/ies), sticky session re-minted -> session-cap1785731862w20
2026-08-03 00:37:42,569 INFO vendor decodo_patchright: 50 prox(y/ies), sticky session re-minted -> session-cap1785731862w19
pending=5972 shard=17/24 assigned=249
transport: canary vendor 'decodo_patchright'
captured=0 skipped=248 failed=0
pending=5972 shard=14/24 assigned=249
transport: canary vendor 'decodo_patchright'
2026-08-03 00:37:42,576 INFO vendor decodo_patchright: 50 prox(y/ies), sticky session re-minted -> session-cap1785731862w16
captured=0 skipped=249 failed=0
2026-08-03 00:37:42,584 INFO vendor decodo_patchright: 50 prox(y/ies), sticky session re-minted -> session-cap1785731862w17
2026-08-03 00:37:42,590 INFO vendor decodo_patchright: 50 prox(y/ies), sticky session re-minted -> session-cap1785731862w14
captured=0 skipped=248 failed=0
captured=0 skipped=249 failed=0
captured=0 skipped=249 failed=0
captured=0 skipped=249 failed=0
pending=5972 shard=22/24 assigned=248
transport: canary vendor 'decodo_patchright'
2026-08-03 00:37:42,658 INFO vendor decodo_patchright: 50 prox(y/ies), sticky session re-minted -> session-cap1785731862w22
captured=0 skipped=248 failed=0
EXIT=0
EXIT=0
EXIT=0
EXIT=0
EXIT=0
EXIT=0
EXIT=0
EXIT=0
EXIT=0
EXIT=0
EXIT=0
EXIT=0
EXIT=0
2026-08-03 00:38:14,796 WARNING challenge not cleared for contest_id=191814 -- bundle not written
captured=0 skipped=248 failed=1
EXIT=0
2026-08-03 01:04:09,771 ERROR BAN-SUSPECT: hard-stopping capture at contest_id=186306: NCAA fetch failed after rotating proxies: https://stats.ncaa.org/contests/186306/play_by_play: patchright: bm-verify not passed after 3 attempts (643-byte body)
BAN-SUSPECT: capture halted at contest_id=186306: NCAA fetch failed after rotating proxies: https://stats.ncaa.org/contests/186306/play_by_play: patchright: bm-verify not passed after 3 attempts (643-byte body)
EXIT=1
[01:04:10] capture stopped (rc=1) -- a ban/soft-ban hard-stop or Ctrl-C (see the capture log).
[01:04:10]   This is RESUMABLE: cool down (a ban clears in minutes-hours), then re-run this
[01:04:10]   script -- already-captured contests are skipped.
[01:04:10] === parse captured bundles -> mbb/json/ ===
log -> logs/parse_20260803_010410.log  (watch: tail -f logs/parse_20260803_010410.log)
seasons=all bundles=58985 pending=0 force=False shard=21/24 assigned=0
parsed=0 failed=0
EXIT=0
[01:04:24] DONE: captured_bundles=58985 parsed_json=58985 (capture rc=1)
[01:04:24] capture INCOMPLETE (rc=1) -- re-run this script to continue before building.
EXIT=1
[2026-08-03 01:04:24] season 2017: chunk 11 hard-stopped (rc=1), 105 remaining -- cooling 1800s
[01:34:27] NCAA MBB backfill: season=2017 workers=24
[01:34:27] watch this run:  tail -f /c/Users/saiem/Documents/GitHub-Data/sdv-dev/hoopR-dev/ncaa-mbb-hoops-raw/logs/backfill_2017_20260803_013427.log
[01:34:28] === skip discover (season 2017 already in schedule_master; delete mbb/schedule_master.parquet to force) ===
[01:34:28] === capture 2017: 24 worker(s), chunk=400 new bundles per worker ===
proxy creds loaded from /c/Users/saiem/.Renviron (values hidden)
proxy creds loaded from /c/Users/saiem/.Renviron (values hidden)
proxy creds loaded from /c/Users/saiem/.Renviron (values hidden)
proxy creds loaded from /c/Users/saiem/.Renviron (values hidden)
proxy creds loaded from /c/Users/saiem/.Renviron (values hidden)
log -> logs/capture_20260803_013428.log  (watch: tail -f logs/capture_20260803_013428.log)
proxy creds loaded from /c/Users/saiem/.Renviron (values hidden)
proxy creds loaded from /c/Users/saiem/.Renviron (values hidden)
proxy creds loaded from /c/Users/saiem/.Renviron (values hidden)
log -> logs/capture_20260803_013428.log  (watch: tail -f logs/capture_20260803_013428.log)
log -> logs/capture_20260803_013428.log  (watch: tail -f logs/capture_20260803_013428.log)
log -> logs/capture_20260803_013428.log  (watch: tail -f logs/capture_20260803_013428.log)
proxy creds loaded from /c/Users/saiem/.Renviron (values hidden)
log -> logs/capture_20260803_013428.log  (watch: tail -f logs/capture_20260803_013428.log)
proxy creds loaded from /c/Users/saiem/.Renviron (values hidden)
log -> logs/capture_20260803_013428.log  (watch: tail -f logs/capture_20260803_013428.log)
proxy creds loaded from /c/Users/saiem/.Renviron (values hidden)
log -> logs/capture_20260803_013428.log  (watch: tail -f logs/capture_20260803_013428.log)
log -> logs/capture_20260803_013428.log  (watch: tail -f logs/capture_20260803_013428.log)
proxy creds loaded from /c/Users/saiem/.Renviron (values hidden)
proxy creds loaded from /c/Users/saiem/.Renviron (values hidden)
log -> logs/capture_20260803_013428.log  (watch: tail -f logs/capture_20260803_013428.log)
proxy creds loaded from /c/Users/saiem/.Renviron (values hidden)
log -> logs/capture_20260803_013428.log  (watch: tail -f logs/capture_20260803_013428.log)
proxy creds loaded from /c/Users/saiem/.Renviron (values hidden)
proxy creds loaded from /c/Users/saiem/.Renviron (values hidden)
log -> logs/capture_20260803_013428.log  (watch: tail -f logs/capture_20260803_013428.log)
proxy creds loaded from /c/Users/saiem/.Renviron (values hidden)
proxy creds loaded from /c/Users/saiem/.Renviron (values hidden)
proxy creds loaded from /c/Users/saiem/.Renviron (values hidden)
log -> logs/capture_20260803_013428.log  (watch: tail -f logs/capture_20260803_013428.log)
proxy creds loaded from /c/Users/saiem/.Renviron (values hidden)
proxy creds loaded from /c/Users/saiem/.Renviron (values hidden)
log -> logs/capture_20260803_013428.log  (watch: tail -f logs/capture_20260803_013428.log)
log -> logs/capture_20260803_013429.log  (watch: tail -f logs/capture_20260803_013429.log)
proxy creds loaded from /c/Users/saiem/.Renviron (values hidden)
log -> logs/capture_20260803_013429.log  (watch: tail -f logs/capture_20260803_013429.log)
log -> logs/capture_20260803_013429.log  (watch: tail -f logs/capture_20260803_013429.log)
proxy creds loaded from /c/Users/saiem/.Renviron (values hidden)
log -> logs/capture_20260803_013429.log  (watch: tail -f logs/capture_20260803_013429.log)
proxy creds loaded from /c/Users/saiem/.Renviron (values hidden)
log -> logs/capture_20260803_013429.log  (watch: tail -f logs/capture_20260803_013429.log)
log -> logs/capture_20260803_013429.log  (watch: tail -f logs/capture_20260803_013429.log)
log -> logs/capture_20260803_013429.log  (watch: tail -f logs/capture_20260803_013429.log)
log -> logs/capture_20260803_013429.log  (watch: tail -f logs/capture_20260803_013429.log)
log -> logs/capture_20260803_013429.log  (watch: tail -f logs/capture_20260803_013429.log)
log -> logs/capture_20260803_013429.log  (watch: tail -f logs/capture_20260803_013429.log)
log -> logs/capture_20260803_013429.log  (watch: tail -f logs/capture_20260803_013429.log)
pending=5972 shard=7/24 assigned=249
transport: canary vendor 'decodo_patchright'
2026-08-03 01:34:33,508 INFO vendor decodo_patchright: 50 prox(y/ies), sticky session re-minted -> session-cap1785735273w7
captured=0 skipped=249 failed=0
pending=5972 shard=0/24 assigned=249
transport: canary vendor 'decodo_patchright'
2026-08-03 01:34:33,879 INFO vendor decodo_patchright: 50 prox(y/ies), sticky session re-minted -> session-cap1785735273w0
captured=0 skipped=249 failed=0
pending=5972 shard=6/24 assigned=249
transport: canary vendor 'decodo_patchright'
2026-08-03 01:34:34,256 INFO vendor decodo_patchright: 50 prox(y/ies), sticky session re-minted -> session-cap1785735274w6
captured=0 skipped=249 failed=0
pending=5972 shard=10/24 assigned=249
transport: canary vendor 'decodo_patchright'
2026-08-03 01:34:34,326 INFO vendor decodo_patchright: 50 prox(y/ies), sticky session re-minted -> session-cap1785735274w10
captured=0 skipped=249 failed=0
pending=5972 shard=1/24 assigned=249
transport: canary vendor 'decodo_patchright'
2026-08-03 01:34:34,475 INFO vendor decodo_patchright: 50 prox(y/ies), sticky session re-minted -> session-cap1785735274w1
captured=0 skipped=249 failed=0
pending=5972 shard=13/24 assigned=249
transport: canary vendor 'decodo_patchright'
2026-08-03 01:34:35,132 INFO vendor decodo_patchright: 50 prox(y/ies), sticky session re-minted -> session-cap1785735275w13
captured=0 skipped=249 failed=0
pending=5972 shard=3/24 assigned=249
transport: canary vendor 'decodo_patchright'
2026-08-03 01:34:35,339 INFO vendor decodo_patchright: 50 prox(y/ies), sticky session re-minted -> session-cap1785735275w3
EXIT=0
captured=0 skipped=249 failed=0
EXIT=0
pending=5972 shard=4/24 assigned=249
transport: canary vendor 'decodo_patchright'
2026-08-03 01:34:35,461 INFO vendor decodo_patchright: 50 prox(y/ies), sticky session re-minted -> session-cap1785735275w4
captured=0 skipped=249 failed=0
EXIT=0
EXIT=0
EXIT=0
pending=5972 shard=18/24 assigned=249
transport: canary vendor 'decodo_patchright'
2026-08-03 01:34:35,715 INFO vendor decodo_patchright: 50 prox(y/ies), sticky session re-minted -> session-cap1785735275w18
captured=0 skipped=249 failed=0
EXIT=0
EXIT=0
pending=5972 shard=23/24 assigned=248
transport: canary vendor 'decodo_patchright'
2026-08-03 01:34:36,473 INFO vendor decodo_patchright: 50 prox(y/ies), sticky session re-minted -> session-cap1785735276w23
pending=5972 shard=12/24 assigned=249
transport: canary vendor 'decodo_patchright'
captured=0 skipped=248 failed=0
EXIT=0
2026-08-03 01:34:36,514 INFO vendor decodo_patchright: 50 prox(y/ies), sticky session re-minted -> session-cap1785735276w12
EXIT=0
captured=0 skipped=249 failed=0
pending=5972 shard=2/24 assigned=249
transport: canary vendor 'decodo_patchright'
2026-08-03 01:34:36,582 INFO vendor decodo_patchright: 50 prox(y/ies), sticky session re-minted -> session-cap1785735276w2
pending=5972 shard=16/24 assigned=249
transport: canary vendor 'decodo_patchright'
captured=0 skipped=249 failed=0
pending=5972 shard=21/24 assigned=248
transport: canary vendor 'decodo_patchright'
2026-08-03 01:34:36,597 INFO vendor decodo_patchright: 50 prox(y/ies), sticky session re-minted -> session-cap1785735276w21
2026-08-03 01:34:36,588 INFO vendor decodo_patchright: 50 prox(y/ies), sticky session re-minted -> session-cap1785735276w16
captured=0 skipped=248 failed=0
captured=0 skipped=249 failed=0
pending=5972 shard=11/24 assigned=249
transport: canary vendor 'decodo_patchright'
pending=5972 shard=9/24 assigned=249
transport: canary vendor 'decodo_patchright'
2026-08-03 01:34:36,626 INFO vendor decodo_patchright: 50 prox(y/ies), sticky session re-minted -> session-cap1785735276w9
pending=5972 shard=5/24 assigned=249
transport: canary vendor 'decodo_patchright'
2026-08-03 01:34:36,626 INFO vendor decodo_patchright: 50 prox(y/ies), sticky session re-minted -> session-cap1785735276w5
captured=0 skipped=249 failed=0
2026-08-03 01:34:36,633 INFO vendor decodo_patchright: 50 prox(y/ies), sticky session re-minted -> session-cap1785735276w11
captured=0 skipped=249 failed=0
pending=5972 shard=20/24 assigned=248
transport: canary vendor 'decodo_patchright'
2026-08-03 01:34:36,682 INFO vendor decodo_patchright: 50 prox(y/ies), sticky session re-minted -> session-cap1785735276w20
captured=0 skipped=248 failed=0
pending=5972 shard=15/24 assigned=249
transport: canary vendor 'decodo_patchright'
2026-08-03 01:34:36,727 INFO vendor decodo_patchright: 50 prox(y/ies), sticky session re-minted -> session-cap1785735276w15
pending=5972 shard=19/24 assigned=249
transport: canary vendor 'decodo_patchright'
2026-08-03 01:34:36,749 INFO vendor decodo_patchright: 50 prox(y/ies), sticky session re-minted -> session-cap1785735276w19
pending=5972 shard=17/24 assigned=249
transport: canary vendor 'decodo_patchright'
captured=0 skipped=249 failed=0
2026-08-03 01:34:36,779 INFO vendor decodo_patchright: 50 prox(y/ies), sticky session re-minted -> session-cap1785735276w17
captured=0 skipped=249 failed=0
pending=5972 shard=14/24 assigned=249
transport: canary vendor 'decodo_patchright'
2026-08-03 01:34:36,830 INFO vendor decodo_patchright: 50 prox(y/ies), sticky session re-minted -> session-cap1785735276w14
captured=0 skipped=249 failed=0
pending=5972 shard=22/24 assigned=248
transport: canary vendor 'decodo_patchright'
pending=5972 shard=8/24 assigned=249
transport: canary vendor 'decodo_patchright'
2026-08-03 01:34:36,909 INFO vendor decodo_patchright: 50 prox(y/ies), sticky session re-minted -> session-cap1785735276w22
captured=0 skipped=248 failed=0
2026-08-03 01:34:36,932 INFO vendor decodo_patchright: 50 prox(y/ies), sticky session re-minted -> session-cap1785735276w8
captured=0 skipped=249 failed=0
EXIT=0
EXIT=0
EXIT=0
EXIT=0
EXIT=0
EXIT=0
EXIT=0
EXIT=0
EXIT=0
EXIT=0
EXIT=0
EXIT=0
EXIT=0
2026-08-03 01:35:11,232 WARNING challenge not cleared for contest_id=191814 -- bundle not written
captured=0 skipped=248 failed=1
EXIT=0
2026-08-03 02:01:12,480 ERROR BAN-SUSPECT: hard-stopping capture at contest_id=186306: NCAA fetch failed after rotating proxies: https://stats.ncaa.org/contests/186306/play_by_play: patchright: bm-verify not passed after 3 attempts (643-byte body)
BAN-SUSPECT: capture halted at contest_id=186306: NCAA fetch failed after rotating proxies: https://stats.ncaa.org/contests/186306/play_by_play: patchright: bm-verify not passed after 3 attempts (643-byte body)
EXIT=1
[02:01:12] capture stopped (rc=1) -- a ban/soft-ban hard-stop or Ctrl-C (see the capture log).
[02:01:12]   This is RESUMABLE: cool down (a ban clears in minutes-hours), then re-run this
[02:01:12]   script -- already-captured contests are skipped.
[02:01:12] === parse captured bundles -> mbb/json/ ===
log -> logs/parse_20260803_020113.log  (watch: tail -f logs/parse_20260803_020113.log)
seasons=all bundles=58985 pending=0 force=False shard=4/24 assigned=0
parsed=0 failed=0

EXIT=0
[02:01:29] DONE: captured_bundles=58985 parsed_json=58985 (capture rc=1)
[02:01:29] capture INCOMPLETE (rc=1) -- re-run this script to continue before building.
EXIT=1
[2026-08-03 02:01:30] season 2017: chunk 12 hard-stopped (rc=1), 105 remaining -- cooling 1800s
[2026-08-03 02:31:31] season 2017: MAX_ROUNDS=12 reached with 105 remaining -- moving on (re-run later to finish)
[2026-08-03 02:31:31] === season 2016 ===
[02:31:33] NCAA MBB backfill: season=2016 workers=24
[02:31:34] watch this run:  tail -f /c/Users/saiem/Documents/GitHub-Data/sdv-dev/hoopR-dev/ncaa-mbb-hoops-raw/logs/backfill_2016_20260803_023133.log
[02:31:37] === skip discover (season 2016 already in schedule_master; delete mbb/schedule_master.parquet to force) ===
[02:31:38] === capture 2016: 24 worker(s), chunk=400 new bundles per worker ===
proxy creds loaded from /c/Users/saiem/.Renviron (values hidden)
proxy creds loaded from /c/Users/saiem/.Renviron (values hidden)
proxy creds loaded from /c/Users/saiem/.Renviron (values hidden)
log -> logs/capture_20260803_023143.log  (watch: tail -f logs/capture_20260803_023143.log)
proxy creds loaded from /c/Users/saiem/.Renviron (values hidden)
log -> logs/capture_20260803_023143.log  (watch: tail -f logs/capture_20260803_023143.log)
proxy creds loaded from /c/Users/saiem/.Renviron (values hidden)
log -> logs/capture_20260803_023143.log  (watch: tail -f logs/capture_20260803_023143.log)
proxy creds loaded from /c/Users/saiem/.Renviron (values hidden)
proxy creds loaded from /c/Users/saiem/.Renviron (values hidden)
proxy creds loaded from /c/Users/saiem/.Renviron (values hidden)
proxy creds loaded from /c/Users/saiem/.Renviron (values hidden)
proxy creds loaded from /c/Users/saiem/.Renviron (values hidden)
proxy creds loaded from /c/Users/saiem/.Renviron (values hidden)
log -> logs/capture_20260803_023144.log  (watch: tail -f logs/capture_20260803_023144.log)
proxy creds loaded from /c/Users/saiem/.Renviron (values hidden)
log -> logs/capture_20260803_023144.log  (watch: tail -f logs/capture_20260803_023144.log)
proxy creds loaded from /c/Users/saiem/.Renviron (values hidden)
proxy creds loaded from /c/Users/saiem/.Renviron (values hidden)
proxy creds loaded from /c/Users/saiem/.Renviron (values hidden)
proxy creds loaded from /c/Users/saiem/.Renviron (values hidden)
log -> logs/capture_20260803_023144.log  (watch: tail -f logs/capture_20260803_023144.log)
proxy creds loaded from /c/Users/saiem/.Renviron (values hidden)
proxy creds loaded from /c/Users/saiem/.Renviron (values hidden)
log -> logs/capture_20260803_023144.log  (watch: tail -f logs/capture_20260803_023144.log)
log -> logs/capture_20260803_023144.log  (watch: tail -f logs/capture_20260803_023144.log)
log -> logs/capture_20260803_023144.log  (watch: tail -f logs/capture_20260803_023144.log)
log -> logs/capture_20260803_023144.log  (watch: tail -f logs/capture_20260803_023144.log)
log -> logs/capture_20260803_023144.log  (watch: tail -f logs/capture_20260803_023144.log)
log -> logs/capture_20260803_023144.log  (watch: tail -f logs/capture_20260803_023144.log)
log -> logs/capture_20260803_023144.log  (watch: tail -f logs/capture_20260803_023144.log)
log -> logs/capture_20260803_023144.log  (watch: tail -f logs/capture_20260803_023144.log)
proxy creds loaded from /c/Users/saiem/.Renviron (values hidden)
log -> logs/capture_20260803_023144.log  (watch: tail -f logs/capture_20260803_023144.log)
log -> logs/capture_20260803_023144.log  (watch: tail -f logs/capture_20260803_023144.log)
log -> logs/capture_20260803_023144.log  (watch: tail -f logs/capture_20260803_023144.log)
log -> logs/capture_20260803_023144.log  (watch: tail -f logs/capture_20260803_023144.log)
proxy creds loaded from /c/Users/saiem/.Renviron (values hidden)
proxy creds loaded from /c/Users/saiem/.Renviron (values hidden)
proxy creds loaded from /c/Users/saiem/.Renviron (values hidden)
log -> logs/capture_20260803_023144.log  (watch: tail -f logs/capture_20260803_023144.log)
proxy creds loaded from /c/Users/saiem/.Renviron (values hidden)
log -> logs/capture_20260803_023144.log  (watch: tail -f logs/capture_20260803_023144.log)
log -> logs/capture_20260803_023144.log  (watch: tail -f logs/capture_20260803_023144.log)
proxy creds loaded from /c/Users/saiem/.Renviron (values hidden)
log -> logs/capture_20260803_023145.log  (watch: tail -f logs/capture_20260803_023145.log)
log -> logs/capture_20260803_023145.log  (watch: tail -f logs/capture_20260803_023145.log)
log -> logs/capture_20260803_023145.log  (watch: tail -f logs/capture_20260803_023145.log)
pending=5950 shard=1/24 assigned=248
transport: canary vendor 'decodo_patchright'
pending=5950 shard=6/24 assigned=248
transport: canary vendor 'decodo_patchright'
2026-08-03 02:31:53,089 INFO vendor decodo_patchright: 50 prox(y/ies), sticky session re-minted -> session-cap1785738713w1
2026-08-03 02:31:53,089 INFO vendor decodo_patchright: 50 prox(y/ies), sticky session re-minted -> session-cap1785738713w6
pending=5950 shard=0/24 assigned=248
transport: canary vendor 'decodo_patchright'
2026-08-03 02:31:53,928 INFO vendor decodo_patchright: 50 prox(y/ies), sticky session re-minted -> session-cap1785738713w0
pending=5950 shard=12/24 assigned=248
transport: canary vendor 'decodo_patchright'
2026-08-03 02:31:54,686 INFO vendor decodo_patchright: 50 prox(y/ies), sticky session re-minted -> session-cap1785738714w12
pending=5950 shard=13/24 assigned=248
transport: canary vendor 'decodo_patchright'
2026-08-03 02:31:55,937 INFO vendor decodo_patchright: 50 prox(y/ies), sticky session re-minted -> session-cap1785738715w13
pending=5950 shard=21/24 assigned=248
transport: canary vendor 'decodo_patchright'
2026-08-03 02:31:56,306 INFO vendor decodo_patchright: 50 prox(y/ies), sticky session re-minted -> session-cap1785738716w21
pending=5950 shard=8/24 assigned=248
transport: canary vendor 'decodo_patchright'
2026-08-03 02:31:57,161 INFO vendor decodo_patchright: 50 prox(y/ies), sticky session re-minted -> session-cap1785738717w8
pending=5950 shard=4/24 assigned=248
transport: canary vendor 'decodo_patchright'
2026-08-03 02:31:57,408 INFO vendor decodo_patchright: 50 prox(y/ies), sticky session re-minted -> session-cap1785738717w4
pending=5950 shard=11/24 assigned=248
transport: canary vendor 'decodo_patchright'
2026-08-03 02:31:58,291 INFO vendor decodo_patchright: 50 prox(y/ies), sticky session re-minted -> session-cap1785738718w11
pending=5950 shard=2/24 assigned=248
transport: canary vendor 'decodo_patchright'
2026-08-03 02:31:58,413 INFO vendor decodo_patchright: 50 prox(y/ies), sticky session re-minted -> session-cap1785738718w2
pending=5950 shard=10/24 assigned=248
transport: canary vendor 'decodo_patchright'
2026-08-03 02:31:59,329 INFO vendor decodo_patchright: 50 prox(y/ies), sticky session re-minted -> session-cap1785738719w10
pending=5950 shard=23/24 assigned=247
transport: canary vendor 'decodo_patchright'
2026-08-03 02:31:59,465 INFO vendor decodo_patchright: 50 prox(y/ies), sticky session re-minted -> session-cap1785738719w23
pending=5950 shard=18/24 assigned=248
transport: canary vendor 'decodo_patchright'
2026-08-03 02:31:59,431 INFO vendor decodo_patchright: 50 prox(y/ies), sticky session re-minted -> session-cap1785738719w18
pending=5950 shard=19/24 assigned=248
transport: canary vendor 'decodo_patchright'
2026-08-03 02:31:59,736 INFO vendor decodo_patchright: 50 prox(y/ies), sticky session re-minted -> session-cap1785738719w19
pending=5950 shard=22/24 assigned=247
transport: canary vendor 'decodo_patchright'
2026-08-03 02:32:02,685 INFO vendor decodo_patchright: 50 prox(y/ies), sticky session re-minted -> session-cap1785738722w22
pending=5950 shard=17/24 assigned=248
transport: canary vendor 'decodo_patchright'
2026-08-03 02:32:02,905 INFO vendor decodo_patchright: 50 prox(y/ies), sticky session re-minted -> session-cap1785738722w17
pending=5950 shard=15/24 assigned=248
transport: canary vendor 'decodo_patchright'
2026-08-03 02:32:03,759 INFO vendor decodo_patchright: 50 prox(y/ies), sticky session re-minted -> session-cap1785738723w15
pending=5950 shard=16/24 assigned=248
transport: canary vendor 'decodo_patchright'
2026-08-03 02:32:04,938 INFO vendor decodo_patchright: 50 prox(y/ies), sticky session re-minted -> session-cap1785738724w16
pending=5950 shard=20/24 assigned=248
transport: canary vendor 'decodo_patchright'
pending=5950 shard=5/24 assigned=248
transport: canary vendor 'decodo_patchright'
2026-08-03 02:32:05,713 INFO vendor decodo_patchright: 50 prox(y/ies), sticky session re-minted -> session-cap1785738725w20
2026-08-03 02:32:06,087 INFO vendor decodo_patchright: 50 prox(y/ies), sticky session re-minted -> session-cap1785738726w5
pending=5950 shard=14/24 assigned=248
transport: canary vendor 'decodo_patchright'
2026-08-03 02:32:06,160 INFO vendor decodo_patchright: 50 prox(y/ies), sticky session re-minted -> session-cap1785738726w14
pending=5950 shard=9/24 assigned=248
transport: canary vendor 'decodo_patchright'
2026-08-03 02:32:07,100 INFO vendor decodo_patchright: 50 prox(y/ies), sticky session re-minted -> session-cap1785738727w9
pending=5950 shard=3/24 assigned=248
transport: canary vendor 'decodo_patchright'
pending=5950 shard=7/24 assigned=248
transport: canary vendor 'decodo_patchright'
2026-08-03 02:32:07,956 INFO vendor decodo_patchright: 50 prox(y/ies), sticky session re-minted -> session-cap1785738727w3
2026-08-03 02:32:08,216 INFO vendor decodo_patchright: 50 prox(y/ies), sticky session re-minted -> session-cap1785738728w7
2026-08-03 03:12:10,089 ERROR BAN-SUSPECT: hard-stopping capture at contest_id=241423: NCAA fetch failed after rotating proxies: https://stats.ncaa.org/contests/241423/play_by_play: patchright: bm-verify not passed after 3 attempts (643-byte body)
BAN-SUSPECT: capture halted at contest_id=241423: NCAA fetch failed after rotating proxies: https://stats.ncaa.org/contests/241423/play_by_play: patchright: bm-verify not passed after 3 attempts (643-byte body)
EXIT=1
2026-08-03 04:33:19,349 WARNING challenge not cleared for contest_id=255413 -- bundle not written
captured=248 skipped=0 failed=0
EXIT=0
captured=248 skipped=0 failed=0
EXIT=0
2026-08-03 04:36:49,824 ERROR Error on reading from the event loop self pipe
loop: <ProactorEventLoop running=True closed=False debug=False>
Traceback (most recent call last):
  File "C:\Users\saiem\AppData\Roaming\uv\python\cpython-3.13.2-windows-x86_64-none\Lib\asyncio\proactor_events.py", line 792, in _loop_self_reading
    f.result()  # may raise
    ~~~~~~~~^^
  File "C:\Users\saiem\AppData\Roaming\uv\python\cpython-3.13.2-windows-x86_64-none\Lib\asyncio\windows_events.py", line 804, in _poll
    value = callback(transferred, key, ov)
  File "C:\Users\saiem\AppData\Roaming\uv\python\cpython-3.13.2-windows-x86_64-none\Lib\asyncio\windows_events.py", line 463, in finish_socket_func
    return ov.getresult()
           ~~~~~~~~~~~~^^
ConnectionAbortedError: [WinError 1236] The network connection was aborted by the local system
2026-08-03 04:36:49,825 ERROR Error on reading from the event loop self pipe
loop: <ProactorEventLoop running=True closed=False debug=False>
Traceback (most recent call last):
  File "C:\Users\saiem\AppData\Roaming\uv\python\cpython-3.13.2-windows-x86_64-none\Lib\asyncio\proactor_events.py", line 792, in _loop_self_reading
    f.result()  # may raise
    ~~~~~~~~^^
  File "C:\Users\saiem\AppData\Roaming\uv\python\cpython-3.13.2-windows-x86_64-none\Lib\asyncio\windows_events.py", line 804, in _poll
    value = callback(transferred, key, ov)
  File "C:\Users\saiem\AppData\Roaming\uv\python\cpython-3.13.2-windows-x86_64-none\Lib\asyncio\windows_events.py", line 463, in finish_socket_func
    return ov.getresult()
           ~~~~~~~~~~~~^^
ConnectionAbortedError: [WinError 1236] The network connection was aborted by the local system
2026-08-03 04:36:49,826 ERROR Error on reading from the event loop self pipe
loop: <ProactorEventLoop running=True closed=False debug=False>
Traceback (most recent call last):
  File "C:\Users\saiem\AppData\Roaming\uv\python\cpython-3.13.2-windows-x86_64-none\Lib\asyncio\proactor_events.py", line 792, in _loop_self_reading
    f.result()  # may raise
    ~~~~~~~~^^
  File "C:\Users\saiem\AppData\Roaming\uv\python\cpython-3.13.2-windows-x86_64-none\Lib\asyncio\windows_events.py", line 804, in _poll
    value = callback(transferred, key, ov)
  File "C:\Users\saiem\AppData\Roaming\uv\python\cpython-3.13.2-windows-x86_64-none\Lib\asyncio\windows_events.py", line 463, in finish_socket_func
    return ov.getresult()
           ~~~~~~~~~~~~^^
ConnectionAbortedError: [WinError 1236] The network connection was aborted by the local system
2026-08-03 04:36:49,824 ERROR Error on reading from the event loop self pipe
loop: <ProactorEventLoop running=True closed=False debug=False>
Traceback (most recent call last):
  File "C:\Users\saiem\AppData\Roaming\uv\python\cpython-3.13.2-windows-x86_64-none\Lib\asyncio\proactor_events.py", line 792, in _loop_self_reading
    f.result()  # may raise
    ~~~~~~~~^^
  File "C:\Users\saiem\AppData\Roaming\uv\python\cpython-3.13.2-windows-x86_64-none\Lib\asyncio\windows_events.py", line 804, in _poll
    value = callback(transferred, key, ov)
  File "C:\Users\saiem\AppData\Roaming\uv\python\cpython-3.13.2-windows-x86_64-none\Lib\asyncio\windows_events.py", line 463, in finish_socket_func
    return ov.getresult()
           ~~~~~~~~~~~~^^
ConnectionAbortedError: [WinError 1236] The network connection was aborted by the local system
2026-08-03 04:36:49,822 ERROR Error on reading from the event loop self pipe
loop: <ProactorEventLoop running=True closed=False debug=False>
Traceback (most recent call last):
  File "C:\Users\saiem\AppData\Roaming\uv\python\cpython-3.13.2-windows-x86_64-none\Lib\asyncio\proactor_events.py", line 792, in _loop_self_reading
    f.result()  # may raise
    ~~~~~~~~^^
  File "C:\Users\saiem\AppData\Roaming\uv\python\cpython-3.13.2-windows-x86_64-none\Lib\asyncio\windows_events.py", line 804, in _poll
    value = callback(transferred, key, ov)
  File "C:\Users\saiem\AppData\Roaming\uv\python\cpython-3.13.2-windows-x86_64-none\Lib\asyncio\windows_events.py", line 463, in finish_socket_func
    return ov.getresult()
           ~~~~~~~~~~~~^^
ConnectionAbortedError: [WinError 1236] The network connection was aborted by the local system
2026-08-03 04:36:49,824 ERROR Error on reading from the event loop self pipe
loop: <ProactorEventLoop running=True closed=False debug=False>
Traceback (most recent call last):
  File "C:\Users\saiem\AppData\Roaming\uv\python\cpython-3.13.2-windows-x86_64-none\Lib\asyncio\proactor_events.py", line 792, in _loop_self_reading
    f.result()  # may raise
    ~~~~~~~~^^
  File "C:\Users\saiem\AppData\Roaming\uv\python\cpython-3.13.2-windows-x86_64-none\Lib\asyncio\windows_events.py", line 804, in _poll
    value = callback(transferred, key, ov)
  File "C:\Users\saiem\AppData\Roaming\uv\python\cpython-3.13.2-windows-x86_64-none\Lib\asyncio\windows_events.py", line 463, in finish_socket_func
    return ov.getresult()
           ~~~~~~~~~~~~^^
ConnectionAbortedError: [WinError 1236] The network connection was aborted by the local system
2026-08-03 04:36:49,823 ERROR Error on reading from the event loop self pipe
loop: <ProactorEventLoop running=True closed=False debug=False>
Traceback (most recent call last):
  File "C:\Users\saiem\AppData\Roaming\uv\python\cpython-3.13.2-windows-x86_64-none\Lib\asyncio\proactor_events.py", line 792, in _loop_self_reading
    f.result()  # may raise
    ~~~~~~~~^^
  File "C:\Users\saiem\AppData\Roaming\uv\python\cpython-3.13.2-windows-x86_64-none\Lib\asyncio\windows_events.py", line 804, in _poll
    value = callback(transferred, key, ov)
  File "C:\Users\saiem\AppData\Roaming\uv\python\cpython-3.13.2-windows-x86_64-none\Lib\asyncio\windows_events.py", line 463, in finish_socket_func
    return ov.getresult()
           ~~~~~~~~~~~~^^
ConnectionAbortedError: [WinError 1236] The network connection was aborted by the local system
2026-08-03 04:36:49,823 ERROR Error on reading from the event loop self pipe
loop: <ProactorEventLoop running=True closed=False debug=False>
Traceback (most recent call last):
  File "C:\Users\saiem\AppData\Roaming\uv\python\cpython-3.13.2-windows-x86_64-none\Lib\asyncio\proactor_events.py", line 792, in _loop_self_reading
    f.result()  # may raise
    ~~~~~~~~^^
  File "C:\Users\saiem\AppData\Roaming\uv\python\cpython-3.13.2-windows-x86_64-none\Lib\asyncio\windows_events.py", line 804, in _poll
    value = callback(transferred, key, ov)
  File "C:\Users\saiem\AppData\Roaming\uv\python\cpython-3.13.2-windows-x86_64-none\Lib\asyncio\windows_events.py", line 463, in finish_socket_func
    return ov.getresult()
           ~~~~~~~~~~~~^^
ConnectionAbortedError: [WinError 1236] The network connection was aborted by the local system
2026-08-03 04:36:49,820 ERROR Error on reading from the event loop self pipe
loop: <ProactorEventLoop running=True closed=False debug=False>
Traceback (most recent call last):
  File "C:\Users\saiem\AppData\Roaming\uv\python\cpython-3.13.2-windows-x86_64-none\Lib\asyncio\proactor_events.py", line 792, in _loop_self_reading
    f.result()  # may raise
    ~~~~~~~~^^
  File "C:\Users\saiem\AppData\Roaming\uv\python\cpython-3.13.2-windows-x86_64-none\Lib\asyncio\windows_events.py", line 804, in _poll
    value = callback(transferred, key, ov)
  File "C:\Users\saiem\AppData\Roaming\uv\python\cpython-3.13.2-windows-x86_64-none\Lib\asyncio\windows_events.py", line 463, in finish_socket_func
    return ov.getresult()
           ~~~~~~~~~~~~^^
ConnectionAbortedError: [WinError 1236] The network connection was aborted by the local system
2026-08-03 04:36:49,823 ERROR Error on reading from the event loop self pipe
loop: <ProactorEventLoop running=True closed=False debug=False>
Traceback (most recent call last):
  File "C:\Users\saiem\AppData\Roaming\uv\python\cpython-3.13.2-windows-x86_64-none\Lib\asyncio\proactor_events.py", line 792, in _loop_self_reading
    f.result()  # may raise
    ~~~~~~~~^^
  File "C:\Users\saiem\AppData\Roaming\uv\python\cpython-3.13.2-windows-x86_64-none\Lib\asyncio\windows_events.py", line 804, in _poll
    value = callback(transferred, key, ov)
  File "C:\Users\saiem\AppData\Roaming\uv\python\cpython-3.13.2-windows-x86_64-none\Lib\asyncio\windows_events.py", line 463, in finish_socket_func
    return ov.getresult()
           ~~~~~~~~~~~~^^
ConnectionAbortedError: [WinError 1236] The network connection was aborted by the local system
2026-08-03 04:36:49,825 ERROR Error on reading from the event loop self pipe
loop: <ProactorEventLoop running=True closed=False debug=False>
Traceback (most recent call last):
  File "C:\Users\saiem\AppData\Roaming\uv\python\cpython-3.13.2-windows-x86_64-none\Lib\asyncio\proactor_events.py", line 792, in _loop_self_reading
    f.result()  # may raise
    ~~~~~~~~^^
  File "C:\Users\saiem\AppData\Roaming\uv\python\cpython-3.13.2-windows-x86_64-none\Lib\asyncio\windows_events.py", line 804, in _poll
    value = callback(transferred, key, ov)
  File "C:\Users\saiem\AppData\Roaming\uv\python\cpython-3.13.2-windows-x86_64-none\Lib\asyncio\windows_events.py", line 463, in finish_socket_func
    return ov.getresult()
           ~~~~~~~~~~~~^^
ConnectionAbortedError: [WinError 1236] The network connection was aborted by the local system
2026-08-03 04:36:49,824 ERROR Error on reading from the event loop self pipe
loop: <ProactorEventLoop running=True closed=False debug=False>
Traceback (most recent call last):
  File "C:\Users\saiem\AppData\Roaming\uv\python\cpython-3.13.2-windows-x86_64-none\Lib\asyncio\proactor_events.py", line 792, in _loop_self_reading
    f.result()  # may raise
    ~~~~~~~~^^
  File "C:\Users\saiem\AppData\Roaming\uv\python\cpython-3.13.2-windows-x86_64-none\Lib\asyncio\windows_events.py", line 804, in _poll
    value = callback(transferred, key, ov)
  File "C:\Users\saiem\AppData\Roaming\uv\python\cpython-3.13.2-windows-x86_64-none\Lib\asyncio\windows_events.py", line 463, in finish_socket_func
    return ov.getresult()
           ~~~~~~~~~~~~^^
ConnectionAbortedError: [WinError 1236] The network connection was aborted by the local system
2026-08-03 04:36:49,820 ERROR Error on reading from the event loop self pipe
loop: <ProactorEventLoop running=True closed=False debug=False>
Traceback (most recent call last):
  File "C:\Users\saiem\AppData\Roaming\uv\python\cpython-3.13.2-windows-x86_64-none\Lib\asyncio\proactor_events.py", line 792, in _loop_self_reading
    f.result()  # may raise
    ~~~~~~~~^^
  File "C:\Users\saiem\AppData\Roaming\uv\python\cpython-3.13.2-windows-x86_64-none\Lib\asyncio\windows_events.py", line 804, in _poll
    value = callback(transferred, key, ov)
  File "C:\Users\saiem\AppData\Roaming\uv\python\cpython-3.13.2-windows-x86_64-none\Lib\asyncio\windows_events.py", line 463, in finish_socket_func
    return ov.getresult()
           ~~~~~~~~~~~~^^
ConnectionAbortedError: [WinError 1236] The network connection was aborted by the local system
2026-08-03 04:36:49,823 ERROR Error on reading from the event loop self pipe
loop: <ProactorEventLoop running=True closed=False debug=False>
Traceback (most recent call last):
  File "C:\Users\saiem\AppData\Roaming\uv\python\cpython-3.13.2-windows-x86_64-none\Lib\asyncio\proactor_events.py", line 792, in _loop_self_reading
    f.result()  # may raise
    ~~~~~~~~^^
  File "C:\Users\saiem\AppData\Roaming\uv\python\cpython-3.13.2-windows-x86_64-none\Lib\asyncio\windows_events.py", line 804, in _poll
    value = callback(transferred, key, ov)
  File "C:\Users\saiem\AppData\Roaming\uv\python\cpython-3.13.2-windows-x86_64-none\Lib\asyncio\windows_events.py", line 463, in finish_socket_func
    return ov.getresult()
           ~~~~~~~~~~~~^^
ConnectionAbortedError: [WinError 1236] The network connection was aborted by the local system
2026-08-03 04:36:49,822 ERROR Error on reading from the event loop self pipe
loop: <ProactorEventLoop running=True closed=False debug=False>
Traceback (most recent call last):
  File "C:\Users\saiem\AppData\Roaming\uv\python\cpython-3.13.2-windows-x86_64-none\Lib\asyncio\proactor_events.py", line 792, in _loop_self_reading
    f.result()  # may raise
    ~~~~~~~~^^
  File "C:\Users\saiem\AppData\Roaming\uv\python\cpython-3.13.2-windows-x86_64-none\Lib\asyncio\windows_events.py", line 804, in _poll
    value = callback(transferred, key, ov)
  File "C:\Users\saiem\AppData\Roaming\uv\python\cpython-3.13.2-windows-x86_64-none\Lib\asyncio\windows_events.py", line 463, in finish_socket_func
    return ov.getresult()
           ~~~~~~~~~~~~^^
ConnectionAbortedError: [WinError 1236] The network connection was aborted by the local system
2026-08-03 04:36:49,826 ERROR Error on reading from the event loop self pipe
loop: <ProactorEventLoop running=True closed=False debug=False>
Traceback (most recent call last):
  File "C:\Users\saiem\AppData\Roaming\uv\python\cpython-3.13.2-windows-x86_64-none\Lib\asyncio\proactor_events.py", line 792, in _loop_self_reading
    f.result()  # may raise
    ~~~~~~~~^^
  File "C:\Users\saiem\AppData\Roaming\uv\python\cpython-3.13.2-windows-x86_64-none\Lib\asyncio\windows_events.py", line 804, in _poll
    value = callback(transferred, key, ov)
  File "C:\Users\saiem\AppData\Roaming\uv\python\cpython-3.13.2-windows-x86_64-none\Lib\asyncio\windows_events.py", line 463, in finish_socket_func
    return ov.getresult()
           ~~~~~~~~~~~~^^
ConnectionAbortedError: [WinError 1236] The network connection was aborted by the local system
2026-08-03 04:36:49,822 ERROR Error on reading from the event loop self pipe
loop: <ProactorEventLoop running=True closed=False debug=False>
Traceback (most recent call last):
  File "C:\Users\saiem\AppData\Roaming\uv\python\cpython-3.13.2-windows-x86_64-none\Lib\asyncio\proactor_events.py", line 792, in _loop_self_reading
    f.result()  # may raise
    ~~~~~~~~^^
  File "C:\Users\saiem\AppData\Roaming\uv\python\cpython-3.13.2-windows-x86_64-none\Lib\asyncio\windows_events.py", line 804, in _poll
    value = callback(transferred, key, ov)
  File "C:\Users\saiem\AppData\Roaming\uv\python\cpython-3.13.2-windows-x86_64-none\Lib\asyncio\windows_events.py", line 463, in finish_socket_func
    return ov.getresult()
           ~~~~~~~~~~~~^^
ConnectionAbortedError: [WinError 1236] The network connection was aborted by the local system
2026-08-03 04:36:49,822 ERROR Error on reading from the event loop self pipe
loop: <ProactorEventLoop running=True closed=False debug=False>
Traceback (most recent call last):
  File "C:\Users\saiem\AppData\Roaming\uv\python\cpython-3.13.2-windows-x86_64-none\Lib\asyncio\proactor_events.py", line 792, in _loop_self_reading
    f.result()  # may raise
    ~~~~~~~~^^
  File "C:\Users\saiem\AppData\Roaming\uv\python\cpython-3.13.2-windows-x86_64-none\Lib\asyncio\windows_events.py", line 804, in _poll
    value = callback(transferred, key, ov)
  File "C:\Users\saiem\AppData\Roaming\uv\python\cpython-3.13.2-windows-x86_64-none\Lib\asyncio\windows_events.py", line 463, in finish_socket_func
    return ov.getresult()
           ~~~~~~~~~~~~^^
ConnectionAbortedError: [WinError 1236] The network connection was aborted by the local system
2026-08-03 04:36:49,823 ERROR Error on reading from the event loop self pipe
loop: <ProactorEventLoop running=True closed=False debug=False>
Traceback (most recent call last):
  File "C:\Users\saiem\AppData\Roaming\uv\python\cpython-3.13.2-windows-x86_64-none\Lib\asyncio\proactor_events.py", line 792, in _loop_self_reading
    f.result()  # may raise
    ~~~~~~~~^^
  File "C:\Users\saiem\AppData\Roaming\uv\python\cpython-3.13.2-windows-x86_64-none\Lib\asyncio\windows_events.py", line 804, in _poll
    value = callback(transferred, key, ov)
  File "C:\Users\saiem\AppData\Roaming\uv\python\cpython-3.13.2-windows-x86_64-none\Lib\asyncio\windows_events.py", line 463, in finish_socket_func
    return ov.getresult()
           ~~~~~~~~~~~~^^
ConnectionAbortedError: [WinError 1236] The network connection was aborted by the local system
2026-08-03 04:36:49,820 ERROR Error on reading from the event loop self pipe
loop: <ProactorEventLoop running=True closed=False debug=False>
Traceback (most recent call last):
  File "C:\Users\saiem\AppData\Roaming\uv\python\cpython-3.13.2-windows-x86_64-none\Lib\asyncio\proactor_events.py", line 792, in _loop_self_reading
    f.result()  # may raise
    ~~~~~~~~^^
  File "C:\Users\saiem\AppData\Roaming\uv\python\cpython-3.13.2-windows-x86_64-none\Lib\asyncio\windows_events.py", line 804, in _poll
    value = callback(transferred, key, ov)
  File "C:\Users\saiem\AppData\Roaming\uv\python\cpython-3.13.2-windows-x86_64-none\Lib\asyncio\windows_events.py", line 463, in finish_socket_func
    return ov.getresult()
           ~~~~~~~~~~~~^^
ConnectionAbortedError: [WinError 1236] The network connection was aborted by the local system
2026-08-03 04:36:49,824 ERROR Error on reading from the event loop self pipe
loop: <ProactorEventLoop running=True closed=False debug=False>
Traceback (most recent call last):
  File "C:\Users\saiem\AppData\Roaming\uv\python\cpython-3.13.2-windows-x86_64-none\Lib\asyncio\proactor_events.py", line 792, in _loop_self_reading
    f.result()  # may raise
    ~~~~~~~~^^
  File "C:\Users\saiem\AppData\Roaming\uv\python\cpython-3.13.2-windows-x86_64-none\Lib\asyncio\windows_events.py", line 804, in _poll
    value = callback(transferred, key, ov)
  File "C:\Users\saiem\AppData\Roaming\uv\python\cpython-3.13.2-windows-x86_64-none\Lib\asyncio\windows_events.py", line 463, in finish_socket_func
    return ov.getresult()
           ~~~~~~~~~~~~^^
ConnectionAbortedError: [WinError 1236] The network connection was aborted by the local system
2026-08-03 04:36:49,938 ERROR Error on reading from the event loop self pipe
loop: <ProactorEventLoop running=True closed=False debug=False>
Traceback (most recent call last):
  File "C:\Users\saiem\AppData\Roaming\uv\python\cpython-3.13.2-windows-x86_64-none\Lib\asyncio\proactor_events.py", line 801, in _loop_self_reading
    f = self._proactor.recv(self._ssock, 4096)
  File "C:\Users\saiem\AppData\Roaming\uv\python\cpython-3.13.2-windows-x86_64-none\Lib\asyncio\windows_events.py", line 488, in recv
    ov.WSARecv(conn.fileno(), nbytes, flags)
    ~~~~~~~~~~^^^^^^^^^^^^^^^^^^^^^^^^^^^^^^
ConnectionResetError: [WinError 10054] An existing connection was forcibly closed by the remote host
2026-08-03 04:36:49,939 ERROR Error on reading from the event loop self pipe
loop: <ProactorEventLoop running=True closed=False debug=False>
Traceback (most recent call last):
  File "C:\Users\saiem\AppData\Roaming\uv\python\cpython-3.13.2-windows-x86_64-none\Lib\asyncio\proactor_events.py", line 801, in _loop_self_reading
    f = self._proactor.recv(self._ssock, 4096)
  File "C:\Users\saiem\AppData\Roaming\uv\python\cpython-3.13.2-windows-x86_64-none\Lib\asyncio\windows_events.py", line 488, in recv
    ov.WSARecv(conn.fileno(), nbytes, flags)
    ~~~~~~~~~~^^^^^^^^^^^^^^^^^^^^^^^^^^^^^^
ConnectionResetError: [WinError 10054] An existing connection was forcibly closed by the remote host
2026-08-03 04:36:49,952 ERROR Error on reading from the event loop self pipe
loop: <ProactorEventLoop running=True closed=False debug=False>
Traceback (most recent call last):
  File "C:\Users\saiem\AppData\Roaming\uv\python\cpython-3.13.2-windows-x86_64-none\Lib\asyncio\proactor_events.py", line 801, in _loop_self_reading
    f = self._proactor.recv(self._ssock, 4096)
  File "C:\Users\saiem\AppData\Roaming\uv\python\cpython-3.13.2-windows-x86_64-none\Lib\asyncio\windows_events.py", line 488, in recv
    ov.WSARecv(conn.fileno(), nbytes, flags)
    ~~~~~~~~~~^^^^^^^^^^^^^^^^^^^^^^^^^^^^^^
ConnectionResetError: [WinError 10054] An existing connection was forcibly closed by the remote host
2026-08-03 04:36:49,953 ERROR Error on reading from the event loop self pipe
loop: <ProactorEventLoop running=True closed=False debug=False>
Traceback (most recent call last):
  File "C:\Users\saiem\AppData\Roaming\uv\python\cpython-3.13.2-windows-x86_64-none\Lib\asyncio\proactor_events.py", line 801, in _loop_self_reading
    f = self._proactor.recv(self._ssock, 4096)
  File "C:\Users\saiem\AppData\Roaming\uv\python\cpython-3.13.2-windows-x86_64-none\Lib\asyncio\windows_events.py", line 488, in recv
    ov.WSARecv(conn.fileno(), nbytes, flags)
    ~~~~~~~~~~^^^^^^^^^^^^^^^^^^^^^^^^^^^^^^
ConnectionResetError: [WinError 10054] An existing connection was forcibly closed by the remote host
2026-08-03 04:36:50,116 ERROR Error on reading from the event loop self pipe
loop: <ProactorEventLoop running=True closed=False debug=False>
Traceback (most recent call last):
  File "C:\Users\saiem\AppData\Roaming\uv\python\cpython-3.13.2-windows-x86_64-none\Lib\asyncio\proactor_events.py", line 801, in _loop_self_reading
    f = self._proactor.recv(self._ssock, 4096)
  File "C:\Users\saiem\AppData\Roaming\uv\python\cpython-3.13.2-windows-x86_64-none\Lib\asyncio\windows_events.py", line 488, in recv
    ov.WSARecv(conn.fileno(), nbytes, flags)
    ~~~~~~~~~~^^^^^^^^^^^^^^^^^^^^^^^^^^^^^^
ConnectionResetError: [WinError 10054] An existing connection was forcibly closed by the remote host
2026-08-03 04:36:50,117 ERROR Error on reading from the event loop self pipe
loop: <ProactorEventLoop running=True closed=False debug=False>
Traceback (most recent call last):
  File "C:\Users\saiem\AppData\Roaming\uv\python\cpython-3.13.2-windows-x86_64-none\Lib\asyncio\proactor_events.py", line 801, in _loop_self_reading
    f = self._proactor.recv(self._ssock, 4096)
  File "C:\Users\saiem\AppData\Roaming\uv\python\cpython-3.13.2-windows-x86_64-none\Lib\asyncio\windows_events.py", line 488, in recv
    ov.WSARecv(conn.fileno(), nbytes, flags)
    ~~~~~~~~~~^^^^^^^^^^^^^^^^^^^^^^^^^^^^^^
ConnectionResetError: [WinError 10054] An existing connection was forcibly closed by the remote host
2026-08-03 04:36:50,699 ERROR Error on reading from the event loop self pipe
loop: <ProactorEventLoop running=True closed=False debug=False>
Traceback (most recent call last):
  File "C:\Users\saiem\AppData\Roaming\uv\python\cpython-3.13.2-windows-x86_64-none\Lib\asyncio\proactor_events.py", line 801, in _loop_self_reading
    f = self._proactor.recv(self._ssock, 4096)
  File "C:\Users\saiem\AppData\Roaming\uv\python\cpython-3.13.2-windows-x86_64-none\Lib\asyncio\windows_events.py", line 488, in recv
    ov.WSARecv(conn.fileno(), nbytes, flags)
    ~~~~~~~~~~^^^^^^^^^^^^^^^^^^^^^^^^^^^^^^
ConnectionResetError: [WinError 10054] An existing connection was forcibly closed by the remote host
2026-08-03 04:36:50,700 ERROR Error on reading from the event loop self pipe
loop: <ProactorEventLoop running=True closed=False debug=False>
Traceback (most recent call last):
  File "C:\Users\saiem\AppData\Roaming\uv\python\cpython-3.13.2-windows-x86_64-none\Lib\asyncio\proactor_events.py", line 801, in _loop_self_reading
    f = self._proactor.recv(self._ssock, 4096)
  File "C:\Users\saiem\AppData\Roaming\uv\python\cpython-3.13.2-windows-x86_64-none\Lib\asyncio\windows_events.py", line 488, in recv
    ov.WSARecv(conn.fileno(), nbytes, flags)
    ~~~~~~~~~~^^^^^^^^^^^^^^^^^^^^^^^^^^^^^^
ConnectionResetError: [WinError 10054] An existing connection was forcibly closed by the remote host
2026-08-03 04:36:50,718 ERROR Error on reading from the event loop self pipe
loop: <ProactorEventLoop running=True closed=False debug=False>
Traceback (most recent call last):
  File "C:\Users\saiem\AppData\Roaming\uv\python\cpython-3.13.2-windows-x86_64-none\Lib\asyncio\proactor_events.py", line 801, in _loop_self_reading
    f = self._proactor.recv(self._ssock, 4096)
  File "C:\Users\saiem\AppData\Roaming\uv\python\cpython-3.13.2-windows-x86_64-none\Lib\asyncio\windows_events.py", line 488, in recv
    ov.WSARecv(conn.fileno(), nbytes, flags)
    ~~~~~~~~~~^^^^^^^^^^^^^^^^^^^^^^^^^^^^^^
ConnectionResetError: [WinError 10054] An existing connection was forcibly closed by the remote host
2026-08-03 04:36:50,718 ERROR Error on reading from the event loop self pipe
loop: <ProactorEventLoop running=True closed=False debug=False>
Traceback (most recent call last):
  File "C:\Users\saiem\AppData\Roaming\uv\python\cpython-3.13.2-windows-x86_64-none\Lib\asyncio\proactor_events.py", line 801, in _loop_sel2026-08-03 04:36:50,714 ERROR Error on reading from the event loop self pipe
loop: <ProactorEventLoop running=True closed=False debug=False>
Traceback (most recent call last):
  File "C:\Users\saiem\AppData\Roaming\uv\python\cpython-3.13.2-windows-x86_64-none\Lib\asyncio\proactor_events.py", line 801, in _loop_self_reading
    f = self._proactor.recv(self._ssock, 4096)
  File "C:\Users\saiem\AppData\Roaming\uv\python\cpython-3.13.2-windows-x86_64-none\Lib\asyncio\windows_events.py", line 488, in recv
    ov.WSARecv(conn.fileno(), nbytes, flags)
    ~~~~~~~~~~^^^^^^^^^^^^^^^^^^^^^^^^^^^^^^
ConnectionResetError: [WinError 10054] An existing connection was forcibly closed by the remote host
2026-08-03 04:36:50,714 ERROR Error on reading from the event loop self pipe
loop: <ProactorEventLoop running=True closed=False debug=False>
Traceback (most recent call last):
  File "C:\Users\saiem\AppData\Roaming\uv\python\cpython-3.13.2-windows-x86_64-none\Lib\asyncio\proactor_events.py", line 801, in _loop_self_reading
    f = self._proactor.recv(self._ssock, 4096)
  File "C:\Users\saiem\AppData\Roaming\uv\python\cpython-3.13.2-windows-x86_64-none\Lib\asyncio\windows_events.py", line 488, in recv
    ov.WSARecv(conn.fileno(), nbytes, flags)
    ~~~~~~~~~~^^^^^^^^^^^^^^^^^^^^^^^^^^^^^^
ConnectionResetError: [WinError 10054] An existing connection was forcibly closed by the remote host
f_reading
    f = self._proactor.recv(self._ssock, 4096)
  File "C:\Users\saiem\AppData\Roaming\uv\python\cpython-3.13.2-windows-x86_64-none\Lib\asyncio\windows_events.py", line 488, in recv
    ov.WSARecv(conn.fileno(), nbytes, flags)
    ~~~~~~~~~~^^^^^^^^^^^^^^^^^^^^^^^^^^^^^^
ConnectionResetError: [WinError 10054] An existing connection was forcibly closed by the remote host
2026-08-03 04:36:50,863 ERROR Error on reading from the event loop self pipe
loop: <ProactorEventLoop running=True closed=False debug=False>
Traceback (most recent call last):
  File "C:\Users\saiem\AppData\Roaming\uv\python\cpython-3.13.2-windows-x86_64-none\Lib\asyncio\proactor_events.py", line 801, in _loop_self_reading
    f = self._proactor.recv(self._ssock, 4096)
  File "C:\Users\saiem\AppData\Roaming\uv\python\cpython-3.13.2-windows-x86_64-none\Lib\asyncio\windows_events.py", line 488, in recv
    ov.WSARecv(conn.fileno(), nbytes, flags)
    ~~~~~~~~~~^^^^^^^^^^^^^^^^^^^^^^^^^^^^^^
ConnectionResetError: [WinError 10054] An existing connection was forcibly closed by the remote host
2026-08-03 04:36:50,864 ERROR Error on reading from the event loop self pipe
loop: <ProactorEventLoop running=True closed=False debug=False>
Traceback (most recent call last):
  File "C:\Users\saiem\AppData\Roaming\uv\python\cpython-3.13.2-windows-x86_64-none\Lib\asyncio\proactor_events.py", line 801, in _loop_self_reading
    f = self._proactor.recv(self._ssock, 4096)
  File "C:\Users\saiem\AppData\Roaming\uv\python\cpython-3.13.2-windows-x86_64-none\Lib\asyncio\windows_events.py", line 488, in recv
    ov.WSARecv(conn.fileno(), nbytes, flags)
    ~~~~~~~~~~^^^^^^^^^^^^^^^^^^^^^^^^^^^^^^
ConnectionResetError: [WinError 10054] An existing connection was forcibly closed by the remote host
2026-08-03 04:37:09,187 ERROR Error on reading from the event loop self pipe
loop: <ProactorEventLoop running=True closed=False debug=False>
Traceback (most recent call last):
  File "C:\Users\saiem\AppData\Roaming\uv\python\cpython-3.13.2-windows-x86_64-none\Lib\asyncio\proactor_events.py", line 801, in _loop_self_reading
    f = self._proactor.recv(self._ssock, 4096)
  File "C:\Users\saiem\AppData\Roaming\uv\python\cpython-3.13.2-windows-x86_64-none\Lib\asyncio\windows_events.py", line 488, in recv
    ov.WSARecv(conn.fileno(), nbytes, flags)
    ~~~~~~~~~~^^^^^^^^^^^^^^^^^^^^^^^^^^^^^^
ConnectionResetError: [WinError 10054] An existing connection was forcibly closed by the remote host
2026-08-03 04:37:09,188 ERROR Error on reading from the event loop self pipe
loop: <ProactorEventLoop running=True closed=False debug=False>
Traceback (most recent call last):
  File "C:\Users\saiem\AppData\Roaming\uv\python\cpython-3.13.2-windows-x86_64-none\Lib\asyncio\proactor_events.py", line 801, in _loop_self_reading
    f = self._proactor.recv(self._ssock, 4096)
  File "C:\Users\saiem\AppData\Roaming\uv\python\cpython-3.13.2-windows-x86_64-none\Lib\asyncio\windows_events.py", line 488, in recv
    ov.WSARecv(conn.fileno(), nbytes, flags)
    ~~~~~~~~~~^^^^^^^^^^^^^^^^^^^^^^^^^^^^^^
ConnectionResetError: [WinError 10054] An existing connection was forcibly closed by the remote host
2026-08-03 04:37:09,242 ERROR Error on reading from the event loop self pipe
loop: <ProactorEventLoop running=True closed=False debug=False>
Traceback (most recent call last):
  File "C:\Users\saiem\AppData\Roaming\uv\python\cpython-3.13.2-windows-x86_64-none\Lib\asyncio\proactor_events.py", line 801, in _loop_self_reading
    f = self._proactor.recv(self._ssock, 4096)
  File "C:\Users\saiem\AppData\Roaming\uv\python\cpython-3.13.2-windows-x86_64-none\Lib\asyncio\windows_events.py", line 488, in recv
    ov.WSARecv(conn.fileno(), nbytes, flags)
    ~~~~~~~~~~^^^^^^^^^^^^^^^^^^^^^^^^^^^^^^
ConnectionResetError: [WinError 10054] An existing connection was forcibly closed by the remote host
2026-08-03 04:37:09,243 ERROR Error on reading from the event loop self pipe
loop: <ProactorEventLoop running=True closed=False debug=False>
Traceback (most recent call last):
  File "C:\Users\saiem\AppData\Roaming\uv\python\cpython-3.13.2-windows-x86_64-none\Lib\asyncio\proactor_events.py", line 801, in _loop_self_reading
    f = self._proactor.recv(self._ssock, 4096)
  File "C:\Users\saiem\AppData\Roaming\uv\python\cpython-3.13.2-windows-x86_64-none\Lib\asyncio\windows_events.py", line 488, in recv
    ov.WSARecv(conn.fileno(), nbytes, flags)
    ~~~~~~~~~~^^^^^^^^^^^^^^^^^^^^^^^^^^^^^^
ConnectionResetError: [WinError 10054] An existing connection was forcibly closed by the remote host
2026-08-03 04:37:10,299 ERROR Error on reading from the event loop self pipe
loop: <ProactorEventLoop running=True closed=False debug=False>
Traceback (most recent call last):
  File "C:\Users\saiem\AppData\Roaming\uv\python\cpython-3.13.2-windows-x86_64-none\Lib\asyncio\proactor_events.py", line 801, in _loop_self_reading
    f = self._proactor.recv(self._ssock, 4096)
  File "C:\Users\saiem\AppData\Roaming\uv\python\cpython-3.13.2-windows-x86_64-none\Lib\asyncio\windows_events.py", line 488, in recv
    ov.WSARecv(conn.fileno(), nbytes, flags)
    ~~~~~~~~~~^^^^^^^^^^^^^^^^^^^^^^^^^^^^^^
ConnectionResetError: [WinError 10054] An existing connection was forcibly closed by the remote host
2026-08-03 04:37:10,301 ERROR Error on reading from the event loop self pipe
loop: <ProactorEventLoop running=True closed=False debug=False>
Traceback (most recent call last):
  File "C:\Users\saiem\AppData\Roaming\uv\python\cpython-3.13.2-windows-x86_64-none\Lib\asyncio\proactor_events.py", line 801, in _loop_self_reading
    f = self._proactor.recv(self._ssock, 4096)
  File "C:\Users\saiem\AppData\Roaming\uv\python\cpython-3.13.2-windows-x86_64-none\Lib\asyncio\windows_events.py", line 488, in recv
    ov.WSARecv(conn.fileno(), nbytes, flags)
    ~~~~~~~~~~^^^^^^^^^^^^^^^^^^^^^^^^^^^^^^
ConnectionResetError: [WinError 10054] An existing connection was forcibly closed by the remote host
2026-08-03 04:37:10,481 ERROR Error on reading from the event loop self pipe
loop: <ProactorEventLoop running=True closed=False debug=False>
Traceback (most recent call last):
  File "C:\Users\saiem\AppData\Roaming\uv\python\cpython-3.13.2-windows-x86_64-none\Lib\asyncio\proactor_events.py", line 801, in _loop_self_reading
    f = self._proactor.recv(self._ssock, 4096)
  File "C:\Users\saiem\AppData\Roaming\uv\python\cpython-3.13.2-windows-x86_64-none\Lib\asyncio\windows_events.py", line 488, in recv
    ov.WSARecv(conn.fileno(), nbytes, flags)
    ~~~~~~~~~~^^^^^^^^^^^^^^^^^^^^^^^^^^^^^^
ConnectionResetError: [WinError 10054] An existing connection was forcibly closed by the remote host
2026-08-03 04:37:10,482 ERROR Error on reading from the event loop self pipe
loop: <ProactorEventLoop running=True closed=False debug=False>
Traceback (most recent call last):
  File "C:\Users\saiem\AppData\Roaming\uv\python\cpython-3.13.2-windows-x86_64-none\Lib\asyncio\proactor_events.py", line 801, in _loop_self_reading
    f = self._proactor.recv(self._ssock, 4096)
  File "C:\Users\saiem\AppData\Roaming\uv\python\cpython-3.13.2-windows-x86_64-none\Lib\asyncio\windows_events.py", line 488, in recv
    ov.WSARecv(conn.fileno(), nbytes, flags)
    ~~~~~~~~~~^^^^^^^^^^^^^^^^^^^^^^^^^^^^^^
ConnectionResetError: [WinError 10054] An existing connection was forcibly closed by the remote host
2026-08-03 04:37:12,093 ERROR Error on reading from the event loop self pipe
loop: <ProactorEventLoop running=True closed=False debug=False>
Traceback (most recent call last):
  File "C:\Users\saiem\AppData\Roaming\uv\python\cpython-3.13.2-windows-x86_64-none\Lib\asyncio\proactor_events.py", line 801, in _loop_self_reading
    f = self._proactor.recv(self._ssock, 4096)
  File "C:\Users\saiem\AppData\Roaming\uv\python\cpython-3.13.2-windows-x86_64-none\Lib\asyncio\windows_events.py", line 488, in recv
    ov.WSARecv(conn.fileno(), nbytes, flags)
    ~~~~~~~~~~^^^^^^^^^^^^^^^^^^^^^^^^^^^^^^
ConnectionResetError: [WinError 10054] An existing connection was forcibly closed by the remote host
2026-08-03 04:37:12,094 ERROR Error on reading from the event loop self pipe
loop: <ProactorEventLoop running=True closed=False debug=False>
Traceback (most recent call last):
  File "C:\Users\saiem\AppData\Roaming\uv\python\cpython-3.13.2-windows-x86_64-none\Lib\asyncio\proactor_events.py", line 801, in _loop_self_reading
    f = self._proactor.recv(self._ssock, 4096)
  File "C:\Users\saiem\AppData\Roaming\uv\python\cpython-3.13.2-windows-x86_64-none\Lib\asyncio\windows_events.py", line 488, in recv
    ov.WSARecv(conn.fileno(), nbytes, flags)
    ~~~~~~~~~~^^^^^^^^^^^^^^^^^^^^^^^^^^^^^^
ConnectionResetError: [WinError 10054] An existing connection was forcibly closed by the remote host
2026-08-03 04:37:12,337 ERROR Error on reading from the event loop self pipe
loop: <ProactorEventLoop running=True closed=False debug=False>
Traceback (most recent call last):
  File "C:\Users\saiem\AppData\Roaming\uv\python\cpython-3.13.2-windows-x86_64-none\Lib\asyncio\proactor_events.py", line 801, in _loop_self_reading
    f = self._proactor.recv(self._ssock, 4096)
  File "C:\Users\saiem\AppData\Roaming\uv\python\cpython-3.13.2-windows-x86_64-none\Lib\asyncio\windows_events.py", line 488, in recv
    ov.WSARecv(conn.fileno(), nbytes, flags)
    ~~~~~~~~~~^^^^^^^^^^^^^^^^^^^^^^^^^^^^^^
ConnectionResetError: [WinError 10054] An existing connection was forcibly closed by the remote host
2026-08-03 04:37:12,338 ERROR Error on reading from the event loop self pipe
loop: <ProactorEventLoop running=True closed=False debug=False>
Traceback (most recent call last):
  File "C:\Users\saiem\AppData\Roaming\uv\python\cpython-3.13.2-windows-x86_64-none\Lib\asyncio\proactor_events.py", line 801, in _loop_self_reading
    f = self._proactor.recv(self._ssock, 4096)
  File "C:\Users\saiem\AppData\Roaming\uv\python\cpython-3.13.2-windows-x86_64-none\Lib\asyncio\windows_events.py", line 488, in recv
    ov.WSARecv(conn.fileno(), nbytes, flags)
    ~~~~~~~~~~^^^^^^^^^^^^^^^^^^^^^^^^^^^^^^
ConnectionResetError: [WinError 10054] An existing connection was forcibly closed by the remote host
2026-08-03 04:37:12,402 ERROR Error on reading from the event loop self pipe
loop: <ProactorEventLoop running=True closed=False debug=False>
Traceback (most recent call last):
  File "C:\Users\saiem\AppData\Roaming\uv\python\cpython-3.13.2-windows-x86_64-none\Lib\asyncio\proactor_events.py", line 801, in _loop_self_reading
    f = self._proactor.recv(self._ssock, 4096)
  File "C:\Users\saiem\AppData\Roaming\uv\python\cpython-3.13.2-windows-x86_64-none\Lib\asyncio\windows_events.py", line 488, in recv
    ov.WSARecv(conn.fileno(), nbytes, flags)
    ~~~~~~~~~~^^^^^^^^^^^^^^^^^^^^^^^^^^^^^^
ConnectionResetError: [WinError 10054] An existing connection was forcibly closed by the remote host
2026-08-03 04:37:12,403 ERROR Error on reading from the event loop self pipe
loop: <ProactorEventLoop running=True closed=False debug=False>
Traceback (most recent call last):
  File "C:\Users\saiem\AppData\Roaming\uv\python\cpython-3.13.2-windows-x86_64-none\Lib\asyncio\proactor_events.py", line 801, in _loop_self_reading
    f = self._proactor.recv(self._ssock, 4096)
  File "C:\Users\saiem\AppData\Roaming\uv\python\cpython-3.13.2-windows-x86_64-none\Lib\asyncio\windows_events.py", line 488, in recv
    ov.WSARecv(conn.fileno(), nbytes, flags)
    ~~~~~~~~~~^^^^^^^^^^^^^^^^^^^^^^^^^^^^^^
ConnectionResetError: [WinError 10054] An existing connection was forcibly closed by the remote host
2026-08-03 04:37:12,514 ERROR Error on reading from the event loop self pipe
loop: <ProactorEventLoop running=True closed=False debug=False>
Traceback (most recent call last):
  File "C:\Users\saiem\AppData\Roaming\uv\python\cpython-3.13.2-windows-x86_64-none\Lib\asyncio\proactor_events.py", line 801, in _loop_self_reading
    f = self._proactor.recv(self._ssock, 4096)
  File "C:\Users\saiem\AppData\Roaming\uv\python\cpython-3.13.2-windows-x86_64-none\Lib\asyncio\windows_events.py", line 488, in recv
    ov.WSARecv(conn.fileno(), nbytes, flags)
    ~~~~~~~~~~^^^^^^^^^^^^^^^^^^^^^^^^^^^^^^
ConnectionResetError: [WinError 10054] An existing connection was forcibly closed by the remote host
2026-08-03 04:37:12,515 ERROR Error on reading from the event loop self pipe
loop: <ProactorEventLoop running=True closed=False debug=False>
Traceback (most recent call last):
  File "C:\Users\saiem\AppData\Roaming\uv\python\cpython-3.13.2-windows-x86_64-none\Lib\asyncio\proactor_events.py", line 801, in _loop_self_reading
    f = self._proactor.recv(self._ssock, 4096)
  File "C:\Users\saiem\AppData\Roaming\uv\python\cpython-3.13.2-windows-x86_64-none\Lib\asyncio\windows_events.py", line 488, in recv
    ov.WSARecv(conn.fileno(), nbytes, flags)
    ~~~~~~~~~~^^^^^^^^^^^^^^^^^^^^^^^^^^^^^^
ConnectionResetError: [WinError 10054] An existing connection was forcibly closed by the remote host
2026-08-03 04:37:12,759 ERROR Error on reading from the event loop self pipe
loop: <ProactorEventLoop running=True closed=False debug=False>
Traceback (most recent call last):
  File "C:\Users\saiem\AppData\Roaming\uv\python\cpython-3.13.2-windows-x86_64-none\Lib\asyncio\proactor_events.py", line 801, in _loop_self_reading
    f = self._proactor.recv(self._ssock, 4096)
  File "C:\Users\saiem\AppData\Roaming\uv\python\cpython-3.13.2-windows-x86_64-none\Lib\asyncio\windows_events.py", line 488, in recv
    ov.WSARecv(conn.fileno(), nbytes, flags)
    ~~~~~~~~~~^^^^^^^^^^^^^^^^^^^^^^^^^^^^^^
ConnectionResetError: [WinError 10054] An existing connection was forcibly closed by the remote host
2026-08-03 04:37:12,760 ERROR Error on reading from the event loop self pipe
loop: <ProactorEventLoop running=True closed=False debug=False>
Traceback (most recent call last):
  File "C:\Users\saiem\AppData\Roaming\uv\python\cpython-3.13.2-windows-x86_64-none\Lib\asyncio\proactor_events.py", line 801, in _loop_self_reading
    f = self._proactor.recv(self._ssock, 4096)
  File "C:\Users\saiem\AppData\Roaming\uv\python\cpython-3.13.2-windows-x86_64-none\Lib\asyncio\windows_events.py", line 488, in recv
    ov.WSARecv(conn.fileno(), nbytes, flags)
    ~~~~~~~~~~^^^^^^^^^^^^^^^^^^^^^^^^^^^^^^
ConnectionResetError: [WinError 10054] An existing connection was forcibly closed by the remote host
2026-08-03 04:37:12,905 ERROR Error on reading from the event loop self pipe
loop: <ProactorEventLoop running=True closed=False debug=False>
Traceback (most recent call last):
  File "C:\Users\saiem\AppData\Roaming\uv\python\cpython-3.13.2-windows-x86_64-none\Lib\asyncio\proactor_events.py", line 801, in _loop_self_reading
    f = self._proactor.recv(self._ssock, 4096)
  File "C:\Users\saiem\AppData\Roaming\uv\python\cpython-3.13.2-windows-x86_64-none\Lib\asyncio\windows_events.py", line 488, in recv
    ov.WSARecv(conn.fileno(), nbytes, flags)
    ~~~~~~~~~~^^^^^^^^^^^^^^^^^^^^^^^^^^^^^^
ConnectionResetError: [WinError 10054] An existing connection was forcibly closed by the remote host
2026-08-03 04:37:12,906 ERROR Error on reading from the event loop self pipe
loop: <ProactorEventLoop running=True closed=False debug=False>
Traceback (most recent call last):
  File "C:\Users\saiem\AppData\Roaming\uv\python\cpython-3.13.2-windows-x86_64-none\Lib\asyncio\proactor_events.py", line 801, in _loop_self_reading
    f = self._proactor.recv(self._ssock, 4096)
  File "C:\Users\saiem\AppData\Roaming\uv\python\cpython-3.13.2-windows-x86_64-none\Lib\asyncio\windows_events.py", line 488, in recv
    ov.WSARecv(conn.fileno(), nbytes, flags)
    ~~~~~~~~~~^^^^^^^^^^^^^^^^^^^^^^^^^^^^^^
ConnectionResetError: [WinError 10054] An existing connection was forcibly closed by the remote host
2026-08-03 04:37:12,974 ERROR Error on reading from the event loop self pipe
loop: <ProactorEventLoop running=True closed=False debug=False>
Traceback (most recent call last):
  File "C:\Users\saiem\AppData\Roaming\uv\python\cpython-3.13.2-windows-x86_64-none\Lib\asyncio\proactor_events.py", line 801, in _loop_self_reading
    f = self._proactor.recv(self._ssock, 4096)
  File "C:\Users\saiem\AppData\Roaming\uv\python\cpython-3.13.2-windows-x86_64-none\Lib\asyncio\windows_events.py", line 488, in recv
    ov.WSARecv(conn.fileno(), nbytes, flags)
    ~~~~~~~~~~^^^^^^^^^^^^^^^^^^^^^^^^^^^^^^
ConnectionResetError: [WinError 10054] An existing connection was forcibly closed by the remote host
2026-08-03 04:37:12,976 ERROR Error on reading from the event loop self pipe
loop: <ProactorEventLoop running=True closed=False debug=False>
Traceback (most recent call last):
  File "C:\Users\saiem\AppData\Roaming\uv\python\cpython-3.13.2-windows-x86_64-none\Lib\asyncio\proactor_events.py", line 801, in _loop_self_reading
    f = self._proactor.recv(self._ssock, 4096)
  File "C:\Users\saiem\AppData\Roaming\uv\python\cpython-3.13.2-windows-x86_64-none\Lib\asyncio\windows_events.py", line 488, in recv
    ov.WSARecv(conn.fileno(), nbytes, flags)
    ~~~~~~~~~~^^^^^^^^^^^^^^^^^^^^^^^^^^^^^^
ConnectionResetError: [WinError 10054] An existing connection was forcibly closed by the remote host
2026-08-03 04:37:13,149 ERROR Error on reading from the event loop self pipe
loop: <ProactorEventLoop running=True closed=False debug=False>
Traceback (most recent call last):
  File "C:\Users\saiem\AppData\Roaming\uv\python\cpython-3.13.2-windows-x86_64-none\Lib\asyncio\proactor_events.py", line 801, in _loop_self_reading
    f = self._proactor.recv(self._ssock, 4096)
  File "C:\Users\saiem\AppData\Roaming\uv\python\cpython-3.13.2-windows-x86_64-none\Lib\asyncio\windows_events.py", line 488, in recv
    ov.WSARecv(conn.fileno(), nbytes, flags)
    ~~~~~~~~~~^^^^^^^^^^^^^^^^^^^^^^^^^^^^^^
ConnectionResetError: [WinError 10054] An existing connection was forcibly closed by the remote host
2026-08-03 04:37:13,150 ERROR Error on reading from the event loop self pipe
loop: <ProactorEventLoop running=True closed=False debug=False>
Traceback (most recent call last):
  File "C:\Users\saiem\AppData\Roaming\uv\python\cpython-3.13.2-windows-x86_64-none\Lib\asyncio\proactor_events.py", line 801, in _loop_self_reading
    f = self._proactor.recv(self._ssock, 4096)
  File "C:\Users\saiem\AppData\Roaming\uv\python\cpython-3.13.2-windows-x86_64-none\Lib\asyncio\windows_events.py", line 488, in recv
    ov.WSARecv(conn.fileno(), nbytes, flags)
    ~~~~~~~~~~^^^^^^^^^^^^^^^^^^^^^^^^^^^^^^
ConnectionResetError: [WinError 10054] An existing connection was forcibly closed by the remote host
2026-08-03 04:37:13,151 ERROR Error on reading from the event loop self pipe
loop: <ProactorEventLoop running=True closed=False debug=False>
Traceback (most recent call last):
  File "C:\Users\saiem\AppData\Roaming\uv\python\cpython-3.13.2-windows-x86_64-none\Lib\asyncio\proactor_events.py", line 801, in _loop_self_reading
    f = self._proactor.recv(self._ssock, 4096)
  File "C:\Users\saiem\AppData\Roaming\uv\python\cpython-3.13.2-windows-x86_64-none\Lib\asyncio\windows_events.py", line 488, in recv
    ov.WSARecv(conn.fileno(), nbytes, flags)
    ~~~~~~~~~~^^^^^^^^^^^^^^^^^^^^^^^^^^^^^^
ConnectionResetError: [WinError 10054] An existing connection was forcibly closed by the remote host
2026-08-03 04:37:13,152 ERROR Error on reading from the event loop self pipe
loop: <ProactorEventLoop running=True closed=False debug=False>
Traceback (most recent call last):
  File "C:\Users\saiem\AppData\Roaming\uv\python\cpython-3.13.2-windows-x86_64-none\Lib\asyncio\proactor_events.py", line 801, in _loop_self_reading
    f = self._proactor.recv(self._ssock, 4096)
  File "C:\Users\saiem\AppData\Roaming\uv\python\cpython-3.13.2-windows-x86_64-none\Lib\asyncio\windows_events.py", line 488, in recv
    ov.WSARecv(conn.fileno(), nbytes, flags)
    ~~~~~~~~~~^^^^^^^^^^^^^^^^^^^^^^^^^^^^^^
ConnectionResetError: [WinError 10054] An existing connection was forcibly closed by the remote host
2026-08-03 04:37:13,179 ERROR Error on reading from the event loop self pipe
loop: <ProactorEventLoop running=True closed=False debug=False>
Traceback (most recent call last):
  File "C:\Users\saiem\AppData\Roaming\uv\python\cpython-3.13.2-windows-x86_64-none\Lib\asyncio\proactor_events.py", line 801, in _loop_self_reading
    f = self._proactor.recv(self._ssock, 4096)
  File "C:\Users\saiem\AppData\Roaming\uv\python\cpython-3.13.2-windows-x86_64-none\Lib\asyncio\windows_events.py", line 488, in recv
    ov.WSARecv(conn.fileno(), nbytes, flags)
    ~~~~~~~~~~^^^^^^^^^^^^^^^^^^^^^^^^^^^^^^
ConnectionResetError: [WinError 10054] An existing connection was forcibly closed by the remote host
2026-08-03 04:37:13,180 ERROR Error on reading from the event loop self pipe
loop: <ProactorEventLoop running=True closed=False debug=False>
Traceback (most recent call last):
  File "C:\Users\saiem\AppData\Roaming\uv\python\cpython-3.13.2-windows-x86_64-none\Lib\asyncio\proactor_events.py", line 801, in _loop_self_reading
    f = self._proactor.recv(self._ssock, 4096)
  File "C:\Users\saiem\AppData\Roaming\uv\python\cpython-3.13.2-windows-x86_64-none\Lib\asyncio\windows_events.py", line 488, in recv
    ov.WSARecv(conn.fileno(), nbytes, flags)
    ~~~~~~~~~~^^^^^^^^^^^^^^^^^^^^^^^^^^^^^^
ConnectionResetError: [WinError 10054] An existing connection was forcibly closed by the remote host
captured=248 skipped=0 failed=0
EXIT=0
captured=248 skipped=0 failed=0
EXIT=0
captured=248 skipped=0 failed=0
EXIT=0
captured=248 skipped=0 failed=0
captured=248 skipped=0 failed=0
EXIT=0
EXIT=0
captured=247 skipped=0 failed=0
EXIT=0
captured=247 skipped=0 failed=1
EXIT=0
captured=248 skipped=0 failed=0
EXIT=0
captured=248 skipped=0 failed=0
EXIT=0
captured=248 skipped=0 failed=0
EXIT=0
captured=248 skipped=0 failed=0
EXIT=0
captured=248 skipped=0 failed=0
EXIT=0
captured=248 skipped=0 failed=0
EXIT=0
captured=248 skipped=0 failed=0
EXIT=0
captured=248 skipped=0 failed=0
EXIT=0
captured=248 skipped=0 failed=0
EXIT=0
captured=248 skipped=0 failed=0
EXIT=0
captured=248 skipped=0 failed=0
EXIT=0
captured=248 skipped=0 failed=0
EXIT=0
captured=248 skipped=0 failed=0
EXIT=0
2026-08-03 04:53:38,768 ERROR BAN-SUSPECT: hard-stopping capture at contest_id=255058: NCAA fetch failed after rotating proxies: https://stats.ncaa.org/contests/255058/play_by_play: patchright: bm-verify not passed after 3 attempts (643-byte body)
BAN-SUSPECT: capture halted at contest_id=255058: NCAA fetch failed after rotating proxies: https://stats.ncaa.org/contests/255058/play_by_play: patchright: bm-verify not passed after 3 attempts (643-byte body)
EXIT=1
[04:53:39] capture stopped (rc=1) -- a ban/soft-ban hard-stop or Ctrl-C (see the capture log).
[04:53:39]   This is RESUMABLE: cool down (a ban clears in minutes-hours), then re-run this
[04:53:39]   script -- already-captured contests are skipped.
[04:53:39] === parse captured bundles -> mbb/json/ ===
log -> logs/parse_20260803_045339.log  (watch: tail -f logs/parse_20260803_045339.log)
2026-08-03 05:02:14,629 INFO ncaa_identity: contest_id=255741 teams 2242/2242 matched, players 6052/6343 matched
2026-08-03 05:02:16,054 INFO ncaa_identity: contest_id=255774 teams 2031/2031 matched, players 5625/5735 matched
parsed=238 failed=0
EXIT=0
[05:02:23] DONE: captured_bundles=64693 parsed_json=64693 (capture rc=1)
[05:02:23] capture INCOMPLETE (rc=1) -- re-run this script to continue before building.
EXIT=1
[2026-08-03 05:02:23] season 2016: chunk 1 hard-stopped (rc=1), 242 remaining -- cooling 1800s
[05:32:24] NCAA MBB backfill: season=2016 workers=24
[05:32:24] watch this run:  tail -f /c/Users/saiem/Documents/GitHub-Data/sdv-dev/hoopR-dev/ncaa-mbb-hoops-raw/logs/backfill_2016_20260803_053224.log
[05:32:25] === skip discover (season 2016 already in schedule_master; delete mbb/schedule_master.parquet to force) ===
[05:32:25] === capture 2016: 24 worker(s), chunk=400 new bundles per worker ===
proxy creds loaded from /c/Users/saiem/.Renviron (values hidden)
proxy creds loaded from /c/Users/saiem/.Renviron (values hidden)
proxy creds loaded from /c/Users/saiem/.Renviron (values hidden)
proxy creds loaded from /c/Users/saiem/.Renviron (values hidden)
proxy creds loaded from /c/Users/saiem/.Renviron (values hidden)
proxy creds loaded from /c/Users/saiem/.Renviron (values hidden)
proxy creds loaded from /c/Users/saiem/.Renviron (values hidden)
proxy creds loaded from /c/Users/saiem/.Renviron (values hidden)
log -> logs/capture_20260803_053225.log  (watch: tail -f logs/capture_20260803_053225.log)
log -> logs/capture_20260803_053225.log  (watch: tail -f logs/capture_20260803_053225.log)
log -> logs/capture_20260803_053225.log  (watch: tail -f logs/capture_20260803_053225.log)
log -> logs/capture_20260803_053225.log  (watch: tail -f logs/capture_20260803_053225.log)
proxy creds loaded from /c/Users/saiem/.Renviron (values hidden)
proxy creds loaded from /c/Users/saiem/.Renviron (values hidden)
proxy creds loaded from /c/Users/saiem/.Renviron (values hidden)
proxy creds loaded from /c/Users/saiem/.Renviron (values hidden)
proxy creds loaded from /c/Users/saiem/.Renviron (values hidden)
proxy creds loaded from /c/Users/saiem/.Renviron (values hidden)
proxy creds loaded from /c/Users/saiem/.Renviron (values hidden)
log -> logs/capture_20260803_053226.log  (watch: tail -f logs/capture_20260803_053226.log)
log -> logs/capture_20260803_053226.log  (watch: tail -f logs/capture_20260803_053226.log)
log -> logs/capture_20260803_053226.log  (watch: tail -f logs/capture_20260803_053226.log)
log -> logs/capture_20260803_053226.log  (watch: tail -f logs/capture_20260803_053226.log)
log -> logs/capture_20260803_053226.log  (watch: tail -f logs/capture_20260803_053226.log)
log -> logs/capture_20260803_053226.log  (watch: tail -f logs/capture_20260803_053226.log)
log -> logs/capture_20260803_053226.log  (watch: tail -f logs/capture_20260803_053226.log)
log -> logs/capture_20260803_053226.log  (watch: tail -f logs/capture_20260803_053226.log)
log -> logs/capture_20260803_053226.log  (watch: tail -f logs/capture_20260803_053226.log)
log -> logs/capture_20260803_053226.log  (watch: tail -f logs/capture_20260803_053226.log)
log -> logs/capture_20260803_053226.log  (watch: tail -f logs/capture_20260803_053226.log)
proxy creds loaded from /c/Users/saiem/.Renviron (values hidden)
proxy creds loaded from /c/Users/saiem/.Renviron (values hidden)
proxy creds loaded from /c/Users/saiem/.Renviron (values hidden)
proxy creds loaded from /c/Users/saiem/.Renviron (values hidden)
proxy creds loaded from /c/Users/saiem/.Renviron (values hidden)
proxy creds loaded from /c/Users/saiem/.Renviron (values hidden)
proxy creds loaded from /c/Users/saiem/.Renviron (values hidden)
proxy creds loaded from /c/Users/saiem/.Renviron (values hidden)
log -> logs/capture_20260803_053226.log  (watch: tail -f logs/capture_20260803_053226.log)
log -> logs/capture_20260803_053226.log  (watch: tail -f logs/capture_20260803_053226.log)
log -> logs/capture_20260803_053226.log  (watch: tail -f logs/capture_20260803_053226.log)
log -> logs/capture_20260803_053226.log  (watch: tail -f logs/capture_20260803_053226.log)
log -> logs/capture_20260803_053226.log  (watch: tail -f logs/capture_20260803_053226.log)
log -> logs/capture_20260803_053226.log  (watch: tail -f logs/capture_20260803_053226.log)
log -> logs/capture_20260803_053226.log  (watch: tail -f logs/capture_20260803_053226.log)
log -> logs/capture_20260803_053226.log  (watch: tail -f logs/capture_20260803_053226.log)
proxy creds loaded from /c/Users/saiem/.Renviron (values hidden)
log -> logs/capture_20260803_053226.log  (watch: tail -f logs/capture_20260803_053226.log)
pending=5950 shard=18/24 assigned=248
transport: canary vendor 'decodo_patchright'
pending=5950 shard=19/24 assigned=248
transport: canary vendor 'decodo_patchright'
pending=5950 shard=9/24 assigned=248
transport: canary vendor 'decodo_patchright'
pending=5950 shard=8/24 assigned=248
transport: canary vendor 'decodo_patchright'
pending=5950 shard=0/24 assigned=248
transport: canary vendor 'decodo_patchright'
pending=5950 shard=22/24 assigned=247
transport: canary vendor 'decodo_patchright'
pending=5950 shard=23/24 assigned=247
transport: canary vendor 'decodo_patchright'
pending=5950 shard=7/24 assigned=248
transport: canary vendor 'decodo_patchright'
pending=5950 shard=2/24 assigned=248
transport: canary vendor 'decodo_patchright'
pending=5950 shard=5/24 assigned=248
transport: canary vendor 'decodo_patchright'
pending=5950 shard=13/24 assigned=248
transport: canary vendor 'decodo_patchright'
pending=5950 shard=3/24 assigned=248
transport: canary vendor 'decodo_patchright'
2026-08-03 05:32:35,325 INFO vendor decodo_patchright: 50 prox(y/ies), sticky session re-minted -> session-cap1785749555w13
pending=5950 shard=14/24 assigned=248
transport: canary vendor 'decodo_patchright'
2026-08-03 05:32:35,325 INFO vendor decodo_patchright: 50 prox(y/ies), sticky session re-minted -> session-cap1785749555w14
pending=5950 shard=21/24 assigned=248
transport: canary vendor 'decodo_patchright'
2026-08-03 05:32:35,333 INFO vendor decodo_patchright: 50 prox(y/ies), sticky session re-minted -> session-cap1785749555w3
2026-08-03 05:32:35,328 INFO vendor decodo_patchright: 50 prox(y/ies), sticky session re-minted -> session-cap1785749555w5
2026-08-03 05:32:35,327 INFO vendor decodo_patchright: 50 prox(y/ies), sticky session re-minted -> session-cap1785749555w18
2026-08-03 05:32:35,331 INFO vendor decodo_patchright: 50 prox(y/ies), sticky session re-minted -> session-cap1785749555w19
2026-08-03 05:32:35,327 INFO vendor decodo_patchright: 50 prox(y/ies), sticky session re-minted -> session-cap1785749555w9
2026-08-03 05:32:35,325 INFO vendor decodo_patchright: 50 prox(y/ies), sticky session re-minted -> session-cap1785749555w8
2026-08-03 05:32:35,325 INFO vendor decodo_patchright: 50 prox(y/ies), sticky session re-minted -> session-cap1785749555w22
2026-08-03 05:32:35,328 INFO vendor decodo_patchright: 50 prox(y/ies), sticky session re-minted -> session-cap1785749555w0
2026-08-03 05:32:35,330 INFO vendor decodo_patchright: 50 prox(y/ies), sticky session re-minted -> session-cap1785749555w23
2026-08-03 05:32:35,338 INFO vendor decodo_patchright: 50 prox(y/ies), sticky session re-minted -> session-cap1785749555w2
2026-08-03 05:32:35,326 INFO vendor decodo_patchright: 50 prox(y/ies), sticky session re-minted -> session-cap1785749555w7
2026-08-03 05:32:35,331 INFO vendor decodo_patchright: 50 prox(y/ies), sticky session re-minted -> session-cap1785749555w21
pending=5950 shard=10/24 assigned=248
transport: canary vendor 'decodo_patchright'
pending=5950 shard=1/24 assigned=248
transport: canary vendor 'decodo_patchright'
pending=5950 shard=6/24 assigned=248
transport: canary vendor 'decodo_patchright'
2026-08-03 05:32:35,357 INFO vendor decodo_patchright: 50 prox(y/ies), sticky session re-minted -> session-cap1785749555w10
2026-08-03 05:32:35,359 INFO vendor decodo_patchright: 50 prox(y/ies), sticky session re-minted -> session-cap1785749555w1
2026-08-03 05:32:35,363 INFO vendor decodo_patchright: 50 prox(y/ies), sticky session re-minted -> session-cap1785749555w6
pending=5950 shard=17/24 assigned=248
transport: canary vendor 'decodo_patchright'
captured=0 skipped=248 failed=0
pending=5950 shard=15/24 assigned=248
transport: canary vendor 'decodo_patchright'
captured=0 skipped=248 failed=0
captured=0 skipped=248 failed=0
2026-08-03 05:32:35,386 INFO vendor decodo_patchright: 50 prox(y/ies), sticky session re-minted -> session-cap1785749555w17
captured=0 skipped=248 failed=0
captured=0 skipped=247 failed=0
captured=0 skipped=248 failed=0
2026-08-03 05:32:35,391 INFO vendor decodo_patchright: 50 prox(y/ies), sticky session re-minted -> session-cap1785749555w15
captured=0 skipped=248 failed=0
captured=0 skipped=248 failed=0
captured=0 skipped=248 failed=0
captured=0 skipped=248 failed=0
captured=0 skipped=248 failed=0
captured=0 skipped=248 failed=0
captured=0 skipped=248 failed=0
captured=0 skipped=248 failed=0
captured=0 skipped=248 failed=0
captured=0 skipped=248 failed=0
pending=5950 shard=11/24 assigned=248
transport: canary vendor 'decodo_patchright'
pending=5950 shard=12/24 assigned=248
transport: canary vendor 'decodo_patchright'
pending=5950 shard=4/24 assigned=248
transport: canary vendor 'decodo_patchright'
2026-08-03 05:32:35,555 INFO vendor decodo_patchright: 50 prox(y/ies), sticky session re-minted -> session-cap1785749555w11
pending=5950 shard=16/24 assigned=248
transport: canary vendor 'decodo_patchright'
captured=0 skipped=248 failed=0
2026-08-03 05:32:35,604 INFO vendor decodo_patchright: 50 prox(y/ies), sticky session re-minted -> session-cap1785749555w12
2026-08-03 05:32:35,602 INFO vendor decodo_patchright: 50 prox(y/ies), sticky session re-minted -> session-cap1785749555w4
2026-08-03 05:32:35,602 INFO vendor decodo_patchright: 50 prox(y/ies), sticky session re-minted -> session-cap1785749555w16
captured=0 skipped=248 failed=0
captured=0 skipped=248 failed=0
captured=0 skipped=248 failed=0
pending=5950 shard=20/24 assigned=248
transport: canary vendor 'decodo_patchright'
2026-08-03 05:32:35,930 INFO vendor decodo_patchright: 50 prox(y/ies), sticky session re-minted -> session-cap1785749555w20
captured=0 skipped=248 failed=0
EXIT=0
EXIT=0
EXIT=0
EXIT=0
EXIT=0
EXIT=0
EXIT=0
EXIT=0
EXIT=0
EXIT=0
EXIT=0
EXIT=0
EXIT=0
EXIT=0
EXIT=0
EXIT=0
EXIT=0
EXIT=0
EXIT=0
EXIT=0
EXIT=0
2026-08-03 05:33:14,352 WARNING challenge not cleared for contest_id=255413 -- bundle not written
captured=0 skipped=247 failed=1
EXIT=0
2026-08-03 05:59:21,697 ERROR BAN-SUSPECT: hard-stopping capture at contest_id=241423: NCAA fetch failed after rotating proxies: https://stats.ncaa.org/contests/241423/play_by_play: Page.goto: net::ERR_TUNNEL_CONNECTION_FAILED at https://stats.ncaa.org/contests/241423/play_by_play
Call log:
  - navigating to "https://stats.ncaa.org/contests/241423/play_by_play", waiting until "domcontentloaded"

BAN-SUSPECT: capture halted at contest_id=241423: NCAA fetch failed after rotating proxies: https://stats.ncaa.org/contests/241423/play_by_play: Page.goto: net::ERR_TUNNEL_CONNECTION_FAILED at https://stats.ncaa.org/contests/241423/play_by_play
Call log:
  - navigating to "https://stats.ncaa.org/contests/241423/play_by_play", waiting until "domcontentloaded"

EXIT=1
2026-08-03 05:59:52,874 ERROR BAN-SUSPECT: hard-stopping capture at contest_id=255058: NCAA fetch failed after rotating proxies: https://stats.ncaa.org/contests/255058/play_by_play: patchright: bm-verify not passed after 3 attempts (643-byte body)
BAN-SUSPECT: capture halted at contest_id=255058: NCAA fetch failed after rotating proxies: https://stats.ncaa.org/contests/255058/play_by_play: patchright: bm-verify not passed after 3 attempts (643-byte body)
EXIT=1
[05:59:53] capture stopped (rc=1) -- a ban/soft-ban hard-stop or Ctrl-C (see the capture log).
[05:59:53]   This is RESUMABLE: cool down (a ban clears in minutes-hours), then re-run this
[05:59:53]   script -- already-captured contests are skipped.
[05:59:53] === parse captured bundles -> mbb/json/ ===
log -> logs/parse_20260803_055953.log  (watch: tail -f logs/parse_20260803_055953.log)
seasons=all bundles=64693 pending=0 force=False shard=5/24 assigned=0
parsed=0 failed=0

EXIT=0
[06:00:08] DONE: captured_bundles=64693 parsed_json=64693 (capture rc=1)
[06:00:08] capture INCOMPLETE (rc=1) -- re-run this script to continue before building.
EXIT=1
[2026-08-03 06:00:08] season 2016: chunk 2 hard-stopped (rc=1), 242 remaining -- cooling 1800s
[06:30:09] NCAA MBB backfill: season=2016 workers=24
[06:30:09] watch this run:  tail -f /c/Users/saiem/Documents/GitHub-Data/sdv-dev/hoopR-dev/ncaa-mbb-hoops-raw/logs/backfill_2016_20260803_063009.log
[06:30:09] === skip discover (season 2016 already in schedule_master; delete mbb/schedule_master.parquet to force) ===
[06:30:09] === capture 2016: 24 worker(s), chunk=400 new bundles per worker ===
proxy creds loaded from /c/Users/saiem/.Renviron (values hidden)
proxy creds loaded from /c/Users/saiem/.Renviron (values hidden)
proxy creds loaded from /c/Users/saiem/.Renviron (values hidden)
proxy creds loaded from /c/Users/saiem/.Renviron (values hidden)
proxy creds loaded from /c/Users/saiem/.Renviron (values hidden)
proxy creds loaded from /c/Users/saiem/.Renviron (values hidden)
log -> logs/capture_20260803_063009.log  (watch: tail -f logs/capture_20260803_063009.log)
proxy creds loaded from /c/Users/saiem/.Renviron (values hidden)
proxy creds loaded from /c/Users/saiem/.Renviron (values hidden)
proxy creds loaded from /c/Users/saiem/.Renviron (values hidden)
log -> logs/capture_20260803_063009.log  (watch: tail -f logs/capture_20260803_063009.log)
log -> logs/capture_20260803_063009.log  (watch: tail -f logs/capture_20260803_063009.log)
log -> logs/capture_20260803_063009.log  (watch: tail -f logs/capture_20260803_063009.log)
proxy creds loaded from /c/Users/saiem/.Renviron (values hidden)
log -> logs/capture_20260803_063010.log  (watch: tail -f logs/capture_20260803_063010.log)
proxy creds loaded from /c/Users/saiem/.Renviron (values hidden)
log -> logs/capture_20260803_063010.log  (watch: tail -f logs/capture_20260803_063010.log)
log -> logs/capture_20260803_063010.log  (watch: tail -f logs/capture_20260803_063010.log)
proxy creds loaded from /c/Users/saiem/.Renviron (values hidden)
log -> logs/capture_20260803_063010.log  (watch: tail -f logs/capture_20260803_063010.log)
log -> logs/capture_20260803_063010.log  (watch: tail -f logs/capture_20260803_063010.log)
proxy creds loaded from /c/Users/saiem/.Renviron (values hidden)
proxy creds loaded from /c/Users/saiem/.Renviron (values hidden)
proxy creds loaded from /c/Users/saiem/.Renviron (values hidden)
proxy creds loaded from /c/Users/saiem/.Renviron (values hidden)
proxy creds loaded from /c/Users/saiem/.Renviron (values hidden)
log -> logs/capture_20260803_063010.log  (watch: tail -f logs/capture_20260803_063010.log)
log -> logs/capture_20260803_063010.log  (watch: tail -f logs/capture_20260803_063010.log)
log -> logs/capture_20260803_063010.log  (watch: tail -f logs/capture_20260803_063010.log)
proxy creds loaded from /c/Users/saiem/.Renviron (values hidden)
log -> logs/capture_20260803_063010.log  (watch: tail -f logs/capture_20260803_063010.log)
log -> logs/capture_20260803_063010.log  (watch: tail -f logs/capture_20260803_063010.log)
proxy creds loaded from /c/Users/saiem/.Renviron (values hidden)
proxy creds loaded from /c/Users/saiem/.Renviron (values hidden)
log -> logs/capture_20260803_063010.log  (watch: tail -f logs/capture_20260803_063010.log)
log -> logs/capture_20260803_063010.log  (watch: tail -f logs/capture_20260803_063010.log)
proxy creds loaded from /c/Users/saiem/.Renviron (values hidden)
log -> logs/capture_20260803_063010.log  (watch: tail -f logs/capture_20260803_063010.log)
proxy creds loaded from /c/Users/saiem/.Renviron (values hidden)
proxy creds loaded from /c/Users/saiem/.Renviron (values hidden)
proxy creds loaded from /c/Users/saiem/.Renviron (values hidden)
log -> logs/capture_20260803_063010.log  (watch: tail -f logs/capture_20260803_063010.log)
log -> logs/capture_20260803_063010.log  (watch: tail -f logs/capture_20260803_063010.log)
log -> logs/capture_20260803_063010.log  (watch: tail -f logs/capture_20260803_063010.log)
log -> logs/capture_20260803_063010.log  (watch: tail -f logs/capture_20260803_063010.log)
log -> logs/capture_20260803_063010.log  (watch: tail -f logs/capture_20260803_063010.log)
log -> logs/capture_20260803_063010.log  (watch: tail -f logs/capture_20260803_063010.log)
log -> logs/capture_20260803_063010.log  (watch: tail -f logs/capture_20260803_063010.log)
pending=5950 shard=1/24 assigned=248
transport: canary vendor 'decodo_patchright'
2026-08-03 06:30:14,093 INFO vendor decodo_patchright: 50 prox(y/ies), sticky session re-minted -> session-cap1785753014w1
captured=0 skipped=248 failed=0
pending=5950 shard=0/24 assigned=248
transport: canary vendor 'decodo_patchright'
pending=5950 shard=3/24 assigned=248
transport: canary vendor 'decodo_patchright'
2026-08-03 06:30:14,315 INFO vendor decodo_patchright: 50 prox(y/ies), sticky session re-minted -> session-cap1785753014w0
2026-08-03 06:30:14,332 INFO vendor decodo_patchright: 50 prox(y/ies), sticky session re-minted -> session-cap1785753014w3
captured=0 skipped=248 failed=0
pending=5950 shard=2/24 assigned=248
transport: canary vendor 'decodo_patchright'
2026-08-03 06:30:14,540 INFO vendor decodo_patchright: 50 prox(y/ies), sticky session re-minted -> session-cap1785753014w2
captured=0 skipped=248 failed=0
pending=5950 shard=4/24 assigned=248
transport: canary vendor 'decodo_patchright'
2026-08-03 06:30:14,741 INFO vendor decodo_patchright: 50 prox(y/ies), sticky session re-minted -> session-cap1785753014w4
captured=0 skipped=248 failed=0
pending=5950 shard=8/24 assigned=248
transport: canary vendor 'decodo_patchright'
2026-08-03 06:30:15,507 INFO vendor decodo_patchright: 50 prox(y/ies), sticky session re-minted -> session-cap1785753015w8
captured=0 skipped=248 failed=0
EXIT=0
EXIT=0
EXIT=0
pending=5950 shard=6/24 assigned=248
transport: canary vendor 'decodo_patchright'
2026-08-03 06:30:15,927 INFO vendor decodo_patchright: 50 prox(y/ies), sticky session re-minted -> session-cap1785753015w6
captured=0 skipped=248 failed=0
pending=5950 shard=22/24 assigned=247
transport: canary vendor 'decodo_patchright'
2026-08-03 06:30:16,496 INFO vendor decodo_patchright: 50 prox(y/ies), sticky session re-minted -> session-cap1785753016w22
pending=5950 shard=20/24 assigned=248
transport: canary vendor 'decodo_patchright'
2026-08-03 06:30:16,732 INFO vendor decodo_patchright: 50 prox(y/ies), sticky session re-minted -> session-cap1785753016w20
captured=0 skipped=248 failed=0
EXIT=0
pending=5950 shard=14/24 assigned=248
transport: canary vendor 'decodo_patchright'
2026-08-03 06:30:16,804 INFO vendor decodo_patchright: 50 prox(y/ies), sticky session re-minted -> session-cap1785753016w14
pending=5950 shard=18/24 assigned=248
transport: canary vendor 'decodo_patchright'
EXIT=0
2026-08-03 06:30:16,808 INFO vendor decodo_patchright: 50 prox(y/ies), sticky session re-minted -> session-cap1785753016w18
captured=0 skipped=248 failed=0
pending=5950 shard=17/24 assigned=248
transport: canary vendor 'decodo_patchright'
pending=5950 shard=7/24 assigned=248
transport: canary vendor 'decodo_patchright'
pending=5950 shard=19/24 assigned=248
transport: canary vendor 'decodo_patchright'
2026-08-03 06:30:16,880 INFO vendor decodo_patchright: 50 prox(y/ies), sticky session re-minted -> session-cap1785753016w7
EXIT=0
captured=0 skipped=248 failed=0
2026-08-03 06:30:16,919 INFO vendor decodo_patchright: 50 prox(y/ies), sticky session re-minted -> session-cap1785753016w17
2026-08-03 06:30:16,933 INFO vendor decodo_patchright: 50 prox(y/ies), sticky session re-minted -> session-cap1785753016w19
pending=5950 shard=12/24 assigned=248
transport: canary vendor 'decodo_patchright'
captured=0 skipped=248 failed=0
captured=0 skipped=248 failed=0
2026-08-03 06:30:16,976 INFO vendor decodo_patchright: 50 prox(y/ies), sticky session re-minted -> session-cap1785753016w12
pending=5950 shard=23/24 assigned=247
transport: canary vendor 'decodo_patchright'
pending=5950 shard=9/24 assigned=248
transport: canary vendor 'decodo_patchright'
2026-08-03 06:30:16,997 INFO vendor decodo_patchright: 50 prox(y/ies), sticky session re-minted -> session-cap1785753016w9
2026-08-03 06:30:16,995 INFO vendor decodo_patchright: 50 prox(y/ies), sticky session re-minted -> session-cap1785753016w23
captured=0 skipped=247 failed=0
captured=0 skipped=248 failed=0
captured=0 skipped=248 failed=0
pending=5950 shard=15/24 assigned=248
transport: canary vendor 'decodo_patchright'
2026-08-03 06:30:17,117 INFO vendor decodo_patchright: 50 prox(y/ies), sticky session re-minted -> session-cap1785753017w15
pending=5950 shard=13/24 assigned=248
transport: canary vendor 'decodo_patchright'
captured=0 skipped=248 failed=0
2026-08-03 06:30:17,137 INFO vendor decodo_patchright: 50 prox(y/ies), sticky session re-minted -> session-cap1785753017w13
captured=0 skipped=248 failed=0
pending=5950 shard=5/24 assigned=248
transport: canary vendor 'decodo_patchright'
pending=5950 shard=11/24 assigned=248
transport: canary vendor 'decodo_patchright'
2026-08-03 06:30:17,245 INFO vendor decodo_patchright: 50 prox(y/ies), sticky session re-minted -> session-cap1785753017w5
captured=0 skipped=248 failed=0
2026-08-03 06:30:17,261 INFO vendor decodo_patchright: 50 prox(y/ies), sticky session re-minted -> session-cap1785753017w11
captured=0 skipped=248 failed=0
pending=5950 shard=16/24 assigned=248
transport: canary vendor 'decodo_patchright'
2026-08-03 06:30:17,309 INFO vendor decodo_patchright: 50 prox(y/ies), sticky session re-minted -> session-cap1785753017w16
captured=0 skipped=248 failed=0
EXIT=0
pending=5950 shard=21/24 assigned=248
transport: canary vendor 'decodo_patchright'
2026-08-03 06:30:17,395 INFO vendor decodo_patchright: 50 prox(y/ies), sticky session re-minted -> session-cap1785753017w21
captured=0 skipped=248 failed=0
EXIT=0
pending=5950 shard=10/24 assigned=248
transport: canary vendor 'decodo_patchright'
2026-08-03 06:30:17,543 INFO vendor decodo_patchright: 50 prox(y/ies), sticky session re-minted -> session-cap1785753017w10
captured=0 skipped=248 failed=0
EXIT=0
EXIT=0
EXIT=0
EXIT=0
EXIT=0
EXIT=0
EXIT=0
EXIT=0
EXIT=0
EXIT=0
EXIT=0
EXIT=0
EXIT=0
2026-08-03 06:30:54,604 WARNING challenge not cleared for contest_id=255413 -- bundle not written
captured=0 skipped=247 failed=1
EXIT=0
2026-08-03 06:57:41,321 ERROR BAN-SUSPECT: hard-stopping capture at contest_id=255058: NCAA fetch failed after rotating proxies: https://stats.ncaa.org/contests/255058/play_by_play: patchright: bm-verify not passed after 3 attempts (412-byte body)
BAN-SUSPECT: capture halted at contest_id=255058: NCAA fetch failed after rotating proxies: https://stats.ncaa.org/contests/255058/play_by_play: patchright: bm-verify not passed after 3 attempts (412-byte body)
EXIT=1
2026-08-03 06:58:22,638 ERROR BAN-SUSPECT: hard-stopping capture at contest_id=241423: NCAA fetch failed after rotating proxies: https://stats.ncaa.org/contests/241423/play_by_play: patchright: bm-verify not passed after 3 attempts (643-byte body)
BAN-SUSPECT: capture halted at contest_id=241423: NCAA fetch failed after rotating proxies: https://stats.ncaa.org/contests/241423/play_by_play: patchright: bm-verify not passed after 3 attempts (643-byte body)
EXIT=1
[06:58:23] capture stopped (rc=1) -- a ban/soft-ban hard-stop or Ctrl-C (see the capture log).
[06:58:23]   This is RESUMABLE: cool down (a ban clears in minutes-hours), then re-run this
[06:58:23]   script -- already-captured contests are skipped.
[06:58:23] === parse captured bundles -> mbb/json/ ===
log -> logs/parse_20260803_065823.log  (watch: tail -f logs/parse_20260803_065823.log)
seasons=all bundles=64693 pending=0 force=False shard=17/24 assigned=0
parsed=0 failed=0
EXIT=0
[06:58:39] DONE: captured_bundles=64693 parsed_json=64693 (capture rc=1)
[06:58:39] capture INCOMPLETE (rc=1) -- re-run this script to continue before building.
EXIT=1
[2026-08-03 06:58:39] season 2016: chunk 3 hard-stopped (rc=1), 242 remaining -- cooling 1800s
[07:28:39] NCAA MBB backfill: season=2016 workers=24
[07:28:39] watch this run:  tail -f /c/Users/saiem/Documents/GitHub-Data/sdv-dev/hoopR-dev/ncaa-mbb-hoops-raw/logs/backfill_2016_20260803_072839.log
[07:28:40] === skip discover (season 2016 already in schedule_master; delete mbb/schedule_master.parquet to force) ===
[07:28:40] === capture 2016: 24 worker(s), chunk=400 new bundles per worker ===
proxy creds loaded from /c/Users/saiem/.Renviron (values hidden)
proxy creds loaded from /c/Users/saiem/.Renviron (values hidden)
proxy creds loaded from /c/Users/saiem/.Renviron (values hidden)
proxy creds loaded from /c/Users/saiem/.Renviron (values hidden)
proxy creds loaded from /c/Users/saiem/.Renviron (values hidden)
log -> logs/capture_20260803_072840.log  (watch: tail -f logs/capture_20260803_072840.log)
proxy creds loaded from /c/Users/saiem/.Renviron (values hidden)
log -> logs/capture_20260803_072840.log  (watch: tail -f logs/capture_20260803_072840.log)
proxy creds loaded from /c/Users/saiem/.Renviron (values hidden)
log -> logs/capture_20260803_072840.log  (watch: tail -f logs/capture_20260803_072840.log)
log -> logs/capture_20260803_072840.log  (watch: tail -f logs/capture_20260803_072840.log)
proxy creds loaded from /c/Users/saiem/.Renviron (values hidden)
proxy creds loaded from /c/Users/saiem/.Renviron (values hidden)
proxy creds loaded from /c/Users/saiem/.Renviron (values hidden)
log -> logs/capture_20260803_072840.log  (watch: tail -f logs/capture_20260803_072840.log)
proxy creds loaded from /c/Users/saiem/.Renviron (values hidden)
proxy creds loaded from /c/Users/saiem/.Renviron (values hidden)
proxy creds loaded from /c/Users/saiem/.Renviron (values hidden)
log -> logs/capture_20260803_072840.log  (watch: tail -f logs/capture_20260803_072840.log)
log -> logs/capture_20260803_072840.log  (watch: tail -f logs/capture_20260803_072840.log)
log -> logs/capture_20260803_072840.log  (watch: tail -f logs/capture_20260803_072840.log)
log -> logs/capture_20260803_072840.log  (watch: tail -f logs/capture_20260803_072840.log)
proxy creds loaded from /c/Users/saiem/.Renviron (values hidden)
log -> logs/capture_20260803_072840.log  (watch: tail -f logs/capture_20260803_072840.log)
proxy creds loaded from /c/Users/saiem/.Renviron (values hidden)
log -> logs/capture_20260803_072840.log  (watch: tail -f logs/capture_20260803_072840.log)
log -> logs/capture_20260803_072840.log  (watch: tail -f logs/capture_20260803_072840.log)
log -> logs/capture_20260803_072840.log  (watch: tail -f logs/capture_20260803_072840.log)
proxy creds loaded from /c/Users/saiem/.Renviron (values hidden)
log -> logs/capture_20260803_072841.log  (watch: tail -f logs/capture_20260803_072841.log)
proxy creds loaded from /c/Users/saiem/.Renviron (values hidden)
proxy creds loaded from /c/Users/saiem/.Renviron (values hidden)
log -> logs/capture_20260803_072841.log  (watch: tail -f logs/capture_20260803_072841.log)
proxy creds loaded from /c/Users/saiem/.Renviron (values hidden)
log -> logs/capture_20260803_072841.log  (watch: tail -f logs/capture_20260803_072841.log)
proxy creds loaded from /c/Users/saiem/.Renviron (values hidden)
proxy creds loaded from /c/Users/saiem/.Renviron (values hidden)
log -> logs/capture_20260803_072841.log  (watch: tail -f logs/capture_20260803_072841.log)
proxy creds loaded from /c/Users/saiem/.Renviron (values hidden)
proxy creds loaded from /c/Users/saiem/.Renviron (values hidden)
log -> logs/capture_20260803_072841.log  (watch: tail -f logs/capture_20260803_072841.log)
log -> logs/capture_20260803_072841.log  (watch: tail -f logs/capture_20260803_072841.log)
log -> logs/capture_20260803_072841.log  (watch: tail -f logs/capture_20260803_072841.log)
proxy creds loaded from /c/Users/saiem/.Renviron (values hidden)
log -> logs/capture_20260803_072841.log  (watch: tail -f logs/capture_20260803_072841.log)
log -> logs/capture_20260803_072841.log  (watch: tail -f logs/capture_20260803_072841.log)
log -> logs/capture_20260803_072841.log  (watch: tail -f logs/capture_20260803_072841.log)
log -> logs/capture_20260803_072841.log  (watch: tail -f logs/capture_20260803_072841.log)
pending=5950 shard=11/24 assigned=248
transport: canary vendor 'decodo_patchright'
pending=5950 shard=1/24 assigned=248
transport: canary vendor 'decodo_patchright'
2026-08-03 07:28:45,349 INFO vendor decodo_patchright: 50 prox(y/ies), sticky session re-minted -> session-cap1785756525w1
2026-08-03 07:28:45,356 INFO vendor decodo_patchright: 50 prox(y/ies), sticky session re-minted -> session-cap1785756525w11
pending=5950 shard=2/24 assigned=248
transport: canary vendor 'decodo_patchright'
captured=0 skipped=248 failed=0
captured=0 skipped=248 failed=0
2026-08-03 07:28:45,372 INFO vendor decodo_patchright: 50 prox(y/ies), sticky session re-minted -> session-cap1785756525w2
captured=0 skipped=248 failed=0
pending=5950 shard=0/24 assigned=248
transport: canary vendor 'decodo_patchright'
2026-08-03 07:28:45,942 INFO vendor decodo_patchright: 50 prox(y/ies), sticky session re-minted -> session-cap1785756525w0
pending=5950 shard=6/24 assigned=248
transport: canary vendor 'decodo_patchright'
2026-08-03 07:28:45,996 INFO vendor decodo_patchright: 50 prox(y/ies), sticky session re-minted -> session-cap1785756525w6
captured=0 skipped=248 failed=0
pending=5950 shard=4/24 assigned=248
transport: canary vendor 'decodo_patchright'
2026-08-03 07:28:46,134 INFO vendor decodo_patchright: 50 prox(y/ies), sticky session re-minted -> session-cap1785756526w4
captured=0 skipped=248 failed=0
pending=5950 shard=3/24 assigned=248
transport: canary vendor 'decodo_patchright'
2026-08-03 07:28:46,231 INFO vendor decodo_patchright: 50 prox(y/ies), sticky session re-minted -> session-cap1785756526w3
captured=0 skipped=248 failed=0
pending=5950 shard=10/24 assigned=248
transport: canary vendor 'decodo_patchright'
2026-08-03 07:28:46,251 INFO vendor decodo_patchright: 50 prox(y/ies), sticky session re-minted -> session-cap1785756526w10
captured=0 skipped=248 failed=0
EXIT=0
EXIT=0
EXIT=0
EXIT=0
EXIT=0
EXIT=0
EXIT=0
pending=5950 shard=7/24 assigned=248
transport: canary vendor 'decodo_patchright'
2026-08-03 07:28:47,170 INFO vendor decodo_patchright: 50 prox(y/ies), sticky session re-minted -> session-cap1785756527w7
pending=5950 shard=15/24 assigned=248
transport: canary vendor 'decodo_patchright'
captured=0 skipped=248 failed=0
pending=5950 shard=17/24 assigned=248
transport: canary vendor 'decodo_patchright'
2026-08-03 07:28:47,330 INFO vendor decodo_patchright: 50 prox(y/ies), sticky session re-minted -> session-cap1785756527w15
2026-08-03 07:28:47,328 INFO vendor decodo_patchright: 50 prox(y/ies), sticky session re-minted -> session-cap1785756527w17
captured=0 skipped=248 failed=0
captured=0 skipped=248 failed=0
pending=5950 shard=18/24 assigned=248
transport: canary vendor 'decodo_patchright'
pending=5950 shard=16/24 assigned=248
transport: canary vendor 'decodo_patchright'
2026-08-03 07:28:47,376 INFO vendor decodo_patchright: 50 prox(y/ies), sticky session re-minted -> session-cap1785756527w18
2026-08-03 07:28:47,387 INFO vendor decodo_patchright: 50 prox(y/ies), sticky session re-minted -> session-cap1785756527w16
pending=5950 shard=13/24 assigned=248
transport: canary vendor 'decodo_patchright'
captured=0 skipped=248 failed=0
pending=5950 shard=22/24 assigned=247
transport: canary vendor 'decodo_patchright'
2026-08-03 07:28:47,406 INFO vendor decodo_patchright: 50 prox(y/ies), sticky session re-minted -> session-cap1785756527w13
2026-08-03 07:28:47,426 INFO vendor decodo_patchright: 50 prox(y/ies), sticky session re-minted -> session-cap1785756527w22
captured=0 skipped=248 failed=0
pending=5950 shard=21/24 assigned=248
transport: canary vendor 'decodo_patchright'
pending=5950 shard=8/24 assigned=248
transport: canary vendor 'decodo_patchright'
2026-08-03 07:28:47,494 INFO vendor decodo_patchright: 50 prox(y/ies), sticky session re-minted -> session-cap1785756527w8
2026-08-03 07:28:47,502 INFO vendor decodo_patchright: 50 prox(y/ies), sticky session re-minted -> session-cap1785756527w21
captured=0 skipped=248 failed=0
captured=0 skipped=248 failed=0
pending=5950 shard=23/24 assigned=247
transport: canary vendor 'decodo_patchright'
pending=5950 shard=9/24 assigned=248
transport: canary vendor 'decodo_patchright'
2026-08-03 07:28:47,550 INFO vendor decodo_patchright: 50 prox(y/ies), sticky session re-minted -> session-cap1785756527w9
2026-08-03 07:28:47,554 INFO vendor decodo_patchright: 50 prox(y/ies), sticky session re-minted -> session-cap1785756527w23
captured=0 skipped=247 failed=0
captured=0 skipped=248 failed=0
pending=5950 shard=14/24 assigned=248
transport: canary vendor 'decodo_patchright'
2026-08-03 07:28:47,676 INFO vendor decodo_patchright: 50 prox(y/ies), sticky session re-minted -> session-cap1785756527w14
pending=5950 shard=20/24 assigned=248
transport: canary vendor 'decodo_patchright'
captured=0 skipped=248 failed=0
pending=5950 shard=19/24 assigned=248
transport: canary vendor 'decodo_patchright'
2026-08-03 07:28:47,808 INFO vendor decodo_patchright: 50 prox(y/ies), sticky session re-minted -> session-cap1785756527w19
pending=5950 shard=5/24 assigned=248
transport: canary vendor 'decodo_patchright'
2026-08-03 07:28:47,809 INFO vendor decodo_patchright: 50 prox(y/ies), sticky session re-minted -> session-cap1785756527w20
captured=0 skipped=248 failed=0
pending=5950 shard=12/24 assigned=248
transport: canary vendor 'decodo_patchright'
captured=0 skipped=248 failed=0
2026-08-03 07:28:47,828 INFO vendor decodo_patchright: 50 prox(y/ies), sticky session re-minted -> session-cap1785756527w12
2026-08-03 07:28:47,836 INFO vendor decodo_patchright: 50 prox(y/ies), sticky session re-minted -> session-cap1785756527w5
captured=0 skipped=248 failed=0
captured=0 skipped=248 failed=0
EXIT=0
EXIT=0
EXIT=0
EXIT=0
EXIT=0
EXIT=0
EXIT=0
EXIT=0
EXIT=0
EXIT=0
EXIT=0
EXIT=0
EXIT=0
EXIT=0
2026-08-03 07:29:50,818 WARNING challenge not cleared for contest_id=255413 -- bundle not written
captured=0 skipped=247 failed=1
EXIT=0
2026-08-03 07:58:16,397 ERROR BAN-SUSPECT: hard-stopping capture at contest_id=255058: NCAA fetch failed after rotating proxies: https://stats.ncaa.org/contests/255058/play_by_play: patchright: bm-verify not passed after 3 attempts (643-byte body)
BAN-SUSPECT: capture halted at contest_id=255058: NCAA fetch failed after rotating proxies: https://stats.ncaa.org/contests/255058/play_by_play: patchright: bm-verify not passed after 3 attempts (643-byte body)
EXIT=1
2026-08-03 07:59:25,270 ERROR BAN-SUSPECT: hard-stopping capture at contest_id=241423: NCAA fetch failed after rotating proxies: https://stats.ncaa.org/contests/241423/play_by_play: patchright: bm-verify not passed after 3 attempts (643-byte body)
BAN-SUSPECT: capture halted at contest_id=241423: NCAA fetch failed after rotating proxies: https://stats.ncaa.org/contests/241423/play_by_play: patchright: bm-verify not passed after 3 attempts (643-byte body)
EXIT=1
[07:59:25] capture stopped (rc=1) -- a ban/soft-ban hard-stop or Ctrl-C (see the capture log).
[07:59:25]   This is RESUMABLE: cool down (a ban clears in minutes-hours), then re-run this
[07:59:25]   script -- already-captured contests are skipped.
[07:59:25] === parse captured bundles -> mbb/json/ ===
log -> logs/parse_20260803_075925.log  (watch: tail -f logs/parse_20260803_075925.log)
seasons=all bundles=64693 pending=0 force=False shard=8/24 assigned=0
parsed=0 failed=0

EXIT=0
[07:59:41] DONE: captured_bundles=64693 parsed_json=64693 (capture rc=1)
[07:59:41] capture INCOMPLETE (rc=1) -- re-run this script to continue before building.
EXIT=1
[2026-08-03 07:59:41] season 2016: chunk 4 hard-stopped (rc=1), 242 remaining -- cooling 1800s
[08:29:42] NCAA MBB backfill: season=2016 workers=24
[08:29:42] watch this run:  tail -f /c/Users/saiem/Documents/GitHub-Data/sdv-dev/hoopR-dev/ncaa-mbb-hoops-raw/logs/backfill_2016_20260803_082942.log
[08:29:42] === skip discover (season 2016 already in schedule_master; delete mbb/schedule_master.parquet to force) ===
[08:29:42] === capture 2016: 24 worker(s), chunk=400 new bundles per worker ===
proxy creds loaded from /c/Users/saiem/.Renviron (values hidden)
proxy creds loaded from /c/Users/saiem/.Renviron (values hidden)
proxy creds loaded from /c/Users/saiem/.Renviron (values hidden)
proxy creds loaded from /c/Users/saiem/.Renviron (values hidden)
proxy creds loaded from /c/Users/saiem/.Renviron (values hidden)
log -> logs/capture_20260803_082942.log  (watch: tail -f logs/capture_20260803_082942.log)
log -> logs/capture_20260803_082942.log  (watch: tail -f logs/capture_20260803_082942.log)
log -> logs/capture_20260803_082942.log  (watch: tail -f logs/capture_20260803_082942.log)
proxy creds loaded from /c/Users/saiem/.Renviron (values hidden)
proxy creds loaded from /c/Users/saiem/.Renviron (values hidden)
proxy creds loaded from /c/Users/saiem/.Renviron (values hidden)
proxy creds loaded from /c/Users/saiem/.Renviron (values hidden)
proxy creds loaded from /c/Users/saiem/.Renviron (values hidden)
log -> logs/capture_20260803_082942.log  (watch: tail -f logs/capture_20260803_082942.log)
proxy creds loaded from /c/Users/saiem/.Renviron (values hidden)
proxy creds loaded from /c/Users/saiem/.Renviron (values hidden)
log -> logs/capture_20260803_082942.log  (watch: tail -f logs/capture_20260803_082942.log)
log -> logs/capture_20260803_082942.log  (watch: tail -f logs/capture_20260803_082942.log)
log -> logs/capture_20260803_082942.log  (watch: tail -f logs/capture_20260803_082942.log)
log -> logs/capture_20260803_082942.log  (watch: tail -f logs/capture_20260803_082942.log)
proxy creds loaded from /c/Users/saiem/.Renviron (values hidden)
proxy creds loaded from /c/Users/saiem/.Renviron (values hidden)
log -> logs/capture_20260803_082942.log  (watch: tail -f logs/capture_20260803_082942.log)
log -> logs/capture_20260803_082942.log  (watch: tail -f logs/capture_20260803_082942.log)
log -> logs/capture_20260803_082942.log  (watch: tail -f logs/capture_20260803_082942.log)
log -> logs/capture_20260803_082942.log  (watch: tail -f logs/capture_20260803_082942.log)
proxy creds loaded from /c/Users/saiem/.Renviron (values hidden)
proxy creds loaded from /c/Users/saiem/.Renviron (values hidden)
proxy creds loaded from /c/Users/saiem/.Renviron (values hidden)
proxy creds loaded from /c/Users/saiem/.Renviron (values hidden)
proxy creds loaded from /c/Users/saiem/.Renviron (values hidden)
proxy creds loaded from /c/Users/saiem/.Renviron (values hidden)
log -> logs/capture_20260803_082943.log  (watch: tail -f logs/capture_20260803_082943.log)
log -> logs/capture_20260803_082943.log  (watch: tail -f logs/capture_20260803_082943.log)
proxy creds loaded from /c/Users/saiem/.Renviron (values hidden)
log -> logs/capture_20260803_082943.log  (watch: tail -f logs/capture_20260803_082943.log)
proxy creds loaded from /c/Users/saiem/.Renviron (values hidden)
log -> logs/capture_20260803_082943.log  (watch: tail -f logs/capture_20260803_082943.log)
log -> logs/capture_20260803_082943.log  (watch: tail -f logs/capture_20260803_082943.log)
log -> logs/capture_20260803_082943.log  (watch: tail -f logs/capture_20260803_082943.log)
proxy creds loaded from /c/Users/saiem/.Renviron (values hidden)
proxy creds loaded from /c/Users/saiem/.Renviron (values hidden)
log -> logs/capture_20260803_082943.log  (watch: tail -f logs/capture_20260803_082943.log)
log -> logs/capture_20260803_082943.log  (watch: tail -f logs/capture_20260803_082943.log)
log -> logs/capture_20260803_082943.log  (watch: tail -f logs/capture_20260803_082943.log)
log -> logs/capture_20260803_082943.log  (watch: tail -f logs/capture_20260803_082943.log)
log -> logs/capture_20260803_082943.log  (watch: tail -f logs/capture_20260803_082943.log)
log -> logs/capture_20260803_082943.log  (watch: tail -f logs/capture_20260803_082943.log)
pending=5950 shard=1/24 assigned=248
transport: canary vendor 'decodo_patchright'
2026-08-03 08:29:47,075 INFO vendor decodo_patchright: 50 prox(y/ies), sticky session re-minted -> session-cap1785760187w1
captured=0 skipped=248 failed=0
pending=5950 shard=9/24 assigned=248
transport: canary vendor 'decodo_patchright'
2026-08-03 08:29:47,385 INFO vendor decodo_patchright: 50 prox(y/ies), sticky session re-minted -> session-cap1785760187w9
captured=0 skipped=248 failed=0
EXIT=0
EXIT=0
pending=5950 shard=10/24 assigned=248
transport: canary vendor 'decodo_patchright'
pending=5950 shard=2/24 assigned=248
transport: canary vendor 'decodo_patchright'
2026-08-03 08:29:48,922 INFO vendor decodo_patchright: 50 prox(y/ies), sticky session re-minted -> session-cap1785760188w2
captured=0 skipped=248 failed=0
2026-08-03 08:29:49,018 INFO vendor decodo_patchright: 50 prox(y/ies), sticky session re-minted -> session-cap1785760189w10
captured=0 skipped=248 failed=0
pending=5950 shard=4/24 assigned=248
transport: canary vendor 'decodo_patchright'
2026-08-03 08:29:49,093 INFO vendor decodo_patchright: 50 prox(y/ies), sticky session re-minted -> session-cap1785760189w4
captured=0 skipped=248 failed=0
pending=5950 shard=5/24 assigned=248
transport: canary vendor 'decodo_patchright'
2026-08-03 08:29:49,142 INFO vendor decodo_patchright: 50 prox(y/ies), sticky session re-minted -> session-cap1785760189w5
captured=0 skipped=248 failed=0
pending=5950 shard=7/24 assigned=248
transport: canary vendor 'decodo_patchright'
2026-08-03 08:29:49,209 INFO vendor decodo_patchright: 50 prox(y/ies), sticky session re-minted -> session-cap1785760189w7
pending=5950 shard=6/24 assigned=248
transport: canary vendor 'decodo_patchright'
2026-08-03 08:29:49,220 INFO vendor decodo_patchright: 50 prox(y/ies), sticky session re-minted -> session-cap1785760189w6
captured=0 skipped=248 failed=0
captured=0 skipped=248 failed=0
pending=5950 shard=3/24 assigned=248
transport: canary vendor 'decodo_patchright'
pending=5950 shard=8/24 assigned=248
transport: canary vendor 'decodo_patchright'
2026-08-03 08:29:49,245 INFO vendor decodo_patchright: 50 prox(y/ies), sticky session re-minted -> session-cap1785760189w8
captured=0 skipped=248 failed=0
pending=5950 shard=12/24 assigned=248
transport: canary vendor 'decodo_patchright'
2026-08-03 08:29:49,434 INFO vendor decodo_patchright: 50 prox(y/ies), sticky session re-minted -> session-cap1785760189w3
captured=0 skipped=248 failed=0
2026-08-03 08:29:49,490 INFO vendor decodo_patchright: 50 prox(y/ies), sticky session re-minted -> session-cap1785760189w12
captured=0 skipped=248 failed=0
pending=5950 shard=13/24 assigned=248
transport: canary vendor 'decodo_patchright'
pending=5950 shard=23/24 assigned=247
transport: canary vendor 'decodo_patchright'
2026-08-03 08:29:49,628 INFO vendor decodo_patchright: 50 prox(y/ies), sticky session re-minted -> session-cap1785760189w13
pending=5950 shard=14/24 assigned=248
transport: canary vendor 'decodo_patchright'
2026-08-03 08:29:49,657 INFO vendor decodo_patchright: 50 prox(y/ies), sticky session re-minted -> session-cap1785760189w14
captured=0 skipped=248 failed=0
captured=0 skipped=248 failed=0
2026-08-03 08:29:49,660 INFO vendor decodo_patchright: 50 prox(y/ies), sticky session re-minted -> session-cap1785760189w23
captured=0 skipped=247 failed=0
pending=5950 shard=22/24 assigned=247
transport: canary vendor 'decodo_patchright'
2026-08-03 08:29:49,752 INFO vendor decodo_patchright: 50 prox(y/ies), sticky session re-minted -> session-cap1785760189w22
EXIT=0
pending=5950 shard=17/24 assigned=248
transport: canary vendor 'decodo_patchright'
2026-08-03 08:29:49,785 INFO vendor decodo_patchright: 50 prox(y/ies), sticky session re-minted -> session-cap1785760189w17
captured=0 skipped=248 failed=0
EXIT=0
pending=5950 shard=21/24 assigned=248
transport: canary vendor 'decodo_patchright'
2026-08-03 08:29:49,864 INFO vendor decodo_patchright: 50 prox(y/ies), sticky session re-minted -> session-cap1785760189w21
pending=5950 shard=15/24 assigned=248
transport: canary vendor 'decodo_patchright'
EXIT=0
captured=0 skipped=248 failed=0
2026-08-03 08:29:49,873 INFO vendor decodo_patchright: 50 prox(y/ies), sticky session re-minted -> session-cap1785760189w15
captured=0 skipped=248 failed=0
EXIT=0
pending=5950 shard=11/24 assigned=248
transport: canary vendor 'decodo_patchright'
2026-08-03 08:29:49,920 INFO vendor decodo_patchright: 50 prox(y/ies), sticky session re-minted -> session-cap1785760189w11
captured=0 skipped=248 failed=0
EXIT=0
EXIT=0
pending=5950 shard=0/24 assigned=248
transport: canary vendor 'decodo_patchright'
2026-08-03 08:29:50,060 INFO vendor decodo_patchright: 50 prox(y/ies), sticky session re-minted -> session-cap1785760190w0
pending=5950 shard=18/24 assigned=248
transport: canary vendor 'decodo_patchright'
2026-08-03 08:29:50,079 INFO vendor decodo_patchright: 50 prox(y/ies), sticky session re-minted -> session-cap1785760190w18
EXIT=0
pending=5950 shard=20/24 assigned=248
transport: canary vendor 'decodo_patchright'
pending=5950 shard=16/24 assigned=248
transport: canary vendor 'decodo_patchright'
2026-08-03 08:29:50,094 INFO vendor decodo_patchright: 50 prox(y/ies), sticky session re-minted -> session-cap1785760190w16
pending=5950 shard=19/24 assigned=248
transport: canary vendor 'decodo_patchright'
2026-08-03 08:29:50,097 INFO vendor decodo_patchright: 50 prox(y/ies), sticky session re-minted -> session-cap1785760190w20
captured=0 skipped=248 failed=0
2026-08-03 08:29:50,097 INFO vendor decodo_patchright: 50 prox(y/ies), sticky session re-minted -> session-cap1785760190w19
captured=0 skipped=248 failed=0
captured=0 skipped=248 failed=0
EXIT=0
EXIT=0
EXIT=0
EXIT=0
EXIT=0
EXIT=0
EXIT=0
EXIT=0
EXIT=0
EXIT=0
EXIT=0
EXIT=0
2026-08-03 08:30:21,427 WARNING challenge not cleared for contest_id=255413 -- bundle not written
captured=0 skipped=247 failed=1
EXIT=0
2026-08-03 08:55:27,144 ERROR BAN-SUSPECT: hard-stopping capture at contest_id=255058: NCAA fetch failed after rotating proxies: https://stats.ncaa.org/contests/255058/play_by_play: patchright: bm-verify not passed after 3 attempts (643-byte body)
BAN-SUSPECT: capture halted at contest_id=255058: NCAA fetch failed after rotating proxies: https://stats.ncaa.org/contests/255058/play_by_play: patchright: bm-verify not passed after 3 attempts (643-byte body)
EXIT=1
2026-08-03 08:56:09,109 ERROR BAN-SUSPECT: hard-stopping capture at contest_id=241423: NCAA fetch failed after rotating proxies: https://stats.ncaa.org/contests/241423/play_by_play: patchright: bm-verify not passed after 3 attempts (643-byte body)
BAN-SUSPECT: capture halted at contest_id=241423: NCAA fetch failed after rotating proxies: https://stats.ncaa.org/contests/241423/play_by_play: patchright: bm-verify not passed after 3 attempts (643-byte body)
EXIT=1
[08:56:09] capture stopped (rc=1) -- a ban/soft-ban hard-stop or Ctrl-C (see the capture log).
[08:56:09]   This is RESUMABLE: cool down (a ban clears in minutes-hours), then re-run this
[08:56:09]   script -- already-captured contests are skipped.
[08:56:09] === parse captured bundles -> mbb/json/ ===
log -> logs/parse_20260803_085609.log  (watch: tail -f logs/parse_20260803_085609.log)
seasons=all bundles=64693 pending=0 force=False shard=3/24 assigned=0
parsed=0 failed=0

EXIT=0
[08:56:25] DONE: captured_bundles=64693 parsed_json=64693 (capture rc=1)
[08:56:25] capture INCOMPLETE (rc=1) -- re-run this script to continue before building.
EXIT=1
[2026-08-03 08:56:25] season 2016: chunk 5 hard-stopped (rc=1), 242 remaining -- cooling 1800s
[09:26:25] NCAA MBB backfill: season=2016 workers=24
[09:26:25] watch this run:  tail -f /c/Users/saiem/Documents/GitHub-Data/sdv-dev/hoopR-dev/ncaa-mbb-hoops-raw/logs/backfill_2016_20260803_092625.log
[09:26:26] === skip discover (season 2016 already in schedule_master; delete mbb/schedule_master.parquet to force) ===
[09:26:26] === capture 2016: 24 worker(s), chunk=400 new bundles per worker ===
proxy creds loaded from /c/Users/saiem/.Renviron (values hidden)
proxy creds loaded from /c/Users/saiem/.Renviron (values hidden)
proxy creds loaded from /c/Users/saiem/.Renviron (values hidden)
proxy creds loaded from /c/Users/saiem/.Renviron (values hidden)
proxy creds loaded from /c/Users/saiem/.Renviron (values hidden)
proxy creds loaded from /c/Users/saiem/.Renviron (values hidden)
log -> logs/capture_20260803_092626.log  (watch: tail -f logs/capture_20260803_092626.log)
log -> logs/capture_20260803_092626.log  (watch: tail -f logs/capture_20260803_092626.log)
proxy creds loaded from /c/Users/saiem/.Renviron (values hidden)
proxy creds loaded from /c/Users/saiem/.Renviron (values hidden)
log -> logs/capture_20260803_092626.log  (watch: tail -f logs/capture_20260803_092626.log)
log -> logs/capture_20260803_092626.log  (watch: tail -f logs/capture_20260803_092626.log)
log -> logs/capture_20260803_092626.log  (watch: tail -f logs/capture_20260803_092626.log)
log -> logs/capture_20260803_092626.log  (watch: tail -f logs/capture_20260803_092626.log)
proxy creds loaded from /c/Users/saiem/.Renviron (values hidden)
proxy creds loaded from /c/Users/saiem/.Renviron (values hidden)
proxy creds loaded from /c/Users/saiem/.Renviron (values hidden)
log -> logs/capture_20260803_092626.log  (watch: tail -f logs/capture_20260803_092626.log)
log -> logs/capture_20260803_092626.log  (watch: tail -f logs/capture_20260803_092626.log)
proxy creds loaded from /c/Users/saiem/.Renviron (values hidden)
proxy creds loaded from /c/Users/saiem/.Renviron (values hidden)
proxy creds loaded from /c/Users/saiem/.Renviron (values hidden)
proxy creds loaded from /c/Users/saiem/.Renviron (values hidden)
log -> logs/capture_20260803_092626.log  (watch: tail -f logs/capture_20260803_092626.log)
proxy creds loaded from /c/Users/saiem/.Renviron (values hidden)
proxy creds loaded from /c/Users/saiem/.Renviron (values hidden)
proxy creds loaded from /c/Users/saiem/.Renviron (values hidden)
proxy creds loaded from /c/Users/saiem/.Renviron (values hidden)
log -> logs/capture_20260803_092626.log  (watch: tail -f logs/capture_20260803_092626.log)
log -> logs/capture_20260803_092626.log  (watch: tail -f logs/capture_20260803_092626.log)
proxy creds loaded from /c/Users/saiem/.Renviron (values hidden)
log -> logs/capture_20260803_092626.log  (watch: tail -f logs/capture_20260803_092626.log)
log -> logs/capture_20260803_092626.log  (watch: tail -f logs/capture_20260803_092626.log)
log -> logs/capture_20260803_092626.log  (watch: tail -f logs/capture_20260803_092626.log)
proxy creds loaded from /c/Users/saiem/.Renviron (values hidden)
log -> logs/capture_20260803_092626.log  (watch: tail -f logs/capture_20260803_092626.log)
proxy creds loaded from /c/Users/saiem/.Renviron (values hidden)
log -> logs/capture_20260803_092626.log  (watch: tail -f logs/capture_20260803_092626.log)
log -> logs/capture_20260803_092626.log  (watch: tail -f logs/capture_20260803_092626.log)
log -> logs/capture_20260803_092626.log  (watch: tail -f logs/capture_20260803_092626.log)
log -> logs/capture_20260803_092626.log  (watch: tail -f logs/capture_20260803_092626.log)
proxy creds loaded from /c/Users/saiem/.Renviron (values hidden)
proxy creds loaded from /c/Users/saiem/.Renviron (values hidden)
log -> logs/capture_20260803_092626.log  (watch: tail -f logs/capture_20260803_092626.log)
log -> logs/capture_20260803_092626.log  (watch: tail -f logs/capture_20260803_092626.log)
log -> logs/capture_20260803_092626.log  (watch: tail -f logs/capture_20260803_092626.log)
log -> logs/capture_20260803_092627.log  (watch: tail -f logs/capture_20260803_092627.log)
log -> logs/capture_20260803_092627.log  (watch: tail -f logs/capture_20260803_092627.log)
pending=5950 shard=2/24 assigned=248
transport: canary vendor 'decodo_patchright'
2026-08-03 09:26:31,208 INFO vendor decodo_patchright: 50 prox(y/ies), sticky session re-minted -> session-cap1785763591w2
captured=0 skipped=248 failed=0
pending=5950 shard=18/24 assigned=248
transport: canary vendor 'decodo_patchright'
2026-08-03 09:26:31,337 INFO vendor decodo_patchright: 50 prox(y/ies), sticky session re-minted -> session-cap1785763591w18
pending=5950 shard=9/24 assigned=248
transport: canary vendor 'decodo_patchright'
2026-08-03 09:26:31,736 INFO vendor decodo_patchright: 50 prox(y/ies), sticky session re-minted -> session-cap1785763591w9
captured=0 skipped=248 failed=0
pending=5950 shard=4/24 assigned=248
transport: canary vendor 'decodo_patchright'
EXIT=0
pending=5950 shard=17/24 assigned=248
transport: canary vendor 'decodo_patchright'
2026-08-03 09:26:32,214 INFO vendor decodo_patchright: 50 prox(y/ies), sticky session re-minted -> session-cap1785763592w4
captured=0 skipped=248 failed=0
pending=5950 shard=12/24 assigned=248
transport: canary vendor 'decodo_patchright'
2026-08-03 09:26:32,223 INFO vendor decodo_patchright: 50 prox(y/ies), sticky session re-minted -> session-cap1785763592w12
captured=0 skipped=248 failed=0
2026-08-03 09:26:32,259 INFO vendor decodo_patchright: 50 prox(y/ies), sticky session re-minted -> session-cap1785763592w17
captured=0 skipped=248 failed=0
EXIT=0
EXIT=0
pending=5950 shard=0/24 assigned=248
transport: canary vendor 'decodo_patchright'
2026-08-03 09:26:33,270 INFO vendor decodo_patchright: 50 prox(y/ies), sticky session re-minted -> session-cap1785763593w0
EXIT=0
pending=5950 shard=8/24 assigned=248
transport: canary vendor 'decodo_patchright'
2026-08-03 09:26:33,328 INFO vendor decodo_patchright: 50 prox(y/ies), sticky session re-minted -> session-cap1785763593w8
captured=0 skipped=248 failed=0
pending=5950 shard=3/24 assigned=248
transport: canary vendor 'decodo_patchright'
2026-08-03 09:26:33,399 INFO vendor decodo_patchright: 50 prox(y/ies), sticky session re-minted -> session-cap1785763593w3
captured=0 skipped=248 failed=0
EXIT=0
pending=5950 shard=19/24 assigned=248
transport: canary vendor 'decodo_patchright'
2026-08-03 09:26:33,462 INFO vendor decodo_patchright: 50 prox(y/ies), sticky session re-minted -> session-cap1785763593w19
captured=0 skipped=248 failed=0
pending=5950 shard=15/24 assigned=248
transport: canary vendor 'decodo_patchright'
pending=5950 shard=7/24 assigned=248
transport: canary vendor 'decodo_patchright'
2026-08-03 09:26:33,504 INFO vendor decodo_patchright: 50 prox(y/ies), sticky session re-minted -> session-cap1785763593w7
captured=0 skipped=248 failed=0
pending=5950 shard=16/24 assigned=248
transport: canary vendor 'decodo_patchright'
2026-08-03 09:26:33,550 INFO vendor decodo_patchright: 50 prox(y/ies), sticky session re-minted -> session-cap1785763593w16
2026-08-03 09:26:33,531 INFO vendor decodo_patchright: 50 prox(y/ies), sticky session re-minted -> session-cap1785763593w15
captured=0 skipped=248 failed=0
captured=0 skipped=248 failed=0
pending=5950 shard=11/24 assigned=248
transport: canary vendor 'decodo_patchright'
2026-08-03 09:26:33,567 INFO vendor decodo_patchright: 50 prox(y/ies), sticky session re-minted -> session-cap1785763593w11
captured=0 skipped=248 failed=0
pending=5950 shard=10/24 assigned=248
transport: canary vendor 'decodo_patchright'
2026-08-03 09:26:33,616 INFO vendor decodo_patchright: 50 prox(y/ies), sticky session re-minted -> session-cap1785763593w10
captured=0 skipped=248 failed=0
pending=5950 shard=21/24 assigned=248
transport: canary vendor 'decodo_patchright'
2026-08-03 09:26:33,739 INFO vendor decodo_patchright: 50 prox(y/ies), sticky session re-minted -> session-cap1785763593w21
captured=0 skipped=248 failed=0
pending=5950 shard=14/24 assigned=248
transport: canary vendor 'decodo_patchright'
2026-08-03 09:26:33,929 INFO vendor decodo_patchright: 50 prox(y/ies), sticky session re-minted -> session-cap1785763593w14
captured=0 skipped=248 failed=0
pending=5950 shard=5/24 assigned=248
transport: canary vendor 'decodo_patchright'
2026-08-03 09:26:34,050 INFO vendor decodo_patchright: 50 prox(y/ies), sticky session re-minted -> session-cap1785763594w5
captured=0 skipped=248 failed=0
pending=5950 shard=13/24 assigned=248
transport: canary vendor 'decodo_patchright'
2026-08-03 09:26:34,108 INFO vendor decodo_patchright: 50 prox(y/ies), sticky session re-minted -> session-cap1785763594w13
pending=5950 shard=20/24 assigned=248
transport: canary vendor 'decodo_patchright'
2026-08-03 09:26:34,120 INFO vendor decodo_patchright: 50 prox(y/ies), sticky session re-minted -> session-cap1785763594w20
captured=0 skipped=248 failed=0
captured=0 skipped=248 failed=0
pending=5950 shard=23/24 assigned=247
transport: canary vendor 'decodo_patchright'
2026-08-03 09:26:34,179 INFO vendor decodo_patchright: 50 prox(y/ies), sticky session re-minted -> session-cap1785763594w23
captured=0 skipped=247 failed=0
EXIT=0
pending=5950 shard=6/24 assigned=248
transport: canary vendor 'decodo_patchright'
EXIT=0
pending=5950 shard=1/24 assigned=248
transport: canary vendor 'decodo_patchright'
2026-08-03 09:26:34,243 INFO vendor decodo_patchright: 50 prox(y/ies), sticky session re-minted -> session-cap1785763594w1
2026-08-03 09:26:34,235 INFO vendor decodo_patchright: 50 prox(y/ies), sticky session re-minted -> session-cap1785763594w6
EXIT=0
captured=0 skipped=248 failed=0
captured=0 skipped=248 failed=0
pending=5950 shard=22/24 assigned=247
transport: canary vendor 'decodo_patchright'
2026-08-03 09:26:34,305 INFO vendor decodo_patchright: 50 prox(y/ies), sticky session re-minted -> session-cap1785763594w22
EXIT=0
EXIT=0
EXIT=0
EXIT=0
EXIT=0
EXIT=0
EXIT=0
EXIT=0
EXIT=0
EXIT=0
EXIT=0
EXIT=0
EXIT=0
2026-08-03 09:27:05,950 WARNING challenge not cleared for contest_id=255413 -- bundle not written
captured=0 skipped=247 failed=1
EXIT=0
2026-08-03 09:52:53,198 ERROR BAN-SUSPECT: hard-stopping capture at contest_id=255058: NCAA fetch failed after rotating proxies: https://stats.ncaa.org/contests/255058/play_by_play: patchright: bm-verify not passed after 3 attempts (643-byte body)
BAN-SUSPECT: capture halted at contest_id=255058: NCAA fetch failed after rotating proxies: https://stats.ncaa.org/contests/255058/play_by_play: patchright: bm-verify not passed after 3 attempts (643-byte body)
EXIT=1
2026-08-03 09:53:01,770 ERROR BAN-SUSPECT: hard-stopping capture at contest_id=241423: NCAA fetch failed after rotating proxies: https://stats.ncaa.org/contests/241423/play_by_play: patchright: bm-verify not passed after 3 attempts (643-byte body)
BAN-SUSPECT: capture halted at contest_id=241423: NCAA fetch failed after rotating proxies: https://stats.ncaa.org/contests/241423/play_by_play: patchright: bm-verify not passed after 3 attempts (643-byte body)
EXIT=1
[09:53:02] capture stopped (rc=1) -- a ban/soft-ban hard-stop or Ctrl-C (see the capture log).
[09:53:02]   This is RESUMABLE: cool down (a ban clears in minutes-hours), then re-run this
[09:53:02]   script -- already-captured contests are skipped.
[09:53:02] === parse captured bundles -> mbb/json/ ===
log -> logs/parse_20260803_095302.log  (watch: tail -f logs/parse_20260803_095302.log)
seasons=all bundles=64693 pending=0 force=False shard=12/24 assigned=0
parsed=0 failed=0
EXIT=0
[09:53:15] DONE: captured_bundles=64693 parsed_json=64693 (capture rc=1)
[09:53:16] capture INCOMPLETE (rc=1) -- re-run this script to continue before building.
EXIT=1
[2026-08-03 09:53:16] season 2016: chunk 6 hard-stopped (rc=1), 242 remaining -- cooling 1800s
[10:23:16] NCAA MBB backfill: season=2016 workers=24
[10:23:16] watch this run:  tail -f /c/Users/saiem/Documents/GitHub-Data/sdv-dev/hoopR-dev/ncaa-mbb-hoops-raw/logs/backfill_2016_20260803_102316.log
[10:23:16] === skip discover (season 2016 already in schedule_master; delete mbb/schedule_master.parquet to force) ===
[10:23:16] === capture 2016: 24 worker(s), chunk=400 new bundles per worker ===
proxy creds loaded from /c/Users/saiem/.Renviron (values hidden)
proxy creds loaded from /c/Users/saiem/.Renviron (values hidden)
proxy creds loaded from /c/Users/saiem/.Renviron (values hidden)
proxy creds loaded from /c/Users/saiem/.Renviron (values hidden)
proxy creds loaded from /c/Users/saiem/.Renviron (values hidden)
proxy creds loaded from /c/Users/saiem/.Renviron (values hidden)
log -> logs/capture_20260803_102317.log  (watch: tail -f logs/capture_20260803_102317.log)
proxy creds loaded from /c/Users/saiem/.Renviron (values hidden)
proxy creds loaded from /c/Users/saiem/.Renviron (values hidden)
log -> logs/capture_20260803_102317.log  (watch: tail -f logs/capture_20260803_102317.log)
proxy creds loaded from /c/Users/saiem/.Renviron (values hidden)
log -> logs/capture_20260803_102317.log  (watch: tail -f logs/capture_20260803_102317.log)
proxy creds loaded from /c/Users/saiem/.Renviron (values hidden)
log -> logs/capture_20260803_102317.log  (watch: tail -f logs/capture_20260803_102317.log)
log -> logs/capture_20260803_102317.log  (watch: tail -f logs/capture_20260803_102317.log)
proxy creds loaded from /c/Users/saiem/.Renviron (values hidden)
log -> logs/capture_20260803_102317.log  (watch: tail -f logs/capture_20260803_102317.log)
log -> logs/capture_20260803_102317.log  (watch: tail -f logs/capture_20260803_102317.log)
proxy creds loaded from /c/Users/saiem/.Renviron (values hidden)
log -> logs/capture_20260803_102317.log  (watch: tail -f logs/capture_20260803_102317.log)
proxy creds loaded from /c/Users/saiem/.Renviron (values hidden)
proxy creds loaded from /c/Users/saiem/.Renviron (values hidden)
log -> logs/capture_20260803_102317.log  (watch: tail -f logs/capture_20260803_102317.log)
log -> logs/capture_20260803_102317.log  (watch: tail -f logs/capture_20260803_102317.log)
proxy creds loaded from /c/Users/saiem/.Renviron (values hidden)
proxy creds loaded from /c/Users/saiem/.Renviron (values hidden)
proxy creds loaded from /c/Users/saiem/.Renviron (values hidden)
proxy creds loaded from /c/Users/saiem/.Renviron (values hidden)
log -> logs/capture_20260803_102317.log  (watch: tail -f logs/capture_20260803_102317.log)
log -> logs/capture_20260803_102317.log  (watch: tail -f logs/capture_20260803_102317.log)
proxy creds loaded from /c/Users/saiem/.Renviron (values hidden)
log -> logs/capture_20260803_102317.log  (watch: tail -f logs/capture_20260803_102317.log)
proxy creds loaded from /c/Users/saiem/.Renviron (values hidden)
log -> logs/capture_20260803_102317.log  (watch: tail -f logs/capture_20260803_102317.log)
log -> logs/capture_20260803_102317.log  (watch: tail -f logs/capture_20260803_102317.log)
log -> logs/capture_20260803_102317.log  (watch: tail -f logs/capture_20260803_102317.log)
proxy creds loaded from /c/Users/saiem/.Renviron (values hidden)
log -> logs/capture_20260803_102317.log  (watch: tail -f logs/capture_20260803_102317.log)
log -> logs/capture_20260803_102317.log  (watch: tail -f logs/capture_20260803_102317.log)
proxy creds loaded from /c/Users/saiem/.Renviron (values hidden)
proxy creds loaded from /c/Users/saiem/.Renviron (values hidden)
log -> logs/capture_20260803_102317.log  (watch: tail -f logs/capture_20260803_102317.log)
log -> logs/capture_20260803_102317.log  (watch: tail -f logs/capture_20260803_102317.log)
log -> logs/capture_20260803_102317.log  (watch: tail -f logs/capture_20260803_102317.log)
proxy creds loaded from /c/Users/saiem/.Renviron (values hidden)
log -> logs/capture_20260803_102317.log  (watch: tail -f logs/capture_20260803_102317.log)
log -> logs/capture_20260803_102317.log  (watch: tail -f logs/capture_20260803_102317.log)
log -> logs/capture_20260803_102317.log  (watch: tail -f logs/capture_20260803_102317.log)
pending=5950 shard=1/24 assigned=248
transport: canary vendor 'decodo_patchright'
2026-08-03 10:23:21,590 INFO vendor decodo_patchright: 50 prox(y/ies), sticky session re-minted -> session-cap1785767001w1
captured=0 skipped=248 failed=0
pending=5950 shard=8/24 assigned=248
transport: canary vendor 'decodo_patchright'
2026-08-03 10:23:21,697 INFO vendor decodo_patchright: 50 prox(y/ies), sticky session re-minted -> session-cap1785767001w8
captured=0 skipped=248 failed=0
pending=5950 shard=5/24 assigned=248
transport: canary vendor 'decodo_patchright'
2026-08-03 10:23:21,765 INFO vendor decodo_patchright: 50 prox(y/ies), sticky session re-minted -> session-cap1785767001w5
captured=0 skipped=248 failed=0
pending=5950 shard=2/24 assigned=248
transport: canary vendor 'decodo_patchright'
2026-08-03 10:23:21,812 INFO vendor decodo_patchright: 50 prox(y/ies), sticky session re-minted -> session-cap1785767001w2
captured=0 skipped=248 failed=0
pending=5950 shard=0/24 assigned=248
transport: canary vendor 'decodo_patchright'
2026-08-03 10:23:21,999 INFO vendor decodo_patchright: 50 prox(y/ies), sticky session re-minted -> session-cap1785767001w0
pending=5950 shard=6/24 assigned=248
transport: canary vendor 'decodo_patchright'
2026-08-03 10:23:22,697 INFO vendor decodo_patchright: 50 prox(y/ies), sticky session re-minted -> session-cap1785767002w6
captured=0 skipped=248 failed=0
pending=5950 shard=4/24 assigned=248
transport: canary vendor 'decodo_patchright'
2026-08-03 10:23:22,869 INFO vendor decodo_patchright: 50 prox(y/ies), sticky session re-minted -> session-cap1785767002w4
captured=0 skipped=248 failed=0
pending=5950 shard=7/24 assigned=248
transport: canary vendor 'decodo_patchright'
2026-08-03 10:23:22,963 INFO vendor decodo_patchright: 50 prox(y/ies), sticky session re-minted -> session-cap1785767002w7
captured=0 skipped=248 failed=0
EXIT=0
pending=5950 shard=22/24 assigned=247
transport: canary vendor 'decodo_patchright'
2026-08-03 10:23:23,712 INFO vendor decodo_patchright: 50 prox(y/ies), sticky session re-minted -> session-cap1785767003w22
EXIT=0
EXIT=0
EXIT=0
EXIT=0
EXIT=0
EXIT=0
pending=5950 shard=21/24 assigned=248
transport: canary vendor 'decodo_patchright'
2026-08-03 10:23:24,024 INFO vendor decodo_patchright: 50 prox(y/ies), sticky session re-minted -> session-cap1785767004w21
captured=0 skipped=248 failed=0
pending=5950 shard=3/24 assigned=248
transport: canary vendor 'decodo_patchright'
2026-08-03 10:23:24,045 INFO vendor decodo_patchright: 50 prox(y/ies), sticky session re-minted -> session-cap1785767004w3
pending=5950 shard=14/24 assigned=248
transport: canary vendor 'decodo_patchright'
2026-08-03 10:23:24,031 INFO vendor decodo_patchright: 50 prox(y/ies), sticky session re-minted -> session-cap1785767004w14
captured=0 skipped=248 failed=0
captured=0 skipped=248 failed=0
pending=5950 shard=11/24 assigned=248
transport: canary vendor 'decodo_patchright'
2026-08-03 10:23:24,139 INFO vendor decodo_patchright: 50 prox(y/ies), sticky session re-minted -> session-cap1785767004w11
captured=0 skipped=248 failed=0
pending=5950 shard=17/24 assigned=248
transport: canary vendor 'decodo_patchright'
2026-08-03 10:23:24,168 INFO vendor decodo_patchright: 50 prox(y/ies), sticky session re-minted -> session-cap1785767004w17
captured=0 skipped=248 failed=0
pending=5950 shard=15/24 assigned=248
transport: canary vendor 'decodo_patchright'
2026-08-03 10:23:24,229 INFO vendor decodo_patchright: 50 prox(y/ies), sticky session re-minted -> session-cap1785767004w15
pending=5950 shard=20/24 assigned=248
transport: canary vendor 'decodo_patchright'
captured=0 skipped=248 failed=0
2026-08-03 10:23:24,250 INFO vendor decodo_patchright: 50 prox(y/ies), sticky session re-minted -> session-cap1785767004w20
captured=0 skipped=248 failed=0
pending=5950 shard=19/24 assigned=248
transport: canary vendor 'decodo_patchright'
2026-08-03 10:23:24,305 INFO vendor decodo_patchright: 50 prox(y/ies), sticky session re-minted -> session-cap1785767004w19
captured=0 skipped=248 failed=0
pending=5950 shard=10/24 assigned=248
transport: canary vendor 'decodo_patchright'
2026-08-03 10:23:24,388 INFO vendor decodo_patchright: 50 prox(y/ies), sticky session re-minted -> session-cap1785767004w10
pending=5950 shard=12/24 assigned=248
transport: canary vendor 'decodo_patchright'
captured=0 skipped=248 failed=0
2026-08-03 10:23:24,401 INFO vendor decodo_patchright: 50 prox(y/ies), sticky session re-minted -> session-cap1785767004w12
captured=0 skipped=248 failed=0
pending=5950 shard=16/24 assigned=248
transport: canary vendor 'decodo_patchright'
2026-08-03 10:23:24,467 INFO vendor decodo_patchright: 50 prox(y/ies), sticky session re-minted -> session-cap1785767004w16
pending=5950 shard=18/24 assigned=248
transport: canary vendor 'decodo_patchright'
captured=0 skipped=248 failed=0
2026-08-03 10:23:24,478 INFO vendor decodo_patchright: 50 prox(y/ies), sticky session re-minted -> session-cap1785767004w18
pending=5950 shard=23/24 assigned=247
transport: canary vendor 'decodo_patchright'
2026-08-03 10:23:24,552 INFO vendor decodo_patchright: 50 prox(y/ies), sticky session re-minted -> session-cap1785767004w23
captured=0 skipped=247 failed=0
pending=5950 shard=9/24 assigned=248
transport: canary vendor 'decodo_patchright'
2026-08-03 10:23:24,621 INFO vendor decodo_patchright: 50 prox(y/ies), sticky session re-minted -> session-cap1785767004w9
captured=0 skipped=248 failed=0
EXIT=0
pending=5950 shard=13/24 assigned=248
transport: canary vendor 'decodo_patchright'
2026-08-03 10:23:24,710 INFO vendor decodo_patchright: 50 prox(y/ies), sticky session re-minted -> session-cap1785767004w13
captured=0 skipped=248 failed=0
EXIT=0
EXIT=0
EXIT=0
EXIT=0
EXIT=0
EXIT=0
EXIT=0
EXIT=0
EXIT=0
EXIT=0
EXIT=0
EXIT=0
EXIT=0
2026-08-03 10:24:49,686 WARNING challenge not cleared for contest_id=255413 -- bundle not written
captured=0 skipped=247 failed=1
EXIT=0
2026-08-03 10:49:19,812 ERROR BAN-SUSPECT: hard-stopping capture at contest_id=255058: NCAA fetch failed after rotating proxies: https://stats.ncaa.org/contests/255058/play_by_play: patchright: bm-verify not passed after 3 attempts (643-byte body)
BAN-SUSPECT: capture halted at contest_id=255058: NCAA fetch failed after rotating proxies: https://stats.ncaa.org/contests/255058/play_by_play: patchright: bm-verify not passed after 3 attempts (643-byte body)
EXIT=1
2026-08-03 10:50:57,310 ERROR BAN-SUSPECT: hard-stopping capture at contest_id=241423: NCAA fetch failed after rotating proxies: https://stats.ncaa.org/contests/241423/play_by_play: patchright: bm-verify not passed after 3 attempts (643-byte body)
BAN-SUSPECT: capture halted at contest_id=241423: NCAA fetch failed after rotating proxies: https://stats.ncaa.org/contests/241423/play_by_play: patchright: bm-verify not passed after 3 attempts (643-byte body)
EXIT=1
[10:50:57] capture stopped (rc=1) -- a ban/soft-ban hard-stop or Ctrl-C (see the capture log).
[10:50:57]   This is RESUMABLE: cool down (a ban clears in minutes-hours), then re-run this
[10:50:57]   script -- already-captured contests are skipped.
[10:50:57] === parse captured bundles -> mbb/json/ ===
log -> logs/parse_20260803_105057.log  (watch: tail -f logs/parse_20260803_105057.log)
seasons=all bundles=64693 pending=0 force=False shard=19/24 assigned=0
parsed=0 failed=0
EXIT=0
[10:51:11] DONE: captured_bundles=64693 parsed_json=64693 (capture rc=1)
[10:51:11] capture INCOMPLETE (rc=1) -- re-run this script to continue before building.
EXIT=1
[2026-08-03 10:51:11] season 2016: chunk 7 hard-stopped (rc=1), 242 remaining -- cooling 1800s
[11:21:12] NCAA MBB backfill: season=2016 workers=24
[11:21:12] watch this run:  tail -f /c/Users/saiem/Documents/GitHub-Data/sdv-dev/hoopR-dev/ncaa-mbb-hoops-raw/logs/backfill_2016_20260803_112112.log
[11:21:12] === skip discover (season 2016 already in schedule_master; delete mbb/schedule_master.parquet to force) ===
[11:21:12] === capture 2016: 24 worker(s), chunk=400 new bundles per worker ===
proxy creds loaded from /c/Users/saiem/.Renviron (values hidden)
proxy creds loaded from /c/Users/saiem/.Renviron (values hidden)
proxy creds loaded from /c/Users/saiem/.Renviron (values hidden)
proxy creds loaded from /c/Users/saiem/.Renviron (values hidden)
proxy creds loaded from /c/Users/saiem/.Renviron (values hidden)
proxy creds loaded from /c/Users/saiem/.Renviron (values hidden)
proxy creds loaded from /c/Users/saiem/.Renviron (values hidden)
log -> logs/capture_20260803_112112.log  (watch: tail -f logs/capture_20260803_112112.log)
log -> logs/capture_20260803_112112.log  (watch: tail -f logs/capture_20260803_112112.log)
log -> logs/capture_20260803_112112.log  (watch: tail -f logs/capture_20260803_112112.log)
proxy creds loaded from /c/Users/saiem/.Renviron (values hidden)
log -> logs/capture_20260803_112112.log  (watch: tail -f logs/capture_20260803_112112.log)
proxy creds loaded from /c/Users/saiem/.Renviron (values hidden)
proxy creds loaded from /c/Users/saiem/.Renviron (values hidden)
log -> logs/capture_20260803_112112.log  (watch: tail -f logs/capture_20260803_112112.log)
log -> logs/capture_20260803_112112.log  (watch: tail -f logs/capture_20260803_112112.log)
proxy creds loaded from /c/Users/saiem/.Renviron (values hidden)
proxy creds loaded from /c/Users/saiem/.Renviron (values hidden)
proxy creds loaded from /c/Users/saiem/.Renviron (values hidden)
log -> logs/capture_20260803_112112.log  (watch: tail -f logs/capture_20260803_112112.log)
log -> logs/capture_20260803_112112.log  (watch: tail -f logs/capture_20260803_112112.log)
log -> logs/capture_20260803_112112.log  (watch: tail -f logs/capture_20260803_112112.log)
proxy creds loaded from /c/Users/saiem/.Renviron (values hidden)
proxy creds loaded from /c/Users/saiem/.Renviron (values hidden)
proxy creds loaded from /c/Users/saiem/.Renviron (values hidden)
proxy creds loaded from /c/Users/saiem/.Renviron (values hidden)
log -> logs/capture_20260803_112113.log  (watch: tail -f logs/capture_20260803_112113.log)
log -> logs/capture_20260803_112113.log  (watch: tail -f logs/capture_20260803_112113.log)
proxy creds loaded from /c/Users/saiem/.Renviron (values hidden)
log -> logs/capture_20260803_112113.log  (watch: tail -f logs/capture_20260803_112113.log)
proxy creds loaded from /c/Users/saiem/.Renviron (values hidden)
proxy creds loaded from /c/Users/saiem/.Renviron (values hidden)
log -> logs/capture_20260803_112113.log  (watch: tail -f logs/capture_20260803_112113.log)
log -> logs/capture_20260803_112113.log  (watch: tail -f logs/capture_20260803_112113.log)
proxy creds loaded from /c/Users/saiem/.Renviron (values hidden)
log -> logs/capture_20260803_112113.log  (watch: tail -f logs/capture_20260803_112113.log)
proxy creds loaded from /c/Users/saiem/.Renviron (values hidden)
proxy creds loaded from /c/Users/saiem/.Renviron (values hidden)
log -> logs/capture_20260803_112113.log  (watch: tail -f logs/capture_20260803_112113.log)
log -> logs/capture_20260803_112113.log  (watch: tail -f logs/capture_20260803_112113.log)
log -> logs/capture_20260803_112113.log  (watch: tail -f logs/capture_20260803_112113.log)
log -> logs/capture_20260803_112113.log  (watch: tail -f logs/capture_20260803_112113.log)
proxy creds loaded from /c/Users/saiem/.Renviron (values hidden)
log -> logs/capture_20260803_112113.log  (watch: tail -f logs/capture_20260803_112113.log)
log -> logs/capture_20260803_112113.log  (watch: tail -f logs/capture_20260803_112113.log)
log -> logs/capture_20260803_112113.log  (watch: tail -f logs/capture_20260803_112113.log)
log -> logs/capture_20260803_112113.log  (watch: tail -f logs/capture_20260803_112113.log)
log -> logs/capture_20260803_112113.log  (watch: tail -f logs/capture_20260803_112113.log)
pending=5950 shard=0/24 assigned=248
transport: canary vendor 'decodo_patchright'
2026-08-03 11:21:17,213 INFO vendor decodo_patchright: 50 prox(y/ies), sticky session re-minted -> session-cap1785770477w0
pending=5950 shard=1/24 assigned=248
transport: canary vendor 'decodo_patchright'
2026-08-03 11:21:17,409 INFO vendor decodo_patchright: 50 prox(y/ies), sticky session re-minted -> session-cap1785770477w1
captured=0 skipped=248 failed=0
pending=5950 shard=5/24 assigned=248
transport: canary vendor 'decodo_patchright'
2026-08-03 11:21:17,428 INFO vendor decodo_patchright: 50 prox(y/ies), sticky session re-minted -> session-cap1785770477w5
captured=0 skipped=248 failed=0
pending=5950 shard=4/24 assigned=248
transport: canary vendor 'decodo_patchright'
2026-08-03 11:21:17,617 INFO vendor decodo_patchright: 50 prox(y/ies), sticky session re-minted -> session-cap1785770477w4
captured=0 skipped=248 failed=0
pending=5950 shard=2/24 assigned=248
transport: canary vendor 'decodo_patchright'
2026-08-03 11:21:17,659 INFO vendor decodo_patchright: 50 prox(y/ies), sticky session re-minted -> session-cap1785770477w2
captured=0 skipped=248 failed=0
pending=5950 shard=9/24 assigned=248
transport: canary vendor 'decodo_patchright'
2026-08-03 11:21:18,024 INFO vendor decodo_patchright: 50 prox(y/ies), sticky session re-minted -> session-cap1785770478w9
captured=0 skipped=248 failed=0
pending=5950 shard=23/24 assigned=247
transport: canary vendor 'decodo_patchright'
2026-08-03 11:21:18,701 INFO vendor decodo_patchright: 50 prox(y/ies), sticky session re-minted -> session-cap1785770478w23
captured=0 skipped=247 failed=0
pending=5950 shard=16/24 assigned=248
transport: canary vendor 'decodo_patchright'
2026-08-03 11:21:18,756 INFO vendor decodo_patchright: 50 prox(y/ies), sticky session re-minted -> session-cap1785770478w16
captured=0 skipped=248 failed=0
EXIT=0
EXIT=0
EXIT=0
EXIT=0
EXIT=0
pending=5950 shard=17/24 assigned=248
transport: canary vendor 'decodo_patchright'
2026-08-03 11:21:19,500 INFO vendor decodo_patchright: 50 prox(y/ies), sticky session re-minted -> session-cap1785770479w17
captured=0 skipped=248 failed=0
pending=5950 shard=22/24 assigned=247
transport: canary vendor 'decodo_patchright'
pending=5950 shard=14/24 assigned=248
transport: canary vendor 'decodo_patchright'
2026-08-03 11:21:19,546 INFO vendor decodo_patchright: 50 prox(y/ies), sticky session re-minted -> session-cap1785770479w14
2026-08-03 11:21:19,584 INFO vendor decodo_patchright: 50 prox(y/ies), sticky session re-minted -> session-cap1785770479w22
captured=0 skipped=248 failed=0
EXIT=0
EXIT=0
pending=5950 shard=3/24 assigned=248
transport: canary vendor 'decodo_patchright'
2026-08-03 11:21:19,713 INFO vendor decodo_patchright: 50 prox(y/ies), sticky session re-minted -> session-cap1785770479w3
captured=0 skipped=248 failed=0
pending=5950 shard=11/24 assigned=248
transport: canary vendor 'decodo_patchright'
2026-08-03 11:21:19,815 INFO vendor decodo_patchright: 50 prox(y/ies), sticky session re-minted -> session-cap1785770479w11
captured=0 skipped=248 failed=0
pending=5950 shard=15/24 assigned=248
transport: canary vendor 'decodo_patchright'
2026-08-03 11:21:19,865 INFO vendor decodo_patchright: 50 prox(y/ies), sticky session re-minted -> session-cap1785770479w15
captured=0 skipped=248 failed=0
pending=5950 shard=20/24 assigned=248
transport: canary vendor 'decodo_patchright'
2026-08-03 11:21:19,977 INFO vendor decodo_patchright: 50 prox(y/ies), sticky session re-minted -> session-cap1785770479w20
pending=5950 shard=7/24 assigned=248
transport: canary vendor 'decodo_patchright'
2026-08-03 11:21:19,977 INFO vendor decodo_patchright: 50 prox(y/ies), sticky session re-minted -> session-cap1785770479w7
pending=5950 shard=21/24 assigned=248
transport: canary vendor 'decodo_patchright'
captured=0 skipped=248 failed=0
captured=0 skipped=248 failed=0
2026-08-03 11:21:19,996 INFO vendor decodo_patchright: 50 prox(y/ies), sticky session re-minted -> session-cap1785770479w21
captured=0 skipped=248 failed=0
pending=5950 shard=10/24 assigned=248
transport: canary vendor 'decodo_patchright'
2026-08-03 11:21:20,055 INFO vendor decodo_patchright: 50 prox(y/ies), sticky session re-minted -> session-cap1785770480w10
captured=0 skipped=248 failed=0
pending=5950 shard=13/24 assigned=248
transport: canary vendor 'decodo_patchright'
2026-08-03 11:21:20,081 INFO vendor decodo_patchright: 50 prox(y/ies), sticky session re-minted -> session-cap1785770480w13
captured=0 skipped=248 failed=0
EXIT=0
pending=5950 shard=6/24 assigned=248
transport: canary vendor 'decodo_patchright'
2026-08-03 11:21:20,161 INFO vendor decodo_patchright: 50 prox(y/ies), sticky session re-minted -> session-cap1785770480w6
captured=0 skipped=248 failed=0
pending=5950 shard=12/24 assigned=248
transport: canary vendor 'decodo_patchright'
2026-08-03 11:21:20,211 INFO vendor decodo_patchright: 50 prox(y/ies), sticky session re-minted -> session-cap1785770480w12
captured=0 skipped=248 failed=0
pending=5950 shard=8/24 assigned=248
transport: canary vendor 'decodo_patchright'
2026-08-03 11:21:20,238 INFO vendor decodo_patchright: 50 prox(y/ies), sticky session re-minted -> session-cap1785770480w8
captured=0 skipped=248 failed=0
EXIT=0
pending=5950 shard=19/24 assigned=248
transport: canary vendor 'decodo_patchright'
pending=5950 shard=18/24 assigned=248
transport: canary vendor 'decodo_patchright'
2026-08-03 11:21:20,322 INFO vendor decodo_patchright: 50 prox(y/ies), sticky session re-minted -> session-cap1785770480w18
2026-08-03 11:21:20,322 INFO vendor decodo_patchright: 50 prox(y/ies), sticky session re-minted -> session-cap1785770480w19
captured=0 skipped=248 failed=0
EXIT=0
EXIT=0
EXIT=0
EXIT=0
EXIT=0
EXIT=0
EXIT=0
EXIT=0
EXIT=0
EXIT=0
EXIT=0
EXIT=0
2026-08-03 11:21:51,583 WARNING challenge not cleared for contest_id=255413 -- bundle not written
captured=0 skipped=247 failed=1
EXIT=0
2026-08-03 11:47:31,694 ERROR BAN-SUSPECT: hard-stopping capture at contest_id=255058: NCAA fetch failed after rotating proxies: https://stats.ncaa.org/contests/255058/play_by_play: patchright: bm-verify not passed after 3 attempts (643-byte body)
BAN-SUSPECT: capture halted at contest_id=255058: NCAA fetch failed after rotating proxies: https://stats.ncaa.org/contests/255058/play_by_play: patchright: bm-verify not passed after 3 attempts (643-byte body)
EXIT=1
2026-08-03 11:48:08,924 ERROR BAN-SUSPECT: hard-stopping capture at contest_id=241423: NCAA fetch failed after rotating proxies: https://stats.ncaa.org/contests/241423/play_by_play: patchright: bm-verify not passed after 3 attempts (643-byte body)
BAN-SUSPECT: capture halted at contest_id=241423: NCAA fetch failed after rotating proxies: https://stats.ncaa.org/contests/241423/play_by_play: patchright: bm-verify not passed after 3 attempts (643-byte body)
EXIT=1
[11:48:09] capture stopped (rc=1) -- a ban/soft-ban hard-stop or Ctrl-C (see the capture log).
[11:48:09]   This is RESUMABLE: cool down (a ban clears in minutes-hours), then re-run this
[11:48:09]   script -- already-captured contests are skipped.
[11:48:09] === parse captured bundles -> mbb/json/ ===
log -> logs/parse_20260803_114809.log  (watch: tail -f logs/parse_20260803_114809.log)
seasons=all bundles=64693 pending=0 force=False shard=2/24 assigned=0
parsed=0 failed=0

EXIT=0
[11:48:23] DONE: captured_bundles=64693 parsed_json=64693 (capture rc=1)
[11:48:23] capture INCOMPLETE (rc=1) -- re-run this script to continue before building.
EXIT=1
[2026-08-03 11:48:24] season 2016: chunk 8 hard-stopped (rc=1), 242 remaining -- cooling 1800s
[12:18:24] NCAA MBB backfill: season=2016 workers=24
[12:18:24] watch this run:  tail -f /c/Users/saiem/Documents/GitHub-Data/sdv-dev/hoopR-dev/ncaa-mbb-hoops-raw/logs/backfill_2016_20260803_121824.log
[12:18:24] === skip discover (season 2016 already in schedule_master; delete mbb/schedule_master.parquet to force) ===
[12:18:24] === capture 2016: 24 worker(s), chunk=400 new bundles per worker ===
proxy creds loaded from /c/Users/saiem/.Renviron (values hidden)
proxy creds loaded from /c/Users/saiem/.Renviron (values hidden)
proxy creds loaded from /c/Users/saiem/.Renviron (values hidden)
proxy creds loaded from /c/Users/saiem/.Renviron (values hidden)
proxy creds loaded from /c/Users/saiem/.Renviron (values hidden)
proxy creds loaded from /c/Users/saiem/.Renviron (values hidden)
log -> logs/capture_20260803_121825.log  (watch: tail -f logs/capture_20260803_121825.log)
log -> logs/capture_20260803_121825.log  (watch: tail -f logs/capture_20260803_121825.log)
proxy creds loaded from /c/Users/saiem/.Renviron (values hidden)
proxy creds loaded from /c/Users/saiem/.Renviron (values hidden)
log -> logs/capture_20260803_121825.log  (watch: tail -f logs/capture_20260803_121825.log)
log -> logs/capture_20260803_121825.log  (watch: tail -f logs/capture_20260803_121825.log)
log -> logs/capture_20260803_121825.log  (watch: tail -f logs/capture_20260803_121825.log)
proxy creds loaded from /c/Users/saiem/.Renviron (values hidden)
proxy creds loaded from /c/Users/saiem/.Renviron (values hidden)
proxy creds loaded from /c/Users/saiem/.Renviron (values hidden)
proxy creds loaded from /c/Users/saiem/.Renviron (values hidden)
log -> logs/capture_20260803_121825.log  (watch: tail -f logs/capture_20260803_121825.log)
log -> logs/capture_20260803_121825.log  (watch: tail -f logs/capture_20260803_121825.log)
log -> logs/capture_20260803_121825.log  (watch: tail -f logs/capture_20260803_121825.log)
log -> logs/capture_20260803_121825.log  (watch: tail -f logs/capture_20260803_121825.log)
log -> logs/capture_20260803_121825.log  (watch: tail -f logs/capture_20260803_121825.log)
log -> logs/capture_20260803_121825.log  (watch: tail -f logs/capture_20260803_121825.log)
log -> logs/capture_20260803_121825.log  (watch: tail -f logs/capture_20260803_121825.log)
proxy creds loaded from /c/Users/saiem/.Renviron (values hidden)
proxy creds loaded from /c/Users/saiem/.Renviron (values hidden)
proxy creds loaded from /c/Users/saiem/.Renviron (values hidden)
proxy creds loaded from /c/Users/saiem/.Renviron (values hidden)
proxy creds loaded from /c/Users/saiem/.Renviron (values hidden)
proxy creds loaded from /c/Users/saiem/.Renviron (values hidden)
proxy creds loaded from /c/Users/saiem/.Renviron (values hidden)
log -> logs/capture_20260803_121825.log  (watch: tail -f logs/capture_20260803_121825.log)
proxy creds loaded from /c/Users/saiem/.Renviron (values hidden)
log -> logs/capture_20260803_121825.log  (watch: tail -f logs/capture_20260803_121825.log)
proxy creds loaded from /c/Users/saiem/.Renviron (values hidden)
log -> logs/capture_20260803_121825.log  (watch: tail -f logs/capture_20260803_121825.log)
proxy creds loaded from /c/Users/saiem/.Renviron (values hidden)
log -> logs/capture_20260803_121825.log  (watch: tail -f logs/capture_20260803_121825.log)
proxy creds loaded from /c/Users/saiem/.Renviron (values hidden)
log -> logs/capture_20260803_121825.log  (watch: tail -f logs/capture_20260803_121825.log)
log -> logs/capture_20260803_121825.log  (watch: tail -f logs/capture_20260803_121825.log)
proxy creds loaded from /c/Users/saiem/.Renviron (values hidden)
log -> logs/capture_20260803_121825.log  (watch: tail -f logs/capture_20260803_121825.log)
log -> logs/capture_20260803_121825.log  (watch: tail -f logs/capture_20260803_121825.log)
log -> logs/capture_20260803_121825.log  (watch: tail -f logs/capture_20260803_121825.log)
log -> logs/capture_20260803_121825.log  (watch: tail -f logs/capture_20260803_121825.log)
log -> logs/capture_20260803_121825.log  (watch: tail -f logs/capture_20260803_121825.log)
log -> logs/capture_20260803_121825.log  (watch: tail -f logs/capture_20260803_121825.log)
pending=5950 shard=2/24 assigned=248
transport: canary vendor 'decodo_patchright'
2026-08-03 12:18:29,530 INFO vendor decodo_patchright: 50 prox(y/ies), sticky session re-minted -> session-cap1785773909w2
captured=0 skipped=248 failed=0
pending=5950 shard=3/24 assigned=248
transport: canary vendor 'decodo_patchright'
2026-08-03 12:18:29,848 INFO vendor decodo_patchright: 50 prox(y/ies), sticky session re-minted -> session-cap1785773909w3
captured=0 skipped=248 failed=0
pending=5950 shard=9/24 assigned=248
transport: canary vendor 'decodo_patchright'
2026-08-03 12:18:30,222 INFO vendor decodo_patchright: 50 prox(y/ies), sticky session re-minted -> session-cap1785773910w9
captured=0 skipped=248 failed=0
pending=5950 shard=1/24 assigned=248
transport: canary vendor 'decodo_patchright'
2026-08-03 12:18:30,674 INFO vendor decodo_patchright: 50 prox(y/ies), sticky session re-minted -> session-cap1785773910w1
captured=0 skipped=248 failed=0
pending=5950 shard=10/24 assigned=248
transport: canary vendor 'decodo_patchright'
2026-08-03 12:18:30,753 INFO vendor decodo_patchright: 50 prox(y/ies), sticky session re-minted -> session-cap1785773910w10
pending=5950 shard=4/24 assigned=248
transport: canary vendor 'decodo_patchright'
2026-08-03 12:18:30,769 INFO vendor decodo_patchright: 50 prox(y/ies), sticky session re-minted -> session-cap1785773910w4
captured=0 skipped=248 failed=0
captured=0 skipped=248 failed=0
pending=5950 shard=5/24 assigned=248
transport: canary vendor 'decodo_patchright'
2026-08-03 12:18:30,806 INFO vendor decodo_patchright: 50 prox(y/ies), sticky session re-minted -> session-cap1785773910w5
captured=0 skipped=248 failed=0
pending=5950 shard=0/24 assigned=248
transport: canary vendor 'decodo_patchright'
pending=5950 shard=7/24 assigned=248
transport: canary vendor 'decodo_patchright'
2026-08-03 12:18:30,867 INFO vendor decodo_patchright: 50 prox(y/ies), sticky session re-minted -> session-cap1785773910w7
2026-08-03 12:18:30,837 INFO vendor decodo_patchright: 50 prox(y/ies), sticky session re-minted -> session-cap1785773910w0
captured=0 skipped=248 failed=0
EXIT=0
EXIT=0
EXIT=0
EXIT=0
EXIT=0
pending=5950 shard=13/24 assigned=248
transport: canary vendor 'decodo_patchright'
pending=5950 shard=23/24 assigned=247
transport: canary vendor 'decodo_patchright'
2026-08-03 12:18:31,868 INFO vendor decodo_patchright: 50 prox(y/ies), sticky session re-minted -> session-cap1785773911w13
2026-08-03 12:18:31,877 INFO vendor decodo_patchright: 50 prox(y/ies), sticky session re-minted -> session-cap1785773911w23
captured=0 skipped=248 failed=0
pending=5950 shard=6/24 assigned=248
transport: canary vendor 'decodo_patchright'
pending=5950 shard=16/24 assigned=248
transport: canary vendor 'decodo_patchright'
captured=0 skipped=247 failed=0
2026-08-03 12:18:31,916 INFO vendor decodo_patchright: 50 prox(y/ies), sticky session re-minted -> session-cap1785773911w16
2026-08-03 12:18:31,912 INFO vendor decodo_patchright: 50 prox(y/ies), sticky session re-minted -> session-cap1785773911w6
captured=0 skipped=248 failed=0
captured=0 skipped=248 failed=0
pending=5950 shard=17/24 assigned=248
transport: canary vendor 'decodo_patchright'
2026-08-03 12:18:31,967 INFO vendor decodo_patchright: 50 prox(y/ies), sticky session re-minted -> session-cap1785773911w17
EXIT=0
captured=0 skipped=248 failed=0
pending=5950 shard=18/24 assigned=248
transport: canary vendor 'decodo_patchright'
2026-08-03 12:18:32,026 INFO vendor decodo_patchright: 50 prox(y/ies), sticky session re-minted -> session-cap1785773912w18
pending=5950 shard=8/24 assigned=248
transport: canary vendor 'decodo_patchright'
EXIT=0
pending=5950 shard=14/24 assigned=248
transport: canary vendor 'decodo_patchright'
2026-08-03 12:18:32,047 INFO vendor decodo_patchright: 50 prox(y/ies), sticky session re-minted -> session-cap1785773912w8
2026-08-03 12:18:32,064 INFO vendor decodo_patchright: 50 prox(y/ies), sticky session re-minted -> session-cap1785773912w14
captured=0 skipped=248 failed=0
pending=5950 shard=12/24 assigned=248
transport: canary vendor 'decodo_patchright'
captured=0 skipped=248 failed=0
EXIT=0
2026-08-03 12:18:32,077 INFO vendor decodo_patchright: 50 prox(y/ies), sticky session re-minted -> session-cap1785773912w12
pending=5950 shard=20/24 assigned=248
transport: canary vendor 'decodo_patchright'
captured=0 skipped=248 failed=0
2026-08-03 12:18:32,117 INFO vendor decodo_patchright: 50 prox(y/ies), sticky session re-minted -> session-cap1785773912w20
pending=5950 shard=15/24 assigned=248
transport: canary vendor 'decodo_patchright'
captured=0 skipped=248 failed=0
2026-08-03 12:18:32,141 INFO vendor decodo_patchright: 50 prox(y/ies), sticky session re-minted -> session-cap1785773912w15
captured=0 skipped=248 failed=0
pending=5950 shard=22/24 assigned=247
transport: canary vendor 'decodo_patchright'
2026-08-03 12:18:32,174 INFO vendor decodo_patchright: 50 prox(y/ies), sticky session re-minted -> session-cap1785773912w22
pending=5950 shard=11/24 assigned=248
transport: canary vendor 'decodo_patchright'
2026-08-03 12:18:32,277 INFO vendor decodo_patchright: 50 prox(y/ies), sticky session re-minted -> session-cap1785773912w11
captured=0 skipped=248 failed=0
pending=5950 shard=21/24 assigned=248
transport: canary vendor 'decodo_patchright'
2026-08-03 12:18:32,350 INFO vendor decodo_patchright: 50 prox(y/ies), sticky session re-minted -> session-cap1785773912w21
captured=0 skipped=248 failed=0
pending=5950 shard=19/24 assigned=248
transport: canary vendor 'decodo_patchright'
2026-08-03 12:18:32,407 INFO vendor decodo_patchright: 50 prox(y/ies), sticky session re-minted -> session-cap1785773912w19
captured=0 skipped=248 failed=0
EXIT=0
EXIT=0
EXIT=0
EXIT=0
EXIT=0
EXIT=0
EXIT=0
EXIT=0
EXIT=0
EXIT=0
EXIT=0
EXIT=0
EXIT=0
2026-08-03 12:19:09,711 WARNING challenge not cleared for contest_id=255413 -- bundle not written
captured=0 skipped=247 failed=1
EXIT=0
2026-08-03 12:44:59,111 ERROR BAN-SUSPECT: hard-stopping capture at contest_id=255058: NCAA fetch failed after rotating proxies: https://stats.ncaa.org/contests/255058/play_by_play: patchright: bm-verify not passed after 3 attempts (643-byte body)
BAN-SUSPECT: capture halted at contest_id=255058: NCAA fetch failed after rotating proxies: https://stats.ncaa.org/contests/255058/play_by_play: patchright: bm-verify not passed after 3 attempts (643-byte body)
EXIT=1
2026-08-03 12:45:21,651 ERROR BAN-SUSPECT: hard-stopping capture at contest_id=241423: NCAA fetch failed after rotating proxies: https://stats.ncaa.org/contests/241423/play_by_play: patchright: bm-verify not passed after 3 attempts (643-byte body)
BAN-SUSPECT: capture halted at contest_id=241423: NCAA fetch failed after rotating proxies: https://stats.ncaa.org/contests/241423/play_by_play: patchright: bm-verify not passed after 3 attempts (643-byte body)
EXIT=1
[12:45:21] capture stopped (rc=1) -- a ban/soft-ban hard-stop or Ctrl-C (see the capture log).
[12:45:21]   This is RESUMABLE: cool down (a ban clears in minutes-hours), then re-run this
[12:45:22]   script -- already-captured contests are skipped.
[12:45:22] === parse captured bundles -> mbb/json/ ===
log -> logs/parse_20260803_124522.log  (watch: tail -f logs/parse_20260803_124522.log)
seasons=all bundles=64693 pending=0 force=False shard=13/24 assigned=0
parsed=0 failed=0
EXIT=0
[12:45:36] DONE: captured_bundles=64693 parsed_json=64693 (capture rc=1)
[12:45:36] capture INCOMPLETE (rc=1) -- re-run this script to continue before building.
EXIT=1
[2026-08-03 12:45:36] season 2016: chunk 9 hard-stopped (rc=1), 242 remaining -- cooling 1800s
[13:15:36] NCAA MBB backfill: season=2016 workers=24
[13:15:36] watch this run:  tail -f /c/Users/saiem/Documents/GitHub-Data/sdv-dev/hoopR-dev/ncaa-mbb-hoops-raw/logs/backfill_2016_20260803_131536.log
[13:15:36] === skip discover (season 2016 already in schedule_master; delete mbb/schedule_master.parquet to force) ===
[13:15:37] === capture 2016: 24 worker(s), chunk=400 new bundles per worker ===
proxy creds loaded from /c/Users/saiem/.Renviron (values hidden)
proxy creds loaded from /c/Users/saiem/.Renviron (values hidden)
proxy creds loaded from /c/Users/saiem/.Renviron (values hidden)
proxy creds loaded from /c/Users/saiem/.Renviron (values hidden)
proxy creds loaded from /c/Users/saiem/.Renviron (values hidden)
proxy creds loaded from /c/Users/saiem/.Renviron (values hidden)
proxy creds loaded from /c/Users/saiem/.Renviron (values hidden)
log -> logs/capture_20260803_131537.log  (watch: tail -f logs/capture_20260803_131537.log)
log -> logs/capture_20260803_131537.log  (watch: tail -f logs/capture_20260803_131537.log)
log -> logs/capture_20260803_131537.log  (watch: tail -f logs/capture_20260803_131537.log)
log -> logs/capture_20260803_131537.log  (watch: tail -f logs/capture_20260803_131537.log)
proxy creds loaded from /c/Users/saiem/.Renviron (values hidden)
log -> logs/capture_20260803_131537.log  (watch: tail -f logs/capture_20260803_131537.log)
log -> logs/capture_20260803_131537.log  (watch: tail -f logs/capture_20260803_131537.log)
log -> logs/capture_20260803_131537.log  (watch: tail -f logs/capture_20260803_131537.log)
proxy creds loaded from /c/Users/saiem/.Renviron (values hidden)
proxy creds loaded from /c/Users/saiem/.Renviron (values hidden)
proxy creds loaded from /c/Users/saiem/.Renviron (values hidden)
proxy creds loaded from /c/Users/saiem/.Renviron (values hidden)
proxy creds loaded from /c/Users/saiem/.Renviron (values hidden)
proxy creds loaded from /c/Users/saiem/.Renviron (values hidden)
proxy creds loaded from /c/Users/saiem/.Renviron (values hidden)
log -> logs/capture_20260803_131537.log  (watch: tail -f logs/capture_20260803_131537.log)
log -> logs/capture_20260803_131537.log  (watch: tail -f logs/capture_20260803_131537.log)
log -> logs/capture_20260803_131537.log  (watch: tail -f logs/capture_20260803_131537.log)
proxy creds loaded from /c/Users/saiem/.Renviron (values hidden)
proxy creds loaded from /c/Users/saiem/.Renviron (values hidden)
log -> logs/capture_20260803_131537.log  (watch: tail -f logs/capture_20260803_131537.log)
log -> logs/capture_20260803_131537.log  (watch: tail -f logs/capture_20260803_131537.log)
log -> logs/capture_20260803_131537.log  (watch: tail -f logs/capture_20260803_131537.log)
log -> logs/capture_20260803_131537.log  (watch: tail -f logs/capture_20260803_131537.log)
proxy creds loaded from /c/Users/saiem/.Renviron (values hidden)
proxy creds loaded from /c/Users/saiem/.Renviron (values hidden)
log -> logs/capture_20260803_131537.log  (watch: tail -f logs/capture_20260803_131537.log)
proxy creds loaded from /c/Users/saiem/.Renviron (values hidden)
proxy creds loaded from /c/Users/saiem/.Renviron (values hidden)
log -> logs/capture_20260803_131537.log  (watch: tail -f logs/capture_20260803_131537.log)
log -> logs/capture_20260803_131537.log  (watch: tail -f logs/capture_20260803_131537.log)
proxy creds loaded from /c/Users/saiem/.Renviron (values hidden)
proxy creds loaded from /c/Users/saiem/.Renviron (values hidden)
log -> logs/capture_20260803_131537.log  (watch: tail -f logs/capture_20260803_131537.log)
log -> logs/capture_20260803_131537.log  (watch: tail -f logs/capture_20260803_131537.log)
log -> logs/capture_20260803_131537.log  (watch: tail -f logs/capture_20260803_131537.log)
log -> logs/capture_20260803_131537.log  (watch: tail -f logs/capture_20260803_131537.log)
proxy creds loaded from /c/Users/saiem/.Renviron (values hidden)
log -> logs/capture_20260803_131538.log  (watch: tail -f logs/capture_20260803_131538.log)
log -> logs/capture_20260803_131538.log  (watch: tail -f logs/capture_20260803_131538.log)
log -> logs/capture_20260803_131538.log  (watch: tail -f logs/capture_20260803_131538.log)
pending=5950 shard=6/24 assigned=248
transport: canary vendor 'decodo_patchright'
2026-08-03 13:15:41,610 INFO vendor decodo_patchright: 50 prox(y/ies), sticky session re-minted -> session-cap1785777341w6
captured=0 skipped=248 failed=0
pending=5950 shard=1/24 assigned=248
transport: canary vendor 'decodo_patchright'
pending=5950 shard=5/24 assigned=248
transport: canary vendor 'decodo_patchright'
2026-08-03 13:15:41,665 INFO vendor decodo_patchright: 50 prox(y/ies), sticky session re-minted -> session-cap1785777341w5
captured=0 skipped=248 failed=0
pending=5950 shard=9/24 assigned=248
transport: canary vendor 'decodo_patchright'
2026-08-03 13:15:41,704 INFO vendor decodo_patchright: 50 prox(y/ies), sticky session re-minted -> session-cap1785777341w9
captured=0 skipped=248 failed=0
2026-08-03 13:15:41,748 INFO vendor decodo_patchright: 50 prox(y/ies), sticky session re-minted -> session-cap1785777341w1
captured=0 skipped=248 failed=0
pending=5950 shard=11/24 assigned=248
transport: canary vendor 'decodo_patchright'
2026-08-03 13:15:42,922 INFO vendor decodo_patchright: 50 prox(y/ies), sticky session re-minted -> session-cap1785777342w11
captured=0 skipped=248 failed=0
EXIT=0
EXIT=0
pending=5950 shard=8/24 assigned=248
transport: canary vendor 'decodo_patchright'
2026-08-03 13:15:43,153 INFO vendor decodo_patchright: 50 prox(y/ies), sticky session re-minted -> session-cap1785777343w8
captured=0 skipped=248 failed=0
EXIT=0
EXIT=0
pending=5950 shard=4/24 assigned=248
transport: canary vendor 'decodo_patchright'
2026-08-03 13:15:43,255 INFO vendor decodo_patchright: 50 prox(y/ies), sticky session re-minted -> session-cap1785777343w4
captured=0 skipped=248 failed=0
pending=5950 shard=0/24 assigned=248
transport: canary vendor 'decodo_patchright'
2026-08-03 13:15:43,391 INFO vendor decodo_patchright: 50 prox(y/ies), sticky session re-minted -> session-cap1785777343w0
pending=5950 shard=14/24 assigned=248
transport: canary vendor 'decodo_patchright'
pending=5950 shard=13/24 assigned=248
transport: canary vendor 'decodo_patchright'
pending=5950 shard=3/24 assigned=248
transport: canary vendor 'decodo_patchright'
2026-08-03 13:15:43,656 INFO vendor decodo_patchright: 50 prox(y/ies), sticky session re-minted -> session-cap1785777343w3
2026-08-03 13:15:43,645 INFO vendor decodo_patchright: 50 prox(y/ies), sticky session re-minted -> session-cap1785777343w14
captured=0 skipped=248 failed=0
2026-08-03 13:15:43,645 INFO vendor decodo_patchright: 50 prox(y/ies), sticky session re-minted -> session-cap1785777343w13
captured=0 skipped=248 failed=0
captured=0 skipped=248 failed=0
pending=5950 shard=7/24 assigned=248
transport: canary vendor 'decodo_patchright'
pending=5950 shard=2/24 assigned=248
transport: canary vendor 'decodo_patchright'
2026-08-03 13:15:43,814 INFO vendor decodo_patchright: 50 prox(y/ies), sticky session re-minted -> session-cap1785777343w7
pending=5950 shard=12/24 assigned=248
transport: canary vendor 'decodo_patchright'
2026-08-03 13:15:43,823 INFO vendor decodo_patchright: 50 prox(y/ies), sticky session re-minted -> session-cap1785777343w12
captured=0 skipped=248 failed=0
2026-08-03 13:15:43,836 INFO vendor decodo_patchright: 50 prox(y/ies), sticky session re-minted -> session-cap1785777343w2
captured=0 skipped=248 failed=0
captured=0 skipped=248 failed=0
pending=5950 shard=10/24 assigned=248
transport: canary vendor 'decodo_patchright'
2026-08-03 13:15:43,943 INFO vendor decodo_patchright: 50 prox(y/ies), sticky session re-minted -> session-cap1785777343w10
captured=0 skipped=248 failed=0
EXIT=0
pending=5950 shard=15/24 assigned=248
transport: canary vendor 'decodo_patchright'
2026-08-03 13:15:44,560 INFO vendor decodo_patchright: 50 prox(y/ies), sticky session re-minted -> session-cap1785777344w15
EXIT=0
captured=0 skipped=248 failed=0
EXIT=0
EXIT=0
EXIT=0
EXIT=0
EXIT=0
EXIT=0
pending=5950 shard=19/24 assigned=248
transport: canary vendor 'decodo_patchright'
2026-08-03 13:15:44,856 INFO vendor decodo_patchright: 50 prox(y/ies), sticky session re-minted -> session-cap1785777344w19
captured=0 skipped=248 failed=0
pending=5950 shard=17/24 assigned=248
transport: canary vendor 'decodo_patchright'
EXIT=0
2026-08-03 13:15:44,999 INFO vendor decodo_patchright: 50 prox(y/ies), sticky session re-minted -> session-cap1785777344w17
captured=0 skipped=248 failed=0
pending=5950 shard=16/24 assigned=248
transport: canary vendor 'decodo_patchright'
2026-08-03 13:15:45,037 INFO vendor decodo_patchright: 50 prox(y/ies), sticky session re-minted -> session-cap1785777345w16
captured=0 skipped=248 failed=0
EXIT=0
EXIT=0
pending=5950 shard=20/24 assigned=248
transport: canary vendor 'decodo_patchright'
2026-08-03 13:15:45,190 INFO vendor decodo_patchright: 50 prox(y/ies), sticky session re-minted -> session-cap1785777345w20
captured=0 skipped=248 failed=0
pending=5950 shard=22/24 assigned=247
transport: canary vendor 'decodo_patchright'
pending=5950 shard=18/24 assigned=248
transport: canary vendor 'decodo_patchright'
2026-08-03 13:15:45,287 INFO vendor decodo_patchright: 50 prox(y/ies), sticky session re-minted -> session-cap1785777345w18
2026-08-03 13:15:45,293 INFO vendor decodo_patchright: 50 prox(y/ies), sticky session re-minted -> session-cap1785777345w22
pending=5950 shard=23/24 assigned=247
transport: canary vendor 'decodo_patchright'
2026-08-03 13:15:45,317 INFO vendor decodo_patchright: 50 prox(y/ies), sticky session re-minted -> session-cap1785777345w23
pending=5950 shard=21/24 assigned=248
transport: canary vendor 'decodo_patchright'
2026-08-03 13:15:45,319 INFO vendor decodo_patchright: 50 prox(y/ies), sticky session re-minted -> session-cap1785777345w21
captured=0 skipped=248 failed=0
captured=0 skipped=247 failed=0
EXIT=0
EXIT=0
EXIT=0
EXIT=0
EXIT=0
EXIT=0
2026-08-03 13:16:19,914 WARNING challenge not cleared for contest_id=255413 -- bundle not written
captured=0 skipped=247 failed=1
EXIT=0
2026-08-03 13:42:27,282 ERROR BAN-SUSPECT: hard-stopping capture at contest_id=255058: NCAA fetch failed after rotating proxies: https://stats.ncaa.org/contests/255058/play_by_play: patchright: bm-verify not passed after 3 attempts (643-byte body)
BAN-SUSPECT: capture halted at contest_id=255058: NCAA fetch failed after rotating proxies: https://stats.ncaa.org/contests/255058/play_by_play: patchright: bm-verify not passed after 3 attempts (643-byte body)
EXIT=1
2026-08-03 13:43:25,401 ERROR BAN-SUSPECT: hard-stopping capture at contest_id=241423: NCAA fetch failed after rotating proxies: https://stats.ncaa.org/contests/241423/play_by_play: patchright: bm-verify not passed after 3 attempts (643-byte body)
BAN-SUSPECT: capture halted at contest_id=241423: NCAA fetch failed after rotating proxies: https://stats.ncaa.org/contests/241423/play_by_play: patchright: bm-verify not passed after 3 attempts (643-byte body)
EXIT=1
[13:43:25] capture stopped (rc=1) -- a ban/soft-ban hard-stop or Ctrl-C (see the capture log).
[13:43:25]   This is RESUMABLE: cool down (a ban clears in minutes-hours), then re-run this
[13:43:25]   script -- already-captured contests are skipped.
[13:43:25] === parse captured bundles -> mbb/json/ ===
log -> logs/parse_20260803_134325.log  (watch: tail -f logs/parse_20260803_134325.log)
seasons=all bundles=64693 pending=0 force=False shard=8/24 assigned=0
parsed=0 failed=0

EXIT=0
[13:43:40] DONE: captured_bundles=64693 parsed_json=64693 (capture rc=1)
[13:43:40] capture INCOMPLETE (rc=1) -- re-run this script to continue before building.
EXIT=1
[2026-08-03 13:43:40] season 2016: chunk 10 hard-stopped (rc=1), 242 remaining -- cooling 1800s
[14:13:41] NCAA MBB backfill: season=2016 workers=24
[14:13:41] watch this run:  tail -f /c/Users/saiem/Documents/GitHub-Data/sdv-dev/hoopR-dev/ncaa-mbb-hoops-raw/logs/backfill_2016_20260803_141341.log
[14:13:41] === skip discover (season 2016 already in schedule_master; delete mbb/schedule_master.parquet to force) ===
[14:13:41] === capture 2016: 24 worker(s), chunk=400 new bundles per worker ===
proxy creds loaded from /c/Users/saiem/.Renviron (values hidden)
proxy creds loaded from /c/Users/saiem/.Renviron (values hidden)
proxy creds loaded from /c/Users/saiem/.Renviron (values hidden)
proxy creds loaded from /c/Users/saiem/.Renviron (values hidden)
proxy creds loaded from /c/Users/saiem/.Renviron (values hidden)
proxy creds loaded from /c/Users/saiem/.Renviron (values hidden)
log -> logs/capture_20260803_141341.log  (watch: tail -f logs/capture_20260803_141341.log)
proxy creds loaded from /c/Users/saiem/.Renviron (values hidden)
proxy creds loaded from /c/Users/saiem/.Renviron (values hidden)
log -> logs/capture_20260803_141342.log  (watch: tail -f logs/capture_20260803_141342.log)
proxy creds loaded from /c/Users/saiem/.Renviron (values hidden)
log -> logs/capture_20260803_141342.log  (watch: tail -f logs/capture_20260803_141342.log)
log -> logs/capture_20260803_141342.log  (watch: tail -f logs/capture_20260803_141342.log)
proxy creds loaded from /c/Users/saiem/.Renviron (values hidden)
proxy creds loaded from /c/Users/saiem/.Renviron (values hidden)
log -> logs/capture_20260803_141342.log  (watch: tail -f logs/capture_20260803_141342.log)
log -> logs/capture_20260803_141342.log  (watch: tail -f logs/capture_20260803_141342.log)
log -> logs/capture_20260803_141342.log  (watch: tail -f logs/capture_20260803_141342.log)
log -> logs/capture_20260803_141342.log  (watch: tail -f logs/capture_20260803_141342.log)
proxy creds loaded from /c/Users/saiem/.Renviron (values hidden)
log -> logs/capture_20260803_141342.log  (watch: tail -f logs/capture_20260803_141342.log)
proxy creds loaded from /c/Users/saiem/.Renviron (values hidden)
proxy creds loaded from /c/Users/saiem/.Renviron (values hidden)
log -> logs/capture_20260803_141342.log  (watch: tail -f logs/capture_20260803_141342.log)
log -> logs/capture_20260803_141342.log  (watch: tail -f logs/capture_20260803_141342.log)
proxy creds loaded from /c/Users/saiem/.Renviron (values hidden)
proxy creds loaded from /c/Users/saiem/.Renviron (values hidden)
proxy creds loaded from /c/Users/saiem/.Renviron (values hidden)
log -> logs/capture_20260803_141342.log  (watch: tail -f logs/capture_20260803_141342.log)
log -> logs/capture_20260803_141342.log  (watch: tail -f logs/capture_20260803_141342.log)
proxy creds loaded from /c/Users/saiem/.Renviron (values hidden)
proxy creds loaded from /c/Users/saiem/.Renviron (values hidden)
log -> logs/capture_20260803_141342.log  (watch: tail -f logs/capture_20260803_141342.log)
proxy creds loaded from /c/Users/saiem/.Renviron (values hidden)
log -> logs/capture_20260803_141342.log  (watch: tail -f logs/capture_20260803_141342.log)
log -> logs/capture_20260803_141342.log  (watch: tail -f logs/capture_20260803_141342.log)
proxy creds loaded from /c/Users/saiem/.Renviron (values hidden)
log -> logs/capture_20260803_141342.log  (watch: tail -f logs/capture_20260803_141342.log)
proxy creds loaded from /c/Users/saiem/.Renviron (values hidden)
proxy creds loaded from /c/Users/saiem/.Renviron (values hidden)
log -> logs/capture_20260803_141342.log  (watch: tail -f logs/capture_20260803_141342.log)
log -> logs/capture_20260803_141342.log  (watch: tail -f logs/capture_20260803_141342.log)
log -> logs/capture_20260803_141342.log  (watch: tail -f logs/capture_20260803_141342.log)
log -> logs/capture_20260803_141342.log  (watch: tail -f logs/capture_20260803_141342.log)
proxy creds loaded from /c/Users/saiem/.Renviron (values hidden)
log -> logs/capture_20260803_141342.log  (watch: tail -f logs/capture_20260803_141342.log)
log -> logs/capture_20260803_141342.log  (watch: tail -f logs/capture_20260803_141342.log)
log -> logs/capture_20260803_141342.log  (watch: tail -f logs/capture_20260803_141342.log)
pending=5950 shard=10/24 assigned=248
transport: canary vendor 'decodo_patchright'
2026-08-03 14:13:47,233 INFO vendor decodo_patchright: 50 prox(y/ies), sticky session re-minted -> session-cap1785780827w10
captured=0 skipped=248 failed=0
pending=5950 shard=7/24 assigned=248
transport: canary vendor 'decodo_patchright'
2026-08-03 14:13:47,368 INFO vendor decodo_patchright: 50 prox(y/ies), sticky session re-minted -> session-cap1785780827w7
pending=5950 shard=8/24 assigned=248
transport: canary vendor 'decodo_patchright'
pending=5950 shard=3/24 assigned=248
transport: canary vendor 'decodo_patchright'
2026-08-03 14:13:47,389 INFO vendor decodo_patchright: 50 prox(y/ies), sticky session re-minted -> session-cap1785780827w3
captured=0 skipped=248 failed=0
2026-08-03 14:13:47,378 INFO vendor decodo_patchright: 50 prox(y/ies), sticky session re-minted -> session-cap1785780827w8
captured=0 skipped=248 failed=0
captured=0 skipped=248 failed=0
pending=5950 shard=0/24 assigned=248
transport: canary vendor 'decodo_patchright'
2026-08-03 14:13:47,813 INFO vendor decodo_patchright: 50 prox(y/ies), sticky session re-minted -> session-cap1785780827w0
pending=5950 shard=9/24 assigned=248
transport: canary vendor 'decodo_patchright'
2026-08-03 14:13:48,083 INFO vendor decodo_patchright: 50 prox(y/ies), sticky session re-minted -> session-cap1785780828w9
captured=0 skipped=248 failed=0
pending=5950 shard=18/24 assigned=248
transport: canary vendor 'decodo_patchright'
2026-08-03 14:13:48,774 INFO vendor decodo_patchright: 50 prox(y/ies), sticky session re-minted -> session-cap1785780828w18
EXIT=0
EXIT=0
pending=5950 shard=19/24 assigned=248
transport: canary vendor 'decodo_patchright'
EXIT=0
2026-08-03 14:13:49,269 INFO vendor decodo_patchright: 50 prox(y/ies), sticky session re-minted -> session-cap1785780829w19
captured=0 skipped=248 failed=0
pending=5950 shard=11/24 assigned=248
transport: canary vendor 'decodo_patchright'
2026-08-03 14:13:49,313 INFO vendor decodo_patchright: 50 prox(y/ies), sticky session re-minted -> session-cap1785780829w11
captured=0 skipped=248 failed=0
pending=5950 shard=21/24 assigned=248
transport: canary vendor 'decodo_patchright'
2026-08-03 14:13:49,371 INFO vendor decodo_patchright: 50 prox(y/ies), sticky session re-minted -> session-cap1785780829w21
captured=0 skipped=248 failed=0
pending=5950 shard=16/24 assigned=248
transport: canary vendor 'decodo_patchright'
pending=5950 shard=6/24 assigned=248
transport: canary vendor 'decodo_patchright'
2026-08-03 14:13:49,429 INFO vendor decodo_patchright: 50 prox(y/ies), sticky session re-minted -> session-cap1785780829w16
captured=0 skipped=248 failed=0
2026-08-03 14:13:49,453 INFO vendor decodo_patchright: 50 prox(y/ies), sticky session re-minted -> session-cap1785780829w6
pending=5950 shard=14/24 assigned=248
transport: canary vendor 'decodo_patchright'
captured=0 skipped=248 failed=0
2026-08-03 14:13:49,479 INFO vendor decodo_patchright: 50 prox(y/ies), sticky session re-minted -> session-cap1785780829w14
captured=0 skipped=248 failed=0
pending=5950 shard=23/24 assigned=247
transport: canary vendor 'decodo_patchright'
pending=5950 shard=15/24 assigned=248
transport: canary vendor 'decodo_patchright'
2026-08-03 14:13:49,578 INFO vendor decodo_patchright: 50 prox(y/ies), sticky session re-minted -> session-cap1785780829w23
2026-08-03 14:13:49,570 INFO vendor decodo_patchright: 50 prox(y/ies), sticky session re-minted -> session-cap1785780829w15
captured=0 skipped=248 failed=0
captured=0 skipped=247 failed=0
EXIT=0
pending=5950 shard=5/24 assigned=248
transport: canary vendor 'decodo_patchright'
2026-08-03 14:13:49,646 INFO vendor decodo_patchright: 50 prox(y/ies), sticky session re-minted -> session-cap1785780829w5
captured=0 skipped=248 failed=0
pending=5950 shard=20/24 assigned=248
transport: canary vendor 'decodo_patchright'
2026-08-03 14:13:49,727 INFO vendor decodo_patchright: 50 prox(y/ies), sticky session re-minted -> session-cap1785780829w20
pending=5950 shard=1/24 assigned=248
transport: canary vendor 'decodo_patchright'
captured=0 skipped=248 failed=0
EXIT=0
pending=5950 shard=22/24 assigned=247
transport: canary vendor 'decodo_patchright'
2026-08-03 14:13:49,865 INFO vendor decodo_patchright: 50 prox(y/ies), sticky session re-minted -> session-cap1785780829w22
pending=5950 shard=4/24 assigned=248
transport: canary vendor 'decodo_patchright'
2026-08-03 14:13:49,873 INFO vendor decodo_patchright: 50 prox(y/ies), sticky session re-minted -> session-cap1785780829w4
pending=5950 shard=13/24 assigned=248
transport: canary vendor 'decodo_patchright'
2026-08-03 14:13:49,872 INFO vendor decodo_patchright: 50 prox(y/ies), sticky session re-minted -> session-cap1785780829w1
pending=5950 shard=17/24 assigned=248
transport: canary vendor 'decodo_patchright'
captured=0 skipped=248 failed=0
captured=0 skipped=248 failed=0
pending=5950 shard=12/24 assigned=248
transport: canary vendor 'decodo_patchright'
2026-08-03 14:13:49,936 INFO vendor decodo_patchright: 50 prox(y/ies), sticky session re-minted -> session-cap1785780829w13
2026-08-03 14:13:49,936 INFO vendor decodo_patchright: 50 prox(y/ies), sticky session re-minted -> session-cap1785780829w17
captured=0 skipped=248 failed=0
captured=0 skipped=248 failed=0
2026-08-03 14:13:49,975 INFO vendor decodo_patchright: 50 prox(y/ies), sticky session re-minted -> session-cap1785780829w12
captured=0 skipped=248 failed=0
pending=5950 shard=2/24 assigned=248
transport: canary vendor 'decodo_patchright'
2026-08-03 14:13:50,054 INFO vendor decodo_patchright: 50 prox(y/ies), sticky session re-minted -> session-cap1785780830w2
captured=0 skipped=248 failed=0
EXIT=0
EXIT=0
EXIT=0
EXIT=0
EXIT=0
EXIT=0
EXIT=0
EXIT=0
EXIT=0
EXIT=0
EXIT=0
EXIT=0
EXIT=0
EXIT=0
EXIT=0
EXIT=0
2026-08-03 14:14:23,546 WARNING challenge not cleared for contest_id=255413 -- bundle not written
captured=0 skipped=247 failed=1
EXIT=0
2026-08-03 14:40:29,609 ERROR BAN-SUSPECT: hard-stopping capture at contest_id=241423: NCAA fetch failed after rotating proxies: https://stats.ncaa.org/contests/241423/play_by_play: patchright: bm-verify not passed after 3 attempts (643-byte body)
BAN-SUSPECT: capture halted at contest_id=241423: NCAA fetch failed after rotating proxies: https://stats.ncaa.org/contests/241423/play_by_play: patchright: bm-verify not passed after 3 attempts (643-byte body)
EXIT=1
2026-08-03 14:40:49,201 ERROR BAN-SUSPECT: hard-stopping capture at contest_id=255058: NCAA fetch failed after rotating proxies: https://stats.ncaa.org/contests/255058/play_by_play: patchright: bm-verify not passed after 3 attempts (643-byte body)
BAN-SUSPECT: capture halted at contest_id=255058: NCAA fetch failed after rotating proxies: https://stats.ncaa.org/contests/255058/play_by_play: patchright: bm-verify not passed after 3 attempts (643-byte body)
EXIT=1
[14:40:49] capture stopped (rc=1) -- a ban/soft-ban hard-stop or Ctrl-C (see the capture log).
[14:40:49]   This is RESUMABLE: cool down (a ban clears in minutes-hours), then re-run this
[14:40:49]   script -- already-captured contests are skipped.
[14:40:49] === parse captured bundles -> mbb/json/ ===
log -> logs/parse_20260803_144049.log  (watch: tail -f logs/parse_20260803_144049.log)
seasons=all bundles=64693 pending=0 force=False shard=20/24 assigned=0
parsed=0 failed=0
EXIT=0
[14:41:05] DONE: captured_bundles=64693 parsed_json=64693 (capture rc=1)
[14:41:05] capture INCOMPLETE (rc=1) -- re-run this script to continue before building.
EXIT=1
[2026-08-03 14:41:05] season 2016: chunk 11 hard-stopped (rc=1), 242 remaining -- cooling 1800s
[15:11:06] NCAA MBB backfill: season=2016 workers=24
[15:11:06] watch this run:  tail -f /c/Users/saiem/Documents/GitHub-Data/sdv-dev/hoopR-dev/ncaa-mbb-hoops-raw/logs/backfill_2016_20260803_151106.log
[15:11:06] === skip discover (season 2016 already in schedule_master; delete mbb/schedule_master.parquet to force) ===
[15:11:06] === capture 2016: 24 worker(s), chunk=400 new bundles per worker ===
proxy creds loaded from /c/Users/saiem/.Renviron (values hidden)
proxy creds loaded from /c/Users/saiem/.Renviron (values hidden)
proxy creds loaded from /c/Users/saiem/.Renviron (values hidden)
proxy creds loaded from /c/Users/saiem/.Renviron (values hidden)
proxy creds loaded from /c/Users/saiem/.Renviron (values hidden)
proxy creds loaded from /c/Users/saiem/.Renviron (values hidden)
log -> logs/capture_20260803_151106.log  (watch: tail -f logs/capture_20260803_151106.log)
log -> logs/capture_20260803_151106.log  (watch: tail -f logs/capture_20260803_151106.log)
proxy creds loaded from /c/Users/saiem/.Renviron (values hidden)
log -> logs/capture_20260803_151106.log  (watch: tail -f logs/capture_20260803_151106.log)
proxy creds loaded from /c/Users/saiem/.Renviron (values hidden)
log -> logs/capture_20260803_151107.log  (watch: tail -f logs/capture_20260803_151107.log)
log -> logs/capture_20260803_151107.log  (watch: tail -f logs/capture_20260803_151107.log)
log -> logs/capture_20260803_151107.log  (watch: tail -f logs/capture_20260803_151107.log)
proxy creds loaded from /c/Users/saiem/.Renviron (values hidden)
log -> logs/capture_20260803_151107.log  (watch: tail -f logs/capture_20260803_151107.log)
proxy creds loaded from /c/Users/saiem/.Renviron (values hidden)
proxy creds loaded from /c/Users/saiem/.Renviron (values hidden)
proxy creds loaded from /c/Users/saiem/.Renviron (values hidden)
log -> logs/capture_20260803_151107.log  (watch: tail -f logs/capture_20260803_151107.log)
proxy creds loaded from /c/Users/saiem/.Renviron (values hidden)
proxy creds loaded from /c/Users/saiem/.Renviron (values hidden)
log -> logs/capture_20260803_151107.log  (watch: tail -f logs/capture_20260803_151107.log)
log -> logs/capture_20260803_151107.log  (watch: tail -f logs/capture_20260803_151107.log)
proxy creds loaded from /c/Users/saiem/.Renviron (values hidden)
log -> logs/capture_20260803_151107.log  (watch: tail -f logs/capture_20260803_151107.log)
proxy creds loaded from /c/Users/saiem/.Renviron (values hidden)
log -> logs/capture_20260803_151107.log  (watch: tail -f logs/capture_20260803_151107.log)
log -> logs/capture_20260803_151107.log  (watch: tail -f logs/capture_20260803_151107.log)
log -> logs/capture_20260803_151107.log  (watch: tail -f logs/capture_20260803_151107.log)
proxy creds loaded from /c/Users/saiem/.Renviron (values hidden)
proxy creds loaded from /c/Users/saiem/.Renviron (values hidden)
proxy creds loaded from /c/Users/saiem/.Renviron (values hidden)
log -> logs/capture_20260803_151107.log  (watch: tail -f logs/capture_20260803_151107.log)
log -> logs/capture_20260803_151107.log  (watch: tail -f logs/capture_20260803_151107.log)
proxy creds loaded from /c/Users/saiem/.Renviron (values hidden)
proxy creds loaded from /c/Users/saiem/.Renviron (values hidden)
proxy creds loaded from /c/Users/saiem/.Renviron (values hidden)
log -> logs/capture_20260803_151107.log  (watch: tail -f logs/capture_20260803_151107.log)
log -> logs/capture_20260803_151107.log  (watch: tail -f logs/capture_20260803_151107.log)
log -> logs/capture_20260803_151107.log  (watch: tail -f logs/capture_20260803_151107.log)
proxy creds loaded from /c/Users/saiem/.Renviron (values hidden)
log -> logs/capture_20260803_151107.log  (watch: tail -f logs/capture_20260803_151107.log)
log -> logs/capture_20260803_151107.log  (watch: tail -f logs/capture_20260803_151107.log)
log -> logs/capture_20260803_151107.log  (watch: tail -f logs/capture_20260803_151107.log)
log -> logs/capture_20260803_151107.log  (watch: tail -f logs/capture_20260803_151107.log)
proxy creds loaded from /c/Users/saiem/.Renviron (values hidden)
log -> logs/capture_20260803_151107.log  (watch: tail -f logs/capture_20260803_151107.log)
pending=5950 shard=13/24 assigned=248
transport: canary vendor 'decodo_patchright'
2026-08-03 15:11:12,321 INFO vendor decodo_patchright: 50 prox(y/ies), sticky session re-minted -> session-cap1785784272w13
captured=0 skipped=248 failed=0
pending=5950 shard=11/24 assigned=248
transport: canary vendor 'decodo_patchright'
2026-08-03 15:11:12,553 INFO vendor decodo_patchright: 50 prox(y/ies), sticky session re-minted -> session-cap1785784272w11
captured=0 skipped=248 failed=0
pending=5950 shard=17/24 assigned=248
transport: canary vendor 'decodo_patchright'
pending=5950 shard=14/24 assigned=248
transport: canary vendor 'decodo_patchright'
2026-08-03 15:11:12,553 INFO vendor decodo_patchright: 50 prox(y/ies), sticky session re-minted -> session-cap1785784272w14
captured=0 skipped=248 failed=0
2026-08-03 15:11:12,643 INFO vendor decodo_patchright: 50 prox(y/ies), sticky session re-minted -> session-cap1785784272w17
captured=0 skipped=248 failed=0
pending=5950 shard=2/24 assigned=248
transport: canary vendor 'decodo_patchright'
2026-08-03 15:11:12,672 INFO vendor decodo_patchright: 50 prox(y/ies), sticky session re-minted -> session-cap1785784272w2
captured=0 skipped=248 failed=0
EXIT=0
EXIT=0
pending=5950 shard=0/24 assigned=248
transport: canary vendor 'decodo_patchright'
pending=5950 shard=20/24 assigned=248
transport: canary vendor 'decodo_patchright'
pending=5950 shard=6/24 assigned=248
transport: canary vendor 'decodo_patchright'
2026-08-03 15:11:13,770 INFO vendor decodo_patchright: 50 prox(y/ies), sticky session re-minted -> session-cap1785784273w6
pending=5950 shard=16/24 assigned=248
transport: canary vendor 'decodo_patchright'
2026-08-03 15:11:13,800 INFO vendor decodo_patchright: 50 prox(y/ies), sticky session re-minted -> session-cap1785784273w16
captured=0 skipped=248 failed=0
2026-08-03 15:11:13,800 INFO vendor decodo_patchright: 50 prox(y/ies), sticky session re-minted -> session-cap1785784273w0
2026-08-03 15:11:13,779 INFO vendor decodo_patchright: 50 prox(y/ies), sticky session re-minted -> session-cap1785784273w20
captured=0 skipped=248 failed=0
pending=5950 shard=12/24 assigned=248
transport: canary vendor 'decodo_patchright'
captured=0 skipped=248 failed=0
2026-08-03 15:11:14,003 INFO vendor decodo_patchright: 50 prox(y/ies), sticky session re-minted -> session-cap1785784274w12
pending=5950 shard=4/24 assigned=248
transport: canary vendor 'decodo_patchright'
2026-08-03 15:11:14,036 INFO vendor decodo_patchright: 50 prox(y/ies), sticky session re-minted -> session-cap1785784274w4
captured=0 skipped=248 failed=0
captured=0 skipped=248 failed=0
pending=5950 shard=9/24 assigned=248
transport: canary vendor 'decodo_patchright'
pending=5950 shard=10/24 assigned=248
transport: canary vendor 'decodo_patchright'
pending=5950 shard=21/24 assigned=248
transport: canary vendor 'decodo_patchright'
pending=5950 shard=18/24 assigned=248
transport: canary vendor 'decodo_patchright'
2026-08-03 15:11:14,117 INFO vendor decodo_patchright: 50 prox(y/ies), sticky session re-minted -> session-cap1785784274w9
2026-08-03 15:11:14,126 INFO vendor decodo_patchright: 50 prox(y/ies), sticky session re-minted -> session-cap1785784274w10
captured=0 skipped=248 failed=0
2026-08-03 15:11:14,155 INFO vendor decodo_patchright: 50 prox(y/ies), sticky session re-minted -> session-cap1785784274w21
2026-08-03 15:11:14,143 INFO vendor decodo_patchright: 50 prox(y/ies), sticky session re-minted -> session-cap1785784274w18
captured=0 skipped=248 failed=0
captured=0 skipped=248 failed=0
pending=5950 shard=22/24 assigned=247
transport: canary vendor 'decodo_patchright'
2026-08-03 15:11:14,277 INFO vendor decodo_patchright: 50 prox(y/ies), sticky session re-minted -> session-cap1785784274w22
pending=5950 shard=7/24 assigned=248
transport: canary vendor 'decodo_patchright'
pending=5950 shard=5/24 assigned=248
transport: canary vendor 'decodo_patchright'
2026-08-03 15:11:14,400 INFO vendor decodo_patchright: 50 prox(y/ies), sticky session re-minted -> session-cap1785784274w7
captured=0 skipped=248 failed=0
2026-08-03 15:11:14,408 INFO vendor decodo_patchright: 50 prox(y/ies), sticky session re-minted -> session-cap1785784274w5
captured=0 skipped=248 failed=0
pending=5950 shard=23/24 assigned=247
transport: canary vendor 'decodo_patchright'
pending=5950 shard=19/24 assigned=248
transport: canary vendor 'decodo_patchright'
2026-08-03 15:11:14,438 INFO vendor decodo_patchright: 50 prox(y/ies), sticky session re-minted -> session-cap1785784274w23
2026-08-03 15:11:14,454 INFO vendor decodo_patchright: 50 prox(y/ies), sticky session re-minted -> session-cap1785784274w19
captured=0 skipped=248 failed=0
captured=0 skipped=247 failed=0
pending=5950 shard=1/24 assigned=248
transport: canary vendor 'decodo_patchright'
2026-08-03 15:11:14,462 INFO vendor decodo_patchright: 50 prox(y/ies), sticky session re-minted -> session-cap1785784274w1
pending=5950 shard=15/24 assigned=248
transport: canary vendor 'decodo_patchright'
2026-08-03 15:11:14,463 INFO vendor decodo_patchright: 50 prox(y/ies), sticky session re-minted -> session-cap1785784274w15
EXIT=0
captured=0 skipped=248 failed=0
pending=5950 shard=3/24 assigned=248
transport: canary vendor 'decodo_patchright'
captured=0 skipped=248 failed=0
2026-08-03 15:11:14,499 INFO vendor decodo_patchright: 50 prox(y/ies), sticky session re-minted -> session-cap1785784274w3
captured=0 skipped=248 failed=0
EXIT=0
pending=5950 shard=8/24 assigned=248
transport: canary vendor 'decodo_patchright'
EXIT=0
2026-08-03 15:11:14,595 INFO vendor decodo_patchright: 50 prox(y/ies), sticky session re-minted -> session-cap1785784274w8
captured=0 skipped=248 failed=0
EXIT=0
EXIT=0
EXIT=0
EXIT=0
EXIT=0
EXIT=0
EXIT=0
EXIT=0
EXIT=0
EXIT=0
EXIT=0
EXIT=0
EXIT=0
EXIT=0
EXIT=0
EXIT=0
2026-08-03 15:11:51,054 WARNING challenge not cleared for contest_id=255413 -- bundle not written
captured=0 skipped=247 failed=1
EXIT=0
2026-08-03 15:38:16,466 ERROR BAN-SUSPECT: hard-stopping capture at contest_id=255058: NCAA fetch failed after rotating proxies: https://stats.ncaa.org/contests/255058/play_by_play: patchright: bm-verify not passed after 3 attempts (643-byte body)
BAN-SUSPECT: capture halted at contest_id=255058: NCAA fetch failed after rotating proxies: https://stats.ncaa.org/contests/255058/play_by_play: patchright: bm-verify not passed after 3 attempts (643-byte body)
EXIT=1
2026-08-03 15:39:03,221 ERROR BAN-SUSPECT: hard-stopping capture at contest_id=241423: NCAA fetch failed after rotating proxies: https://stats.ncaa.org/contests/241423/play_by_play: patchright: bm-verify not passed after 3 attempts (643-byte body)
BAN-SUSPECT: capture halted at contest_id=241423: NCAA fetch failed after rotating proxies: https://stats.ncaa.org/contests/241423/play_by_play: patchright: bm-verify not passed after 3 attempts (643-byte body)
EXIT=1
[15:39:03] capture stopped (rc=1) -- a ban/soft-ban hard-stop or Ctrl-C (see the capture log).
[15:39:03]   This is RESUMABLE: cool down (a ban clears in minutes-hours), then re-run this
[15:39:03]   script -- already-captured contests are skipped.
[15:39:03] === parse captured bundles -> mbb/json/ ===
log -> logs/parse_20260803_153903.log  (watch: tail -f logs/parse_20260803_153903.log)
seasons=all bundles=64693 pending=0 force=False shard=1/24 assigned=0
parsed=0 failed=0

EXIT=0
[15:39:17] DONE: captured_bundles=64693 parsed_json=64693 (capture rc=1)
[15:39:17] capture INCOMPLETE (rc=1) -- re-run this script to continue before building.
EXIT=1
[2026-08-03 15:39:17] season 2016: chunk 12 hard-stopped (rc=1), 242 remaining -- cooling 1800s
[2026-08-03 16:09:17] season 2016: MAX_ROUNDS=12 reached with 242 remaining -- moving on (re-run later to finish)
[2026-08-03 16:09:17] === season 2015 ===
[16:09:18] NCAA MBB backfill: season=2015 workers=24
[16:09:18] watch this run:  tail -f /c/Users/saiem/Documents/GitHub-Data/sdv-dev/hoopR-dev/ncaa-mbb-hoops-raw/logs/backfill_2015_20260803_160918.log
[16:09:18] === skip discover (season 2015 already in schedule_master; delete mbb/schedule_master.parquet to force) ===
[16:09:18] === capture 2015: 24 worker(s), chunk=400 new bundles per worker ===
proxy creds loaded from /c/Users/saiem/.Renviron (values hidden)
proxy creds loaded from /c/Users/saiem/.Renviron (values hidden)
proxy creds loaded from /c/Users/saiem/.Renviron (values hidden)
proxy creds loaded from /c/Users/saiem/.Renviron (values hidden)
proxy creds loaded from /c/Users/saiem/.Renviron (values hidden)
proxy creds loaded from /c/Users/saiem/.Renviron (values hidden)
log -> logs/capture_20260803_160918.log  (watch: tail -f logs/capture_20260803_160918.log)
proxy creds loaded from /c/Users/saiem/.Renviron (values hidden)
proxy creds loaded from /c/Users/saiem/.Renviron (values hidden)
log -> logs/capture_20260803_160918.log  (watch: tail -f logs/capture_20260803_160918.log)
log -> logs/capture_20260803_160918.log  (watch: tail -f logs/capture_20260803_160918.log)
proxy creds loaded from /c/Users/saiem/.Renviron (values hidden)
proxy creds loaded from /c/Users/saiem/.Renviron (values hidden)
log -> logs/capture_20260803_160919.log  (watch: tail -f logs/capture_20260803_160919.log)
log -> logs/capture_20260803_160919.log  (watch: tail -f logs/capture_20260803_160919.log)
proxy creds loaded from /c/Users/saiem/.Renviron (values hidden)
proxy creds loaded from /c/Users/saiem/.Renviron (values hidden)
proxy creds loaded from /c/Users/saiem/.Renviron (values hidden)
log -> logs/capture_20260803_160919.log  (watch: tail -f logs/capture_20260803_160919.log)
log -> logs/capture_20260803_160919.log  (watch: tail -f logs/capture_20260803_160919.log)
log -> logs/capture_20260803_160919.log  (watch: tail -f logs/capture_20260803_160919.log)
proxy creds loaded from /c/Users/saiem/.Renviron (values hidden)
proxy creds loaded from /c/Users/saiem/.Renviron (values hidden)
log -> logs/capture_20260803_160919.log  (watch: tail -f logs/capture_20260803_160919.log)
proxy creds loaded from /c/Users/saiem/.Renviron (values hidden)
proxy creds loaded from /c/Users/saiem/.Renviron (values hidden)
log -> logs/capture_20260803_160919.log  (watch: tail -f logs/capture_20260803_160919.log)
log -> logs/capture_20260803_160919.log  (watch: tail -f logs/capture_20260803_160919.log)
proxy creds loaded from /c/Users/saiem/.Renviron (values hidden)
log -> logs/capture_20260803_160919.log  (watch: tail -f logs/capture_20260803_160919.log)
proxy creds loaded from /c/Users/saiem/.Renviron (values hidden)
log -> logs/capture_20260803_160919.log  (watch: tail -f logs/capture_20260803_160919.log)
log -> logs/capture_20260803_160919.log  (watch: tail -f logs/capture_20260803_160919.log)
log -> logs/capture_20260803_160919.log  (watch: tail -f logs/capture_20260803_160919.log)
proxy creds loaded from /c/Users/saiem/.Renviron (values hidden)
log -> logs/capture_20260803_160919.log  (watch: tail -f logs/capture_20260803_160919.log)
proxy creds loaded from /c/Users/saiem/.Renviron (values hidden)
log -> logs/capture_20260803_160919.log  (watch: tail -f logs/capture_20260803_160919.log)
proxy creds loaded from /c/Users/saiem/.Renviron (values hidden)
log -> logs/capture_20260803_160919.log  (watch: tail -f logs/capture_20260803_160919.log)
log -> logs/capture_20260803_160919.log  (watch: tail -f logs/capture_20260803_160919.log)
log -> logs/capture_20260803_160919.log  (watch: tail -f logs/capture_20260803_160919.log)
log -> logs/capture_20260803_160919.log  (watch: tail -f logs/capture_20260803_160919.log)
proxy creds loaded from /c/Users/saiem/.Renviron (values hidden)
proxy creds loaded from /c/Users/saiem/.Renviron (values hidden)
log -> logs/capture_20260803_160919.log  (watch: tail -f logs/capture_20260803_160919.log)
log -> logs/capture_20260803_160919.log  (watch: tail -f logs/capture_20260803_160919.log)
log -> logs/capture_20260803_160919.log  (watch: tail -f logs/capture_20260803_160919.log)
pending=5932 shard=9/24 assigned=247
transport: canary vendor 'decodo_patchright'
2026-08-03 16:09:23,083 INFO vendor decodo_patchright: 50 prox(y/ies), sticky session re-minted -> session-cap1785787763w9
pending=5932 shard=1/24 assigned=248
transport: canary vendor 'decodo_patchright'
2026-08-03 16:09:24,221 INFO vendor decodo_patchright: 50 prox(y/ies), sticky session re-minted -> session-cap1785787764w1
pending=5932 shard=2/24 assigned=248
transport: canary vendor 'decodo_patchright'
2026-08-03 16:09:24,758 INFO vendor decodo_patchright: 50 prox(y/ies), sticky session re-minted -> session-cap1785787764w2
pending=5932 shard=6/24 assigned=247
transport: canary vendor 'decodo_patchright'
2026-08-03 16:09:25,453 INFO vendor decodo_patchright: 50 prox(y/ies), sticky session re-minted -> session-cap1785787765w6
pending=5932 shard=7/24 assigned=247
transport: canary vendor 'decodo_patchright'
pending=5932 shard=18/24 assigned=247
transport: canary vendor 'decodo_patchright'
2026-08-03 16:09:25,978 INFO vendor decodo_patchright: 50 prox(y/ies), sticky session re-minted -> session-cap1785787765w7
pending=5932 shard=3/24 assigned=248
transport: canary vendor 'decodo_patchright'
2026-08-03 16:09:26,001 INFO vendor decodo_patchright: 50 prox(y/ies), sticky session re-minted -> session-cap1785787766w3
2026-08-03 16:09:26,140 INFO vendor decodo_patchright: 50 prox(y/ies), sticky session re-minted -> session-cap1785787766w18
pending=5932 shard=10/24 assigned=247
transport: canary vendor 'decodo_patchright'
2026-08-03 16:09:26,302 INFO vendor decodo_patchright: 50 prox(y/ies), sticky session re-minted -> session-cap1785787766w10
pending=5932 shard=8/24 assigned=247
transport: canary vendor 'decodo_patchright'
2026-08-03 16:09:26,898 INFO vendor decodo_patchright: 50 prox(y/ies), sticky session re-minted -> session-cap1785787766w8
pending=5932 shard=17/24 assigned=247
transport: canary vendor 'decodo_patchright'
2026-08-03 16:09:26,944 INFO vendor decodo_patchright: 50 prox(y/ies), sticky session re-minted -> session-cap1785787766w17
pending=5932 shard=13/24 assigned=247
transport: canary vendor 'decodo_patchright'
pending=5932 shard=11/24 assigned=247
transport: canary vendor 'decodo_patchright'
pending=5932 shard=16/24 assigned=247
transport: canary vendor 'decodo_patchright'
pending=5932 shard=0/24 assigned=248
transport: canary vendor 'decodo_patchright'
pending=5932 shard=14/24 assigned=247
transport: canary vendor 'decodo_patchright'
2026-08-03 16:09:27,468 INFO vendor decodo_patchright: 50 prox(y/ies), sticky session re-minted -> session-cap1785787767w13
pending=5932 shard=15/24 assigned=247
transport: canary vendor 'decodo_patchright'
2026-08-03 16:09:27,708 INFO vendor decodo_patchright: 50 prox(y/ies), sticky session re-minted -> session-cap1785787767w11
2026-08-03 16:09:27,703 INFO vendor decodo_patchright: 50 prox(y/ies), sticky session re-minted -> session-cap1785787767w15
pending=5932 shard=4/24 assigned=247
transport: canary vendor 'decodo_patchright'
pending=5932 shard=20/24 assigned=247
transport: canary vendor 'decodo_patchright'
2026-08-03 16:09:27,811 INFO vendor decodo_patchright: 50 prox(y/ies), sticky session re-minted -> session-cap1785787767w16
pending=5932 shard=22/24 assigned=247
transport: canary vendor 'decodo_patchright'
pending=5932 shard=21/24 assigned=247
transport: canary vendor 'decodo_patchright'
pending=5932 shard=5/24 assigned=247
transport: canary vendor 'decodo_patchright'
2026-08-03 16:09:28,099 INFO vendor decodo_patchright: 50 prox(y/ies), sticky session re-minted -> session-cap1785787768w5
2026-08-03 16:09:28,094 INFO vendor decodo_patchright: 50 prox(y/ies), sticky session re-minted -> session-cap1785787768w14
2026-08-03 16:09:28,130 INFO vendor decodo_patchright: 50 prox(y/ies), sticky session re-minted -> session-cap1785787768w0
2026-08-03 16:09:28,094 INFO vendor decodo_patchright: 50 prox(y/ies), sticky session re-minted -> session-cap1785787768w22
2026-08-03 16:09:28,098 INFO vendor decodo_patchright: 50 prox(y/ies), sticky session re-minted -> session-cap1785787768w4
2026-08-03 16:09:28,189 INFO vendor decodo_patchright: 50 prox(y/ies), sticky session re-minted -> session-cap1785787768w20
2026-08-03 16:09:28,246 INFO vendor decodo_patchright: 50 prox(y/ies), sticky session re-minted -> session-cap1785787768w21
pending=5932 shard=23/24 assigned=247
transport: canary vendor 'decodo_patchright'
pending=5932 shard=19/24 assigned=247
transport: canary vendor 'decodo_patchright'
2026-08-03 16:09:28,364 INFO vendor decodo_patchright: 50 prox(y/ies), sticky session re-minted -> session-cap1785787768w23
2026-08-03 16:09:28,366 INFO vendor decodo_patchright: 50 prox(y/ies), sticky session re-minted -> session-cap1785787768w19
pending=5932 shard=12/24 assigned=247
transport: canary vendor 'decodo_patchright'
2026-08-03 16:09:28,549 INFO vendor decodo_patchright: 50 prox(y/ies), sticky session re-minted -> session-cap1785787768w12
2026-08-03 16:17:58,909 WARNING challenge not cleared for contest_id=515770 -- bundle not written
2026-08-03 16:46:05,160 WARNING challenge not cleared for contest_id=519177 -- bundle not written
2026-08-03 17:23:10,631 WARNING challenge not cleared for contest_id=523527 -- bundle not written
2026-08-03 17:31:22,891 WARNING challenge not cleared for contest_id=525116 -- bundle not written
2026-08-03 18:22:19,614 WARNING challenge not cleared for contest_id=530749 -- bundle not written
captured=246 skipped=0 failed=1
EXIT=0
captured=246 skipped=0 failed=1
EXIT=0
captured=247 skipped=0 failed=0
EXIT=0
captured=247 skipped=0 failed=0
EXIT=0
captured=247 skipped=0 failed=0
EXIT=0
captured=245 skipped=0 failed=2
EXIT=0
captured=247 skipped=0 failed=0
EXIT=0
captured=248 skipped=0 failed=0
EXIT=0
captured=247 skipped=0 failed=0
EXIT=0
captured=247 skipped=0 failed=0
EXIT=0
captured=247 skipped=0 failed=0
EXIT=0
captured=247 skipped=0 failed=0
EXIT=0
captured=248 skipped=0 failed=0
EXIT=0
captured=247 skipped=0 failed=0
EXIT=0
captured=247 skipped=0 failed=0
EXIT=0
captured=247 skipped=0 failed=0
EXIT=0
captured=247 skipped=0 failed=0
EXIT=0
captured=247 skipped=0 failed=0
EXIT=0
captured=248 skipped=0 failed=0
EXIT=0
captured=247 skipped=0 failed=0
EXIT=0
captured=246 skipped=0 failed=1
EXIT=0
captured=247 skipped=0 failed=0
EXIT=0
captured=248 skipped=0 failed=0
EXIT=0
captured=247 skipped=0 failed=0
EXIT=0
[18:34:19] === parse captured bundles -> mbb/json/ ===
log -> logs/parse_20260803_183419.log  (watch: tail -f logs/parse_20260803_183419.log)
2026-08-03 18:39:46,598 INFO ncaa_identity: contest_id=530816 teams 2332/2332 matched, players 6515/6517 matched
2026-08-03 18:39:49,932 INFO ncaa_identity: contest_id=530928 teams 2239/2239 matched, players 6103/6296 matched
parsed=247 failed=0
EXIT=0
[18:39:55] DONE: captured_bundles=70620 parsed_json=70620 (capture rc=0)
[18:39:55] next -> build the -data parquet:
[18:39:55]   cd /c/Users/saiem/Documents/GitHub-Data/sdv-dev/hoopR-dev/ncaa-mbb-hoops-raw/../ncaa-mbb-hoops-data && python -m ncaa_mbb_data_build build --dataset all --season 2015
EXIT=0
[2026-08-03 18:39:55] season 2015: chunk 1 done, 5 remaining -- cooling 300s (fresh sticky session next)
[18:44:55] NCAA MBB backfill: season=2015 workers=24
[18:44:55] watch this run:  tail -f /c/Users/saiem/Documents/GitHub-Data/sdv-dev/hoopR-dev/ncaa-mbb-hoops-raw/logs/backfill_2015_20260803_184455.log
[18:44:56] === skip discover (season 2015 already in schedule_master; delete mbb/schedule_master.parquet to force) ===
[18:44:56] === capture 2015: 24 worker(s), chunk=400 new bundles per worker ===
proxy creds loaded from /c/Users/saiem/.Renviron (values hidden)
proxy creds loaded from /c/Users/saiem/.Renviron (values hidden)
proxy creds loaded from /c/Users/saiem/.Renviron (values hidden)
proxy creds loaded from /c/Users/saiem/.Renviron (values hidden)
proxy creds loaded from /c/Users/saiem/.Renviron (values hidden)
proxy creds loaded from /c/Users/saiem/.Renviron (values hidden)
proxy creds loaded from /c/Users/saiem/.Renviron (values hidden)
proxy creds loaded from /c/Users/saiem/.Renviron (values hidden)
log -> logs/capture_20260803_184456.log  (watch: tail -f logs/capture_20260803_184456.log)
proxy creds loaded from /c/Users/saiem/.Renviron (values hidden)
proxy creds loaded from /c/Users/saiem/.Renviron (values hidden)
log -> logs/capture_20260803_184456.log  (watch: tail -f logs/capture_20260803_184456.log)
log -> logs/capture_20260803_184456.log  (watch: tail -f logs/capture_20260803_184456.log)
log -> logs/capture_20260803_184456.log  (watch: tail -f logs/capture_20260803_184456.log)
log -> logs/capture_20260803_184456.log  (watch: tail -f logs/capture_20260803_184456.log)
log -> logs/capture_20260803_184456.log  (watch: tail -f logs/capture_20260803_184456.log)
proxy creds loaded from /c/Users/saiem/.Renviron (values hidden)
proxy creds loaded from /c/Users/saiem/.Renviron (values hidden)
proxy creds loaded from /c/Users/saiem/.Renviron (values hidden)
proxy creds loaded from /c/Users/saiem/.Renviron (values hidden)
log -> logs/capture_20260803_184456.log  (watch: tail -f logs/capture_20260803_184456.log)
proxy creds loaded from /c/Users/saiem/.Renviron (values hidden)
log -> logs/capture_20260803_184456.log  (watch: tail -f logs/capture_20260803_184456.log)
log -> logs/capture_20260803_184456.log  (watch: tail -f logs/capture_20260803_184456.log)
proxy creds loaded from /c/Users/saiem/.Renviron (values hidden)
proxy creds loaded from /c/Users/saiem/.Renviron (values hidden)
log -> logs/capture_20260803_184456.log  (watch: tail -f logs/capture_20260803_184456.log)
log -> logs/capture_20260803_184456.log  (watch: tail -f logs/capture_20260803_184456.log)
log -> logs/capture_20260803_184456.log  (watch: tail -f logs/capture_20260803_184456.log)
log -> logs/capture_20260803_184456.log  (watch: tail -f logs/capture_20260803_184456.log)
log -> logs/capture_20260803_184456.log  (watch: tail -f logs/capture_20260803_184456.log)
proxy creds loaded from /c/Users/saiem/.Renviron (values hidden)
log -> logs/capture_20260803_184456.log  (watch: tail -f logs/capture_20260803_184456.log)
proxy creds loaded from /c/Users/saiem/.Renviron (values hidden)
proxy creds loaded from /c/Users/saiem/.Renviron (values hidden)
log -> logs/capture_20260803_184456.log  (watch: tail -f logs/capture_20260803_184456.log)
proxy creds loaded from /c/Users/saiem/.Renviron (values hidden)
log -> logs/capture_20260803_184456.log  (watch: tail -f logs/capture_20260803_184456.log)
proxy creds loaded from /c/Users/saiem/.Renviron (values hidden)
proxy creds loaded from /c/Users/saiem/.Renviron (values hidden)
proxy creds loaded from /c/Users/saiem/.Renviron (values hidden)
log -> logs/capture_20260803_184456.log  (watch: tail -f logs/capture_20260803_184456.log)
log -> logs/capture_20260803_184456.log  (watch: tail -f logs/capture_20260803_184456.log)
log -> logs/capture_20260803_184456.log  (watch: tail -f logs/capture_20260803_184456.log)
log -> logs/capture_20260803_184456.log  (watch: tail -f logs/capture_20260803_184456.log)
log -> logs/capture_20260803_184456.log  (watch: tail -f logs/capture_20260803_184456.log)
log -> logs/capture_20260803_184456.log  (watch: tail -f logs/capture_20260803_184456.log)
log -> logs/capture_20260803_184456.log  (watch: tail -f logs/capture_20260803_184456.log)
pending=5932 shard=2/24 assigned=248
transport: canary vendor 'decodo_patchright'
2026-08-03 18:45:00,468 INFO vendor decodo_patchright: 50 prox(y/ies), sticky session re-minted -> session-cap1785797100w2
captured=0 skipped=248 failed=0
pending=5932 shard=3/24 assigned=248
transport: canary vendor 'decodo_patchright'
2026-08-03 18:45:00,754 INFO vendor decodo_patchright: 50 prox(y/ies), sticky session re-minted -> session-cap1785797100w3
captured=0 skipped=248 failed=0
pending=5932 shard=4/24 assigned=247
transport: canary vendor 'decodo_patchright'
2026-08-03 18:45:00,908 INFO vendor decodo_patchright: 50 prox(y/ies), sticky session re-minted -> session-cap1785797100w4
captured=0 skipped=247 failed=0
pending=5932 shard=1/24 assigned=248
transport: canary vendor 'decodo_patchright'
pending=5932 shard=6/24 assigned=247
transport: canary vendor 'decodo_patchright'
EXIT=0
2026-08-03 18:45:01,862 INFO vendor decodo_patchright: 50 prox(y/ies), sticky session re-minted -> session-cap1785797101w1
captured=0 skipped=248 failed=0
pending=5932 shard=8/24 assigned=247
transport: canary vendor 'decodo_patchright'
2026-08-03 18:45:01,862 INFO vendor decodo_patchright: 50 prox(y/ies), sticky session re-minted -> session-cap1785797101w6
captured=0 skipped=247 failed=0
2026-08-03 18:45:01,917 INFO vendor decodo_patchright: 50 prox(y/ies), sticky session re-minted -> session-cap1785797101w8
captured=0 skipped=247 failed=0
EXIT=0
EXIT=0
pending=5932 shard=9/24 assigned=247
transport: canary vendor 'decodo_patchright'
2026-08-03 18:45:02,830 INFO vendor decodo_patchright: 50 prox(y/ies), sticky session re-minted -> session-cap1785797102w9
pending=5932 shard=23/24 assigned=247
transport: canary vendor 'decodo_patchright'
captured=0 skipped=247 failed=0
2026-08-03 18:45:02,852 INFO vendor decodo_patchright: 50 prox(y/ies), sticky session re-minted -> session-cap1785797102w23
captured=0 skipped=247 failed=0
pending=5932 shard=19/24 assigned=247
transport: canary vendor 'decodo_patchright'
pending=5932 shard=20/24 assigned=247
transport: canary vendor 'decodo_patchright'
2026-08-03 18:45:02,966 INFO vendor decodo_patchright: 50 prox(y/ies), sticky session re-minted -> session-cap1785797102w19
captured=0 skipped=247 failed=0
2026-08-03 18:45:02,981 INFO vendor decodo_patchright: 50 prox(y/ies), sticky session re-minted -> session-cap1785797102w20
captured=0 skipped=247 failed=0
pending=5932 shard=17/24 assigned=247
transport: canary vendor 'decodo_patchright'
2026-08-03 18:45:03,080 INFO vendor decodo_patchright: 50 prox(y/ies), sticky session re-minted -> session-cap1785797103w17
captured=0 skipped=247 failed=0
EXIT=0
pending=5932 shard=16/24 assigned=247
transport: canary vendor 'decodo_patchright'
pending=5932 shard=0/24 assigned=248
transport: canary vendor 'decodo_patchright'
2026-08-03 18:45:03,160 INFO vendor decodo_patchright: 50 prox(y/ies), sticky session re-minted -> session-cap1785797103w0
2026-08-03 18:45:03,158 INFO vendor decodo_patchright: 50 prox(y/ies), sticky session re-minted -> session-cap1785797103w16
captured=0 skipped=248 failed=0
pending=5932 shard=12/24 assigned=247
transport: canary vendor 'decodo_patchright'
2026-08-03 18:45:03,218 INFO vendor decodo_patchright: 50 prox(y/ies), sticky session re-minted -> session-cap1785797103w12
pending=5932 shard=10/24 assigned=247
transport: canary vendor 'decodo_patchright'
2026-08-03 18:45:03,245 INFO vendor decodo_patchright: 50 prox(y/ies), sticky session re-minted -> session-cap1785797103w10
pending=5932 shard=13/24 assigned=247
transport: canary vendor 'decodo_patchright'
captured=0 skipped=247 failed=0
pending=5932 shard=7/24 assigned=247
transport: canary vendor 'decodo_patchright'
2026-08-03 18:45:03,267 INFO vendor decodo_patchright: 50 prox(y/ies), sticky session re-minted -> session-cap1785797103w7
captured=0 skipped=247 failed=0
pending=5932 shard=21/24 assigned=247
transport: canary vendor 'decodo_patchright'
2026-08-03 18:45:03,276 INFO vendor decodo_patchright: 50 prox(y/ies), sticky session re-minted -> session-cap1785797103w21
2026-08-03 18:45:03,268 INFO vendor decodo_patchright: 50 prox(y/ies), sticky session re-minted -> session-cap1785797103w13
captured=0 skipped=247 failed=0
pending=5932 shard=11/24 assigned=247
transport: canary vendor 'decodo_patchright'
pending=5932 shard=22/24 assigned=247
transport: canary vendor 'decodo_patchright'
EXIT=0
pending=5932 shard=18/24 assigned=247
transport: canary vendor 'decodo_patchright'
2026-08-03 18:45:03,367 INFO vendor decodo_patchright: 50 prox(y/ies), sticky session re-minted -> session-cap1785797103w22
2026-08-03 18:45:03,367 INFO vendor decodo_patchright: 50 prox(y/ies), sticky session re-minted -> session-cap1785797103w18
captured=0 skipped=247 failed=0
pending=5932 shard=15/24 assigned=247
transport: canary vendor 'decodo_patchright'
2026-08-03 18:45:03,367 INFO vendor decodo_patchright: 50 prox(y/ies), sticky session re-minted -> session-cap1785797103w11
captured=0 skipped=247 failed=0
captured=0 skipped=247 failed=0
pending=5932 shard=5/24 assigned=247
transport: canary vendor 'decodo_patchright'
2026-08-03 18:45:03,387 INFO vendor decodo_patchright: 50 prox(y/ies), sticky session re-minted -> session-cap1785797103w15
EXIT=0
2026-08-03 18:45:03,404 INFO vendor decodo_patchright: 50 prox(y/ies), sticky session re-minted -> session-cap1785797103w5
captured=0 skipped=247 failed=0
pending=5932 shard=14/24 assigned=247
transport: canary vendor 'decodo_patchright'
EXIT=0
2026-08-03 18:45:03,474 INFO vendor decodo_patchright: 50 prox(y/ies), sticky session re-minted -> session-cap1785797103w14
captured=0 skipped=247 failed=0
EXIT=0
EXIT=0
EXIT=0
EXIT=0
EXIT=0
EXIT=0
EXIT=0
EXIT=0
EXIT=0
EXIT=0
EXIT=0
EXIT=0
EXIT=0
2026-08-03 18:45:36,145 WARNING challenge not cleared for contest_id=525116 -- bundle not written
captured=0 skipped=246 failed=1
EXIT=0
2026-08-03 18:45:37,726 WARNING challenge not cleared for contest_id=515770 -- bundle not written
captured=0 skipped=246 failed=1
EXIT=0
2026-08-03 18:45:38,697 WARNING challenge not cleared for contest_id=519177 -- bundle not written
captured=0 skipped=246 failed=1
2026-08-03 18:45:39,092 WARNING challenge not cleared for contest_id=523527 -- bundle not written
EXIT=0
2026-08-03 18:46:10,538 WARNING challenge not cleared for contest_id=530749 -- bundle not written
captured=0 skipped=245 failed=2
EXIT=0
[18:46:10] === parse captured bundles -> mbb/json/ ===
log -> logs/parse_20260803_184611.log  (watch: tail -f logs/parse_20260803_184611.log)
seasons=all bundles=70620 pending=0 force=False shard=23/24 assigned=0
parsed=0 failed=0
EXIT=0
[18:46:25] DONE: captured_bundles=70620 parsed_json=70620 (capture rc=0)
[18:46:25] next -> build the -data parquet:
[18:46:25]   cd /c/Users/saiem/Documents/GitHub-Data/sdv-dev/hoopR-dev/ncaa-mbb-hoops-raw/../ncaa-mbb-hoops-data && python -m ncaa_mbb_data_build build --dataset all --season 2015
EXIT=0
[2026-08-03 18:46:25] season 2015: round 2 captured nothing (5 left, un-capturable) -- treating as done
[2026-08-03 18:46:25] === season 2014 ===
[18:46:25] NCAA MBB backfill: season=2014 workers=24
[18:46:25] watch this run:  tail -f /c/Users/saiem/Documents/GitHub-Data/sdv-dev/hoopR-dev/ncaa-mbb-hoops-raw/logs/backfill_2014_20260803_184625.log
[18:46:26] === skip discover (season 2014 already in schedule_master; delete mbb/schedule_master.parquet to force) ===
[18:46:26] === capture 2014: 24 worker(s), chunk=400 new bundles per worker ===
proxy creds loaded from /c/Users/saiem/.Renviron (values hidden)
proxy creds loaded from /c/Users/saiem/.Renviron (values hidden)
proxy creds loaded from /c/Users/saiem/.Renviron (values hidden)
proxy creds loaded from /c/Users/saiem/.Renviron (values hidden)
proxy creds loaded from /c/Users/saiem/.Renviron (values hidden)
log -> logs/capture_20260803_184626.log  (watch: tail -f logs/capture_20260803_184626.log)
proxy creds loaded from /c/Users/saiem/.Renviron (values hidden)
log -> logs/capture_20260803_184626.log  (watch: tail -f logs/capture_20260803_184626.log)
proxy creds loaded from /c/Users/saiem/.Renviron (values hidden)
log -> logs/capture_20260803_184626.log  (watch: tail -f logs/capture_20260803_184626.log)
log -> logs/capture_20260803_184626.log  (watch: tail -f logs/capture_20260803_184626.log)
proxy creds loaded from /c/Users/saiem/.Renviron (values hidden)
log -> logs/capture_20260803_184626.log  (watch: tail -f logs/capture_20260803_184626.log)
proxy creds loaded from /c/Users/saiem/.Renviron (values hidden)
log -> logs/capture_20260803_184626.log  (watch: tail -f logs/capture_20260803_184626.log)
proxy creds loaded from /c/Users/saiem/.Renviron (values hidden)
log -> logs/capture_20260803_184626.log  (watch: tail -f logs/capture_20260803_184626.log)
proxy creds loaded from /c/Users/saiem/.Renviron (values hidden)
log -> logs/capture_20260803_184626.log  (watch: tail -f logs/capture_20260803_184626.log)
proxy creds loaded from /c/Users/saiem/.Renviron (values hidden)
proxy creds loaded from /c/Users/saiem/.Renviron (values hidden)
proxy creds loaded from /c/Users/saiem/.Renviron (values hidden)
log -> logs/capture_20260803_184626.log  (watch: tail -f logs/capture_20260803_184626.log)
proxy creds loaded from /c/Users/saiem/.Renviron (values hidden)
proxy creds loaded from /c/Users/saiem/.Renviron (values hidden)
proxy creds loaded from /c/Users/saiem/.Renviron (values hidden)
log -> logs/capture_20260803_184626.log  (watch: tail -f logs/capture_20260803_184626.log)
log -> logs/capture_20260803_184626.log  (watch: tail -f logs/capture_20260803_184626.log)
log -> logs/capture_20260803_184626.log  (watch: tail -f logs/capture_20260803_184626.log)
log -> logs/capture_20260803_184626.log  (watch: tail -f logs/capture_20260803_184626.log)
proxy creds loaded from /c/Users/saiem/.Renviron (values hidden)
log -> logs/capture_20260803_184626.log  (watch: tail -f logs/capture_20260803_184626.log)
log -> logs/capture_20260803_184626.log  (watch: tail -f logs/capture_20260803_184626.log)
proxy creds loaded from /c/Users/saiem/.Renviron (values hidden)
log -> logs/capture_20260803_184626.log  (watch: tail -f logs/capture_20260803_184626.log)
log -> logs/capture_20260803_184626.log  (watch: tail -f logs/capture_20260803_184626.log)
proxy creds loaded from /c/Users/saiem/.Renviron (values hidden)
proxy creds loaded from /c/Users/saiem/.Renviron (values hidden)
proxy creds loaded from /c/Users/saiem/.Renviron (values hidden)
proxy creds loaded from /c/Users/saiem/.Renviron (values hidden)
proxy creds loaded from /c/Users/saiem/.Renviron (values hidden)
log -> logs/capture_20260803_184626.log  (watch: tail -f logs/capture_20260803_184626.log)
log -> logs/capture_20260803_184627.log  (watch: tail -f logs/capture_20260803_184627.log)
log -> logs/capture_20260803_184627.log  (watch: tail -f logs/capture_20260803_184627.log)
log -> logs/capture_20260803_184627.log  (watch: tail -f logs/capture_20260803_184627.log)
log -> logs/capture_20260803_184627.log  (watch: tail -f logs/capture_20260803_184627.log)
log -> logs/capture_20260803_184627.log  (watch: tail -f logs/capture_20260803_184627.log)
log -> logs/capture_20260803_184627.log  (watch: tail -f logs/capture_20260803_184627.log)
pending=5947 shard=3/24 assigned=248
transport: canary vendor 'decodo_patchright'
2026-08-03 18:46:30,577 INFO vendor decodo_patchright: 50 prox(y/ies), sticky session re-minted -> session-cap1785797190w3
pending=5947 shard=6/24 assigned=248
transport: canary vendor 'decodo_patchright'
2026-08-03 18:46:31,110 INFO vendor decodo_patchright: 50 prox(y/ies), sticky session re-minted -> session-cap1785797191w6
pending=5947 shard=2/24 assigned=248
transport: canary vendor 'decodo_patchright'
2026-08-03 18:46:31,175 INFO vendor decodo_patchright: 50 prox(y/ies), sticky session re-minted -> session-cap1785797191w2
pending=5947 shard=0/24 assigned=248
transport: canary vendor 'decodo_patchright'
2026-08-03 18:46:31,836 INFO vendor decodo_patchright: 50 prox(y/ies), sticky session re-minted -> session-cap1785797191w0
pending=5947 shard=8/24 assigned=248
transport: canary vendor 'decodo_patchright'
2026-08-03 18:46:31,941 INFO vendor decodo_patchright: 50 prox(y/ies), sticky session re-minted -> session-cap1785797191w8
pending=5947 shard=1/24 assigned=248
transport: canary vendor 'decodo_patchright'
2026-08-03 18:46:32,246 INFO vendor decodo_patchright: 50 prox(y/ies), sticky session re-minted -> session-cap1785797192w1
pending=5947 shard=21/24 assigned=247
transport: canary vendor 'decodo_patchright'
pending=5947 shard=17/24 assigned=248
transport: canary vendor 'decodo_patchright'
pending=5947 shard=10/24 assigned=248
transport: canary vendor 'decodo_patchright'
pending=5947 shard=9/24 assigned=248
transport: canary vendor 'decodo_patchright'
2026-08-03 18:46:33,938 INFO vendor decodo_patchright: 50 prox(y/ies), sticky session re-minted -> session-cap1785797193w9
pending=5947 shard=23/24 assigned=247
transport: canary vendor 'decodo_patchright'
2026-08-03 18:46:33,938 INFO vendor decodo_patchright: 50 prox(y/ies), sticky session re-minted -> session-cap1785797193w23
2026-08-03 18:46:34,019 INFO vendor decodo_patchright: 50 prox(y/ies), sticky session re-minted -> session-cap1785797194w21
2026-08-03 18:46:34,029 INFO vendor decodo_patchright: 50 prox(y/ies), sticky session re-minted -> session-cap1785797194w10
2026-08-03 18:46:34,037 INFO vendor decodo_patchright: 50 prox(y/ies), sticky session re-minted -> session-cap1785797194w17
pending=5947 shard=18/24 assigned=248
transport: canary vendor 'decodo_patchright'
pending=5947 shard=4/24 assigned=248
transport: canary vendor 'decodo_patchright'
2026-08-03 18:46:34,232 INFO vendor decodo_patchright: 50 prox(y/ies), sticky session re-minted -> session-cap1785797194w18
pending=5947 shard=12/24 assigned=248
transport: canary vendor 'decodo_patchright'
2026-08-03 18:46:34,225 INFO vendor decodo_patchright: 50 prox(y/ies), sticky session re-minted -> session-cap1785797194w4
2026-08-03 18:46:34,258 INFO vendor decodo_patchright: 50 prox(y/ies), sticky session re-minted -> session-cap1785797194w12
pending=5947 shard=11/24 assigned=248
transport: canary vendor 'decodo_patchright'
2026-08-03 18:46:34,268 INFO vendor decodo_patchright: 50 prox(y/ies), sticky session re-minted -> session-cap1785797194w11
pending=5947 shard=13/24 assigned=248
transport: canary vendor 'decodo_patchright'
2026-08-03 18:46:34,320 INFO vendor decodo_patchright: 50 prox(y/ies), sticky session re-minted -> session-cap1785797194w13
pending=5947 shard=5/24 assigned=248
transport: canary vendor 'decodo_patchright'
pending=5947 shard=7/24 assigned=248
transport: canary vendor 'decodo_patchright'
2026-08-03 18:46:34,378 INFO vendor decodo_patchright: 50 prox(y/ies), sticky session re-minted -> session-cap1785797194w5
pending=5947 shard=16/24 assigned=248
transport: canary vendor 'decodo_patchright'
2026-08-03 18:46:34,404 INFO vendor decodo_patchright: 50 prox(y/ies), sticky session re-minted -> session-cap1785797194w16
2026-08-03 18:46:34,416 INFO vendor decodo_patchright: 50 prox(y/ies), sticky session re-minted -> session-cap1785797194w7
pending=5947 shard=20/24 assigned=247
transport: canary vendor 'decodo_patchright'
2026-08-03 18:46:34,442 INFO vendor decodo_patchright: 50 prox(y/ies), sticky session re-minted -> session-cap1785797194w20
pending=5947 shard=19/24 assigned=247
transport: canary vendor 'decodo_patchright'
2026-08-03 18:46:34,553 INFO vendor decodo_patchright: 50 prox(y/ies), sticky session re-minted -> session-cap1785797194w19
pending=5947 shard=22/24 assigned=247
transport: canary vendor 'decodo_patchright'
2026-08-03 18:46:34,718 INFO vendor decodo_patchright: 50 prox(y/ies), sticky session re-minted -> session-cap1785797194w22
pending=5947 shard=14/24 assigned=248
transport: canary vendor 'decodo_patchright'
2026-08-03 18:46:34,740 INFO vendor decodo_patchright: 50 prox(y/ies), sticky session re-minted -> session-cap1785797194w14
pending=5947 shard=15/24 assigned=248
transport: canary vendor 'decodo_patchright'
2026-08-03 18:46:34,809 INFO vendor decodo_patchright: 50 prox(y/ies), sticky session re-minted -> session-cap1785797194w15
2026-08-03 18:51:14,165 WARNING challenge not cleared for contest_id=717858 -- bundle not written
captured=247 skipped=0 failed=0
EXIT=0
captured=248 skipped=0 failed=0
EXIT=0
captured=248 skipped=0 failed=0
EXIT=0
captured=248 skipped=0 failed=0
EXIT=0
captured=248 skipped=0 failed=0
EXIT=0
captured=248 skipped=0 failed=0
captured=247 skipped=0 failed=0
EXIT=0
EXIT=0
captured=247 skipped=0 failed=0
EXIT=0
captured=248 skipped=0 failed=0
EXIT=0
captured=248 skipped=0 failed=0
EXIT=0
captured=247 skipped=0 failed=0
EXIT=0
captured=248 skipped=0 failed=0
EXIT=0
captured=248 skipped=0 failed=0
EXIT=0
captured=248 skipped=0 failed=0
EXIT=0
captured=248 skipped=0 failed=0
EXIT=0
captured=248 skipped=0 failed=0
EXIT=0
captured=247 skipped=0 failed=0
EXIT=0
captured=248 skipped=0 failed=0
EXIT=0
captured=248 skipped=0 failed=0
EXIT=0
captured=248 skipped=0 failed=0
EXIT=0
captured=248 skipped=0 failed=0
EXIT=0
captured=247 skipped=0 failed=1
EXIT=0
captured=248 skipped=0 failed=0
EXIT=0
captured=248 skipped=0 failed=0
EXIT=0
[21:08:05] === parse captured bundles -> mbb/json/ ===
log -> logs/parse_20260803_210805.log  (watch: tail -f logs/parse_20260803_210805.log)
043 matched, players 4860/5744 matched
parsed=248 failed=0
led=0
EXIT=0
[21:13:35] DONE: captured_bundles=76566 parsed_json=76566 (capture rc=0)
[21:13:36] next -> build the -data parquet:
[21:13:36]   cd /c/Users/saiem/Documents/GitHub-Data/sdv-dev/hoopR-dev/ncaa-mbb-hoops-raw/../ncaa-mbb-hoops-data && python -m ncaa_mbb_data_build build --dataset all --season 2014
EXIT=0
[2026-08-03 21:13:36] season 2014: chunk 1 done, 1 remaining -- cooling 300s (fresh sticky session next)
[21:18:36] NCAA MBB backfill: season=2014 workers=24
[21:18:36] watch this run:  tail -f /c/Users/saiem/Documents/GitHub-Data/sdv-dev/hoopR-dev/ncaa-mbb-hoops-raw/logs/backfill_2014_20260803_211836.log
[21:18:37] === skip discover (season 2014 already in schedule_master; delete mbb/schedule_master.parquet to force) ===
[21:18:37] === capture 2014: 24 worker(s), chunk=400 new bundles per worker ===
proxy creds loaded from /c/Users/saiem/.Renviron (values hidden)
proxy creds loaded from /c/Users/saiem/.Renviron (values hidden)
proxy creds loaded from /c/Users/saiem/.Renviron (values hidden)
proxy creds loaded from /c/Users/saiem/.Renviron (values hidden)
log -> logs/capture_20260803_211837.log  (watch: tail -f logs/capture_20260803_211837.log)
proxy creds loaded from /c/Users/saiem/.Renviron (values hidden)
proxy creds loaded from /c/Users/saiem/.Renviron (values hidden)
proxy creds loaded from /c/Users/saiem/.Renviron (values hidden)
proxy creds loaded from /c/Users/saiem/.Renviron (values hidden)
log -> logs/capture_20260803_211837.log  (watch: tail -f logs/capture_20260803_211837.log)
log -> logs/capture_20260803_211837.log  (watch: tail -f logs/capture_20260803_211837.log)
proxy creds loaded from /c/Users/saiem/.Renviron (values hidden)
log -> logs/capture_20260803_211837.log  (watch: tail -f logs/capture_20260803_211837.log)
proxy creds loaded from /c/Users/saiem/.Renviron (values hidden)
proxy creds loaded from /c/Users/saiem/.Renviron (values hidden)
log -> logs/capture_20260803_211837.log  (watch: tail -f logs/capture_20260803_211837.log)
log -> logs/capture_20260803_211837.log  (watch: tail -f logs/capture_20260803_211837.log)
proxy creds loaded from /c/Users/saiem/.Renviron (values hidden)
proxy creds loaded from /c/Users/saiem/.Renviron (values hidden)
log -> logs/capture_20260803_211837.log  (watch: tail -f logs/capture_20260803_211837.log)
log -> logs/capture_20260803_211837.log  (watch: tail -f logs/capture_20260803_211837.log)
log -> logs/capture_20260803_211837.log  (watch: tail -f logs/capture_20260803_211837.log)
log -> logs/capture_20260803_211837.log  (watch: tail -f logs/capture_20260803_211837.log)
proxy creds loaded from /c/Users/saiem/.Renviron (values hidden)
proxy creds loaded from /c/Users/saiem/.Renviron (values hidden)
log -> logs/capture_20260803_211837.log  (watch: tail -f logs/capture_20260803_211837.log)
proxy creds loaded from /c/Users/saiem/.Renviron (values hidden)
log -> logs/capture_20260803_211837.log  (watch: tail -f logs/capture_20260803_211837.log)
proxy creds loaded from /c/Users/saiem/.Renviron (values hidden)
proxy creds loaded from /c/Users/saiem/.Renviron (values hidden)
log -> logs/capture_20260803_211837.log  (watch: tail -f logs/capture_20260803_211837.log)
proxy creds loaded from /c/Users/saiem/.Renviron (values hidden)
log -> logs/capture_20260803_211837.log  (watch: tail -f logs/capture_20260803_211837.log)
log -> logs/capture_20260803_211837.log  (watch: tail -f logs/capture_20260803_211837.log)
proxy creds loaded from /c/Users/saiem/.Renviron (values hidden)
proxy creds loaded from /c/Users/saiem/.Renviron (values hidden)
log -> logs/capture_20260803_211837.log  (watch: tail -f logs/capture_20260803_211837.log)
proxy creds loaded from /c/Users/saiem/.Renviron (values hidden)
proxy creds loaded from /c/Users/saiem/.Renviron (values hidden)
log -> logs/capture_20260803_211837.log  (watch: tail -f logs/capture_20260803_211837.log)
log -> logs/capture_20260803_211837.log  (watch: tail -f logs/capture_20260803_211837.log)
proxy creds loaded from /c/Users/saiem/.Renviron (values hidden)
log -> logs/capture_20260803_211837.log  (watch: tail -f logs/capture_20260803_211837.log)
log -> logs/capture_20260803_211837.log  (watch: tail -f logs/capture_20260803_211837.log)
log -> logs/capture_20260803_211837.log  (watch: tail -f logs/capture_20260803_211837.log)
log -> logs/capture_20260803_211837.log  (watch: tail -f logs/capture_20260803_211837.log)
log -> logs/capture_20260803_211837.log  (watch: tail -f logs/capture_20260803_211837.log)
log -> logs/capture_20260803_211837.log  (watch: tail -f logs/capture_20260803_211837.log)
pending=5947 shard=8/24 assigned=248
transport: canary vendor 'decodo_patchright'
2026-08-03 21:18:41,999 INFO vendor decodo_patchright: 50 prox(y/ies), sticky session re-minted -> session-cap1785806321w8
captured=0 skipped=248 failed=0
pending=5947 shard=1/24 assigned=248
transport: canary vendor 'decodo_patchright'
2026-08-03 21:18:42,091 INFO vendor decodo_patchright: 50 prox(y/ies), sticky session re-minted -> session-cap1785806322w1
pending=5947 shard=15/24 assigned=248
transport: canary vendor 'decodo_patchright'
2026-08-03 21:18:43,206 INFO vendor decodo_patchright: 50 prox(y/ies), sticky session re-minted -> session-cap1785806323w15
captured=0 skipped=248 failed=0
pending=5947 shard=2/24 assigned=248
transport: canary vendor 'decodo_patchright'
2026-08-03 21:18:43,535 INFO vendor decodo_patchright: 50 prox(y/ies), sticky session re-minted -> session-cap1785806323w2
captured=0 skipped=248 failed=0
EXIT=0
pending=5947 shard=3/24 assigned=248
transport: canary vendor 'decodo_patchright'
pending=5947 shard=4/24 assigned=248
transport: canary vendor 'decodo_patchright'
2026-08-03 21:18:44,170 INFO vendor decodo_patchright: 50 prox(y/ies), sticky session re-minted -> session-cap1785806324w3
2026-08-03 21:18:44,172 INFO vendor decodo_patchright: 50 prox(y/ies), sticky session re-minted -> session-cap1785806324w4
captured=0 skipped=248 failed=0
captured=0 skipped=248 failed=0
EXIT=0
pending=5947 shard=0/24 assigned=248
transport: canary vendor 'decodo_patchright'
pending=5947 shard=16/24 assigned=248
transport: canary vendor 'decodo_patchright'
pending=5947 shard=22/24 assigned=247
transport: canary vendor 'decodo_patchright'
pending=5947 shard=5/24 assigned=248
transport: canary vendor 'decodo_patchright'
pending=5947 shard=21/24 assigned=247
transport: canary vendor 'decodo_patchright'
2026-08-03 21:18:45,280 INFO vendor decodo_patchright: 50 prox(y/ies), sticky session re-minted -> session-cap1785806325w0
2026-08-03 21:18:45,298 INFO vendor decodo_patchright: 50 prox(y/ies), sticky session re-minted -> session-cap1785806325w16
2026-08-03 21:18:45,297 INFO vendor decodo_patchright: 50 prox(y/ies), sticky session re-minted -> session-cap1785806325w21
2026-08-03 21:18:45,294 INFO vendor decodo_patchright: 50 prox(y/ies), sticky session re-minted -> session-cap1785806325w5
captured=0 skipped=248 failed=0
2026-08-03 21:18:45,311 INFO vendor decodo_patchright: 50 prox(y/ies), sticky session re-minted -> session-cap1785806325w22
captured=0 skipped=248 failed=0
captured=0 skipped=247 failed=0
pending=5947 shard=14/24 assigned=248
transport: canary vendor 'decodo_patchright'
2026-08-03 21:18:45,321 INFO vendor decodo_patchright: 50 prox(y/ies), sticky session re-minted -> session-cap1785806325w14
captured=0 skipped=248 failed=0
captured=0 skipped=247 failed=0
pending=5947 shard=20/24 assigned=247
transport: canary vendor 'decodo_patchright'
2026-08-03 21:18:45,388 INFO vendor decodo_patchright: 50 prox(y/ies), sticky session re-minted -> session-cap1785806325w20
captured=0 skipped=248 failed=0
EXIT=0
EXIT=0
EXIT=0
captured=0 skipped=247 failed=0
pending=5947 shard=12/24 assigned=248
transport: canary vendor 'decodo_patchright'
2026-08-03 21:18:45,510 INFO vendor decodo_patchright: 50 prox(y/ies), sticky session re-minted -> session-cap1785806325w12
captured=0 skipped=248 failed=0
pending=5947 shard=9/24 assigned=248
transport: canary vendor 'decodo_patchright'
2026-08-03 21:18:45,602 INFO vendor decodo_patchright: 50 prox(y/ies), sticky session re-minted -> session-cap1785806325w9
captured=0 skipped=248 failed=0
pending=5947 shard=19/24 assigned=247
transport: canary vendor 'decodo_patchright'
2026-08-03 21:18:45,626 INFO vendor decodo_patchright: 50 prox(y/ies), sticky session re-minted -> session-cap1785806325w19
captured=0 skipped=247 failed=0
pending=5947 shard=23/24 assigned=247
transport: canary vendor 'decodo_patchright'
pending=5947 shard=18/24 assigned=248
transport: canary vendor 'decodo_patchright'
2026-08-03 21:18:45,703 INFO vendor decodo_patchright: 50 prox(y/ies), sticky session re-minted -> session-cap1785806325w18
2026-08-03 21:18:45,695 INFO vendor decodo_patchright: 50 prox(y/ies), sticky session re-minted -> session-cap1785806325w23
captured=0 skipped=247 failed=0
pending=5947 shard=17/24 assigned=248
transport: canary vendor 'decodo_patchright'
2026-08-03 21:18:45,712 INFO vendor decodo_patchright: 50 prox(y/ies), sticky session re-minted -> session-cap1785806325w17
captured=0 skipped=248 failed=0
captured=0 skipped=248 failed=0
pending=5947 shard=7/24 assigned=248
transport: canary vendor 'decodo_patchright'
2026-08-03 21:18:45,788 INFO vendor decodo_patchright: 50 prox(y/ies), sticky session re-minted -> session-cap1785806325w7
pending=5947 shard=10/24 assigned=248
transport: canary vendor 'decodo_patchright'
captured=0 skipped=248 failed=0
2026-08-03 21:18:45,825 INFO vendor decodo_patchright: 50 prox(y/ies), sticky session re-minted -> session-cap1785806325w10
captured=0 skipped=248 failed=0
pending=5947 shard=13/24 assigned=248
transport: canary vendor 'decodo_patchright'
2026-08-03 21:18:45,899 INFO vendor decodo_patchright: 50 prox(y/ies), sticky session re-minted -> session-cap1785806325w13
captured=0 skipped=248 failed=0
pending=5947 shard=11/24 assigned=248
transport: canary vendor 'decodo_patchright'
2026-08-03 21:18:45,957 INFO vendor decodo_patchright: 50 prox(y/ies), sticky session re-minted -> session-cap1785806325w11
captured=0 skipped=248 failed=0
pending=5947 shard=6/24 assigned=248
transport: canary vendor 'decodo_patchright'
2026-08-03 21:18:46,007 INFO vendor decodo_patchright: 50 prox(y/ies), sticky session re-minted -> session-cap1785806326w6
captured=0 skipped=248 failed=0
EXIT=0
EXIT=0
EXIT=0
EXIT=0
EXIT=0
EXIT=0
EXIT=0
EXIT=0
EXIT=0
EXIT=0
EXIT=0
EXIT=0
EXIT=0
EXIT=0
EXIT=0
EXIT=0
EXIT=0
EXIT=0
2026-08-03 21:19:51,453 WARNING challenge not cleared for contest_id=717858 -- bundle not written
captured=0 skipped=247 failed=1
EXIT=0
[21:19:51] === parse captured bundles -> mbb/json/ ===
log -> logs/parse_20260803_211952.log  (watch: tail -f logs/parse_20260803_211952.log)
seasons=all bundles=76566 pending=0 force=False shard=13/24 assigned=0
parsed=0 failed=0
EXIT=0
[21:20:09] DONE: captured_bundles=76566 parsed_json=76566 (capture rc=0)
[21:20:09] next -> build the -data parquet:
[21:20:09]   cd /c/Users/saiem/Documents/GitHub-Data/sdv-dev/hoopR-dev/ncaa-mbb-hoops-raw/../ncaa-mbb-hoops-data && python -m ncaa_mbb_data_build build --dataset all --season 2014
EXIT=0
[2026-08-03 21:20:09] season 2014: round 2 captured nothing (1 left, un-capturable) -- treating as done
[2026-08-03 21:20:09] === season 2013 ===
[21:20:09] NCAA MBB backfill: season=2013 workers=24
[21:20:09] watch this run:  tail -f /c/Users/saiem/Documents/GitHub-Data/sdv-dev/hoopR-dev/ncaa-mbb-hoops-raw/logs/backfill_2013_20260803_212009.log
[21:20:10] === skip discover (season 2013 already in schedule_master; delete mbb/schedule_master.parquet to force) ===
[21:20:10] === capture 2013: 24 worker(s), chunk=400 new bundles per worker ===
proxy creds loaded from /c/Users/saiem/.Renviron (values hidden)
proxy creds loaded from /c/Users/saiem/.Renviron (values hidden)
proxy creds loaded from /c/Users/saiem/.Renviron (values hidden)
proxy creds loaded from /c/Users/saiem/.Renviron (values hidden)
proxy creds loaded from /c/Users/saiem/.Renviron (values hidden)
log -> logs/capture_20260803_212010.log  (watch: tail -f logs/capture_20260803_212010.log)
proxy creds loaded from /c/Users/saiem/.Renviron (values hidden)
log -> logs/capture_20260803_212010.log  (watch: tail -f logs/capture_20260803_212010.log)
log -> logs/capture_20260803_212010.log  (watch: tail -f logs/capture_20260803_212010.log)
proxy creds loaded from /c/Users/saiem/.Renviron (values hidden)
log -> logs/capture_20260803_212010.log  (watch: tail -f logs/capture_20260803_212010.log)
proxy creds loaded from /c/Users/saiem/.Renviron (values hidden)
log -> logs/capture_20260803_212010.log  (watch: tail -f logs/capture_20260803_212010.log)
proxy creds loaded from /c/Users/saiem/.Renviron (values hidden)
proxy creds loaded from /c/Users/saiem/.Renviron (values hidden)
proxy creds loaded from /c/Users/saiem/.Renviron (values hidden)
log -> logs/capture_20260803_212010.log  (watch: tail -f logs/capture_20260803_212010.log)
proxy creds loaded from /c/Users/saiem/.Renviron (values hidden)
proxy creds loaded from /c/Users/saiem/.Renviron (values hidden)
proxy creds loaded from /c/Users/saiem/.Renviron (values hidden)
log -> logs/capture_20260803_212010.log  (watch: tail -f logs/capture_20260803_212010.log)
proxy creds loaded from /c/Users/saiem/.Renviron (values hidden)
proxy creds loaded from /c/Users/saiem/.Renviron (values hidden)
log -> logs/capture_20260803_212010.log  (watch: tail -f logs/capture_20260803_212010.log)
log -> logs/capture_20260803_212010.log  (watch: tail -f logs/capture_20260803_212010.log)
log -> logs/capture_20260803_212010.log  (watch: tail -f logs/capture_20260803_212010.log)
log -> logs/capture_20260803_212010.log  (watch: tail -f logs/capture_20260803_212010.log)
proxy creds loaded from /c/Users/saiem/.Renviron (values hidden)
log -> logs/capture_20260803_212010.log  (watch: tail -f logs/capture_20260803_212010.log)
log -> logs/capture_20260803_212010.log  (watch: tail -f logs/capture_20260803_212010.log)
log -> logs/capture_20260803_212010.log  (watch: tail -f logs/capture_20260803_212010.log)
proxy creds loaded from /c/Users/saiem/.Renviron (values hidden)
log -> logs/capture_20260803_212010.log  (watch: tail -f logs/capture_20260803_212010.log)
proxy creds loaded from /c/Users/saiem/.Renviron (values hidden)
proxy creds loaded from /c/Users/saiem/.Renviron (values hidden)
proxy creds loaded from /c/Users/saiem/.Renviron (values hidden)
log -> logs/capture_20260803_212010.log  (watch: tail -f logs/capture_20260803_212010.log)
log -> logs/capture_20260803_212010.log  (watch: tail -f logs/capture_20260803_212010.log)
proxy creds loaded from /c/Users/saiem/.Renviron (values hidden)
proxy creds loaded from /c/Users/saiem/.Renviron (values hidden)
proxy creds loaded from /c/Users/saiem/.Renviron (values hidden)
log -> logs/capture_20260803_212010.log  (watch: tail -f logs/capture_20260803_212010.log)
log -> logs/capture_20260803_212010.log  (watch: tail -f logs/capture_20260803_212010.log)
log -> logs/capture_20260803_212010.log  (watch: tail -f logs/capture_20260803_212010.log)
log -> logs/capture_20260803_212010.log  (watch: tail -f logs/capture_20260803_212010.log)
log -> logs/capture_20260803_212010.log  (watch: tail -f logs/capture_20260803_212010.log)
log -> logs/capture_20260803_212010.log  (watch: tail -f logs/capture_20260803_212010.log)
log -> logs/capture_20260803_212011.log  (watch: tail -f logs/capture_20260803_212011.log)
pending=5814 shard=6/24 assigned=242
transport: canary vendor 'decodo_patchright'
2026-08-03 21:20:15,066 INFO vendor decodo_patchright: 50 prox(y/ies), sticky session re-minted -> session-cap1785806415w6
pending=5814 shard=0/24 assigned=243
transport: canary vendor 'decodo_patchright'
2026-08-03 21:20:15,351 INFO vendor decodo_patchright: 50 prox(y/ies), sticky session re-minted -> session-cap1785806415w0
pending=5814 shard=9/24 assigned=242
transport: canary vendor 'decodo_patchright'
2026-08-03 21:20:15,747 INFO vendor decodo_patchright: 50 prox(y/ies), sticky session re-minted -> session-cap1785806415w9
pending=5814 shard=2/24 assigned=243
transport: canary vendor 'decodo_patchright'
2026-08-03 21:20:15,732 INFO vendor decodo_patchright: 50 prox(y/ies), sticky session re-minted -> session-cap1785806415w2
pending=5814 shard=1/24 assigned=243
transport: canary vendor 'decodo_patchright'
2026-08-03 21:20:16,291 INFO vendor decodo_patchright: 50 prox(y/ies), sticky session re-minted -> session-cap1785806416w1
pending=5814 shard=10/24 assigned=242
transport: canary vendor 'decodo_patchright'
2026-08-03 21:20:16,945 INFO vendor decodo_patchright: 50 prox(y/ies), sticky session re-minted -> session-cap1785806416w10
pending=5814 shard=4/24 assigned=243
transport: canary vendor 'decodo_patchright'
2026-08-03 21:20:17,158 INFO vendor decodo_patchright: 50 prox(y/ies), sticky session re-minted -> session-cap1785806417w4
pending=5814 shard=11/24 assigned=242
transport: canary vendor 'decodo_patchright'
pending=5814 shard=22/24 assigned=242
transport: canary vendor 'decodo_patchright'
pending=5814 shard=13/24 assigned=242
transport: canary vendor 'decodo_patchright'
pending=5814 shard=23/24 assigned=242
transport: canary vendor 'decodo_patchright'
pending=5814 shard=12/24 assigned=242
transport: canary vendor 'decodo_patchright'
2026-08-03 21:20:19,270 INFO vendor decodo_patchright: 50 prox(y/ies), sticky session re-minted -> session-cap1785806419w23
pending=5814 shard=3/24 assigned=243
transport: canary vendor 'decodo_patchright'
pending=5814 shard=16/24 assigned=242
transport: canary vendor 'decodo_patchright'
pending=5814 shard=5/24 assigned=243
transport: canary vendor 'decodo_patchright'
pending=5814 shard=21/24 assigned=242
transport: canary vendor 'decodo_patchright'
2026-08-03 21:20:19,364 INFO vendor decodo_patchright: 50 prox(y/ies), sticky session re-minted -> session-cap1785806419w13
pending=5814 shard=8/24 assigned=242
transport: canary vendor 'decodo_patchright'
2026-08-03 21:20:19,368 INFO vendor decodo_patchright: 50 prox(y/ies), sticky session re-minted -> session-cap1785806419w11
2026-08-03 21:20:19,365 INFO vendor decodo_patchright: 50 prox(y/ies), sticky session re-minted -> session-cap1785806419w12
2026-08-03 21:20:19,401 INFO vendor decodo_patchright: 50 prox(y/ies), sticky session re-minted -> session-cap1785806419w21
pending=5814 shard=20/24 assigned=242
transport: canary vendor 'decodo_patchright'
pending=5814 shard=7/24 assigned=242
transport: canary vendor 'decodo_patchright'
2026-08-03 21:20:19,416 INFO vendor decodo_patchright: 50 prox(y/ies), sticky session re-minted -> session-cap1785806419w22
pending=5814 shard=19/24 assigned=242
transport: canary vendor 'decodo_patchright'
pending=5814 shard=14/24 assigned=242
transport: canary vendor 'decodo_patchright'
2026-08-03 21:20:19,447 INFO vendor decodo_patchright: 50 prox(y/ies), sticky session re-minted -> session-cap1785806419w3
2026-08-03 21:20:19,455 INFO vendor decodo_patchright: 50 prox(y/ies), sticky session re-minted -> session-cap1785806419w16
2026-08-03 21:20:19,455 INFO vendor decodo_patchright: 50 prox(y/ies), sticky session re-minted -> session-cap1785806419w7
2026-08-03 21:20:19,462 INFO vendor decodo_patchright: 50 prox(y/ies), sticky session re-minted -> session-cap1785806419w5
pending=5814 shard=18/24 assigned=242
transport: canary vendor 'decodo_patchright'
2026-08-03 21:20:19,466 INFO vendor decodo_patchright: 50 prox(y/ies), sticky session re-minted -> session-cap1785806419w19
pending=5814 shard=17/24 assigned=242
transport: canary vendor 'decodo_patchright'
2026-08-03 21:20:19,473 INFO vendor decodo_patchright: 50 prox(y/ies), sticky session re-minted -> session-cap1785806419w8
2026-08-03 21:20:19,464 INFO vendor decodo_patchright: 50 prox(y/ies), sticky session re-minted -> session-cap1785806419w20
2026-08-03 21:20:19,485 INFO vendor decodo_patchright: 50 prox(y/ies), sticky session re-minted -> session-cap1785806419w18
2026-08-03 21:20:19,496 INFO vendor decodo_patchright: 50 prox(y/ies), sticky session re-minted -> session-cap1785806419w17
2026-08-03 21:20:19,498 INFO vendor decodo_patchright: 50 prox(y/ies), sticky session re-minted -> session-cap1785806419w14
pending=5814 shard=15/24 assigned=242
transport: canary vendor 'decodo_patchright'
2026-08-03 21:20:19,639 INFO vendor decodo_patchright: 50 prox(y/ies), sticky session re-minted -> session-cap1785806419w15
2026-08-03 21:50:13,546 WARNING challenge not cleared for contest_id=739795 -- bundle not written
2026-08-03 22:20:53,209 ERROR BAN-SUSPECT: hard-stopping capture at contest_id=739967: NCAA fetch failed after rotating proxies: https://stats.ncaa.org/contests/739967/play_by_play: patchright: bm-verify not passed after 3 attempts (643-byte body)
BAN-SUSPECT: capture halted at contest_id=739967: NCAA fetch failed after rotating proxies: https://stats.ncaa.org/contests/739967/play_by_play: patchright: bm-verify not passed after 3 attempts (643-byte body)
EXIT=1
2026-08-03 22:21:16,010 WARNING challenge not cleared for contest_id=743119 -- bundle not written
2026-08-03 22:29:16,508 WARNING challenge not cleared for contest_id=743579 -- bundle not written
2026-08-03 23:01:04,012 WARNING challenge not cleared for contest_id=748387 -- bundle not written
captured=242 skipped=0 failed=0
EXIT=0
captured=242 skipped=0 failed=1
EXIT=0
captured=242 skipped=0 failed=0
EXIT=0
captured=242 skipped=0 failed=0
EXIT=0
captured=242 skipped=0 failed=0
EXIT=0
captured=242 skipped=0 failed=0
EXIT=0
captured=242 skipped=0 failed=0
EXIT=0
captured=243 skipped=0 failed=0
EXIT=0
captured=242 skipped=0 failed=0
EXIT=0
captured=242 skipped=0 failed=0
EXIT=0
captured=242 skipped=0 failed=0
EXIT=0
captured=243 skipped=0 failed=0
EXIT=0
captured=243 skipped=0 failed=0
EXIT=0
captured=242 skipped=0 failed=0
EXIT=0
captured=242 skipped=0 failed=0
EXIT=0
captured=241 skipped=0 failed=1
EXIT=0
captured=243 skipped=0 failed=0
EXIT=0
captured=242 skipped=0 failed=0
EXIT=0
captured=242 skipped=0 failed=0
EXIT=0
captured=242 skipped=0 failed=0
EXIT=0
captured=242 skipped=0 failed=0
EXIT=0
captured=241 skipped=0 failed=1
EXIT=0
captured=242 skipped=0 failed=1
EXIT=0
[23:41:29] capture stopped (rc=1) -- a ban/soft-ban hard-stop or Ctrl-C (see the capture log).
[23:41:29]   This is RESUMABLE: cool down (a ban clears in minutes-hours), then re-run this
[23:41:29]   script -- already-captured contests are skipped.
[23:41:29] === parse captured bundles -> mbb/json/ ===
log -> logs/parse_20260803_234129.log  (watch: tail -f logs/parse_20260803_234129.log)
62/6820 matched
2026-08-03 23:46:40,650 INFO ncaa_identity: contest_id=752044 teams 2009/2009 matched, players 4639/5681 matched
parsed=234 failed=0
EXIT=0
[23:46:47] DONE: captured_bundles=82191 parsed_json=82191 (capture rc=1)
[23:46:47] capture INCOMPLETE (rc=1) -- re-run this script to continue before building.
EXIT=1
[2026-08-03 23:46:47] season 2013: chunk 1 hard-stopped (rc=1), 189 remaining -- cooling 1800s
[00:16:48] NCAA MBB backfill: season=2013 workers=24
[00:16:48] watch this run:  tail -f /c/Users/saiem/Documents/GitHub-Data/sdv-dev/hoopR-dev/ncaa-mbb-hoops-raw/logs/backfill_2013_20260804_001648.log
[00:16:48] === skip discover (season 2013 already in schedule_master; delete mbb/schedule_master.parquet to force) ===
[00:16:48] === capture 2013: 24 worker(s), chunk=400 new bundles per worker ===
proxy creds loaded from /c/Users/saiem/.Renviron (values hidden)
proxy creds loaded from /c/Users/saiem/.Renviron (values hidden)
proxy creds loaded from /c/Users/saiem/.Renviron (values hidden)
proxy creds loaded from /c/Users/saiem/.Renviron (values hidden)
proxy creds loaded from /c/Users/saiem/.Renviron (values hidden)
proxy creds loaded from /c/Users/saiem/.Renviron (values hidden)
proxy creds loaded from /c/Users/saiem/.Renviron (values hidden)
proxy creds loaded from /c/Users/saiem/.Renviron (values hidden)
log -> logs/capture_20260804_001648.log  (watch: tail -f logs/capture_20260804_001648.log)
log -> logs/capture_20260804_001648.log  (watch: tail -f logs/capture_20260804_001648.log)
log -> logs/capture_20260804_001648.log  (watch: tail -f logs/capture_20260804_001648.log)
log -> logs/capture_20260804_001649.log  (watch: tail -f logs/capture_20260804_001649.log)
proxy creds loaded from /c/Users/saiem/.Renviron (values hidden)
proxy creds loaded from /c/Users/saiem/.Renviron (values hidden)
proxy creds loaded from /c/Users/saiem/.Renviron (values hidden)
proxy creds loaded from /c/Users/saiem/.Renviron (values hidden)
log -> logs/capture_20260804_001649.log  (watch: tail -f logs/capture_20260804_001649.log)
proxy creds loaded from /c/Users/saiem/.Renviron (values hidden)
log -> logs/capture_20260804_001649.log  (watch: tail -f logs/capture_20260804_001649.log)
log -> logs/capture_20260804_001649.log  (watch: tail -f logs/capture_20260804_001649.log)
proxy creds loaded from /c/Users/saiem/.Renviron (values hidden)
log -> logs/capture_20260804_001649.log  (watch: tail -f logs/capture_20260804_001649.log)
log -> logs/capture_20260804_001649.log  (watch: tail -f logs/capture_20260804_001649.log)
log -> logs/capture_20260804_001649.log  (watch: tail -f logs/capture_20260804_001649.log)
log -> logs/capture_20260804_001649.log  (watch: tail -f logs/capture_20260804_001649.log)
proxy creds loaded from /c/Users/saiem/.Renviron (values hidden)
proxy creds loaded from /c/Users/saiem/.Renviron (values hidden)
proxy creds loaded from /c/Users/saiem/.Renviron (values hidden)
log -> logs/capture_20260804_001649.log  (watch: tail -f logs/capture_20260804_001649.log)
proxy creds loaded from /c/Users/saiem/.Renviron (values hidden)
log -> logs/capture_20260804_001649.log  (watch: tail -f logs/capture_20260804_001649.log)
proxy creds loaded from /c/Users/saiem/.Renviron (values hidden)
log -> logs/capture_20260804_001649.log  (watch: tail -f logs/capture_20260804_001649.log)
proxy creds loaded from /c/Users/saiem/.Renviron (values hidden)
proxy creds loaded from /c/Users/saiem/.Renviron (values hidden)
proxy creds loaded from /c/Users/saiem/.Renviron (values hidden)
log -> logs/capture_20260804_001649.log  (watch: tail -f logs/capture_20260804_001649.log)
log -> logs/capture_20260804_001649.log  (watch: tail -f logs/capture_20260804_001649.log)
log -> logs/capture_20260804_001649.log  (watch: tail -f logs/capture_20260804_001649.log)
log -> logs/capture_20260804_001649.log  (watch: tail -f logs/capture_20260804_001649.log)
proxy creds loaded from /c/Users/saiem/.Renviron (values hidden)
log -> logs/capture_20260804_001649.log  (watch: tail -f logs/capture_20260804_001649.log)
log -> logs/capture_20260804_001649.log  (watch: tail -f logs/capture_20260804_001649.log)
proxy creds loaded from /c/Users/saiem/.Renviron (values hidden)
log -> logs/capture_20260804_001649.log  (watch: tail -f logs/capture_20260804_001649.log)
log -> logs/capture_20260804_001649.log  (watch: tail -f logs/capture_20260804_001649.log)
log -> logs/capture_20260804_001649.log  (watch: tail -f logs/capture_20260804_001649.log)
log -> logs/capture_20260804_001649.log  (watch: tail -f logs/capture_20260804_001649.log)
pending=5814 shard=1/24 assigned=243
transport: canary vendor 'decodo_patchright'
pending=5814 shard=3/24 assigned=243
transport: canary vendor 'decodo_patchright'
2026-08-04 00:16:53,052 INFO vendor decodo_patchright: 50 prox(y/ies), sticky session re-minted -> session-cap1785817013w3
pending=5814 shard=0/24 assigned=243
transport: canary vendor 'decodo_patchright'
2026-08-04 00:16:53,052 INFO vendor decodo_patchright: 50 prox(y/ies), sticky session re-minted -> session-cap1785817013w0
2026-08-04 00:16:53,052 INFO vendor decodo_patchright: 50 prox(y/ies), sticky session re-minted -> session-cap1785817013w1
captured=0 skipped=243 failed=0
captured=0 skipped=243 failed=0
captured=0 skipped=243 failed=0
pending=5814 shard=6/24 assigned=242
transport: canary vendor 'decodo_patchright'
2026-08-04 00:16:53,361 INFO vendor decodo_patchright: 50 prox(y/ies), sticky session re-minted -> session-cap1785817013w6
captured=0 skipped=242 failed=0
pending=5814 shard=4/24 assigned=243
transport: canary vendor 'decodo_patchright'
2026-08-04 00:16:54,113 INFO vendor decodo_patchright: 50 prox(y/ies), sticky session re-minted -> session-cap1785817014w4
pending=5814 shard=2/24 assigned=243
transport: canary vendor 'decodo_patchright'
2026-08-04 00:16:54,236 INFO vendor decodo_patchright: 50 prox(y/ies), sticky session re-minted -> session-cap1785817014w2
EXIT=0
captured=0 skipped=243 failed=0
EXIT=0
pending=5814 shard=9/24 assigned=242
transport: canary vendor 'decodo_patchright'
pending=5814 shard=11/24 assigned=242
transport: canary vendor 'decodo_patchright'
2026-08-04 00:16:54,511 INFO vendor decodo_patchright: 50 prox(y/ies), sticky session re-minted -> session-cap1785817014w11
captured=0 skipped=242 failed=0
pending=5814 shard=5/24 assigned=243
transport: canary vendor 'decodo_patchright'
pending=5814 shard=10/24 assigned=242
transport: canary vendor 'decodo_patchright'
pending=5814 shard=7/24 assigned=242
transport: canary vendor 'decodo_patchright'
2026-08-04 00:16:54,596 INFO vendor decodo_patchright: 50 prox(y/ies), sticky session re-minted -> session-cap1785817014w7
2026-08-04 00:16:54,620 INFO vendor decodo_patchright: 50 prox(y/ies), sticky session re-minted -> session-cap1785817014w10
captured=0 skipped=242 failed=0
captured=0 skipped=242 failed=0
2026-08-04 00:16:54,662 INFO vendor decodo_patchright: 50 prox(y/ies), sticky session re-minted -> session-cap1785817014w5
2026-08-04 00:16:54,752 INFO vendor decodo_patchright: 50 prox(y/ies), sticky session re-minted -> session-cap1785817014w9
captured=0 skipped=242 failed=0
EXIT=0
EXIT=0
pending=5814 shard=16/24 assigned=242
transport: canary vendor 'decodo_patchright'
2026-08-04 00:16:55,166 INFO vendor decodo_patchright: 50 prox(y/ies), sticky session re-minted -> session-cap1785817015w16
pending=5814 shard=8/24 assigned=242
transport: canary vendor 'decodo_patchright'
2026-08-04 00:16:55,178 INFO vendor decodo_patchright: 50 prox(y/ies), sticky session re-minted -> session-cap1785817015w8
captured=0 skipped=242 failed=0
captured=0 skipped=242 failed=0
EXIT=0
pending=5814 shard=13/24 assigned=242
transport: canary vendor 'decodo_patchright'
2026-08-04 00:16:55,209 INFO vendor decodo_patchright: 50 prox(y/ies), sticky session re-minted -> session-cap1785817015w13
pending=5814 shard=12/24 assigned=242
transport: canary vendor 'decodo_patchright'
pending=5814 shard=21/24 assigned=242
transport: canary vendor 'decodo_patchright'
2026-08-04 00:16:55,242 INFO vendor decodo_patchright: 50 prox(y/ies), sticky session re-minted -> session-cap1785817015w21
2026-08-04 00:16:55,234 INFO vendor decodo_patchright: 50 prox(y/ies), sticky session re-minted -> session-cap1785817015w12
EXIT=0
EXIT=0
captured=0 skipped=242 failed=0
captured=0 skipped=242 failed=0
pending=5814 shard=23/24 assigned=242
transport: canary vendor 'decodo_patchright'
2026-08-04 00:16:55,273 INFO vendor decodo_patchright: 50 prox(y/ies), sticky session re-minted -> session-cap1785817015w23
captured=0 skipped=242 failed=0
EXIT=0
pending=5814 shard=19/24 assigned=242
transport: canary vendor 'decodo_patchright'
pending=5814 shard=14/24 assigned=242
transport: canary vendor 'decodo_patchright'
2026-08-04 00:16:55,350 INFO vendor decodo_patchright: 50 prox(y/ies), sticky session re-minted -> session-cap1785817015w19
EXIT=0
2026-08-04 00:16:55,368 INFO vendor decodo_patchright: 50 prox(y/ies), sticky session re-minted -> session-cap1785817015w14
captured=0 skipped=242 failed=0
pending=5814 shard=22/24 assigned=242
transport: canary vendor 'decodo_patchright'
2026-08-04 00:16:55,396 INFO vendor decodo_patchright: 50 prox(y/ies), sticky session re-minted -> session-cap1785817015w22
captured=0 skipped=242 failed=0
pending=5814 shard=15/24 assigned=242
transport: canary vendor 'decodo_patchright'
2026-08-04 00:16:55,449 INFO vendor decodo_patchright: 50 prox(y/ies), sticky session re-minted -> session-cap1785817015w15
pending=5814 shard=20/24 assigned=242
transport: canary vendor 'decodo_patchright'
2026-08-04 00:16:55,496 INFO vendor decodo_patchright: 50 prox(y/ies), sticky session re-minted -> session-cap1785817015w20
captured=0 skipped=242 failed=0
pending=5814 shard=17/24 assigned=242
transport: canary vendor 'decodo_patchright'
2026-08-04 00:16:55,538 INFO vendor decodo_patchright: 50 prox(y/ies), sticky session re-minted -> session-cap1785817015w17
captured=0 skipped=242 failed=0
pending=5814 shard=18/24 assigned=242
transport: canary vendor 'decodo_patchright'
2026-08-04 00:16:55,685 INFO vendor decodo_patchright: 50 prox(y/ies), sticky session re-minted -> session-cap1785817015w18
captured=0 skipped=242 failed=0
EXIT=0
EXIT=0
EXIT=0
EXIT=0
EXIT=0
EXIT=0
EXIT=0
EXIT=0
EXIT=0
EXIT=0
2026-08-04 00:17:28,542 WARNING challenge not cleared for contest_id=748387 -- bundle not written
captured=0 skipped=241 failed=1
2026-08-04 00:17:28,956 WARNING challenge not cleared for contest_id=739795 -- bundle not written
EXIT=0
captured=0 skipped=242 failed=1
EXIT=0
2026-08-04 00:17:30,720 WARNING challenge not cleared for contest_id=743579 -- bundle not written
captured=0 skipped=242 failed=1
EXIT=0
2026-08-04 00:17:32,218 WARNING challenge not cleared for contest_id=743119 -- bundle not written
captured=0 skipped=241 failed=1
EXIT=0
2026-08-04 00:45:35,918 ERROR BAN-SUSPECT: hard-stopping capture at contest_id=739967: NCAA fetch failed after rotating proxies: https://stats.ncaa.org/contests/739967/play_by_play: patchright: bm-verify not passed after 3 attempts (412-byte body)
BAN-SUSPECT: capture halted at contest_id=739967: NCAA fetch failed after rotating proxies: https://stats.ncaa.org/contests/739967/play_by_play: patchright: bm-verify not passed after 3 attempts (412-byte body)
EXIT=1
[00:45:36] capture stopped (rc=1) -- a ban/soft-ban hard-stop or Ctrl-C (see the capture log).
[00:45:36]   This is RESUMABLE: cool down (a ban clears in minutes-hours), then re-run this
[00:45:36]   script -- already-captured contests are skipped.
[00:45:36] === parse captured bundles -> mbb/json/ ===
log -> logs/parse_20260804_004536.log  (watch: tail -f logs/parse_20260804_004536.log)
seasons=all bundles=82191 pending=0 force=False shard=0/24 assigned=0
parsed=0 failed=0

EXIT=0
[00:45:52] DONE: captured_bundles=82191 parsed_json=82191 (capture rc=1)
[00:45:52] capture INCOMPLETE (rc=1) -- re-run this script to continue before building.
EXIT=1
[2026-08-04 00:45:52] season 2013: chunk 2 hard-stopped (rc=1), 189 remaining -- cooling 1800s
[01:15:55] NCAA MBB backfill: season=2013 workers=24
[01:15:55] watch this run:  tail -f /c/Users/saiem/Documents/GitHub-Data/sdv-dev/hoopR-dev/ncaa-mbb-hoops-raw/logs/backfill_2013_20260804_011555.log
[01:15:55] === skip discover (season 2013 already in schedule_master; delete mbb/schedule_master.parquet to force) ===
[01:15:55] === capture 2013: 24 worker(s), chunk=400 new bundles per worker ===
proxy creds loaded from /c/Users/saiem/.Renviron (values hidden)
proxy creds loaded from /c/Users/saiem/.Renviron (values hidden)
log -> logs/capture_20260804_011556.log  (watch: tail -f logs/capture_20260804_011556.log)
proxy creds loaded from /c/Users/saiem/.Renviron (values hidden)
proxy creds loaded from /c/Users/saiem/.Renviron (values hidden)
proxy creds loaded from /c/Users/saiem/.Renviron (values hidden)
proxy creds loaded from /c/Users/saiem/.Renviron (values hidden)
proxy creds loaded from /c/Users/saiem/.Renviron (values hidden)
proxy creds loaded from /c/Users/saiem/.Renviron (values hidden)
proxy creds loaded from /c/Users/saiem/.Renviron (values hidden)
proxy creds loaded from /c/Users/saiem/.Renviron (values hidden)
log -> logs/capture_20260804_011556.log  (watch: tail -f logs/capture_20260804_011556.log)
log -> logs/capture_20260804_011556.log  (watch: tail -f logs/capture_20260804_011556.log)
log -> logs/capture_20260804_011556.log  (watch: tail -f logs/capture_20260804_011556.log)
log -> logs/capture_20260804_011556.log  (watch: tail -f logs/capture_20260804_011556.log)
log -> logs/capture_20260804_011556.log  (watch: tail -f logs/capture_20260804_011556.log)
proxy creds loaded from /c/Users/saiem/.Renviron (values hidden)
proxy creds loaded from /c/Users/saiem/.Renviron (values hidden)
proxy creds loaded from /c/Users/saiem/.Renviron (values hidden)
log -> logs/capture_20260804_011556.log  (watch: tail -f logs/capture_20260804_011556.log)
log -> logs/capture_20260804_011556.log  (watch: tail -f logs/capture_20260804_011556.log)
proxy creds loaded from /c/Users/saiem/.Renviron (values hidden)
proxy creds loaded from /c/Users/saiem/.Renviron (values hidden)
proxy creds loaded from /c/Users/saiem/.Renviron (values hidden)
proxy creds loaded from /c/Users/saiem/.Renviron (values hidden)
log -> logs/capture_20260804_011556.log  (watch: tail -f logs/capture_20260804_011556.log)
log -> logs/capture_20260804_011556.log  (watch: tail -f logs/capture_20260804_011556.log)
log -> logs/capture_20260804_011556.log  (watch: tail -f logs/capture_20260804_011556.log)
log -> logs/capture_20260804_011556.log  (watch: tail -f logs/capture_20260804_011556.log)
proxy creds loaded from /c/Users/saiem/.Renviron (values hidden)
log -> logs/capture_20260804_011556.log  (watch: tail -f logs/capture_20260804_011556.log)
proxy creds loaded from /c/Users/saiem/.Renviron (values hidden)
proxy creds loaded from /c/Users/saiem/.Renviron (values hidden)
proxy creds loaded from /c/Users/saiem/.Renviron (values hidden)
log -> logs/capture_20260804_011556.log  (watch: tail -f logs/capture_20260804_011556.log)
log -> logs/capture_20260804_011556.log  (watch: tail -f logs/capture_20260804_011556.log)
log -> logs/capture_20260804_011556.log  (watch: tail -f logs/capture_20260804_011556.log)
proxy creds loaded from /c/Users/saiem/.Renviron (values hidden)
proxy creds loaded from /c/Users/saiem/.Renviron (values hidden)
log -> logs/capture_20260804_011556.log  (watch: tail -f logs/capture_20260804_011556.log)
log -> logs/capture_20260804_011556.log  (watch: tail -f logs/capture_20260804_011556.log)
log -> logs/capture_20260804_011556.log  (watch: tail -f logs/capture_20260804_011556.log)
log -> logs/capture_20260804_011556.log  (watch: tail -f logs/capture_20260804_011556.log)
proxy creds loaded from /c/Users/saiem/.Renviron (values hidden)
log -> logs/capture_20260804_011556.log  (watch: tail -f logs/capture_20260804_011556.log)
log -> logs/capture_20260804_011556.log  (watch: tail -f logs/capture_20260804_011556.log)
log -> logs/capture_20260804_011556.log  (watch: tail -f logs/capture_20260804_011556.log)
log -> logs/capture_20260804_011556.log  (watch: tail -f logs/capture_20260804_011556.log)
pending=5814 shard=8/24 assigned=242
transport: canary vendor 'decodo_patchright'
2026-08-04 01:16:00,800 INFO vendor decodo_patchright: 50 prox(y/ies), sticky session re-minted -> session-cap1785820560w8
captured=0 skipped=242 failed=0
pending=5814 shard=15/24 assigned=242
transport: canary vendor 'decodo_patchright'
2026-08-04 01:16:00,892 INFO vendor decodo_patchright: 50 prox(y/ies), sticky session re-minted -> session-cap1785820560w15
pending=5814 shard=2/24 assigned=243
transport: canary vendor 'decodo_patchright'
pending=5814 shard=3/24 assigned=243
transport: canary vendor 'decodo_patchright'
2026-08-04 01:16:01,224 INFO vendor decodo_patchright: 50 prox(y/ies), sticky session re-minted -> session-cap1785820561w3
captured=0 skipped=243 failed=0
2026-08-04 01:16:01,229 INFO vendor decodo_patchright: 50 prox(y/ies), sticky session re-minted -> session-cap1785820561w2
captured=0 skipped=243 failed=0
pending=5814 shard=7/24 assigned=242
transport: canary vendor 'decodo_patchright'
2026-08-04 01:16:01,995 INFO vendor decodo_patchright: 50 prox(y/ies), sticky session re-minted -> session-cap1785820561w7
pending=5814 shard=1/24 assigned=243
transport: canary vendor 'decodo_patchright'
captured=0 skipped=242 failed=0
2026-08-04 01:16:02,019 INFO vendor decodo_patchright: 50 prox(y/ies), sticky session re-minted -> session-cap1785820562w1
captured=0 skipped=243 failed=0
pending=5814 shard=9/24 assigned=242
transport: canary vendor 'decodo_patchright'
2026-08-04 01:16:02,081 INFO vendor decodo_patchright: 50 prox(y/ies), sticky session re-minted -> session-cap1785820562w9
captured=0 skipped=242 failed=0
pending=5814 shard=5/24 assigned=243
transport: canary vendor 'decodo_patchright'
2026-08-04 01:16:02,135 INFO vendor decodo_patchright: 50 prox(y/ies), sticky session re-minted -> session-cap1785820562w5
EXIT=0
pending=5814 shard=6/24 assigned=242
transport: canary vendor 'decodo_patchright'
2026-08-04 01:16:02,386 INFO vendor decodo_patchright: 50 prox(y/ies), sticky session re-minted -> session-cap1785820562w6
captured=0 skipped=242 failed=0
pending=5814 shard=0/24 assigned=243
transport: canary vendor 'decodo_patchright'
2026-08-04 01:16:02,673 INFO vendor decodo_patchright: 50 prox(y/ies), sticky session re-minted -> session-cap1785820562w0
captured=0 skipped=243 failed=0
pending=5814 shard=4/24 assigned=243
transport: canary vendor 'decodo_patchright'
2026-08-04 01:16:03,142 INFO vendor decodo_patchright: 50 prox(y/ies), sticky session re-minted -> session-cap1785820563w4
EXIT=0
EXIT=0
EXIT=0
EXIT=0
EXIT=0
pending=5814 shard=10/24 assigned=242
transport: canary vendor 'decodo_patchright'
2026-08-04 01:16:03,352 INFO vendor decodo_patchright: 50 prox(y/ies), sticky session re-minted -> session-cap1785820563w10
captured=0 skipped=242 failed=0
pending=5814 shard=14/24 assigned=242
transport: canary vendor 'decodo_patchright'
EXIT=0
pending=5814 shard=16/24 assigned=242
transport: canary vendor 'decodo_patchright'
2026-08-04 01:16:03,401 INFO vendor decodo_patchright: 50 prox(y/ies), sticky session re-minted -> session-cap1785820563w14
2026-08-04 01:16:03,428 INFO vendor decodo_patchright: 50 prox(y/ies), sticky session re-minted -> session-cap1785820563w16
captured=0 skipped=242 failed=0
captured=0 skipped=242 failed=0
pending=5814 shard=12/24 assigned=242
transport: canary vendor 'decodo_patchright'
2026-08-04 01:16:03,481 INFO vendor decodo_patchright: 50 prox(y/ies), sticky session re-minted -> session-cap1785820563w12
captured=0 skipped=242 failed=0
EXIT=0
pending=5814 shard=13/24 assigned=242
transport: canary vendor 'decodo_patchright'
2026-08-04 01:16:03,540 INFO vendor decodo_patchright: 50 prox(y/ies), sticky session re-minted -> session-cap1785820563w13
pending=5814 shard=20/24 assigned=242
transport: canary vendor 'decodo_patchright'
2026-08-04 01:16:03,561 INFO vendor decodo_patchright: 50 prox(y/ies), sticky session re-minted -> session-cap1785820563w20
captured=0 skipped=242 failed=0
pending=5814 shard=19/24 assigned=242
transport: canary vendor 'decodo_patchright'
2026-08-04 01:16:03,683 INFO vendor decodo_patchright: 50 prox(y/ies), sticky session re-minted -> session-cap1785820563w19
pending=5814 shard=17/24 assigned=242
transport: canary vendor 'decodo_patchright'
pending=5814 shard=18/24 assigned=242
transport: canary vendor 'decodo_patchright'
pending=5814 shard=23/24 assigned=242
transport: canary vendor 'decodo_patchright'
2026-08-04 01:16:03,768 INFO vendor decodo_patchright: 50 prox(y/ies), sticky session re-minted -> session-cap1785820563w18
2026-08-04 01:16:03,763 INFO vendor decodo_patchright: 50 prox(y/ies), sticky session re-minted -> session-cap1785820563w17
2026-08-04 01:16:03,764 INFO vendor decodo_patchright: 50 prox(y/ies), sticky session re-minted -> session-cap1785820563w23
captured=0 skipped=242 failed=0
captured=0 skipped=242 failed=0
captured=0 skipped=242 failed=0
pending=5814 shard=22/24 assigned=242
transport: canary vendor 'decodo_patchright'
2026-08-04 01:16:03,920 INFO vendor decodo_patchright: 50 prox(y/ies), sticky session re-minted -> session-cap1785820563w22
captured=0 skipped=242 failed=0
pending=5814 shard=21/24 assigned=242
transport: canary vendor 'decodo_patchright'
pending=5814 shard=11/24 assigned=242
transport: canary vendor 'decodo_patchright'
2026-08-04 01:16:03,970 INFO vendor decodo_patchright: 50 prox(y/ies), sticky session re-minted -> session-cap1785820563w11
2026-08-04 01:16:03,975 INFO vendor decodo_patchright: 50 prox(y/ies), sticky session re-minted -> session-cap1785820563w21
captured=0 skipped=242 failed=0
captured=0 skipped=242 failed=0
EXIT=0
EXIT=0
EXIT=0
EXIT=0
EXIT=0
EXIT=0
EXIT=0
EXIT=0
EXIT=0
EXIT=0
EXIT=0
2026-08-04 01:16:36,904 WARNING challenge not cleared for contest_id=739795 -- bundle not written
captured=0 skipped=242 failed=1
EXIT=0
2026-08-04 01:16:37,365 WARNING challenge not cleared for contest_id=743119 -- bundle not written
captured=0 skipped=241 failed=1
EXIT=0
2026-08-04 01:16:42,152 WARNING challenge not cleared for contest_id=748387 -- bundle not written
captured=0 skipped=241 failed=1
EXIT=0
2026-08-04 01:17:27,780 WARNING challenge not cleared for contest_id=743579 -- bundle not written
captured=0 skipped=242 failed=1
EXIT=0
2026-08-04 01:43:55,132 ERROR BAN-SUSPECT: hard-stopping capture at contest_id=739967: NCAA fetch failed after rotating proxies: https://stats.ncaa.org/contests/739967/play_by_play: patchright: bm-verify not passed after 3 attempts (643-byte body)
BAN-SUSPECT: capture halted at contest_id=739967: NCAA fetch failed after rotating proxies: https://stats.ncaa.org/contests/739967/play_by_play: patchright: bm-verify not passed after 3 attempts (643-byte body)
EXIT=1
[01:43:55] capture stopped (rc=1) -- a ban/soft-ban hard-stop or Ctrl-C (see the capture log).
[01:43:55]   This is RESUMABLE: cool down (a ban clears in minutes-hours), then re-run this
[01:43:55]   script -- already-captured contests are skipped.
[01:43:55] === parse captured bundles -> mbb/json/ ===
log -> logs/parse_20260804_014355.log  (watch: tail -f logs/parse_20260804_014355.log)
seasons=all bundles=82191 pending=0 force=False shard=10/24 assigned=0
parsed=0 failed=0
EXIT=0
[01:44:10] DONE: captured_bundles=82191 parsed_json=82191 (capture rc=1)
[01:44:10] capture INCOMPLETE (rc=1) -- re-run this script to continue before building.
EXIT=1
[2026-08-04 01:44:11] season 2013: chunk 3 hard-stopped (rc=1), 189 remaining -- cooling 1800s
[02:14:11] NCAA MBB backfill: season=2013 workers=24
[02:14:11] watch this run:  tail -f /c/Users/saiem/Documents/GitHub-Data/sdv-dev/hoopR-dev/ncaa-mbb-hoops-raw/logs/backfill_2013_20260804_021411.log
[02:14:11] === skip discover (season 2013 already in schedule_master; delete mbb/schedule_master.parquet to force) ===
[02:14:11] === capture 2013: 24 worker(s), chunk=400 new bundles per worker ===
proxy creds loaded from /c/Users/saiem/.Renviron (values hidden)
proxy creds loaded from /c/Users/saiem/.Renviron (values hidden)
proxy creds loaded from /c/Users/saiem/.Renviron (values hidden)
proxy creds loaded from /c/Users/saiem/.Renviron (values hidden)
proxy creds loaded from /c/Users/saiem/.Renviron (values hidden)
log -> logs/capture_20260804_021412.log  (watch: tail -f logs/capture_20260804_021412.log)
proxy creds loaded from /c/Users/saiem/.Renviron (values hidden)
proxy creds loaded from /c/Users/saiem/.Renviron (values hidden)
log -> logs/capture_20260804_021412.log  (watch: tail -f logs/capture_20260804_021412.log)
log -> logs/capture_20260804_021412.log  (watch: tail -f logs/capture_20260804_021412.log)
log -> logs/capture_20260804_021412.log  (watch: tail -f logs/capture_20260804_021412.log)
proxy creds loaded from /c/Users/saiem/.Renviron (values hidden)
proxy creds loaded from /c/Users/saiem/.Renviron (values hidden)
log -> logs/capture_20260804_021412.log  (watch: tail -f logs/capture_20260804_021412.log)
log -> logs/capture_20260804_021412.log  (watch: tail -f logs/capture_20260804_021412.log)
proxy creds loaded from /c/Users/saiem/.Renviron (values hidden)
proxy creds loaded from /c/Users/saiem/.Renviron (values hidden)
log -> logs/capture_20260804_021412.log  (watch: tail -f logs/capture_20260804_021412.log)
proxy creds loaded from /c/Users/saiem/.Renviron (values hidden)
proxy creds loaded from /c/Users/saiem/.Renviron (values hidden)
log -> logs/capture_20260804_021412.log  (watch: tail -f logs/capture_20260804_021412.log)
proxy creds loaded from /c/Users/saiem/.Renviron (values hidden)
log -> logs/capture_20260804_021412.log  (watch: tail -f logs/capture_20260804_021412.log)
proxy creds loaded from /c/Users/saiem/.Renviron (values hidden)
proxy creds loaded from /c/Users/saiem/.Renviron (values hidden)
log -> logs/capture_20260804_021412.log  (watch: tail -f logs/capture_20260804_021412.log)
proxy creds loaded from /c/Users/saiem/.Renviron (values hidden)
proxy creds loaded from /c/Users/saiem/.Renviron (values hidden)
log -> logs/capture_20260804_021412.log  (watch: tail -f logs/capture_20260804_021412.log)
proxy creds loaded from /c/Users/saiem/.Renviron (values hidden)
log -> logs/capture_20260804_021412.log  (watch: tail -f logs/capture_20260804_021412.log)
log -> logs/capture_20260804_021412.log  (watch: tail -f logs/capture_20260804_021412.log)
proxy creds loaded from /c/Users/saiem/.Renviron (values hidden)
log -> logs/capture_20260804_021412.log  (watch: tail -f logs/capture_20260804_021412.log)
log -> logs/capture_20260804_021412.log  (watch: tail -f logs/capture_20260804_021412.log)
proxy creds loaded from /c/Users/saiem/.Renviron (values hidden)
proxy creds loaded from /c/Users/saiem/.Renviron (values hidden)
log -> logs/capture_20260804_021412.log  (watch: tail -f logs/capture_20260804_021412.log)
log -> logs/capture_20260804_021412.log  (watch: tail -f logs/capture_20260804_021412.log)
log -> logs/capture_20260804_021412.log  (watch: tail -f logs/capture_20260804_021412.log)
proxy creds loaded from /c/Users/saiem/.Renviron (values hidden)
proxy creds loaded from /c/Users/saiem/.Renviron (values hidden)
log -> logs/capture_20260804_021412.log  (watch: tail -f logs/capture_20260804_021412.log)
log -> logs/capture_20260804_021412.log  (watch: tail -f logs/capture_20260804_021412.log)
log -> logs/capture_20260804_021412.log  (watch: tail -f logs/capture_20260804_021412.log)
log -> logs/capture_20260804_021412.log  (watch: tail -f logs/capture_20260804_021412.log)
log -> logs/capture_20260804_021412.log  (watch: tail -f logs/capture_20260804_021412.log)
log -> logs/capture_20260804_021412.log  (watch: tail -f logs/capture_20260804_021412.log)
pending=5814 shard=17/24 assigned=242
transport: canary vendor 'decodo_patchright'
2026-08-04 02:14:17,033 INFO vendor decodo_patchright: 50 prox(y/ies), sticky session re-minted -> session-cap1785824057w17
captured=0 skipped=242 failed=0
pending=5814 shard=8/24 assigned=242
transport: canary vendor 'decodo_patchright'
2026-08-04 02:14:17,115 INFO vendor decodo_patchright: 50 prox(y/ies), sticky session re-minted -> session-cap1785824057w8
captured=0 skipped=242 failed=0
pending=5814 shard=12/24 assigned=242
transport: canary vendor 'decodo_patchright'
2026-08-04 02:14:17,173 INFO vendor decodo_patchright: 50 prox(y/ies), sticky session re-minted -> session-cap1785824057w12
captured=0 skipped=242 failed=0
pending=5814 shard=20/24 assigned=242
transport: canary vendor 'decodo_patchright'
2026-08-04 02:14:17,423 INFO vendor decodo_patchright: 50 prox(y/ies), sticky session re-minted -> session-cap1785824057w20
captured=0 skipped=242 failed=0
pending=5814 shard=7/24 assigned=242
transport: canary vendor 'decodo_patchright'
pending=5814 shard=11/24 assigned=242
transport: canary vendor 'decodo_patchright'
2026-08-04 02:14:17,721 INFO vendor decodo_patchright: 50 prox(y/ies), sticky session re-minted -> session-cap1785824057w11
captured=0 skipped=242 failed=0
2026-08-04 02:14:17,718 INFO vendor decodo_patchright: 50 prox(y/ies), sticky session re-minted -> session-cap1785824057w7
captured=0 skipped=242 failed=0
EXIT=0
pending=5814 shard=5/24 assigned=243
transport: canary vendor 'decodo_patchright'
2026-08-04 02:14:18,396 INFO vendor decodo_patchright: 50 prox(y/ies), sticky session re-minted -> session-cap1785824058w5
EXIT=0
EXIT=0
EXIT=0
pending=5814 shard=9/24 assigned=242
transport: canary vendor 'decodo_patchright'
2026-08-04 02:14:18,635 INFO vendor decodo_patchright: 50 prox(y/ies), sticky session re-minted -> session-cap1785824058w9
captured=0 skipped=242 failed=0
EXIT=0
pending=5814 shard=6/24 assigned=242
transport: canary vendor 'decodo_patchright'
pending=5814 shard=21/24 assigned=242
transport: canary vendor 'decodo_patchright'
2026-08-04 02:14:18,881 INFO vendor decodo_patchright: 50 prox(y/ies), sticky session re-minted -> session-cap1785824058w21
captured=0 skipped=242 failed=0
2026-08-04 02:14:18,916 INFO vendor decodo_patchright: 50 prox(y/ies), sticky session re-minted -> session-cap1785824058w6
captured=0 skipped=242 failed=0
pending=5814 shard=10/24 assigned=242
transport: canary vendor 'decodo_patchright'
pending=5814 shard=0/24 assigned=243
transport: canary vendor 'decodo_patchright'
2026-08-04 02:14:18,943 INFO vendor decodo_patchright: 50 prox(y/ies), sticky session re-minted -> session-cap1785824058w0
2026-08-04 02:14:18,944 INFO vendor decodo_patchright: 50 prox(y/ies), sticky session re-minted -> session-cap1785824058w10
captured=0 skipped=242 failed=0
captured=0 skipped=243 failed=0
pending=5814 shard=14/24 assigned=242
transport: canary vendor 'decodo_patchright'
2026-08-04 02:14:18,973 INFO vendor decodo_patchright: 50 prox(y/ies), sticky session re-minted -> session-cap1785824058w14
captured=0 skipped=242 failed=0
EXIT=0
pending=5814 shard=23/24 assigned=242
transport: canary vendor 'decodo_patchright'
2026-08-04 02:14:19,050 INFO vendor decodo_patchright: 50 prox(y/ies), sticky session re-minted -> session-cap1785824059w23
pending=5814 shard=18/24 assigned=242
transport: canary vendor 'decodo_patchright'
2026-08-04 02:14:19,056 INFO vendor decodo_patchright: 50 prox(y/ies), sticky session re-minted -> session-cap1785824059w18
pending=5814 shard=3/24 assigned=243
transport: canary vendor 'decodo_patchright'
captured=0 skipped=242 failed=0
2026-08-04 02:14:19,073 INFO vendor decodo_patchright: 50 prox(y/ies), sticky session re-minted -> session-cap1785824059w3
captured=0 skipped=243 failed=0
captured=0 skipped=242 failed=0
pending=5814 shard=2/24 assigned=243
transport: canary vendor 'decodo_patchright'
2026-08-04 02:14:19,119 INFO vendor decodo_patchright: 50 prox(y/ies), sticky session re-minted -> session-cap1785824059w2
captured=0 skipped=243 failed=0
pending=5814 shard=1/24 assigned=243
transport: canary vendor 'decodo_patchright'
pending=5814 shard=22/24 assigned=242
transport: canary vendor 'decodo_patchright'
2026-08-04 02:14:19,174 INFO vendor decodo_patchright: 50 prox(y/ies), sticky session re-minted -> session-cap1785824059w22
2026-08-04 02:14:19,179 INFO vendor decodo_patchright: 50 prox(y/ies), sticky session re-minted -> session-cap1785824059w1
captured=0 skipped=243 failed=0
captured=0 skipped=242 failed=0
pending=5814 shard=13/24 assigned=242
transport: canary vendor 'decodo_patchright'
2026-08-04 02:14:19,217 INFO vendor decodo_patchright: 50 prox(y/ies), sticky session re-minted -> session-cap1785824059w13
EXIT=0
pending=5814 shard=4/24 assigned=243
transport: canary vendor 'decodo_patchright'
2026-08-04 02:14:19,319 INFO vendor decodo_patchright: 50 prox(y/ies), sticky session re-minted -> session-cap1785824059w4
pending=5814 shard=16/24 assigned=242
transport: canary vendor 'decodo_patchright'
pending=5814 shard=19/24 assigned=242
transport: canary vendor 'decodo_patchright'
2026-08-04 02:14:19,351 INFO vendor decodo_patchright: 50 prox(y/ies), sticky session re-minted -> session-cap1785824059w19
2026-08-04 02:14:19,358 INFO vendor decodo_patchright: 50 prox(y/ies), sticky session re-minted -> session-cap1785824059w16
pending=5814 shard=15/24 assigned=242
transport: canary vendor 'decodo_patchright'
captured=0 skipped=242 failed=0
2026-08-04 02:14:19,392 INFO vendor decodo_patchright: 50 prox(y/ies), sticky session re-minted -> session-cap1785824059w15
EXIT=0
EXIT=0
EXIT=0
EXIT=0
EXIT=0
EXIT=0
EXIT=0
EXIT=0
EXIT=0
EXIT=0
EXIT=0
EXIT=0
2026-08-04 02:14:53,754 WARNING challenge not cleared for contest_id=748387 -- bundle not written
2026-08-04 02:14:53,838 WARNING challenge not cleared for contest_id=743579 -- bundle not written
captured=0 skipped=241 failed=1
captured=0 skipped=242 failed=1
EXIT=0
EXIT=0
2026-08-04 02:14:58,532 WARNING challenge not cleared for contest_id=743119 -- bundle not written
captured=0 skipped=241 failed=1
EXIT=0
2026-08-04 02:15:48,380 WARNING challenge not cleared for contest_id=739795 -- bundle not written
captured=0 skipped=242 failed=1
EXIT=0
2026-08-04 02:42:04,083 ERROR BAN-SUSPECT: hard-stopping capture at contest_id=739967: NCAA fetch failed after rotating proxies: https://stats.ncaa.org/contests/739967/play_by_play: patchright: bm-verify not passed after 3 attempts (643-byte body)
BAN-SUSPECT: capture halted at contest_id=739967: NCAA fetch failed after rotating proxies: https://stats.ncaa.org/contests/739967/play_by_play: patchright: bm-verify not passed after 3 attempts (643-byte body)
EXIT=1
[02:42:04] capture stopped (rc=1) -- a ban/soft-ban hard-stop or Ctrl-C (see the capture log).
[02:42:04]   This is RESUMABLE: cool down (a ban clears in minutes-hours), then re-run this
[02:42:04]   script -- already-captured contests are skipped.
[02:42:04] === parse captured bundles -> mbb/json/ ===
log -> logs/parse_20260804_024204.log  (watch: tail -f logs/parse_20260804_024204.log)
seasons=all bundles=82191 pending=0 force=False shard=18/24 assigned=0
parsed=0 failed=0
EXIT=0
[02:42:21] DONE: captured_bundles=82191 parsed_json=82191 (capture rc=1)
[02:42:21] capture INCOMPLETE (rc=1) -- re-run this script to continue before building.
EXIT=1
[2026-08-04 02:42:21] season 2013: chunk 4 hard-stopped (rc=1), 189 remaining -- cooling 1800s
[03:12:21] NCAA MBB backfill: season=2013 workers=24
[03:12:21] watch this run:  tail -f /c/Users/saiem/Documents/GitHub-Data/sdv-dev/hoopR-dev/ncaa-mbb-hoops-raw/logs/backfill_2013_20260804_031221.log
[03:12:22] === skip discover (season 2013 already in schedule_master; delete mbb/schedule_master.parquet to force) ===
[03:12:22] === capture 2013: 24 worker(s), chunk=400 new bundles per worker ===
proxy creds loaded from /c/Users/saiem/.Renviron (values hidden)
proxy creds loaded from /c/Users/saiem/.Renviron (values hidden)
proxy creds loaded from /c/Users/saiem/.Renviron (values hidden)
proxy creds loaded from /c/Users/saiem/.Renviron (values hidden)
proxy creds loaded from /c/Users/saiem/.Renviron (values hidden)
proxy creds loaded from /c/Users/saiem/.Renviron (values hidden)
proxy creds loaded from /c/Users/saiem/.Renviron (values hidden)
log -> logs/capture_20260804_031222.log  (watch: tail -f logs/capture_20260804_031222.log)
log -> logs/capture_20260804_031222.log  (watch: tail -f logs/capture_20260804_031222.log)
log -> logs/capture_20260804_031222.log  (watch: tail -f logs/capture_20260804_031222.log)
log -> logs/capture_20260804_031222.log  (watch: tail -f logs/capture_20260804_031222.log)
proxy creds loaded from /c/Users/saiem/.Renviron (values hidden)
log -> logs/capture_20260804_031222.log  (watch: tail -f logs/capture_20260804_031222.log)
proxy creds loaded from /c/Users/saiem/.Renviron (values hidden)
proxy creds loaded from /c/Users/saiem/.Renviron (values hidden)
proxy creds loaded from /c/Users/saiem/.Renviron (values hidden)
log -> logs/capture_20260804_031222.log  (watch: tail -f logs/capture_20260804_031222.log)
log -> logs/capture_20260804_031222.log  (watch: tail -f logs/capture_20260804_031222.log)
proxy creds loaded from /c/Users/saiem/.Renviron (values hidden)
proxy creds loaded from /c/Users/saiem/.Renviron (values hidden)
log -> logs/capture_20260804_031222.log  (watch: tail -f logs/capture_20260804_031222.log)
proxy creds loaded from /c/Users/saiem/.Renviron (values hidden)
log -> logs/capture_20260804_031222.log  (watch: tail -f logs/capture_20260804_031222.log)
log -> logs/capture_20260804_031222.log  (watch: tail -f logs/capture_20260804_031222.log)
proxy creds loaded from /c/Users/saiem/.Renviron (values hidden)
log -> logs/capture_20260804_031222.log  (watch: tail -f logs/capture_20260804_031222.log)
proxy creds loaded from /c/Users/saiem/.Renviron (values hidden)
proxy creds loaded from /c/Users/saiem/.Renviron (values hidden)
log -> logs/capture_20260804_031222.log  (watch: tail -f logs/capture_20260804_031222.log)
log -> logs/capture_20260804_031222.log  (watch: tail -f logs/capture_20260804_031222.log)
proxy creds loaded from /c/Users/saiem/.Renviron (values hidden)
log -> logs/capture_20260804_031222.log  (watch: tail -f logs/capture_20260804_031222.log)
proxy creds loaded from /c/Users/saiem/.Renviron (values hidden)
proxy creds loaded from /c/Users/saiem/.Renviron (values hidden)
proxy creds loaded from /c/Users/saiem/.Renviron (values hidden)
log -> logs/capture_20260804_031222.log  (watch: tail -f logs/capture_20260804_031222.log)
proxy creds loaded from /c/Users/saiem/.Renviron (values hidden)
log -> logs/capture_20260804_031222.log  (watch: tail -f logs/capture_20260804_031222.log)
proxy creds loaded from /c/Users/saiem/.Renviron (values hidden)
log -> logs/capture_20260804_031222.log  (watch: tail -f logs/capture_20260804_031222.log)
log -> logs/capture_20260804_031222.log  (watch: tail -f logs/capture_20260804_031222.log)
proxy creds loaded from /c/Users/saiem/.Renviron (values hidden)
log -> logs/capture_20260804_031222.log  (watch: tail -f logs/capture_20260804_031222.log)
log -> logs/capture_20260804_031222.log  (watch: tail -f logs/capture_20260804_031222.log)
log -> logs/capture_20260804_031222.log  (watch: tail -f logs/capture_20260804_031222.log)
log -> logs/capture_20260804_031222.log  (watch: tail -f logs/capture_20260804_031222.log)
log -> logs/capture_20260804_031222.log  (watch: tail -f logs/capture_20260804_031222.log)
log -> logs/capture_20260804_031222.log  (watch: tail -f logs/capture_20260804_031222.log)
pending=5814 shard=7/24 assigned=242
transport: canary vendor 'decodo_patchright'
2026-08-04 03:12:27,430 INFO vendor decodo_patchright: 50 prox(y/ies), sticky session re-minted -> session-cap1785827547w7
captured=0 skipped=242 failed=0
pending=5814 shard=0/24 assigned=243
transport: canary vendor 'decodo_patchright'
2026-08-04 03:12:27,838 INFO vendor decodo_patchright: 50 prox(y/ies), sticky session re-minted -> session-cap1785827547w0
captured=0 skipped=243 failed=0
pending=5814 shard=13/24 assigned=242
transport: canary vendor 'decodo_patchright'
2026-08-04 03:12:28,138 INFO vendor decodo_patchright: 50 prox(y/ies), sticky session re-minted -> session-cap1785827548w13
pending=5814 shard=4/24 assigned=243
transport: canary vendor 'decodo_patchright'
2026-08-04 03:12:28,170 INFO vendor decodo_patchright: 50 prox(y/ies), sticky session re-minted -> session-cap1785827548w4
EXIT=0
pending=5814 shard=3/24 assigned=243
transport: canary vendor 'decodo_patchright'
2026-08-04 03:12:28,927 INFO vendor decodo_patchright: 50 prox(y/ies), sticky session re-minted -> session-cap1785827548w3
captured=0 skipped=243 failed=0
pending=5814 shard=6/24 assigned=242
transport: canary vendor 'decodo_patchright'
2026-08-04 03:12:29,095 INFO vendor decodo_patchright: 50 prox(y/ies), sticky session re-minted -> session-cap1785827549w6
captured=0 skipped=242 failed=0
pending=5814 shard=5/24 assigned=243
transport: canary vendor 'decodo_patchright'
2026-08-04 03:12:29,190 INFO vendor decodo_patchright: 50 prox(y/ies), sticky session re-minted -> session-cap1785827549w5
pending=5814 shard=18/24 assigned=242
transport: canary vendor 'decodo_patchright'
2026-08-04 03:12:29,227 INFO vendor decodo_patchright: 50 prox(y/ies), sticky session re-minted -> session-cap1785827549w18
pending=5814 shard=16/24 assigned=242
transport: canary vendor 'decodo_patchright'
captured=0 skipped=242 failed=0
2026-08-04 03:12:29,288 INFO vendor decodo_patchright: 50 prox(y/ies), sticky session re-minted -> session-cap1785827549w16
captured=0 skipped=242 failed=0
pending=5814 shard=12/24 assigned=242
transport: canary vendor 'decodo_patchright'
2026-08-04 03:12:29,389 INFO vendor decodo_patchright: 50 prox(y/ies), sticky session re-minted -> session-cap1785827549w12
pending=5814 shard=11/24 assigned=242
transport: canary vendor 'decodo_patchright'
2026-08-04 03:12:29,411 INFO vendor decodo_patchright: 50 prox(y/ies), sticky session re-minted -> session-cap1785827549w11
captured=0 skipped=242 failed=0
captured=0 skipped=242 failed=0
pending=5814 shard=20/24 assigned=242
transport: canary vendor 'decodo_patchright'
2026-08-04 03:12:29,539 INFO vendor decodo_patchright: 50 prox(y/ies), sticky session re-minted -> session-cap1785827549w20
captured=0 skipped=242 failed=0
pending=5814 shard=14/24 assigned=242
transport: canary vendor 'decodo_patchright'
2026-08-04 03:12:29,648 INFO vendor decodo_patchright: 50 prox(y/ies), sticky session re-minted -> session-cap1785827549w14
captured=0 skipped=242 failed=0
pending=5814 shard=2/24 assigned=243
transport: canary vendor 'decodo_patchright'
2026-08-04 03:12:29,702 INFO vendor decodo_patchright: 50 prox(y/ies), sticky session re-minted -> session-cap1785827549w2
pending=5814 shard=8/24 assigned=242
transport: canary vendor 'decodo_patchright'
2026-08-04 03:12:29,717 INFO vendor decodo_patchright: 50 prox(y/ies), sticky session re-minted -> session-cap1785827549w8
captured=0 skipped=243 failed=0
pending=5814 shard=23/24 assigned=242
transport: canary vendor 'decodo_patchright'
2026-08-04 03:12:29,740 INFO vendor decodo_patchright: 50 prox(y/ies), sticky session re-minted -> session-cap1785827549w23
captured=0 skipped=242 failed=0
captured=0 skipped=242 failed=0
pending=5814 shard=9/24 assigned=242
transport: canary vendor 'decodo_patchright'
pending=5814 shard=22/24 assigned=242
transport: canary vendor 'decodo_patchright'
2026-08-04 03:12:29,809 INFO vendor decodo_patchright: 50 prox(y/ies), sticky session re-minted -> session-cap1785827549w22
2026-08-04 03:12:29,806 INFO vendor decodo_patchright: 50 prox(y/ies), sticky session re-minted -> session-cap1785827549w9
captured=0 skipped=242 failed=0
captured=0 skipped=242 failed=0
pending=5814 shard=21/24 assigned=242
transport: canary vendor 'decodo_patchright'
pending=5814 shard=1/24 assigned=243
transport: canary vendor 'decodo_patchright'
EXIT=0
2026-08-04 03:12:29,894 INFO vendor decodo_patchright: 50 prox(y/ies), sticky session re-minted -> session-cap1785827549w1
pending=5814 shard=15/24 assigned=242
transport: canary vendor 'decodo_patchright'
pending=5814 shard=10/24 assigned=242
transport: canary vendor 'decodo_patchright'
2026-08-04 03:12:29,903 INFO vendor decodo_patchright: 50 prox(y/ies), sticky session re-minted -> session-cap1785827549w15
captured=0 skipped=243 failed=0
2026-08-04 03:12:29,908 INFO vendor decodo_patchright: 50 prox(y/ies), sticky session re-minted -> session-cap1785827549w21
2026-08-04 03:12:29,906 INFO vendor decodo_patchright: 50 prox(y/ies), sticky session re-minted -> session-cap1785827549w10
EXIT=0
captured=0 skipped=242 failed=0
captured=0 skipped=242 failed=0
pending=5814 shard=19/24 assigned=242
transport: canary vendor 'decodo_patchright'
2026-08-04 03:12:29,994 INFO vendor decodo_patchright: 50 prox(y/ies), sticky session re-minted -> session-cap1785827549w19
pending=5814 shard=17/24 assigned=242
transport: canary vendor 'decodo_patchright'
2026-08-04 03:12:30,013 INFO vendor decodo_patchright: 50 prox(y/ies), sticky session re-minted -> session-cap1785827550w17
captured=0 skipped=242 failed=0
EXIT=0
EXIT=0
EXIT=0
EXIT=0
EXIT=0
EXIT=0
EXIT=0
EXIT=0
EXIT=0
EXIT=0
EXIT=0
EXIT=0
EXIT=0
EXIT=0
EXIT=0
EXIT=0
2026-08-04 03:13:03,835 WARNING challenge not cleared for contest_id=739795 -- bundle not written
captured=0 skipped=242 failed=1
EXIT=0
2026-08-04 03:13:04,337 WARNING challenge not cleared for contest_id=748387 -- bundle not written
captured=0 skipped=241 failed=1
EXIT=0
2026-08-04 03:13:05,564 WARNING challenge not cleared for contest_id=743579 -- bundle not written
captured=0 skipped=242 failed=1
EXIT=0
2026-08-04 03:13:12,745 WARNING challenge not cleared for contest_id=743119 -- bundle not written
captured=0 skipped=241 failed=1
EXIT=0
2026-08-04 03:40:12,321 ERROR BAN-SUSPECT: hard-stopping capture at contest_id=739967: NCAA fetch failed after rotating proxies: https://stats.ncaa.org/contests/739967/play_by_play: patchright: bm-verify not passed after 3 attempts (643-byte body)
BAN-SUSPECT: capture halted at contest_id=739967: NCAA fetch failed after rotating proxies: https://stats.ncaa.org/contests/739967/play_by_play: patchright: bm-verify not passed after 3 attempts (643-byte body)
EXIT=1
[03:40:12] capture stopped (rc=1) -- a ban/soft-ban hard-stop or Ctrl-C (see the capture log).
[03:40:12]   This is RESUMABLE: cool down (a ban clears in minutes-hours), then re-run this
[03:40:12]   script -- already-captured contests are skipped.
[03:40:12] === parse captured bundles -> mbb/json/ ===
log -> logs/parse_20260804_034012.log  (watch: tail -f logs/parse_20260804_034012.log)
seasons=all bundles=82191 pending=0 force=False shard=22/24 assigned=0
parsed=0 failed=0
EXIT=0
[03:40:28] DONE: captured_bundles=82191 parsed_json=82191 (capture rc=1)
[03:40:28] capture INCOMPLETE (rc=1) -- re-run this script to continue before building.
EXIT=1
[2026-08-04 03:40:28] season 2013: chunk 5 hard-stopped (rc=1), 189 remaining -- cooling 1800s
[04:10:29] NCAA MBB backfill: season=2013 workers=24
[04:10:29] watch this run:  tail -f /c/Users/saiem/Documents/GitHub-Data/sdv-dev/hoopR-dev/ncaa-mbb-hoops-raw/logs/backfill_2013_20260804_041029.log
[04:10:29] === skip discover (season 2013 already in schedule_master; delete mbb/schedule_master.parquet to force) ===
[04:10:29] === capture 2013: 24 worker(s), chunk=400 new bundles per worker ===
proxy creds loaded from /c/Users/saiem/.Renviron (values hidden)
proxy creds loaded from /c/Users/saiem/.Renviron (values hidden)
proxy creds loaded from /c/Users/saiem/.Renviron (values hidden)
log -> logs/capture_20260804_041029.log  (watch: tail -f logs/capture_20260804_041029.log)
proxy creds loaded from /c/Users/saiem/.Renviron (values hidden)
proxy creds loaded from /c/Users/saiem/.Renviron (values hidden)
proxy creds loaded from /c/Users/saiem/.Renviron (values hidden)
proxy creds loaded from /c/Users/saiem/.Renviron (values hidden)
proxy creds loaded from /c/Users/saiem/.Renviron (values hidden)
log -> logs/capture_20260804_041029.log  (watch: tail -f logs/capture_20260804_041029.log)
proxy creds loaded from /c/Users/saiem/.Renviron (values hidden)
proxy creds loaded from /c/Users/saiem/.Renviron (values hidden)
log -> logs/capture_20260804_041029.log  (watch: tail -f logs/capture_20260804_041029.log)
log -> logs/capture_20260804_041029.log  (watch: tail -f logs/capture_20260804_041029.log)
log -> logs/capture_20260804_041029.log  (watch: tail -f logs/capture_20260804_041029.log)
log -> logs/capture_20260804_041029.log  (watch: tail -f logs/capture_20260804_041029.log)
log -> logs/capture_20260804_041029.log  (watch: tail -f logs/capture_20260804_041029.log)
proxy creds loaded from /c/Users/saiem/.Renviron (values hidden)
log -> logs/capture_20260804_041029.log  (watch: tail -f logs/capture_20260804_041029.log)
log -> logs/capture_20260804_041030.log  (watch: tail -f logs/capture_20260804_041030.log)
proxy creds loaded from /c/Users/saiem/.Renviron (values hidden)
proxy creds loaded from /c/Users/saiem/.Renviron (values hidden)
proxy creds loaded from /c/Users/saiem/.Renviron (values hidden)
proxy creds loaded from /c/Users/saiem/.Renviron (values hidden)
proxy creds loaded from /c/Users/saiem/.Renviron (values hidden)
proxy creds loaded from /c/Users/saiem/.Renviron (values hidden)
log -> logs/capture_20260804_041030.log  (watch: tail -f logs/capture_20260804_041030.log)
proxy creds loaded from /c/Users/saiem/.Renviron (values hidden)
proxy creds loaded from /c/Users/saiem/.Renviron (values hidden)
proxy creds loaded from /c/Users/saiem/.Renviron (values hidden)
log -> logs/capture_20260804_041030.log  (watch: tail -f logs/capture_20260804_041030.log)
proxy creds loaded from /c/Users/saiem/.Renviron (values hidden)
log -> logs/capture_20260804_041030.log  (watch: tail -f logs/capture_20260804_041030.log)
log -> logs/capture_20260804_041030.log  (watch: tail -f logs/capture_20260804_041030.log)
log -> logs/capture_20260804_041030.log  (watch: tail -f logs/capture_20260804_041030.log)
log -> logs/capture_20260804_041030.log  (watch: tail -f logs/capture_20260804_041030.log)
log -> logs/capture_20260804_041030.log  (watch: tail -f logs/capture_20260804_041030.log)
log -> logs/capture_20260804_041030.log  (watch: tail -f logs/capture_20260804_041030.log)
log -> logs/capture_20260804_041030.log  (watch: tail -f logs/capture_20260804_041030.log)
log -> logs/capture_20260804_041030.log  (watch: tail -f logs/capture_20260804_041030.log)
proxy creds loaded from /c/Users/saiem/.Renviron (values hidden)
log -> logs/capture_20260804_041030.log  (watch: tail -f logs/capture_20260804_041030.log)
proxy creds loaded from /c/Users/saiem/.Renviron (values hidden)
log -> logs/capture_20260804_041030.log  (watch: tail -f logs/capture_20260804_041030.log)
proxy creds loaded from /c/Users/saiem/.Renviron (values hidden)
log -> logs/capture_20260804_041030.log  (watch: tail -f logs/capture_20260804_041030.log)
log -> logs/capture_20260804_041030.log  (watch: tail -f logs/capture_20260804_041030.log)
log -> logs/capture_20260804_041030.log  (watch: tail -f logs/capture_20260804_041030.log)
pending=5814 shard=6/24 assigned=242
transport: canary vendor 'decodo_patchright'
2026-08-04 04:10:33,955 INFO vendor decodo_patchright: 50 prox(y/ies), sticky session re-minted -> session-cap1785831033w6
captured=0 skipped=242 failed=0
pending=5814 shard=1/24 assigned=243
transport: canary vendor 'decodo_patchright'
2026-08-04 04:10:33,992 INFO vendor decodo_patchright: 50 prox(y/ies), sticky session re-minted -> session-cap1785831033w1
captured=0 skipped=243 failed=0
pending=5814 shard=3/24 assigned=243
transport: canary vendor 'decodo_patchright'
2026-08-04 04:10:34,018 INFO vendor decodo_patchright: 50 prox(y/ies), sticky session re-minted -> session-cap1785831034w3
captured=0 skipped=243 failed=0
pending=5814 shard=0/24 assigned=243
transport: canary vendor 'decodo_patchright'
2026-08-04 04:10:35,319 INFO vendor decodo_patchright: 50 prox(y/ies), sticky session re-minted -> session-cap1785831035w0
captured=0 skipped=243 failed=0
pending=5814 shard=2/24 assigned=243
transport: canary vendor 'decodo_patchright'
pending=5814 shard=7/24 assigned=242
transport: canary vendor 'decodo_patchright'
2026-08-04 04:10:35,499 INFO vendor decodo_patchright: 50 prox(y/ies), sticky session re-minted -> session-cap1785831035w7
captured=0 skipped=242 failed=0
pending=5814 shard=5/24 assigned=243
transport: canary vendor 'decodo_patchright'
2026-08-04 04:10:35,553 INFO vendor decodo_patchright: 50 prox(y/ies), sticky session re-minted -> session-cap1785831035w5
pending=5814 shard=19/24 assigned=242
transport: canary vendor 'decodo_patchright'
2026-08-04 04:10:35,563 INFO vendor decodo_patchright: 50 prox(y/ies), sticky session re-minted -> session-cap1785831035w19
2026-08-04 04:10:35,553 INFO vendor decodo_patchright: 50 prox(y/ies), sticky session re-minted -> session-cap1785831035w2
captured=0 skipped=243 failed=0
pending=5814 shard=9/24 assigned=242
transport: canary vendor 'decodo_patchright'
2026-08-04 04:10:35,631 INFO vendor decodo_patchright: 50 prox(y/ies), sticky session re-minted -> session-cap1785831035w9
pending=5814 shard=11/24 assigned=242
transport: canary vendor 'decodo_patchright'
2026-08-04 04:10:35,630 INFO vendor decodo_patchright: 50 prox(y/ies), sticky session re-minted -> session-cap1785831035w11
captured=0 skipped=242 failed=0
captured=0 skipped=242 failed=0
EXIT=0
pending=5814 shard=13/24 assigned=242
transport: canary vendor 'decodo_patchright'
2026-08-04 04:10:36,277 INFO vendor decodo_patchright: 50 prox(y/ies), sticky session re-minted -> session-cap1785831036w13
pending=5814 shard=8/24 assigned=242
transport: canary vendor 'decodo_patchright'
pending=5814 shard=20/24 assigned=242
transport: canary vendor 'decodo_patchright'
pending=5814 shard=18/24 assigned=242
transport: canary vendor 'decodo_patchright'
2026-08-04 04:10:36,309 INFO vendor decodo_patchright: 50 prox(y/ies), sticky session re-minted -> session-cap1785831036w18
2026-08-04 04:10:36,299 INFO vendor decodo_patchright: 50 prox(y/ies), sticky session re-minted -> session-cap1785831036w8
captured=0 skipped=242 failed=0
pending=5814 shard=16/24 assigned=242
transport: canary vendor 'decodo_patchright'
2026-08-04 04:10:36,321 INFO vendor decodo_patchright: 50 prox(y/ies), sticky session re-minted -> session-cap1785831036w20
captured=0 skipped=242 failed=0
pending=5814 shard=4/24 assigned=243
transport: canary vendor 'decodo_patchright'
EXIT=0
EXIT=0
2026-08-04 04:10:36,334 INFO vendor decodo_patchright: 50 prox(y/ies), sticky session re-minted -> session-cap1785831036w4
captured=0 skipped=242 failed=0
2026-08-04 04:10:36,336 INFO vendor decodo_patchright: 50 prox(y/ies), sticky session re-minted -> session-cap1785831036w16
EXIT=0
captured=0 skipped=242 failed=0
EXIT=0
pending=5814 shard=14/24 assigned=242
transport: canary vendor 'decodo_patchright'
2026-08-04 04:10:36,410 INFO vendor decodo_patchright: 50 prox(y/ies), sticky session re-minted -> session-cap1785831036w14
pending=5814 shard=22/24 assigned=242
transport: canary vendor 'decodo_patchright'
pending=5814 shard=23/24 assigned=242
transport: canary vendor 'decodo_patchright'
2026-08-04 04:10:36,437 INFO vendor decodo_patchright: 50 prox(y/ies), sticky session re-minted -> session-cap1785831036w23
captured=0 skipped=242 failed=0
EXIT=0
captured=0 skipped=242 failed=0
2026-08-04 04:10:36,441 INFO vendor decodo_patchright: 50 prox(y/ies), sticky session re-minted -> session-cap1785831036w22
captured=0 skipped=242 failed=0
pending=5814 shard=15/24 assigned=242
transport: canary vendor 'decodo_patchright'
EXIT=0
2026-08-04 04:10:36,498 INFO vendor decodo_patchright: 50 prox(y/ies), sticky session re-minted -> session-cap1785831036w15
EXIT=0
pending=5814 shard=12/24 assigned=242
transport: canary vendor 'decodo_patchright'
2026-08-04 04:10:36,572 INFO vendor decodo_patchright: 50 prox(y/ies), sticky session re-minted -> session-cap1785831036w12
captured=0 skipped=242 failed=0
pending=5814 shard=21/24 assigned=242
transport: canary vendor 'decodo_patchright'
2026-08-04 04:10:36,623 INFO vendor decodo_patchright: 50 prox(y/ies), sticky session re-minted -> session-cap1785831036w21
captured=0 skipped=242 failed=0
pending=5814 shard=17/24 assigned=242
transport: canary vendor 'decodo_patchright'
pending=5814 shard=10/24 assigned=242
transport: canary vendor 'decodo_patchright'
2026-08-04 04:10:36,668 INFO vendor decodo_patchright: 50 prox(y/ies), sticky session re-minted -> session-cap1785831036w17
2026-08-04 04:10:36,669 INFO vendor decodo_patchright: 50 prox(y/ies), sticky session re-minted -> session-cap1785831036w10
captured=0 skipped=242 failed=0
captured=0 skipped=242 failed=0
EXIT=0
EXIT=0
EXIT=0
EXIT=0
EXIT=0
EXIT=0
EXIT=0
EXIT=0
EXIT=0
EXIT=0
EXIT=0
2026-08-04 04:11:09,063 WARNING challenge not cleared for contest_id=739795 -- bundle not written
captured=0 skipped=242 failed=1
EXIT=0
2026-08-04 04:11:10,059 WARNING challenge not cleared for contest_id=743119 -- bundle not written
captured=0 skipped=241 failed=1
EXIT=0
2026-08-04 04:11:12,101 WARNING challenge not cleared for contest_id=743579 -- bundle not written
captured=0 skipped=242 failed=1
EXIT=0
2026-08-04 04:11:14,190 WARNING challenge not cleared for contest_id=748387 -- bundle not written
captured=0 skipped=241 failed=1
EXIT=0
2026-08-04 04:38:41,580 ERROR BAN-SUSPECT: hard-stopping capture at contest_id=739967: NCAA fetch failed after rotating proxies: https://stats.ncaa.org/contests/739967/play_by_play: patchright: bm-verify not passed after 3 attempts (643-byte body)
BAN-SUSPECT: capture halted at contest_id=739967: NCAA fetch failed after rotating proxies: https://stats.ncaa.org/contests/739967/play_by_play: patchright: bm-verify not passed after 3 attempts (643-byte body)
EXIT=1
[04:38:41] capture stopped (rc=1) -- a ban/soft-ban hard-stop or Ctrl-C (see the capture log).
[04:38:41]   This is RESUMABLE: cool down (a ban clears in minutes-hours), then re-run this
[04:38:41]   script -- already-captured contests are skipped.
[04:38:41] === parse captured bundles -> mbb/json/ ===
log -> logs/parse_20260804_043842.log  (watch: tail -f logs/parse_20260804_043842.log)
seasons=all bundles=82191 pending=0 force=False shard=19/24 assigned=0
parsed=0 failed=0
EXIT=0
[04:38:56] DONE: captured_bundles=82191 parsed_json=82191 (capture rc=1)
[04:38:56] capture INCOMPLETE (rc=1) -- re-run this script to continue before building.
EXIT=1
[2026-08-04 04:38:56] season 2013: chunk 6 hard-stopped (rc=1), 189 remaining -- cooling 1800s
[05:08:57] NCAA MBB backfill: season=2013 workers=24
[05:08:57] watch this run:  tail -f /c/Users/saiem/Documents/GitHub-Data/sdv-dev/hoopR-dev/ncaa-mbb-hoops-raw/logs/backfill_2013_20260804_050857.log
[05:08:57] === skip discover (season 2013 already in schedule_master; delete mbb/schedule_master.parquet to force) ===
[05:08:57] === capture 2013: 24 worker(s), chunk=400 new bundles per worker ===
proxy creds loaded from /c/Users/saiem/.Renviron (values hidden)
proxy creds loaded from /c/Users/saiem/.Renviron (values hidden)
proxy creds loaded from /c/Users/saiem/.Renviron (values hidden)
proxy creds loaded from /c/Users/saiem/.Renviron (values hidden)
log -> logs/capture_20260804_050858.log  (watch: tail -f logs/capture_20260804_050858.log)
proxy creds loaded from /c/Users/saiem/.Renviron (values hidden)
proxy creds loaded from /c/Users/saiem/.Renviron (values hidden)
proxy creds loaded from /c/Users/saiem/.Renviron (values hidden)
proxy creds loaded from /c/Users/saiem/.Renviron (values hidden)
log -> logs/capture_20260804_050858.log  (watch: tail -f logs/capture_20260804_050858.log)
log -> logs/capture_20260804_050858.log  (watch: tail -f logs/capture_20260804_050858.log)
proxy creds loaded from /c/Users/saiem/.Renviron (values hidden)
proxy creds loaded from /c/Users/saiem/.Renviron (values hidden)
proxy creds loaded from /c/Users/saiem/.Renviron (values hidden)
log -> logs/capture_20260804_050858.log  (watch: tail -f logs/capture_20260804_050858.log)
log -> logs/capture_20260804_050858.log  (watch: tail -f logs/capture_20260804_050858.log)
proxy creds loaded from /c/Users/saiem/.Renviron (values hidden)
log -> logs/capture_20260804_050858.log  (watch: tail -f logs/capture_20260804_050858.log)
log -> logs/capture_20260804_050858.log  (watch: tail -f logs/capture_20260804_050858.log)
log -> logs/capture_20260804_050858.log  (watch: tail -f logs/capture_20260804_050858.log)
proxy creds loaded from /c/Users/saiem/.Renviron (values hidden)
log -> logs/capture_20260804_050858.log  (watch: tail -f logs/capture_20260804_050858.log)
proxy creds loaded from /c/Users/saiem/.Renviron (values hidden)
proxy creds loaded from /c/Users/saiem/.Renviron (values hidden)
log -> logs/capture_20260804_050858.log  (watch: tail -f logs/capture_20260804_050858.log)
log -> logs/capture_20260804_050858.log  (watch: tail -f logs/capture_20260804_050858.log)
log -> logs/capture_20260804_050858.log  (watch: tail -f logs/capture_20260804_050858.log)
proxy creds loaded from /c/Users/saiem/.Renviron (values hidden)
log -> logs/capture_20260804_050858.log  (watch: tail -f logs/capture_20260804_050858.log)
proxy creds loaded from /c/Users/saiem/.Renviron (values hidden)
proxy creds loaded from /c/Users/saiem/.Renviron (values hidden)
proxy creds loaded from /c/Users/saiem/.Renviron (values hidden)
log -> logs/capture_20260804_050858.log  (watch: tail -f logs/capture_20260804_050858.log)
proxy creds loaded from /c/Users/saiem/.Renviron (values hidden)
proxy creds loaded from /c/Users/saiem/.Renviron (values hidden)
log -> logs/capture_20260804_050858.log  (watch: tail -f logs/capture_20260804_050858.log)
proxy creds loaded from /c/Users/saiem/.Renviron (values hidden)
proxy creds loaded from /c/Users/saiem/.Renviron (values hidden)
log -> logs/capture_20260804_050858.log  (watch: tail -f logs/capture_20260804_050858.log)
proxy creds loaded from /c/Users/saiem/.Renviron (values hidden)
log -> logs/capture_20260804_050858.log  (watch: tail -f logs/capture_20260804_050858.log)
log -> logs/capture_20260804_050858.log  (watch: tail -f logs/capture_20260804_050858.log)
log -> logs/capture_20260804_050858.log  (watch: tail -f logs/capture_20260804_050858.log)
log -> logs/capture_20260804_050858.log  (watch: tail -f logs/capture_20260804_050858.log)
log -> logs/capture_20260804_050858.log  (watch: tail -f logs/capture_20260804_050858.log)
log -> logs/capture_20260804_050858.log  (watch: tail -f logs/capture_20260804_050858.log)
log -> logs/capture_20260804_050858.log  (watch: tail -f logs/capture_20260804_050858.log)
log -> logs/capture_20260804_050858.log  (watch: tail -f logs/capture_20260804_050858.log)
pending=5814 shard=0/24 assigned=243
transport: canary vendor 'decodo_patchright'
2026-08-04 05:09:02,372 INFO vendor decodo_patchright: 50 prox(y/ies), sticky session re-minted -> session-cap1785834542w0
captured=0 skipped=243 failed=0
pending=5814 shard=4/24 assigned=243
transport: canary vendor 'decodo_patchright'
2026-08-04 05:09:02,746 INFO vendor decodo_patchright: 50 prox(y/ies), sticky session re-minted -> session-cap1785834542w4
pending=5814 shard=12/24 assigned=242
transport: canary vendor 'decodo_patchright'
pending=5814 shard=5/24 assigned=243
transport: canary vendor 'decodo_patchright'
2026-08-04 05:09:03,278 INFO vendor decodo_patchright: 50 prox(y/ies), sticky session re-minted -> session-cap1785834543w5
2026-08-04 05:09:03,306 INFO vendor decodo_patchright: 50 prox(y/ies), sticky session re-minted -> session-cap1785834543w12
captured=0 skipped=242 failed=0
pending=5814 shard=1/24 assigned=243
transport: canary vendor 'decodo_patchright'
2026-08-04 05:09:03,332 INFO vendor decodo_patchright: 50 prox(y/ies), sticky session re-minted -> session-cap1785834543w1
captured=0 skipped=243 failed=0
pending=5814 shard=2/24 assigned=243
transport: canary vendor 'decodo_patchright'
2026-08-04 05:09:03,314 INFO vendor decodo_patchright: 50 prox(y/ies), sticky session re-minted -> session-cap1785834543w2
captured=0 skipped=243 failed=0
pending=5814 shard=8/24 assigned=242
transport: canary vendor 'decodo_patchright'
2026-08-04 05:09:03,544 INFO vendor decodo_patchright: 50 prox(y/ies), sticky session re-minted -> session-cap1785834543w8
captured=0 skipped=242 failed=0
pending=5814 shard=3/24 assigned=243
transport: canary vendor 'decodo_patchright'
2026-08-04 05:09:03,715 INFO vendor decodo_patchright: 50 prox(y/ies), sticky session re-minted -> session-cap1785834543w3
captured=0 skipped=243 failed=0
EXIT=0
EXIT=0
EXIT=0
pending=5814 shard=7/24 assigned=242
transport: canary vendor 'decodo_patchright'
2026-08-04 05:09:04,655 INFO vendor decodo_patchright: 50 prox(y/ies), sticky session re-minted -> session-cap1785834544w7
captured=0 skipped=242 failed=0
EXIT=0
EXIT=0
EXIT=0
pending=5814 shard=17/24 assigned=242
transport: canary vendor 'decodo_patchright'
pending=5814 shard=11/24 assigned=242
transport: canary vendor 'decodo_patchright'
2026-08-04 05:09:05,170 INFO vendor decodo_patchright: 50 prox(y/ies), sticky session re-minted -> session-cap1785834545w11
2026-08-04 05:09:05,159 INFO vendor decodo_patchright: 50 prox(y/ies), sticky session re-minted -> session-cap1785834545w17
captured=0 skipped=242 failed=0
captured=0 skipped=242 failed=0
pending=5814 shard=20/24 assigned=242
transport: canary vendor 'decodo_patchright'
2026-08-04 05:09:05,232 INFO vendor decodo_patchright: 50 prox(y/ies), sticky session re-minted -> session-cap1785834545w20
captured=0 skipped=242 failed=0
pending=5814 shard=23/24 assigned=242
transport: canary vendor 'decodo_patchright'
2026-08-04 05:09:05,316 INFO vendor decodo_patchright: 50 prox(y/ies), sticky session re-minted -> session-cap1785834545w23
captured=0 skipped=242 failed=0
pending=5814 shard=22/24 assigned=242
transport: canary vendor 'decodo_patchright'
2026-08-04 05:09:05,491 INFO vendor decodo_patchright: 50 prox(y/ies), sticky session re-minted -> session-cap1785834545w22
captured=0 skipped=242 failed=0
pending=5814 shard=13/24 assigned=242
transport: canary vendor 'decodo_patchright'
2026-08-04 05:09:05,516 INFO vendor decodo_patchright: 50 prox(y/ies), sticky session re-minted -> session-cap1785834545w13
EXIT=0
pending=5814 shard=15/24 assigned=242
transport: canary vendor 'decodo_patchright'
2026-08-04 05:09:05,537 INFO vendor decodo_patchright: 50 prox(y/ies), sticky session re-minted -> session-cap1785834545w15
pending=5814 shard=21/24 assigned=242
transport: canary vendor 'decodo_patchright'
2026-08-04 05:09:05,597 INFO vendor decodo_patchright: 50 prox(y/ies), sticky session re-minted -> session-cap1785834545w21
captured=0 skipped=242 failed=0
pending=5814 shard=18/24 assigned=242
transport: canary vendor 'decodo_patchright'
2026-08-04 05:09:05,713 INFO vendor decodo_patchright: 50 prox(y/ies), sticky session re-minted -> session-cap1785834545w18
captured=0 skipped=242 failed=0
pending=5814 shard=19/24 assigned=242
transport: canary vendor 'decodo_patchright'
EXIT=0
2026-08-04 05:09:05,789 INFO vendor decodo_patchright: 50 prox(y/ies), sticky session re-minted -> session-cap1785834545w19
EXIT=0
pending=5814 shard=10/24 assigned=242
transport: canary vendor 'decodo_patchright'
2026-08-04 05:09:05,920 INFO vendor decodo_patchright: 50 prox(y/ies), sticky session re-minted -> session-cap1785834545w10
pending=5814 shard=6/24 assigned=242
transport: canary vendor 'decodo_patchright'
2026-08-04 05:09:05,917 INFO vendor decodo_patchright: 50 prox(y/ies), sticky session re-minted -> session-cap1785834545w6
captured=0 skipped=242 failed=0
captured=0 skipped=242 failed=0
pending=5814 shard=16/24 assigned=242
transport: canary vendor 'decodo_patchright'
2026-08-04 05:09:05,955 INFO vendor decodo_patchright: 50 prox(y/ies), sticky session re-minted -> session-cap1785834545w16
captured=0 skipped=242 failed=0
pending=5814 shard=14/24 assigned=242
transport: canary vendor 'decodo_patchright'
2026-08-04 05:09:06,014 INFO vendor decodo_patchright: 50 prox(y/ies), sticky session re-minted -> session-cap1785834546w14
EXIT=0
captured=0 skipped=242 failed=0
EXIT=0
pending=5814 shard=9/24 assigned=242
transport: canary vendor 'decodo_patchright'
2026-08-04 05:09:06,090 INFO vendor decodo_patchright: 50 prox(y/ies), sticky session re-minted -> session-cap1785834546w9
captured=0 skipped=242 failed=0
EXIT=0
EXIT=0
EXIT=0
EXIT=0
EXIT=0
EXIT=0
EXIT=0
EXIT=0
2026-08-04 05:09:37,320 WARNING challenge not cleared for contest_id=743579 -- bundle not written
captured=0 skipped=242 failed=1
EXIT=0
2026-08-04 05:09:38,153 WARNING challenge not cleared for contest_id=739795 -- bundle not written
captured=0 skipped=242 failed=1
EXIT=0
2026-08-04 05:09:42,081 WARNING challenge not cleared for contest_id=743119 -- bundle not written
2026-08-04 05:09:42,143 WARNING challenge not cleared for contest_id=748387 -- bundle not written
captured=0 skipped=241 failed=1
captured=0 skipped=241 failed=1
EXIT=0
EXIT=0
2026-08-04 05:37:05,909 ERROR BAN-SUSPECT: hard-stopping capture at contest_id=739967: NCAA fetch failed after rotating proxies: https://stats.ncaa.org/contests/739967/play_by_play: patchright: bm-verify not passed after 3 attempts (643-byte body)
BAN-SUSPECT: capture halted at contest_id=739967: NCAA fetch failed after rotating proxies: https://stats.ncaa.org/contests/739967/play_by_play: patchright: bm-verify not passed after 3 attempts (643-byte body)
EXIT=1
[05:37:06] capture stopped (rc=1) -- a ban/soft-ban hard-stop or Ctrl-C (see the capture log).
[05:37:06]   This is RESUMABLE: cool down (a ban clears in minutes-hours), then re-run this
[05:37:06]   script -- already-captured contests are skipped.
[05:37:06] === parse captured bundles -> mbb/json/ ===
log -> logs/parse_20260804_053706.log  (watch: tail -f logs/parse_20260804_053706.log)
seasons=all bundles=82191 pending=0 force=False shard=10/24 assigned=0
parsed=0 failed=0
EXIT=0
[05:37:23] DONE: captured_bundles=82191 parsed_json=82191 (capture rc=1)
[05:37:23] capture INCOMPLETE (rc=1) -- re-run this script to continue before building.
EXIT=1
[2026-08-04 05:37:23] season 2013: chunk 7 hard-stopped (rc=1), 189 remaining -- cooling 1800s
[06:07:24] NCAA MBB backfill: season=2013 workers=24
[06:07:24] watch this run:  tail -f /c/Users/saiem/Documents/GitHub-Data/sdv-dev/hoopR-dev/ncaa-mbb-hoops-raw/logs/backfill_2013_20260804_060724.log
[06:07:24] === skip discover (season 2013 already in schedule_master; delete mbb/schedule_master.parquet to force) ===
[06:07:24] === capture 2013: 24 worker(s), chunk=400 new bundles per worker ===
proxy creds loaded from /c/Users/saiem/.Renviron (values hidden)
proxy creds loaded from /c/Users/saiem/.Renviron (values hidden)
proxy creds loaded from /c/Users/saiem/.Renviron (values hidden)
proxy creds loaded from /c/Users/saiem/.Renviron (values hidden)
proxy creds loaded from /c/Users/saiem/.Renviron (values hidden)
proxy creds loaded from /c/Users/saiem/.Renviron (values hidden)
log -> logs/capture_20260804_060724.log  (watch: tail -f logs/capture_20260804_060724.log)
proxy creds loaded from /c/Users/saiem/.Renviron (values hidden)
proxy creds loaded from /c/Users/saiem/.Renviron (values hidden)
log -> logs/capture_20260804_060724.log  (watch: tail -f logs/capture_20260804_060724.log)
log -> logs/capture_20260804_060725.log  (watch: tail -f logs/capture_20260804_060725.log)
log -> logs/capture_20260804_060725.log  (watch: tail -f logs/capture_20260804_060725.log)
log -> logs/capture_20260804_060725.log  (watch: tail -f logs/capture_20260804_060725.log)
proxy creds loaded from /c/Users/saiem/.Renviron (values hidden)
proxy creds loaded from /c/Users/saiem/.Renviron (values hidden)
log -> logs/capture_20260804_060725.log  (watch: tail -f logs/capture_20260804_060725.log)
log -> logs/capture_20260804_060725.log  (watch: tail -f logs/capture_20260804_060725.log)
proxy creds loaded from /c/Users/saiem/.Renviron (values hidden)
proxy creds loaded from /c/Users/saiem/.Renviron (values hidden)
log -> logs/capture_20260804_060725.log  (watch: tail -f logs/capture_20260804_060725.log)
proxy creds loaded from /c/Users/saiem/.Renviron (values hidden)
proxy creds loaded from /c/Users/saiem/.Renviron (values hidden)
log -> logs/capture_20260804_060725.log  (watch: tail -f logs/capture_20260804_060725.log)
proxy creds loaded from /c/Users/saiem/.Renviron (values hidden)
log -> logs/capture_20260804_060725.log  (watch: tail -f logs/capture_20260804_060725.log)
proxy creds loaded from /c/Users/saiem/.Renviron (values hidden)
proxy creds loaded from /c/Users/saiem/.Renviron (values hidden)
log -> logs/capture_20260804_060725.log  (watch: tail -f logs/capture_20260804_060725.log)
log -> logs/capture_20260804_060725.log  (watch: tail -f logs/capture_20260804_060725.log)
proxy creds loaded from /c/Users/saiem/.Renviron (values hidden)
log -> logs/capture_20260804_060725.log  (watch: tail -f logs/capture_20260804_060725.log)
log -> logs/capture_20260804_060725.log  (watch: tail -f logs/capture_20260804_060725.log)
log -> logs/capture_20260804_060725.log  (watch: tail -f logs/capture_20260804_060725.log)
log -> logs/capture_20260804_060725.log  (watch: tail -f logs/capture_20260804_060725.log)
log -> logs/capture_20260804_060725.log  (watch: tail -f logs/capture_20260804_060725.log)
proxy creds loaded from /c/Users/saiem/.Renviron (values hidden)
proxy creds loaded from /c/Users/saiem/.Renviron (values hidden)
proxy creds loaded from /c/Users/saiem/.Renviron (values hidden)
proxy creds loaded from /c/Users/saiem/.Renviron (values hidden)
proxy creds loaded from /c/Users/saiem/.Renviron (values hidden)
proxy creds loaded from /c/Users/saiem/.Renviron (values hidden)
log -> logs/capture_20260804_060725.log  (watch: tail -f logs/capture_20260804_060725.log)
log -> logs/capture_20260804_060725.log  (watch: tail -f logs/capture_20260804_060725.log)
log -> logs/capture_20260804_060725.log  (watch: tail -f logs/capture_20260804_060725.log)
log -> logs/capture_20260804_060725.log  (watch: tail -f logs/capture_20260804_060725.log)
log -> logs/capture_20260804_060725.log  (watch: tail -f logs/capture_20260804_060725.log)
log -> logs/capture_20260804_060725.log  (watch: tail -f logs/capture_20260804_060725.log)
log -> logs/capture_20260804_060725.log  (watch: tail -f logs/capture_20260804_060725.log)
pending=5814 shard=6/24 assigned=242
transport: canary vendor 'decodo_patchright'
2026-08-04 06:07:29,641 INFO vendor decodo_patchright: 50 prox(y/ies), sticky session re-minted -> session-cap1785838049w6
captured=0 skipped=242 failed=0
pending=5814 shard=7/24 assigned=242
transport: canary vendor 'decodo_patchright'
2026-08-04 06:07:29,679 INFO vendor decodo_patchright: 50 prox(y/ies), sticky session re-minted -> session-cap1785838049w7
captured=0 skipped=242 failed=0
pending=5814 shard=2/24 assigned=243
transport: canary vendor 'decodo_patchright'
2026-08-04 06:07:30,517 INFO vendor decodo_patchright: 50 prox(y/ies), sticky session re-minted -> session-cap1785838050w2
captured=0 skipped=243 failed=0
pending=5814 shard=0/24 assigned=243
transport: canary vendor 'decodo_patchright'
2026-08-04 06:07:30,544 INFO vendor decodo_patchright: 50 prox(y/ies), sticky session re-minted -> session-cap1785838050w0
pending=5814 shard=4/24 assigned=243
transport: canary vendor 'decodo_patchright'
2026-08-04 06:07:30,580 INFO vendor decodo_patchright: 50 prox(y/ies), sticky session re-minted -> session-cap1785838050w4
captured=0 skipped=243 failed=0
pending=5814 shard=3/24 assigned=243
transport: canary vendor 'decodo_patchright'
2026-08-04 06:07:30,685 INFO vendor decodo_patchright: 50 prox(y/ies), sticky session re-minted -> session-cap1785838050w3
captured=0 skipped=243 failed=0
EXIT=0
pending=5814 shard=1/24 assigned=243
transport: canary vendor 'decodo_patchright'
2026-08-04 06:07:31,325 INFO vendor decodo_patchright: 50 prox(y/ies), sticky session re-minted -> session-cap1785838051w1
captured=0 skipped=243 failed=0
EXIT=0
EXIT=0
pending=5814 shard=11/24 assigned=242
transport: canary vendor 'decodo_patchright'
2026-08-04 06:07:31,660 INFO vendor decodo_patchright: 50 prox(y/ies), sticky session re-minted -> session-cap1785838051w11
pending=5814 shard=18/24 assigned=242
transport: canary vendor 'decodo_patchright'
2026-08-04 06:07:31,690 INFO vendor decodo_patchright: 50 prox(y/ies), sticky session re-minted -> session-cap1785838051w18
EXIT=0
captured=0 skipped=242 failed=0
captured=0 skipped=242 failed=0
pending=5814 shard=5/24 assigned=243
transport: canary vendor 'decodo_patchright'
2026-08-04 06:07:31,783 INFO vendor decodo_patchright: 50 prox(y/ies), sticky session re-minted -> session-cap1785838051w5
EXIT=0
pending=5814 shard=15/24 assigned=242
transport: canary vendor 'decodo_patchright'
2026-08-04 06:07:31,845 INFO vendor decodo_patchright: 50 prox(y/ies), sticky session re-minted -> session-cap1785838051w15
pending=5814 shard=13/24 assigned=242
transport: canary vendor 'decodo_patchright'
2026-08-04 06:07:32,072 INFO vendor decodo_patchright: 50 prox(y/ies), sticky session re-minted -> session-cap1785838052w13
pending=5814 shard=23/24 assigned=242
transport: canary vendor 'decodo_patchright'
2026-08-04 06:07:32,105 INFO vendor decodo_patchright: 50 prox(y/ies), sticky session re-minted -> session-cap1785838052w23
EXIT=0
pending=5814 shard=12/24 assigned=242
transport: canary vendor 'decodo_patchright'
captured=0 skipped=242 failed=0
2026-08-04 06:07:32,143 INFO vendor decodo_patchright: 50 prox(y/ies), sticky session re-minted -> session-cap1785838052w12
captured=0 skipped=242 failed=0
pending=5814 shard=14/24 assigned=242
transport: canary vendor 'decodo_patchright'
2026-08-04 06:07:32,243 INFO vendor decodo_patchright: 50 prox(y/ies), sticky session re-minted -> session-cap1785838052w14
captured=0 skipped=242 failed=0
pending=5814 shard=8/24 assigned=242
transport: canary vendor 'decodo_patchright'
pending=5814 shard=20/24 assigned=242
transport: canary vendor 'decodo_patchright'
EXIT=0
2026-08-04 06:07:32,268 INFO vendor decodo_patchright: 50 prox(y/ies), sticky session re-minted -> session-cap1785838052w8
pending=5814 shard=16/24 assigned=242
transport: canary vendor 'decodo_patchright'
captured=0 skipped=242 failed=0
2026-08-04 06:07:32,282 INFO vendor decodo_patchright: 50 prox(y/ies), sticky session re-minted -> session-cap1785838052w20
2026-08-04 06:07:32,287 INFO vendor decodo_patchright: 50 prox(y/ies), sticky session re-minted -> session-cap1785838052w16
captured=0 skipped=242 failed=0
captured=0 skipped=242 failed=0
pending=5814 shard=22/24 assigned=242
transport: canary vendor 'decodo_patchright'
pending=5814 shard=9/24 assigned=242
transport: canary vendor 'decodo_patchright'
2026-08-04 06:07:32,338 INFO vendor decodo_patchright: 50 prox(y/ies), sticky session re-minted -> session-cap1785838052w22
captured=0 skipped=242 failed=0
2026-08-04 06:07:32,401 INFO vendor decodo_patchright: 50 prox(y/ies), sticky session re-minted -> session-cap1785838052w9
pending=5814 shard=17/24 assigned=242
transport: canary vendor 'decodo_patchright'
2026-08-04 06:07:32,425 INFO vendor decodo_patchright: 50 prox(y/ies), sticky session re-minted -> session-cap1785838052w17
EXIT=0
pending=5814 shard=19/24 assigned=242
transport: canary vendor 'decodo_patchright'
captured=0 skipped=242 failed=0
captured=0 skipped=242 failed=0
2026-08-04 06:07:32,456 INFO vendor decodo_patchright: 50 prox(y/ies), sticky session re-minted -> session-cap1785838052w19
pending=5814 shard=21/24 assigned=242
transport: canary vendor 'decodo_patchright'
2026-08-04 06:07:32,526 INFO vendor decodo_patchright: 50 prox(y/ies), sticky session re-minted -> session-cap1785838052w21
captured=0 skipped=242 failed=0
pending=5814 shard=10/24 assigned=242
transport: canary vendor 'decodo_patchright'
2026-08-04 06:07:32,577 INFO vendor decodo_patchright: 50 prox(y/ies), sticky session re-minted -> session-cap1785838052w10
captured=0 skipped=242 failed=0
EXIT=0
EXIT=0
EXIT=0
EXIT=0
EXIT=0
EXIT=0
EXIT=0
EXIT=0
EXIT=0
EXIT=0
EXIT=0
2026-08-04 06:08:06,164 WARNING challenge not cleared for contest_id=743119 -- bundle not written
captured=0 skipped=241 failed=1
EXIT=0
2026-08-04 06:08:07,139 WARNING challenge not cleared for contest_id=739795 -- bundle not written
captured=0 skipped=242 failed=1
2026-08-04 06:08:07,529 WARNING challenge not cleared for contest_id=743579 -- bundle not written
2026-08-04 06:08:07,533 WARNING challenge not cleared for contest_id=748387 -- bundle not written
EXIT=0
captured=0 skipped=241 failed=1
captured=0 skipped=242 failed=1
EXIT=0
EXIT=0
2026-08-04 06:35:33,136 ERROR BAN-SUSPECT: hard-stopping capture at contest_id=739967: NCAA fetch failed after rotating proxies: https://stats.ncaa.org/contests/739967/play_by_play: patchright: bm-verify not passed after 3 attempts (643-byte body)
BAN-SUSPECT: capture halted at contest_id=739967: NCAA fetch failed after rotating proxies: https://stats.ncaa.org/contests/739967/play_by_play: patchright: bm-verify not passed after 3 attempts (643-byte body)
EXIT=1
[06:35:33] capture stopped (rc=1) -- a ban/soft-ban hard-stop or Ctrl-C (see the capture log).
[06:35:33]   This is RESUMABLE: cool down (a ban clears in minutes-hours), then re-run this
[06:35:33]   script -- already-captured contests are skipped.
[06:35:33] === parse captured bundles -> mbb/json/ ===
log -> logs/parse_20260804_063533.log  (watch: tail -f logs/parse_20260804_063533.log)
seasons=all bundles=82191 pending=0 force=False shard=19/24 assigned=0
parsed=0 failed=0
EXIT=0
[06:35:48] DONE: captured_bundles=82191 parsed_json=82191 (capture rc=1)
[06:35:48] capture INCOMPLETE (rc=1) -- re-run this script to continue before building.
EXIT=1
[2026-08-04 06:35:49] season 2013: chunk 8 hard-stopped (rc=1), 189 remaining -- cooling 1800s
[07:05:49] NCAA MBB backfill: season=2013 workers=24
[07:05:49] watch this run:  tail -f /c/Users/saiem/Documents/GitHub-Data/sdv-dev/hoopR-dev/ncaa-mbb-hoops-raw/logs/backfill_2013_20260804_070549.log
[07:05:49] === skip discover (season 2013 already in schedule_master; delete mbb/schedule_master.parquet to force) ===
[07:05:49] === capture 2013: 24 worker(s), chunk=400 new bundles per worker ===
proxy creds loaded from /c/Users/saiem/.Renviron (values hidden)
proxy creds loaded from /c/Users/saiem/.Renviron (values hidden)
log -> logs/capture_20260804_070550.log  (watch: tail -f logs/capture_20260804_070550.log)
proxy creds loaded from /c/Users/saiem/.Renviron (values hidden)
proxy creds loaded from /c/Users/saiem/.Renviron (values hidden)
proxy creds loaded from /c/Users/saiem/.Renviron (values hidden)
proxy creds loaded from /c/Users/saiem/.Renviron (values hidden)
proxy creds loaded from /c/Users/saiem/.Renviron (values hidden)
proxy creds loaded from /c/Users/saiem/.Renviron (values hidden)
proxy creds loaded from /c/Users/saiem/.Renviron (values hidden)
log -> logs/capture_20260804_070550.log  (watch: tail -f logs/capture_20260804_070550.log)
proxy creds loaded from /c/Users/saiem/.Renviron (values hidden)
proxy creds loaded from /c/Users/saiem/.Renviron (values hidden)
log -> logs/capture_20260804_070550.log  (watch: tail -f logs/capture_20260804_070550.log)
proxy creds loaded from /c/Users/saiem/.Renviron (values hidden)
log -> logs/capture_20260804_070550.log  (watch: tail -f logs/capture_20260804_070550.log)
log -> logs/capture_20260804_070550.log  (watch: tail -f logs/capture_20260804_070550.log)
log -> logs/capture_20260804_070550.log  (watch: tail -f logs/capture_20260804_070550.log)
log -> logs/capture_20260804_070550.log  (watch: tail -f logs/capture_20260804_070550.log)
log -> logs/capture_20260804_070550.log  (watch: tail -f logs/capture_20260804_070550.log)
log -> logs/capture_20260804_070550.log  (watch: tail -f logs/capture_20260804_070550.log)
log -> logs/capture_20260804_070550.log  (watch: tail -f logs/capture_20260804_070550.log)
proxy creds loaded from /c/Users/saiem/.Renviron (values hidden)
proxy creds loaded from /c/Users/saiem/.Renviron (values hidden)
proxy creds loaded from /c/Users/saiem/.Renviron (values hidden)
log -> logs/capture_20260804_070550.log  (watch: tail -f logs/capture_20260804_070550.log)
proxy creds loaded from /c/Users/saiem/.Renviron (values hidden)
log -> logs/capture_20260804_070550.log  (watch: tail -f logs/capture_20260804_070550.log)
proxy creds loaded from /c/Users/saiem/.Renviron (values hidden)
proxy creds loaded from /c/Users/saiem/.Renviron (values hidden)
proxy creds loaded from /c/Users/saiem/.Renviron (values hidden)
proxy creds loaded from /c/Users/saiem/.Renviron (values hidden)
proxy creds loaded from /c/Users/saiem/.Renviron (values hidden)
proxy creds loaded from /c/Users/saiem/.Renviron (values hidden)
proxy creds loaded from /c/Users/saiem/.Renviron (values hidden)
log -> logs/capture_20260804_070550.log  (watch: tail -f logs/capture_20260804_070550.log)
log -> logs/capture_20260804_070550.log  (watch: tail -f logs/capture_20260804_070550.log)
log -> logs/capture_20260804_070550.log  (watch: tail -f logs/capture_20260804_070550.log)
log -> logs/capture_20260804_070550.log  (watch: tail -f logs/capture_20260804_070550.log)
log -> logs/capture_20260804_070550.log  (watch: tail -f logs/capture_20260804_070550.log)
log -> logs/capture_20260804_070550.log  (watch: tail -f logs/capture_20260804_070550.log)
log -> logs/capture_20260804_070550.log  (watch: tail -f logs/capture_20260804_070550.log)
log -> logs/capture_20260804_070550.log  (watch: tail -f logs/capture_20260804_070550.log)
log -> logs/capture_20260804_070550.log  (watch: tail -f logs/capture_20260804_070550.log)
log -> logs/capture_20260804_070550.log  (watch: tail -f logs/capture_20260804_070550.log)
log -> logs/capture_20260804_070550.log  (watch: tail -f logs/capture_20260804_070550.log)
proxy creds loaded from /c/Users/saiem/.Renviron (values hidden)
log -> logs/capture_20260804_070550.log  (watch: tail -f logs/capture_20260804_070550.log)
pending=5814 shard=11/24 assigned=242
transport: canary vendor 'decodo_patchright'
2026-08-04 07:05:54,210 INFO vendor decodo_patchright: 50 prox(y/ies), sticky session re-minted -> session-cap1785841554w11
captured=0 skipped=242 failed=0
pending=5814 shard=0/24 assigned=243
transport: canary vendor 'decodo_patchright'
2026-08-04 07:05:54,283 INFO vendor decodo_patchright: 50 prox(y/ies), sticky session re-minted -> session-cap1785841554w0
captured=0 skipped=243 failed=0
pending=5814 shard=3/24 assigned=243
transport: canary vendor 'decodo_patchright'
2026-08-04 07:05:54,788 INFO vendor decodo_patchright: 50 prox(y/ies), sticky session re-minted -> session-cap1785841554w3
captured=0 skipped=243 failed=0
EXIT=0
pending=5814 shard=8/24 assigned=242
transport: canary vendor 'decodo_patchright'
2026-08-04 07:05:55,569 INFO vendor decodo_patchright: 50 prox(y/ies), sticky session re-minted -> session-cap1785841555w8
captured=0 skipped=242 failed=0
EXIT=0
pending=5814 shard=14/24 assigned=242
transport: canary vendor 'decodo_patchright'
2026-08-04 07:05:56,429 INFO vendor decodo_patchright: 50 prox(y/ies), sticky session re-minted -> session-cap1785841556w14
pending=5814 shard=1/24 assigned=243
transport: canary vendor 'decodo_patchright'
2026-08-04 07:05:56,465 INFO vendor decodo_patchright: 50 prox(y/ies), sticky session re-minted -> session-cap1785841556w1
captured=0 skipped=242 failed=0
pending=5814 shard=2/24 assigned=243
transport: canary vendor 'decodo_patchright'
2026-08-04 07:05:56,486 INFO vendor decodo_patchright: 50 prox(y/ies), sticky session re-minted -> session-cap1785841556w2
captured=0 skipped=243 failed=0
pending=5814 shard=5/24 assigned=243
transport: canary vendor 'decodo_patchright'
2026-08-04 07:05:56,489 INFO vendor decodo_patchright: 50 prox(y/ies), sticky session re-minted -> session-cap1785841556w5
captured=0 skipped=243 failed=0
pending=5814 shard=23/24 assigned=242
transport: canary vendor 'decodo_patchright'
pending=5814 shard=20/24 assigned=242
transport: canary vendor 'decodo_patchright'
2026-08-04 07:05:56,643 INFO vendor decodo_patchright: 50 prox(y/ies), sticky session re-minted -> session-cap1785841556w23
pending=5814 shard=6/24 assigned=242
transport: canary vendor 'decodo_patchright'
captured=0 skipped=242 failed=0
pending=5814 shard=7/24 assigned=242
transport: canary vendor 'decodo_patchright'
pending=5814 shard=4/24 assigned=243
transport: canary vendor 'decodo_patchright'
pending=5814 shard=16/24 assigned=242
transport: canary vendor 'decodo_patchright'
2026-08-04 07:05:56,763 INFO vendor decodo_patchright: 50 prox(y/ies), sticky session re-minted -> session-cap1785841556w16
2026-08-04 07:05:56,745 INFO vendor decodo_patchright: 50 prox(y/ies), sticky session re-minted -> session-cap1785841556w20
captured=0 skipped=242 failed=0
EXIT=0
pending=5814 shard=10/24 assigned=242
transport: canary vendor 'decodo_patchright'
captured=0 skipped=242 failed=0
pending=5814 shard=15/24 assigned=242
transport: canary vendor 'decodo_patchright'
2026-08-04 07:05:56,833 INFO vendor decodo_patchright: 50 prox(y/ies), sticky session re-minted -> session-cap1785841556w6
captured=0 skipped=242 failed=0
pending=5814 shard=17/24 assigned=242
transport: canary vendor 'decodo_patchright'
2026-08-04 07:05:56,852 INFO vendor decodo_patchright: 50 prox(y/ies), sticky session re-minted -> session-cap1785841556w17
2026-08-04 07:05:56,834 INFO vendor decodo_patchright: 50 prox(y/ies), sticky session re-minted -> session-cap1785841556w10
captured=0 skipped=242 failed=0
2026-08-04 07:05:56,839 INFO vendor decodo_patchright: 50 prox(y/ies), sticky session re-minted -> session-cap1785841556w7
2026-08-04 07:05:56,836 INFO vendor decodo_patchright: 50 prox(y/ies), sticky session re-minted -> session-cap1785841556w4
2026-08-04 07:05:56,841 INFO vendor decodo_patchright: 50 prox(y/ies), sticky session re-minted -> session-cap1785841556w15
captured=0 skipped=242 failed=0
captured=0 skipped=242 failed=0
pending=5814 shard=21/24 assigned=242
transport: canary vendor 'decodo_patchright'
2026-08-04 07:05:56,933 INFO vendor decodo_patchright: 50 prox(y/ies), sticky session re-minted -> session-cap1785841556w21
captured=0 skipped=242 failed=0
pending=5814 shard=13/24 assigned=242
transport: canary vendor 'decodo_patchright'
2026-08-04 07:05:56,940 INFO vendor decodo_patchright: 50 prox(y/ies), sticky session re-minted -> session-cap1785841556w13
EXIT=0
pending=5814 shard=19/24 assigned=242
transport: canary vendor 'decodo_patchright'
2026-08-04 07:05:57,050 INFO vendor decodo_patchright: 50 prox(y/ies), sticky session re-minted -> session-cap1785841557w19
EXIT=0
EXIT=0
pending=5814 shard=9/24 assigned=242
transport: canary vendor 'decodo_patchright'
2026-08-04 07:05:57,186 INFO vendor decodo_patchright: 50 prox(y/ies), sticky session re-minted -> session-cap1785841557w9
captured=0 skipped=242 failed=0
pending=5814 shard=12/24 assigned=242
transport: canary vendor 'decodo_patchright'
EXIT=0
2026-08-04 07:05:57,275 INFO vendor decodo_patchright: 50 prox(y/ies), sticky session re-minted -> session-cap1785841557w12
captured=0 skipped=242 failed=0
pending=5814 shard=18/24 assigned=242
transport: canary vendor 'decodo_patchright'
2026-08-04 07:05:57,301 INFO vendor decodo_patchright: 50 prox(y/ies), sticky session re-minted -> session-cap1785841557w18
pending=5814 shard=22/24 assigned=242
transport: canary vendor 'decodo_patchright'
2026-08-04 07:05:57,297 INFO vendor decodo_patchright: 50 prox(y/ies), sticky session re-minted -> session-cap1785841557w22
captured=0 skipped=242 failed=0
captured=0 skipped=242 failed=0
EXIT=0
EXIT=0
EXIT=0
EXIT=0
EXIT=0
EXIT=0
EXIT=0
EXIT=0
EXIT=0
EXIT=0
EXIT=0
EXIT=0
2026-08-04 07:06:29,688 WARNING challenge not cleared for contest_id=743579 -- bundle not written
captured=0 skipped=242 failed=1
EXIT=0
2026-08-04 07:06:30,500 WARNING challenge not cleared for contest_id=743119 -- bundle not written
captured=0 skipped=241 failed=1
EXIT=0
2026-08-04 07:06:31,030 WARNING challenge not cleared for contest_id=748387 -- bundle not written
captured=0 skipped=241 failed=1
EXIT=0
2026-08-04 07:07:02,012 WARNING challenge not cleared for contest_id=739795 -- bundle not written
captured=0 skipped=242 failed=1
EXIT=0
2026-08-04 07:33:55,658 ERROR BAN-SUSPECT: hard-stopping capture at contest_id=739967: NCAA fetch failed after rotating proxies: https://stats.ncaa.org/contests/739967/play_by_play: patchright: bm-verify not passed after 3 attempts (643-byte body)
BAN-SUSPECT: capture halted at contest_id=739967: NCAA fetch failed after rotating proxies: https://stats.ncaa.org/contests/739967/play_by_play: patchright: bm-verify not passed after 3 attempts (643-byte body)
EXIT=1
[07:33:55] capture stopped (rc=1) -- a ban/soft-ban hard-stop or Ctrl-C (see the capture log).
[07:33:56]   This is RESUMABLE: cool down (a ban clears in minutes-hours), then re-run this
[07:33:56]   script -- already-captured contests are skipped.
[07:33:56] === parse captured bundles -> mbb/json/ ===
log -> logs/parse_20260804_073356.log  (watch: tail -f logs/parse_20260804_073356.log)
seasons=all bundles=82191 pending=0 force=False shard=8/24 assigned=0
parsed=0 failed=0

EXIT=0
[07:34:10] DONE: captured_bundles=82191 parsed_json=82191 (capture rc=1)
[07:34:10] capture INCOMPLETE (rc=1) -- re-run this script to continue before building.
EXIT=1
[2026-08-04 07:34:11] season 2013: chunk 9 hard-stopped (rc=1), 189 remaining -- cooling 1800s
[08:04:11] NCAA MBB backfill: season=2013 workers=24
[08:04:11] watch this run:  tail -f /c/Users/saiem/Documents/GitHub-Data/sdv-dev/hoopR-dev/ncaa-mbb-hoops-raw/logs/backfill_2013_20260804_080411.log
[08:04:11] === skip discover (season 2013 already in schedule_master; delete mbb/schedule_master.parquet to force) ===
[08:04:11] === capture 2013: 24 worker(s), chunk=400 new bundles per worker ===
proxy creds loaded from /c/Users/saiem/.Renviron (values hidden)
proxy creds loaded from /c/Users/saiem/.Renviron (values hidden)
proxy creds loaded from /c/Users/saiem/.Renviron (values hidden)
proxy creds loaded from /c/Users/saiem/.Renviron (values hidden)
log -> logs/capture_20260804_080412.log  (watch: tail -f logs/capture_20260804_080412.log)
proxy creds loaded from /c/Users/saiem/.Renviron (values hidden)
log -> logs/capture_20260804_080412.log  (watch: tail -f logs/capture_20260804_080412.log)
proxy creds loaded from /c/Users/saiem/.Renviron (values hidden)
log -> logs/capture_20260804_080412.log  (watch: tail -f logs/capture_20260804_080412.log)
proxy creds loaded from /c/Users/saiem/.Renviron (values hidden)
log -> logs/capture_20260804_080412.log  (watch: tail -f logs/capture_20260804_080412.log)
proxy creds loaded from /c/Users/saiem/.Renviron (values hidden)
proxy creds loaded from /c/Users/saiem/.Renviron (values hidden)
log -> logs/capture_20260804_080412.log  (watch: tail -f logs/capture_20260804_080412.log)
proxy creds loaded from /c/Users/saiem/.Renviron (values hidden)
proxy creds loaded from /c/Users/saiem/.Renviron (values hidden)
log -> logs/capture_20260804_080412.log  (watch: tail -f logs/capture_20260804_080412.log)
proxy creds loaded from /c/Users/saiem/.Renviron (values hidden)
log -> logs/capture_20260804_080412.log  (watch: tail -f logs/capture_20260804_080412.log)
log -> logs/capture_20260804_080412.log  (watch: tail -f logs/capture_20260804_080412.log)
log -> logs/capture_20260804_080412.log  (watch: tail -f logs/capture_20260804_080412.log)
log -> logs/capture_20260804_080412.log  (watch: tail -f logs/capture_20260804_080412.log)
proxy creds loaded from /c/Users/saiem/.Renviron (values hidden)
proxy creds loaded from /c/Users/saiem/.Renviron (values hidden)
proxy creds loaded from /c/Users/saiem/.Renviron (values hidden)
log -> logs/capture_20260804_080412.log  (watch: tail -f logs/capture_20260804_080412.log)
proxy creds loaded from /c/Users/saiem/.Renviron (values hidden)
log -> logs/capture_20260804_080412.log  (watch: tail -f logs/capture_20260804_080412.log)
proxy creds loaded from /c/Users/saiem/.Renviron (values hidden)
proxy creds loaded from /c/Users/saiem/.Renviron (values hidden)
proxy creds loaded from /c/Users/saiem/.Renviron (values hidden)
log -> logs/capture_20260804_080412.log  (watch: tail -f logs/capture_20260804_080412.log)
proxy creds loaded from /c/Users/saiem/.Renviron (values hidden)
proxy creds loaded from /c/Users/saiem/.Renviron (values hidden)
proxy creds loaded from /c/Users/saiem/.Renviron (values hidden)
proxy creds loaded from /c/Users/saiem/.Renviron (values hidden)
log -> logs/capture_20260804_080412.log  (watch: tail -f logs/capture_20260804_080412.log)
log -> logs/capture_20260804_080412.log  (watch: tail -f logs/capture_20260804_080412.log)
log -> logs/capture_20260804_080412.log  (watch: tail -f logs/capture_20260804_080412.log)
log -> logs/capture_20260804_080412.log  (watch: tail -f logs/capture_20260804_080412.log)
log -> logs/capture_20260804_080412.log  (watch: tail -f logs/capture_20260804_080412.log)
log -> logs/capture_20260804_080412.log  (watch: tail -f logs/capture_20260804_080412.log)
log -> logs/capture_20260804_080412.log  (watch: tail -f logs/capture_20260804_080412.log)
log -> logs/capture_20260804_080412.log  (watch: tail -f logs/capture_20260804_080412.log)
proxy creds loaded from /c/Users/saiem/.Renviron (values hidden)
log -> logs/capture_20260804_080412.log  (watch: tail -f logs/capture_20260804_080412.log)
log -> logs/capture_20260804_080412.log  (watch: tail -f logs/capture_20260804_080412.log)
log -> logs/capture_20260804_080412.log  (watch: tail -f logs/capture_20260804_080412.log)
pending=5814 shard=2/24 assigned=243
transport: canary vendor 'decodo_patchright'
2026-08-04 08:04:16,329 INFO vendor decodo_patchright: 50 prox(y/ies), sticky session re-minted -> session-cap1785845056w2
captured=0 skipped=243 failed=0
pending=5814 shard=3/24 assigned=243
transport: canary vendor 'decodo_patchright'
2026-08-04 08:04:16,507 INFO vendor decodo_patchright: 50 prox(y/ies), sticky session re-minted -> session-cap1785845056w3
pending=5814 shard=4/24 assigned=243
transport: canary vendor 'decodo_patchright'
2026-08-04 08:04:16,516 INFO vendor decodo_patchright: 50 prox(y/ies), sticky session re-minted -> session-cap1785845056w4
captured=0 skipped=243 failed=0
pending=5814 shard=1/24 assigned=243
transport: canary vendor 'decodo_patchright'
2026-08-04 08:04:16,560 INFO vendor decodo_patchright: 50 prox(y/ies), sticky session re-minted -> session-cap1785845056w1
captured=0 skipped=243 failed=0
pending=5814 shard=5/24 assigned=243
transport: canary vendor 'decodo_patchright'
2026-08-04 08:04:16,599 INFO vendor decodo_patchright: 50 prox(y/ies), sticky session re-minted -> session-cap1785845056w5
pending=5814 shard=6/24 assigned=242
transport: canary vendor 'decodo_patchright'
2026-08-04 08:04:17,101 INFO vendor decodo_patchright: 50 prox(y/ies), sticky session re-minted -> session-cap1785845057w6
captured=0 skipped=242 failed=0
pending=5814 shard=0/24 assigned=243
transport: canary vendor 'decodo_patchright'
2026-08-04 08:04:17,581 INFO vendor decodo_patchright: 50 prox(y/ies), sticky session re-minted -> session-cap1785845057w0
captured=0 skipped=243 failed=0
pending=5814 shard=10/24 assigned=242
transport: canary vendor 'decodo_patchright'
2026-08-04 08:04:17,870 INFO vendor decodo_patchright: 50 prox(y/ies), sticky session re-minted -> session-cap1785845057w10
captured=0 skipped=242 failed=0
EXIT=0
pending=5814 shard=9/24 assigned=242
transport: canary vendor 'decodo_patchright'
2026-08-04 08:04:18,034 INFO vendor decodo_patchright: 50 prox(y/ies), sticky session re-minted -> session-cap1785845058w9
captured=0 skipped=242 failed=0
EXIT=0
EXIT=0
EXIT=0
EXIT=0
pending=5814 shard=15/24 assigned=242
transport: canary vendor 'decodo_patchright'
2026-08-04 08:04:18,756 INFO vendor decodo_patchright: 50 prox(y/ies), sticky session re-minted -> session-cap1785845058w15
pending=5814 shard=8/24 assigned=242
transport: canary vendor 'decodo_patchright'
pending=5814 shard=18/24 assigned=242
transport: canary vendor 'decodo_patchright'
2026-08-04 08:04:18,789 INFO vendor decodo_patchright: 50 prox(y/ies), sticky session re-minted -> session-cap1785845058w8
captured=0 skipped=242 failed=0
2026-08-04 08:04:18,789 INFO vendor decodo_patchright: 50 prox(y/ies), sticky session re-minted -> session-cap1785845058w18
captured=0 skipped=242 failed=0
EXIT=0
pending=5814 shard=14/24 assigned=242
transport: canary vendor 'decodo_patchright'
2026-08-04 08:04:19,067 INFO vendor decodo_patchright: 50 prox(y/ies), sticky session re-minted -> session-cap1785845059w14
pending=5814 shard=12/24 assigned=242
transport: canary vendor 'decodo_patchright'
2026-08-04 08:04:19,095 INFO vendor decodo_patchright: 50 prox(y/ies), sticky session re-minted -> session-cap1785845059w12
captured=0 skipped=242 failed=0
pending=5814 shard=11/24 assigned=242
transport: canary vendor 'decodo_patchright'
2026-08-04 08:04:19,112 INFO vendor decodo_patchright: 50 prox(y/ies), sticky session re-minted -> session-cap1785845059w11
captured=0 skipped=242 failed=0
captured=0 skipped=242 failed=0
pending=5814 shard=7/24 assigned=242
transport: canary vendor 'decodo_patchright'
2026-08-04 08:04:19,154 INFO vendor decodo_patchright: 50 prox(y/ies), sticky session re-minted -> session-cap1785845059w7
EXIT=0
captured=0 skipped=242 failed=0
pending=5814 shard=17/24 assigned=242
transport: canary vendor 'decodo_patchright'
2026-08-04 08:04:19,197 INFO vendor decodo_patchright: 50 prox(y/ies), sticky session re-minted -> session-cap1785845059w17
captured=0 skipped=242 failed=0
pending=5814 shard=21/24 assigned=242
transport: canary vendor 'decodo_patchright'
2026-08-04 08:04:19,353 INFO vendor decodo_patchright: 50 prox(y/ies), sticky session re-minted -> session-cap1785845059w21
captured=0 skipped=242 failed=0
pending=5814 shard=23/24 assigned=242
transport: canary vendor 'decodo_patchright'
2026-08-04 08:04:19,372 INFO vendor decodo_patchright: 50 prox(y/ies), sticky session re-minted -> session-cap1785845059w23
pending=5814 shard=19/24 assigned=242
transport: canary vendor 'decodo_patchright'
captured=0 skipped=242 failed=0
2026-08-04 08:04:19,401 INFO vendor decodo_patchright: 50 prox(y/ies), sticky session re-minted -> session-cap1785845059w19
pending=5814 shard=13/24 assigned=242
transport: canary vendor 'decodo_patchright'
pending=5814 shard=16/24 assigned=242
transport: canary vendor 'decodo_patchright'
2026-08-04 08:04:19,415 INFO vendor decodo_patchright: 50 prox(y/ies), sticky session re-minted -> session-cap1785845059w16
2026-08-04 08:04:19,416 INFO vendor decodo_patchright: 50 prox(y/ies), sticky session re-minted -> session-cap1785845059w13
pending=5814 shard=22/24 assigned=242
transport: canary vendor 'decodo_patchright'
captured=0 skipped=242 failed=0
EXIT=0
2026-08-04 08:04:19,438 INFO vendor decodo_patchright: 50 prox(y/ies), sticky session re-minted -> session-cap1785845059w22
captured=0 skipped=242 failed=0
pending=5814 shard=20/24 assigned=242
transport: canary vendor 'decodo_patchright'
2026-08-04 08:04:19,514 INFO vendor decodo_patchright: 50 prox(y/ies), sticky session re-minted -> session-cap1785845059w20
EXIT=0
captured=0 skipped=242 failed=0
EXIT=0
EXIT=0
EXIT=0
EXIT=0
EXIT=0
EXIT=0
EXIT=0
EXIT=0
EXIT=0
EXIT=0
2026-08-04 08:04:50,804 WARNING challenge not cleared for contest_id=743579 -- bundle not written
captured=0 skipped=242 failed=1
EXIT=0
2026-08-04 08:04:51,652 WARNING challenge not cleared for contest_id=739795 -- bundle not written
captured=0 skipped=242 failed=1
EXIT=0
2026-08-04 08:04:52,701 WARNING challenge not cleared for contest_id=748387 -- bundle not written
captured=0 skipped=241 failed=1
EXIT=0
2026-08-04 08:04:55,489 WARNING challenge not cleared for contest_id=743119 -- bundle not written
captured=0 skipped=241 failed=1
EXIT=0
2026-08-04 08:32:15,983 ERROR BAN-SUSPECT: hard-stopping capture at contest_id=739967: NCAA fetch failed after rotating proxies: https://stats.ncaa.org/contests/739967/play_by_play: patchright: bm-verify not passed after 3 attempts (643-byte body)
BAN-SUSPECT: capture halted at contest_id=739967: NCAA fetch failed after rotating proxies: https://stats.ncaa.org/contests/739967/play_by_play: patchright: bm-verify not passed after 3 attempts (643-byte body)
EXIT=1
[08:32:16] capture stopped (rc=1) -- a ban/soft-ban hard-stop or Ctrl-C (see the capture log).
[08:32:16]   This is RESUMABLE: cool down (a ban clears in minutes-hours), then re-run this
[08:32:16]   script -- already-captured contests are skipped.
[08:32:16] === parse captured bundles -> mbb/json/ ===
log -> logs/parse_20260804_083216.log  (watch: tail -f logs/parse_20260804_083216.log)
seasons=all bundles=82191 pending=0 force=False shard=10/24 assigned=0
parsed=0 failed=0
EXIT=0
[08:32:31] DONE: captured_bundles=82191 parsed_json=82191 (capture rc=1)
[08:32:31] capture INCOMPLETE (rc=1) -- re-run this script to continue before building.
EXIT=1
[2026-08-04 08:32:31] season 2013: chunk 10 hard-stopped (rc=1), 189 remaining -- cooling 1800s
[09:02:31] NCAA MBB backfill: season=2013 workers=24
[09:02:31] watch this run:  tail -f /c/Users/saiem/Documents/GitHub-Data/sdv-dev/hoopR-dev/ncaa-mbb-hoops-raw/logs/backfill_2013_20260804_090231.log
[09:02:31] === skip discover (season 2013 already in schedule_master; delete mbb/schedule_master.parquet to force) ===
[09:02:32] === capture 2013: 24 worker(s), chunk=400 new bundles per worker ===
proxy creds loaded from /c/Users/saiem/.Renviron (values hidden)
proxy creds loaded from /c/Users/saiem/.Renviron (values hidden)
proxy creds loaded from /c/Users/saiem/.Renviron (values hidden)
proxy creds loaded from /c/Users/saiem/.Renviron (values hidden)
log -> logs/capture_20260804_090232.log  (watch: tail -f logs/capture_20260804_090232.log)
proxy creds loaded from /c/Users/saiem/.Renviron (values hidden)
proxy creds loaded from /c/Users/saiem/.Renviron (values hidden)
log -> logs/capture_20260804_090232.log  (watch: tail -f logs/capture_20260804_090232.log)
proxy creds loaded from /c/Users/saiem/.Renviron (values hidden)
proxy creds loaded from /c/Users/saiem/.Renviron (values hidden)
proxy creds loaded from /c/Users/saiem/.Renviron (values hidden)
proxy creds loaded from /c/Users/saiem/.Renviron (values hidden)
log -> logs/capture_20260804_090232.log  (watch: tail -f logs/capture_20260804_090232.log)
proxy creds loaded from /c/Users/saiem/.Renviron (values hidden)
proxy creds loaded from /c/Users/saiem/.Renviron (values hidden)
proxy creds loaded from /c/Users/saiem/.Renviron (values hidden)
log -> logs/capture_20260804_090232.log  (watch: tail -f logs/capture_20260804_090232.log)
log -> logs/capture_20260804_090232.log  (watch: tail -f logs/capture_20260804_090232.log)
log -> logs/capture_20260804_090232.log  (watch: tail -f logs/capture_20260804_090232.log)
log -> logs/capture_20260804_090232.log  (watch: tail -f logs/capture_20260804_090232.log)
log -> logs/capture_20260804_090232.log  (watch: tail -f logs/capture_20260804_090232.log)
proxy creds loaded from /c/Users/saiem/.Renviron (values hidden)
log -> logs/capture_20260804_090232.log  (watch: tail -f logs/capture_20260804_090232.log)
log -> logs/capture_20260804_090232.log  (watch: tail -f logs/capture_20260804_090232.log)
proxy creds loaded from /c/Users/saiem/.Renviron (values hidden)
log -> logs/capture_20260804_090232.log  (watch: tail -f logs/capture_20260804_090232.log)
proxy creds loaded from /c/Users/saiem/.Renviron (values hidden)
proxy creds loaded from /c/Users/saiem/.Renviron (values hidden)
proxy creds loaded from /c/Users/saiem/.Renviron (values hidden)
log -> logs/capture_20260804_090232.log  (watch: tail -f logs/capture_20260804_090232.log)
proxy creds loaded from /c/Users/saiem/.Renviron (values hidden)
log -> logs/capture_20260804_090232.log  (watch: tail -f logs/capture_20260804_090232.log)
proxy creds loaded from /c/Users/saiem/.Renviron (values hidden)
proxy creds loaded from /c/Users/saiem/.Renviron (values hidden)
log -> logs/capture_20260804_090232.log  (watch: tail -f logs/capture_20260804_090232.log)
proxy creds loaded from /c/Users/saiem/.Renviron (values hidden)
log -> logs/capture_20260804_090232.log  (watch: tail -f logs/capture_20260804_090232.log)
log -> logs/capture_20260804_090232.log  (watch: tail -f logs/capture_20260804_090232.log)
proxy creds loaded from /c/Users/saiem/.Renviron (values hidden)
log -> logs/capture_20260804_090232.log  (watch: tail -f logs/capture_20260804_090232.log)
log -> logs/capture_20260804_090232.log  (watch: tail -f logs/capture_20260804_090232.log)
log -> logs/capture_20260804_090232.log  (watch: tail -f logs/capture_20260804_090232.log)
log -> logs/capture_20260804_090232.log  (watch: tail -f logs/capture_20260804_090232.log)
proxy creds loaded from /c/Users/saiem/.Renviron (values hidden)
log -> logs/capture_20260804_090232.log  (watch: tail -f logs/capture_20260804_090232.log)
log -> logs/capture_20260804_090232.log  (watch: tail -f logs/capture_20260804_090232.log)
log -> logs/capture_20260804_090232.log  (watch: tail -f logs/capture_20260804_090232.log)
log -> logs/capture_20260804_090232.log  (watch: tail -f logs/capture_20260804_090232.log)
pending=5814 shard=17/24 assigned=242
transport: canary vendor 'decodo_patchright'
2026-08-04 09:02:36,958 INFO vendor decodo_patchright: 50 prox(y/ies), sticky session re-minted -> session-cap1785848556w17
captured=0 skipped=242 failed=0
pending=5814 shard=0/24 assigned=243
transport: canary vendor 'decodo_patchright'
2026-08-04 09:02:37,023 INFO vendor decodo_patchright: 50 prox(y/ies), sticky session re-minted -> session-cap1785848557w0
captured=0 skipped=243 failed=0
pending=5814 shard=1/24 assigned=243
transport: canary vendor 'decodo_patchright'
2026-08-04 09:02:37,554 INFO vendor decodo_patchright: 50 prox(y/ies), sticky session re-minted -> session-cap1785848557w1
captured=0 skipped=243 failed=0
EXIT=0
pending=5814 shard=15/24 assigned=242
transport: canary vendor 'decodo_patchright'
pending=5814 shard=14/24 assigned=242
transport: canary vendor 'decodo_patchright'
pending=5814 shard=23/24 assigned=242
transport: canary vendor 'decodo_patchright'
2026-08-04 09:02:38,859 INFO vendor decodo_patchright: 50 prox(y/ies), sticky session re-minted -> session-cap1785848558w15
2026-08-04 09:02:38,868 INFO vendor decodo_patchright: 50 prox(y/ies), sticky session re-minted -> session-cap1785848558w14
captured=0 skipped=242 failed=0
pending=5814 shard=3/24 assigned=243
transport: canary vendor 'decodo_patchright'
2026-08-04 09:02:38,956 INFO vendor decodo_patchright: 50 prox(y/ies), sticky session re-minted -> session-cap1785848558w3
captured=0 skipped=243 failed=0
2026-08-04 09:02:38,956 INFO vendor decodo_patchright: 50 prox(y/ies), sticky session re-minted -> session-cap1785848558w23
captured=0 skipped=242 failed=0
pending=5814 shard=8/24 assigned=242
transport: canary vendor 'decodo_patchright'
2026-08-04 09:02:39,109 INFO vendor decodo_patchright: 50 prox(y/ies), sticky session re-minted -> session-cap1785848559w8
captured=0 skipped=242 failed=0
pending=5814 shard=21/24 assigned=242
transport: canary vendor 'decodo_patchright'
2026-08-04 09:02:39,157 INFO vendor decodo_patchright: 50 prox(y/ies), sticky session re-minted -> session-cap1785848559w21
pending=5814 shard=7/24 assigned=242
transport: canary vendor 'decodo_patchright'
2026-08-04 09:02:39,171 INFO vendor decodo_patchright: 50 prox(y/ies), sticky session re-minted -> session-cap1785848559w7
pending=5814 shard=11/24 assigned=242
transport: canary vendor 'decodo_patchright'
2026-08-04 09:02:39,170 INFO vendor decodo_patchright: 50 prox(y/ies), sticky session re-minted -> session-cap1785848559w11
captured=0 skipped=242 failed=0
captured=0 skipped=242 failed=0
pending=5814 shard=12/24 assigned=242
transport: canary vendor 'decodo_patchright'
captured=0 skipped=242 failed=0
pending=5814 shard=13/24 assigned=242
transport: canary vendor 'decodo_patchright'
pending=5814 shard=6/24 assigned=242
transport: canary vendor 'decodo_patchright'
2026-08-04 09:02:39,306 INFO vendor decodo_patchright: 50 prox(y/ies), sticky session re-minted -> session-cap1785848559w12
captured=0 skipped=242 failed=0
2026-08-04 09:02:39,306 INFO vendor decodo_patchright: 50 prox(y/ies), sticky session re-minted -> session-cap1785848559w6
captured=0 skipped=242 failed=0
2026-08-04 09:02:39,330 INFO vendor decodo_patchright: 50 prox(y/ies), sticky session re-minted -> session-cap1785848559w13
pending=5814 shard=16/24 assigned=242
transport: canary vendor 'decodo_patchright'
pending=5814 shard=19/24 assigned=242
transport: canary vendor 'decodo_patchright'
2026-08-04 09:02:39,369 INFO vendor decodo_patchright: 50 prox(y/ies), sticky session re-minted -> session-cap1785848559w19
2026-08-04 09:02:39,369 INFO vendor decodo_patchright: 50 prox(y/ies), sticky session re-minted -> session-cap1785848559w16
captured=0 skipped=242 failed=0
EXIT=0
pending=5814 shard=9/24 assigned=242
transport: canary vendor 'decodo_patchright'
2026-08-04 09:02:39,506 INFO vendor decodo_patchright: 50 prox(y/ies), sticky session re-minted -> session-cap1785848559w9
captured=0 skipped=242 failed=0
EXIT=0
EXIT=0
pending=5814 shard=2/24 assigned=243
transport: canary vendor 'decodo_patchright'
2026-08-04 09:02:39,659 INFO vendor decodo_patchright: 50 prox(y/ies), sticky session re-minted -> session-cap1785848559w2
EXIT=0
captured=0 skipped=243 failed=0
pending=5814 shard=5/24 assigned=243
transport: canary vendor 'decodo_patchright'
2026-08-04 09:02:39,727 INFO vendor decodo_patchright: 50 prox(y/ies), sticky session re-minted -> session-cap1785848559w5
pending=5814 shard=4/24 assigned=243
transport: canary vendor 'decodo_patchright'
EXIT=0
2026-08-04 09:02:39,815 INFO vendor decodo_patchright: 50 prox(y/ies), sticky session re-minted -> session-cap1785848559w4
EXIT=0
pending=5814 shard=18/24 assigned=242
transport: canary vendor 'decodo_patchright'
2026-08-04 09:02:39,866 INFO vendor decodo_patchright: 50 prox(y/ies), sticky session re-minted -> session-cap1785848559w18
captured=0 skipped=242 failed=0
EXIT=0
EXIT=0
pending=5814 shard=20/24 assigned=242
transport: canary vendor 'decodo_patchright'
EXIT=0
2026-08-04 09:02:39,947 INFO vendor decodo_patchright: 50 prox(y/ies), sticky session re-minted -> session-cap1785848559w20
captured=0 skipped=242 failed=0
pending=5814 shard=22/24 assigned=242
transport: canary vendor 'decodo_patchright'
pending=5814 shard=10/24 assigned=242
transport: canary vendor 'decodo_patchright'
2026-08-04 09:02:39,968 INFO vendor decodo_patchright: 50 prox(y/ies), sticky session re-minted -> session-cap1785848559w22
captured=0 skipped=242 failed=0
2026-08-04 09:02:39,977 INFO vendor decodo_patchright: 50 prox(y/ies), sticky session re-minted -> session-cap1785848559w10
captured=0 skipped=242 failed=0
EXIT=0
EXIT=0
EXIT=0
EXIT=0
EXIT=0
EXIT=0
EXIT=0
EXIT=0
EXIT=0
2026-08-04 09:03:14,040 WARNING challenge not cleared for contest_id=743119 -- bundle not written
captured=0 skipped=241 failed=1
2026-08-04 09:03:14,422 WARNING challenge not cleared for contest_id=739795 -- bundle not written
2026-08-04 09:03:14,438 WARNING challenge not cleared for contest_id=748387 -- bundle not written
EXIT=0
captured=0 skipped=242 failed=1
captured=0 skipped=241 failed=1
EXIT=0
EXIT=0
2026-08-04 09:03:19,191 WARNING challenge not cleared for contest_id=743579 -- bundle not written
captured=0 skipped=242 failed=1
EXIT=0
2026-08-04 09:30:46,873 ERROR BAN-SUSPECT: hard-stopping capture at contest_id=739967: NCAA fetch failed after rotating proxies: https://stats.ncaa.org/contests/739967/play_by_play: patchright: bm-verify not passed after 3 attempts (643-byte body)
BAN-SUSPECT: capture halted at contest_id=739967: NCAA fetch failed after rotating proxies: https://stats.ncaa.org/contests/739967/play_by_play: patchright: bm-verify not passed after 3 attempts (643-byte body)
EXIT=1
[09:30:47] capture stopped (rc=1) -- a ban/soft-ban hard-stop or Ctrl-C (see the capture log).
[09:30:47]   This is RESUMABLE: cool down (a ban clears in minutes-hours), then re-run this
[09:30:47]   script -- already-captured contests are skipped.
[09:30:47] === parse captured bundles -> mbb/json/ ===
log -> logs/parse_20260804_093047.log  (watch: tail -f logs/parse_20260804_093047.log)
seasons=all bundles=82191 pending=0 force=False shard=5/24 assigned=0
parsed=0 failed=0

EXIT=0
[09:31:02] DONE: captured_bundles=82191 parsed_json=82191 (capture rc=1)
[09:31:02] capture INCOMPLETE (rc=1) -- re-run this script to continue before building.
EXIT=1
[2026-08-04 09:31:03] season 2013: chunk 11 hard-stopped (rc=1), 189 remaining -- cooling 1800s
[10:01:03] NCAA MBB backfill: season=2013 workers=24
[10:01:03] watch this run:  tail -f /c/Users/saiem/Documents/GitHub-Data/sdv-dev/hoopR-dev/ncaa-mbb-hoops-raw/logs/backfill_2013_20260804_100103.log
[10:01:03] === skip discover (season 2013 already in schedule_master; delete mbb/schedule_master.parquet to force) ===
[10:01:04] === capture 2013: 24 worker(s), chunk=400 new bundles per worker ===
proxy creds loaded from /c/Users/saiem/.Renviron (values hidden)
proxy creds loaded from /c/Users/saiem/.Renviron (values hidden)
log -> logs/capture_20260804_100104.log  (watch: tail -f logs/capture_20260804_100104.log)
proxy creds loaded from /c/Users/saiem/.Renviron (values hidden)
log -> logs/capture_20260804_100104.log  (watch: tail -f logs/capture_20260804_100104.log)
proxy creds loaded from /c/Users/saiem/.Renviron (values hidden)
proxy creds loaded from /c/Users/saiem/.Renviron (values hidden)
proxy creds loaded from /c/Users/saiem/.Renviron (values hidden)
proxy creds loaded from /c/Users/saiem/.Renviron (values hidden)
proxy creds loaded from /c/Users/saiem/.Renviron (values hidden)
proxy creds loaded from /c/Users/saiem/.Renviron (values hidden)
proxy creds loaded from /c/Users/saiem/.Renviron (values hidden)
log -> logs/capture_20260804_100104.log  (watch: tail -f logs/capture_20260804_100104.log)
log -> logs/capture_20260804_100104.log  (watch: tail -f logs/capture_20260804_100104.log)
log -> logs/capture_20260804_100104.log  (watch: tail -f logs/capture_20260804_100104.log)
proxy creds loaded from /c/Users/saiem/.Renviron (values hidden)
log -> logs/capture_20260804_100104.log  (watch: tail -f logs/capture_20260804_100104.log)
log -> logs/capture_20260804_100104.log  (watch: tail -f logs/capture_20260804_100104.log)
log -> logs/capture_20260804_100104.log  (watch: tail -f logs/capture_20260804_100104.log)
proxy creds loaded from /c/Users/saiem/.Renviron (values hidden)
log -> logs/capture_20260804_100104.log  (watch: tail -f logs/capture_20260804_100104.log)
proxy creds loaded from /c/Users/saiem/.Renviron (values hidden)
proxy creds loaded from /c/Users/saiem/.Renviron (values hidden)
log -> logs/capture_20260804_100104.log  (watch: tail -f logs/capture_20260804_100104.log)
proxy creds loaded from /c/Users/saiem/.Renviron (values hidden)
proxy creds loaded from /c/Users/saiem/.Renviron (values hidden)
log -> logs/capture_20260804_100104.log  (watch: tail -f logs/capture_20260804_100104.log)
proxy creds loaded from /c/Users/saiem/.Renviron (values hidden)
proxy creds loaded from /c/Users/saiem/.Renviron (values hidden)
log -> logs/capture_20260804_100104.log  (watch: tail -f logs/capture_20260804_100104.log)
proxy creds loaded from /c/Users/saiem/.Renviron (values hidden)
log -> logs/capture_20260804_100104.log  (watch: tail -f logs/capture_20260804_100104.log)
log -> logs/capture_20260804_100104.log  (watch: tail -f logs/capture_20260804_100104.log)
proxy creds loaded from /c/Users/saiem/.Renviron (values hidden)
proxy creds loaded from /c/Users/saiem/.Renviron (values hidden)
proxy creds loaded from /c/Users/saiem/.Renviron (values hidden)
log -> logs/capture_20260804_100104.log  (watch: tail -f logs/capture_20260804_100104.log)
log -> logs/capture_20260804_100104.log  (watch: tail -f logs/capture_20260804_100104.log)
proxy creds loaded from /c/Users/saiem/.Renviron (values hidden)
log -> logs/capture_20260804_100104.log  (watch: tail -f logs/capture_20260804_100104.log)
proxy creds loaded from /c/Users/saiem/.Renviron (values hidden)
log -> logs/capture_20260804_100104.log  (watch: tail -f logs/capture_20260804_100104.log)
log -> logs/capture_20260804_100104.log  (watch: tail -f logs/capture_20260804_100104.log)
log -> logs/capture_20260804_100104.log  (watch: tail -f logs/capture_20260804_100104.log)
log -> logs/capture_20260804_100104.log  (watch: tail -f logs/capture_20260804_100104.log)
log -> logs/capture_20260804_100104.log  (watch: tail -f logs/capture_20260804_100104.log)
log -> logs/capture_20260804_100104.log  (watch: tail -f logs/capture_20260804_100104.log)
log -> logs/capture_20260804_100104.log  (watch: tail -f logs/capture_20260804_100104.log)
pending=5814 shard=1/24 assigned=243
transport: canary vendor 'decodo_patchright'
2026-08-04 10:01:08,681 INFO vendor decodo_patchright: 50 prox(y/ies), sticky session re-minted -> session-cap1785852068w1
captured=0 skipped=243 failed=0
pending=5814 shard=8/24 assigned=242
transport: canary vendor 'decodo_patchright'
2026-08-04 10:01:08,884 INFO vendor decodo_patchright: 50 prox(y/ies), sticky session re-minted -> session-cap1785852068w8
captured=0 skipped=242 failed=0
pending=5814 shard=12/24 assigned=242
transport: canary vendor 'decodo_patchright'
2026-08-04 10:01:09,256 INFO vendor decodo_patchright: 50 prox(y/ies), sticky session re-minted -> session-cap1785852069w12
captured=0 skipped=242 failed=0
pending=5814 shard=23/24 assigned=242
transport: canary vendor 'decodo_patchright'
pending=5814 shard=19/24 assigned=242
transport: canary vendor 'decodo_patchright'
pending=5814 shard=9/24 assigned=242
transport: canary vendor 'decodo_patchright'
pending=5814 shard=18/24 assigned=242
transport: canary vendor 'decodo_patchright'
2026-08-04 10:01:10,505 INFO vendor decodo_patchright: 50 prox(y/ies), sticky session re-minted -> session-cap1785852070w23
captured=0 skipped=242 failed=0
pending=5814 shard=17/24 assigned=242
transport: canary vendor 'decodo_patchright'
2026-08-04 10:01:10,553 INFO vendor decodo_patchright: 50 prox(y/ies), sticky session re-minted -> session-cap1785852070w9
captured=0 skipped=242 failed=0
2026-08-04 10:01:10,629 INFO vendor decodo_patchright: 50 prox(y/ies), sticky session re-minted -> session-cap1785852070w17
2026-08-04 10:01:10,585 INFO vendor decodo_patchright: 50 prox(y/ies), sticky session re-minted -> session-cap1785852070w19
EXIT=0
2026-08-04 10:01:10,631 INFO vendor decodo_patchright: 50 prox(y/ies), sticky session re-minted -> session-cap1785852070w18
captured=0 skipped=242 failed=0
captured=0 skipped=242 failed=0
pending=5814 shard=10/24 assigned=242
transport: canary vendor 'decodo_patchright'
2026-08-04 10:01:10,759 INFO vendor decodo_patchright: 50 prox(y/ies), sticky session re-minted -> session-cap1785852070w10
captured=0 skipped=242 failed=0
pending=5814 shard=4/24 assigned=243
transport: canary vendor 'decodo_patchright'
2026-08-04 10:01:10,990 INFO vendor decodo_patchright: 50 prox(y/ies), sticky session re-minted -> session-cap1785852070w4
pending=5814 shard=2/24 assigned=243
transport: canary vendor 'decodo_patchright'
pending=5814 shard=11/24 assigned=242
transport: canary vendor 'decodo_patchright'
pending=5814 shard=21/24 assigned=242
transport: canary vendor 'decodo_patchright'
pending=5814 shard=22/24 assigned=242
transport: canary vendor 'decodo_patchright'
2026-08-04 10:01:11,038 INFO vendor decodo_patchright: 50 prox(y/ies), sticky session re-minted -> session-cap1785852071w22
2026-08-04 10:01:11,038 INFO vendor decodo_patchright: 50 prox(y/ies), sticky session re-minted -> session-cap1785852071w21
2026-08-04 10:01:11,039 INFO vendor decodo_patchright: 50 prox(y/ies), sticky session re-minted -> session-cap1785852071w11
2026-08-04 10:01:11,039 INFO vendor decodo_patchright: 50 prox(y/ies), sticky session re-minted -> session-cap1785852071w2
pending=5814 shard=6/24 assigned=242
transport: canary vendor 'decodo_patchright'
2026-08-04 10:01:11,049 INFO vendor decodo_patchright: 50 prox(y/ies), sticky session re-minted -> session-cap1785852071w6
captured=0 skipped=242 failed=0
captured=0 skipped=243 failed=0
captured=0 skipped=242 failed=0
captured=0 skipped=242 failed=0
captured=0 skipped=242 failed=0
pending=5814 shard=16/24 assigned=242
transport: canary vendor 'decodo_patchright'
2026-08-04 10:01:11,080 INFO vendor decodo_patchright: 50 prox(y/ies), sticky session re-minted -> session-cap1785852071w16
captured=0 skipped=242 failed=0
pending=5814 shard=20/24 assigned=242
transport: canary vendor 'decodo_patchright'
EXIT=0
pending=5814 shard=5/24 assigned=243
transport: canary vendor 'decodo_patchright'
2026-08-04 10:01:11,128 INFO vendor decodo_patchright: 50 prox(y/ies), sticky session re-minted -> session-cap1785852071w20
captured=0 skipped=242 failed=0
2026-08-04 10:01:11,147 INFO vendor decodo_patchright: 50 prox(y/ies), sticky session re-minted -> session-cap1785852071w5
EXIT=0
pending=5814 shard=0/24 assigned=243
transport: canary vendor 'decodo_patchright'
pending=5814 shard=15/24 assigned=242
transport: canary vendor 'decodo_patchright'
2026-08-04 10:01:11,182 INFO vendor decodo_patchright: 50 prox(y/ies), sticky session re-minted -> session-cap1785852071w0
pending=5814 shard=7/24 assigned=242
transport: canary vendor 'decodo_patchright'
2026-08-04 10:01:11,182 INFO vendor decodo_patchright: 50 prox(y/ies), sticky session re-minted -> session-cap1785852071w15
2026-08-04 10:01:11,195 INFO vendor decodo_patchright: 50 prox(y/ies), sticky session re-minted -> session-cap1785852071w7
captured=0 skipped=243 failed=0
captured=0 skipped=242 failed=0
EXIT=0
pending=5814 shard=14/24 assigned=242
transport: canary vendor 'decodo_patchright'
EXIT=0
2026-08-04 10:01:11,259 INFO vendor decodo_patchright: 50 prox(y/ies), sticky session re-minted -> session-cap1785852071w14
EXIT=0
captured=0 skipped=242 failed=0
pending=5814 shard=3/24 assigned=243
transport: canary vendor 'decodo_patchright'
2026-08-04 10:01:11,334 INFO vendor decodo_patchright: 50 prox(y/ies), sticky session re-minted -> session-cap1785852071w3
captured=0 skipped=243 failed=0
EXIT=0
pending=5814 shard=13/24 assigned=242
transport: canary vendor 'decodo_patchright'
2026-08-04 10:01:11,406 INFO vendor decodo_patchright: 50 prox(y/ies), sticky session re-minted -> session-cap1785852071w13
EXIT=0
EXIT=0
EXIT=0
EXIT=0
EXIT=0
EXIT=0
EXIT=0
EXIT=0
EXIT=0
EXIT=0
EXIT=0
EXIT=0
2026-08-04 10:01:46,483 WARNING challenge not cleared for contest_id=743579 -- bundle not written
captured=0 skipped=242 failed=1
2026-08-04 10:01:46,901 WARNING challenge not cleared for contest_id=743119 -- bundle not written
EXIT=0
captured=0 skipped=241 failed=1
EXIT=0
2026-08-04 10:01:50,219 WARNING challenge not cleared for contest_id=748387 -- bundle not written
captured=0 skipped=241 failed=1
2026-08-04 10:01:50,561 WARNING challenge not cleared for contest_id=739795 -- bundle not written
EXIT=0
captured=0 skipped=242 failed=1
EXIT=0
2026-08-04 10:28:55,660 ERROR BAN-SUSPECT: hard-stopping capture at contest_id=739967: NCAA fetch failed after rotating proxies: https://stats.ncaa.org/contests/739967/play_by_play: patchright: bm-verify not passed after 3 attempts (643-byte body)
BAN-SUSPECT: capture halted at contest_id=739967: NCAA fetch failed after rotating proxies: https://stats.ncaa.org/contests/739967/play_by_play: patchright: bm-verify not passed after 3 attempts (643-byte body)
EXIT=1
[10:28:55] capture stopped (rc=1) -- a ban/soft-ban hard-stop or Ctrl-C (see the capture log).
[10:28:55]   This is RESUMABLE: cool down (a ban clears in minutes-hours), then re-run this
[10:28:56]   script -- already-captured contests are skipped.
[10:28:56] === parse captured bundles -> mbb/json/ ===
log -> logs/parse_20260804_102856.log  (watch: tail -f logs/parse_20260804_102856.log)
seasons=all bundles=82191 pending=0 force=False shard=15/24 assigned=0
parsed=0 failed=0
EXIT=0
[10:29:11] DONE: captured_bundles=82191 parsed_json=82191 (capture rc=1)
[10:29:11] capture INCOMPLETE (rc=1) -- re-run this script to continue before building.
EXIT=1
[2026-08-04 10:29:11] season 2013: chunk 12 hard-stopped (rc=1), 189 remaining -- cooling 1800s
[2026-08-04 10:59:11] season 2013: MAX_ROUNDS=12 reached with 189 remaining -- moving on (re-run later to finish)
[2026-08-04 10:59:11] === season 2012 ===
[10:59:12] NCAA MBB backfill: season=2012 workers=24
[10:59:12] watch this run:  tail -f /c/Users/saiem/Documents/GitHub-Data/sdv-dev/hoopR-dev/ncaa-mbb-hoops-raw/logs/backfill_2012_20260804_105911.log
[10:59:12] === skip discover (season 2012 already in schedule_master; delete mbb/schedule_master.parquet to force) ===
[10:59:12] === capture 2012: 24 worker(s), chunk=400 new bundles per worker ===
proxy creds loaded from /c/Users/saiem/.Renviron (values hidden)
proxy creds loaded from /c/Users/saiem/.Renviron (values hidden)
proxy creds loaded from /c/Users/saiem/.Renviron (values hidden)
proxy creds loaded from /c/Users/saiem/.Renviron (values hidden)
proxy creds loaded from /c/Users/saiem/.Renviron (values hidden)
proxy creds loaded from /c/Users/saiem/.Renviron (values hidden)
proxy creds loaded from /c/Users/saiem/.Renviron (values hidden)
log -> logs/capture_20260804_105912.log  (watch: tail -f logs/capture_20260804_105912.log)
proxy creds loaded from /c/Users/saiem/.Renviron (values hidden)
log -> logs/capture_20260804_105912.log  (watch: tail -f logs/capture_20260804_105912.log)
proxy creds loaded from /c/Users/saiem/.Renviron (values hidden)
proxy creds loaded from /c/Users/saiem/.Renviron (values hidden)
log -> logs/capture_20260804_105912.log  (watch: tail -f logs/capture_20260804_105912.log)
log -> logs/capture_20260804_105912.log  (watch: tail -f logs/capture_20260804_105912.log)
log -> logs/capture_20260804_105912.log  (watch: tail -f logs/capture_20260804_105912.log)
proxy creds loaded from /c/Users/saiem/.Renviron (values hidden)
log -> logs/capture_20260804_105912.log  (watch: tail -f logs/capture_20260804_105912.log)
proxy creds loaded from /c/Users/saiem/.Renviron (values hidden)
log -> logs/capture_20260804_105912.log  (watch: tail -f logs/capture_20260804_105912.log)
proxy creds loaded from /c/Users/saiem/.Renviron (values hidden)
log -> logs/capture_20260804_105912.log  (watch: tail -f logs/capture_20260804_105912.log)
log -> logs/capture_20260804_105912.log  (watch: tail -f logs/capture_20260804_105912.log)
log -> logs/capture_20260804_105912.log  (watch: tail -f logs/capture_20260804_105912.log)
proxy creds loaded from /c/Users/saiem/.Renviron (values hidden)
log -> logs/capture_20260804_105912.log  (watch: tail -f logs/capture_20260804_105912.log)
proxy creds loaded from /c/Users/saiem/.Renviron (values hidden)
log -> logs/capture_20260804_105912.log  (watch: tail -f logs/capture_20260804_105912.log)
log -> logs/capture_20260804_105912.log  (watch: tail -f logs/capture_20260804_105912.log)
proxy creds loaded from /c/Users/saiem/.Renviron (values hidden)
proxy creds loaded from /c/Users/saiem/.Renviron (values hidden)
log -> logs/capture_20260804_105912.log  (watch: tail -f logs/capture_20260804_105912.log)
proxy creds loaded from /c/Users/saiem/.Renviron (values hidden)
proxy creds loaded from /c/Users/saiem/.Renviron (values hidden)
proxy creds loaded from /c/Users/saiem/.Renviron (values hidden)
log -> logs/capture_20260804_105912.log  (watch: tail -f logs/capture_20260804_105912.log)
proxy creds loaded from /c/Users/saiem/.Renviron (values hidden)
log -> logs/capture_20260804_105913.log  (watch: tail -f logs/capture_20260804_105913.log)
log -> logs/capture_20260804_105913.log  (watch: tail -f logs/capture_20260804_105913.log)
log -> logs/capture_20260804_105913.log  (watch: tail -f logs/capture_20260804_105913.log)
log -> logs/capture_20260804_105913.log  (watch: tail -f logs/capture_20260804_105913.log)
proxy creds loaded from /c/Users/saiem/.Renviron (values hidden)
log -> logs/capture_20260804_105913.log  (watch: tail -f logs/capture_20260804_105913.log)
log -> logs/capture_20260804_105913.log  (watch: tail -f logs/capture_20260804_105913.log)
proxy creds loaded from /c/Users/saiem/.Renviron (values hidden)
proxy creds loaded from /c/Users/saiem/.Renviron (values hidden)
log -> logs/capture_20260804_105913.log  (watch: tail -f logs/capture_20260804_105913.log)
log -> logs/capture_20260804_105913.log  (watch: tail -f logs/capture_20260804_105913.log)
log -> logs/capture_20260804_105913.log  (watch: tail -f logs/capture_20260804_105913.log)
pending=5775 shard=6/24 assigned=241
transport: canary vendor 'decodo_patchright'
2026-08-04 10:59:17,279 INFO vendor decodo_patchright: 50 prox(y/ies), sticky session re-minted -> session-cap1785855557w6
pending=5775 shard=8/24 assigned=241
transport: canary vendor 'decodo_patchright'
2026-08-04 10:59:17,418 INFO vendor decodo_patchright: 50 prox(y/ies), sticky session re-minted -> session-cap1785855557w8
pending=5775 shard=2/24 assigned=241
transport: canary vendor 'decodo_patchright'
2026-08-04 10:59:17,785 INFO vendor decodo_patchright: 50 prox(y/ies), sticky session re-minted -> session-cap1785855557w2
pending=5775 shard=4/24 assigned=241
transport: canary vendor 'decodo_patchright'
2026-08-04 10:59:17,962 INFO vendor decodo_patchright: 50 prox(y/ies), sticky session re-minted -> session-cap1785855557w4
pending=5775 shard=1/24 assigned=241
transport: canary vendor 'decodo_patchright'
2026-08-04 10:59:18,192 INFO vendor decodo_patchright: 50 prox(y/ies), sticky session re-minted -> session-cap1785855558w1
pending=5775 shard=0/24 assigned=241
transport: canary vendor 'decodo_patchright'
2026-08-04 10:59:18,158 INFO vendor decodo_patchright: 50 prox(y/ies), sticky session re-minted -> session-cap1785855558w0
pending=5775 shard=5/24 assigned=241
transport: canary vendor 'decodo_patchright'
2026-08-04 10:59:18,549 INFO vendor decodo_patchright: 50 prox(y/ies), sticky session re-minted -> session-cap1785855558w5
pending=5775 shard=7/24 assigned=241
transport: canary vendor 'decodo_patchright'
pending=5775 shard=11/24 assigned=241
transport: canary vendor 'decodo_patchright'
2026-08-04 10:59:18,745 INFO vendor decodo_patchright: 50 prox(y/ies), sticky session re-minted -> session-cap1785855558w7
2026-08-04 10:59:18,946 INFO vendor decodo_patchright: 50 prox(y/ies), sticky session re-minted -> session-cap1785855558w11
pending=5775 shard=3/24 assigned=241
transport: canary vendor 'decodo_patchright'
2026-08-04 10:59:19,168 INFO vendor decodo_patchright: 50 prox(y/ies), sticky session re-minted -> session-cap1785855559w3
pending=5775 shard=9/24 assigned=241
transport: canary vendor 'decodo_patchright'
pending=5775 shard=15/24 assigned=240
transport: canary vendor 'decodo_patchright'
2026-08-04 10:59:19,700 INFO vendor decodo_patchright: 50 prox(y/ies), sticky session re-minted -> session-cap1785855559w9
2026-08-04 10:59:19,860 INFO vendor decodo_patchright: 50 prox(y/ies), sticky session re-minted -> session-cap1785855559w15
pending=5775 shard=13/24 assigned=241
transport: canary vendor 'decodo_patchright'
pending=5775 shard=10/24 assigned=241
transport: canary vendor 'decodo_patchright'
2026-08-04 10:59:20,166 INFO vendor decodo_patchright: 50 prox(y/ies), sticky session re-minted -> session-cap1785855560w13
2026-08-04 10:59:20,396 INFO vendor decodo_patchright: 50 prox(y/ies), sticky session re-minted -> session-cap1785855560w10
pending=5775 shard=18/24 assigned=240
transport: canary vendor 'decodo_patchright'
2026-08-04 10:59:20,757 INFO vendor decodo_patchright: 50 prox(y/ies), sticky session re-minted -> session-cap1785855560w18
pending=5775 shard=16/24 assigned=240
transport: canary vendor 'decodo_patchright'
2026-08-04 10:59:20,762 INFO vendor decodo_patchright: 50 prox(y/ies), sticky session re-minted -> session-cap1785855560w16
pending=5775 shard=17/24 assigned=240
transport: canary vendor 'decodo_patchright'
2026-08-04 10:59:20,836 INFO vendor decodo_patchright: 50 prox(y/ies), sticky session re-minted -> session-cap1785855560w17
pending=5775 shard=22/24 assigned=240
transport: canary vendor 'decodo_patchright'
pending=5775 shard=23/24 assigned=240
transport: canary vendor 'decodo_patchright'
2026-08-04 10:59:21,227 INFO vendor decodo_patchright: 50 prox(y/ies), sticky session re-minted -> session-cap1785855561w22
2026-08-04 10:59:21,227 INFO vendor decodo_patchright: 50 prox(y/ies), sticky session re-minted -> session-cap1785855561w23
pending=5775 shard=20/24 assigned=240
transport: canary vendor 'decodo_patchright'
2026-08-04 10:59:21,503 INFO vendor decodo_patchright: 50 prox(y/ies), sticky session re-minted -> session-cap1785855561w20
pending=5775 shard=19/24 assigned=240
transport: canary vendor 'decodo_patchright'
2026-08-04 10:59:21,572 INFO vendor decodo_patchright: 50 prox(y/ies), sticky session re-minted -> session-cap1785855561w19
pending=5775 shard=21/24 assigned=240
transport: canary vendor 'decodo_patchright'
2026-08-04 10:59:21,812 INFO vendor decodo_patchright: 50 prox(y/ies), sticky session re-minted -> session-cap1785855561w21
pending=5775 shard=14/24 assigned=241
transport: canary vendor 'decodo_patchright'
2026-08-04 10:59:22,005 INFO vendor decodo_patchright: 50 prox(y/ies), sticky session re-minted -> session-cap1785855562w14
pending=5775 shard=12/24 assigned=241
transport: canary vendor 'decodo_patchright'
2026-08-04 10:59:22,174 INFO vendor decodo_patchright: 50 prox(y/ies), sticky session re-minted -> session-cap1785855562w12
2026-08-04 11:33:29,340 WARNING challenge not cleared for contest_id=824724 -- bundle not written
2026-08-04 11:39:24,477 WARNING challenge not cleared for contest_id=825520 -- bundle not written
2026-08-04 11:47:32,324 WARNING challenge not cleared for contest_id=826397 -- bundle not written
2026-08-04 12:03:52,264 ERROR BAN-SUSPECT: hard-stopping capture at contest_id=825478: NCAA fetch failed after rotating proxies: https://stats.ncaa.org/contests/825478/play_by_play: patchright: bm-verify not passed after 3 attempts (643-byte body)
BAN-SUSPECT: capture halted at contest_id=825478: NCAA fetch failed after rotating proxies: https://stats.ncaa.org/contests/825478/play_by_play: patchright: bm-verify not passed after 3 attempts (643-byte body)
EXIT=1
2026-08-04 12:27:11,738 WARNING challenge not cleared for contest_id=831283 -- bundle not written
captured=240 skipped=0 failed=0
EXIT=0
captured=240 skipped=0 failed=0
EXIT=0
captured=240 skipped=0 failed=1
EXIT=0
captured=241 skipped=0 failed=0
EXIT=0
captured=241 skipped=0 failed=0
EXIT=0
captured=240 skipped=0 failed=0
captured=241 skipped=0 failed=0
EXIT=0
EXIT=0
captured=240 skipped=0 failed=0
EXIT=0
captured=239 skipped=0 failed=1
EXIT=0
captured=240 skipped=0 failed=0
EXIT=0
captured=241 skipped=0 failed=0
EXIT=0
captured=241 skipped=0 failed=0
EXIT=0
captured=241 skipped=0 failed=0
EXIT=0
captured=240 skipped=0 failed=0
EXIT=0
captured=241 skipped=0 failed=0
EXIT=0
captured=240 skipped=0 failed=1
EXIT=0
captured=240 skipped=0 failed=1
EXIT=0
captured=241 skipped=0 failed=0
EXIT=0
captured=240 skipped=0 failed=0
EXIT=0
captured=241 skipped=0 failed=0
EXIT=0
captured=241 skipped=0 failed=0
EXIT=0
captured=240 skipped=0 failed=0
EXIT=0
captured=241 skipped=0 failed=0
EXIT=0
[13:19:15] capture stopped (rc=1) -- a ban/soft-ban hard-stop or Ctrl-C (see the capture log).
[13:19:15]   This is RESUMABLE: cool down (a ban clears in minutes-hours), then re-run this
[13:19:15]   script -- already-captured contests are skipped.
[13:19:15] === parse captured bundles -> mbb/json/ ===
log -> logs/parse_20260804_131915.log  (watch: tail -f logs/parse_20260804_131915.log)
2026-08-04 13:24:16,195 INFO ncaa_identity: contest_id=836158 teams 2382/2382 matched, players 6188/6728 matched
2026-08-04 13:24:20,614 INFO ncaa_identity: contest_id=836292 teams 2460/2460 matched, players 6660/6932 matched
parsed=233 failed=0
EXIT=0
[13:24:34] DONE: captured_bundles=87791 parsed_json=87791 (capture rc=1)
[13:24:34] capture INCOMPLETE (rc=1) -- re-run this script to continue before building.
EXIT=1
[2026-08-04 13:24:34] season 2012: chunk 1 hard-stopped (rc=1), 175 remaining -- cooling 1800s
[13:54:35] NCAA MBB backfill: season=2012 workers=24
[13:54:35] watch this run:  tail -f /c/Users/saiem/Documents/GitHub-Data/sdv-dev/hoopR-dev/ncaa-mbb-hoops-raw/logs/backfill_2012_20260804_135435.log
[13:54:35] === skip discover (season 2012 already in schedule_master; delete mbb/schedule_master.parquet to force) ===
[13:54:35] === capture 2012: 24 worker(s), chunk=400 new bundles per worker ===
proxy creds loaded from /c/Users/saiem/.Renviron (values hidden)
proxy creds loaded from /c/Users/saiem/.Renviron (values hidden)
proxy creds loaded from /c/Users/saiem/.Renviron (values hidden)
proxy creds loaded from /c/Users/saiem/.Renviron (values hidden)
proxy creds loaded from /c/Users/saiem/.Renviron (values hidden)
proxy creds loaded from /c/Users/saiem/.Renviron (values hidden)
proxy creds loaded from /c/Users/saiem/.Renviron (values hidden)
proxy creds loaded from /c/Users/saiem/.Renviron (values hidden)
log -> logs/capture_20260804_135435.log  (watch: tail -f logs/capture_20260804_135435.log)
proxy creds loaded from /c/Users/saiem/.Renviron (values hidden)
log -> logs/capture_20260804_135435.log  (watch: tail -f logs/capture_20260804_135435.log)
log -> logs/capture_20260804_135435.log  (watch: tail -f logs/capture_20260804_135435.log)
log -> logs/capture_20260804_135435.log  (watch: tail -f logs/capture_20260804_135435.log)
log -> logs/capture_20260804_135435.log  (watch: tail -f logs/capture_20260804_135435.log)
log -> logs/capture_20260804_135435.log  (watch: tail -f logs/capture_20260804_135435.log)
proxy creds loaded from /c/Users/saiem/.Renviron (values hidden)
proxy creds loaded from /c/Users/saiem/.Renviron (values hidden)
log -> logs/capture_20260804_135435.log  (watch: tail -f logs/capture_20260804_135435.log)
proxy creds loaded from /c/Users/saiem/.Renviron (values hidden)
proxy creds loaded from /c/Users/saiem/.Renviron (values hidden)
log -> logs/capture_20260804_135436.log  (watch: tail -f logs/capture_20260804_135436.log)
log -> logs/capture_20260804_135436.log  (watch: tail -f logs/capture_20260804_135436.log)
log -> logs/capture_20260804_135436.log  (watch: tail -f logs/capture_20260804_135436.log)
log -> logs/capture_20260804_135436.log  (watch: tail -f logs/capture_20260804_135436.log)
log -> logs/capture_20260804_135436.log  (watch: tail -f logs/capture_20260804_135436.log)
proxy creds loaded from /c/Users/saiem/.Renviron (values hidden)
proxy creds loaded from /c/Users/saiem/.Renviron (values hidden)
proxy creds loaded from /c/Users/saiem/.Renviron (values hidden)
proxy creds loaded from /c/Users/saiem/.Renviron (values hidden)
log -> logs/capture_20260804_135436.log  (watch: tail -f logs/capture_20260804_135436.log)
proxy creds loaded from /c/Users/saiem/.Renviron (values hidden)
proxy creds loaded from /c/Users/saiem/.Renviron (values hidden)
proxy creds loaded from /c/Users/saiem/.Renviron (values hidden)
proxy creds loaded from /c/Users/saiem/.Renviron (values hidden)
log -> logs/capture_20260804_135436.log  (watch: tail -f logs/capture_20260804_135436.log)
proxy creds loaded from /c/Users/saiem/.Renviron (values hidden)
log -> logs/capture_20260804_135436.log  (watch: tail -f logs/capture_20260804_135436.log)
proxy creds loaded from /c/Users/saiem/.Renviron (values hidden)
log -> logs/capture_20260804_135436.log  (watch: tail -f logs/capture_20260804_135436.log)
log -> logs/capture_20260804_135436.log  (watch: tail -f logs/capture_20260804_135436.log)
proxy creds loaded from /c/Users/saiem/.Renviron (values hidden)
log -> logs/capture_20260804_135436.log  (watch: tail -f logs/capture_20260804_135436.log)
log -> logs/capture_20260804_135436.log  (watch: tail -f logs/capture_20260804_135436.log)
log -> logs/capture_20260804_135436.log  (watch: tail -f logs/capture_20260804_135436.log)
log -> logs/capture_20260804_135436.log  (watch: tail -f logs/capture_20260804_135436.log)
log -> logs/capture_20260804_135436.log  (watch: tail -f logs/capture_20260804_135436.log)
log -> logs/capture_20260804_135436.log  (watch: tail -f logs/capture_20260804_135436.log)
log -> logs/capture_20260804_135436.log  (watch: tail -f logs/capture_20260804_135436.log)
pending=5775 shard=1/24 assigned=241
transport: canary vendor 'decodo_patchright'
2026-08-04 13:54:40,057 INFO vendor decodo_patchright: 50 prox(y/ies), sticky session re-minted -> session-cap1785866080w1
pending=5775 shard=7/24 assigned=241
transport: canary vendor 'decodo_patchright'
2026-08-04 13:54:40,299 INFO vendor decodo_patchright: 50 prox(y/ies), sticky session re-minted -> session-cap1785866080w7
pending=5775 shard=4/24 assigned=241
transport: canary vendor 'decodo_patchright'
2026-08-04 13:54:40,482 INFO vendor decodo_patchright: 50 prox(y/ies), sticky session re-minted -> session-cap1785866080w4
captured=0 skipped=241 failed=0
pending=5775 shard=5/24 assigned=241
transport: canary vendor 'decodo_patchright'
2026-08-04 13:54:40,525 INFO vendor decodo_patchright: 50 prox(y/ies), sticky session re-minted -> session-cap1785866080w5
captured=0 skipped=241 failed=0
pending=5775 shard=3/24 assigned=241
transport: canary vendor 'decodo_patchright'
2026-08-04 13:54:40,590 INFO vendor decodo_patchright: 50 prox(y/ies), sticky session re-minted -> session-cap1785866080w3
captured=0 skipped=241 failed=0
pending=5775 shard=6/24 assigned=241
transport: canary vendor 'decodo_patchright'
pending=5775 shard=2/24 assigned=241
transport: canary vendor 'decodo_patchright'
2026-08-04 13:54:41,069 INFO vendor decodo_patchright: 50 prox(y/ies), sticky session re-minted -> session-cap1785866081w2
captured=0 skipped=241 failed=0
2026-08-04 13:54:41,073 INFO vendor decodo_patchright: 50 prox(y/ies), sticky session re-minted -> session-cap1785866081w6
captured=0 skipped=241 failed=0
EXIT=0
EXIT=0
EXIT=0
pending=5775 shard=16/24 assigned=240
transport: canary vendor 'decodo_patchright'
2026-08-04 13:54:42,308 INFO vendor decodo_patchright: 50 prox(y/ies), sticky session re-minted -> session-cap1785866082w16
captured=0 skipped=240 failed=0
EXIT=0
pending=5775 shard=8/24 assigned=241
transport: canary vendor 'decodo_patchright'
2026-08-04 13:54:42,337 INFO vendor decodo_patchright: 50 prox(y/ies), sticky session re-minted -> session-cap1785866082w8
pending=5775 shard=10/24 assigned=241
transport: canary vendor 'decodo_patchright'
pending=5775 shard=11/24 assigned=241
transport: canary vendor 'decodo_patchright'
2026-08-04 13:54:42,772 INFO vendor decodo_patchright: 50 prox(y/ies), sticky session re-minted -> session-cap1785866082w10
pending=5775 shard=22/24 assigned=240
transport: canary vendor 'decodo_patchright'
2026-08-04 13:54:42,776 INFO vendor decodo_patchright: 50 prox(y/ies), sticky session re-minted -> session-cap1785866082w22
captured=0 skipped=240 failed=0
captured=0 skipped=241 failed=0
2026-08-04 13:54:42,792 INFO vendor decodo_patchright: 50 prox(y/ies), sticky session re-minted -> session-cap1785866082w11
pending=5775 shard=0/24 assigned=241
transport: canary vendor 'decodo_patchright'
EXIT=0
2026-08-04 13:54:42,824 INFO vendor decodo_patchright: 50 prox(y/ies), sticky session re-minted -> session-cap1785866082w0
pending=5775 shard=9/24 assigned=241
transport: canary vendor 'decodo_patchright'
pending=5775 shard=13/24 assigned=241
transport: canary vendor 'decodo_patchright'
2026-08-04 13:54:42,844 INFO vendor decodo_patchright: 50 prox(y/ies), sticky session re-minted -> session-cap1785866082w9
captured=0 skipped=241 failed=0
2026-08-04 13:54:42,846 INFO vendor decodo_patchright: 50 prox(y/ies), sticky session re-minted -> session-cap1785866082w13
captured=0 skipped=241 failed=0
pending=5775 shard=17/24 assigned=240
transport: canary vendor 'decodo_patchright'
pending=5775 shard=19/24 assigned=240
transport: canary vendor 'decodo_patchright'
captured=0 skipped=241 failed=0
2026-08-04 13:54:42,875 INFO vendor decodo_patchright: 50 prox(y/ies), sticky session re-minted -> session-cap1785866082w17
2026-08-04 13:54:42,878 INFO vendor decodo_patchright: 50 prox(y/ies), sticky session re-minted -> session-cap1785866082w19
captured=0 skipped=240 failed=0
captured=0 skipped=240 failed=0
EXIT=0
pending=5775 shard=14/24 assigned=241
transport: canary vendor 'decodo_patchright'
2026-08-04 13:54:42,939 INFO vendor decodo_patchright: 50 prox(y/ies), sticky session re-minted -> session-cap1785866082w14
pending=5775 shard=23/24 assigned=240
transport: canary vendor 'decodo_patchright'
2026-08-04 13:54:42,959 INFO vendor decodo_patchright: 50 prox(y/ies), sticky session re-minted -> session-cap1785866082w23
captured=0 skipped=241 failed=0
captured=0 skipped=240 failed=0
pending=5775 shard=18/24 assigned=240
transport: canary vendor 'decodo_patchright'
2026-08-04 13:54:43,000 INFO vendor decodo_patchright: 50 prox(y/ies), sticky session re-minted -> session-cap1785866083w18
pending=5775 shard=21/24 assigned=240
transport: canary vendor 'decodo_patchright'
pending=5775 shard=15/24 assigned=240
transport: canary vendor 'decodo_patchright'
2026-08-04 13:54:43,031 INFO vendor decodo_patchright: 50 prox(y/ies), sticky session re-minted -> session-cap1785866083w21
captured=0 skipped=240 failed=0
2026-08-04 13:54:43,041 INFO vendor decodo_patchright: 50 prox(y/ies), sticky session re-minted -> session-cap1785866083w15
captured=0 skipped=240 failed=0
pending=5775 shard=20/24 assigned=240
transport: canary vendor 'decodo_patchright'
2026-08-04 13:54:43,122 INFO vendor decodo_patchright: 50 prox(y/ies), sticky session re-minted -> session-cap1785866083w20
pending=5775 shard=12/24 assigned=241
transport: canary vendor 'decodo_patchright'
2026-08-04 13:54:43,145 INFO vendor decodo_patchright: 50 prox(y/ies), sticky session re-minted -> session-cap1785866083w12
captured=0 skipped=240 failed=0
captured=0 skipped=241 failed=0
EXIT=0
EXIT=0
EXIT=0
EXIT=0
EXIT=0
EXIT=0
EXIT=0
EXIT=0
EXIT=0
EXIT=0
EXIT=0
EXIT=0
EXIT=0
2026-08-04 13:55:15,889 WARNING challenge not cleared for contest_id=831283 -- bundle not written
captured=0 skipped=240 failed=1
EXIT=0
2026-08-04 13:55:17,515 WARNING challenge not cleared for contest_id=824724 -- bundle not written
captured=0 skipped=239 failed=1
2026-08-04 13:55:17,856 WARNING challenge not cleared for contest_id=825520 -- bundle not written
EXIT=0
captured=0 skipped=240 failed=1
EXIT=0
2026-08-04 13:56:02,571 WARNING challenge not cleared for contest_id=826397 -- bundle not written
captured=0 skipped=240 failed=1
EXIT=0
2026-08-04 14:22:00,836 ERROR BAN-SUSPECT: hard-stopping capture at contest_id=825478: NCAA fetch failed after rotating proxies: https://stats.ncaa.org/contests/825478/play_by_play: patchright: bm-verify not passed after 3 attempts (643-byte body)
BAN-SUSPECT: capture halted at contest_id=825478: NCAA fetch failed after rotating proxies: https://stats.ncaa.org/contests/825478/play_by_play: patchright: bm-verify not passed after 3 attempts (643-byte body)
EXIT=1
[14:22:01] capture stopped (rc=1) -- a ban/soft-ban hard-stop or Ctrl-C (see the capture log).
[14:22:01]   This is RESUMABLE: cool down (a ban clears in minutes-hours), then re-run this
[14:22:01]   script -- already-captured contests are skipped.
[14:22:01] === parse captured bundles -> mbb/json/ ===
log -> logs/parse_20260804_142201.log  (watch: tail -f logs/parse_20260804_142201.log)
seasons=all bundles=87791 pending=0 force=False shard=7/24 assigned=0
parsed=0 failed=0

EXIT=0
[14:22:16] DONE: captured_bundles=87791 parsed_json=87791 (capture rc=1)
[14:22:16] capture INCOMPLETE (rc=1) -- re-run this script to continue before building.
EXIT=1
[2026-08-04 14:22:17] season 2012: chunk 2 hard-stopped (rc=1), 175 remaining -- cooling 1800s
[14:52:17] NCAA MBB backfill: season=2012 workers=24
[14:52:17] watch this run:  tail -f /c/Users/saiem/Documents/GitHub-Data/sdv-dev/hoopR-dev/ncaa-mbb-hoops-raw/logs/backfill_2012_20260804_145217.log
[14:52:17] === skip discover (season 2012 already in schedule_master; delete mbb/schedule_master.parquet to force) ===
[14:52:17] === capture 2012: 24 worker(s), chunk=400 new bundles per worker ===
proxy creds loaded from /c/Users/saiem/.Renviron (values hidden)
proxy creds loaded from /c/Users/saiem/.Renviron (values hidden)
proxy creds loaded from /c/Users/saiem/.Renviron (values hidden)
proxy creds loaded from /c/Users/saiem/.Renviron (values hidden)
proxy creds loaded from /c/Users/saiem/.Renviron (values hidden)
proxy creds loaded from /c/Users/saiem/.Renviron (values hidden)
proxy creds loaded from /c/Users/saiem/.Renviron (values hidden)
log -> logs/capture_20260804_145218.log  (watch: tail -f logs/capture_20260804_145218.log)
log -> logs/capture_20260804_145218.log  (watch: tail -f logs/capture_20260804_145218.log)
log -> logs/capture_20260804_145218.log  (watch: tail -f logs/capture_20260804_145218.log)
log -> logs/capture_20260804_145218.log  (watch: tail -f logs/capture_20260804_145218.log)
log -> logs/capture_20260804_145218.log  (watch: tail -f logs/capture_20260804_145218.log)
log -> logs/capture_20260804_145218.log  (watch: tail -f logs/capture_20260804_145218.log)
log -> logs/capture_20260804_145218.log  (watch: tail -f logs/capture_20260804_145218.log)
proxy creds loaded from /c/Users/saiem/.Renviron (values hidden)
proxy creds loaded from /c/Users/saiem/.Renviron (values hidden)
proxy creds loaded from /c/Users/saiem/.Renviron (values hidden)
proxy creds loaded from /c/Users/saiem/.Renviron (values hidden)
proxy creds loaded from /c/Users/saiem/.Renviron (values hidden)
proxy creds loaded from /c/Users/saiem/.Renviron (values hidden)
proxy creds loaded from /c/Users/saiem/.Renviron (values hidden)
proxy creds loaded from /c/Users/saiem/.Renviron (values hidden)
log -> logs/capture_20260804_145218.log  (watch: tail -f logs/capture_20260804_145218.log)
proxy creds loaded from /c/Users/saiem/.Renviron (values hidden)
log -> logs/capture_20260804_145218.log  (watch: tail -f logs/capture_20260804_145218.log)
log -> logs/capture_20260804_145218.log  (watch: tail -f logs/capture_20260804_145218.log)
log -> logs/capture_20260804_145218.log  (watch: tail -f logs/capture_20260804_145218.log)
proxy creds loaded from /c/Users/saiem/.Renviron (values hidden)
log -> logs/capture_20260804_145218.log  (watch: tail -f logs/capture_20260804_145218.log)
proxy creds loaded from /c/Users/saiem/.Renviron (values hidden)
log -> logs/capture_20260804_145218.log  (watch: tail -f logs/capture_20260804_145218.log)
proxy creds loaded from /c/Users/saiem/.Renviron (values hidden)
log -> logs/capture_20260804_145218.log  (watch: tail -f logs/capture_20260804_145218.log)
proxy creds loaded from /c/Users/saiem/.Renviron (values hidden)
proxy creds loaded from /c/Users/saiem/.Renviron (values hidden)
log -> logs/capture_20260804_145218.log  (watch: tail -f logs/capture_20260804_145218.log)
log -> logs/capture_20260804_145218.log  (watch: tail -f logs/capture_20260804_145218.log)
log -> logs/capture_20260804_145218.log  (watch: tail -f logs/capture_20260804_145218.log)
proxy creds loaded from /c/Users/saiem/.Renviron (values hidden)
log -> logs/capture_20260804_145218.log  (watch: tail -f logs/capture_20260804_145218.log)
proxy creds loaded from /c/Users/saiem/.Renviron (values hidden)
proxy creds loaded from /c/Users/saiem/.Renviron (values hidden)
log -> logs/capture_20260804_145218.log  (watch: tail -f logs/capture_20260804_145218.log)
log -> logs/capture_20260804_145218.log  (watch: tail -f logs/capture_20260804_145218.log)
log -> logs/capture_20260804_145218.log  (watch: tail -f logs/capture_20260804_145218.log)
log -> logs/capture_20260804_145218.log  (watch: tail -f logs/capture_20260804_145218.log)
log -> logs/capture_20260804_145218.log  (watch: tail -f logs/capture_20260804_145218.log)
log -> logs/capture_20260804_145218.log  (watch: tail -f logs/capture_20260804_145218.log)
pending=5775 shard=1/24 assigned=241
transport: canary vendor 'decodo_patchright'
2026-08-04 14:52:22,924 INFO vendor decodo_patchright: 50 prox(y/ies), sticky session re-minted -> session-cap1785869542w1
pending=5775 shard=3/24 assigned=241
transport: canary vendor 'decodo_patchright'
2026-08-04 14:52:23,367 INFO vendor decodo_patchright: 50 prox(y/ies), sticky session re-minted -> session-cap1785869543w3
captured=0 skipped=241 failed=0
pending=5775 shard=20/24 assigned=240
transport: canary vendor 'decodo_patchright'
2026-08-04 14:52:23,755 INFO vendor decodo_patchright: 50 prox(y/ies), sticky session re-minted -> session-cap1785869543w20
captured=0 skipped=240 failed=0
pending=5775 shard=4/24 assigned=241
transport: canary vendor 'decodo_patchright'
2026-08-04 14:52:24,533 INFO vendor decodo_patchright: 50 prox(y/ies), sticky session re-minted -> session-cap1785869544w4
captured=0 skipped=241 failed=0
pending=5775 shard=19/24 assigned=240
transport: canary vendor 'decodo_patchright'
2026-08-04 14:52:24,544 INFO vendor decodo_patchright: 50 prox(y/ies), sticky session re-minted -> session-cap1785869544w19
captured=0 skipped=240 failed=0
EXIT=0
pending=5775 shard=2/24 assigned=241
transport: canary vendor 'decodo_patchright'
2026-08-04 14:52:25,030 INFO vendor decodo_patchright: 50 prox(y/ies), sticky session re-minted -> session-cap1785869545w2
captured=0 skipped=241 failed=0
pending=5775 shard=0/24 assigned=241
transport: canary vendor 'decodo_patchright'
pending=5775 shard=5/24 assigned=241
transport: canary vendor 'decodo_patchright'
2026-08-04 14:52:25,193 INFO vendor decodo_patchright: 50 prox(y/ies), sticky session re-minted -> session-cap1785869545w5
captured=0 skipped=241 failed=0
2026-08-04 14:52:25,190 INFO vendor decodo_patchright: 50 prox(y/ies), sticky session re-minted -> session-cap1785869545w0
captured=0 skipped=241 failed=0
EXIT=0
pending=5775 shard=9/24 assigned=241
transport: canary vendor 'decodo_patchright'
2026-08-04 14:52:25,915 INFO vendor decodo_patchright: 50 prox(y/ies), sticky session re-minted -> session-cap1785869545w9
captured=0 skipped=241 failed=0
pending=5775 shard=7/24 assigned=241
transport: canary vendor 'decodo_patchright'
2026-08-04 14:52:25,883 INFO vendor decodo_patchright: 50 prox(y/ies), sticky session re-minted -> session-cap1785869545w7
pending=5775 shard=8/24 assigned=241
transport: canary vendor 'decodo_patchright'
2026-08-04 14:52:26,021 INFO vendor decodo_patchright: 50 prox(y/ies), sticky session re-minted -> session-cap1785869546w8
pending=5775 shard=13/24 assigned=241
transport: canary vendor 'decodo_patchright'
2026-08-04 14:52:26,232 INFO vendor decodo_patchright: 50 prox(y/ies), sticky session re-minted -> session-cap1785869546w13
pending=5775 shard=10/24 assigned=241
transport: canary vendor 'decodo_patchright'
2026-08-04 14:52:26,343 INFO vendor decodo_patchright: 50 prox(y/ies), sticky session re-minted -> session-cap1785869546w10
captured=0 skipped=241 failed=0
captured=0 skipped=241 failed=0
EXIT=0
EXIT=0
pending=5775 shard=16/24 assigned=240
transport: canary vendor 'decodo_patchright'
EXIT=0
EXIT=0
pending=5775 shard=6/24 assigned=241
transport: canary vendor 'decodo_patchright'
2026-08-04 14:52:26,540 INFO vendor decodo_patchright: 50 prox(y/ies), sticky session re-minted -> session-cap1785869546w6
captured=0 skipped=241 failed=0
2026-08-04 14:52:26,538 INFO vendor decodo_patchright: 50 prox(y/ies), sticky session re-minted -> session-cap1785869546w16
captured=0 skipped=240 failed=0
pending=5775 shard=12/24 assigned=241
transport: canary vendor 'decodo_patchright'
2026-08-04 14:52:26,629 INFO vendor decodo_patchright: 50 prox(y/ies), sticky session re-minted -> session-cap1785869546w12
captured=0 skipped=241 failed=0
pending=5775 shard=14/24 assigned=241
transport: canary vendor 'decodo_patchright'
2026-08-04 14:52:26,758 INFO vendor decodo_patchright: 50 prox(y/ies), sticky session re-minted -> session-cap1785869546w14
pending=5775 shard=21/24 assigned=240
transport: canary vendor 'decodo_patchright'
captured=0 skipped=241 failed=0
2026-08-04 14:52:26,768 INFO vendor decodo_patchright: 50 prox(y/ies), sticky session re-minted -> session-cap1785869546w21
captured=0 skipped=240 failed=0
EXIT=0
EXIT=0
pending=5775 shard=15/24 assigned=240
transport: canary vendor 'decodo_patchright'
2026-08-04 14:52:26,837 INFO vendor decodo_patchright: 50 prox(y/ies), sticky session re-minted -> session-cap1785869546w15
captured=0 skipped=240 failed=0
pending=5775 shard=18/24 assigned=240
transport: canary vendor 'decodo_patchright'
2026-08-04 14:52:26,905 INFO vendor decodo_patchright: 50 prox(y/ies), sticky session re-minted -> session-cap1785869546w18
pending=5775 shard=17/24 assigned=240
transport: canary vendor 'decodo_patchright'
2026-08-04 14:52:26,929 INFO vendor decodo_patchright: 50 prox(y/ies), sticky session re-minted -> session-cap1785869546w17
captured=0 skipped=240 failed=0
EXIT=0
pending=5775 shard=11/24 assigned=241
transport: canary vendor 'decodo_patchright'
2026-08-04 14:52:27,009 INFO vendor decodo_patchright: 50 prox(y/ies), sticky session re-minted -> session-cap1785869547w11
EXIT=0
pending=5775 shard=22/24 assigned=240
transport: canary vendor 'decodo_patchright'
pending=5775 shard=23/24 assigned=240
transport: canary vendor 'decodo_patchright'
2026-08-04 14:52:27,062 INFO vendor decodo_patchright: 50 prox(y/ies), sticky session re-minted -> session-cap1785869547w23
captured=0 skipped=240 failed=0
2026-08-04 14:52:27,062 INFO vendor decodo_patchright: 50 prox(y/ies), sticky session re-minted -> session-cap1785869547w22
captured=0 skipped=240 failed=0
EXIT=0
EXIT=0
EXIT=0
EXIT=0
EXIT=0
EXIT=0
EXIT=0
EXIT=0
EXIT=0
2026-08-04 14:52:57,645 WARNING challenge not cleared for contest_id=825520 -- bundle not written
captured=0 skipped=240 failed=1
EXIT=0
2026-08-04 14:53:00,894 WARNING challenge not cleared for contest_id=824724 -- bundle not written
captured=0 skipped=239 failed=1
EXIT=0
2026-08-04 14:53:03,942 WARNING challenge not cleared for contest_id=826397 -- bundle not written
captured=0 skipped=240 failed=1
EXIT=0
2026-08-04 14:53:07,278 WARNING challenge not cleared for contest_id=831283 -- bundle not written
captured=0 skipped=240 failed=1
EXIT=0
2026-08-04 15:20:00,992 ERROR BAN-SUSPECT: hard-stopping capture at contest_id=825478: NCAA fetch failed after rotating proxies: https://stats.ncaa.org/contests/825478/play_by_play: patchright: bm-verify not passed after 3 attempts (643-byte body)
BAN-SUSPECT: capture halted at contest_id=825478: NCAA fetch failed after rotating proxies: https://stats.ncaa.org/contests/825478/play_by_play: patchright: bm-verify not passed after 3 attempts (643-byte body)
EXIT=1
[15:20:01] capture stopped (rc=1) -- a ban/soft-ban hard-stop or Ctrl-C (see the capture log).
[15:20:01]   This is RESUMABLE: cool down (a ban clears in minutes-hours), then re-run this
[15:20:01]   script -- already-captured contests are skipped.
[15:20:01] === parse captured bundles -> mbb/json/ ===
log -> logs/parse_20260804_152001.log  (watch: tail -f logs/parse_20260804_152001.log)
seasons=all bundles=87791 pending=0 force=False shard=4/24 assigned=0
parsed=0 failed=0

EXIT=0
[15:20:16] DONE: captured_bundles=87791 parsed_json=87791 (capture rc=1)
[15:20:16] capture INCOMPLETE (rc=1) -- re-run this script to continue before building.
EXIT=1
[2026-08-04 15:20:16] season 2012: chunk 3 hard-stopped (rc=1), 175 remaining -- cooling 1800s
[15:50:17] NCAA MBB backfill: season=2012 workers=24
[15:50:17] watch this run:  tail -f /c/Users/saiem/Documents/GitHub-Data/sdv-dev/hoopR-dev/ncaa-mbb-hoops-raw/logs/backfill_2012_20260804_155017.log
[15:50:17] === skip discover (season 2012 already in schedule_master; delete mbb/schedule_master.parquet to force) ===
[15:50:17] === capture 2012: 24 worker(s), chunk=400 new bundles per worker ===
proxy creds loaded from /c/Users/saiem/.Renviron (values hidden)
proxy creds loaded from /c/Users/saiem/.Renviron (values hidden)
proxy creds loaded from /c/Users/saiem/.Renviron (values hidden)
proxy creds loaded from /c/Users/saiem/.Renviron (values hidden)
log -> logs/capture_20260804_155017.log  (watch: tail -f logs/capture_20260804_155017.log)
proxy creds loaded from /c/Users/saiem/.Renviron (values hidden)
proxy creds loaded from /c/Users/saiem/.Renviron (values hidden)
proxy creds loaded from /c/Users/saiem/.Renviron (values hidden)
proxy creds loaded from /c/Users/saiem/.Renviron (values hidden)
proxy creds loaded from /c/Users/saiem/.Renviron (values hidden)
log -> logs/capture_20260804_155018.log  (watch: tail -f logs/capture_20260804_155018.log)
proxy creds loaded from /c/Users/saiem/.Renviron (values hidden)
log -> logs/capture_20260804_155018.log  (watch: tail -f logs/capture_20260804_155018.log)
log -> logs/capture_20260804_155018.log  (watch: tail -f logs/capture_20260804_155018.log)
log -> logs/capture_20260804_155018.log  (watch: tail -f logs/capture_20260804_155018.log)
proxy creds loaded from /c/Users/saiem/.Renviron (values hidden)
proxy creds loaded from /c/Users/saiem/.Renviron (values hidden)
proxy creds loaded from /c/Users/saiem/.Renviron (values hidden)
log -> logs/capture_20260804_155018.log  (watch: tail -f logs/capture_20260804_155018.log)
proxy creds loaded from /c/Users/saiem/.Renviron (values hidden)
log -> logs/capture_20260804_155018.log  (watch: tail -f logs/capture_20260804_155018.log)
log -> logs/capture_20260804_155018.log  (watch: tail -f logs/capture_20260804_155018.log)
log -> logs/capture_20260804_155018.log  (watch: tail -f logs/capture_20260804_155018.log)
log -> logs/capture_20260804_155018.log  (watch: tail -f logs/capture_20260804_155018.log)
log -> logs/capture_20260804_155018.log  (watch: tail -f logs/capture_20260804_155018.log)
log -> logs/capture_20260804_155018.log  (watch: tail -f logs/capture_20260804_155018.log)
proxy creds loaded from /c/Users/saiem/.Renviron (values hidden)
log -> logs/capture_20260804_155018.log  (watch: tail -f logs/capture_20260804_155018.log)
proxy creds loaded from /c/Users/saiem/.Renviron (values hidden)
proxy creds loaded from /c/Users/saiem/.Renviron (values hidden)
proxy creds loaded from /c/Users/saiem/.Renviron (values hidden)
proxy creds loaded from /c/Users/saiem/.Renviron (values hidden)
proxy creds loaded from /c/Users/saiem/.Renviron (values hidden)
proxy creds loaded from /c/Users/saiem/.Renviron (values hidden)
log -> logs/capture_20260804_155018.log  (watch: tail -f logs/capture_20260804_155018.log)
proxy creds loaded from /c/Users/saiem/.Renviron (values hidden)
proxy creds loaded from /c/Users/saiem/.Renviron (values hidden)
log -> logs/capture_20260804_155018.log  (watch: tail -f logs/capture_20260804_155018.log)
log -> logs/capture_20260804_155018.log  (watch: tail -f logs/capture_20260804_155018.log)
log -> logs/capture_20260804_155018.log  (watch: tail -f logs/capture_20260804_155018.log)
log -> logs/capture_20260804_155018.log  (watch: tail -f logs/capture_20260804_155018.log)
log -> logs/capture_20260804_155018.log  (watch: tail -f logs/capture_20260804_155018.log)
proxy creds loaded from /c/Users/saiem/.Renviron (values hidden)
log -> logs/capture_20260804_155018.log  (watch: tail -f logs/capture_20260804_155018.log)
log -> logs/capture_20260804_155018.log  (watch: tail -f logs/capture_20260804_155018.log)
log -> logs/capture_20260804_155018.log  (watch: tail -f logs/capture_20260804_155018.log)
log -> logs/capture_20260804_155018.log  (watch: tail -f logs/capture_20260804_155018.log)
log -> logs/capture_20260804_155018.log  (watch: tail -f logs/capture_20260804_155018.log)
pending=5775 shard=0/24 assigned=241
transport: canary vendor 'decodo_patchright'
2026-08-04 15:50:22,855 INFO vendor decodo_patchright: 50 prox(y/ies), sticky session re-minted -> session-cap1785873022w0
captured=0 skipped=241 failed=0
pending=5775 shard=2/24 assigned=241
transport: canary vendor 'decodo_patchright'
pending=5775 shard=3/24 assigned=241
transport: canary vendor 'decodo_patchright'
2026-08-04 15:50:23,042 INFO vendor decodo_patchright: 50 prox(y/ies), sticky session re-minted -> session-cap1785873023w2
captured=0 skipped=241 failed=0
2026-08-04 15:50:23,150 INFO vendor decodo_patchright: 50 prox(y/ies), sticky session re-minted -> session-cap1785873023w3
captured=0 skipped=241 failed=0
pending=5775 shard=14/24 assigned=241
transport: canary vendor 'decodo_patchright'
2026-08-04 15:50:23,400 INFO vendor decodo_patchright: 50 prox(y/ies), sticky session re-minted -> session-cap1785873023w14
captured=0 skipped=241 failed=0
pending=5775 shard=4/24 assigned=241
transport: canary vendor 'decodo_patchright'
2026-08-04 15:50:23,658 INFO vendor decodo_patchright: 50 prox(y/ies), sticky session re-minted -> session-cap1785873023w4
captured=0 skipped=241 failed=0
EXIT=0
EXIT=0
pending=5775 shard=5/24 assigned=241
transport: canary vendor 'decodo_patchright'
EXIT=0
2026-08-04 15:50:24,322 INFO vendor decodo_patchright: 50 prox(y/ies), sticky session re-minted -> session-cap1785873024w5
captured=0 skipped=241 failed=0
pending=5775 shard=8/24 assigned=241
transport: canary vendor 'decodo_patchright'
2026-08-04 15:50:24,425 INFO vendor decodo_patchright: 50 prox(y/ies), sticky session re-minted -> session-cap1785873024w8
pending=5775 shard=1/24 assigned=241
transport: canary vendor 'decodo_patchright'
2026-08-04 15:50:24,461 INFO vendor decodo_patchright: 50 prox(y/ies), sticky session re-minted -> session-cap1785873024w1
pending=5775 shard=9/24 assigned=241
transport: canary vendor 'decodo_patchright'
2026-08-04 15:50:24,502 INFO vendor decodo_patchright: 50 prox(y/ies), sticky session re-minted -> session-cap1785873024w9
captured=0 skipped=241 failed=0
EXIT=0
pending=5775 shard=11/24 assigned=241
transport: canary vendor 'decodo_patchright'
2026-08-04 15:50:24,610 INFO vendor decodo_patchright: 50 prox(y/ies), sticky session re-minted -> session-cap1785873024w11
pending=5775 shard=10/24 assigned=241
transport: canary vendor 'decodo_patchright'
EXIT=0
2026-08-04 15:50:24,677 INFO vendor decodo_patchright: 50 prox(y/ies), sticky session re-minted -> session-cap1785873024w10
captured=0 skipped=241 failed=0
pending=5775 shard=7/24 assigned=241
transport: canary vendor 'decodo_patchright'
2026-08-04 15:50:24,831 INFO vendor decodo_patchright: 50 prox(y/ies), sticky session re-minted -> session-cap1785873024w7
pending=5775 shard=17/24 assigned=240
transport: canary vendor 'decodo_patchright'
2026-08-04 15:50:25,099 INFO vendor decodo_patchright: 50 prox(y/ies), sticky session re-minted -> session-cap1785873025w17
EXIT=0
captured=0 skipped=240 failed=0
EXIT=0
pending=5775 shard=21/24 assigned=240
transport: canary vendor 'decodo_patchright'
2026-08-04 15:50:25,220 INFO vendor decodo_patchright: 50 prox(y/ies), sticky session re-minted -> session-cap1785873025w21
pending=5775 shard=23/24 assigned=240
transport: canary vendor 'decodo_patchright'
2026-08-04 15:50:25,226 INFO vendor decodo_patchright: 50 prox(y/ies), sticky session re-minted -> session-cap1785873025w23
captured=0 skipped=240 failed=0
pending=5775 shard=22/24 assigned=240
transport: canary vendor 'decodo_patchright'
2026-08-04 15:50:25,249 INFO vendor decodo_patchright: 50 prox(y/ies), sticky session re-minted -> session-cap1785873025w22
pending=5775 shard=18/24 assigned=240
transport: canary vendor 'decodo_patchright'
2026-08-04 15:50:25,250 INFO vendor decodo_patchright: 50 prox(y/ies), sticky session re-minted -> session-cap1785873025w18
captured=0 skipped=240 failed=0
captured=0 skipped=240 failed=0
pending=5775 shard=19/24 assigned=240
transport: canary vendor 'decodo_patchright'
2026-08-04 15:50:25,293 INFO vendor decodo_patchright: 50 prox(y/ies), sticky session re-minted -> session-cap1785873025w19
captured=0 skipped=240 failed=0
pending=5775 shard=13/24 assigned=241
transport: canary vendor 'decodo_patchright'
pending=5775 shard=16/24 assigned=240
transport: canary vendor 'decodo_patchright'
2026-08-04 15:50:25,356 INFO vendor decodo_patchright: 50 prox(y/ies), sticky session re-minted -> session-cap1785873025w16
2026-08-04 15:50:25,359 INFO vendor decodo_patchright: 50 prox(y/ies), sticky session re-minted -> session-cap1785873025w13
captured=0 skipped=240 failed=0
pending=5775 shard=12/24 assigned=241
transport: canary vendor 'decodo_patchright'
pending=5775 shard=20/24 assigned=240
transport: canary vendor 'decodo_patchright'
captured=0 skipped=241 failed=0
2026-08-04 15:50:25,383 INFO vendor decodo_patchright: 50 prox(y/ies), sticky session re-minted -> session-cap1785873025w12
2026-08-04 15:50:25,389 INFO vendor decodo_patchright: 50 prox(y/ies), sticky session re-minted -> session-cap1785873025w20
captured=0 skipped=241 failed=0
captured=0 skipped=240 failed=0
EXIT=0
pending=5775 shard=15/24 assigned=240
transport: canary vendor 'decodo_patchright'
pending=5775 shard=6/24 assigned=241
transport: canary vendor 'decodo_patchright'
2026-08-04 15:50:25,546 INFO vendor decodo_patchright: 50 prox(y/ies), sticky session re-minted -> session-cap1785873025w15
captured=0 skipped=240 failed=0
2026-08-04 15:50:25,555 INFO vendor decodo_patchright: 50 prox(y/ies), sticky session re-minted -> session-cap1785873025w6
captured=0 skipped=241 failed=0
EXIT=0
EXIT=0
EXIT=0
EXIT=0
EXIT=0
EXIT=0
EXIT=0
EXIT=0
EXIT=0
EXIT=0
EXIT=0
2026-08-04 15:50:59,754 WARNING challenge not cleared for contest_id=831283 -- bundle not written
captured=0 skipped=240 failed=1
EXIT=0
2026-08-04 15:51:00,219 WARNING challenge not cleared for contest_id=824724 -- bundle not written
captured=0 skipped=239 failed=1
EXIT=0
2026-08-04 15:51:01,077 WARNING challenge not cleared for contest_id=826397 -- bundle not written
captured=0 skipped=240 failed=1
EXIT=0
2026-08-04 15:51:02,758 WARNING challenge not cleared for contest_id=825520 -- bundle not written
captured=0 skipped=240 failed=1
EXIT=0
2026-08-04 16:18:08,837 ERROR BAN-SUSPECT: hard-stopping capture at contest_id=825478: NCAA fetch failed after rotating proxies: https://stats.ncaa.org/contests/825478/play_by_play: patchright: bm-verify not passed after 3 attempts (643-byte body)
BAN-SUSPECT: capture halted at contest_id=825478: NCAA fetch failed after rotating proxies: https://stats.ncaa.org/contests/825478/play_by_play: patchright: bm-verify not passed after 3 attempts (643-byte body)
EXIT=1
[16:18:09] capture stopped (rc=1) -- a ban/soft-ban hard-stop or Ctrl-C (see the capture log).
[16:18:09]   This is RESUMABLE: cool down (a ban clears in minutes-hours), then re-run this
[16:18:09]   script -- already-captured contests are skipped.
[16:18:09] === parse captured bundles -> mbb/json/ ===
log -> logs/parse_20260804_161809.log  (watch: tail -f logs/parse_20260804_161809.log)
seasons=all bundles=87791 pending=0 force=False shard=5/24 assigned=0
parsed=0 failed=0

EXIT=0
[16:18:25] DONE: captured_bundles=87791 parsed_json=87791 (capture rc=1)
[16:18:25] capture INCOMPLETE (rc=1) -- re-run this script to continue before building.
EXIT=1
[2026-08-04 16:18:25] season 2012: chunk 4 hard-stopped (rc=1), 175 remaining -- cooling 1800s
[16:48:25] NCAA MBB backfill: season=2012 workers=24
[16:48:25] watch this run:  tail -f /c/Users/saiem/Documents/GitHub-Data/sdv-dev/hoopR-dev/ncaa-mbb-hoops-raw/logs/backfill_2012_20260804_164825.log
[16:48:26] === skip discover (season 2012 already in schedule_master; delete mbb/schedule_master.parquet to force) ===
[16:48:26] === capture 2012: 24 worker(s), chunk=400 new bundles per worker ===
proxy creds loaded from /c/Users/saiem/.Renviron (values hidden)
proxy creds loaded from /c/Users/saiem/.Renviron (values hidden)
proxy creds loaded from /c/Users/saiem/.Renviron (values hidden)
proxy creds loaded from /c/Users/saiem/.Renviron (values hidden)
proxy creds loaded from /c/Users/saiem/.Renviron (values hidden)
log -> logs/capture_20260804_164826.log  (watch: tail -f logs/capture_20260804_164826.log)
log -> logs/capture_20260804_164826.log  (watch: tail -f logs/capture_20260804_164826.log)
proxy creds loaded from /c/Users/saiem/.Renviron (values hidden)
log -> logs/capture_20260804_164826.log  (watch: tail -f logs/capture_20260804_164826.log)
log -> logs/capture_20260804_164826.log  (watch: tail -f logs/capture_20260804_164826.log)
proxy creds loaded from /c/Users/saiem/.Renviron (values hidden)
proxy creds loaded from /c/Users/saiem/.Renviron (values hidden)
log -> logs/capture_20260804_164826.log  (watch: tail -f logs/capture_20260804_164826.log)
proxy creds loaded from /c/Users/saiem/.Renviron (values hidden)
proxy creds loaded from /c/Users/saiem/.Renviron (values hidden)
proxy creds loaded from /c/Users/saiem/.Renviron (values hidden)
log -> logs/capture_20260804_164826.log  (watch: tail -f logs/capture_20260804_164826.log)
proxy creds loaded from /c/Users/saiem/.Renviron (values hidden)
log -> logs/capture_20260804_164826.log  (watch: tail -f logs/capture_20260804_164826.log)
log -> logs/capture_20260804_164826.log  (watch: tail -f logs/capture_20260804_164826.log)
proxy creds loaded from /c/Users/saiem/.Renviron (values hidden)
log -> logs/capture_20260804_164826.log  (watch: tail -f logs/capture_20260804_164826.log)
proxy creds loaded from /c/Users/saiem/.Renviron (values hidden)
proxy creds loaded from /c/Users/saiem/.Renviron (values hidden)
proxy creds loaded from /c/Users/saiem/.Renviron (values hidden)
log -> logs/capture_20260804_164826.log  (watch: tail -f logs/capture_20260804_164826.log)
proxy creds loaded from /c/Users/saiem/.Renviron (values hidden)
log -> logs/capture_20260804_164826.log  (watch: tail -f logs/capture_20260804_164826.log)
proxy creds loaded from /c/Users/saiem/.Renviron (values hidden)
log -> logs/capture_20260804_164826.log  (watch: tail -f logs/capture_20260804_164826.log)
log -> logs/capture_20260804_164826.log  (watch: tail -f logs/capture_20260804_164826.log)
proxy creds loaded from /c/Users/saiem/.Renviron (values hidden)
proxy creds loaded from /c/Users/saiem/.Renviron (values hidden)
log -> logs/capture_20260804_164827.log  (watch: tail -f logs/capture_20260804_164827.log)
log -> logs/capture_20260804_164827.log  (watch: tail -f logs/capture_20260804_164827.log)
log -> logs/capture_20260804_164827.log  (watch: tail -f logs/capture_20260804_164827.log)
log -> logs/capture_20260804_164827.log  (watch: tail -f logs/capture_20260804_164827.log)
log -> logs/capture_20260804_164827.log  (watch: tail -f logs/capture_20260804_164827.log)
proxy creds loaded from /c/Users/saiem/.Renviron (values hidden)
log -> logs/capture_20260804_164827.log  (watch: tail -f logs/capture_20260804_164827.log)
proxy creds loaded from /c/Users/saiem/.Renviron (values hidden)
proxy creds loaded from /c/Users/saiem/.Renviron (values hidden)
log -> logs/capture_20260804_164827.log  (watch: tail -f logs/capture_20260804_164827.log)
proxy creds loaded from /c/Users/saiem/.Renviron (values hidden)
log -> logs/capture_20260804_164827.log  (watch: tail -f logs/capture_20260804_164827.log)
log -> logs/capture_20260804_164827.log  (watch: tail -f logs/capture_20260804_164827.log)
log -> logs/capture_20260804_164827.log  (watch: tail -f logs/capture_20260804_164827.log)
log -> logs/capture_20260804_164827.log  (watch: tail -f logs/capture_20260804_164827.log)
pending=5775 shard=5/24 assigned=241
transport: canary vendor 'decodo_patchright'
2026-08-04 16:48:30,787 INFO vendor decodo_patchright: 50 prox(y/ies), sticky session re-minted -> session-cap1785876510w5
captured=0 skipped=241 failed=0
pending=5775 shard=6/24 assigned=241
transport: canary vendor 'decodo_patchright'
pending=5775 shard=0/24 assigned=241
transport: canary vendor 'decodo_patchright'
2026-08-04 16:48:31,004 INFO vendor decodo_patchright: 50 prox(y/ies), sticky session re-minted -> session-cap1785876511w6
2026-08-04 16:48:31,013 INFO vendor decodo_patchright: 50 prox(y/ies), sticky session re-minted -> session-cap1785876511w0
captured=0 skipped=241 failed=0
captured=0 skipped=241 failed=0
pending=5775 shard=1/24 assigned=241
transport: canary vendor 'decodo_patchright'
2026-08-04 16:48:31,037 INFO vendor decodo_patchright: 50 prox(y/ies), sticky session re-minted -> session-cap1785876511w1
pending=5775 shard=2/24 assigned=241
transport: canary vendor 'decodo_patchright'
2026-08-04 16:48:31,075 INFO vendor decodo_patchright: 50 prox(y/ies), sticky session re-minted -> session-cap1785876511w2
captured=0 skipped=241 failed=0
pending=5775 shard=11/24 assigned=241
transport: canary vendor 'decodo_patchright'
2026-08-04 16:48:31,845 INFO vendor decodo_patchright: 50 prox(y/ies), sticky session re-minted -> session-cap1785876511w11
pending=5775 shard=3/24 assigned=241
transport: canary vendor 'decodo_patchright'
2026-08-04 16:48:31,842 INFO vendor decodo_patchright: 50 prox(y/ies), sticky session re-minted -> session-cap1785876511w3
captured=0 skipped=241 failed=0
EXIT=0
pending=5775 shard=15/24 assigned=240
transport: canary vendor 'decodo_patchright'
2026-08-04 16:48:32,005 INFO vendor decodo_patchright: 50 prox(y/ies), sticky session re-minted -> session-cap1785876512w15
captured=0 skipped=240 failed=0
pending=5775 shard=7/24 assigned=241
transport: canary vendor 'decodo_patchright'
EXIT=0
pending=5775 shard=20/24 assigned=240
transport: canary vendor 'decodo_patchright'
2026-08-04 16:48:32,882 INFO vendor decodo_patchright: 50 prox(y/ies), sticky session re-minted -> session-cap1785876512w20
pending=5775 shard=19/24 assigned=240
transport: canary vendor 'decodo_patchright'
2026-08-04 16:48:32,906 INFO vendor decodo_patchright: 50 prox(y/ies), sticky session re-minted -> session-cap1785876512w19
captured=0 skipped=240 failed=0
EXIT=0
2026-08-04 16:48:32,906 INFO vendor decodo_patchright: 50 prox(y/ies), sticky session re-minted -> session-cap1785876512w7
captured=0 skipped=240 failed=0
pending=5775 shard=10/24 assigned=241
transport: canary vendor 'decodo_patchright'
2026-08-04 16:48:33,006 INFO vendor decodo_patchright: 50 prox(y/ies), sticky session re-minted -> session-cap1785876513w10
captured=0 skipped=241 failed=0
pending=5775 shard=12/24 assigned=241
transport: canary vendor 'decodo_patchright'
EXIT=0
2026-08-04 16:48:33,028 INFO vendor decodo_patchright: 50 prox(y/ies), sticky session re-minted -> session-cap1785876513w12
captured=0 skipped=241 failed=0
pending=5775 shard=21/24 assigned=240
transport: canary vendor 'decodo_patchright'
EXIT=0
2026-08-04 16:48:33,066 INFO vendor decodo_patchright: 50 prox(y/ies), sticky session re-minted -> session-cap1785876513w21
EXIT=0
captured=0 skipped=240 failed=0
pending=5775 shard=16/24 assigned=240
transport: canary vendor 'decodo_patchright'
2026-08-04 16:48:33,272 INFO vendor decodo_patchright: 50 prox(y/ies), sticky session re-minted -> session-cap1785876513w16
captured=0 skipped=240 failed=0
pending=5775 shard=17/24 assigned=240
transport: canary vendor 'decodo_patchright'
pending=5775 shard=13/24 assigned=241
transport: canary vendor 'decodo_patchright'
2026-08-04 16:48:33,341 INFO vendor decodo_patchright: 50 prox(y/ies), sticky session re-minted -> session-cap1785876513w13
pending=5775 shard=8/24 assigned=241
transport: canary vendor 'decodo_patchright'
2026-08-04 16:48:33,338 INFO vendor decodo_patchright: 50 prox(y/ies), sticky session re-minted -> session-cap1785876513w8
2026-08-04 16:48:33,344 INFO vendor decodo_patchright: 50 prox(y/ies), sticky session re-minted -> session-cap1785876513w17
pending=5775 shard=22/24 assigned=240
transport: canary vendor 'decodo_patchright'
captured=0 skipped=241 failed=0
2026-08-04 16:48:33,361 INFO vendor decodo_patchright: 50 prox(y/ies), sticky session re-minted -> session-cap1785876513w22
captured=0 skipped=240 failed=0
pending=5775 shard=18/24 assigned=240
transport: canary vendor 'decodo_patchright'
captured=0 skipped=240 failed=0
2026-08-04 16:48:33,380 INFO vendor decodo_patchright: 50 prox(y/ies), sticky session re-minted -> session-cap1785876513w18
pending=5775 shard=14/24 assigned=241
transport: canary vendor 'decodo_patchright'
pending=5775 shard=23/24 assigned=240
transport: canary vendor 'decodo_patchright'
2026-08-04 16:48:33,436 INFO vendor decodo_patchright: 50 prox(y/ies), sticky session re-minted -> session-cap1785876513w14
2026-08-04 16:48:33,463 INFO vendor decodo_patchright: 50 prox(y/ies), sticky session re-minted -> session-cap1785876513w23
captured=0 skipped=241 failed=0
pending=5775 shard=4/24 assigned=241
transport: canary vendor 'decodo_patchright'
captured=0 skipped=240 failed=0
2026-08-04 16:48:33,485 INFO vendor decodo_patchright: 50 prox(y/ies), sticky session re-minted -> session-cap1785876513w4
captured=0 skipped=241 failed=0
pending=5775 shard=9/24 assigned=241
transport: canary vendor 'decodo_patchright'
2026-08-04 16:48:33,556 INFO vendor decodo_patchright: 50 prox(y/ies), sticky session re-minted -> session-cap1785876513w9
captured=0 skipped=241 failed=0
EXIT=0
EXIT=0
EXIT=0
EXIT=0
EXIT=0
EXIT=0
EXIT=0
EXIT=0
EXIT=0
EXIT=0
EXIT=0
EXIT=0
EXIT=0
2026-08-04 16:49:08,496 WARNING challenge not cleared for contest_id=826397 -- bundle not written
captured=0 skipped=240 failed=1
EXIT=0
2026-08-04 16:49:09,194 WARNING challenge not cleared for contest_id=824724 -- bundle not written
captured=0 skipped=239 failed=1
EXIT=0
2026-08-04 16:49:09,688 WARNING challenge not cleared for contest_id=831283 -- bundle not written
captured=0 skipped=240 failed=1
EXIT=0
2026-08-04 16:49:20,333 WARNING challenge not cleared for contest_id=825520 -- bundle not written
captured=0 skipped=240 failed=1
EXIT=0
2026-08-04 17:16:24,609 ERROR BAN-SUSPECT: hard-stopping capture at contest_id=825478: NCAA fetch failed after rotating proxies: https://stats.ncaa.org/contests/825478/play_by_play: patchright: bm-verify not passed after 3 attempts (643-byte body)
BAN-SUSPECT: capture halted at contest_id=825478: NCAA fetch failed after rotating proxies: https://stats.ncaa.org/contests/825478/play_by_play: patchright: bm-verify not passed after 3 attempts (643-byte body)
EXIT=1
[17:16:24] capture stopped (rc=1) -- a ban/soft-ban hard-stop or Ctrl-C (see the capture log).
[17:16:24]   This is RESUMABLE: cool down (a ban clears in minutes-hours), then re-run this
[17:16:24]   script -- already-captured contests are skipped.
[17:16:24] === parse captured bundles -> mbb/json/ ===
log -> logs/parse_20260804_171625.log  (watch: tail -f logs/parse_20260804_171625.log)
seasons=all bundles=87791 pending=0 force=False shard=19/24 assigned=0
parsed=0 failed=0
EXIT=0
[17:16:40] DONE: captured_bundles=87791 parsed_json=87791 (capture rc=1)
[17:16:40] capture INCOMPLETE (rc=1) -- re-run this script to continue before building.
EXIT=1
[2026-08-04 17:16:41] season 2012: chunk 5 hard-stopped (rc=1), 175 remaining -- cooling 1800s
[17:46:41] NCAA MBB backfill: season=2012 workers=24
[17:46:41] watch this run:  tail -f /c/Users/saiem/Documents/GitHub-Data/sdv-dev/hoopR-dev/ncaa-mbb-hoops-raw/logs/backfill_2012_20260804_174641.log
[17:46:41] === skip discover (season 2012 already in schedule_master; delete mbb/schedule_master.parquet to force) ===
[17:46:41] === capture 2012: 24 worker(s), chunk=400 new bundles per worker ===
proxy creds loaded from /c/Users/saiem/.Renviron (values hidden)
proxy creds loaded from /c/Users/saiem/.Renviron (values hidden)
proxy creds loaded from /c/Users/saiem/.Renviron (values hidden)
proxy creds loaded from /c/Users/saiem/.Renviron (values hidden)
proxy creds loaded from /c/Users/saiem/.Renviron (values hidden)
proxy creds loaded from /c/Users/saiem/.Renviron (values hidden)
log -> logs/capture_20260804_174642.log  (watch: tail -f logs/capture_20260804_174642.log)
log -> logs/capture_20260804_174642.log  (watch: tail -f logs/capture_20260804_174642.log)
log -> logs/capture_20260804_174642.log  (watch: tail -f logs/capture_20260804_174642.log)
log -> logs/capture_20260804_174642.log  (watch: tail -f logs/capture_20260804_174642.log)
proxy creds loaded from /c/Users/saiem/.Renviron (values hidden)
log -> logs/capture_20260804_174642.log  (watch: tail -f logs/capture_20260804_174642.log)
proxy creds loaded from /c/Users/saiem/.Renviron (values hidden)
proxy creds loaded from /c/Users/saiem/.Renviron (values hidden)
proxy creds loaded from /c/Users/saiem/.Renviron (values hidden)
log -> logs/capture_20260804_174642.log  (watch: tail -f logs/capture_20260804_174642.log)
log -> logs/capture_20260804_174642.log  (watch: tail -f logs/capture_20260804_174642.log)
log -> logs/capture_20260804_174642.log  (watch: tail -f logs/capture_20260804_174642.log)
log -> logs/capture_20260804_174642.log  (watch: tail -f logs/capture_20260804_174642.log)
log -> logs/capture_20260804_174642.log  (watch: tail -f logs/capture_20260804_174642.log)
proxy creds loaded from /c/Users/saiem/.Renviron (values hidden)
proxy creds loaded from /c/Users/saiem/.Renviron (values hidden)
proxy creds loaded from /c/Users/saiem/.Renviron (values hidden)
proxy creds loaded from /c/Users/saiem/.Renviron (values hidden)
proxy creds loaded from /c/Users/saiem/.Renviron (values hidden)
proxy creds loaded from /c/Users/saiem/.Renviron (values hidden)
proxy creds loaded from /c/Users/saiem/.Renviron (values hidden)
log -> logs/capture_20260804_174642.log  (watch: tail -f logs/capture_20260804_174642.log)
log -> logs/capture_20260804_174642.log  (watch: tail -f logs/capture_20260804_174642.log)
log -> logs/capture_20260804_174642.log  (watch: tail -f logs/capture_20260804_174642.log)
log -> logs/capture_20260804_174642.log  (watch: tail -f logs/capture_20260804_174642.log)
proxy creds loaded from /c/Users/saiem/.Renviron (values hidden)
log -> logs/capture_20260804_174642.log  (watch: tail -f logs/capture_20260804_174642.log)
log -> logs/capture_20260804_174642.log  (watch: tail -f logs/capture_20260804_174642.log)
proxy creds loaded from /c/Users/saiem/.Renviron (values hidden)
log -> logs/capture_20260804_174642.log  (watch: tail -f logs/capture_20260804_174642.log)
proxy creds loaded from /c/Users/saiem/.Renviron (values hidden)
proxy creds loaded from /c/Users/saiem/.Renviron (values hidden)
log -> logs/capture_20260804_174642.log  (watch: tail -f logs/capture_20260804_174642.log)
log -> logs/capture_20260804_174642.log  (watch: tail -f logs/capture_20260804_174642.log)
log -> logs/capture_20260804_174642.log  (watch: tail -f logs/capture_20260804_174642.log)
proxy creds loaded from /c/Users/saiem/.Renviron (values hidden)
proxy creds loaded from /c/Users/saiem/.Renviron (values hidden)
proxy creds loaded from /c/Users/saiem/.Renviron (values hidden)
log -> logs/capture_20260804_174642.log  (watch: tail -f logs/capture_20260804_174642.log)
log -> logs/capture_20260804_174642.log  (watch: tail -f logs/capture_20260804_174642.log)
log -> logs/capture_20260804_174642.log  (watch: tail -f logs/capture_20260804_174642.log)
log -> logs/capture_20260804_174642.log  (watch: tail -f logs/capture_20260804_174642.log)
pending=5775 shard=4/24 assigned=241
transport: canary vendor 'decodo_patchright'
2026-08-04 17:46:46,829 INFO vendor decodo_patchright: 50 prox(y/ies), sticky session re-minted -> session-cap1785880006w4
captured=0 skipped=241 failed=0
pending=5775 shard=2/24 assigned=241
transport: canary vendor 'decodo_patchright'
2026-08-04 17:46:47,086 INFO vendor decodo_patchright: 50 prox(y/ies), sticky session re-minted -> session-cap1785880007w2
captured=0 skipped=241 failed=0
pending=5775 shard=1/24 assigned=241
transport: canary vendor 'decodo_patchright'
2026-08-04 17:46:47,185 INFO vendor decodo_patchright: 50 prox(y/ies), sticky session re-minted -> session-cap1785880007w1
pending=5775 shard=6/24 assigned=241
transport: canary vendor 'decodo_patchright'
pending=5775 shard=11/24 assigned=241
transport: canary vendor 'decodo_patchright'
2026-08-04 17:46:47,788 INFO vendor decodo_patchright: 50 prox(y/ies), sticky session re-minted -> session-cap1785880007w11
pending=5775 shard=0/24 assigned=241
transport: canary vendor 'decodo_patchright'
pending=5775 shard=7/24 assigned=241
transport: canary vendor 'decodo_patchright'
2026-08-04 17:46:47,864 INFO vendor decodo_patchright: 50 prox(y/ies), sticky session re-minted -> session-cap1785880007w7
pending=5775 shard=3/24 assigned=241
transport: canary vendor 'decodo_patchright'
2026-08-04 17:46:47,847 INFO vendor decodo_patchright: 50 prox(y/ies), sticky session re-minted -> session-cap1785880007w0
captured=0 skipped=241 failed=0
2026-08-04 17:46:47,774 INFO vendor decodo_patchright: 50 prox(y/ies), sticky session re-minted -> session-cap1785880007w6
captured=0 skipped=241 failed=0
pending=5775 shard=8/24 assigned=241
transport: canary vendor 'decodo_patchright'
EXIT=0
EXIT=0
2026-08-04 17:46:48,184 INFO vendor decodo_patchright: 50 prox(y/ies), sticky session re-minted -> session-cap1785880008w3
captured=0 skipped=241 failed=0
2026-08-04 17:46:48,202 INFO vendor decodo_patchright: 50 prox(y/ies), sticky session re-minted -> session-cap1785880008w8
pending=5775 shard=5/24 assigned=241
transport: canary vendor 'decodo_patchright'
2026-08-04 17:46:48,223 INFO vendor decodo_patchright: 50 prox(y/ies), sticky session re-minted -> session-cap1785880008w5
captured=0 skipped=241 failed=0
pending=5775 shard=17/24 assigned=240
transport: canary vendor 'decodo_patchright'
2026-08-04 17:46:49,023 INFO vendor decodo_patchright: 50 prox(y/ies), sticky session re-minted -> session-cap1785880009w17
captured=0 skipped=240 failed=0
EXIT=0
pending=5775 shard=9/24 assigned=241
transport: canary vendor 'decodo_patchright'
pending=5775 shard=20/24 assigned=240
transport: canary vendor 'decodo_patchright'
2026-08-04 17:46:49,129 INFO vendor decodo_patchright: 50 prox(y/ies), sticky session re-minted -> session-cap1785880009w20
2026-08-04 17:46:49,127 INFO vendor decodo_patchright: 50 prox(y/ies), sticky session re-minted -> session-cap1785880009w9
captured=0 skipped=240 failed=0
captured=0 skipped=241 failed=0
pending=5775 shard=21/24 assigned=240
transport: canary vendor 'decodo_patchright'
pending=5775 shard=23/24 assigned=240
transport: canary vendor 'decodo_patchright'
2026-08-04 17:46:49,165 INFO vendor decodo_patchright: 50 prox(y/ies), sticky session re-minted -> session-cap1785880009w23
2026-08-04 17:46:49,171 INFO vendor decodo_patchright: 50 prox(y/ies), sticky session re-minted -> session-cap1785880009w21
captured=0 skipped=240 failed=0
captured=0 skipped=240 failed=0
EXIT=0
EXIT=0
EXIT=0
pending=5775 shard=19/24 assigned=240
transport: canary vendor 'decodo_patchright'
pending=5775 shard=16/24 assigned=240
transport: canary vendor 'decodo_patchright'
2026-08-04 17:46:49,434 INFO vendor decodo_patchright: 50 prox(y/ies), sticky session re-minted -> session-cap1785880009w16
captured=0 skipped=240 failed=0
pending=5775 shard=12/24 assigned=241
transport: canary vendor 'decodo_patchright'
pending=5775 shard=18/24 assigned=240
transport: canary vendor 'decodo_patchright'
pending=5775 shard=22/24 assigned=240
transport: canary vendor 'decodo_patchright'
2026-08-04 17:46:49,557 INFO vendor decodo_patchright: 50 prox(y/ies), sticky session re-minted -> session-cap1785880009w22
captured=0 skipped=240 failed=0
2026-08-04 17:46:49,540 INFO vendor decodo_patchright: 50 prox(y/ies), sticky session re-minted -> session-cap1785880009w18
2026-08-04 17:46:49,550 INFO vendor decodo_patchright: 50 prox(y/ies), sticky session re-minted -> session-cap1785880009w19
2026-08-04 17:46:49,581 INFO vendor decodo_patchright: 50 prox(y/ies), sticky session re-minted -> session-cap1785880009w12
captured=0 skipped=241 failed=0
captured=0 skipped=240 failed=0
pending=5775 shard=15/24 assigned=240
transport: canary vendor 'decodo_patchright'
2026-08-04 17:46:49,591 INFO vendor decodo_patchright: 50 prox(y/ies), sticky session re-minted -> session-cap1785880009w15
captured=0 skipped=240 failed=0
pending=5775 shard=14/24 assigned=241
transport: canary vendor 'decodo_patchright'
2026-08-04 17:46:49,679 INFO vendor decodo_patchright: 50 prox(y/ies), sticky session re-minted -> session-cap1785880009w14
captured=0 skipped=241 failed=0
pending=5775 shard=13/24 assigned=241
transport: canary vendor 'decodo_patchright'
2026-08-04 17:46:49,832 INFO vendor decodo_patchright: 50 prox(y/ies), sticky session re-minted -> session-cap1785880009w13
captured=0 skipped=241 failed=0
pending=5775 shard=10/24 assigned=241
transport: canary vendor 'decodo_patchright'
EXIT=0
2026-08-04 17:46:49,872 INFO vendor decodo_patchright: 50 prox(y/ies), sticky session re-minted -> session-cap1785880009w10
captured=0 skipped=241 failed=0
EXIT=0
EXIT=0
EXIT=0
EXIT=0
EXIT=0
EXIT=0
EXIT=0
EXIT=0
EXIT=0
EXIT=0
EXIT=0
EXIT=0
2026-08-04 17:47:23,416 WARNING challenge not cleared for contest_id=824724 -- bundle not written
captured=0 skipped=239 failed=1
EXIT=0
2026-08-04 17:47:38,734 WARNING challenge not cleared for contest_id=826397 -- bundle not written
captured=0 skipped=240 failed=1
EXIT=0
2026-08-04 17:48:01,828 WARNING challenge not cleared for contest_id=831283 -- bundle not written
captured=0 skipped=240 failed=1
EXIT=0
2026-08-04 17:48:23,556 WARNING challenge not cleared for contest_id=825520 -- bundle not written
captured=0 skipped=240 failed=1
EXIT=0
2026-08-04 18:14:54,568 ERROR BAN-SUSPECT: hard-stopping capture at contest_id=825478: NCAA fetch failed after rotating proxies: https://stats.ncaa.org/contests/825478/play_by_play: patchright: bm-verify not passed after 3 attempts (643-byte body)
BAN-SUSPECT: capture halted at contest_id=825478: NCAA fetch failed after rotating proxies: https://stats.ncaa.org/contests/825478/play_by_play: patchright: bm-verify not passed after 3 attempts (643-byte body)
EXIT=1
[18:14:54] capture stopped (rc=1) -- a ban/soft-ban hard-stop or Ctrl-C (see the capture log).
[18:14:54]   This is RESUMABLE: cool down (a ban clears in minutes-hours), then re-run this
[18:14:54]   script -- already-captured contests are skipped.
[18:14:54] === parse captured bundles -> mbb/json/ ===
log -> logs/parse_20260804_181455.log  (watch: tail -f logs/parse_20260804_181455.log)
seasons=all bundles=87791 pending=0 force=False shard=23/24 assigned=0
parsed=0 failed=0
EXIT=0
[18:15:10] DONE: captured_bundles=87791 parsed_json=87791 (capture rc=1)
[18:15:10] capture INCOMPLETE (rc=1) -- re-run this script to continue before building.
EXIT=1
[2026-08-04 18:15:10] season 2012: chunk 6 hard-stopped (rc=1), 175 remaining -- cooling 1800s
[18:45:10] NCAA MBB backfill: season=2012 workers=24
[18:45:10] watch this run:  tail -f /c/Users/saiem/Documents/GitHub-Data/sdv-dev/hoopR-dev/ncaa-mbb-hoops-raw/logs/backfill_2012_20260804_184510.log
[18:45:11] === skip discover (season 2012 already in schedule_master; delete mbb/schedule_master.parquet to force) ===
[18:45:11] === capture 2012: 24 worker(s), chunk=400 new bundles per worker ===
proxy creds loaded from /c/Users/saiem/.Renviron (values hidden)
proxy creds loaded from /c/Users/saiem/.Renviron (values hidden)
proxy creds loaded from /c/Users/saiem/.Renviron (values hidden)
proxy creds loaded from /c/Users/saiem/.Renviron (values hidden)
proxy creds loaded from /c/Users/saiem/.Renviron (values hidden)
proxy creds loaded from /c/Users/saiem/.Renviron (values hidden)
proxy creds loaded from /c/Users/saiem/.Renviron (values hidden)
log -> logs/capture_20260804_184511.log  (watch: tail -f logs/capture_20260804_184511.log)
log -> logs/capture_20260804_184511.log  (watch: tail -f logs/capture_20260804_184511.log)
proxy creds loaded from /c/Users/saiem/.Renviron (values hidden)
log -> logs/capture_20260804_184511.log  (watch: tail -f logs/capture_20260804_184511.log)
proxy creds loaded from /c/Users/saiem/.Renviron (values hidden)
log -> logs/capture_20260804_184511.log  (watch: tail -f logs/capture_20260804_184511.log)
log -> logs/capture_20260804_184511.log  (watch: tail -f logs/capture_20260804_184511.log)
log -> logs/capture_20260804_184511.log  (watch: tail -f logs/capture_20260804_184511.log)
log -> logs/capture_20260804_184511.log  (watch: tail -f logs/capture_20260804_184511.log)
proxy creds loaded from /c/Users/saiem/.Renviron (values hidden)
proxy creds loaded from /c/Users/saiem/.Renviron (values hidden)
log -> logs/capture_20260804_184511.log  (watch: tail -f logs/capture_20260804_184511.log)
log -> logs/capture_20260804_184511.log  (watch: tail -f logs/capture_20260804_184511.log)
proxy creds loaded from /c/Users/saiem/.Renviron (values hidden)
proxy creds loaded from /c/Users/saiem/.Renviron (values hidden)
proxy creds loaded from /c/Users/saiem/.Renviron (values hidden)
proxy creds loaded from /c/Users/saiem/.Renviron (values hidden)
log -> logs/capture_20260804_184511.log  (watch: tail -f logs/capture_20260804_184511.log)
proxy creds loaded from /c/Users/saiem/.Renviron (values hidden)
log -> logs/capture_20260804_184511.log  (watch: tail -f logs/capture_20260804_184511.log)
proxy creds loaded from /c/Users/saiem/.Renviron (values hidden)
log -> logs/capture_20260804_184511.log  (watch: tail -f logs/capture_20260804_184511.log)
proxy creds loaded from /c/Users/saiem/.Renviron (values hidden)
log -> logs/capture_20260804_184511.log  (watch: tail -f logs/capture_20260804_184511.log)
proxy creds loaded from /c/Users/saiem/.Renviron (values hidden)
proxy creds loaded from /c/Users/saiem/.Renviron (values hidden)
proxy creds loaded from /c/Users/saiem/.Renviron (values hidden)
proxy creds loaded from /c/Users/saiem/.Renviron (values hidden)
proxy creds loaded from /c/Users/saiem/.Renviron (values hidden)
log -> logs/capture_20260804_184511.log  (watch: tail -f logs/capture_20260804_184511.log)
log -> logs/capture_20260804_184511.log  (watch: tail -f logs/capture_20260804_184511.log)
log -> logs/capture_20260804_184511.log  (watch: tail -f logs/capture_20260804_184511.log)
log -> logs/capture_20260804_184511.log  (watch: tail -f logs/capture_20260804_184511.log)
proxy creds loaded from /c/Users/saiem/.Renviron (values hidden)
log -> logs/capture_20260804_184511.log  (watch: tail -f logs/capture_20260804_184511.log)
log -> logs/capture_20260804_184511.log  (watch: tail -f logs/capture_20260804_184511.log)
log -> logs/capture_20260804_184511.log  (watch: tail -f logs/capture_20260804_184511.log)
log -> logs/capture_20260804_184511.log  (watch: tail -f logs/capture_20260804_184511.log)
log -> logs/capture_20260804_184511.log  (watch: tail -f logs/capture_20260804_184511.log)
log -> logs/capture_20260804_184511.log  (watch: tail -f logs/capture_20260804_184511.log)
log -> logs/capture_20260804_184511.log  (watch: tail -f logs/capture_20260804_184511.log)
pending=5775 shard=8/24 assigned=241
transport: canary vendor 'decodo_patchright'
2026-08-04 18:45:15,943 INFO vendor decodo_patchright: 50 prox(y/ies), sticky session re-minted -> session-cap1785883515w8
pending=5775 shard=2/24 assigned=241
transport: canary vendor 'decodo_patchright'
2026-08-04 18:45:15,941 INFO vendor decodo_patchright: 50 prox(y/ies), sticky session re-minted -> session-cap1785883515w2
captured=0 skipped=241 failed=0
pending=5775 shard=0/24 assigned=241
transport: canary vendor 'decodo_patchright'
2026-08-04 18:45:16,171 INFO vendor decodo_patchright: 50 prox(y/ies), sticky session re-minted -> session-cap1785883516w0
captured=0 skipped=241 failed=0
pending=5775 shard=4/24 assigned=241
transport: canary vendor 'decodo_patchright'
2026-08-04 18:45:16,238 INFO vendor decodo_patchright: 50 prox(y/ies), sticky session re-minted -> session-cap1785883516w4
captured=0 skipped=241 failed=0
EXIT=0
pending=5775 shard=5/24 assigned=241
transport: canary vendor 'decodo_patchright'
2026-08-04 18:45:17,084 INFO vendor decodo_patchright: 50 prox(y/ies), sticky session re-minted -> session-cap1785883517w5
captured=0 skipped=241 failed=0
pending=5775 shard=7/24 assigned=241
transport: canary vendor 'decodo_patchright'
pending=5775 shard=1/24 assigned=241
transport: canary vendor 'decodo_patchright'
2026-08-04 18:45:17,284 INFO vendor decodo_patchright: 50 prox(y/ies), sticky session re-minted -> session-cap1785883517w1
pending=5775 shard=3/24 assigned=241
transport: canary vendor 'decodo_patchright'
2026-08-04 18:45:17,262 INFO vendor decodo_patchright: 50 prox(y/ies), sticky session re-minted -> session-cap1785883517w7
2026-08-04 18:45:17,292 INFO vendor decodo_patchright: 50 prox(y/ies), sticky session re-minted -> session-cap1785883517w3
captured=0 skipped=241 failed=0
pending=5775 shard=13/24 assigned=241
transport: canary vendor 'decodo_patchright'
2026-08-04 18:45:17,350 INFO vendor decodo_patchright: 50 prox(y/ies), sticky session re-minted -> session-cap1785883517w13
captured=0 skipped=241 failed=0
pending=5775 shard=20/24 assigned=240
transport: canary vendor 'decodo_patchright'
2026-08-04 18:45:18,197 INFO vendor decodo_patchright: 50 prox(y/ies), sticky session re-minted -> session-cap1785883518w20
pending=5775 shard=6/24 assigned=241
transport: canary vendor 'decodo_patchright'
2026-08-04 18:45:18,200 INFO vendor decodo_patchright: 50 prox(y/ies), sticky session re-minted -> session-cap1785883518w6
captured=0 skipped=240 failed=0
captured=0 skipped=241 failed=0
pending=5775 shard=23/24 assigned=240
transport: canary vendor 'decodo_patchright'
pending=5775 shard=21/24 assigned=240
transport: canary vendor 'decodo_patchright'
2026-08-04 18:45:18,262 INFO vendor decodo_patchright: 50 prox(y/ies), sticky session re-minted -> session-cap1785883518w21
2026-08-04 18:45:18,261 INFO vendor decodo_patchright: 50 prox(y/ies), sticky session re-minted -> session-cap1785883518w23
EXIT=0
captured=0 skipped=240 failed=0
captured=0 skipped=240 failed=0
pending=5775 shard=19/24 assigned=240
transport: canary vendor 'decodo_patchright'
2026-08-04 18:45:18,317 INFO vendor decodo_patchright: 50 prox(y/ies), sticky session re-minted -> session-cap1785883518w19
captured=0 skipped=240 failed=0
EXIT=0
pending=5775 shard=17/24 assigned=240
transport: canary vendor 'decodo_patchright'
2026-08-04 18:45:18,353 INFO vendor decodo_patchright: 50 prox(y/ies), sticky session re-minted -> session-cap1785883518w17
captured=0 skipped=240 failed=0
EXIT=0
pending=5775 shard=14/24 assigned=241
transport: canary vendor 'decodo_patchright'
2026-08-04 18:45:18,414 INFO vendor decodo_patchright: 50 prox(y/ies), sticky session re-minted -> session-cap1785883518w14
captured=0 skipped=241 failed=0
pending=5775 shard=11/24 assigned=241
transport: canary vendor 'decodo_patchright'
2026-08-04 18:45:18,435 INFO vendor decodo_patchright: 50 prox(y/ies), sticky session re-minted -> session-cap1785883518w11
pending=5775 shard=16/24 assigned=240
transport: canary vendor 'decodo_patchright'
pending=5775 shard=22/24 assigned=240
transport: canary vendor 'decodo_patchright'
2026-08-04 18:45:18,476 INFO vendor decodo_patchright: 50 prox(y/ies), sticky session re-minted -> session-cap1785883518w22
2026-08-04 18:45:18,477 INFO vendor decodo_patchright: 50 prox(y/ies), sticky session re-minted -> session-cap1785883518w16
pending=5775 shard=9/24 assigned=241
transport: canary vendor 'decodo_patchright'
2026-08-04 18:45:18,487 INFO vendor decodo_patchright: 50 prox(y/ies), sticky session re-minted -> session-cap1785883518w9
captured=0 skipped=240 failed=0
captured=0 skipped=240 failed=0
captured=0 skipped=241 failed=0
EXIT=0
EXIT=0
pending=5775 shard=12/24 assigned=241
transport: canary vendor 'decodo_patchright'
2026-08-04 18:45:18,691 INFO vendor decodo_patchright: 50 prox(y/ies), sticky session re-minted -> session-cap1785883518w12
captured=0 skipped=241 failed=0
pending=5775 shard=10/24 assigned=241
transport: canary vendor 'decodo_patchright'
pending=5775 shard=18/24 assigned=240
transport: canary vendor 'decodo_patchright'
pending=5775 shard=15/24 assigned=240
transport: canary vendor 'decodo_patchright'
2026-08-04 18:45:18,852 INFO vendor decodo_patchright: 50 prox(y/ies), sticky session re-minted -> session-cap1785883518w18
2026-08-04 18:45:18,881 INFO vendor decodo_patchright: 50 prox(y/ies), sticky session re-minted -> session-cap1785883518w10
captured=0 skipped=241 failed=0
2026-08-04 18:45:18,952 INFO vendor decodo_patchright: 50 prox(y/ies), sticky session re-minted -> session-cap1785883518w15
captured=0 skipped=240 failed=0
EXIT=0
EXIT=0
EXIT=0
EXIT=0
EXIT=0
EXIT=0
EXIT=0
EXIT=0
EXIT=0
EXIT=0
EXIT=0
EXIT=0
EXIT=0
2026-08-04 18:45:52,248 WARNING challenge not cleared for contest_id=825520 -- bundle not written
captured=0 skipped=240 failed=1
EXIT=0
2026-08-04 18:45:52,957 WARNING challenge not cleared for contest_id=824724 -- bundle not written
captured=0 skipped=239 failed=1
2026-08-04 18:45:53,400 WARNING challenge not cleared for contest_id=831283 -- bundle not written
EXIT=0
captured=0 skipped=240 failed=1
EXIT=0
2026-08-04 18:45:54,918 WARNING challenge not cleared for contest_id=826397 -- bundle not written
captured=0 skipped=240 failed=1
EXIT=0
2026-08-04 19:13:22,488 ERROR BAN-SUSPECT: hard-stopping capture at contest_id=825478: NCAA fetch failed after rotating proxies: https://stats.ncaa.org/contests/825478/play_by_play: patchright: bm-verify not passed after 3 attempts (643-byte body)
BAN-SUSPECT: capture halted at contest_id=825478: NCAA fetch failed after rotating proxies: https://stats.ncaa.org/contests/825478/play_by_play: patchright: bm-verify not passed after 3 attempts (643-byte body)
EXIT=1
[19:13:22] capture stopped (rc=1) -- a ban/soft-ban hard-stop or Ctrl-C (see the capture log).
[19:13:22]   This is RESUMABLE: cool down (a ban clears in minutes-hours), then re-run this
[19:13:22]   script -- already-captured contests are skipped.
[19:13:22] === parse captured bundles -> mbb/json/ ===
log -> logs/parse_20260804_191322.log  (watch: tail -f logs/parse_20260804_191322.log)
seasons=all bundles=87791 pending=0 force=False shard=13/24 assigned=0
parsed=0 failed=0
EXIT=0
[19:13:39] DONE: captured_bundles=87791 parsed_json=87791 (capture rc=1)
[19:13:39] capture INCOMPLETE (rc=1) -- re-run this script to continue before building.
EXIT=1
[2026-08-04 19:13:39] season 2012: chunk 7 hard-stopped (rc=1), 175 remaining -- cooling 1800s
[19:43:39] NCAA MBB backfill: season=2012 workers=24
[19:43:39] watch this run:  tail -f /c/Users/saiem/Documents/GitHub-Data/sdv-dev/hoopR-dev/ncaa-mbb-hoops-raw/logs/backfill_2012_20260804_194339.log
[19:43:40] === skip discover (season 2012 already in schedule_master; delete mbb/schedule_master.parquet to force) ===
[19:43:40] === capture 2012: 24 worker(s), chunk=400 new bundles per worker ===
proxy creds loaded from /c/Users/saiem/.Renviron (values hidden)
proxy creds loaded from /c/Users/saiem/.Renviron (values hidden)
proxy creds loaded from /c/Users/saiem/.Renviron (values hidden)
proxy creds loaded from /c/Users/saiem/.Renviron (values hidden)
log -> logs/capture_20260804_194340.log  (watch: tail -f logs/capture_20260804_194340.log)
log -> logs/capture_20260804_194340.log  (watch: tail -f logs/capture_20260804_194340.log)
proxy creds loaded from /c/Users/saiem/.Renviron (values hidden)
proxy creds loaded from /c/Users/saiem/.Renviron (values hidden)
proxy creds loaded from /c/Users/saiem/.Renviron (values hidden)
log -> logs/capture_20260804_194340.log  (watch: tail -f logs/capture_20260804_194340.log)
proxy creds loaded from /c/Users/saiem/.Renviron (values hidden)
log -> logs/capture_20260804_194340.log  (watch: tail -f logs/capture_20260804_194340.log)
proxy creds loaded from /c/Users/saiem/.Renviron (values hidden)
proxy creds loaded from /c/Users/saiem/.Renviron (values hidden)
proxy creds loaded from /c/Users/saiem/.Renviron (values hidden)
proxy creds loaded from /c/Users/saiem/.Renviron (values hidden)
log -> logs/capture_20260804_194340.log  (watch: tail -f logs/capture_20260804_194340.log)
log -> logs/capture_20260804_194340.log  (watch: tail -f logs/capture_20260804_194340.log)
proxy creds loaded from /c/Users/saiem/.Renviron (values hidden)
proxy creds loaded from /c/Users/saiem/.Renviron (values hidden)
proxy creds loaded from /c/Users/saiem/.Renviron (values hidden)
log -> logs/capture_20260804_194340.log  (watch: tail -f logs/capture_20260804_194340.log)
log -> logs/capture_20260804_194340.log  (watch: tail -f logs/capture_20260804_194340.log)
log -> logs/capture_20260804_194340.log  (watch: tail -f logs/capture_20260804_194340.log)
log -> logs/capture_20260804_194340.log  (watch: tail -f logs/capture_20260804_194340.log)
log -> logs/capture_20260804_194340.log  (watch: tail -f logs/capture_20260804_194340.log)
proxy creds loaded from /c/Users/saiem/.Renviron (values hidden)
proxy creds loaded from /c/Users/saiem/.Renviron (values hidden)
proxy creds loaded from /c/Users/saiem/.Renviron (values hidden)
log -> logs/capture_20260804_194340.log  (watch: tail -f logs/capture_20260804_194340.log)
log -> logs/capture_20260804_194340.log  (watch: tail -f logs/capture_20260804_194340.log)
log -> logs/capture_20260804_194340.log  (watch: tail -f logs/capture_20260804_194340.log)
proxy creds loaded from /c/Users/saiem/.Renviron (values hidden)
log -> logs/capture_20260804_194340.log  (watch: tail -f logs/capture_20260804_194340.log)
log -> logs/capture_20260804_194340.log  (watch: tail -f logs/capture_20260804_194340.log)
log -> logs/capture_20260804_194340.log  (watch: tail -f logs/capture_20260804_194340.log)
log -> logs/capture_20260804_194340.log  (watch: tail -f logs/capture_20260804_194340.log)
proxy creds loaded from /c/Users/saiem/.Renviron (values hidden)
proxy creds loaded from /c/Users/saiem/.Renviron (values hidden)
log -> logs/capture_20260804_194340.log  (watch: tail -f logs/capture_20260804_194340.log)
proxy creds loaded from /c/Users/saiem/.Renviron (values hidden)
proxy creds loaded from /c/Users/saiem/.Renviron (values hidden)
proxy creds loaded from /c/Users/saiem/.Renviron (values hidden)
log -> logs/capture_20260804_194340.log  (watch: tail -f logs/capture_20260804_194340.log)
log -> logs/capture_20260804_194340.log  (watch: tail -f logs/capture_20260804_194340.log)
log -> logs/capture_20260804_194340.log  (watch: tail -f logs/capture_20260804_194340.log)
log -> logs/capture_20260804_194340.log  (watch: tail -f logs/capture_20260804_194340.log)
log -> logs/capture_20260804_194340.log  (watch: tail -f logs/capture_20260804_194340.log)
pending=5775 shard=4/24 assigned=241
transport: canary vendor 'decodo_patchright'
2026-08-04 19:43:45,040 INFO vendor decodo_patchright: 50 prox(y/ies), sticky session re-minted -> session-cap1785887025w4
pending=5775 shard=0/24 assigned=241
transport: canary vendor 'decodo_patchright'
2026-08-04 19:43:45,057 INFO vendor decodo_patchright: 50 prox(y/ies), sticky session re-minted -> session-cap1785887025w0
captured=0 skipped=241 failed=0
pending=5775 shard=2/24 assigned=241
transport: canary vendor 'decodo_patchright'
captured=0 skipped=241 failed=0
2026-08-04 19:43:45,083 INFO vendor decodo_patchright: 50 prox(y/ies), sticky session re-minted -> session-cap1785887025w2
captured=0 skipped=241 failed=0
pending=5775 shard=3/24 assigned=241
transport: canary vendor 'decodo_patchright'
2026-08-04 19:43:45,590 INFO vendor decodo_patchright: 50 prox(y/ies), sticky session re-minted -> session-cap1785887025w3
captured=0 skipped=241 failed=0
pending=5775 shard=11/24 assigned=241
transport: canary vendor 'decodo_patchright'
2026-08-04 19:43:45,833 INFO vendor decodo_patchright: 50 prox(y/ies), sticky session re-minted -> session-cap1785887025w11
pending=5775 shard=5/24 assigned=241
transport: canary vendor 'decodo_patchright'
pending=5775 shard=12/24 assigned=241
transport: canary vendor 'decodo_patchright'
2026-08-04 19:43:46,126 INFO vendor decodo_patchright: 50 prox(y/ies), sticky session re-minted -> session-cap1785887026w5
captured=0 skipped=241 failed=0
2026-08-04 19:43:46,130 INFO vendor decodo_patchright: 50 prox(y/ies), sticky session re-minted -> session-cap1785887026w12
captured=0 skipped=241 failed=0
pending=5775 shard=13/24 assigned=241
transport: canary vendor 'decodo_patchright'
2026-08-04 19:43:46,193 INFO vendor decodo_patchright: 50 prox(y/ies), sticky session re-minted -> session-cap1785887026w13
captured=0 skipped=241 failed=0
pending=5775 shard=14/24 assigned=241
transport: canary vendor 'decodo_patchright'
pending=5775 shard=1/24 assigned=241
transport: canary vendor 'decodo_patchright'
2026-08-04 19:43:46,278 INFO vendor decodo_patchright: 50 prox(y/ies), sticky session re-minted -> session-cap1785887026w1
pending=5775 shard=15/24 assigned=240
transport: canary vendor 'decodo_patchright'
2026-08-04 19:43:46,290 INFO vendor decodo_patchright: 50 prox(y/ies), sticky session re-minted -> session-cap1785887026w14
captured=0 skipped=241 failed=0
2026-08-04 19:43:46,365 INFO vendor decodo_patchright: 50 prox(y/ies), sticky session re-minted -> session-cap1785887026w15
captured=0 skipped=240 failed=0
EXIT=0
EXIT=0
EXIT=0
EXIT=0
pending=5775 shard=8/24 assigned=241
transport: canary vendor 'decodo_patchright'
2026-08-04 19:43:47,250 INFO vendor decodo_patchright: 50 prox(y/ies), sticky session re-minted -> session-cap1785887027w8
EXIT=0
pending=5775 shard=18/24 assigned=240
transport: canary vendor 'decodo_patchright'
EXIT=0
2026-08-04 19:43:47,284 INFO vendor decodo_patchright: 50 prox(y/ies), sticky session re-minted -> session-cap1785887027w18
EXIT=0
pending=5775 shard=21/24 assigned=240
transport: canary vendor 'decodo_patchright'
pending=5775 shard=17/24 assigned=240
transport: canary vendor 'decodo_patchright'
2026-08-04 19:43:47,405 INFO vendor decodo_patchright: 50 prox(y/ies), sticky session re-minted -> session-cap1785887027w17
pending=5775 shard=19/24 assigned=240
transport: canary vendor 'decodo_patchright'
2026-08-04 19:43:47,403 INFO vendor decodo_patchright: 50 prox(y/ies), sticky session re-minted -> session-cap1785887027w19
2026-08-04 19:43:47,413 INFO vendor decodo_patchright: 50 prox(y/ies), sticky session re-minted -> session-cap1785887027w21
captured=0 skipped=240 failed=0
captured=0 skipped=240 failed=0
pending=5775 shard=16/24 assigned=240
transport: canary vendor 'decodo_patchright'
pending=5775 shard=22/24 assigned=240
transport: canary vendor 'decodo_patchright'
EXIT=0
2026-08-04 19:43:47,432 INFO vendor decodo_patchright: 50 prox(y/ies), sticky session re-minted -> session-cap1785887027w22
2026-08-04 19:43:47,432 INFO vendor decodo_patchright: 50 prox(y/ies), sticky session re-minted -> session-cap1785887027w16
captured=0 skipped=240 failed=0
captured=0 skipped=240 failed=0
captured=0 skipped=240 failed=0
EXIT=0
pending=5775 shard=6/24 assigned=241
transport: canary vendor 'decodo_patchright'
2026-08-04 19:43:47,501 INFO vendor decodo_patchright: 50 prox(y/ies), sticky session re-minted -> session-cap1785887027w6
captured=0 skipped=241 failed=0
pending=5775 shard=10/24 assigned=241
transport: canary vendor 'decodo_patchright'
2026-08-04 19:43:47,591 INFO vendor decodo_patchright: 50 prox(y/ies), sticky session re-minted -> session-cap1785887027w10
captured=0 skipped=241 failed=0
pending=5775 shard=7/24 assigned=241
transport: canary vendor 'decodo_patchright'
pending=5775 shard=9/24 assigned=241
transport: canary vendor 'decodo_patchright'
pending=5775 shard=20/24 assigned=240
transport: canary vendor 'decodo_patchright'
2026-08-04 19:43:47,842 INFO vendor decodo_patchright: 50 prox(y/ies), sticky session re-minted -> session-cap1785887027w7
2026-08-04 19:43:47,842 INFO vendor decodo_patchright: 50 prox(y/ies), sticky session re-minted -> session-cap1785887027w20
2026-08-04 19:43:47,842 INFO vendor decodo_patchright: 50 prox(y/ies), sticky session re-minted -> session-cap1785887027w9
captured=0 skipped=241 failed=0
captured=0 skipped=240 failed=0
pending=5775 shard=23/24 assigned=240
transport: canary vendor 'decodo_patchright'
2026-08-04 19:43:47,902 INFO vendor decodo_patchright: 50 prox(y/ies), sticky session re-minted -> session-cap1785887027w23
captured=0 skipped=240 failed=0
EXIT=0
EXIT=0
EXIT=0
EXIT=0
EXIT=0
EXIT=0
EXIT=0
EXIT=0
EXIT=0
EXIT=0
2026-08-04 19:44:21,318 WARNING challenge not cleared for contest_id=826397 -- bundle not written
captured=0 skipped=240 failed=1
EXIT=0
2026-08-04 19:44:22,921 WARNING challenge not cleared for contest_id=825520 -- bundle not written
captured=0 skipped=240 failed=1
EXIT=0
2026-08-04 19:44:23,950 WARNING challenge not cleared for contest_id=831283 -- bundle not written
captured=0 skipped=240 failed=1
EXIT=0
2026-08-04 19:44:25,131 WARNING challenge not cleared for contest_id=824724 -- bundle not written
captured=0 skipped=239 failed=1
EXIT=0
2026-08-04 20:11:30,860 ERROR BAN-SUSPECT: hard-stopping capture at contest_id=825478: NCAA fetch failed after rotating proxies: https://stats.ncaa.org/contests/825478/play_by_play: patchright: bm-verify not passed after 3 attempts (643-byte body)
BAN-SUSPECT: capture halted at contest_id=825478: NCAA fetch failed after rotating proxies: https://stats.ncaa.org/contests/825478/play_by_play: patchright: bm-verify not passed after 3 attempts (643-byte body)
EXIT=1
[20:11:31] capture stopped (rc=1) -- a ban/soft-ban hard-stop or Ctrl-C (see the capture log).
[20:11:31]   This is RESUMABLE: cool down (a ban clears in minutes-hours), then re-run this
[20:11:31]   script -- already-captured contests are skipped.
[20:11:31] === parse captured bundles -> mbb/json/ ===
log -> logs/parse_20260804_201131.log  (watch: tail -f logs/parse_20260804_201131.log)
seasons=all bundles=87791 pending=0 force=False shard=17/24 assigned=0
parsed=0 failed=0
EXIT=0
[20:11:47] DONE: captured_bundles=87791 parsed_json=87791 (capture rc=1)
[20:11:47] capture INCOMPLETE (rc=1) -- re-run this script to continue before building.
EXIT=1
[2026-08-04 20:11:47] season 2012: chunk 8 hard-stopped (rc=1), 175 remaining -- cooling 1800s
[20:41:48] NCAA MBB backfill: season=2012 workers=24
[20:41:48] watch this run:  tail -f /c/Users/saiem/Documents/GitHub-Data/sdv-dev/hoopR-dev/ncaa-mbb-hoops-raw/logs/backfill_2012_20260804_204148.log
[20:41:48] === skip discover (season 2012 already in schedule_master; delete mbb/schedule_master.parquet to force) ===
[20:41:48] === capture 2012: 24 worker(s), chunk=400 new bundles per worker ===
proxy creds loaded from /c/Users/saiem/.Renviron (values hidden)
proxy creds loaded from /c/Users/saiem/.Renviron (values hidden)
proxy creds loaded from /c/Users/saiem/.Renviron (values hidden)
proxy creds loaded from /c/Users/saiem/.Renviron (values hidden)
proxy creds loaded from /c/Users/saiem/.Renviron (values hidden)
log -> logs/capture_20260804_204149.log  (watch: tail -f logs/capture_20260804_204149.log)
proxy creds loaded from /c/Users/saiem/.Renviron (values hidden)
proxy creds loaded from /c/Users/saiem/.Renviron (values hidden)
log -> logs/capture_20260804_204149.log  (watch: tail -f logs/capture_20260804_204149.log)
proxy creds loaded from /c/Users/saiem/.Renviron (values hidden)
log -> logs/capture_20260804_204149.log  (watch: tail -f logs/capture_20260804_204149.log)
proxy creds loaded from /c/Users/saiem/.Renviron (values hidden)
proxy creds loaded from /c/Users/saiem/.Renviron (values hidden)
proxy creds loaded from /c/Users/saiem/.Renviron (values hidden)
log -> logs/capture_20260804_204149.log  (watch: tail -f logs/capture_20260804_204149.log)
log -> logs/capture_20260804_204149.log  (watch: tail -f logs/capture_20260804_204149.log)
proxy creds loaded from /c/Users/saiem/.Renviron (values hidden)
proxy creds loaded from /c/Users/saiem/.Renviron (values hidden)
log -> logs/capture_20260804_204149.log  (watch: tail -f logs/capture_20260804_204149.log)
log -> logs/capture_20260804_204149.log  (watch: tail -f logs/capture_20260804_204149.log)
log -> logs/capture_20260804_204149.log  (watch: tail -f logs/capture_20260804_204149.log)
proxy creds loaded from /c/Users/saiem/.Renviron (values hidden)
proxy creds loaded from /c/Users/saiem/.Renviron (values hidden)
log -> logs/capture_20260804_204149.log  (watch: tail -f logs/capture_20260804_204149.log)
log -> logs/capture_20260804_204149.log  (watch: tail -f logs/capture_20260804_204149.log)
log -> logs/capture_20260804_204149.log  (watch: tail -f logs/capture_20260804_204149.log)
log -> logs/capture_20260804_204149.log  (watch: tail -f logs/capture_20260804_204149.log)
proxy creds loaded from /c/Users/saiem/.Renviron (values hidden)
proxy creds loaded from /c/Users/saiem/.Renviron (values hidden)
log -> logs/capture_20260804_204149.log  (watch: tail -f logs/capture_20260804_204149.log)
proxy creds loaded from /c/Users/saiem/.Renviron (values hidden)
proxy creds loaded from /c/Users/saiem/.Renviron (values hidden)
proxy creds loaded from /c/Users/saiem/.Renviron (values hidden)
log -> logs/capture_20260804_204149.log  (watch: tail -f logs/capture_20260804_204149.log)
log -> logs/capture_20260804_204149.log  (watch: tail -f logs/capture_20260804_204149.log)
proxy creds loaded from /c/Users/saiem/.Renviron (values hidden)
proxy creds loaded from /c/Users/saiem/.Renviron (values hidden)
log -> logs/capture_20260804_204149.log  (watch: tail -f logs/capture_20260804_204149.log)
log -> logs/capture_20260804_204149.log  (watch: tail -f logs/capture_20260804_204149.log)
log -> logs/capture_20260804_204149.log  (watch: tail -f logs/capture_20260804_204149.log)
log -> logs/capture_20260804_204149.log  (watch: tail -f logs/capture_20260804_204149.log)
log -> logs/capture_20260804_204149.log  (watch: tail -f logs/capture_20260804_204149.log)
proxy creds loaded from /c/Users/saiem/.Renviron (values hidden)
log -> logs/capture_20260804_204149.log  (watch: tail -f logs/capture_20260804_204149.log)
log -> logs/capture_20260804_204149.log  (watch: tail -f logs/capture_20260804_204149.log)
proxy creds loaded from /c/Users/saiem/.Renviron (values hidden)
log -> logs/capture_20260804_204149.log  (watch: tail -f logs/capture_20260804_204149.log)
log -> logs/capture_20260804_204149.log  (watch: tail -f logs/capture_20260804_204149.log)
pending=5775 shard=2/24 assigned=241
transport: canary vendor 'decodo_patchright'
2026-08-04 20:41:53,085 INFO vendor decodo_patchright: 50 prox(y/ies), sticky session re-minted -> session-cap1785890513w2
captured=0 skipped=241 failed=0
pending=5775 shard=0/24 assigned=241
transport: canary vendor 'decodo_patchright'
2026-08-04 20:41:53,224 INFO vendor decodo_patchright: 50 prox(y/ies), sticky session re-minted -> session-cap1785890513w0
captured=0 skipped=241 failed=0
pending=5775 shard=4/24 assigned=241
transport: canary vendor 'decodo_patchright'
2026-08-04 20:41:54,032 INFO vendor decodo_patchright: 50 prox(y/ies), sticky session re-minted -> session-cap1785890514w4
captured=0 skipped=241 failed=0
pending=5775 shard=5/24 assigned=241
transport: canary vendor 'decodo_patchright'
2026-08-04 20:41:54,096 INFO vendor decodo_patchright: 50 prox(y/ies), sticky session re-minted -> session-cap1785890514w5
captured=0 skipped=241 failed=0
pending=5775 shard=3/24 assigned=241
transport: canary vendor 'decodo_patchright'
2026-08-04 20:41:54,243 INFO vendor decodo_patchright: 50 prox(y/ies), sticky session re-minted -> session-cap1785890514w3
captured=0 skipped=241 failed=0
EXIT=0
EXIT=0
pending=5775 shard=8/24 assigned=241
transport: canary vendor 'decodo_patchright'
2026-08-04 20:41:54,792 INFO vendor decodo_patchright: 50 prox(y/ies), sticky session re-minted -> session-cap1785890514w8
pending=5775 shard=1/24 assigned=241
transport: canary vendor 'decodo_patchright'
2026-08-04 20:41:54,791 INFO vendor decodo_patchright: 50 prox(y/ies), sticky session re-minted -> session-cap1785890514w1
pending=5775 shard=11/24 assigned=241
transport: canary vendor 'decodo_patchright'
2026-08-04 20:41:54,925 INFO vendor decodo_patchright: 50 prox(y/ies), sticky session re-minted -> session-cap1785890514w11
EXIT=0
pending=5775 shard=7/24 assigned=241
transport: canary vendor 'decodo_patchright'
EXIT=0
EXIT=0
pending=5775 shard=12/24 assigned=241
transport: canary vendor 'decodo_patchright'
2026-08-04 20:41:55,039 INFO vendor decodo_patchright: 50 prox(y/ies), sticky session re-minted -> session-cap1785890515w12
captured=0 skipped=241 failed=0
2026-08-04 20:41:55,068 INFO vendor decodo_patchright: 50 prox(y/ies), sticky session re-minted -> session-cap1785890515w7
pending=5775 shard=9/24 assigned=241
transport: canary vendor 'decodo_patchright'
2026-08-04 20:41:55,846 INFO vendor decodo_patchright: 50 prox(y/ies), sticky session re-minted -> session-cap1785890515w9
captured=0 skipped=241 failed=0
pending=5775 shard=19/24 assigned=240
transport: canary vendor 'decodo_patchright'
pending=5775 shard=22/24 assigned=240
transport: canary vendor 'decodo_patchright'
2026-08-04 20:41:55,859 INFO vendor decodo_patchright: 50 prox(y/ies), sticky session re-minted -> session-cap1785890515w22
2026-08-04 20:41:55,865 INFO vendor decodo_patchright: 50 prox(y/ies), sticky session re-minted -> session-cap1785890515w19
captured=0 skipped=240 failed=0
captured=0 skipped=240 failed=0
pending=5775 shard=14/24 assigned=241
transport: canary vendor 'decodo_patchright'
EXIT=0
pending=5775 shard=10/24 assigned=241
transport: canary vendor 'decodo_patchright'
2026-08-04 20:41:55,924 INFO vendor decodo_patchright: 50 prox(y/ies), sticky session re-minted -> session-cap1785890515w10
2026-08-04 20:41:55,911 INFO vendor decodo_patchright: 50 prox(y/ies), sticky session re-minted -> session-cap1785890515w14
captured=0 skipped=241 failed=0
captured=0 skipped=241 failed=0
pending=5775 shard=15/24 assigned=240
transport: canary vendor 'decodo_patchright'
pending=5775 shard=16/24 assigned=240
transport: canary vendor 'decodo_patchright'
2026-08-04 20:41:55,999 INFO vendor decodo_patchright: 50 prox(y/ies), sticky session re-minted -> session-cap1785890515w16
2026-08-04 20:41:55,995 INFO vendor decodo_patchright: 50 prox(y/ies), sticky session re-minted -> session-cap1785890515w15
captured=0 skipped=240 failed=0
pending=5775 shard=13/24 assigned=241
transport: canary vendor 'decodo_patchright'
captured=0 skipped=240 failed=0
2026-08-04 20:41:56,038 INFO vendor decodo_patchright: 50 prox(y/ies), sticky session re-minted -> session-cap1785890516w13
captured=0 skipped=241 failed=0
pending=5775 shard=21/24 assigned=240
transport: canary vendor 'decodo_patchright'
2026-08-04 20:41:56,119 INFO vendor decodo_patchright: 50 prox(y/ies), sticky session re-minted -> session-cap1785890516w21
captured=0 skipped=240 failed=0
pending=5775 shard=6/24 assigned=241
transport: canary vendor 'decodo_patchright'
2026-08-04 20:41:56,146 INFO vendor decodo_patchright: 50 prox(y/ies), sticky session re-minted -> session-cap1785890516w6
captured=0 skipped=241 failed=0
pending=5775 shard=20/24 assigned=240
transport: canary vendor 'decodo_patchright'
2026-08-04 20:41:56,218 INFO vendor decodo_patchright: 50 prox(y/ies), sticky session re-minted -> session-cap1785890516w20
pending=5775 shard=17/24 assigned=240
transport: canary vendor 'decodo_patchright'
2026-08-04 20:41:56,319 INFO vendor decodo_patchright: 50 prox(y/ies), sticky session re-minted -> session-cap1785890516w17
captured=0 skipped=240 failed=0
captured=0 skipped=240 failed=0
pending=5775 shard=18/24 assigned=240
transport: canary vendor 'decodo_patchright'
2026-08-04 20:41:56,370 INFO vendor decodo_patchright: 50 prox(y/ies), sticky session re-minted -> session-cap1785890516w18
pending=5775 shard=23/24 assigned=240
transport: canary vendor 'decodo_patchright'
2026-08-04 20:41:56,579 INFO vendor decodo_patchright: 50 prox(y/ies), sticky session re-minted -> session-cap1785890516w23
captured=0 skipped=240 failed=0
EXIT=0
EXIT=0
EXIT=0
EXIT=0
EXIT=0
EXIT=0
EXIT=0
EXIT=0
EXIT=0
EXIT=0
EXIT=0
EXIT=0
EXIT=0
2026-08-04 20:42:28,335 WARNING challenge not cleared for contest_id=826397 -- bundle not written
captured=0 skipped=240 failed=1
EXIT=0
2026-08-04 20:42:29,781 WARNING challenge not cleared for contest_id=825520 -- bundle not written
captured=0 skipped=240 failed=1
EXIT=0
2026-08-04 20:42:30,417 WARNING challenge not cleared for contest_id=831283 -- bundle not written
captured=0 skipped=240 failed=1
EXIT=0
2026-08-04 20:42:33,229 WARNING challenge not cleared for contest_id=824724 -- bundle not written
captured=0 skipped=239 failed=1
EXIT=0
2026-08-04 21:09:10,100 ERROR BAN-SUSPECT: hard-stopping capture at contest_id=825478: NCAA fetch failed after rotating proxies: https://stats.ncaa.org/contests/825478/play_by_play: patchright: bm-verify not passed after 3 attempts (643-byte body)
BAN-SUSPECT: capture halted at contest_id=825478: NCAA fetch failed after rotating proxies: https://stats.ncaa.org/contests/825478/play_by_play: patchright: bm-verify not passed after 3 attempts (643-byte body)
EXIT=1
[21:09:10] capture stopped (rc=1) -- a ban/soft-ban hard-stop or Ctrl-C (see the capture log).
[21:09:10]   This is RESUMABLE: cool down (a ban clears in minutes-hours), then re-run this
[21:09:10]   script -- already-captured contests are skipped.
[21:09:10] === parse captured bundles -> mbb/json/ ===
log -> logs/parse_20260804_210910.log  (watch: tail -f logs/parse_20260804_210910.log)
seasons=all bundles=87791 pending=0 force=False shard=16/24 assigned=0
parsed=0 failed=0
EXIT=0
[21:09:26] DONE: captured_bundles=87791 parsed_json=87791 (capture rc=1)
[21:09:26] capture INCOMPLETE (rc=1) -- re-run this script to continue before building.
EXIT=1
[2026-08-04 21:09:26] season 2012: chunk 9 hard-stopped (rc=1), 175 remaining -- cooling 1800s
[21:39:27] NCAA MBB backfill: season=2012 workers=24
[21:39:27] watch this run:  tail -f /c/Users/saiem/Documents/GitHub-Data/sdv-dev/hoopR-dev/ncaa-mbb-hoops-raw/logs/backfill_2012_20260804_213927.log
[21:39:27] === skip discover (season 2012 already in schedule_master; delete mbb/schedule_master.parquet to force) ===
[21:39:27] === capture 2012: 24 worker(s), chunk=400 new bundles per worker ===
proxy creds loaded from /c/Users/saiem/.Renviron (values hidden)
proxy creds loaded from /c/Users/saiem/.Renviron (values hidden)
proxy creds loaded from /c/Users/saiem/.Renviron (values hidden)
proxy creds loaded from /c/Users/saiem/.Renviron (values hidden)
proxy creds loaded from /c/Users/saiem/.Renviron (values hidden)
proxy creds loaded from /c/Users/saiem/.Renviron (values hidden)
log -> logs/capture_20260804_213927.log  (watch: tail -f logs/capture_20260804_213927.log)
proxy creds loaded from /c/Users/saiem/.Renviron (values hidden)
proxy creds loaded from /c/Users/saiem/.Renviron (values hidden)
proxy creds loaded from /c/Users/saiem/.Renviron (values hidden)
log -> logs/capture_20260804_213927.log  (watch: tail -f logs/capture_20260804_213927.log)
log -> logs/capture_20260804_213927.log  (watch: tail -f logs/capture_20260804_213927.log)
log -> logs/capture_20260804_213927.log  (watch: tail -f logs/capture_20260804_213927.log)
log -> logs/capture_20260804_213927.log  (watch: tail -f logs/capture_20260804_213927.log)
proxy creds loaded from /c/Users/saiem/.Renviron (values hidden)
log -> logs/capture_20260804_213927.log  (watch: tail -f logs/capture_20260804_213927.log)
proxy creds loaded from /c/Users/saiem/.Renviron (values hidden)
proxy creds loaded from /c/Users/saiem/.Renviron (values hidden)
proxy creds loaded from /c/Users/saiem/.Renviron (values hidden)
log -> logs/capture_20260804_213927.log  (watch: tail -f logs/capture_20260804_213927.log)
log -> logs/capture_20260804_213927.log  (watch: tail -f logs/capture_20260804_213927.log)
proxy creds loaded from /c/Users/saiem/.Renviron (values hidden)
log -> logs/capture_20260804_213927.log  (watch: tail -f logs/capture_20260804_213927.log)
proxy creds loaded from /c/Users/saiem/.Renviron (values hidden)
log -> logs/capture_20260804_213928.log  (watch: tail -f logs/capture_20260804_213928.log)
proxy creds loaded from /c/Users/saiem/.Renviron (values hidden)
proxy creds loaded from /c/Users/saiem/.Renviron (values hidden)
proxy creds loaded from /c/Users/saiem/.Renviron (values hidden)
log -> logs/capture_20260804_213928.log  (watch: tail -f logs/capture_20260804_213928.log)
log -> logs/capture_20260804_213928.log  (watch: tail -f logs/capture_20260804_213928.log)
proxy creds loaded from /c/Users/saiem/.Renviron (values hidden)
log -> logs/capture_20260804_213928.log  (watch: tail -f logs/capture_20260804_213928.log)
log -> logs/capture_20260804_213928.log  (watch: tail -f logs/capture_20260804_213928.log)
proxy creds loaded from /c/Users/saiem/.Renviron (values hidden)
proxy creds loaded from /c/Users/saiem/.Renviron (values hidden)
log -> logs/capture_20260804_213928.log  (watch: tail -f logs/capture_20260804_213928.log)
proxy creds loaded from /c/Users/saiem/.Renviron (values hidden)
log -> logs/capture_20260804_213928.log  (watch: tail -f logs/capture_20260804_213928.log)
log -> logs/capture_20260804_213928.log  (watch: tail -f logs/capture_20260804_213928.log)
log -> logs/capture_20260804_213928.log  (watch: tail -f logs/capture_20260804_213928.log)
proxy creds loaded from /c/Users/saiem/.Renviron (values hidden)
proxy creds loaded from /c/Users/saiem/.Renviron (values hidden)
log -> logs/capture_20260804_213928.log  (watch: tail -f logs/capture_20260804_213928.log)
log -> logs/capture_20260804_213928.log  (watch: tail -f logs/capture_20260804_213928.log)
log -> logs/capture_20260804_213928.log  (watch: tail -f logs/capture_20260804_213928.log)
log -> logs/capture_20260804_213928.log  (watch: tail -f logs/capture_20260804_213928.log)
log -> logs/capture_20260804_213928.log  (watch: tail -f logs/capture_20260804_213928.log)
log -> logs/capture_20260804_213928.log  (watch: tail -f logs/capture_20260804_213928.log)
pending=5775 shard=2/24 assigned=241
transport: canary vendor 'decodo_patchright'
2026-08-04 21:39:32,152 INFO vendor decodo_patchright: 50 prox(y/ies), sticky session re-minted -> session-cap1785893972w2
captured=0 skipped=241 failed=0
pending=5775 shard=0/24 assigned=241
transport: canary vendor 'decodo_patchright'
2026-08-04 21:39:32,745 INFO vendor decodo_patchright: 50 prox(y/ies), sticky session re-minted -> session-cap1785893972w0
captured=0 skipped=241 failed=0
pending=5775 shard=13/24 assigned=241
transport: canary vendor 'decodo_patchright'
2026-08-04 21:39:33,407 INFO vendor decodo_patchright: 50 prox(y/ies), sticky session re-minted -> session-cap1785893973w13
captured=0 skipped=241 failed=0
pending=5775 shard=15/24 assigned=240
transport: canary vendor 'decodo_patchright'
2026-08-04 21:39:33,538 INFO vendor decodo_patchright: 50 prox(y/ies), sticky session re-minted -> session-cap1785893973w15
pending=5775 shard=7/24 assigned=241
transport: canary vendor 'decodo_patchright'
2026-08-04 21:39:33,578 INFO vendor decodo_patchright: 50 prox(y/ies), sticky session re-minted -> session-cap1785893973w7
captured=0 skipped=240 failed=0
pending=5775 shard=3/24 assigned=241
transport: canary vendor 'decodo_patchright'
2026-08-04 21:39:33,624 INFO vendor decodo_patchright: 50 prox(y/ies), sticky session re-minted -> session-cap1785893973w3
captured=0 skipped=241 failed=0
pending=5775 shard=1/24 assigned=241
transport: canary vendor 'decodo_patchright'
2026-08-04 21:39:33,666 INFO vendor decodo_patchright: 50 prox(y/ies), sticky session re-minted -> session-cap1785893973w1
pending=5775 shard=8/24 assigned=241
transport: canary vendor 'decodo_patchright'
pending=5775 shard=11/24 assigned=241
transport: canary vendor 'decodo_patchright'
2026-08-04 21:39:33,666 INFO vendor decodo_patchright: 50 prox(y/ies), sticky session re-minted -> session-cap1785893973w11
EXIT=0
2026-08-04 21:39:33,781 INFO vendor decodo_patchright: 50 prox(y/ies), sticky session re-minted -> session-cap1785893973w8
EXIT=0
EXIT=0
EXIT=0
EXIT=0
pending=5775 shard=18/24 assigned=240
transport: canary vendor 'decodo_patchright'
pending=5775 shard=9/24 assigned=241
transport: canary vendor 'decodo_patchright'
2026-08-04 21:39:34,614 INFO vendor decodo_patchright: 50 prox(y/ies), sticky session re-minted -> session-cap1785893974w9
2026-08-04 21:39:34,616 INFO vendor decodo_patchright: 50 prox(y/ies), sticky session re-minted -> session-cap1785893974w18
pending=5775 shard=10/24 assigned=241
transport: canary vendor 'decodo_patchright'
2026-08-04 21:39:34,639 INFO vendor decodo_patchright: 50 prox(y/ies), sticky session re-minted -> session-cap1785893974w10
pending=5775 shard=14/24 assigned=241
transport: canary vendor 'decodo_patchright'
captured=0 skipped=241 failed=0
2026-08-04 21:39:34,648 INFO vendor decodo_patchright: 50 prox(y/ies), sticky session re-minted -> session-cap1785893974w14
captured=0 skipped=241 failed=0
pending=5775 shard=16/24 assigned=240
transport: canary vendor 'decodo_patchright'
2026-08-04 21:39:34,669 INFO vendor decodo_patchright: 50 prox(y/ies), sticky session re-minted -> session-cap1785893974w16
captured=0 skipped=241 failed=0
captured=0 skipped=240 failed=0
pending=5775 shard=6/24 assigned=241
transport: canary vendor 'decodo_patchright'
2026-08-04 21:39:34,695 INFO vendor decodo_patchright: 50 prox(y/ies), sticky session re-minted -> session-cap1785893974w6
pending=5775 shard=17/24 assigned=240
transport: canary vendor 'decodo_patchright'
captured=0 skipped=241 failed=0
pending=5775 shard=23/24 assigned=240
transport: canary vendor 'decodo_patchright'
2026-08-04 21:39:34,726 INFO vendor decodo_patchright: 50 prox(y/ies), sticky session re-minted -> session-cap1785893974w23
2026-08-04 21:39:34,721 INFO vendor decodo_patchright: 50 prox(y/ies), sticky session re-minted -> session-cap1785893974w17
captured=0 skipped=240 failed=0
captured=0 skipped=240 failed=0
pending=5775 shard=12/24 assigned=241
transport: canary vendor 'decodo_patchright'
2026-08-04 21:39:34,981 INFO vendor decodo_patchright: 50 prox(y/ies), sticky session re-minted -> session-cap1785893974w12
pending=5775 shard=21/24 assigned=240
transport: canary vendor 'decodo_patchright'
2026-08-04 21:39:35,020 INFO vendor decodo_patchright: 50 prox(y/ies), sticky session re-minted -> session-cap1785893975w21
captured=0 skipped=240 failed=0
captured=0 skipped=241 failed=0
pending=5775 shard=22/24 assigned=240
transport: canary vendor 'decodo_patchright'
2026-08-04 21:39:35,039 INFO vendor decodo_patchright: 50 prox(y/ies), sticky session re-minted -> session-cap1785893975w22
captured=0 skipped=240 failed=0
pending=5775 shard=19/24 assigned=240
transport: canary vendor 'decodo_patchright'
pending=5775 shard=20/24 assigned=240
transport: canary vendor 'decodo_patchright'
pending=5775 shard=5/24 assigned=241
transport: canary vendor 'decodo_patchright'
2026-08-04 21:39:35,418 INFO vendor decodo_patchright: 50 prox(y/ies), sticky session re-minted -> session-cap1785893975w5
captured=0 skipped=241 failed=0
2026-08-04 21:39:35,506 INFO vendor decodo_patchright: 50 prox(y/ies), sticky session re-minted -> session-cap1785893975w20
captured=0 skipped=240 failed=0
2026-08-04 21:39:35,524 INFO vendor decodo_patchright: 50 prox(y/ies), sticky session re-minted -> session-cap1785893975w19
captured=0 skipped=240 failed=0
pending=5775 shard=4/24 assigned=241
transport: canary vendor 'decodo_patchright'
2026-08-04 21:39:35,545 INFO vendor decodo_patchright: 50 prox(y/ies), sticky session re-minted -> session-cap1785893975w4
captured=0 skipped=241 failed=0
EXIT=0
EXIT=0
EXIT=0
EXIT=0
EXIT=0
EXIT=0
EXIT=0
EXIT=0
EXIT=0
EXIT=0
EXIT=0
EXIT=0
EXIT=0
EXIT=0
2026-08-04 21:40:07,816 WARNING challenge not cleared for contest_id=831283 -- bundle not written
captured=0 skipped=240 failed=1
2026-08-04 21:40:08,006 WARNING challenge not cleared for contest_id=824724 -- bundle not written
captured=0 skipped=239 failed=1
EXIT=0
EXIT=0
2026-08-04 21:40:09,552 WARNING challenge not cleared for contest_id=825520 -- bundle not written
captured=0 skipped=240 failed=1
EXIT=0
2026-08-04 21:40:10,271 WARNING challenge not cleared for contest_id=826397 -- bundle not written
captured=0 skipped=240 failed=1
EXIT=0
2026-08-04 22:07:32,841 ERROR BAN-SUSPECT: hard-stopping capture at contest_id=825478: NCAA fetch failed after rotating proxies: https://stats.ncaa.org/contests/825478/play_by_play: patchright: bm-verify not passed after 3 attempts (643-byte body)
BAN-SUSPECT: capture halted at contest_id=825478: NCAA fetch failed after rotating proxies: https://stats.ncaa.org/contests/825478/play_by_play: patchright: bm-verify not passed after 3 attempts (643-byte body)
EXIT=1
[22:07:33] capture stopped (rc=1) -- a ban/soft-ban hard-stop or Ctrl-C (see the capture log).
[22:07:33]   This is RESUMABLE: cool down (a ban clears in minutes-hours), then re-run this
[22:07:33]   script -- already-captured contests are skipped.
[22:07:33] === parse captured bundles -> mbb/json/ ===
log -> logs/parse_20260804_220733.log  (watch: tail -f logs/parse_20260804_220733.log)
seasons=all bundles=87791 pending=0 force=False shard=20/24 assigned=0
parsed=0 failed=0
EXIT=0
[22:07:50] DONE: captured_bundles=87791 parsed_json=87791 (capture rc=1)
[22:07:50] capture INCOMPLETE (rc=1) -- re-run this script to continue before building.
EXIT=1
[2026-08-04 22:07:50] season 2012: chunk 10 hard-stopped (rc=1), 175 remaining -- cooling 1800s
[22:37:51] NCAA MBB backfill: season=2012 workers=24
[22:37:51] watch this run:  tail -f /c/Users/saiem/Documents/GitHub-Data/sdv-dev/hoopR-dev/ncaa-mbb-hoops-raw/logs/backfill_2012_20260804_223751.log
[22:37:51] === skip discover (season 2012 already in schedule_master; delete mbb/schedule_master.parquet to force) ===
[22:37:51] === capture 2012: 24 worker(s), chunk=400 new bundles per worker ===
proxy creds loaded from /c/Users/saiem/.Renviron (values hidden)
proxy creds loaded from /c/Users/saiem/.Renviron (values hidden)
proxy creds loaded from /c/Users/saiem/.Renviron (values hidden)
proxy creds loaded from /c/Users/saiem/.Renviron (values hidden)
proxy creds loaded from /c/Users/saiem/.Renviron (values hidden)
log -> logs/capture_20260804_223751.log  (watch: tail -f logs/capture_20260804_223751.log)
proxy creds loaded from /c/Users/saiem/.Renviron (values hidden)
proxy creds loaded from /c/Users/saiem/.Renviron (values hidden)
proxy creds loaded from /c/Users/saiem/.Renviron (values hidden)
log -> logs/capture_20260804_223751.log  (watch: tail -f logs/capture_20260804_223751.log)
log -> logs/capture_20260804_223751.log  (watch: tail -f logs/capture_20260804_223751.log)
proxy creds loaded from /c/Users/saiem/.Renviron (values hidden)
log -> logs/capture_20260804_223751.log  (watch: tail -f logs/capture_20260804_223751.log)
log -> logs/capture_20260804_223751.log  (watch: tail -f logs/capture_20260804_223751.log)
proxy creds loaded from /c/Users/saiem/.Renviron (values hidden)
log -> logs/capture_20260804_223751.log  (watch: tail -f logs/capture_20260804_223751.log)
log -> logs/capture_20260804_223751.log  (watch: tail -f logs/capture_20260804_223751.log)
log -> logs/capture_20260804_223751.log  (watch: tail -f logs/capture_20260804_223751.log)
proxy creds loaded from /c/Users/saiem/.Renviron (values hidden)
proxy creds loaded from /c/Users/saiem/.Renviron (values hidden)
proxy creds loaded from /c/Users/saiem/.Renviron (values hidden)
log -> logs/capture_20260804_223751.log  (watch: tail -f logs/capture_20260804_223751.log)
proxy creds loaded from /c/Users/saiem/.Renviron (values hidden)
log -> logs/capture_20260804_223752.log  (watch: tail -f logs/capture_20260804_223752.log)
log -> logs/capture_20260804_223752.log  (watch: tail -f logs/capture_20260804_223752.log)
log -> logs/capture_20260804_223752.log  (watch: tail -f logs/capture_20260804_223752.log)
proxy creds loaded from /c/Users/saiem/.Renviron (values hidden)
log -> logs/capture_20260804_223752.log  (watch: tail -f logs/capture_20260804_223752.log)
proxy creds loaded from /c/Users/saiem/.Renviron (values hidden)
proxy creds loaded from /c/Users/saiem/.Renviron (values hidden)
proxy creds loaded from /c/Users/saiem/.Renviron (values hidden)
proxy creds loaded from /c/Users/saiem/.Renviron (values hidden)
log -> logs/capture_20260804_223752.log  (watch: tail -f logs/capture_20260804_223752.log)
proxy creds loaded from /c/Users/saiem/.Renviron (values hidden)
proxy creds loaded from /c/Users/saiem/.Renviron (values hidden)
proxy creds loaded from /c/Users/saiem/.Renviron (values hidden)
log -> logs/capture_20260804_223752.log  (watch: tail -f logs/capture_20260804_223752.log)
proxy creds loaded from /c/Users/saiem/.Renviron (values hidden)
proxy creds loaded from /c/Users/saiem/.Renviron (values hidden)
log -> logs/capture_20260804_223752.log  (watch: tail -f logs/capture_20260804_223752.log)
log -> logs/capture_20260804_223752.log  (watch: tail -f logs/capture_20260804_223752.log)
log -> logs/capture_20260804_223752.log  (watch: tail -f logs/capture_20260804_223752.log)
log -> logs/capture_20260804_223752.log  (watch: tail -f logs/capture_20260804_223752.log)
log -> logs/capture_20260804_223752.log  (watch: tail -f logs/capture_20260804_223752.log)
log -> logs/capture_20260804_223752.log  (watch: tail -f logs/capture_20260804_223752.log)
log -> logs/capture_20260804_223752.log  (watch: tail -f logs/capture_20260804_223752.log)
log -> logs/capture_20260804_223752.log  (watch: tail -f logs/capture_20260804_223752.log)
log -> logs/capture_20260804_223752.log  (watch: tail -f logs/capture_20260804_223752.log)
pending=5775 shard=6/24 assigned=241
transport: canary vendor 'decodo_patchright'
2026-08-04 22:37:56,363 INFO vendor decodo_patchright: 50 prox(y/ies), sticky session re-minted -> session-cap1785897476w6
captured=0 skipped=241 failed=0
pending=5775 shard=4/24 assigned=241
transport: canary vendor 'decodo_patchright'
2026-08-04 22:37:56,478 INFO vendor decodo_patchright: 50 prox(y/ies), sticky session re-minted -> session-cap1785897476w4
captured=0 skipped=241 failed=0
pending=5775 shard=11/24 assigned=241
transport: canary vendor 'decodo_patchright'
2026-08-04 22:37:56,510 INFO vendor decodo_patchright: 50 prox(y/ies), sticky session re-minted -> session-cap1785897476w11
pending=5775 shard=7/24 assigned=241
transport: canary vendor 'decodo_patchright'
2026-08-04 22:37:56,849 INFO vendor decodo_patchright: 50 prox(y/ies), sticky session re-minted -> session-cap1785897476w7
pending=5775 shard=1/24 assigned=241
transport: canary vendor 'decodo_patchright'
2026-08-04 22:37:57,401 INFO vendor decodo_patchright: 50 prox(y/ies), sticky session re-minted -> session-cap1785897477w1
pending=5775 shard=2/24 assigned=241
transport: canary vendor 'decodo_patchright'
2026-08-04 22:37:57,530 INFO vendor decodo_patchright: 50 prox(y/ies), sticky session re-minted -> session-cap1785897477w2
captured=0 skipped=241 failed=0
pending=5775 shard=0/24 assigned=241
transport: canary vendor 'decodo_patchright'
2026-08-04 22:37:57,741 INFO vendor decodo_patchright: 50 prox(y/ies), sticky session re-minted -> session-cap1785897477w0
captured=0 skipped=241 failed=0
pending=5775 shard=15/24 assigned=240
transport: canary vendor 'decodo_patchright'
2026-08-04 22:37:57,914 INFO vendor decodo_patchright: 50 prox(y/ies), sticky session re-minted -> session-cap1785897477w15
captured=0 skipped=240 failed=0
pending=5775 shard=8/24 assigned=241
transport: canary vendor 'decodo_patchright'
2026-08-04 22:37:58,155 INFO vendor decodo_patchright: 50 prox(y/ies), sticky session re-minted -> session-cap1785897478w8
pending=5775 shard=5/24 assigned=241
transport: canary vendor 'decodo_patchright'
2026-08-04 22:37:58,220 INFO vendor decodo_patchright: 50 prox(y/ies), sticky session re-minted -> session-cap1785897478w5
captured=0 skipped=241 failed=0
pending=5775 shard=3/24 assigned=241
transport: canary vendor 'decodo_patchright'
2026-08-04 22:37:58,217 INFO vendor decodo_patchright: 50 prox(y/ies), sticky session re-minted -> session-cap1785897478w3
captured=0 skipped=241 failed=0
EXIT=0
EXIT=0
EXIT=0
EXIT=0
EXIT=0
pending=5775 shard=22/24 assigned=240
transport: canary vendor 'decodo_patchright'
2026-08-04 22:37:59,158 INFO vendor decodo_patchright: 50 prox(y/ies), sticky session re-minted -> session-cap1785897479w22
captured=0 skipped=240 failed=0
pending=5775 shard=10/24 assigned=241
transport: canary vendor 'decodo_patchright'
2026-08-04 22:37:59,209 INFO vendor decodo_patchright: 50 prox(y/ies), sticky session re-minted -> session-cap1785897479w10
pending=5775 shard=9/24 assigned=241
transport: canary vendor 'decodo_patchright'
pending=5775 shard=12/24 assigned=241
transport: canary vendor 'decodo_patchright'
2026-08-04 22:37:59,256 INFO vendor decodo_patchright: 50 prox(y/ies), sticky session re-minted -> session-cap1785897479w12
captured=0 skipped=241 failed=0
2026-08-04 22:37:59,268 INFO vendor decodo_patchright: 50 prox(y/ies), sticky session re-minted -> session-cap1785897479w9
captured=0 skipped=241 failed=0
captured=0 skipped=241 failed=0
pending=5775 shard=21/24 assigned=240
transport: canary vendor 'decodo_patchright'
2026-08-04 22:37:59,302 INFO vendor decodo_patchright: 50 prox(y/ies), sticky session re-minted -> session-cap1785897479w21
EXIT=0
captured=0 skipped=240 failed=0
EXIT=0
pending=5775 shard=14/24 assigned=241
transport: canary vendor 'decodo_patchright'
pending=5775 shard=19/24 assigned=240
transport: canary vendor 'decodo_patchright'
2026-08-04 22:37:59,412 INFO vendor decodo_patchright: 50 prox(y/ies), sticky session re-minted -> session-cap1785897479w14
captured=0 skipped=241 failed=0
2026-08-04 22:37:59,410 INFO vendor decodo_patchright: 50 prox(y/ies), sticky session re-minted -> session-cap1785897479w19
captured=0 skipped=240 failed=0
pending=5775 shard=16/24 assigned=240
transport: canary vendor 'decodo_patchright'
2026-08-04 22:37:59,566 INFO vendor decodo_patchright: 50 prox(y/ies), sticky session re-minted -> session-cap1785897479w16
captured=0 skipped=240 failed=0
pending=5775 shard=23/24 assigned=240
transport: canary vendor 'decodo_patchright'
2026-08-04 22:37:59,617 INFO vendor decodo_patchright: 50 prox(y/ies), sticky session re-minted -> session-cap1785897479w23
captured=0 skipped=240 failed=0
pending=5775 shard=13/24 assigned=241
transport: canary vendor 'decodo_patchright'
2026-08-04 22:37:59,652 INFO vendor decodo_patchright: 50 prox(y/ies), sticky session re-minted -> session-cap1785897479w13
pending=5775 shard=20/24 assigned=240
transport: canary vendor 'decodo_patchright'
captured=0 skipped=241 failed=0
2026-08-04 22:37:59,687 INFO vendor decodo_patchright: 50 prox(y/ies), sticky session re-minted -> session-cap1785897479w20
captured=0 skipped=240 failed=0
pending=5775 shard=18/24 assigned=240
transport: canary vendor 'decodo_patchright'
2026-08-04 22:37:59,758 INFO vendor decodo_patchright: 50 prox(y/ies), sticky session re-minted -> session-cap1785897479w18
EXIT=0
pending=5775 shard=17/24 assigned=240
transport: canary vendor 'decodo_patchright'
2026-08-04 22:37:59,908 INFO vendor decodo_patchright: 50 prox(y/ies), sticky session re-minted -> session-cap1785897479w17
EXIT=0
captured=0 skipped=240 failed=0
EXIT=0
EXIT=0
EXIT=0
EXIT=0
EXIT=0
EXIT=0
EXIT=0
EXIT=0
EXIT=0
EXIT=0
2026-08-04 22:38:31,638 WARNING challenge not cleared for contest_id=824724 -- bundle not written
2026-08-04 22:38:31,713 WARNING challenge not cleared for contest_id=831283 -- bundle not written
captured=0 skipped=239 failed=1
captured=0 skipped=240 failed=1
EXIT=0
EXIT=0
2026-08-04 22:38:33,486 WARNING challenge not cleared for contest_id=825520 -- bundle not written
captured=0 skipped=240 failed=1
EXIT=0
2026-08-04 22:39:15,992 WARNING challenge not cleared for contest_id=826397 -- bundle not written
captured=0 skipped=240 failed=1
EXIT=0
2026-08-04 23:05:07,487 ERROR BAN-SUSPECT: hard-stopping capture at contest_id=825478: NCAA fetch failed after rotating proxies: https://stats.ncaa.org/contests/825478/play_by_play: patchright: bm-verify not passed after 3 attempts (643-byte body)
BAN-SUSPECT: capture halted at contest_id=825478: NCAA fetch failed after rotating proxies: https://stats.ncaa.org/contests/825478/play_by_play: patchright: bm-verify not passed after 3 attempts (643-byte body)
EXIT=1
[23:05:07] capture stopped (rc=1) -- a ban/soft-ban hard-stop or Ctrl-C (see the capture log).
[23:05:07]   This is RESUMABLE: cool down (a ban clears in minutes-hours), then re-run this
[23:05:07]   script -- already-captured contests are skipped.
[23:05:07] === parse captured bundles -> mbb/json/ ===
log -> logs/parse_20260804_230507.log  (watch: tail -f logs/parse_20260804_230507.log)
seasons=all bundles=87791 pending=0 force=False shard=5/24 assigned=0
parsed=0 failed=0

EXIT=0
[23:05:25] DONE: captured_bundles=87791 parsed_json=87791 (capture rc=1)
[23:05:25] capture INCOMPLETE (rc=1) -- re-run this script to continue before building.
EXIT=1
[2026-08-04 23:05:25] season 2012: chunk 11 hard-stopped (rc=1), 175 remaining -- cooling 1800s
[23:35:25] NCAA MBB backfill: season=2012 workers=24
[23:35:25] watch this run:  tail -f /c/Users/saiem/Documents/GitHub-Data/sdv-dev/hoopR-dev/ncaa-mbb-hoops-raw/logs/backfill_2012_20260804_233525.log
[23:35:26] === skip discover (season 2012 already in schedule_master; delete mbb/schedule_master.parquet to force) ===
[23:35:26] === capture 2012: 24 worker(s), chunk=400 new bundles per worker ===
proxy creds loaded from /c/Users/saiem/.Renviron (values hidden)
proxy creds loaded from /c/Users/saiem/.Renviron (values hidden)
proxy creds loaded from /c/Users/saiem/.Renviron (values hidden)
proxy creds loaded from /c/Users/saiem/.Renviron (values hidden)
proxy creds loaded from /c/Users/saiem/.Renviron (values hidden)
proxy creds loaded from /c/Users/saiem/.Renviron (values hidden)
proxy creds loaded from /c/Users/saiem/.Renviron (values hidden)
proxy creds loaded from /c/Users/saiem/.Renviron (values hidden)
log -> logs/capture_20260804_233526.log  (watch: tail -f logs/capture_20260804_233526.log)
log -> logs/capture_20260804_233526.log  (watch: tail -f logs/capture_20260804_233526.log)
log -> logs/capture_20260804_233526.log  (watch: tail -f logs/capture_20260804_233526.log)
proxy creds loaded from /c/Users/saiem/.Renviron (values hidden)
log -> logs/capture_20260804_233526.log  (watch: tail -f logs/capture_20260804_233526.log)
proxy creds loaded from /c/Users/saiem/.Renviron (values hidden)
log -> logs/capture_20260804_233526.log  (watch: tail -f logs/capture_20260804_233526.log)
proxy creds loaded from /c/Users/saiem/.Renviron (values hidden)
proxy creds loaded from /c/Users/saiem/.Renviron (values hidden)
log -> logs/capture_20260804_233526.log  (watch: tail -f logs/capture_20260804_233526.log)
log -> logs/capture_20260804_233526.log  (watch: tail -f logs/capture_20260804_233526.log)
log -> logs/capture_20260804_233526.log  (watch: tail -f logs/capture_20260804_233526.log)
proxy creds loaded from /c/Users/saiem/.Renviron (values hidden)
log -> logs/capture_20260804_233526.log  (watch: tail -f logs/capture_20260804_233526.log)
proxy creds loaded from /c/Users/saiem/.Renviron (values hidden)
log -> logs/capture_20260804_233526.log  (watch: tail -f logs/capture_20260804_233526.log)
log -> logs/capture_20260804_233526.log  (watch: tail -f logs/capture_20260804_233526.log)
proxy creds loaded from /c/Users/saiem/.Renviron (values hidden)
log -> logs/capture_20260804_233526.log  (watch: tail -f logs/capture_20260804_233526.log)
proxy creds loaded from /c/Users/saiem/.Renviron (values hidden)
log -> logs/capture_20260804_233526.log  (watch: tail -f logs/capture_20260804_233526.log)
proxy creds loaded from /c/Users/saiem/.Renviron (values hidden)
proxy creds loaded from /c/Users/saiem/.Renviron (values hidden)
proxy creds loaded from /c/Users/saiem/.Renviron (values hidden)
proxy creds loaded from /c/Users/saiem/.Renviron (values hidden)
log -> logs/capture_20260804_233526.log  (watch: tail -f logs/capture_20260804_233526.log)
log -> logs/capture_20260804_233526.log  (watch: tail -f logs/capture_20260804_233526.log)
proxy creds loaded from /c/Users/saiem/.Renviron (values hidden)
log -> logs/capture_20260804_233526.log  (watch: tail -f logs/capture_20260804_233526.log)
log -> logs/capture_20260804_233526.log  (watch: tail -f logs/capture_20260804_233526.log)
proxy creds loaded from /c/Users/saiem/.Renviron (values hidden)
proxy creds loaded from /c/Users/saiem/.Renviron (values hidden)
proxy creds loaded from /c/Users/saiem/.Renviron (values hidden)
log -> logs/capture_20260804_233526.log  (watch: tail -f logs/capture_20260804_233526.log)
log -> logs/capture_20260804_233526.log  (watch: tail -f logs/capture_20260804_233526.log)
log -> logs/capture_20260804_233526.log  (watch: tail -f logs/capture_20260804_233526.log)
log -> logs/capture_20260804_233526.log  (watch: tail -f logs/capture_20260804_233526.log)
log -> logs/capture_20260804_233527.log  (watch: tail -f logs/capture_20260804_233527.log)
log -> logs/capture_20260804_233527.log  (watch: tail -f logs/capture_20260804_233527.log)
log -> logs/capture_20260804_233527.log  (watch: tail -f logs/capture_20260804_233527.log)
pending=5775 shard=3/24 assigned=241
transport: canary vendor 'decodo_patchright'
2026-08-04 23:35:31,442 INFO vendor decodo_patchright: 50 prox(y/ies), sticky session re-minted -> session-cap1785900931w3
captured=0 skipped=241 failed=0
pending=5775 shard=8/24 assigned=241
transport: canary vendor 'decodo_patchright'
2026-08-04 23:35:31,573 INFO vendor decodo_patchright: 50 prox(y/ies), sticky session re-minted -> session-cap1785900931w8
pending=5775 shard=22/24 assigned=240
transport: canary vendor 'decodo_patchright'
2026-08-04 23:35:31,759 INFO vendor decodo_patchright: 50 prox(y/ies), sticky session re-minted -> session-cap1785900931w22
captured=0 skipped=240 failed=0
pending=5775 shard=23/24 assigned=240
transport: canary vendor 'decodo_patchright'
2026-08-04 23:35:31,961 INFO vendor decodo_patchright: 50 prox(y/ies), sticky session re-minted -> session-cap1785900931w23
captured=0 skipped=240 failed=0
pending=5775 shard=4/24 assigned=241
transport: canary vendor 'decodo_patchright'
2026-08-04 23:35:32,182 INFO vendor decodo_patchright: 50 prox(y/ies), sticky session re-minted -> session-cap1785900932w4
captured=0 skipped=241 failed=0
EXIT=0
EXIT=0
EXIT=0
EXIT=0
pending=5775 shard=5/24 assigned=241
transport: canary vendor 'decodo_patchright'
2026-08-04 23:35:33,479 INFO vendor decodo_patchright: 50 prox(y/ies), sticky session re-minted -> session-cap1785900933w5
captured=0 skipped=241 failed=0
pending=5775 shard=19/24 assigned=240
transport: canary vendor 'decodo_patchright'
2026-08-04 23:35:33,633 INFO vendor decodo_patchright: 50 prox(y/ies), sticky session re-minted -> session-cap1785900933w19
captured=0 skipped=240 failed=0
pending=5775 shard=2/24 assigned=241
transport: canary vendor 'decodo_patchright'
2026-08-04 23:35:33,740 INFO vendor decodo_patchright: 50 prox(y/ies), sticky session re-minted -> session-cap1785900933w2
captured=0 skipped=241 failed=0
EXIT=0
pending=5775 shard=1/24 assigned=241
transport: canary vendor 'decodo_patchright'
2026-08-04 23:35:34,183 INFO vendor decodo_patchright: 50 prox(y/ies), sticky session re-minted -> session-cap1785900934w1
pending=5775 shard=18/24 assigned=240
transport: canary vendor 'decodo_patchright'
2026-08-04 23:35:34,357 INFO vendor decodo_patchright: 50 prox(y/ies), sticky session re-minted -> session-cap1785900934w18
pending=5775 shard=6/24 assigned=241
transport: canary vendor 'decodo_patchright'
2026-08-04 23:35:34,462 INFO vendor decodo_patchright: 50 prox(y/ies), sticky session re-minted -> session-cap1785900934w6
captured=0 skipped=241 failed=0
EXIT=0
pending=5775 shard=15/24 assigned=240
transport: canary vendor 'decodo_patchright'
EXIT=0
2026-08-04 23:35:34,562 INFO vendor decodo_patchright: 50 prox(y/ies), sticky session re-minted -> session-cap1785900934w15
captured=0 skipped=240 failed=0
pending=5775 shard=16/24 assigned=240
transport: canary vendor 'decodo_patchright'
2026-08-04 23:35:34,598 INFO vendor decodo_patchright: 50 prox(y/ies), sticky session re-minted -> session-cap1785900934w16
captured=0 skipped=240 failed=0
pending=5775 shard=20/24 assigned=240
transport: canary vendor 'decodo_patchright'
2026-08-04 23:35:34,618 INFO vendor decodo_patchright: 50 prox(y/ies), sticky session re-minted -> session-cap1785900934w20
pending=5775 shard=21/24 assigned=240
transport: canary vendor 'decodo_patchright'
2026-08-04 23:35:34,629 INFO vendor decodo_patchright: 50 prox(y/ies), sticky session re-minted -> session-cap1785900934w21
captured=0 skipped=240 failed=0
captured=0 skipped=240 failed=0
pending=5775 shard=9/24 assigned=241
transport: canary vendor 'decodo_patchright'
2026-08-04 23:35:34,671 INFO vendor decodo_patchright: 50 prox(y/ies), sticky session re-minted -> session-cap1785900934w9
captured=0 skipped=241 failed=0
pending=5775 shard=12/24 assigned=241
transport: canary vendor 'decodo_patchright'
2026-08-04 23:35:34,816 INFO vendor decodo_patchright: 50 prox(y/ies), sticky session re-minted -> session-cap1785900934w12
pending=5775 shard=0/24 assigned=241
transport: canary vendor 'decodo_patchright'
2026-08-04 23:35:34,837 INFO vendor decodo_patchright: 50 prox(y/ies), sticky session re-minted -> session-cap1785900934w0
captured=0 skipped=241 failed=0
pending=5775 shard=13/24 assigned=241
transport: canary vendor 'decodo_patchright'
captured=0 skipped=241 failed=0
2026-08-04 23:35:34,860 INFO vendor decodo_patchright: 50 prox(y/ies), sticky session re-minted -> session-cap1785900934w13
captured=0 skipped=241 failed=0
pending=5775 shard=7/24 assigned=241
transport: canary vendor 'decodo_patchright'
pending=5775 shard=10/24 assigned=241
transport: canary vendor 'decodo_patchright'
2026-08-04 23:35:34,958 INFO vendor decodo_patchright: 50 prox(y/ies), sticky session re-minted -> session-cap1785900934w7
pending=5775 shard=14/24 assigned=241
transport: canary vendor 'decodo_patchright'
2026-08-04 23:35:34,968 INFO vendor decodo_patchright: 50 prox(y/ies), sticky session re-minted -> session-cap1785900934w10
captured=0 skipped=241 failed=0
2026-08-04 23:35:34,965 INFO vendor decodo_patchright: 50 prox(y/ies), sticky session re-minted -> session-cap1785900934w14
captured=0 skipped=241 failed=0
pending=5775 shard=11/24 assigned=241
transport: canary vendor 'decodo_patchright'
2026-08-04 23:35:35,026 INFO vendor decodo_patchright: 50 prox(y/ies), sticky session re-minted -> session-cap1785900935w11
pending=5775 shard=17/24 assigned=240
transport: canary vendor 'decodo_patchright'
2026-08-04 23:35:35,151 INFO vendor decodo_patchright: 50 prox(y/ies), sticky session re-minted -> session-cap1785900935w17
captured=0 skipped=240 failed=0
EXIT=0
EXIT=0
EXIT=0
EXIT=0
EXIT=0
EXIT=0
EXIT=0
EXIT=0
EXIT=0
EXIT=0
EXIT=0
EXIT=0
2026-08-04 23:36:08,512 WARNING challenge not cleared for contest_id=826397 -- bundle not written
captured=0 skipped=240 failed=1
EXIT=0
2026-08-04 23:36:09,504 WARNING challenge not cleared for contest_id=825520 -- bundle not written
2026-08-04 23:36:09,595 WARNING challenge not cleared for contest_id=824724 -- bundle not written
captured=0 skipped=240 failed=1
captured=0 skipped=239 failed=1
EXIT=0
EXIT=0
2026-08-04 23:36:11,503 WARNING challenge not cleared for contest_id=831283 -- bundle not written
captured=0 skipped=240 failed=1
EXIT=0
2026-08-05 00:04:04,401 ERROR BAN-SUSPECT: hard-stopping capture at contest_id=825478: NCAA fetch failed after rotating proxies: https://stats.ncaa.org/contests/825478/play_by_play: patchright: bm-verify not passed after 3 attempts (643-byte body)
BAN-SUSPECT: capture halted at contest_id=825478: NCAA fetch failed after rotating proxies: https://stats.ncaa.org/contests/825478/play_by_play: patchright: bm-verify not passed after 3 attempts (643-byte body)
EXIT=1
[00:04:04] capture stopped (rc=1) -- a ban/soft-ban hard-stop or Ctrl-C (see the capture log).
[00:04:04]   This is RESUMABLE: cool down (a ban clears in minutes-hours), then re-run this
[00:04:04]   script -- already-captured contests are skipped.
[00:04:04] === parse captured bundles -> mbb/json/ ===
log -> logs/parse_20260805_000404.log  (watch: tail -f logs/parse_20260805_000404.log)
seasons=all bundles=87791 pending=0 force=False shard=15/24 assigned=0
parsed=0 failed=0
EXIT=0
[00:04:19] DONE: captured_bundles=87791 parsed_json=87791 (capture rc=1)
[00:04:19] capture INCOMPLETE (rc=1) -- re-run this script to continue before building.
EXIT=1
[2026-08-05 00:04:20] season 2012: chunk 12 hard-stopped (rc=1), 175 remaining -- cooling 1800s
[2026-08-05 00:34:20] season 2012: MAX_ROUNDS=12 reached with 175 remaining -- moving on (re-run later to finish)
[2026-08-05 00:34:20] === season 2011 ===
[00:34:20] NCAA MBB backfill: season=2011 workers=24
[00:34:20] watch this run:  tail -f /c/Users/saiem/Documents/GitHub-Data/sdv-dev/hoopR-dev/ncaa-mbb-hoops-raw/logs/backfill_2011_20260805_003420.log
[00:34:21] === skip discover (season 2011 already in schedule_master; delete mbb/schedule_master.parquet to force) ===
[00:34:21] === capture 2011: 24 worker(s), chunk=400 new bundles per worker ===
proxy creds loaded from /c/Users/saiem/.Renviron (values hidden)
proxy creds loaded from /c/Users/saiem/.Renviron (values hidden)
proxy creds loaded from /c/Users/saiem/.Renviron (values hidden)
proxy creds loaded from /c/Users/saiem/.Renviron (values hidden)
log -> logs/capture_20260805_003421.log  (watch: tail -f logs/capture_20260805_003421.log)
log -> logs/capture_20260805_003421.log  (watch: tail -f logs/capture_20260805_003421.log)
proxy creds loaded from /c/Users/saiem/.Renviron (values hidden)
proxy creds loaded from /c/Users/saiem/.Renviron (values hidden)
log -> logs/capture_20260805_003421.log  (watch: tail -f logs/capture_20260805_003421.log)
log -> logs/capture_20260805_003421.log  (watch: tail -f logs/capture_20260805_003421.log)
proxy creds loaded from /c/Users/saiem/.Renviron (values hidden)
proxy creds loaded from /c/Users/saiem/.Renviron (values hidden)
proxy creds loaded from /c/Users/saiem/.Renviron (values hidden)
proxy creds loaded from /c/Users/saiem/.Renviron (values hidden)
proxy creds loaded from /c/Users/saiem/.Renviron (values hidden)
proxy creds loaded from /c/Users/saiem/.Renviron (values hidden)
log -> logs/capture_20260805_003421.log  (watch: tail -f logs/capture_20260805_003421.log)
log -> logs/capture_20260805_003421.log  (watch: tail -f logs/capture_20260805_003421.log)
proxy creds loaded from /c/Users/saiem/.Renviron (values hidden)
log -> logs/capture_20260805_003421.log  (watch: tail -f logs/capture_20260805_003421.log)
log -> logs/capture_20260805_003421.log  (watch: tail -f logs/capture_20260805_003421.log)
proxy creds loaded from /c/Users/saiem/.Renviron (values hidden)
log -> logs/capture_20260805_003421.log  (watch: tail -f logs/capture_20260805_003421.log)
log -> logs/capture_20260805_003421.log  (watch: tail -f logs/capture_20260805_003421.log)
log -> logs/capture_20260805_003421.log  (watch: tail -f logs/capture_20260805_003421.log)
log -> logs/capture_20260805_003421.log  (watch: tail -f logs/capture_20260805_003421.log)
proxy creds loaded from /c/Users/saiem/.Renviron (values hidden)
proxy creds loaded from /c/Users/saiem/.Renviron (values hidden)
proxy creds loaded from /c/Users/saiem/.Renviron (values hidden)
log -> logs/capture_20260805_003421.log  (watch: tail -f logs/capture_20260805_003421.log)
log -> logs/capture_20260805_003421.log  (watch: tail -f logs/capture_20260805_003421.log)
proxy creds loaded from /c/Users/saiem/.Renviron (values hidden)
proxy creds loaded from /c/Users/saiem/.Renviron (values hidden)
proxy creds loaded from /c/Users/saiem/.Renviron (values hidden)
proxy creds loaded from /c/Users/saiem/.Renviron (values hidden)
proxy creds loaded from /c/Users/saiem/.Renviron (values hidden)
log -> logs/capture_20260805_003421.log  (watch: tail -f logs/capture_20260805_003421.log)
log -> logs/capture_20260805_003421.log  (watch: tail -f logs/capture_20260805_003421.log)
proxy creds loaded from /c/Users/saiem/.Renviron (values hidden)
log -> logs/capture_20260805_003421.log  (watch: tail -f logs/capture_20260805_003421.log)
log -> logs/capture_20260805_003421.log  (watch: tail -f logs/capture_20260805_003421.log)
proxy creds loaded from /c/Users/saiem/.Renviron (values hidden)
log -> logs/capture_20260805_003421.log  (watch: tail -f logs/capture_20260805_003421.log)
log -> logs/capture_20260805_003421.log  (watch: tail -f logs/capture_20260805_003421.log)
log -> logs/capture_20260805_003421.log  (watch: tail -f logs/capture_20260805_003421.log)
log -> logs/capture_20260805_003421.log  (watch: tail -f logs/capture_20260805_003421.log)
log -> logs/capture_20260805_003421.log  (watch: tail -f logs/capture_20260805_003421.log)
log -> logs/capture_20260805_003421.log  (watch: tail -f logs/capture_20260805_003421.log)
pending=5749 shard=2/24 assigned=240
transport: canary vendor 'decodo_patchright'
2026-08-05 00:34:26,075 INFO vendor decodo_patchright: 50 prox(y/ies), sticky session re-minted -> session-cap1785904466w2
pending=5749 shard=6/24 assigned=240
transport: canary vendor 'decodo_patchright'
2026-08-05 00:34:26,230 INFO vendor decodo_patchright: 50 prox(y/ies), sticky session re-minted -> session-cap1785904466w6
pending=5749 shard=1/24 assigned=240
transport: canary vendor 'decodo_patchright'
2026-08-05 00:34:26,313 INFO vendor decodo_patchright: 50 prox(y/ies), sticky session re-minted -> session-cap1785904466w1
pending=5749 shard=9/24 assigned=240
transport: canary vendor 'decodo_patchright'
2026-08-05 00:34:26,385 INFO vendor decodo_patchright: 50 prox(y/ies), sticky session re-minted -> session-cap1785904466w9
pending=5749 shard=3/24 assigned=240
transport: canary vendor 'decodo_patchright'
2026-08-05 00:34:26,675 INFO vendor decodo_patchright: 50 prox(y/ies), sticky session re-minted -> session-cap1785904466w3
pending=5749 shard=0/24 assigned=240
transport: canary vendor 'decodo_patchright'
2026-08-05 00:34:26,822 INFO vendor decodo_patchright: 50 prox(y/ies), sticky session re-minted -> session-cap1785904466w0
pending=5749 shard=10/24 assigned=240
transport: canary vendor 'decodo_patchright'
2026-08-05 00:34:27,956 INFO vendor decodo_patchright: 50 prox(y/ies), sticky session re-minted -> session-cap1785904467w10
pending=5749 shard=22/24 assigned=239
transport: canary vendor 'decodo_patchright'
2026-08-05 00:34:28,085 INFO vendor decodo_patchright: 50 prox(y/ies), sticky session re-minted -> session-cap1785904468w22
pending=5749 shard=23/24 assigned=239
transport: canary vendor 'decodo_patchright'
2026-08-05 00:34:28,110 INFO vendor decodo_patchright: 50 prox(y/ies), sticky session re-minted -> session-cap1785904468w23
pending=5749 shard=16/24 assigned=239
transport: canary vendor 'decodo_patchright'
2026-08-05 00:34:28,137 INFO vendor decodo_patchright: 50 prox(y/ies), sticky session re-minted -> session-cap1785904468w16
pending=5749 shard=13/24 assigned=239
transport: canary vendor 'decodo_patchright'
pending=5749 shard=15/24 assigned=239
transport: canary vendor 'decodo_patchright'
2026-08-05 00:34:28,302 INFO vendor decodo_patchright: 50 prox(y/ies), sticky session re-minted -> session-cap1785904468w13
2026-08-05 00:34:28,335 INFO vendor decodo_patchright: 50 prox(y/ies), sticky session re-minted -> session-cap1785904468w15
pending=5749 shard=7/24 assigned=240
transport: canary vendor 'decodo_patchright'
2026-08-05 00:34:28,457 INFO vendor decodo_patchright: 50 prox(y/ies), sticky session re-minted -> session-cap1785904468w7
pending=5749 shard=5/24 assigned=240
transport: canary vendor 'decodo_patchright'
pending=5749 shard=20/24 assigned=239
transport: canary vendor 'decodo_patchright'
pending=5749 shard=14/24 assigned=239
transport: canary vendor 'decodo_patchright'
2026-08-05 00:34:28,552 INFO vendor decodo_patchright: 50 prox(y/ies), sticky session re-minted -> session-cap1785904468w20
2026-08-05 00:34:28,552 INFO vendor decodo_patchright: 50 prox(y/ies), sticky session re-minted -> session-cap1785904468w14
2026-08-05 00:34:28,532 INFO vendor decodo_patchright: 50 prox(y/ies), sticky session re-minted -> session-cap1785904468w5
pending=5749 shard=21/24 assigned=239
transport: canary vendor 'decodo_patchright'
2026-08-05 00:34:28,607 INFO vendor decodo_patchright: 50 prox(y/ies), sticky session re-minted -> session-cap1785904468w21
pending=5749 shard=8/24 assigned=240
transport: canary vendor 'decodo_patchright'
pending=5749 shard=17/24 assigned=239
transport: canary vendor 'decodo_patchright'
2026-08-05 00:34:28,730 INFO vendor decodo_patchright: 50 prox(y/ies), sticky session re-minted -> session-cap1785904468w17
2026-08-05 00:34:28,706 INFO vendor decodo_patchright: 50 prox(y/ies), sticky session re-minted -> session-cap1785904468w8
pending=5749 shard=12/24 assigned=240
transport: canary vendor 'decodo_patchright'
2026-08-05 00:34:29,001 INFO vendor decodo_patchright: 50 prox(y/ies), sticky session re-minted -> session-cap1785904469w12
pending=5749 shard=11/24 assigned=240
transport: canary vendor 'decodo_patchright'
pending=5749 shard=18/24 assigned=239
transport: canary vendor 'decodo_patchright'
2026-08-05 00:34:29,040 INFO vendor decodo_patchright: 50 prox(y/ies), sticky session re-minted -> session-cap1785904469w18
2026-08-05 00:34:29,038 INFO vendor decodo_patchright: 50 prox(y/ies), sticky session re-minted -> session-cap1785904469w11
pending=5749 shard=19/24 assigned=239
transport: canary vendor 'decodo_patchright'
2026-08-05 00:34:29,105 INFO vendor decodo_patchright: 50 prox(y/ies), sticky session re-minted -> session-cap1785904469w19
pending=5749 shard=4/24 assigned=240
transport: canary vendor 'decodo_patchright'
2026-08-05 00:34:29,255 INFO vendor decodo_patchright: 50 prox(y/ies), sticky session re-minted -> session-cap1785904469w4
2026-08-05 00:45:23,948 WARNING challenge not cleared for contest_id=844968 -- bundle not written
2026-08-05 00:48:40,745 WARNING challenge not cleared for contest_id=845755 -- bundle not written
2026-08-05 00:50:54,867 WARNING challenge not cleared for contest_id=845911 -- bundle not written
2026-08-05 00:52:18,755 WARNING challenge not cleared for contest_id=845922 -- bundle not written
2026-08-05 00:53:33,976 WARNING challenge not cleared for contest_id=846244 -- bundle not written
2026-08-05 00:55:40,665 WARNING challenge not cleared for contest_id=846570 -- bundle not written
2026-08-05 01:13:44,842 WARNING challenge not cleared for contest_id=848864 -- bundle not written
2026-08-05 01:35:06,062 ERROR BAN-SUSPECT: hard-stopping capture at contest_id=848097: NCAA fetch failed after rotating proxies: https://stats.ncaa.org/contests/848097/play_by_play: patchright: bm-verify not passed after 3 attempts (643-byte body)
BAN-SUSPECT: capture halted at contest_id=848097: NCAA fetch failed after rotating proxies: https://stats.ncaa.org/contests/848097/play_by_play: patchright: bm-verify not passed after 3 attempts (643-byte body)
EXIT=1
2026-08-05 02:23:43,288 WARNING challenge not cleared for contest_id=857944 -- bundle not written
2026-08-05 02:33:16,374 WARNING challenge not cleared for contest_id=858310 -- bundle not written
captured=238 skipped=0 failed=1
EXIT=0
captured=239 skipped=0 failed=0
EXIT=0
2026-08-05 02:44:39,735 WARNING challenge not cleared for contest_id=859590 -- bundle not written
captured=239 skipped=0 failed=0
EXIT=0
captured=238 skipped=0 failed=1
EXIT=0
captured=237 skipped=0 failed=2
EXIT=0
captured=240 skipped=0 failed=0
EXIT=0
captured=239 skipped=0 failed=0
EXIT=0
captured=240 skipped=0 failed=0
EXIT=0
captured=239 skipped=0 failed=0
EXIT=0
captured=239 skipped=0 failed=0
EXIT=0
captured=240 skipped=0 failed=0
captured=240 skipped=0 failed=0
EXIT=0
EXIT=0
captured=240 skipped=0 failed=0
EXIT=0
captured=240 skipped=0 failed=0
EXIT=0
captured=240 skipped=0 failed=0
EXIT=0
captured=237 skipped=0 failed=2
EXIT=0
2026-08-05 02:48:05,394 WARNING challenge not cleared for contest_id=859653 -- bundle not written
captured=240 skipped=0 failed=0
EXIT=0
captured=240 skipped=0 failed=0
EXIT=0
captured=239 skipped=0 failed=1
EXIT=0
captured=238 skipped=0 failed=1
EXIT=0
captured=240 skipped=0 failed=0
EXIT=0
2026-08-05 02:51:44,261 WARNING challenge not cleared for contest_id=859575 -- bundle not written
captured=240 skipped=0 failed=0
EXIT=0
captured=236 skipped=0 failed=3
EXIT=0
[02:54:24] capture stopped (rc=1) -- a ban/soft-ban hard-stop or Ctrl-C (see the capture log).
[02:54:24]   This is RESUMABLE: cool down (a ban clears in minutes-hours), then re-run this
[02:54:24]   script -- already-captured contests are skipped.
[02:54:24] === parse captured bundles -> mbb/json/ ===
log -> logs/parse_20260805_025424.log  (watch: tail -f logs/parse_20260805_025424.log)
ms 1784/1784 matched, players 4542/5029 matched
2026-08-05 03:00:00,985 INFO ncaa_identity: contest_id=859700 teams 2055/2055 matched, players 5474/5811 matched
parsed=231 failed=0
EXIT=0
[03:00:06] DONE: captured_bundles=93348 parsed_json=93348 (capture rc=1)
[03:00:06] capture INCOMPLETE (rc=1) -- re-run this script to continue before building.
EXIT=1
[2026-08-05 03:00:06] season 2011: chunk 1 hard-stopped (rc=1), 192 remaining -- cooling 1800s
[03:30:07] NCAA MBB backfill: season=2011 workers=24
[03:30:07] watch this run:  tail -f /c/Users/saiem/Documents/GitHub-Data/sdv-dev/hoopR-dev/ncaa-mbb-hoops-raw/logs/backfill_2011_20260805_033007.log
[03:30:07] === skip discover (season 2011 already in schedule_master; delete mbb/schedule_master.parquet to force) ===
[03:30:07] === capture 2011: 24 worker(s), chunk=400 new bundles per worker ===
proxy creds loaded from /c/Users/saiem/.Renviron (values hidden)
proxy creds loaded from /c/Users/saiem/.Renviron (values hidden)
proxy creds loaded from /c/Users/saiem/.Renviron (values hidden)
proxy creds loaded from /c/Users/saiem/.Renviron (values hidden)
proxy creds loaded from /c/Users/saiem/.Renviron (values hidden)
proxy creds loaded from /c/Users/saiem/.Renviron (values hidden)
log -> logs/capture_20260805_033007.log  (watch: tail -f logs/capture_20260805_033007.log)
log -> logs/capture_20260805_033007.log  (watch: tail -f logs/capture_20260805_033007.log)
proxy creds loaded from /c/Users/saiem/.Renviron (values hidden)
proxy creds loaded from /c/Users/saiem/.Renviron (values hidden)
log -> logs/capture_20260805_033007.log  (watch: tail -f logs/capture_20260805_033007.log)
proxy creds loaded from /c/Users/saiem/.Renviron (values hidden)
proxy creds loaded from /c/Users/saiem/.Renviron (values hidden)
proxy creds loaded from /c/Users/saiem/.Renviron (values hidden)
log -> logs/capture_20260805_033008.log  (watch: tail -f logs/capture_20260805_033008.log)
log -> logs/capture_20260805_033008.log  (watch: tail -f logs/capture_20260805_033008.log)
log -> logs/capture_20260805_033008.log  (watch: tail -f logs/capture_20260805_033008.log)
proxy creds loaded from /c/Users/saiem/.Renviron (values hidden)
proxy creds loaded from /c/Users/saiem/.Renviron (values hidden)
log -> logs/capture_20260805_033008.log  (watch: tail -f logs/capture_20260805_033008.log)
log -> logs/capture_20260805_033008.log  (watch: tail -f logs/capture_20260805_033008.log)
log -> logs/capture_20260805_033008.log  (watch: tail -f logs/capture_20260805_033008.log)
log -> logs/capture_20260805_033008.log  (watch: tail -f logs/capture_20260805_033008.log)
proxy creds loaded from /c/Users/saiem/.Renviron (values hidden)
log -> logs/capture_20260805_033008.log  (watch: tail -f logs/capture_20260805_033008.log)
proxy creds loaded from /c/Users/saiem/.Renviron (values hidden)
proxy creds loaded from /c/Users/saiem/.Renviron (values hidden)
proxy creds loaded from /c/Users/saiem/.Renviron (values hidden)
log -> logs/capture_20260805_033008.log  (watch: tail -f logs/capture_20260805_033008.log)
proxy creds loaded from /c/Users/saiem/.Renviron (values hidden)
proxy creds loaded from /c/Users/saiem/.Renviron (values hidden)
log -> logs/capture_20260805_033008.log  (watch: tail -f logs/capture_20260805_033008.log)
proxy creds loaded from /c/Users/saiem/.Renviron (values hidden)
proxy creds loaded from /c/Users/saiem/.Renviron (values hidden)
proxy creds loaded from /c/Users/saiem/.Renviron (values hidden)
proxy creds loaded from /c/Users/saiem/.Renviron (values hidden)
log -> logs/capture_20260805_033008.log  (watch: tail -f logs/capture_20260805_033008.log)
log -> logs/capture_20260805_033008.log  (watch: tail -f logs/capture_20260805_033008.log)
log -> logs/capture_20260805_033008.log  (watch: tail -f logs/capture_20260805_033008.log)
log -> logs/capture_20260805_033008.log  (watch: tail -f logs/capture_20260805_033008.log)
proxy creds loaded from /c/Users/saiem/.Renviron (values hidden)
log -> logs/capture_20260805_033008.log  (watch: tail -f logs/capture_20260805_033008.log)
log -> logs/capture_20260805_033008.log  (watch: tail -f logs/capture_20260805_033008.log)
log -> logs/capture_20260805_033008.log  (watch: tail -f logs/capture_20260805_033008.log)
log -> logs/capture_20260805_033008.log  (watch: tail -f logs/capture_20260805_033008.log)
log -> logs/capture_20260805_033008.log  (watch: tail -f logs/capture_20260805_033008.log)
log -> logs/capture_20260805_033008.log  (watch: tail -f logs/capture_20260805_033008.log)
log -> logs/capture_20260805_033008.log  (watch: tail -f logs/capture_20260805_033008.log)
pending=5749 shard=9/24 assigned=240
transport: canary vendor 'decodo_patchright'
2026-08-05 03:30:12,397 INFO vendor decodo_patchright: 50 prox(y/ies), sticky session re-minted -> session-cap1785915012w9
captured=0 skipped=240 failed=0
pending=5749 shard=3/24 assigned=240
transport: canary vendor 'decodo_patchright'
2026-08-05 03:30:12,699 INFO vendor decodo_patchright: 50 prox(y/ies), sticky session re-minted -> session-cap1785915012w3
pending=5749 shard=8/24 assigned=240
transport: canary vendor 'decodo_patchright'
2026-08-05 03:30:13,589 INFO vendor decodo_patchright: 50 prox(y/ies), sticky session re-minted -> session-cap1785915013w8
captured=0 skipped=240 failed=0
pending=5749 shard=7/24 assigned=240
transport: canary vendor 'decodo_patchright'
2026-08-05 03:30:13,589 INFO vendor decodo_patchright: 50 prox(y/ies), sticky session re-minted -> session-cap1785915013w7
captured=0 skipped=240 failed=0
EXIT=0
pending=5749 shard=1/24 assigned=240
transport: canary vendor 'decodo_patchright'
2026-08-05 03:30:13,769 INFO vendor decodo_patchright: 50 prox(y/ies), sticky session re-minted -> session-cap1785915013w1
captured=0 skipped=240 failed=0
pending=5749 shard=0/24 assigned=240
transport: canary vendor 'decodo_patchright'
2026-08-05 03:30:13,840 INFO vendor decodo_patchright: 50 prox(y/ies), sticky session re-minted -> session-cap1785915013w0
captured=0 skipped=240 failed=0
pending=5749 shard=11/24 assigned=240
transport: canary vendor 'decodo_patchright'
2026-08-05 03:30:14,558 INFO vendor decodo_patchright: 50 prox(y/ies), sticky session re-minted -> session-cap1785915014w11
captured=0 skipped=240 failed=0
pending=5749 shard=5/24 assigned=240
transport: canary vendor 'decodo_patchright'
2026-08-05 03:30:15,030 INFO vendor decodo_patchright: 50 prox(y/ies), sticky session re-minted -> session-cap1785915015w5
pending=5749 shard=19/24 assigned=239
transport: canary vendor 'decodo_patchright'
pending=5749 shard=12/24 assigned=240
transport: canary vendor 'decodo_patchright'
EXIT=0
captured=0 skipped=240 failed=0
EXIT=0
2026-08-05 03:30:15,048 INFO vendor decodo_patchright: 50 prox(y/ies), sticky session re-minted -> session-cap1785915015w12
pending=5749 shard=2/24 assigned=240
transport: canary vendor 'decodo_patchright'
EXIT=0
pending=5749 shard=6/24 assigned=240
transport: canary vendor 'decodo_patchright'
captured=0 skipped=240 failed=0
pending=5749 shard=4/24 assigned=240
transport: canary vendor 'decodo_patchright'
EXIT=0
2026-08-05 03:30:15,144 INFO vendor decodo_patchright: 50 prox(y/ies), sticky session re-minted -> session-cap1785915015w19
pending=5749 shard=21/24 assigned=239
transport: canary vendor 'decodo_patchright'
pending=5749 shard=16/24 assigned=239
transport: canary vendor 'decodo_patchright'
2026-08-05 03:30:15,160 INFO vendor decodo_patchright: 50 prox(y/ies), sticky session re-minted -> session-cap1785915015w21
2026-08-05 03:30:15,160 INFO vendor decodo_patchright: 50 prox(y/ies), sticky session re-minted -> session-cap1785915015w4
2026-08-05 03:30:15,166 INFO vendor decodo_patchright: 50 prox(y/ies), sticky session re-minted -> session-cap1785915015w6
captured=0 skipped=240 failed=0
captured=0 skipped=239 failed=0
pending=5749 shard=20/24 assigned=239
transport: canary vendor 'decodo_patchright'
pending=5749 shard=18/24 assigned=239
transport: canary vendor 'decodo_patchright'
2026-08-05 03:30:15,222 INFO vendor decodo_patchright: 50 prox(y/ies), sticky session re-minted -> session-cap1785915015w16
2026-08-05 03:30:15,217 INFO vendor decodo_patchright: 50 prox(y/ies), sticky session re-minted -> session-cap1785915015w18
2026-08-05 03:30:15,218 INFO vendor decodo_patchright: 50 prox(y/ies), sticky session re-minted -> session-cap1785915015w2
captured=0 skipped=240 failed=0
2026-08-05 03:30:15,237 INFO vendor decodo_patchright: 50 prox(y/ies), sticky session re-minted -> session-cap1785915015w20
EXIT=0
pending=5749 shard=15/24 assigned=239
transport: canary vendor 'decodo_patchright'
2026-08-05 03:30:15,322 INFO vendor decodo_patchright: 50 prox(y/ies), sticky session re-minted -> session-cap1785915015w15
captured=0 skipped=239 failed=0
pending=5749 shard=13/24 assigned=239
transport: canary vendor 'decodo_patchright'
2026-08-05 03:30:15,334 INFO vendor decodo_patchright: 50 prox(y/ies), sticky session re-minted -> session-cap1785915015w13
pending=5749 shard=22/24 assigned=239
transport: canary vendor 'decodo_patchright'
2026-08-05 03:30:15,502 INFO vendor decodo_patchright: 50 prox(y/ies), sticky session re-minted -> session-cap1785915015w22
captured=0 skipped=239 failed=0
pending=5749 shard=14/24 assigned=239
transport: canary vendor 'decodo_patchright'
2026-08-05 03:30:15,537 INFO vendor decodo_patchright: 50 prox(y/ies), sticky session re-minted -> session-cap1785915015w14
captured=0 skipped=239 failed=0
pending=5749 shard=17/24 assigned=239
transport: canary vendor 'decodo_patchright'
2026-08-05 03:30:15,575 INFO vendor decodo_patchright: 50 prox(y/ies), sticky session re-minted -> session-cap1785915015w17
captured=0 skipped=239 failed=0
pending=5749 shard=10/24 assigned=240
transport: canary vendor 'decodo_patchright'
2026-08-05 03:30:15,598 INFO vendor decodo_patchright: 50 prox(y/ies), sticky session re-minted -> session-cap1785915015w10
captured=0 skipped=240 failed=0
pending=5749 shard=23/24 assigned=239
transport: canary vendor 'decodo_patchright'
2026-08-05 03:30:15,649 INFO vendor decodo_patchright: 50 prox(y/ies), sticky session re-minted -> session-cap1785915015w23
EXIT=0
EXIT=0
EXIT=0
EXIT=0
EXIT=0
EXIT=0
EXIT=0
EXIT=0
EXIT=0
EXIT=0
2026-08-05 03:30:49,032 WARNING challenge not cleared for contest_id=844968 -- bundle not written
2026-08-05 03:30:49,683 WARNING challenge not cleared for contest_id=845911 -- bundle not written
2026-08-05 03:30:50,012 WARNING challenge not cleared for contest_id=846570 -- bundle not written
2026-08-05 03:30:50,108 WARNING challenge not cleared for contest_id=845755 -- bundle not written
captured=0 skipped=238 failed=1
EXIT=0
2026-08-05 03:30:51,237 WARNING challenge not cleared for contest_id=846244 -- bundle not written
2026-08-05 03:30:52,962 WARNING challenge not cleared for contest_id=859653 -- bundle not written
2026-08-05 03:30:53,110 WARNING challenge not cleared for contest_id=848864 -- bundle not written
captured=0 skipped=238 failed=1
captured=0 skipped=238 failed=1
EXIT=0
EXIT=0
2026-08-05 03:30:54,760 WARNING challenge not cleared for contest_id=845922 -- bundle not written
captured=0 skipped=239 failed=1
EXIT=0
2026-08-05 03:31:19,889 WARNING challenge not cleared for contest_id=858310 -- bundle not written
2026-08-05 03:31:21,771 WARNING challenge not cleared for contest_id=857944 -- bundle not written
2026-08-05 03:31:23,344 WARNING challenge not cleared for contest_id=859590 -- bundle not written
captured=0 skipped=237 failed=2
captured=0 skipped=237 failed=2
EXIT=0
EXIT=0
2026-08-05 03:31:51,385 WARNING challenge not cleared for contest_id=859575 -- bundle not written
captured=0 skipped=236 failed=3
EXIT=0
2026-08-05 03:57:41,840 ERROR BAN-SUSPECT: hard-stopping capture at contest_id=848097: NCAA fetch failed after rotating proxies: https://stats.ncaa.org/contests/848097/play_by_play: patchright: bm-verify not passed after 3 attempts (643-byte body)
BAN-SUSPECT: capture halted at contest_id=848097: NCAA fetch failed after rotating proxies: https://stats.ncaa.org/contests/848097/play_by_play: patchright: bm-verify not passed after 3 attempts (643-byte body)
EXIT=1
[03:57:42] capture stopped (rc=1) -- a ban/soft-ban hard-stop or Ctrl-C (see the capture log).
[03:57:42]   This is RESUMABLE: cool down (a ban clears in minutes-hours), then re-run this
[03:57:42]   script -- already-captured contests are skipped.
[03:57:42] === parse captured bundles -> mbb/json/ ===
log -> logs/parse_20260805_035742.log  (watch: tail -f logs/parse_20260805_035742.log)
seasons=all bundles=93348 pending=0 force=False shard=8/24 assigned=0
parsed=0 failed=0

EXIT=0
[03:57:58] DONE: captured_bundles=93348 parsed_json=93348 (capture rc=1)
[03:57:58] capture INCOMPLETE (rc=1) -- re-run this script to continue before building.
EXIT=1
[2026-08-05 03:57:58] season 2011: chunk 2 hard-stopped (rc=1), 192 remaining -- cooling 1800s
[04:27:58] NCAA MBB backfill: season=2011 workers=24
[04:27:58] watch this run:  tail -f /c/Users/saiem/Documents/GitHub-Data/sdv-dev/hoopR-dev/ncaa-mbb-hoops-raw/logs/backfill_2011_20260805_042758.log
[04:27:59] === skip discover (season 2011 already in schedule_master; delete mbb/schedule_master.parquet to force) ===
[04:27:59] === capture 2011: 24 worker(s), chunk=400 new bundles per worker ===
proxy creds loaded from /c/Users/saiem/.Renviron (values hidden)
proxy creds loaded from /c/Users/saiem/.Renviron (values hidden)
proxy creds loaded from /c/Users/saiem/.Renviron (values hidden)
proxy creds loaded from /c/Users/saiem/.Renviron (values hidden)
log -> logs/capture_20260805_042759.log  (watch: tail -f logs/capture_20260805_042759.log)
proxy creds loaded from /c/Users/saiem/.Renviron (values hidden)
proxy creds loaded from /c/Users/saiem/.Renviron (values hidden)
proxy creds loaded from /c/Users/saiem/.Renviron (values hidden)
log -> logs/capture_20260805_042759.log  (watch: tail -f logs/capture_20260805_042759.log)
proxy creds loaded from /c/Users/saiem/.Renviron (values hidden)
log -> logs/capture_20260805_042759.log  (watch: tail -f logs/capture_20260805_042759.log)
log -> logs/capture_20260805_042759.log  (watch: tail -f logs/capture_20260805_042759.log)
proxy creds loaded from /c/Users/saiem/.Renviron (values hidden)
proxy creds loaded from /c/Users/saiem/.Renviron (values hidden)
log -> logs/capture_20260805_042759.log  (watch: tail -f logs/capture_20260805_042759.log)
proxy creds loaded from /c/Users/saiem/.Renviron (values hidden)
proxy creds loaded from /c/Users/saiem/.Renviron (values hidden)
proxy creds loaded from /c/Users/saiem/.Renviron (values hidden)
log -> logs/capture_20260805_042759.log  (watch: tail -f logs/capture_20260805_042759.log)
log -> logs/capture_20260805_042759.log  (watch: tail -f logs/capture_20260805_042759.log)
log -> logs/capture_20260805_042759.log  (watch: tail -f logs/capture_20260805_042759.log)
proxy creds loaded from /c/Users/saiem/.Renviron (values hidden)
proxy creds loaded from /c/Users/saiem/.Renviron (values hidden)
log -> logs/capture_20260805_042759.log  (watch: tail -f logs/capture_20260805_042759.log)
proxy creds loaded from /c/Users/saiem/.Renviron (values hidden)
log -> logs/capture_20260805_042759.log  (watch: tail -f logs/capture_20260805_042759.log)
log -> logs/capture_20260805_042759.log  (watch: tail -f logs/capture_20260805_042759.log)
proxy creds loaded from /c/Users/saiem/.Renviron (values hidden)
log -> logs/capture_20260805_042759.log  (watch: tail -f logs/capture_20260805_042759.log)
log -> logs/capture_20260805_042759.log  (watch: tail -f logs/capture_20260805_042759.log)
proxy creds loaded from /c/Users/saiem/.Renviron (values hidden)
proxy creds loaded from /c/Users/saiem/.Renviron (values hidden)
proxy creds loaded from /c/Users/saiem/.Renviron (values hidden)
proxy creds loaded from /c/Users/saiem/.Renviron (values hidden)
log -> logs/capture_20260805_042759.log  (watch: tail -f logs/capture_20260805_042759.log)
proxy creds loaded from /c/Users/saiem/.Renviron (values hidden)
log -> logs/capture_20260805_042759.log  (watch: tail -f logs/capture_20260805_042759.log)
proxy creds loaded from /c/Users/saiem/.Renviron (values hidden)
log -> logs/capture_20260805_042759.log  (watch: tail -f logs/capture_20260805_042759.log)
log -> logs/capture_20260805_042759.log  (watch: tail -f logs/capture_20260805_042759.log)
log -> logs/capture_20260805_042759.log  (watch: tail -f logs/capture_20260805_042759.log)
proxy creds loaded from /c/Users/saiem/.Renviron (values hidden)
log -> logs/capture_20260805_042759.log  (watch: tail -f logs/capture_20260805_042759.log)
log -> logs/capture_20260805_042759.log  (watch: tail -f logs/capture_20260805_042759.log)
log -> logs/capture_20260805_042759.log  (watch: tail -f logs/capture_20260805_042759.log)
log -> logs/capture_20260805_042759.log  (watch: tail -f logs/capture_20260805_042759.log)
log -> logs/capture_20260805_042759.log  (watch: tail -f logs/capture_20260805_042759.log)
log -> logs/capture_20260805_042759.log  (watch: tail -f logs/capture_20260805_042759.log)
pending=5749 shard=3/24 assigned=240
transport: canary vendor 'decodo_patchright'
2026-08-05 04:28:04,501 INFO vendor decodo_patchright: 50 prox(y/ies), sticky session re-minted -> session-cap1785918484w3
pending=5749 shard=0/24 assigned=240
transport: canary vendor 'decodo_patchright'
2026-08-05 04:28:04,692 INFO vendor decodo_patchright: 50 prox(y/ies), sticky session re-minted -> session-cap1785918484w0
captured=0 skipped=240 failed=0
pending=5749 shard=10/24 assigned=240
transport: canary vendor 'decodo_patchright'
2026-08-05 04:28:05,279 INFO vendor decodo_patchright: 50 prox(y/ies), sticky session re-minted -> session-cap1785918485w10
captured=0 skipped=240 failed=0
EXIT=0
pending=5749 shard=2/24 assigned=240
transport: canary vendor 'decodo_patchright'
2026-08-05 04:28:06,712 INFO vendor decodo_patchright: 50 prox(y/ies), sticky session re-minted -> session-cap1785918486w2
captured=0 skipped=240 failed=0
pending=5749 shard=4/24 assigned=240
transport: canary vendor 'decodo_patchright'
2026-08-05 04:28:06,753 INFO vendor decodo_patchright: 50 prox(y/ies), sticky session re-minted -> session-cap1785918486w4
captured=0 skipped=240 failed=0
pending=5749 shard=13/24 assigned=239
transport: canary vendor 'decodo_patchright'
2026-08-05 04:28:06,842 INFO vendor decodo_patchright: 50 prox(y/ies), sticky session re-minted -> session-cap1785918486w13
pending=5749 shard=6/24 assigned=240
transport: canary vendor 'decodo_patchright'
2026-08-05 04:28:06,900 INFO vendor decodo_patchright: 50 prox(y/ies), sticky session re-minted -> session-cap1785918486w6
pending=5749 shard=19/24 assigned=239
transport: canary vendor 'decodo_patchright'
2026-08-05 04:28:06,953 INFO vendor decodo_patchright: 50 prox(y/ies), sticky session re-minted -> session-cap1785918486w19
captured=0 skipped=239 failed=0
pending=5749 shard=16/24 assigned=239
transport: canary vendor 'decodo_patchright'
pending=5749 shard=8/24 assigned=240
transport: canary vendor 'decodo_patchright'
pending=5749 shard=9/24 assigned=240
transport: canary vendor 'decodo_patchright'
2026-08-05 04:28:07,207 INFO vendor decodo_patchright: 50 prox(y/ies), sticky session re-minted -> session-cap1785918487w9
2026-08-05 04:28:07,208 INFO vendor decodo_patchright: 50 prox(y/ies), sticky session re-minted -> session-cap1785918487w8
pending=5749 shard=21/24 assigned=239
transport: canary vendor 'decodo_patchright'
2026-08-05 04:28:07,207 INFO vendor decodo_patchright: 50 prox(y/ies), sticky session re-minted -> session-cap1785918487w21
EXIT=0
captured=0 skipped=240 failed=0
captured=0 skipped=240 failed=0
2026-08-05 04:28:07,271 INFO vendor decodo_patchright: 50 prox(y/ies), sticky session re-minted -> session-cap1785918487w16
pending=5749 shard=15/24 assigned=239
transport: canary vendor 'decodo_patchright'
2026-08-05 04:28:07,301 INFO vendor decodo_patchright: 50 prox(y/ies), sticky session re-minted -> session-cap1785918487w15
pending=5749 shard=20/24 assigned=239
transport: canary vendor 'decodo_patchright'
captured=0 skipped=239 failed=0
2026-08-05 04:28:07,324 INFO vendor decodo_patchright: 50 prox(y/ies), sticky session re-minted -> session-cap1785918487w20
pending=5749 shard=5/24 assigned=240
transport: canary vendor 'decodo_patchright'
pending=5749 shard=22/24 assigned=239
transport: canary vendor 'decodo_patchright'
pending=5749 shard=11/24 assigned=240
transport: canary vendor 'decodo_patchright'
2026-08-05 04:28:07,379 INFO vendor decodo_patchright: 50 prox(y/ies), sticky session re-minted -> session-cap1785918487w5
captured=0 skipped=240 failed=0
2026-08-05 04:28:07,394 INFO vendor decodo_patchright: 50 prox(y/ies), sticky session re-minted -> session-cap1785918487w11
pending=5749 shard=18/24 assigned=239
transport: canary vendor 'decodo_patchright'
2026-08-05 04:28:07,397 INFO vendor decodo_patchright: 50 prox(y/ies), sticky session re-minted -> session-cap1785918487w18
pending=5749 shard=17/24 assigned=239
transport: canary vendor 'decodo_patchright'
2026-08-05 04:28:07,399 INFO vendor decodo_patchright: 50 prox(y/ies), sticky session re-minted -> session-cap1785918487w17
2026-08-05 04:28:07,386 INFO vendor decodo_patchright: 50 prox(y/ies), sticky session re-minted -> session-cap1785918487w22
EXIT=0
captured=0 skipped=239 failed=0
captured=0 skipped=239 failed=0
captured=0 skipped=240 failed=0
pending=5749 shard=14/24 assigned=239
transport: canary vendor 'decodo_patchright'
2026-08-05 04:28:07,421 INFO vendor decodo_patchright: 50 prox(y/ies), sticky session re-minted -> session-cap1785918487w14
captured=0 skipped=239 failed=0
pending=5749 shard=1/24 assigned=240
transport: canary vendor 'decodo_patchright'
2026-08-05 04:28:07,516 INFO vendor decodo_patchright: 50 prox(y/ies), sticky session re-minted -> session-cap1785918487w1
captured=0 skipped=240 failed=0
pending=5749 shard=23/24 assigned=239
transport: canary vendor 'decodo_patchright'
2026-08-05 04:28:07,550 INFO vendor decodo_patchright: 50 prox(y/ies), sticky session re-minted -> session-cap1785918487w23
EXIT=0
pending=5749 shard=12/24 assigned=240
transport: canary vendor 'decodo_patchright'
EXIT=0
2026-08-05 04:28:07,648 INFO vendor decodo_patchright: 50 prox(y/ies), sticky session re-minted -> session-cap1785918487w12
captured=0 skipped=240 failed=0
pending=5749 shard=7/24 assigned=240
transport: canary vendor 'decodo_patchright'
2026-08-05 04:28:07,700 INFO vendor decodo_patchright: 50 prox(y/ies), sticky session re-minted -> session-cap1785918487w7
captured=0 skipped=240 failed=0
EXIT=0
EXIT=0
EXIT=0
EXIT=0
EXIT=0
EXIT=0
EXIT=0
EXIT=0
EXIT=0
EXIT=0
EXIT=0
2026-08-05 04:28:40,426 WARNING challenge not cleared for contest_id=845922 -- bundle not written
captured=0 skipped=239 failed=1
EXIT=0
2026-08-05 04:28:42,033 WARNING challenge not cleared for contest_id=844968 -- bundle not written
2026-08-05 04:28:42,308 WARNING challenge not cleared for contest_id=848864 -- bundle not written
2026-08-05 04:28:42,398 WARNING challenge not cleared for contest_id=846570 -- bundle not written
captured=0 skipped=238 failed=1
captured=0 skipped=238 failed=1
2026-08-05 04:28:42,873 WARNING challenge not cleared for contest_id=845755 -- bundle not written
EXIT=0
EXIT=0
2026-08-05 04:28:43,478 WARNING challenge not cleared for contest_id=859653 -- bundle not written
captured=0 skipped=238 failed=1
EXIT=0
2026-08-05 04:28:44,085 WARNING challenge not cleared for contest_id=846244 -- bundle not written
2026-08-05 04:28:44,388 WARNING challenge not cleared for contest_id=845911 -- bundle not written
2026-08-05 04:29:12,863 WARNING challenge not cleared for contest_id=857944 -- bundle not written
captured=0 skipped=237 failed=2
2026-08-05 04:29:13,053 WARNING challenge not cleared for contest_id=858310 -- bundle not written
EXIT=0
2026-08-05 04:29:15,195 WARNING challenge not cleared for contest_id=859590 -- bundle not written
captured=0 skipped=237 failed=2
EXIT=0
2026-08-05 04:29:44,898 WARNING challenge not cleared for contest_id=859575 -- bundle not written
captured=0 skipped=236 failed=3
EXIT=0
2026-08-05 04:56:00,422 ERROR BAN-SUSPECT: hard-stopping capture at contest_id=848097: NCAA fetch failed after rotating proxies: https://stats.ncaa.org/contests/848097/play_by_play: patchright: bm-verify not passed after 3 attempts (643-byte body)
BAN-SUSPECT: capture halted at contest_id=848097: NCAA fetch failed after rotating proxies: https://stats.ncaa.org/contests/848097/play_by_play: patchright: bm-verify not passed after 3 attempts (643-byte body)
EXIT=1
[04:56:00] capture stopped (rc=1) -- a ban/soft-ban hard-stop or Ctrl-C (see the capture log).
[04:56:00]   This is RESUMABLE: cool down (a ban clears in minutes-hours), then re-run this
[04:56:00]   script -- already-captured contests are skipped.
[04:56:00] === parse captured bundles -> mbb/json/ ===
log -> logs/parse_20260805_045600.log  (watch: tail -f logs/parse_20260805_045600.log)
seasons=all bundles=93348 pending=0 force=False shard=21/24 assigned=0
parsed=0 failed=0
EXIT=0
[04:56:17] DONE: captured_bundles=93348 parsed_json=93348 (capture rc=1)
[04:56:17] capture INCOMPLETE (rc=1) -- re-run this script to continue before building.
EXIT=1
[2026-08-05 04:56:17] season 2011: chunk 3 hard-stopped (rc=1), 192 remaining -- cooling 1800s
[05:26:18] NCAA MBB backfill: season=2011 workers=24
[05:26:18] watch this run:  tail -f /c/Users/saiem/Documents/GitHub-Data/sdv-dev/hoopR-dev/ncaa-mbb-hoops-raw/logs/backfill_2011_20260805_052618.log
[05:26:18] === skip discover (season 2011 already in schedule_master; delete mbb/schedule_master.parquet to force) ===
[05:26:18] === capture 2011: 24 worker(s), chunk=400 new bundles per worker ===
proxy creds loaded from /c/Users/saiem/.Renviron (values hidden)
proxy creds loaded from /c/Users/saiem/.Renviron (values hidden)
proxy creds loaded from /c/Users/saiem/.Renviron (values hidden)
log -> logs/capture_20260805_052618.log  (watch: tail -f logs/capture_20260805_052618.log)
log -> logs/capture_20260805_052618.log  (watch: tail -f logs/capture_20260805_052618.log)
proxy creds loaded from /c/Users/saiem/.Renviron (values hidden)
proxy creds loaded from /c/Users/saiem/.Renviron (values hidden)
proxy creds loaded from /c/Users/saiem/.Renviron (values hidden)
log -> logs/capture_20260805_052618.log  (watch: tail -f logs/capture_20260805_052618.log)
proxy creds loaded from /c/Users/saiem/.Renviron (values hidden)
proxy creds loaded from /c/Users/saiem/.Renviron (values hidden)
proxy creds loaded from /c/Users/saiem/.Renviron (values hidden)
proxy creds loaded from /c/Users/saiem/.Renviron (values hidden)
proxy creds loaded from /c/Users/saiem/.Renviron (values hidden)
proxy creds loaded from /c/Users/saiem/.Renviron (values hidden)
proxy creds loaded from /c/Users/saiem/.Renviron (values hidden)
log -> logs/capture_20260805_052618.log  (watch: tail -f logs/capture_20260805_052618.log)
proxy creds loaded from /c/Users/saiem/.Renviron (values hidden)
proxy creds loaded from /c/Users/saiem/.Renviron (values hidden)
log -> logs/capture_20260805_052618.log  (watch: tail -f logs/capture_20260805_052618.log)
log -> logs/capture_20260805_052618.log  (watch: tail -f logs/capture_20260805_052618.log)
log -> logs/capture_20260805_052618.log  (watch: tail -f logs/capture_20260805_052618.log)
log -> logs/capture_20260805_052618.log  (watch: tail -f logs/capture_20260805_052618.log)
proxy creds loaded from /c/Users/saiem/.Renviron (values hidden)
log -> logs/capture_20260805_052618.log  (watch: tail -f logs/capture_20260805_052618.log)
log -> logs/capture_20260805_052618.log  (watch: tail -f logs/capture_20260805_052618.log)
log -> logs/capture_20260805_052618.log  (watch: tail -f logs/capture_20260805_052618.log)
proxy creds loaded from /c/Users/saiem/.Renviron (values hidden)
proxy creds loaded from /c/Users/saiem/.Renviron (values hidden)
log -> logs/capture_20260805_052619.log  (watch: tail -f logs/capture_20260805_052619.log)
proxy creds loaded from /c/Users/saiem/.Renviron (values hidden)
log -> logs/capture_20260805_052619.log  (watch: tail -f logs/capture_20260805_052619.log)
log -> logs/capture_20260805_052619.log  (watch: tail -f logs/capture_20260805_052619.log)
proxy creds loaded from /c/Users/saiem/.Renviron (values hidden)
proxy creds loaded from /c/Users/saiem/.Renviron (values hidden)
proxy creds loaded from /c/Users/saiem/.Renviron (values hidden)
log -> logs/capture_20260805_052619.log  (watch: tail -f logs/capture_20260805_052619.log)
log -> logs/capture_20260805_052619.log  (watch: tail -f logs/capture_20260805_052619.log)
log -> logs/capture_20260805_052619.log  (watch: tail -f logs/capture_20260805_052619.log)
log -> logs/capture_20260805_052619.log  (watch: tail -f logs/capture_20260805_052619.log)
proxy creds loaded from /c/Users/saiem/.Renviron (values hidden)
log -> logs/capture_20260805_052619.log  (watch: tail -f logs/capture_20260805_052619.log)
log -> logs/capture_20260805_052619.log  (watch: tail -f logs/capture_20260805_052619.log)
proxy creds loaded from /c/Users/saiem/.Renviron (values hidden)
log -> logs/capture_20260805_052619.log  (watch: tail -f logs/capture_20260805_052619.log)
log -> logs/capture_20260805_052619.log  (watch: tail -f logs/capture_20260805_052619.log)
log -> logs/capture_20260805_052619.log  (watch: tail -f logs/capture_20260805_052619.log)
log -> logs/capture_20260805_052619.log  (watch: tail -f logs/capture_20260805_052619.log)
pending=5749 shard=15/24 assigned=239
transport: canary vendor 'decodo_patchright'
2026-08-05 05:26:25,034 INFO vendor decodo_patchright: 50 prox(y/ies), sticky session re-minted -> session-cap1785921985w15
captured=0 skipped=239 failed=0
pending=5749 shard=18/24 assigned=239
transport: canary vendor 'decodo_patchright'
2026-08-05 05:26:25,034 INFO vendor decodo_patchright: 50 prox(y/ies), sticky session re-minted -> session-cap1785921985w18
pending=5749 shard=11/24 assigned=240
transport: canary vendor 'decodo_patchright'
2026-08-05 05:26:25,068 INFO vendor decodo_patchright: 50 prox(y/ies), sticky session re-minted -> session-cap1785921985w11
pending=5749 shard=6/24 assigned=240
transport: canary vendor 'decodo_patchright'
2026-08-05 05:26:25,092 INFO vendor decodo_patchright: 50 prox(y/ies), sticky session re-minted -> session-cap1785921985w6
captured=0 skipped=240 failed=0
pending=5749 shard=22/24 assigned=239
transport: canary vendor 'decodo_patchright'
2026-08-05 05:26:25,267 INFO vendor decodo_patchright: 50 prox(y/ies), sticky session re-minted -> session-cap1785921985w22
captured=0 skipped=239 failed=0
pending=5749 shard=2/24 assigned=240
transport: canary vendor 'decodo_patchright'
2026-08-05 05:26:25,383 INFO vendor decodo_patchright: 50 prox(y/ies), sticky session re-minted -> session-cap1785921985w2
captured=0 skipped=240 failed=0
pending=5749 shard=20/24 assigned=239
transport: canary vendor 'decodo_patchright'
2026-08-05 05:26:25,475 INFO vendor decodo_patchright: 50 prox(y/ies), sticky session re-minted -> session-cap1785921985w20
pending=5749 shard=10/24 assigned=240
transport: canary vendor 'decodo_patchright'
2026-08-05 05:26:25,821 INFO vendor decodo_patchright: 50 prox(y/ies), sticky session re-minted -> session-cap1785921985w10
captured=0 skipped=240 failed=0
pending=5749 shard=1/24 assigned=240
transport: canary vendor 'decodo_patchright'
2026-08-05 05:26:25,969 INFO vendor decodo_patchright: 50 prox(y/ies), sticky session re-minted -> session-cap1785921985w1
pending=5749 shard=9/24 assigned=240
transport: canary vendor 'decodo_patchright'
2026-08-05 05:26:25,964 INFO vendor decodo_patchright: 50 prox(y/ies), sticky session re-minted -> session-cap1785921985w9
pending=5749 shard=13/24 assigned=239
transport: canary vendor 'decodo_patchright'
2026-08-05 05:26:25,909 INFO vendor decodo_patchright: 50 prox(y/ies), sticky session re-minted -> session-cap1785921985w13
captured=0 skipped=240 failed=0
captured=0 skipped=240 failed=0
pending=5749 shard=5/24 assigned=240
transport: canary vendor 'decodo_patchright'
2026-08-05 05:26:26,059 INFO vendor decodo_patchright: 50 prox(y/ies), sticky session re-minted -> session-cap1785921986w5
captured=0 skipped=240 failed=0
pending=5749 shard=4/24 assigned=240
transport: canary vendor 'decodo_patchright'
2026-08-05 05:26:26,039 INFO vendor decodo_patchright: 50 prox(y/ies), sticky session re-minted -> session-cap1785921986w4
captured=0 skipped=240 failed=0
pending=5749 shard=14/24 assigned=239
transport: canary vendor 'decodo_patchright'
2026-08-05 05:26:26,178 INFO vendor decodo_patchright: 50 prox(y/ies), sticky session re-minted -> session-cap1785921986w14
captured=0 skipped=239 failed=0
EXIT=0
EXIT=0
EXIT=0
pending=5749 shard=19/24 assigned=239
transport: canary vendor 'decodo_patchright'
pending=5749 shard=0/24 assigned=240
transport: canary vendor 'decodo_patchright'
2026-08-05 05:26:26,370 INFO vendor decodo_patchright: 50 prox(y/ies), sticky session re-minted -> session-cap1785921986w19
captured=0 skipped=239 failed=0
2026-08-05 05:26:26,396 INFO vendor decodo_patchright: 50 prox(y/ies), sticky session re-minted -> session-cap1785921986w0
pending=5749 shard=16/24 assigned=239
transport: canary vendor 'decodo_patchright'
2026-08-05 05:26:26,404 INFO vendor decodo_patchright: 50 prox(y/ies), sticky session re-minted -> session-cap1785921986w16
EXIT=0
captured=0 skipped=240 failed=0
pending=5749 shard=17/24 assigned=239
transport: canary vendor 'decodo_patchright'
2026-08-05 05:26:26,421 INFO vendor decodo_patchright: 50 prox(y/ies), sticky session re-minted -> session-cap1785921986w17
captured=0 skipped=239 failed=0
pending=5749 shard=23/24 assigned=239
transport: canary vendor 'decodo_patchright'
pending=5749 shard=3/24 assigned=240
transport: canary vendor 'decodo_patchright'
2026-08-05 05:26:26,474 INFO vendor decodo_patchright: 50 prox(y/ies), sticky session re-minted -> session-cap1785921986w23
2026-08-05 05:26:26,479 INFO vendor decodo_patchright: 50 prox(y/ies), sticky session re-minted -> session-cap1785921986w3
pending=5749 shard=21/24 assigned=239
transport: canary vendor 'decodo_patchright'
2026-08-05 05:26:26,533 INFO vendor decodo_patchright: 50 prox(y/ies), sticky session re-minted -> session-cap1785921986w21
EXIT=0
pending=5749 shard=8/24 assigned=240
transport: canary vendor 'decodo_patchright'
EXIT=0
pending=5749 shard=7/24 assigned=240
transport: canary vendor 'decodo_patchright'
2026-08-05 05:26:26,840 INFO vendor decodo_patchright: 50 prox(y/ies), sticky session re-minted -> session-cap1785921986w8
captured=0 skipped=240 failed=0
2026-08-05 05:26:26,916 INFO vendor decodo_patchright: 50 prox(y/ies), sticky session re-minted -> session-cap1785921986w7
captured=0 skipped=240 failed=0
EXIT=0
EXIT=0
pending=5749 shard=12/24 assigned=240
transport: canary vendor 'decodo_patchright'
EXIT=0
2026-08-05 05:26:27,043 INFO vendor decodo_patchright: 50 prox(y/ies), sticky session re-minted -> session-cap1785921987w12
EXIT=0
captured=0 skipped=240 failed=0
EXIT=0
EXIT=0
EXIT=0
EXIT=0
EXIT=0
EXIT=0
2026-08-05 05:27:00,168 WARNING challenge not cleared for contest_id=846570 -- bundle not written
captured=0 skipped=238 failed=1
EXIT=0
2026-08-05 05:27:01,145 WARNING challenge not cleared for contest_id=845922 -- bundle not written
captured=0 skipped=239 failed=1
EXIT=0
2026-08-05 05:27:01,761 WARNING challenge not cleared for contest_id=844968 -- bundle not written
2026-08-05 05:27:02,637 WARNING challenge not cleared for contest_id=846244 -- bundle not written
2026-08-05 05:27:02,745 WARNING challenge not cleared for contest_id=845911 -- bundle not written
2026-08-05 05:27:06,381 WARNING challenge not cleared for contest_id=859653 -- bundle not written
captured=0 skipped=238 failed=1
EXIT=0
2026-08-05 05:27:07,330 WARNING challenge not cleared for contest_id=848864 -- bundle not written
captured=0 skipped=238 failed=1
EXIT=0
2026-08-05 05:27:33,843 WARNING challenge not cleared for contest_id=858310 -- bundle not written
2026-08-05 05:27:35,674 WARNING challenge not cleared for contest_id=859590 -- bundle not written
captured=0 skipped=237 failed=2
EXIT=0
2026-08-05 05:27:40,512 WARNING challenge not cleared for contest_id=845755 -- bundle not written
2026-08-05 05:28:06,190 WARNING challenge not cleared for contest_id=859575 -- bundle not written
captured=0 skipped=236 failed=3
EXIT=0
2026-08-05 05:28:34,267 WARNING challenge not cleared for contest_id=857944 -- bundle not written
captured=0 skipped=237 failed=2
EXIT=0
2026-08-05 05:54:35,082 ERROR BAN-SUSPECT: hard-stopping capture at contest_id=848097: NCAA fetch failed after rotating proxies: https://stats.ncaa.org/contests/848097/play_by_play: patchright: bm-verify not passed after 3 attempts (643-byte body)
BAN-SUSPECT: capture halted at contest_id=848097: NCAA fetch failed after rotating proxies: https://stats.ncaa.org/contests/848097/play_by_play: patchright: bm-verify not passed after 3 attempts (643-byte body)
EXIT=1
[05:54:35] capture stopped (rc=1) -- a ban/soft-ban hard-stop or Ctrl-C (see the capture log).
[05:54:35]   This is RESUMABLE: cool down (a ban clears in minutes-hours), then re-run this
[05:54:35]   script -- already-captured contests are skipped.
[05:54:35] === parse captured bundles -> mbb/json/ ===
log -> logs/parse_20260805_055435.log  (watch: tail -f logs/parse_20260805_055435.log)
seasons=all bundles=93348 pending=0 force=False shard=15/24 assigned=0
parsed=0 failed=0
EXIT=0
[05:54:51] DONE: captured_bundles=93348 parsed_json=93348 (capture rc=1)
[05:54:51] capture INCOMPLETE (rc=1) -- re-run this script to continue before building.
EXIT=1
[2026-08-05 05:54:51] season 2011: chunk 4 hard-stopped (rc=1), 192 remaining -- cooling 1800s
[06:24:51] NCAA MBB backfill: season=2011 workers=24
[06:24:51] watch this run:  tail -f /c/Users/saiem/Documents/GitHub-Data/sdv-dev/hoopR-dev/ncaa-mbb-hoops-raw/logs/backfill_2011_20260805_062451.log
[06:24:52] === skip discover (season 2011 already in schedule_master; delete mbb/schedule_master.parquet to force) ===
[06:24:52] === capture 2011: 24 worker(s), chunk=400 new bundles per worker ===
proxy creds loaded from /c/Users/saiem/.Renviron (values hidden)
proxy creds loaded from /c/Users/saiem/.Renviron (values hidden)
proxy creds loaded from /c/Users/saiem/.Renviron (values hidden)
proxy creds loaded from /c/Users/saiem/.Renviron (values hidden)
proxy creds loaded from /c/Users/saiem/.Renviron (values hidden)
log -> logs/capture_20260805_062452.log  (watch: tail -f logs/capture_20260805_062452.log)
proxy creds loaded from /c/Users/saiem/.Renviron (values hidden)
log -> logs/capture_20260805_062452.log  (watch: tail -f logs/capture_20260805_062452.log)
log -> logs/capture_20260805_062452.log  (watch: tail -f logs/capture_20260805_062452.log)
proxy creds loaded from /c/Users/saiem/.Renviron (values hidden)
proxy creds loaded from /c/Users/saiem/.Renviron (values hidden)
proxy creds loaded from /c/Users/saiem/.Renviron (values hidden)
proxy creds loaded from /c/Users/saiem/.Renviron (values hidden)
log -> logs/capture_20260805_062452.log  (watch: tail -f logs/capture_20260805_062452.log)
log -> logs/capture_20260805_062452.log  (watch: tail -f logs/capture_20260805_062452.log)
log -> logs/capture_20260805_062452.log  (watch: tail -f logs/capture_20260805_062452.log)
proxy creds loaded from /c/Users/saiem/.Renviron (values hidden)
proxy creds loaded from /c/Users/saiem/.Renviron (values hidden)
log -> logs/capture_20260805_062452.log  (watch: tail -f logs/capture_20260805_062452.log)
proxy creds loaded from /c/Users/saiem/.Renviron (values hidden)
log -> logs/capture_20260805_062452.log  (watch: tail -f logs/capture_20260805_062452.log)
log -> logs/capture_20260805_062452.log  (watch: tail -f logs/capture_20260805_062452.log)
log -> logs/capture_20260805_062452.log  (watch: tail -f logs/capture_20260805_062452.log)
proxy creds loaded from /c/Users/saiem/.Renviron (values hidden)
proxy creds loaded from /c/Users/saiem/.Renviron (values hidden)
proxy creds loaded from /c/Users/saiem/.Renviron (values hidden)
proxy creds loaded from /c/Users/saiem/.Renviron (values hidden)
proxy creds loaded from /c/Users/saiem/.Renviron (values hidden)
log -> logs/capture_20260805_062453.log  (watch: tail -f logs/capture_20260805_062453.log)
log -> logs/capture_20260805_062453.log  (watch: tail -f logs/capture_20260805_062453.log)
log -> logs/capture_20260805_062453.log  (watch: tail -f logs/capture_20260805_062453.log)
proxy creds loaded from /c/Users/saiem/.Renviron (values hidden)
proxy creds loaded from /c/Users/saiem/.Renviron (values hidden)
proxy creds loaded from /c/Users/saiem/.Renviron (values hidden)
proxy creds loaded from /c/Users/saiem/.Renviron (values hidden)
log -> logs/capture_20260805_062453.log  (watch: tail -f logs/capture_20260805_062453.log)
log -> logs/capture_20260805_062453.log  (watch: tail -f logs/capture_20260805_062453.log)
log -> logs/capture_20260805_062453.log  (watch: tail -f logs/capture_20260805_062453.log)
log -> logs/capture_20260805_062453.log  (watch: tail -f logs/capture_20260805_062453.log)
log -> logs/capture_20260805_062453.log  (watch: tail -f logs/capture_20260805_062453.log)
proxy creds loaded from /c/Users/saiem/.Renviron (values hidden)
log -> logs/capture_20260805_062453.log  (watch: tail -f logs/capture_20260805_062453.log)
log -> logs/capture_20260805_062453.log  (watch: tail -f logs/capture_20260805_062453.log)
log -> logs/capture_20260805_062453.log  (watch: tail -f logs/capture_20260805_062453.log)
proxy creds loaded from /c/Users/saiem/.Renviron (values hidden)
log -> logs/capture_20260805_062453.log  (watch: tail -f logs/capture_20260805_062453.log)
log -> logs/capture_20260805_062453.log  (watch: tail -f logs/capture_20260805_062453.log)
log -> logs/capture_20260805_062453.log  (watch: tail -f logs/capture_20260805_062453.log)
pending=5749 shard=5/24 assigned=240
transport: canary vendor 'decodo_patchright'
2026-08-05 06:24:57,394 INFO vendor decodo_patchright: 50 prox(y/ies), sticky session re-minted -> session-cap1785925497w5
captured=0 skipped=240 failed=0
pending=5749 shard=0/24 assigned=240
transport: canary vendor 'decodo_patchright'
pending=5749 shard=2/24 assigned=240
transport: canary vendor 'decodo_patchright'
2026-08-05 06:24:57,463 INFO vendor decodo_patchright: 50 prox(y/ies), sticky session re-minted -> session-cap1785925497w2
2026-08-05 06:24:57,467 INFO vendor decodo_patchright: 50 prox(y/ies), sticky session re-minted -> session-cap1785925497w0
captured=0 skipped=240 failed=0
captured=0 skipped=240 failed=0
pending=5749 shard=9/24 assigned=240
transport: canary vendor 'decodo_patchright'
2026-08-05 06:24:57,887 INFO vendor decodo_patchright: 50 prox(y/ies), sticky session re-minted -> session-cap1785925497w9
captured=0 skipped=240 failed=0
pending=5749 shard=17/24 assigned=239
transport: canary vendor 'decodo_patchright'
2026-08-05 06:24:59,220 INFO vendor decodo_patchright: 50 prox(y/ies), sticky session re-minted -> session-cap1785925499w17
captured=0 skipped=239 failed=0
pending=5749 shard=8/24 assigned=240
transport: canary vendor 'decodo_patchright'
2026-08-05 06:24:59,326 INFO vendor decodo_patchright: 50 prox(y/ies), sticky session re-minted -> session-cap1785925499w8
captured=0 skipped=240 failed=0
pending=5749 shard=7/24 assigned=240
transport: canary vendor 'decodo_patchright'
2026-08-05 06:24:59,329 INFO vendor decodo_patchright: 50 prox(y/ies), sticky session re-minted -> session-cap1785925499w7
captured=0 skipped=240 failed=0
pending=5749 shard=13/24 assigned=239
transport: canary vendor 'decodo_patchright'
2026-08-05 06:24:59,468 INFO vendor decodo_patchright: 50 prox(y/ies), sticky session re-minted -> session-cap1785925499w13
pending=5749 shard=6/24 assigned=240
transport: canary vendor 'decodo_patchright'
pending=5749 shard=3/24 assigned=240
transport: canary vendor 'decodo_patchright'
2026-08-05 06:24:59,443 INFO vendor decodo_patchright: 50 prox(y/ies), sticky session re-minted -> session-cap1785925499w3
2026-08-05 06:24:59,485 INFO vendor decodo_patchright: 50 prox(y/ies), sticky session re-minted -> session-cap1785925499w6
pending=5749 shard=1/24 assigned=240
transport: canary vendor 'decodo_patchright'
2026-08-05 06:24:59,531 INFO vendor decodo_patchright: 50 prox(y/ies), sticky session re-minted -> session-cap1785925499w1
captured=0 skipped=240 failed=0
pending=5749 shard=4/24 assigned=240
transport: canary vendor 'decodo_patchright'
2026-08-05 06:24:59,627 INFO vendor decodo_patchright: 50 prox(y/ies), sticky session re-minted -> session-cap1785925499w4
captured=0 skipped=240 failed=0
pending=5749 shard=15/24 assigned=239
transport: canary vendor 'decodo_patchright'
2026-08-05 06:25:00,010 INFO vendor decodo_patchright: 50 prox(y/ies), sticky session re-minted -> session-cap1785925500w15
captured=0 skipped=239 failed=0
pending=5749 shard=14/24 assigned=239
transport: canary vendor 'decodo_patchright'
2026-08-05 06:25:00,022 INFO vendor decodo_patchright: 50 prox(y/ies), sticky session re-minted -> session-cap1785925500w14
pending=5749 shard=10/24 assigned=240
transport: canary vendor 'decodo_patchright'
2026-08-05 06:25:00,023 INFO vendor decodo_patchright: 50 prox(y/ies), sticky session re-minted -> session-cap1785925500w10
pending=5749 shard=22/24 assigned=239
transport: canary vendor 'decodo_patchright'
2026-08-05 06:25:00,068 INFO vendor decodo_patchright: 50 prox(y/ies), sticky session re-minted -> session-cap1785925500w22
captured=0 skipped=239 failed=0
captured=0 skipped=240 failed=0
captured=0 skipped=239 failed=0
pending=5749 shard=11/24 assigned=240
transport: canary vendor 'decodo_patchright'
EXIT=0
2026-08-05 06:25:00,125 INFO vendor decodo_patchright: 50 prox(y/ies), sticky session re-minted -> session-cap1785925500w11
captured=0 skipped=240 failed=0
pending=5749 shard=12/24 assigned=240
transport: canary vendor 'decodo_patchright'
2026-08-05 06:25:00,171 INFO vendor decodo_patchright: 50 prox(y/ies), sticky session re-minted -> session-cap1785925500w12
EXIT=0
EXIT=0
captured=0 skipped=240 failed=0
EXIT=0
EXIT=0
pending=5749 shard=19/24 assigned=239
transport: canary vendor 'decodo_patchright'
2026-08-05 06:25:00,241 INFO vendor decodo_patchright: 50 prox(y/ies), sticky session re-minted -> session-cap1785925500w19
captured=0 skipped=239 failed=0
pending=5749 shard=21/24 assigned=239
transport: canary vendor 'decodo_patchright'
EXIT=0
2026-08-05 06:25:00,338 INFO vendor decodo_patchright: 50 prox(y/ies), sticky session re-minted -> session-cap1785925500w21
pending=5749 shard=16/24 assigned=239
transport: canary vendor 'decodo_patchright'
2026-08-05 06:25:00,393 INFO vendor decodo_patchright: 50 prox(y/ies), sticky session re-minted -> session-cap1785925500w16
pending=5749 shard=20/24 assigned=239
transport: canary vendor 'decodo_patchright'
2026-08-05 06:25:00,427 INFO vendor decodo_patchright: 50 prox(y/ies), sticky session re-minted -> session-cap1785925500w20
pending=5749 shard=18/24 assigned=239
transport: canary vendor 'decodo_patchright'
pending=5749 shard=23/24 assigned=239
transport: canary vendor 'decodo_patchright'
EXIT=0
2026-08-05 06:25:00,451 INFO vendor decodo_patchright: 50 prox(y/ies), sticky session re-minted -> session-cap1785925500w23
2026-08-05 06:25:00,448 INFO vendor decodo_patchright: 50 prox(y/ies), sticky session re-minted -> session-cap1785925500w18
EXIT=0
EXIT=0
EXIT=0
EXIT=0
EXIT=0
EXIT=0
EXIT=0
EXIT=0
EXIT=0
2026-08-05 06:25:32,804 WARNING challenge not cleared for contest_id=845922 -- bundle not written
captured=0 skipped=239 failed=1
EXIT=0
2026-08-05 06:25:34,722 WARNING challenge not cleared for contest_id=845755 -- bundle not written
2026-08-05 06:25:34,821 WARNING challenge not cleared for contest_id=845911 -- bundle not written
2026-08-05 06:25:35,317 WARNING challenge not cleared for contest_id=859653 -- bundle not written
2026-08-05 06:25:35,317 WARNING challenge not cleared for contest_id=844968 -- bundle not written
captured=0 skipped=238 failed=1
EXIT=0
2026-08-05 06:25:35,772 WARNING challenge not cleared for contest_id=848864 -- bundle not written
captured=0 skipped=238 failed=1
EXIT=0
2026-08-05 06:25:36,990 WARNING challenge not cleared for contest_id=846244 -- bundle not written
2026-08-05 06:25:40,858 WARNING challenge not cleared for contest_id=846570 -- bundle not written
captured=0 skipped=238 failed=1
EXIT=0
2026-08-05 06:26:06,029 WARNING challenge not cleared for contest_id=857944 -- bundle not written
captured=0 skipped=237 failed=2
2026-08-05 06:26:06,414 WARNING challenge not cleared for contest_id=858310 -- bundle not written
EXIT=0
2026-08-05 06:26:09,864 WARNING challenge not cleared for contest_id=859590 -- bundle not written
captured=0 skipped=237 failed=2
EXIT=0
2026-08-05 06:26:37,825 WARNING challenge not cleared for contest_id=859575 -- bundle not written
captured=0 skipped=236 failed=3
EXIT=0
2026-08-05 06:53:28,855 ERROR BAN-SUSPECT: hard-stopping capture at contest_id=848097: NCAA fetch failed after rotating proxies: https://stats.ncaa.org/contests/848097/play_by_play: patchright: bm-verify not passed after 3 attempts (643-byte body)
BAN-SUSPECT: capture halted at contest_id=848097: NCAA fetch failed after rotating proxies: https://stats.ncaa.org/contests/848097/play_by_play: patchright: bm-verify not passed after 3 attempts (643-byte body)
EXIT=1
[06:53:29] capture stopped (rc=1) -- a ban/soft-ban hard-stop or Ctrl-C (see the capture log).
[06:53:29]   This is RESUMABLE: cool down (a ban clears in minutes-hours), then re-run this
[06:53:29]   script -- already-captured contests are skipped.
[06:53:29] === parse captured bundles -> mbb/json/ ===
log -> logs/parse_20260805_065329.log  (watch: tail -f logs/parse_20260805_065329.log)
seasons=all bundles=93348 pending=0 force=False shard=17/24 assigned=0
parsed=0 failed=0
EXIT=0
[06:53:48] DONE: captured_bundles=93348 parsed_json=93348 (capture rc=1)
[06:53:48] capture INCOMPLETE (rc=1) -- re-run this script to continue before building.
EXIT=1
[2026-08-05 06:53:48] season 2011: chunk 5 hard-stopped (rc=1), 192 remaining -- cooling 1800s
[07:23:48] NCAA MBB backfill: season=2011 workers=24
[07:23:48] watch this run:  tail -f /c/Users/saiem/Documents/GitHub-Data/sdv-dev/hoopR-dev/ncaa-mbb-hoops-raw/logs/backfill_2011_20260805_072348.log
[07:23:49] === skip discover (season 2011 already in schedule_master; delete mbb/schedule_master.parquet to force) ===
[07:23:49] === capture 2011: 24 worker(s), chunk=400 new bundles per worker ===
proxy creds loaded from /c/Users/saiem/.Renviron (values hidden)
proxy creds loaded from /c/Users/saiem/.Renviron (values hidden)
proxy creds loaded from /c/Users/saiem/.Renviron (values hidden)
proxy creds loaded from /c/Users/saiem/.Renviron (values hidden)
proxy creds loaded from /c/Users/saiem/.Renviron (values hidden)
proxy creds loaded from /c/Users/saiem/.Renviron (values hidden)
proxy creds loaded from /c/Users/saiem/.Renviron (values hidden)
log -> logs/capture_20260805_072349.log  (watch: tail -f logs/capture_20260805_072349.log)
proxy creds loaded from /c/Users/saiem/.Renviron (values hidden)
log -> logs/capture_20260805_072349.log  (watch: tail -f logs/capture_20260805_072349.log)
log -> logs/capture_20260805_072349.log  (watch: tail -f logs/capture_20260805_072349.log)
log -> logs/capture_20260805_072349.log  (watch: tail -f logs/capture_20260805_072349.log)
log -> logs/capture_20260805_072349.log  (watch: tail -f logs/capture_20260805_072349.log)
proxy creds loaded from /c/Users/saiem/.Renviron (values hidden)
proxy creds loaded from /c/Users/saiem/.Renviron (values hidden)
proxy creds loaded from /c/Users/saiem/.Renviron (values hidden)
proxy creds loaded from /c/Users/saiem/.Renviron (values hidden)
log -> logs/capture_20260805_072349.log  (watch: tail -f logs/capture_20260805_072349.log)
log -> logs/capture_20260805_072349.log  (watch: tail -f logs/capture_20260805_072349.log)
proxy creds loaded from /c/Users/saiem/.Renviron (values hidden)
proxy creds loaded from /c/Users/saiem/.Renviron (values hidden)
proxy creds loaded from /c/Users/saiem/.Renviron (values hidden)
log -> logs/capture_20260805_072349.log  (watch: tail -f logs/capture_20260805_072349.log)
proxy creds loaded from /c/Users/saiem/.Renviron (values hidden)
log -> logs/capture_20260805_072349.log  (watch: tail -f logs/capture_20260805_072349.log)
log -> logs/capture_20260805_072349.log  (watch: tail -f logs/capture_20260805_072349.log)
log -> logs/capture_20260805_072349.log  (watch: tail -f logs/capture_20260805_072349.log)
proxy creds loaded from /c/Users/saiem/.Renviron (values hidden)
log -> logs/capture_20260805_072349.log  (watch: tail -f logs/capture_20260805_072349.log)
log -> logs/capture_20260805_072349.log  (watch: tail -f logs/capture_20260805_072349.log)
proxy creds loaded from /c/Users/saiem/.Renviron (values hidden)
log -> logs/capture_20260805_072349.log  (watch: tail -f logs/capture_20260805_072349.log)
log -> logs/capture_20260805_072349.log  (watch: tail -f logs/capture_20260805_072349.log)
proxy creds loaded from /c/Users/saiem/.Renviron (values hidden)
proxy creds loaded from /c/Users/saiem/.Renviron (values hidden)
proxy creds loaded from /c/Users/saiem/.Renviron (values hidden)
log -> logs/capture_20260805_072349.log  (watch: tail -f logs/capture_20260805_072349.log)
proxy creds loaded from /c/Users/saiem/.Renviron (values hidden)
proxy creds loaded from /c/Users/saiem/.Renviron (values hidden)
proxy creds loaded from /c/Users/saiem/.Renviron (values hidden)
log -> logs/capture_20260805_072349.log  (watch: tail -f logs/capture_20260805_072349.log)
log -> logs/capture_20260805_072349.log  (watch: tail -f logs/capture_20260805_072349.log)
log -> logs/capture_20260805_072349.log  (watch: tail -f logs/capture_20260805_072349.log)
log -> logs/capture_20260805_072349.log  (watch: tail -f logs/capture_20260805_072349.log)
log -> logs/capture_20260805_072349.log  (watch: tail -f logs/capture_20260805_072349.log)
log -> logs/capture_20260805_072349.log  (watch: tail -f logs/capture_20260805_072349.log)
log -> logs/capture_20260805_072349.log  (watch: tail -f logs/capture_20260805_072349.log)
log -> logs/capture_20260805_072349.log  (watch: tail -f logs/capture_20260805_072349.log)
pending=5749 shard=4/24 assigned=240
transport: canary vendor 'decodo_patchright'
2026-08-05 07:23:54,123 INFO vendor decodo_patchright: 50 prox(y/ies), sticky session re-minted -> session-cap1785929034w4
captured=0 skipped=240 failed=0
pending=5749 shard=3/24 assigned=240
transport: canary vendor 'decodo_patchright'
2026-08-05 07:23:54,338 INFO vendor decodo_patchright: 50 prox(y/ies), sticky session re-minted -> session-cap1785929034w3
EXIT=0
pending=5749 shard=0/24 assigned=240
transport: canary vendor 'decodo_patchright'
2026-08-05 07:23:55,425 INFO vendor decodo_patchright: 50 prox(y/ies), sticky session re-minted -> session-cap1785929035w0
captured=0 skipped=240 failed=0
pending=5749 shard=2/24 assigned=240
transport: canary vendor 'decodo_patchright'
2026-08-05 07:23:55,685 INFO vendor decodo_patchright: 50 prox(y/ies), sticky session re-minted -> session-cap1785929035w2
captured=0 skipped=240 failed=0
pending=5749 shard=6/24 assigned=240
transport: canary vendor 'decodo_patchright'
2026-08-05 07:23:55,723 INFO vendor decodo_patchright: 50 prox(y/ies), sticky session re-minted -> session-cap1785929035w6
pending=5749 shard=1/24 assigned=240
transport: canary vendor 'decodo_patchright'
pending=5749 shard=9/24 assigned=240
transport: canary vendor 'decodo_patchright'
2026-08-05 07:23:55,814 INFO vendor decodo_patchright: 50 prox(y/ies), sticky session re-minted -> session-cap1785929035w1
captured=0 skipped=240 failed=0
2026-08-05 07:23:55,889 INFO vendor decodo_patchright: 50 prox(y/ies), sticky session re-minted -> session-cap1785929035w9
captured=0 skipped=240 failed=0
pending=5749 shard=20/24 assigned=239
transport: canary vendor 'decodo_patchright'
pending=5749 shard=22/24 assigned=239
transport: canary vendor 'decodo_patchright'
pending=5749 shard=11/24 assigned=240
transport: canary vendor 'decodo_patchright'
2026-08-05 07:23:56,641 INFO vendor decodo_patchright: 50 prox(y/ies), sticky session re-minted -> session-cap1785929036w11
EXIT=0
pending=5749 shard=14/24 assigned=239
transport: canary vendor 'decodo_patchright'
2026-08-05 07:23:56,652 INFO vendor decodo_patchright: 50 prox(y/ies), sticky session re-minted -> session-cap1785929036w22
pending=5749 shard=5/24 assigned=240
transport: canary vendor 'decodo_patchright'
captured=0 skipped=240 failed=0
captured=0 skipped=239 failed=0
2026-08-05 07:23:56,702 INFO vendor decodo_patchright: 50 prox(y/ies), sticky session re-minted -> session-cap1785929036w5
captured=0 skipped=240 failed=0
2026-08-05 07:23:56,677 INFO vendor decodo_patchright: 50 prox(y/ies), sticky session re-minted -> session-cap1785929036w20
EXIT=0
EXIT=0
EXIT=0
2026-08-05 07:23:56,740 INFO vendor decodo_patchright: 50 prox(y/ies), sticky session re-minted -> session-cap1785929036w14
captured=0 skipped=239 failed=0
pending=5749 shard=23/24 assigned=239
transport: canary vendor 'decodo_patchright'
2026-08-05 07:23:56,820 INFO vendor decodo_patchright: 50 prox(y/ies), sticky session re-minted -> session-cap1785929036w23
pending=5749 shard=18/24 assigned=239
transport: canary vendor 'decodo_patchright'
2026-08-05 07:23:56,838 INFO vendor decodo_patchright: 50 prox(y/ies), sticky session re-minted -> session-cap1785929036w18
pending=5749 shard=15/24 assigned=239
transport: canary vendor 'decodo_patchright'
2026-08-05 07:23:56,925 INFO vendor decodo_patchright: 50 prox(y/ies), sticky session re-minted -> session-cap1785929036w15
captured=0 skipped=239 failed=0
pending=5749 shard=21/24 assigned=239
transport: canary vendor 'decodo_patchright'
2026-08-05 07:23:56,945 INFO vendor decodo_patchright: 50 prox(y/ies), sticky session re-minted -> session-cap1785929036w21
pending=5749 shard=8/24 assigned=240
transport: canary vendor 'decodo_patchright'
2026-08-05 07:23:56,958 INFO vendor decodo_patchright: 50 prox(y/ies), sticky session re-minted -> session-cap1785929036w8
captured=0 skipped=240 failed=0
pending=5749 shard=10/24 assigned=240
transport: canary vendor 'decodo_patchright'
pending=5749 shard=17/24 assigned=239
transport: canary vendor 'decodo_patchright'
2026-08-05 07:23:57,037 INFO vendor decodo_patchright: 50 prox(y/ies), sticky session re-minted -> session-cap1785929037w10
captured=0 skipped=240 failed=0
2026-08-05 07:23:57,043 INFO vendor decodo_patchright: 50 prox(y/ies), sticky session re-minted -> session-cap1785929037w17
captured=0 skipped=239 failed=0
pending=5749 shard=16/24 assigned=239
transport: canary vendor 'decodo_patchright'
pending=5749 shard=7/24 assigned=240
transport: canary vendor 'decodo_patchright'
2026-08-05 07:23:57,277 INFO vendor decodo_patchright: 50 prox(y/ies), sticky session re-minted -> session-cap1785929037w7
2026-08-05 07:23:57,312 INFO vendor decodo_patchright: 50 prox(y/ies), sticky session re-minted -> session-cap1785929037w16
captured=0 skipped=240 failed=0
pending=5749 shard=12/24 assigned=240
transport: canary vendor 'decodo_patchright'
2026-08-05 07:23:57,328 INFO vendor decodo_patchright: 50 prox(y/ies), sticky session re-minted -> session-cap1785929037w12
captured=0 skipped=240 failed=0
pending=5749 shard=19/24 assigned=239
transport: canary vendor 'decodo_patchright'
2026-08-05 07:23:57,365 INFO vendor decodo_patchright: 50 prox(y/ies), sticky session re-minted -> session-cap1785929037w19
captured=0 skipped=239 failed=0
EXIT=0
pending=5749 shard=13/24 assigned=239
transport: canary vendor 'decodo_patchright'
EXIT=0
2026-08-05 07:23:57,451 INFO vendor decodo_patchright: 50 prox(y/ies), sticky session re-minted -> session-cap1785929037w13
EXIT=0
EXIT=0
EXIT=0
EXIT=0
EXIT=0
EXIT=0
EXIT=0
EXIT=0
EXIT=0
2026-08-05 07:24:27,966 WARNING challenge not cleared for contest_id=845911 -- bundle not written
2026-08-05 07:24:31,446 WARNING challenge not cleared for contest_id=848864 -- bundle not written
captured=0 skipped=238 failed=1
2026-08-05 07:24:31,829 WARNING challenge not cleared for contest_id=846244 -- bundle not written
EXIT=0
2026-08-05 07:24:32,567 WARNING challenge not cleared for contest_id=844968 -- bundle not written
2026-08-05 07:24:33,609 WARNING challenge not cleared for contest_id=845755 -- bundle not written
2026-08-05 07:24:33,646 WARNING challenge not cleared for contest_id=845922 -- bundle not written
captured=0 skipped=239 failed=1
EXIT=0
2026-08-05 07:24:34,702 WARNING challenge not cleared for contest_id=846570 -- bundle not written
captured=0 skipped=238 failed=1
EXIT=0
2026-08-05 07:24:36,196 WARNING challenge not cleared for contest_id=859653 -- bundle not written
captured=0 skipped=238 failed=1
EXIT=0
2026-08-05 07:25:03,318 WARNING challenge not cleared for contest_id=859590 -- bundle not written
captured=0 skipped=237 failed=2
EXIT=0
2026-08-05 07:25:04,075 WARNING challenge not cleared for contest_id=858310 -- bundle not written
2026-08-05 07:25:05,407 WARNING challenge not cleared for contest_id=857944 -- bundle not written
captured=0 skipped=237 failed=2
EXIT=0
2026-08-05 07:25:36,367 WARNING challenge not cleared for contest_id=859575 -- bundle not written
captured=0 skipped=236 failed=3
EXIT=0
2026-08-05 07:52:35,532 ERROR BAN-SUSPECT: hard-stopping capture at contest_id=848097: NCAA fetch failed after rotating proxies: https://stats.ncaa.org/contests/848097/play_by_play: patchright: bm-verify not passed after 3 attempts (643-byte body)
BAN-SUSPECT: capture halted at contest_id=848097: NCAA fetch failed after rotating proxies: https://stats.ncaa.org/contests/848097/play_by_play: patchright: bm-verify not passed after 3 attempts (643-byte body)
EXIT=1
[07:52:35] capture stopped (rc=1) -- a ban/soft-ban hard-stop or Ctrl-C (see the capture log).
[07:52:35]   This is RESUMABLE: cool down (a ban clears in minutes-hours), then re-run this
[07:52:35]   script -- already-captured contests are skipped.
[07:52:35] === parse captured bundles -> mbb/json/ ===
log -> logs/parse_20260805_075235.log  (watch: tail -f logs/parse_20260805_075235.log)
seasons=all bundles=93348 pending=0 force=False shard=19/24 assigned=0
parsed=0 failed=0
EXIT=0
[07:52:51] DONE: captured_bundles=93348 parsed_json=93348 (capture rc=1)
[07:52:51] capture INCOMPLETE (rc=1) -- re-run this script to continue before building.
EXIT=1
[2026-08-05 07:52:52] season 2011: chunk 6 hard-stopped (rc=1), 192 remaining -- cooling 1800s
[08:22:52] NCAA MBB backfill: season=2011 workers=24
[08:22:52] watch this run:  tail -f /c/Users/saiem/Documents/GitHub-Data/sdv-dev/hoopR-dev/ncaa-mbb-hoops-raw/logs/backfill_2011_20260805_082252.log
[08:22:52] === skip discover (season 2011 already in schedule_master; delete mbb/schedule_master.parquet to force) ===
[08:22:52] === capture 2011: 24 worker(s), chunk=400 new bundles per worker ===
proxy creds loaded from /c/Users/saiem/.Renviron (values hidden)
proxy creds loaded from /c/Users/saiem/.Renviron (values hidden)
proxy creds loaded from /c/Users/saiem/.Renviron (values hidden)
proxy creds loaded from /c/Users/saiem/.Renviron (values hidden)
proxy creds loaded from /c/Users/saiem/.Renviron (values hidden)
proxy creds loaded from /c/Users/saiem/.Renviron (values hidden)
proxy creds loaded from /c/Users/saiem/.Renviron (values hidden)
proxy creds loaded from /c/Users/saiem/.Renviron (values hidden)
log -> logs/capture_20260805_082253.log  (watch: tail -f logs/capture_20260805_082253.log)
proxy creds loaded from /c/Users/saiem/.Renviron (values hidden)
log -> logs/capture_20260805_082253.log  (watch: tail -f logs/capture_20260805_082253.log)
log -> logs/capture_20260805_082253.log  (watch: tail -f logs/capture_20260805_082253.log)
log -> logs/capture_20260805_082253.log  (watch: tail -f logs/capture_20260805_082253.log)
log -> logs/capture_20260805_082253.log  (watch: tail -f logs/capture_20260805_082253.log)
log -> logs/capture_20260805_082253.log  (watch: tail -f logs/capture_20260805_082253.log)
proxy creds loaded from /c/Users/saiem/.Renviron (values hidden)
proxy creds loaded from /c/Users/saiem/.Renviron (values hidden)
log -> logs/capture_20260805_082253.log  (watch: tail -f logs/capture_20260805_082253.log)
log -> logs/capture_20260805_082253.log  (watch: tail -f logs/capture_20260805_082253.log)
log -> logs/capture_20260805_082253.log  (watch: tail -f logs/capture_20260805_082253.log)
proxy creds loaded from /c/Users/saiem/.Renviron (values hidden)
proxy creds loaded from /c/Users/saiem/.Renviron (values hidden)
proxy creds loaded from /c/Users/saiem/.Renviron (values hidden)
proxy creds loaded from /c/Users/saiem/.Renviron (values hidden)
log -> logs/capture_20260805_082253.log  (watch: tail -f logs/capture_20260805_082253.log)
log -> logs/capture_20260805_082253.log  (watch: tail -f logs/capture_20260805_082253.log)
proxy creds loaded from /c/Users/saiem/.Renviron (values hidden)
proxy creds loaded from /c/Users/saiem/.Renviron (values hidden)
proxy creds loaded from /c/Users/saiem/.Renviron (values hidden)
log -> logs/capture_20260805_082253.log  (watch: tail -f logs/capture_20260805_082253.log)
log -> logs/capture_20260805_082253.log  (watch: tail -f logs/capture_20260805_082253.log)
log -> logs/capture_20260805_082253.log  (watch: tail -f logs/capture_20260805_082253.log)
log -> logs/capture_20260805_082253.log  (watch: tail -f logs/capture_20260805_082253.log)
proxy creds loaded from /c/Users/saiem/.Renviron (values hidden)
proxy creds loaded from /c/Users/saiem/.Renviron (values hidden)
proxy creds loaded from /c/Users/saiem/.Renviron (values hidden)
log -> logs/capture_20260805_082253.log  (watch: tail -f logs/capture_20260805_082253.log)
log -> logs/capture_20260805_082253.log  (watch: tail -f logs/capture_20260805_082253.log)
proxy creds loaded from /c/Users/saiem/.Renviron (values hidden)
log -> logs/capture_20260805_082253.log  (watch: tail -f logs/capture_20260805_082253.log)
proxy creds loaded from /c/Users/saiem/.Renviron (values hidden)
log -> logs/capture_20260805_082253.log  (watch: tail -f logs/capture_20260805_082253.log)
log -> logs/capture_20260805_082253.log  (watch: tail -f logs/capture_20260805_082253.log)
log -> logs/capture_20260805_082253.log  (watch: tail -f logs/capture_20260805_082253.log)
proxy creds loaded from /c/Users/saiem/.Renviron (values hidden)
log -> logs/capture_20260805_082253.log  (watch: tail -f logs/capture_20260805_082253.log)
log -> logs/capture_20260805_082253.log  (watch: tail -f logs/capture_20260805_082253.log)
log -> logs/capture_20260805_082253.log  (watch: tail -f logs/capture_20260805_082253.log)
pending=5749 shard=8/24 assigned=240
transport: canary vendor 'decodo_patchright'
2026-08-05 08:22:57,941 INFO vendor decodo_patchright: 50 prox(y/ies), sticky session re-minted -> session-cap1785932577w8
captured=0 skipped=240 failed=0
pending=5749 shard=14/24 assigned=239
transport: canary vendor 'decodo_patchright'
2026-08-05 08:22:58,168 INFO vendor decodo_patchright: 50 prox(y/ies), sticky session re-minted -> session-cap1785932578w14
captured=0 skipped=239 failed=0
pending=5749 shard=2/24 assigned=240
transport: canary vendor 'decodo_patchright'
2026-08-05 08:22:58,217 INFO vendor decodo_patchright: 50 prox(y/ies), sticky session re-minted -> session-cap1785932578w2
captured=0 skipped=240 failed=0
pending=5749 shard=9/24 assigned=240
transport: canary vendor 'decodo_patchright'
2026-08-05 08:22:58,390 INFO vendor decodo_patchright: 50 prox(y/ies), sticky session re-minted -> session-cap1785932578w9
captured=0 skipped=240 failed=0
pending=5749 shard=0/24 assigned=240
transport: canary vendor 'decodo_patchright'
2026-08-05 08:22:58,666 INFO vendor decodo_patchright: 50 prox(y/ies), sticky session re-minted -> session-cap1785932578w0
captured=0 skipped=240 failed=0
pending=5749 shard=7/24 assigned=240
transport: canary vendor 'decodo_patchright'
2026-08-05 08:22:59,015 INFO vendor decodo_patchright: 50 prox(y/ies), sticky session re-minted -> session-cap1785932579w7
captured=0 skipped=240 failed=0
pending=5749 shard=5/24 assigned=240
transport: canary vendor 'decodo_patchright'
2026-08-05 08:22:59,316 INFO vendor decodo_patchright: 50 prox(y/ies), sticky session re-minted -> session-cap1785932579w5
pending=5749 shard=6/24 assigned=240
transport: canary vendor 'decodo_patchright'
2026-08-05 08:22:59,314 INFO vendor decodo_patchright: 50 prox(y/ies), sticky session re-minted -> session-cap1785932579w6
pending=5749 shard=4/24 assigned=240
transport: canary vendor 'decodo_patchright'
2026-08-05 08:22:59,314 INFO vendor decodo_patchright: 50 prox(y/ies), sticky session re-minted -> session-cap1785932579w4
captured=0 skipped=240 failed=0
captured=0 skipped=240 failed=0
pending=5749 shard=3/24 assigned=240
transport: canary vendor 'decodo_patchright'
2026-08-05 08:22:59,437 INFO vendor decodo_patchright: 50 prox(y/ies), sticky session re-minted -> session-cap1785932579w3
EXIT=0
EXIT=0
EXIT=0
EXIT=0
EXIT=0
EXIT=0
EXIT=0
EXIT=0
pending=5749 shard=10/24 assigned=240
transport: canary vendor 'decodo_patchright'
2026-08-05 08:23:00,377 INFO vendor decodo_patchright: 50 prox(y/ies), sticky session re-minted -> session-cap1785932580w10
captured=0 skipped=240 failed=0
pending=5749 shard=13/24 assigned=239
transport: canary vendor 'decodo_patchright'
2026-08-05 08:23:00,384 INFO vendor decodo_patchright: 50 prox(y/ies), sticky session re-minted -> session-cap1785932580w13
pending=5749 shard=1/24 assigned=240
transport: canary vendor 'decodo_patchright'
2026-08-05 08:23:00,389 INFO vendor decodo_patchright: 50 prox(y/ies), sticky session re-minted -> session-cap1785932580w1
captured=0 skipped=240 failed=0
pending=5749 shard=17/24 assigned=239
transport: canary vendor 'decodo_patchright'
pending=5749 shard=15/24 assigned=239
transport: canary vendor 'decodo_patchright'
2026-08-05 08:23:00,685 INFO vendor decodo_patchright: 50 prox(y/ies), sticky session re-minted -> session-cap1785932580w15
2026-08-05 08:23:00,676 INFO vendor decodo_patchright: 50 prox(y/ies), sticky session re-minted -> session-cap1785932580w17
captured=0 skipped=239 failed=0
captured=0 skipped=239 failed=0
pending=5749 shard=11/24 assigned=240
transport: canary vendor 'decodo_patchright'
2026-08-05 08:23:00,770 INFO vendor decodo_patchright: 50 prox(y/ies), sticky session re-minted -> session-cap1785932580w11
captured=0 skipped=240 failed=0
pending=5749 shard=12/24 assigned=240
transport: canary vendor 'decodo_patchright'
2026-08-05 08:23:00,868 INFO vendor decodo_patchright: 50 prox(y/ies), sticky session re-minted -> session-cap1785932580w12
pending=5749 shard=18/24 assigned=239
transport: canary vendor 'decodo_patchright'
captured=0 skipped=240 failed=0
pending=5749 shard=22/24 assigned=239
transport: canary vendor 'decodo_patchright'
pending=5749 shard=19/24 assigned=239
transport: canary vendor 'decodo_patchright'
pending=5749 shard=20/24 assigned=239
transport: canary vendor 'decodo_patchright'
2026-08-05 08:23:01,059 INFO vendor decodo_patchright: 50 prox(y/ies), sticky session re-minted -> session-cap1785932581w19
2026-08-05 08:23:01,055 INFO vendor decodo_patchright: 50 prox(y/ies), sticky session re-minted -> session-cap1785932581w18
2026-08-05 08:23:01,060 INFO vendor decodo_patchright: 50 prox(y/ies), sticky session re-minted -> session-cap1785932581w22
captured=0 skipped=239 failed=0
pending=5749 shard=23/24 assigned=239
transport: canary vendor 'decodo_patchright'
2026-08-05 08:23:01,085 INFO vendor decodo_patchright: 50 prox(y/ies), sticky session re-minted -> session-cap1785932581w23
captured=0 skipped=239 failed=0
2026-08-05 08:23:01,076 INFO vendor decodo_patchright: 50 prox(y/ies), sticky session re-minted -> session-cap1785932581w20
EXIT=0
pending=5749 shard=16/24 assigned=239
transport: canary vendor 'decodo_patchright'
pending=5749 shard=21/24 assigned=239
transport: canary vendor 'decodo_patchright'
2026-08-05 08:23:01,150 INFO vendor decodo_patchright: 50 prox(y/ies), sticky session re-minted -> session-cap1785932581w16
2026-08-05 08:23:01,163 INFO vendor decodo_patchright: 50 prox(y/ies), sticky session re-minted -> session-cap1785932581w21
EXIT=0
EXIT=0
EXIT=0
EXIT=0
EXIT=0
EXIT=0
EXIT=0
2026-08-05 08:23:33,136 WARNING challenge not cleared for contest_id=845911 -- bundle not written
2026-08-05 08:23:35,243 WARNING challenge not cleared for contest_id=844968 -- bundle not written
2026-08-05 08:23:36,181 WARNING challenge not cleared for contest_id=848864 -- bundle not written
captured=0 skipped=238 failed=1
2026-08-05 08:23:36,342 WARNING challenge not cleared for contest_id=846570 -- bundle not written
captured=0 skipped=238 failed=1
EXIT=0
EXIT=0
2026-08-05 08:23:36,939 WARNING challenge not cleared for contest_id=859653 -- bundle not written
captured=0 skipped=238 failed=1
2026-08-05 08:23:37,210 WARNING challenge not cleared for contest_id=845755 -- bundle not written
EXIT=0
2026-08-05 08:23:39,212 WARNING challenge not cleared for contest_id=846244 -- bundle not written
2026-08-05 08:23:48,206 WARNING challenge not cleared for contest_id=845922 -- bundle not written
captured=0 skipped=239 failed=1
EXIT=0
2026-08-05 08:24:06,469 WARNING challenge not cleared for contest_id=858310 -- bundle not written
2026-08-05 08:24:08,764 WARNING challenge not cleared for contest_id=857944 -- bundle not written
captured=0 skipped=237 failed=2
EXIT=0
2026-08-05 08:24:11,615 WARNING challenge not cleared for contest_id=859590 -- bundle not written
captured=0 skipped=237 failed=2
EXIT=0
2026-08-05 08:24:38,075 WARNING challenge not cleared for contest_id=859575 -- bundle not written
captured=0 skipped=236 failed=3
EXIT=0
2026-08-05 08:51:21,546 ERROR BAN-SUSPECT: hard-stopping capture at contest_id=848097: NCAA fetch failed after rotating proxies: https://stats.ncaa.org/contests/848097/play_by_play: patchright: bm-verify not passed after 3 attempts (643-byte body)
BAN-SUSPECT: capture halted at contest_id=848097: NCAA fetch failed after rotating proxies: https://stats.ncaa.org/contests/848097/play_by_play: patchright: bm-verify not passed after 3 attempts (643-byte body)
EXIT=1
[08:51:21] capture stopped (rc=1) -- a ban/soft-ban hard-stop or Ctrl-C (see the capture log).
[08:51:21]   This is RESUMABLE: cool down (a ban clears in minutes-hours), then re-run this
[08:51:21]   script -- already-captured contests are skipped.
[08:51:21] === parse captured bundles -> mbb/json/ ===
log -> logs/parse_20260805_085122.log  (watch: tail -f logs/parse_20260805_085122.log)
seasons=all bundles=93348 pending=0 force=False shard=4/24 assigned=0
parsed=0 failed=0

EXIT=0
[08:51:39] DONE: captured_bundles=93348 parsed_json=93348 (capture rc=1)
[08:51:39] capture INCOMPLETE (rc=1) -- re-run this script to continue before building.
EXIT=1
[2026-08-05 08:51:39] season 2011: chunk 7 hard-stopped (rc=1), 192 remaining -- cooling 1800s
[09:21:40] NCAA MBB backfill: season=2011 workers=24
[09:21:40] watch this run:  tail -f /c/Users/saiem/Documents/GitHub-Data/sdv-dev/hoopR-dev/ncaa-mbb-hoops-raw/logs/backfill_2011_20260805_092140.log
[09:21:40] === skip discover (season 2011 already in schedule_master; delete mbb/schedule_master.parquet to force) ===
[09:21:40] === capture 2011: 24 worker(s), chunk=400 new bundles per worker ===
proxy creds loaded from /c/Users/saiem/.Renviron (values hidden)
proxy creds loaded from /c/Users/saiem/.Renviron (values hidden)
proxy creds loaded from /c/Users/saiem/.Renviron (values hidden)
proxy creds loaded from /c/Users/saiem/.Renviron (values hidden)
proxy creds loaded from /c/Users/saiem/.Renviron (values hidden)
log -> logs/capture_20260805_092141.log  (watch: tail -f logs/capture_20260805_092141.log)
log -> logs/capture_20260805_092141.log  (watch: tail -f logs/capture_20260805_092141.log)
proxy creds loaded from /c/Users/saiem/.Renviron (values hidden)
proxy creds loaded from /c/Users/saiem/.Renviron (values hidden)
proxy creds loaded from /c/Users/saiem/.Renviron (values hidden)
log -> logs/capture_20260805_092141.log  (watch: tail -f logs/capture_20260805_092141.log)
proxy creds loaded from /c/Users/saiem/.Renviron (values hidden)
proxy creds loaded from /c/Users/saiem/.Renviron (values hidden)
proxy creds loaded from /c/Users/saiem/.Renviron (values hidden)
log -> logs/capture_20260805_092141.log  (watch: tail -f logs/capture_20260805_092141.log)
log -> logs/capture_20260805_092141.log  (watch: tail -f logs/capture_20260805_092141.log)
proxy creds loaded from /c/Users/saiem/.Renviron (values hidden)
proxy creds loaded from /c/Users/saiem/.Renviron (values hidden)
proxy creds loaded from /c/Users/saiem/.Renviron (values hidden)
log -> logs/capture_20260805_092141.log  (watch: tail -f logs/capture_20260805_092141.log)
log -> logs/capture_20260805_092141.log  (watch: tail -f logs/capture_20260805_092141.log)
log -> logs/capture_20260805_092141.log  (watch: tail -f logs/capture_20260805_092141.log)
log -> logs/capture_20260805_092141.log  (watch: tail -f logs/capture_20260805_092141.log)
log -> logs/capture_20260805_092141.log  (watch: tail -f logs/capture_20260805_092141.log)
log -> logs/capture_20260805_092141.log  (watch: tail -f logs/capture_20260805_092141.log)
proxy creds loaded from /c/Users/saiem/.Renviron (values hidden)
proxy creds loaded from /c/Users/saiem/.Renviron (values hidden)
log -> logs/capture_20260805_092141.log  (watch: tail -f logs/capture_20260805_092141.log)
log -> logs/capture_20260805_092141.log  (watch: tail -f logs/capture_20260805_092141.log)
proxy creds loaded from /c/Users/saiem/.Renviron (values hidden)
proxy creds loaded from /c/Users/saiem/.Renviron (values hidden)
proxy creds loaded from /c/Users/saiem/.Renviron (values hidden)
log -> logs/capture_20260805_092141.log  (watch: tail -f logs/capture_20260805_092141.log)
proxy creds loaded from /c/Users/saiem/.Renviron (values hidden)
proxy creds loaded from /c/Users/saiem/.Renviron (values hidden)
proxy creds loaded from /c/Users/saiem/.Renviron (values hidden)
log -> logs/capture_20260805_092141.log  (watch: tail -f logs/capture_20260805_092141.log)
log -> logs/capture_20260805_092141.log  (watch: tail -f logs/capture_20260805_092141.log)
log -> logs/capture_20260805_092141.log  (watch: tail -f logs/capture_20260805_092141.log)
proxy creds loaded from /c/Users/saiem/.Renviron (values hidden)
log -> logs/capture_20260805_092141.log  (watch: tail -f logs/capture_20260805_092141.log)
log -> logs/capture_20260805_092141.log  (watch: tail -f logs/capture_20260805_092141.log)
proxy creds loaded from /c/Users/saiem/.Renviron (values hidden)
log -> logs/capture_20260805_092141.log  (watch: tail -f logs/capture_20260805_092141.log)
log -> logs/capture_20260805_092141.log  (watch: tail -f logs/capture_20260805_092141.log)
log -> logs/capture_20260805_092141.log  (watch: tail -f logs/capture_20260805_092141.log)
log -> logs/capture_20260805_092141.log  (watch: tail -f logs/capture_20260805_092141.log)
log -> logs/capture_20260805_092141.log  (watch: tail -f logs/capture_20260805_092141.log)
pending=5749 shard=1/24 assigned=240
transport: canary vendor 'decodo_patchright'
2026-08-05 09:21:45,303 INFO vendor decodo_patchright: 50 prox(y/ies), sticky session re-minted -> session-cap1785936105w1
captured=0 skipped=240 failed=0
pending=5749 shard=6/24 assigned=240
transport: canary vendor 'decodo_patchright'
2026-08-05 09:21:45,392 INFO vendor decodo_patchright: 50 prox(y/ies), sticky session re-minted -> session-cap1785936105w6
pending=5749 shard=2/24 assigned=240
transport: canary vendor 'decodo_patchright'
2026-08-05 09:21:45,517 INFO vendor decodo_patchright: 50 prox(y/ies), sticky session re-minted -> session-cap1785936105w2
captured=0 skipped=240 failed=0
pending=5749 shard=4/24 assigned=240
transport: canary vendor 'decodo_patchright'
2026-08-05 09:21:46,434 INFO vendor decodo_patchright: 50 prox(y/ies), sticky session re-minted -> session-cap1785936106w4
captured=0 skipped=240 failed=0
pending=5749 shard=5/24 assigned=240
transport: canary vendor 'decodo_patchright'
2026-08-05 09:21:46,466 INFO vendor decodo_patchright: 50 prox(y/ies), sticky session re-minted -> session-cap1785936106w5
captured=0 skipped=240 failed=0
EXIT=0
pending=5749 shard=9/24 assigned=240
transport: canary vendor 'decodo_patchright'
2026-08-05 09:21:46,770 INFO vendor decodo_patchright: 50 prox(y/ies), sticky session re-minted -> session-cap1785936106w9
pending=5749 shard=10/24 assigned=240
transport: canary vendor 'decodo_patchright'
2026-08-05 09:21:46,795 INFO vendor decodo_patchright: 50 prox(y/ies), sticky session re-minted -> session-cap1785936106w10
captured=0 skipped=240 failed=0
captured=0 skipped=240 failed=0
pending=5749 shard=16/24 assigned=239
transport: canary vendor 'decodo_patchright'
2026-08-05 09:21:46,833 INFO vendor decodo_patchright: 50 prox(y/ies), sticky session re-minted -> session-cap1785936106w16
EXIT=0
EXIT=0
pending=5749 shard=8/24 assigned=240
transport: canary vendor 'decodo_patchright'
2026-08-05 09:21:47,668 INFO vendor decodo_patchright: 50 prox(y/ies), sticky session re-minted -> session-cap1785936107w8
captured=0 skipped=240 failed=0
EXIT=0
EXIT=0
EXIT=0
pending=5749 shard=3/24 assigned=240
transport: canary vendor 'decodo_patchright'
pending=5749 shard=13/24 assigned=239
transport: canary vendor 'decodo_patchright'
2026-08-05 09:21:47,825 INFO vendor decodo_patchright: 50 prox(y/ies), sticky session re-minted -> session-cap1785936107w13
2026-08-05 09:21:47,824 INFO vendor decodo_patchright: 50 prox(y/ies), sticky session re-minted -> session-cap1785936107w3
pending=5749 shard=14/24 assigned=239
transport: canary vendor 'decodo_patchright'
2026-08-05 09:21:47,872 INFO vendor decodo_patchright: 50 prox(y/ies), sticky session re-minted -> session-cap1785936107w14
captured=0 skipped=239 failed=0
pending=5749 shard=18/24 assigned=239
transport: canary vendor 'decodo_patchright'
2026-08-05 09:21:47,922 INFO vendor decodo_patchright: 50 prox(y/ies), sticky session re-minted -> session-cap1785936107w18
pending=5749 shard=7/24 assigned=240
transport: canary vendor 'decodo_patchright'
pending=5749 shard=17/24 assigned=239
transport: canary vendor 'decodo_patchright'
2026-08-05 09:21:47,991 INFO vendor decodo_patchright: 50 prox(y/ies), sticky session re-minted -> session-cap1785936107w7
2026-08-05 09:21:48,004 INFO vendor decodo_patchright: 50 prox(y/ies), sticky session re-minted -> session-cap1785936108w17
captured=0 skipped=240 failed=0
captured=0 skipped=239 failed=0
pending=5749 shard=15/24 assigned=239
transport: canary vendor 'decodo_patchright'
pending=5749 shard=0/24 assigned=240
transport: canary vendor 'decodo_patchright'
pending=5749 shard=11/24 assigned=240
transport: canary vendor 'decodo_patchright'
2026-08-05 09:21:48,068 INFO vendor decodo_patchright: 50 prox(y/ies), sticky session re-minted -> session-cap1785936108w15
2026-08-05 09:21:48,061 INFO vendor decodo_patchright: 50 prox(y/ies), sticky session re-minted -> session-cap1785936108w0
2026-08-05 09:21:48,067 INFO vendor decodo_patchright: 50 prox(y/ies), sticky session re-minted -> session-cap1785936108w11
captured=0 skipped=240 failed=0
captured=0 skipped=240 failed=0
captured=0 skipped=239 failed=0
pending=5749 shard=21/24 assigned=239
transport: canary vendor 'decodo_patchright'
pending=5749 shard=20/24 assigned=239
transport: canary vendor 'decodo_patchright'
2026-08-05 09:21:48,144 INFO vendor decodo_patchright: 50 prox(y/ies), sticky session re-minted -> session-cap1785936108w20
2026-08-05 09:21:48,142 INFO vendor decodo_patchright: 50 prox(y/ies), sticky session re-minted -> session-cap1785936108w21
pending=5749 shard=23/24 assigned=239
transport: canary vendor 'decodo_patchright'
2026-08-05 09:21:48,217 INFO vendor decodo_patchright: 50 prox(y/ies), sticky session re-minted -> session-cap1785936108w23
pending=5749 shard=12/24 assigned=240
transport: canary vendor 'decodo_patchright'
pending=5749 shard=19/24 assigned=239
transport: canary vendor 'decodo_patchright'
2026-08-05 09:21:48,239 INFO vendor decodo_patchright: 50 prox(y/ies), sticky session re-minted -> session-cap1785936108w12
2026-08-05 09:21:48,254 INFO vendor decodo_patchright: 50 prox(y/ies), sticky session re-minted -> session-cap1785936108w19
captured=0 skipped=240 failed=0
captured=0 skipped=239 failed=0
pending=5749 shard=22/24 assigned=239
transport: canary vendor 'decodo_patchright'
2026-08-05 09:21:48,355 INFO vendor decodo_patchright: 50 prox(y/ies), sticky session re-minted -> session-cap1785936108w22
captured=0 skipped=239 failed=0
EXIT=0
EXIT=0
EXIT=0
EXIT=0
EXIT=0
EXIT=0
EXIT=0
EXIT=0
EXIT=0
EXIT=0
2026-08-05 09:22:22,242 WARNING challenge not cleared for contest_id=845922 -- bundle not written
captured=0 skipped=239 failed=1
EXIT=0
2026-08-05 09:22:23,318 WARNING challenge not cleared for contest_id=844968 -- bundle not written
2026-08-05 09:22:24,927 WARNING challenge not cleared for contest_id=859653 -- bundle not written
captured=0 skipped=238 failed=1
2026-08-05 09:22:25,147 WARNING challenge not cleared for contest_id=846244 -- bundle not written
EXIT=0
2026-08-05 09:22:26,053 WARNING challenge not cleared for contest_id=848864 -- bundle not written
captured=0 skipped=238 failed=1
2026-08-05 09:22:26,296 WARNING challenge not cleared for contest_id=845911 -- bundle not written
EXIT=0
2026-08-05 09:22:30,976 WARNING challenge not cleared for contest_id=845755 -- bundle not written
2026-08-05 09:22:36,181 WARNING challenge not cleared for contest_id=846570 -- bundle not written
captured=0 skipped=238 failed=1
EXIT=0
2026-08-05 09:22:55,491 WARNING challenge not cleared for contest_id=858310 -- bundle not written
2026-08-05 09:22:56,781 WARNING challenge not cleared for contest_id=859590 -- bundle not written
captured=0 skipped=237 failed=2
EXIT=0
2026-08-05 09:23:26,782 WARNING challenge not cleared for contest_id=859575 -- bundle not written
captured=0 skipped=236 failed=3
EXIT=0
2026-08-05 09:24:27,011 WARNING challenge not cleared for contest_id=857944 -- bundle not written
captured=0 skipped=237 failed=2
EXIT=0
2026-08-05 09:50:12,432 ERROR BAN-SUSPECT: hard-stopping capture at contest_id=848097: NCAA fetch failed after rotating proxies: https://stats.ncaa.org/contests/848097/play_by_play: patchright: bm-verify not passed after 3 attempts (643-byte body)
BAN-SUSPECT: capture halted at contest_id=848097: NCAA fetch failed after rotating proxies: https://stats.ncaa.org/contests/848097/play_by_play: patchright: bm-verify not passed after 3 attempts (643-byte body)
EXIT=1
[09:50:12] capture stopped (rc=1) -- a ban/soft-ban hard-stop or Ctrl-C (see the capture log).
[09:50:12]   This is RESUMABLE: cool down (a ban clears in minutes-hours), then re-run this
[09:50:12]   script -- already-captured contests are skipped.
[09:50:12] === parse captured bundles -> mbb/json/ ===
log -> logs/parse_20260805_095012.log  (watch: tail -f logs/parse_20260805_095012.log)
seasons=all bundles=93348 pending=0 force=False shard=20/24 assigned=0
parsed=0 failed=0
EXIT=0
[09:50:28] DONE: captured_bundles=93348 parsed_json=93348 (capture rc=1)
[09:50:28] capture INCOMPLETE (rc=1) -- re-run this script to continue before building.
EXIT=1
[2026-08-05 09:50:29] season 2011: chunk 8 hard-stopped (rc=1), 192 remaining -- cooling 1800s
[10:20:29] NCAA MBB backfill: season=2011 workers=24
[10:20:29] watch this run:  tail -f /c/Users/saiem/Documents/GitHub-Data/sdv-dev/hoopR-dev/ncaa-mbb-hoops-raw/logs/backfill_2011_20260805_102029.log
[10:20:29] === skip discover (season 2011 already in schedule_master; delete mbb/schedule_master.parquet to force) ===
[10:20:29] === capture 2011: 24 worker(s), chunk=400 new bundles per worker ===
proxy creds loaded from /c/Users/saiem/.Renviron (values hidden)
proxy creds loaded from /c/Users/saiem/.Renviron (values hidden)
proxy creds loaded from /c/Users/saiem/.Renviron (values hidden)
proxy creds loaded from /c/Users/saiem/.Renviron (values hidden)
proxy creds loaded from /c/Users/saiem/.Renviron (values hidden)
proxy creds loaded from /c/Users/saiem/.Renviron (values hidden)
proxy creds loaded from /c/Users/saiem/.Renviron (values hidden)
proxy creds loaded from /c/Users/saiem/.Renviron (values hidden)
proxy creds loaded from /c/Users/saiem/.Renviron (values hidden)
log -> logs/capture_20260805_102030.log  (watch: tail -f logs/capture_20260805_102030.log)
log -> logs/capture_20260805_102030.log  (watch: tail -f logs/capture_20260805_102030.log)
proxy creds loaded from /c/Users/saiem/.Renviron (values hidden)
log -> logs/capture_20260805_102030.log  (watch: tail -f logs/capture_20260805_102030.log)
log -> logs/capture_20260805_102030.log  (watch: tail -f logs/capture_20260805_102030.log)
log -> logs/capture_20260805_102030.log  (watch: tail -f logs/capture_20260805_102030.log)
log -> logs/capture_20260805_102030.log  (watch: tail -f logs/capture_20260805_102030.log)
log -> logs/capture_20260805_102030.log  (watch: tail -f logs/capture_20260805_102030.log)
proxy creds loaded from /c/Users/saiem/.Renviron (values hidden)
proxy creds loaded from /c/Users/saiem/.Renviron (values hidden)
proxy creds loaded from /c/Users/saiem/.Renviron (values hidden)
log -> logs/capture_20260805_102030.log  (watch: tail -f logs/capture_20260805_102030.log)
log -> logs/capture_20260805_102030.log  (watch: tail -f logs/capture_20260805_102030.log)
proxy creds loaded from /c/Users/saiem/.Renviron (values hidden)
proxy creds loaded from /c/Users/saiem/.Renviron (values hidden)
log -> logs/capture_20260805_102030.log  (watch: tail -f logs/capture_20260805_102030.log)
log -> logs/capture_20260805_102030.log  (watch: tail -f logs/capture_20260805_102030.log)
proxy creds loaded from /c/Users/saiem/.Renviron (values hidden)
proxy creds loaded from /c/Users/saiem/.Renviron (values hidden)
log -> logs/capture_20260805_102030.log  (watch: tail -f logs/capture_20260805_102030.log)
log -> logs/capture_20260805_102030.log  (watch: tail -f logs/capture_20260805_102030.log)
proxy creds loaded from /c/Users/saiem/.Renviron (values hidden)
log -> logs/capture_20260805_102030.log  (watch: tail -f logs/capture_20260805_102030.log)
log -> logs/capture_20260805_102030.log  (watch: tail -f logs/capture_20260805_102030.log)
proxy creds loaded from /c/Users/saiem/.Renviron (values hidden)
log -> logs/capture_20260805_102030.log  (watch: tail -f logs/capture_20260805_102030.log)
log -> logs/capture_20260805_102030.log  (watch: tail -f logs/capture_20260805_102030.log)
proxy creds loaded from /c/Users/saiem/.Renviron (values hidden)
proxy creds loaded from /c/Users/saiem/.Renviron (values hidden)
proxy creds loaded from /c/Users/saiem/.Renviron (values hidden)
proxy creds loaded from /c/Users/saiem/.Renviron (values hidden)
proxy creds loaded from /c/Users/saiem/.Renviron (values hidden)
log -> logs/capture_20260805_102030.log  (watch: tail -f logs/capture_20260805_102030.log)
log -> logs/capture_20260805_102030.log  (watch: tail -f logs/capture_20260805_102030.log)
log -> logs/capture_20260805_102030.log  (watch: tail -f logs/capture_20260805_102030.log)
log -> logs/capture_20260805_102030.log  (watch: tail -f logs/capture_20260805_102030.log)
log -> logs/capture_20260805_102030.log  (watch: tail -f logs/capture_20260805_102030.log)
log -> logs/capture_20260805_102030.log  (watch: tail -f logs/capture_20260805_102030.log)
log -> logs/capture_20260805_102030.log  (watch: tail -f logs/capture_20260805_102030.log)
pending=5749 shard=2/24 assigned=240
transport: canary vendor 'decodo_patchright'
2026-08-05 10:20:34,735 INFO vendor decodo_patchright: 50 prox(y/ies), sticky session re-minted -> session-cap1785939634w2
captured=0 skipped=240 failed=0
pending=5749 shard=9/24 assigned=240
transport: canary vendor 'decodo_patchright'
2026-08-05 10:20:35,069 INFO vendor decodo_patchright: 50 prox(y/ies), sticky session re-minted -> session-cap1785939635w9
captured=0 skipped=240 failed=0
pending=5749 shard=12/24 assigned=240
transport: canary vendor 'decodo_patchright'
pending=5749 shard=4/24 assigned=240
transport: canary vendor 'decodo_patchright'
2026-08-05 10:20:35,511 INFO vendor decodo_patchright: 50 prox(y/ies), sticky session re-minted -> session-cap1785939635w4
captured=0 skipped=240 failed=0
2026-08-05 10:20:35,511 INFO vendor decodo_patchright: 50 prox(y/ies), sticky session re-minted -> session-cap1785939635w12
captured=0 skipped=240 failed=0
pending=5749 shard=3/24 assigned=240
transport: canary vendor 'decodo_patchright'
pending=5749 shard=5/24 assigned=240
transport: canary vendor 'decodo_patchright'
2026-08-05 10:20:35,868 INFO vendor decodo_patchright: 50 prox(y/ies), sticky session re-minted -> session-cap1785939635w5
captured=0 skipped=240 failed=0
2026-08-05 10:20:35,849 INFO vendor decodo_patchright: 50 prox(y/ies), sticky session re-minted -> session-cap1785939635w3
pending=5749 shard=10/24 assigned=240
transport: canary vendor 'decodo_patchright'
pending=5749 shard=19/24 assigned=239
transport: canary vendor 'decodo_patchright'
2026-08-05 10:20:36,746 INFO vendor decodo_patchright: 50 prox(y/ies), sticky session re-minted -> session-cap1785939636w19
captured=0 skipped=239 failed=0
2026-08-05 10:20:36,774 INFO vendor decodo_patchright: 50 prox(y/ies), sticky session re-minted -> session-cap1785939636w10
EXIT=0
captured=0 skipped=240 failed=0
pending=5749 shard=0/24 assigned=240
transport: canary vendor 'decodo_patchright'
2026-08-05 10:20:37,132 INFO vendor decodo_patchright: 50 prox(y/ies), sticky session re-minted -> session-cap1785939637w0
captured=0 skipped=240 failed=0
pending=5749 shard=14/24 assigned=239
transport: canary vendor 'decodo_patchright'
2026-08-05 10:20:37,145 INFO vendor decodo_patchright: 50 prox(y/ies), sticky session re-minted -> session-cap1785939637w14
captured=0 skipped=239 failed=0
pending=5749 shard=6/24 assigned=240
transport: canary vendor 'decodo_patchright'
2026-08-05 10:20:37,526 INFO vendor decodo_patchright: 50 prox(y/ies), sticky session re-minted -> session-cap1785939637w6
pending=5749 shard=11/24 assigned=240
transport: canary vendor 'decodo_patchright'
2026-08-05 10:20:37,581 INFO vendor decodo_patchright: 50 prox(y/ies), sticky session re-minted -> session-cap1785939637w11
EXIT=0
pending=5749 shard=1/24 assigned=240
transport: canary vendor 'decodo_patchright'
captured=0 skipped=240 failed=0
EXIT=0
EXIT=0
EXIT=0
2026-08-05 10:20:37,646 INFO vendor decodo_patchright: 50 prox(y/ies), sticky session re-minted -> session-cap1785939637w1
captured=0 skipped=240 failed=0
EXIT=0
pending=5749 shard=22/24 assigned=239
transport: canary vendor 'decodo_patchright'
2026-08-05 10:20:37,686 INFO vendor decodo_patchright: 50 prox(y/ies), sticky session re-minted -> session-cap1785939637w22
pending=5749 shard=13/24 assigned=239
transport: canary vendor 'decodo_patchright'
captured=0 skipped=239 failed=0
pending=5749 shard=15/24 assigned=239
transport: canary vendor 'decodo_patchright'
2026-08-05 10:20:37,714 INFO vendor decodo_patchright: 50 prox(y/ies), sticky session re-minted -> session-cap1785939637w15
pending=5749 shard=8/24 assigned=240
transport: canary vendor 'decodo_patchright'
2026-08-05 10:20:37,729 INFO vendor decodo_patchright: 50 prox(y/ies), sticky session re-minted -> session-cap1785939637w8
2026-08-05 10:20:37,716 INFO vendor decodo_patchright: 50 prox(y/ies), sticky session re-minted -> session-cap1785939637w13
captured=0 skipped=239 failed=0
captured=0 skipped=240 failed=0
EXIT=0
pending=5749 shard=20/24 assigned=239
transport: canary vendor 'decodo_patchright'
2026-08-05 10:20:37,860 INFO vendor decodo_patchright: 50 prox(y/ies), sticky session re-minted -> session-cap1785939637w20
pending=5749 shard=23/24 assigned=239
transport: canary vendor 'decodo_patchright'
2026-08-05 10:20:37,874 INFO vendor decodo_patchright: 50 prox(y/ies), sticky session re-minted -> session-cap1785939637w23
pending=5749 shard=16/24 assigned=239
transport: canary vendor 'decodo_patchright'
pending=5749 shard=7/24 assigned=240
transport: canary vendor 'decodo_patchright'
2026-08-05 10:20:37,912 INFO vendor decodo_patchright: 50 prox(y/ies), sticky session re-minted -> session-cap1785939637w16
EXIT=0
pending=5749 shard=17/24 assigned=239
transport: canary vendor 'decodo_patchright'
2026-08-05 10:20:38,034 INFO vendor decodo_patchright: 50 prox(y/ies), sticky session re-minted -> session-cap1785939638w17
EXIT=0
captured=0 skipped=239 failed=0
2026-08-05 10:20:38,038 INFO vendor decodo_patchright: 50 prox(y/ies), sticky session re-minted -> session-cap1785939638w7
captured=0 skipped=240 failed=0
pending=5749 shard=21/24 assigned=239
transport: canary vendor 'decodo_patchright'
2026-08-05 10:20:38,096 INFO vendor decodo_patchright: 50 prox(y/ies), sticky session re-minted -> session-cap1785939638w21
pending=5749 shard=18/24 assigned=239
transport: canary vendor 'decodo_patchright'
2026-08-05 10:20:38,222 INFO vendor decodo_patchright: 50 prox(y/ies), sticky session re-minted -> session-cap1785939638w18
EXIT=0
EXIT=0
EXIT=0
EXIT=0
EXIT=0
EXIT=0
EXIT=0
2026-08-05 10:21:11,683 WARNING challenge not cleared for contest_id=846244 -- bundle not written
2026-08-05 10:21:12,174 WARNING challenge not cleared for contest_id=859653 -- bundle not written
2026-08-05 10:21:12,240 WARNING challenge not cleared for contest_id=845911 -- bundle not written
captured=0 skipped=238 failed=1
EXIT=0
2026-08-05 10:21:12,935 WARNING challenge not cleared for contest_id=844968 -- bundle not written
2026-08-05 10:21:14,039 WARNING challenge not cleared for contest_id=848864 -- bundle not written
2026-08-05 10:21:14,058 WARNING challenge not cleared for contest_id=845755 -- bundle not written
captured=0 skipped=238 failed=1
EXIT=0
2026-08-05 10:21:14,513 WARNING challenge not cleared for contest_id=846570 -- bundle not written
captured=0 skipped=238 failed=1
EXIT=0
2026-08-05 10:21:40,360 WARNING challenge not cleared for contest_id=845922 -- bundle not written
captured=0 skipped=239 failed=1
EXIT=0
2026-08-05 10:21:42,464 WARNING challenge not cleared for contest_id=859590 -- bundle not written
captured=0 skipped=237 failed=2
EXIT=0
2026-08-05 10:21:44,894 WARNING challenge not cleared for contest_id=858310 -- bundle not written
2026-08-05 10:21:45,371 WARNING challenge not cleared for contest_id=857944 -- bundle not written
captured=0 skipped=237 failed=2
EXIT=0
2026-08-05 10:22:16,750 WARNING challenge not cleared for contest_id=859575 -- bundle not written
captured=0 skipped=236 failed=3
EXIT=0
captured=180 skipped=59 failed=1
EXIT=0
[12:01:58] === parse captured bundles -> mbb/json/ ===
log -> logs/parse_20260805_120159.log  (watch: tail -f logs/parse_20260805_120159.log)

234 INFO ncaa_identity: contest_id=859690 teams 2257/2257 matched, players 6054/6308 matched
parsed=8 failed=0
EXIT=0
[12:02:26] DONE: captured_bundles=93528 parsed_json=93528 (capture rc=0)
[12:02:26] next -> build the -data parquet:
[12:02:26]   cd /c/Users/saiem/Documents/GitHub-Data/sdv-dev/hoopR-dev/ncaa-mbb-hoops-raw/../ncaa-mbb-hoops-data && python -m ncaa_mbb_data_build build --dataset all --season 2011
EXIT=0
[2026-08-05 12:02:27] season 2011: chunk 9 done, 12 remaining -- cooling 300s (fresh sticky session next)
[12:07:27] NCAA MBB backfill: season=2011 workers=24
[12:07:27] watch this run:  tail -f /c/Users/saiem/Documents/GitHub-Data/sdv-dev/hoopR-dev/ncaa-mbb-hoops-raw/logs/backfill_2011_20260805_120727.log
[12:07:27] === skip discover (season 2011 already in schedule_master; delete mbb/schedule_master.parquet to force) ===
[12:07:27] === capture 2011: 24 worker(s), chunk=400 new bundles per worker ===
proxy creds loaded from /c/Users/saiem/.Renviron (values hidden)
proxy creds loaded from /c/Users/saiem/.Renviron (values hidden)
proxy creds loaded from /c/Users/saiem/.Renviron (values hidden)
proxy creds loaded from /c/Users/saiem/.Renviron (values hidden)
log -> logs/capture_20260805_120728.log  (watch: tail -f logs/capture_20260805_120728.log)
proxy creds loaded from /c/Users/saiem/.Renviron (values hidden)
proxy creds loaded from /c/Users/saiem/.Renviron (values hidden)
log -> logs/capture_20260805_120728.log  (watch: tail -f logs/capture_20260805_120728.log)
proxy creds loaded from /c/Users/saiem/.Renviron (values hidden)
log -> logs/capture_20260805_120728.log  (watch: tail -f logs/capture_20260805_120728.log)
proxy creds loaded from /c/Users/saiem/.Renviron (values hidden)
proxy creds loaded from /c/Users/saiem/.Renviron (values hidden)
proxy creds loaded from /c/Users/saiem/.Renviron (values hidden)
log -> logs/capture_20260805_120728.log  (watch: tail -f logs/capture_20260805_120728.log)
proxy creds loaded from /c/Users/saiem/.Renviron (values hidden)
log -> logs/capture_20260805_120728.log  (watch: tail -f logs/capture_20260805_120728.log)
proxy creds loaded from /c/Users/saiem/.Renviron (values hidden)
proxy creds loaded from /c/Users/saiem/.Renviron (values hidden)
proxy creds loaded from /c/Users/saiem/.Renviron (values hidden)
proxy creds loaded from /c/Users/saiem/.Renviron (values hidden)
proxy creds loaded from /c/Users/saiem/.Renviron (values hidden)
log -> logs/capture_20260805_120728.log  (watch: tail -f logs/capture_20260805_120728.log)
proxy creds loaded from /c/Users/saiem/.Renviron (values hidden)
log -> logs/capture_20260805_120728.log  (watch: tail -f logs/capture_20260805_120728.log)
log -> logs/capture_20260805_120728.log  (watch: tail -f logs/capture_20260805_120728.log)
log -> logs/capture_20260805_120728.log  (watch: tail -f logs/capture_20260805_120728.log)
log -> logs/capture_20260805_120728.log  (watch: tail -f logs/capture_20260805_120728.log)
proxy creds loaded from /c/Users/saiem/.Renviron (values hidden)
proxy creds loaded from /c/Users/saiem/.Renviron (values hidden)
proxy creds loaded from /c/Users/saiem/.Renviron (values hidden)
log -> logs/capture_20260805_120728.log  (watch: tail -f logs/capture_20260805_120728.log)
log -> logs/capture_20260805_120728.log  (watch: tail -f logs/capture_20260805_120728.log)
log -> logs/capture_20260805_120728.log  (watch: tail -f logs/capture_20260805_120728.log)
log -> logs/capture_20260805_120728.log  (watch: tail -f logs/capture_20260805_120728.log)
log -> logs/capture_20260805_120728.log  (watch: tail -f logs/capture_20260805_120728.log)
proxy creds loaded from /c/Users/saiem/.Renviron (values hidden)
log -> logs/capture_20260805_120728.log  (watch: tail -f logs/capture_20260805_120728.log)
log -> logs/capture_20260805_120728.log  (watch: tail -f logs/capture_20260805_120728.log)
proxy creds loaded from /c/Users/saiem/.Renviron (values hidden)
proxy creds loaded from /c/Users/saiem/.Renviron (values hidden)
proxy creds loaded from /c/Users/saiem/.Renviron (values hidden)
log -> logs/capture_20260805_120728.log  (watch: tail -f logs/capture_20260805_120728.log)
log -> logs/capture_20260805_120728.log  (watch: tail -f logs/capture_20260805_120728.log)
log -> logs/capture_20260805_120728.log  (watch: tail -f logs/capture_20260805_120728.log)
log -> logs/capture_20260805_120728.log  (watch: tail -f logs/capture_20260805_120728.log)
log -> logs/capture_20260805_120728.log  (watch: tail -f logs/capture_20260805_120728.log)
log -> logs/capture_20260805_120728.log  (watch: tail -f logs/capture_20260805_120728.log)
log -> logs/capture_20260805_120728.log  (watch: tail -f logs/capture_20260805_120728.log)
pending=5749 shard=3/24 assigned=240
transport: canary vendor 'decodo_patchright'
2026-08-05 12:07:32,070 INFO vendor decodo_patchright: 50 prox(y/ies), sticky session re-minted -> session-cap1785946052w3
pending=5749 shard=1/24 assigned=240
transport: canary vendor 'decodo_patchright'
2026-08-05 12:07:32,355 INFO vendor decodo_patchright: 50 prox(y/ies), sticky session re-minted -> session-cap1785946052w1
captured=0 skipped=240 failed=0
pending=5749 shard=4/24 assigned=240
transport: canary vendor 'decodo_patchright'
pending=5749 shard=7/24 assigned=240
transport: canary vendor 'decodo_patchright'
2026-08-05 12:07:33,176 INFO vendor decodo_patchright: 50 prox(y/ies), sticky session re-minted -> session-cap1785946053w7
captured=0 skipped=240 failed=0
2026-08-05 12:07:33,416 INFO vendor decodo_patchright: 50 prox(y/ies), sticky session re-minted -> session-cap1785946053w4
captured=0 skipped=240 failed=0
pending=5749 shard=5/24 assigned=240
transport: canary vendor 'decodo_patchright'
EXIT=0
2026-08-05 12:07:34,094 INFO vendor decodo_patchright: 50 prox(y/ies), sticky session re-minted -> session-cap1785946054w5
captured=0 skipped=240 failed=0
EXIT=0
pending=5749 shard=2/24 assigned=240
transport: canary vendor 'decodo_patchright'
2026-08-05 12:07:34,512 INFO vendor decodo_patchright: 50 prox(y/ies), sticky session re-minted -> session-cap1785946054w2
captured=0 skipped=240 failed=0
pending=5749 shard=13/24 assigned=239
transport: canary vendor 'decodo_patchright'
2026-08-05 12:07:34,525 INFO vendor decodo_patchright: 50 prox(y/ies), sticky session re-minted -> session-cap1785946054w13
EXIT=0
pending=5749 shard=14/24 assigned=239
transport: canary vendor 'decodo_patchright'
2026-08-05 12:07:34,594 INFO vendor decodo_patchright: 50 prox(y/ies), sticky session re-minted -> session-cap1785946054w14
captured=0 skipped=239 failed=0
pending=5749 shard=0/24 assigned=240
transport: canary vendor 'decodo_patchright'
2026-08-05 12:07:34,666 INFO vendor decodo_patchright: 50 prox(y/ies), sticky session re-minted -> session-cap1785946054w0
captured=0 skipped=240 failed=0
pending=5749 shard=10/24 assigned=240
transport: canary vendor 'decodo_patchright'
2026-08-05 12:07:34,752 INFO vendor decodo_patchright: 50 prox(y/ies), sticky session re-minted -> session-cap1785946054w10
captured=0 skipped=240 failed=0
pending=5749 shard=12/24 assigned=240
transport: canary vendor 'decodo_patchright'
pending=5749 shard=16/24 assigned=239
transport: canary vendor 'decodo_patchright'
pending=5749 shard=6/24 assigned=240
transport: canary vendor 'decodo_patchright'
EXIT=0
pending=5749 shard=8/24 assigned=240
transport: canary vendor 'decodo_patchright'
2026-08-05 12:07:34,980 INFO vendor decodo_patchright: 50 prox(y/ies), sticky session re-minted -> session-cap1785946054w16
2026-08-05 12:07:34,983 INFO vendor decodo_patchright: 50 prox(y/ies), sticky session re-minted -> session-cap1785946054w12
2026-08-05 12:07:34,988 INFO vendor decodo_patchright: 50 prox(y/ies), sticky session re-minted -> session-cap1785946054w6
2026-08-05 12:07:34,998 INFO vendor decodo_patchright: 50 prox(y/ies), sticky session re-minted -> session-cap1785946054w8
captured=0 skipped=240 failed=0
captured=0 skipped=240 failed=0
pending=5749 shard=9/24 assigned=240
transport: canary vendor 'decodo_patchright'
2026-08-05 12:07:35,033 INFO vendor decodo_patchright: 50 prox(y/ies), sticky session re-minted -> session-cap1785946055w9
pending=5749 shard=22/24 assigned=239
transport: canary vendor 'decodo_patchright'
2026-08-05 12:07:35,039 INFO vendor decodo_patchright: 50 prox(y/ies), sticky session re-minted -> session-cap1785946055w22
pending=5749 shard=20/24 assigned=239
transport: canary vendor 'decodo_patchright'
captured=0 skipped=240 failed=0
2026-08-05 12:07:35,059 INFO vendor decodo_patchright: 50 prox(y/ies), sticky session re-minted -> session-cap1785946055w20
captured=0 skipped=239 failed=0
pending=5749 shard=19/24 assigned=239
transport: canary vendor 'decodo_patchright'
2026-08-05 12:07:35,084 INFO vendor decodo_patchright: 50 prox(y/ies), sticky session re-minted -> session-cap1785946055w19
pending=5749 shard=18/24 assigned=239
transport: canary vendor 'decodo_patchright'
pending=5749 shard=17/24 assigned=239
transport: canary vendor 'decodo_patchright'
captured=0 skipped=239 failed=0
2026-08-05 12:07:35,097 INFO vendor decodo_patchright: 50 prox(y/ies), sticky session re-minted -> session-cap1785946055w18
2026-08-05 12:07:35,122 INFO vendor decodo_patchright: 50 prox(y/ies), sticky session re-minted -> session-cap1785946055w17
pending=5749 shard=23/24 assigned=239
transport: canary vendor 'decodo_patchright'
2026-08-05 12:07:35,136 INFO vendor decodo_patchright: 50 prox(y/ies), sticky session re-minted -> session-cap1785946055w23
captured=0 skipped=239 failed=0
pending=5749 shard=11/24 assigned=240
transport: canary vendor 'decodo_patchright'
2026-08-05 12:07:35,187 INFO vendor decodo_patchright: 50 prox(y/ies), sticky session re-minted -> session-cap1785946055w11
captured=0 skipped=240 failed=0
pending=5749 shard=21/24 assigned=239
transport: canary vendor 'decodo_patchright'
2026-08-05 12:07:35,211 INFO vendor decodo_patchright: 50 prox(y/ies), sticky session re-minted -> session-cap1785946055w21
EXIT=0
pending=5749 shard=15/24 assigned=239
transport: canary vendor 'decodo_patchright'
2026-08-05 12:07:35,299 INFO vendor decodo_patchright: 50 prox(y/ies), sticky session re-minted -> session-cap1785946055w15
captured=0 skipped=239 failed=0
EXIT=0
EXIT=0
EXIT=0
EXIT=0
EXIT=0
EXIT=0
EXIT=0
EXIT=0
EXIT=0
EXIT=0
EXIT=0
2026-08-05 12:08:06,069 WARNING challenge not cleared for contest_id=844968 -- bundle not written
2026-08-05 12:08:07,047 WARNING challenge not cleared for contest_id=845911 -- bundle not written
captured=0 skipped=239 failed=1
EXIT=0
2026-08-05 12:08:09,873 WARNING challenge not cleared for contest_id=859653 -- bundle not written
2026-08-05 12:08:09,971 WARNING challenge not cleared for contest_id=848864 -- bundle not written
captured=0 skipped=238 failed=1
captured=0 skipped=238 failed=1
EXIT=0
EXIT=0
2026-08-05 12:08:10,685 WARNING challenge not cleared for contest_id=845922 -- bundle not written
captured=0 skipped=239 failed=1
EXIT=0
2026-08-05 12:08:11,507 WARNING challenge not cleared for contest_id=846244 -- bundle not written
2026-08-05 12:08:35,426 WARNING challenge not cleared for contest_id=858310 -- bundle not written
2026-08-05 12:08:43,560 WARNING challenge not cleared for contest_id=859590 -- bundle not written
captured=0 skipped=237 failed=2
EXIT=0
2026-08-05 12:09:02,222 WARNING challenge not cleared for contest_id=846570 -- bundle not written
captured=0 skipped=238 failed=1
EXIT=0
2026-08-05 12:09:04,677 WARNING challenge not cleared for contest_id=859575 -- bundle not written
captured=0 skipped=236 failed=3
EXIT=0
2026-08-05 12:09:31,378 WARNING challenge not cleared for contest_id=845755 -- bundle not written
2026-08-05 12:10:50,309 WARNING challenge not cleared for contest_id=857944 -- bundle not written
captured=0 skipped=237 failed=2
EXIT=0
[12:10:50] === parse captured bundles -> mbb/json/ ===
log -> logs/parse_20260805_121050.log  (watch: tail -f logs/parse_20260805_121050.log)
seasons=all bundles=93528 pending=0 force=False shard=12/24 assigned=0
parsed=0 failed=0
EXIT=0
[12:11:08] DONE: captured_bundles=93528 parsed_json=93528 (capture rc=0)
[12:11:08] next -> build the -data parquet:
[12:11:08]   cd /c/Users/saiem/Documents/GitHub-Data/sdv-dev/hoopR-dev/ncaa-mbb-hoops-raw/../ncaa-mbb-hoops-data && python -m ncaa_mbb_data_build build --dataset all --season 2011
EXIT=0
[2026-08-05 12:11:08] season 2011: round 10 captured nothing (12 left, un-capturable) -- treating as done
[2026-08-05 12:11:08] === season 2010 ===
[12:11:09] NCAA MBB backfill: season=2010 workers=24
[12:11:09] watch this run:  tail -f /c/Users/saiem/Documents/GitHub-Data/sdv-dev/hoopR-dev/ncaa-mbb-hoops-raw/logs/backfill_2010_20260805_121109.log
[12:11:09] === skip discover (season 2010 already in schedule_master; delete mbb/schedule_master.parquet to force) ===
[12:11:09] === capture 2010: 24 worker(s), chunk=400 new bundles per worker ===
proxy creds loaded from /c/Users/saiem/.Renviron (values hidden)
proxy creds loaded from /c/Users/saiem/.Renviron (values hidden)
proxy creds loaded from /c/Users/saiem/.Renviron (values hidden)
proxy creds loaded from /c/Users/saiem/.Renviron (values hidden)
log -> logs/capture_20260805_121110.log  (watch: tail -f logs/capture_20260805_121110.log)
proxy creds loaded from /c/Users/saiem/.Renviron (values hidden)
proxy creds loaded from /c/Users/saiem/.Renviron (values hidden)
proxy creds loaded from /c/Users/saiem/.Renviron (values hidden)
log -> logs/capture_20260805_121110.log  (watch: tail -f logs/capture_20260805_121110.log)
log -> logs/capture_20260805_121110.log  (watch: tail -f logs/capture_20260805_121110.log)
log -> logs/capture_20260805_121110.log  (watch: tail -f logs/capture_20260805_121110.log)
log -> logs/capture_20260805_121110.log  (watch: tail -f logs/capture_20260805_121110.log)
log -> logs/capture_20260805_121110.log  (watch: tail -f logs/capture_20260805_121110.log)
proxy creds loaded from /c/Users/saiem/.Renviron (values hidden)
proxy creds loaded from /c/Users/saiem/.Renviron (values hidden)
log -> logs/capture_20260805_121110.log  (watch: tail -f logs/capture_20260805_121110.log)
proxy creds loaded from /c/Users/saiem/.Renviron (values hidden)
proxy creds loaded from /c/Users/saiem/.Renviron (values hidden)
proxy creds loaded from /c/Users/saiem/.Renviron (values hidden)
proxy creds loaded from /c/Users/saiem/.Renviron (values hidden)
proxy creds loaded from /c/Users/saiem/.Renviron (values hidden)
proxy creds loaded from /c/Users/saiem/.Renviron (values hidden)
proxy creds loaded from /c/Users/saiem/.Renviron (values hidden)
proxy creds loaded from /c/Users/saiem/.Renviron (values hidden)
log -> logs/capture_20260805_121110.log  (watch: tail -f logs/capture_20260805_121110.log)
log -> logs/capture_20260805_121110.log  (watch: tail -f logs/capture_20260805_121110.log)
log -> logs/capture_20260805_121110.log  (watch: tail -f logs/capture_20260805_121110.log)
log -> logs/capture_20260805_121110.log  (watch: tail -f logs/capture_20260805_121110.log)
log -> logs/capture_20260805_121110.log  (watch: tail -f logs/capture_20260805_121110.log)
proxy creds loaded from /c/Users/saiem/.Renviron (values hidden)
log -> logs/capture_20260805_121110.log  (watch: tail -f logs/capture_20260805_121110.log)
log -> logs/capture_20260805_121110.log  (watch: tail -f logs/capture_20260805_121110.log)
log -> logs/capture_20260805_121110.log  (watch: tail -f logs/capture_20260805_121110.log)
proxy creds loaded from /c/Users/saiem/.Renviron (values hidden)
log -> logs/capture_20260805_121110.log  (watch: tail -f logs/capture_20260805_121110.log)
log -> logs/capture_20260805_121110.log  (watch: tail -f logs/capture_20260805_121110.log)
proxy creds loaded from /c/Users/saiem/.Renviron (values hidden)
proxy creds loaded from /c/Users/saiem/.Renviron (values hidden)
proxy creds loaded from /c/Users/saiem/.Renviron (values hidden)
proxy creds loaded from /c/Users/saiem/.Renviron (values hidden)
log -> logs/capture_20260805_121110.log  (watch: tail -f logs/capture_20260805_121110.log)
log -> logs/capture_20260805_121110.log  (watch: tail -f logs/capture_20260805_121110.log)
proxy creds loaded from /c/Users/saiem/.Renviron (values hidden)
log -> logs/capture_20260805_121110.log  (watch: tail -f logs/capture_20260805_121110.log)
log -> logs/capture_20260805_121110.log  (watch: tail -f logs/capture_20260805_121110.log)
log -> logs/capture_20260805_121110.log  (watch: tail -f logs/capture_20260805_121110.log)
log -> logs/capture_20260805_121110.log  (watch: tail -f logs/capture_20260805_121110.log)
log -> logs/capture_20260805_121110.log  (watch: tail -f logs/capture_20260805_121110.log)
pending=5755 shard=3/24 assigned=240
transport: canary vendor 'decodo_patchright'
2026-08-05 12:11:14,686 INFO vendor decodo_patchright: 50 prox(y/ies), sticky session re-minted -> session-cap1785946274w3
pending=5755 shard=1/24 assigned=240
transport: canary vendor 'decodo_patchright'
2026-08-05 12:11:14,793 INFO vendor decodo_patchright: 50 prox(y/ies), sticky session re-minted -> session-cap1785946274w1
pending=5755 shard=2/24 assigned=240
transport: canary vendor 'decodo_patchright'
2026-08-05 12:11:14,943 INFO vendor decodo_patchright: 50 prox(y/ies), sticky session re-minted -> session-cap1785946274w2
pending=5755 shard=11/24 assigned=240
transport: canary vendor 'decodo_patchright'
2026-08-05 12:11:15,334 INFO vendor decodo_patchright: 50 prox(y/ies), sticky session re-minted -> session-cap1785946275w11
pending=5755 shard=4/24 assigned=240
transport: canary vendor 'decodo_patchright'
2026-08-05 12:11:16,282 INFO vendor decodo_patchright: 50 prox(y/ies), sticky session re-minted -> session-cap1785946276w4
pending=5755 shard=6/24 assigned=240
transport: canary vendor 'decodo_patchright'
2026-08-05 12:11:16,319 INFO vendor decodo_patchright: 50 prox(y/ies), sticky session re-minted -> session-cap1785946276w6
pending=5755 shard=18/24 assigned=240
transport: canary vendor 'decodo_patchright'
2026-08-05 12:11:16,681 INFO vendor decodo_patchright: 50 prox(y/ies), sticky session re-minted -> session-cap1785946276w18
pending=5755 shard=0/24 assigned=240
transport: canary vendor 'decodo_patchright'
2026-08-05 12:11:17,046 INFO vendor decodo_patchright: 50 prox(y/ies), sticky session re-minted -> session-cap1785946277w0
pending=5755 shard=5/24 assigned=240
transport: canary vendor 'decodo_patchright'
2026-08-05 12:11:17,438 INFO vendor decodo_patchright: 50 prox(y/ies), sticky session re-minted -> session-cap1785946277w5
pending=5755 shard=8/24 assigned=240
transport: canary vendor 'decodo_patchright'
pending=5755 shard=16/24 assigned=240
transport: canary vendor 'decodo_patchright'
2026-08-05 12:11:18,610 INFO vendor decodo_patchright: 50 prox(y/ies), sticky session re-minted -> session-cap1785946278w16
2026-08-05 12:11:18,610 INFO vendor decodo_patchright: 50 prox(y/ies), sticky session re-minted -> session-cap1785946278w8
pending=5755 shard=19/24 assigned=239
transport: canary vendor 'decodo_patchright'
2026-08-05 12:11:18,724 INFO vendor decodo_patchright: 50 prox(y/ies), sticky session re-minted -> session-cap1785946278w19
pending=5755 shard=23/24 assigned=239
transport: canary vendor 'decodo_patchright'
2026-08-05 12:11:18,740 INFO vendor decodo_patchright: 50 prox(y/ies), sticky session re-minted -> session-cap1785946278w23
pending=5755 shard=9/24 assigned=240
transport: canary vendor 'decodo_patchright'
pending=5755 shard=20/24 assigned=239
transport: canary vendor 'decodo_patchright'
pending=5755 shard=7/24 assigned=240
transport: canary vendor 'decodo_patchright'
2026-08-05 12:11:19,089 INFO vendor decodo_patchright: 50 prox(y/ies), sticky session re-minted -> session-cap1785946279w9
pending=5755 shard=21/24 assigned=239
transport: canary vendor 'decodo_patchright'
2026-08-05 12:11:19,202 INFO vendor decodo_patchright: 50 prox(y/ies), sticky session re-minted -> session-cap1785946279w21
2026-08-05 12:11:19,226 INFO vendor decodo_patchright: 50 prox(y/ies), sticky session re-minted -> session-cap1785946279w20
2026-08-05 12:11:19,226 INFO vendor decodo_patchright: 50 prox(y/ies), sticky session re-minted -> session-cap1785946279w7
pending=5755 shard=10/24 assigned=240
transport: canary vendor 'decodo_patchright'
2026-08-05 12:11:19,293 INFO vendor decodo_patchright: 50 prox(y/ies), sticky session re-minted -> session-cap1785946279w10
pending=5755 shard=14/24 assigned=240
transport: canary vendor 'decodo_patchright'
2026-08-05 12:11:19,286 INFO vendor decodo_patchright: 50 prox(y/ies), sticky session re-minted -> session-cap1785946279w14
pending=5755 shard=17/24 assigned=240
transport: canary vendor 'decodo_patchright'
pending=5755 shard=15/24 assigned=240
transport: canary vendor 'decodo_patchright'
2026-08-05 12:11:19,776 INFO vendor decodo_patchright: 50 prox(y/ies), sticky session re-minted -> session-cap1785946279w15
2026-08-05 12:11:19,963 INFO vendor decodo_patchright: 50 prox(y/ies), sticky session re-minted -> session-cap1785946279w17
pending=5755 shard=12/24 assigned=240
transport: canary vendor 'decodo_patchright'
2026-08-05 12:11:20,100 INFO vendor decodo_patchright: 50 prox(y/ies), sticky session re-minted -> session-cap1785946280w12
pending=5755 shard=22/24 assigned=239
transport: canary vendor 'decodo_patchright'
2026-08-05 12:11:21,032 INFO vendor decodo_patchright: 50 prox(y/ies), sticky session re-minted -> session-cap1785946281w22
pending=5755 shard=13/24 assigned=240
transport: canary vendor 'decodo_patchright'
2026-08-05 12:11:21,815 INFO vendor decodo_patchright: 50 prox(y/ies), sticky session re-minted -> session-cap1785946281w13
2026-08-05 12:15:11,464 WARNING challenge not cleared for contest_id=1107756 -- bundle not written
2026-08-05 12:15:41,267 WARNING challenge not cleared for contest_id=1107780 -- bundle not written
2026-08-05 12:16:22,964 WARNING challenge not cleared for contest_id=1107954 -- bundle not written
2026-08-05 12:22:01,442 WARNING challenge not cleared for contest_id=1108528 -- bundle not written
2026-08-05 12:22:05,375 WARNING challenge not cleared for contest_id=1108529 -- bundle not written
2026-08-05 12:24:00,665 WARNING challenge not cleared for contest_id=1108741 -- bundle not written
2026-08-05 12:24:30,139 WARNING challenge not cleared for contest_id=1108862 -- bundle not written
2026-08-05 12:26:45,645 WARNING challenge not cleared for contest_id=1109281 -- bundle not written
2026-08-05 12:31:28,961 WARNING challenge not cleared for contest_id=1109778 -- bundle not written
2026-08-05 12:33:17,218 WARNING challenge not cleared for contest_id=1110067 -- bundle not written
2026-08-05 12:35:14,041 WARNING challenge not cleared for contest_id=1110231 -- bundle not written
2026-08-05 12:38:31,391 WARNING challenge not cleared for contest_id=1110602 -- bundle not written
2026-08-05 12:45:37,919 WARNING challenge not cleared for contest_id=1111626 -- bundle not written
2026-08-05 12:46:09,083 WARNING challenge not cleared for contest_id=1111702 -- bundle not written
2026-08-05 12:46:21,969 WARNING challenge not cleared for contest_id=1111571 -- bundle not written
2026-08-05 12:46:32,554 WARNING challenge not cleared for contest_id=1111771 -- bundle not written
2026-08-05 12:53:20,340 WARNING challenge not cleared for contest_id=1112485 -- bundle not written
2026-08-05 12:54:18,655 WARNING challenge not cleared for contest_id=1112749 -- bundle not written
2026-08-05 12:56:31,245 WARNING challenge not cleared for contest_id=1112805 -- bundle not written
2026-08-05 12:58:06,429 WARNING challenge not cleared for contest_id=1113008 -- bundle not written
2026-08-05 13:09:39,173 WARNING challenge not cleared for contest_id=1114227 -- bundle not written
2026-08-05 13:10:12,209 WARNING challenge not cleared for contest_id=1114263 -- bundle not written
2026-08-05 13:14:19,530 WARNING challenge not cleared for contest_id=1114757 -- bundle not written
2026-08-05 13:14:38,737 WARNING challenge not cleared for contest_id=1114625 -- bundle not written
2026-08-05 13:16:09,739 WARNING challenge not cleared for contest_id=1114772 -- bundle not written
2026-08-05 13:17:09,255 WARNING challenge not cleared for contest_id=1115306 -- bundle not written
2026-08-05 13:29:03,370 WARNING challenge not cleared for contest_id=1116633 -- bundle not written
2026-08-05 13:37:23,408 WARNING challenge not cleared for contest_id=1118125 -- bundle not written
2026-08-05 13:38:01,285 WARNING challenge not cleared for contest_id=1117940 -- bundle not written
2026-08-05 13:38:19,802 WARNING challenge not cleared for contest_id=1118112 -- bundle not written
2026-08-05 13:41:59,873 WARNING challenge not cleared for contest_id=1118655 -- bundle not written
2026-08-05 13:45:57,935 WARNING challenge not cleared for contest_id=1119328 -- bundle not written
2026-08-05 13:46:17,058 WARNING challenge not cleared for contest_id=1119082 -- bundle not written
2026-08-05 13:50:20,219 WARNING challenge not cleared for contest_id=1119387 -- bundle not written
2026-08-05 13:55:40,359 WARNING challenge not cleared for contest_id=1120325 -- bundle not written
2026-08-05 13:58:23,163 WARNING challenge not cleared for contest_id=1120595 -- bundle not written
2026-08-05 14:00:50,180 WARNING challenge not cleared for contest_id=1120876 -- bundle not written
2026-08-05 14:04:04,548 WARNING challenge not cleared for contest_id=1121642 -- bundle not written
2026-08-05 14:06:09,565 WARNING challenge not cleared for contest_id=1121762 -- bundle not written
2026-08-05 14:18:49,447 WARNING challenge not cleared for contest_id=1122850 -- bundle not written
2026-08-05 14:20:10,546 WARNING challenge not cleared for contest_id=1122866 -- bundle not written
2026-08-05 14:22:22,570 WARNING challenge not cleared for contest_id=1122974 -- bundle not written
2026-08-05 14:23:08,330 WARNING challenge not cleared for contest_id=1123223 -- bundle not written
captured=235 skipped=0 failed=5
EXIT=0
captured=239 skipped=0 failed=0
EXIT=0
captured=238 skipped=0 failed=2
EXIT=0
captured=237 skipped=0 failed=3
EXIT=0
captured=240 skipped=0 failed=0
EXIT=0
captured=239 skipped=0 failed=1
EXIT=0
captured=240 skipped=0 failed=0
EXIT=0
captured=237 skipped=0 failed=2
EXIT=0
captured=238 skipped=0 failed=2
EXIT=0
captured=239 skipped=0 failed=1
EXIT=0
captured=238 skipped=0 failed=2
EXIT=0
captured=236 skipped=0 failed=3
EXIT=0
captured=238 skipped=0 failed=2
EXIT=0
captured=239 skipped=0 failed=0
EXIT=0
captured=240 skipped=0 failed=0
EXIT=0
captured=238 skipped=0 failed=2
EXIT=0
captured=235 skipped=0 failed=5
EXIT=0
captured=234 skipped=0 failed=6
EXIT=0
captured=239 skipped=0 failed=1
EXIT=0
captured=240 skipped=0 failed=0
EXIT=0
captured=237 skipped=0 failed=3
EXIT=0
captured=240 skipped=0 failed=0
EXIT=0
captured=238 skipped=0 failed=1
EXIT=0
captured=238 skipped=0 failed=2
EXIT=0
[14:26:45] === parse captured bundles -> mbb/json/ ===
log -> logs/parse_20260805_142645.log  (watch: tail -f logs/parse_20260805_142645.log)
a2026-08-05 14:31:30,797 INFO ncaa_identity: contest_id=1123116 teams 16582026-08-05 14:31:30,896 INFO ncaa_identi2026-08-05 14:31:31,340 INFO ncaa_identity: contest_id=1123144 teams 19702026-08-05 14:31:31,579 INFO ncaa_identi2026-08-05 14:31:31,808 INFO ncaa_identity: contest_id=1123177 teams 2023/2023 matched, players 286/772 matched
2026-08-05 14:31:32,470 INFO ncaa_identity: contest_id=1123205 teams 2702/2702 matched, players 185/848 matched
parsed=238 failed=0
EXIT=0
[14:31:34] DONE: captured_bundles=99240 parsed_json=99240 (capture rc=0)
[14:31:34] next -> build the -data parquet:
[14:31:34]   cd /c/Users/saiem/Documents/GitHub-Data/sdv-dev/hoopR-dev/ncaa-mbb-hoops-raw/../ncaa-mbb-hoops-data && python -m ncaa_mbb_data_build build --dataset all --season 2010
EXIT=0
[2026-08-05 14:31:34] season 2010: chunk 1 done, 43 remaining -- cooling 300s (fresh sticky session next)
[14:36:34] NCAA MBB backfill: season=2010 workers=24
[14:36:34] watch this run:  tail -f /c/Users/saiem/Documents/GitHub-Data/sdv-dev/hoopR-dev/ncaa-mbb-hoops-raw/logs/backfill_2010_20260805_143634.log
[14:36:35] === skip discover (season 2010 already in schedule_master; delete mbb/schedule_master.parquet to force) ===
[14:36:35] === capture 2010: 24 worker(s), chunk=400 new bundles per worker ===
proxy creds loaded from /c/Users/saiem/.Renviron (values hidden)
proxy creds loaded from /c/Users/saiem/.Renviron (values hidden)
proxy creds loaded from /c/Users/saiem/.Renviron (values hidden)
proxy creds loaded from /c/Users/saiem/.Renviron (values hidden)
proxy creds loaded from /c/Users/saiem/.Renviron (values hidden)
proxy creds loaded from /c/Users/saiem/.Renviron (values hidden)
proxy creds loaded from /c/Users/saiem/.Renviron (values hidden)
proxy creds loaded from /c/Users/saiem/.Renviron (values hidden)
proxy creds loaded from /c/Users/saiem/.Renviron (values hidden)
log -> logs/capture_20260805_143635.log  (watch: tail -f logs/capture_20260805_143635.log)
proxy creds loaded from /c/Users/saiem/.Renviron (values hidden)
log -> logs/capture_20260805_143635.log  (watch: tail -f logs/capture_20260805_143635.log)
log -> logs/capture_20260805_143635.log  (watch: tail -f logs/capture_20260805_143635.log)
log -> logs/capture_20260805_143635.log  (watch: tail -f logs/capture_20260805_143635.log)
log -> logs/capture_20260805_143635.log  (watch: tail -f logs/capture_20260805_143635.log)
proxy creds loaded from /c/Users/saiem/.Renviron (values hidden)
proxy creds loaded from /c/Users/saiem/.Renviron (values hidden)
proxy creds loaded from /c/Users/saiem/.Renviron (values hidden)
log -> logs/capture_20260805_143635.log  (watch: tail -f logs/capture_20260805_143635.log)
log -> logs/capture_20260805_143635.log  (watch: tail -f logs/capture_20260805_143635.log)
log -> logs/capture_20260805_143635.log  (watch: tail -f logs/capture_20260805_143635.log)
log -> logs/capture_20260805_143635.log  (watch: tail -f logs/capture_20260805_143635.log)
log -> logs/capture_20260805_143635.log  (watch: tail -f logs/capture_20260805_143635.log)
proxy creds loaded from /c/Users/saiem/.Renviron (values hidden)
log -> logs/capture_20260805_143635.log  (watch: tail -f logs/capture_20260805_143635.log)
proxy creds loaded from /c/Users/saiem/.Renviron (values hidden)
log -> logs/capture_20260805_143635.log  (watch: tail -f logs/capture_20260805_143635.log)
proxy creds loaded from /c/Users/saiem/.Renviron (values hidden)
proxy creds loaded from /c/Users/saiem/.Renviron (values hidden)
proxy creds loaded from /c/Users/saiem/.Renviron (values hidden)
proxy creds loaded from /c/Users/saiem/.Renviron (values hidden)
proxy creds loaded from /c/Users/saiem/.Renviron (values hidden)
log -> logs/capture_20260805_143635.log  (watch: tail -f logs/capture_20260805_143635.log)
proxy creds loaded from /c/Users/saiem/.Renviron (values hidden)
log -> logs/capture_20260805_143635.log  (watch: tail -f logs/capture_20260805_143635.log)
log -> logs/capture_20260805_143635.log  (watch: tail -f logs/capture_20260805_143635.log)
proxy creds loaded from /c/Users/saiem/.Renviron (values hidden)
log -> logs/capture_20260805_143635.log  (watch: tail -f logs/capture_20260805_143635.log)
proxy creds loaded from /c/Users/saiem/.Renviron (values hidden)
log -> logs/capture_20260805_143635.log  (watch: tail -f logs/capture_20260805_143635.log)
log -> logs/capture_20260805_143635.log  (watch: tail -f logs/capture_20260805_143635.log)
log -> logs/capture_20260805_143635.log  (watch: tail -f logs/capture_20260805_143635.log)
log -> logs/capture_20260805_143635.log  (watch: tail -f logs/capture_20260805_143635.log)
proxy creds loaded from /c/Users/saiem/.Renviron (values hidden)
log -> logs/capture_20260805_143635.log  (watch: tail -f logs/capture_20260805_143635.log)
log -> logs/capture_20260805_143635.log  (watch: tail -f logs/capture_20260805_143635.log)
log -> logs/capture_20260805_143635.log  (watch: tail -f logs/capture_20260805_143635.log)
log -> logs/capture_20260805_143635.log  (watch: tail -f logs/capture_20260805_143635.log)
pending=5755 shard=7/24 assigned=240
transport: canary vendor 'decodo_patchright'
2026-08-05 14:36:39,492 INFO vendor decodo_patchright: 50 prox(y/ies), sticky session re-minted -> session-cap1785954999w7
pending=5755 shard=8/24 assigned=240
transport: canary vendor 'decodo_patchright'
2026-08-05 14:36:39,520 INFO vendor decodo_patchright: 50 prox(y/ies), sticky session re-minted -> session-cap1785954999w8
captured=0 skipped=240 failed=0
pending=5755 shard=1/24 assigned=240
transport: canary vendor 'decodo_patchright'
2026-08-05 14:36:39,589 INFO vendor decodo_patchright: 50 prox(y/ies), sticky session re-minted -> session-cap1785954999w1
captured=0 skipped=240 failed=0
pending=5755 shard=4/24 assigned=240
transport: canary vendor 'decodo_patchright'
2026-08-05 14:36:39,728 INFO vendor decodo_patchright: 50 prox(y/ies), sticky session re-minted -> session-cap1785954999w4
pending=5755 shard=10/24 assigned=240
transport: canary vendor 'decodo_patchright'
2026-08-05 14:36:40,342 INFO vendor decodo_patchright: 50 prox(y/ies), sticky session re-minted -> session-cap1785955000w10
pending=5755 shard=3/24 assigned=240
transport: canary vendor 'decodo_patchright'
2026-08-05 14:36:41,065 INFO vendor decodo_patchright: 50 prox(y/ies), sticky session re-minted -> session-cap1785955001w3
pending=5755 shard=13/24 assigned=240
transport: canary vendor 'decodo_patchright'
2026-08-05 14:36:41,165 INFO vendor decodo_patchright: 50 prox(y/ies), sticky session re-minted -> session-cap1785955001w13
EXIT=0
EXIT=0
pending=5755 shard=20/24 assigned=239
transport: canary vendor 'decodo_patchright'
2026-08-05 14:36:42,124 INFO vendor decodo_patchright: 50 prox(y/ies), sticky session re-minted -> session-cap1785955002w20
captured=0 skipped=239 failed=0
pending=5755 shard=0/24 assigned=240
transport: canary vendor 'decodo_patchright'
2026-08-05 14:36:42,216 INFO vendor decodo_patchright: 50 prox(y/ies), sticky session re-minted -> session-cap1785955002w0
pending=5755 shard=22/24 assigned=239
transport: canary vendor 'decodo_patchright'
2026-08-05 14:36:42,322 INFO vendor decodo_patchright: 50 prox(y/ies), sticky session re-minted -> session-cap1785955002w22
pending=5755 shard=18/24 assigned=240
transport: canary vendor 'decodo_patchright'
2026-08-05 14:36:42,368 INFO vendor decodo_patchright: 50 prox(y/ies), sticky session re-minted -> session-cap1785955002w18
pending=5755 shard=16/24 assigned=240
transport: canary vendor 'decodo_patchright'
2026-08-05 14:36:42,395 INFO vendor decodo_patchright: 50 prox(y/ies), sticky session re-minted -> session-cap1785955002w16
pending=5755 shard=23/24 assigned=239
transport: canary vendor 'decodo_patchright'
2026-08-05 14:36:42,405 INFO vendor decodo_patchright: 50 prox(y/ies), sticky session re-minted -> session-cap1785955002w23
pending=5755 shard=19/24 assigned=239
transport: canary vendor 'decodo_patchright'
2026-08-05 14:36:42,428 INFO vendor decodo_patchright: 50 prox(y/ies), sticky session re-minted -> session-cap1785955002w19
pending=5755 shard=17/24 assigned=240
transport: canary vendor 'decodo_patchright'
pending=5755 shard=9/24 assigned=240
transport: canary vendor 'decodo_patchright'
pending=5755 shard=15/24 assigned=240
transport: canary vendor 'decodo_patchright'
2026-08-05 14:36:42,856 INFO vendor decodo_patchright: 50 prox(y/ies), sticky session re-minted -> session-cap1785955002w15
2026-08-05 14:36:42,857 INFO vendor decodo_patchright: 50 prox(y/ies), sticky session re-minted -> session-cap1785955002w17
pending=5755 shard=6/24 assigned=240
transport: canary vendor 'decodo_patchright'
pending=5755 shard=2/24 assigned=240
transport: canary vendor 'decodo_patchright'
2026-08-05 14:36:42,877 INFO vendor decodo_patchright: 50 prox(y/ies), sticky session re-minted -> session-cap1785955002w2
EXIT=0
captured=0 skipped=240 failed=0
2026-08-05 14:36:42,953 INFO vendor decodo_patchright: 50 prox(y/ies), sticky session re-minted -> session-cap1785955002w9
2026-08-05 14:36:42,984 INFO vendor decodo_patchright: 50 prox(y/ies), sticky session re-minted -> session-cap1785955002w6
pending=5755 shard=11/24 assigned=240
transport: canary vendor 'decodo_patchright'
2026-08-05 14:36:43,019 INFO vendor decodo_patchright: 50 prox(y/ies), sticky session re-minted -> session-cap1785955003w11
captured=0 skipped=240 failed=0
pending=5755 shard=12/24 assigned=240
transport: canary vendor 'decodo_patchright'
2026-08-05 14:36:43,068 INFO vendor decodo_patchright: 50 prox(y/ies), sticky session re-minted -> session-cap1785955003w12
pending=5755 shard=14/24 assigned=240
transport: canary vendor 'decodo_patchright'
2026-08-05 14:36:43,195 INFO vendor decodo_patchright: 50 prox(y/ies), sticky session re-minted -> session-cap1785955003w14
captured=0 skipped=240 failed=0
pending=5755 shard=21/24 assigned=239
transport: canary vendor 'decodo_patchright'
2026-08-05 14:36:43,220 INFO vendor decodo_patchright: 50 prox(y/ies), sticky session re-minted -> session-cap1785955003w21
captured=0 skipped=239 failed=0
pending=5755 shard=5/24 assigned=240
transport: canary vendor 'decodo_patchright'
2026-08-05 14:36:43,321 INFO vendor decodo_patchright: 50 prox(y/ies), sticky session re-minted -> session-cap1785955003w5
EXIT=0
EXIT=0
EXIT=0
EXIT=0
2026-08-05 14:37:14,919 WARNING challenge not cleared for contest_id=1120325 -- bundle not written
2026-08-05 14:37:15,102 WARNING challenge not cleared for contest_id=1109281 -- bundle not written
2026-08-05 14:37:15,336 WARNING challenge not cleared for contest_id=1108529 -- bundle not written
2026-08-05 14:37:16,862 WARNING challenge not cleared for contest_id=1107954 -- bundle not written
2026-08-05 14:37:17,662 WARNING challenge not cleared for contest_id=1114772 -- bundle not written
2026-08-05 14:37:17,688 WARNING challenge not cleared for contest_id=1119328 -- bundle not written
2026-08-05 14:37:17,720 WARNING challenge not cleared for contest_id=1111626 -- bundle not written
captured=0 skipped=239 failed=1
2026-08-05 14:37:17,842 WARNING challenge not cleared for contest_id=1119387 -- bundle not written
EXIT=0
2026-08-05 14:37:18,639 WARNING challenge not cleared for contest_id=1114757 -- bundle not written
2026-08-05 14:37:18,804 WARNING challenge not cleared for contest_id=1109778 -- bundle not written
2026-08-05 14:37:19,088 WARNING challenge not cleared for contest_id=1112749 -- bundle not written
2026-08-05 14:37:19,109 WARNING challenge not cleared for contest_id=1121642 -- bundle not written
captured=0 skipped=239 failed=1
2026-08-05 14:37:19,377 WARNING challenge not cleared for contest_id=1107756 -- bundle not written
2026-08-05 14:37:19,488 WARNING challenge not cleared for contest_id=1108741 -- bundle not written
EXIT=0
2026-08-05 14:37:19,771 WARNING challenge not cleared for contest_id=1120595 -- bundle not written
2026-08-05 14:37:19,858 WARNING challenge not cleared for contest_id=1108528 -- bundle not written
captured=0 skipped=238 failed=1
captured=0 skipped=239 failed=1
EXIT=0
EXIT=0
2026-08-05 14:37:21,620 WARNING challenge not cleared for contest_id=1108862 -- bundle not written
2026-08-05 14:37:44,613 WARNING challenge not cleared for contest_id=1113008 -- bundle not written
captured=0 skipped=238 failed=2
EXIT=0
2026-08-05 14:37:46,288 WARNING challenge not cleared for contest_id=1121762 -- bundle not written
2026-08-05 14:37:46,387 WARNING challenge not cleared for contest_id=1119082 -- bundle not written
captured=0 skipped=238 failed=2
captured=0 skipped=238 failed=2
EXIT=0
EXIT=0
2026-08-05 14:37:48,130 WARNING challenge not cleared for contest_id=1120876 -- bundle not written
captured=0 skipped=238 failed=2
EXIT=0
2026-08-05 14:37:48,574 WARNING challenge not cleared for contest_id=1117940 -- bundle not written
captured=0 skipped=238 failed=2
2026-08-05 14:37:48,922 WARNING challenge not cleared for contest_id=1111702 -- bundle not written
EXIT=0
captured=0 skipped=237 failed=2
EXIT=0
2026-08-05 14:37:49,687 WARNING challenge not cleared for contest_id=1110067 -- bundle not written
2026-08-05 14:37:49,899 WARNING challenge not cleared for contest_id=1118112 -- bundle not written
2026-08-05 14:37:50,018 WARNING challenge not cleared for contest_id=1110231 -- bundle not written
2026-08-05 14:37:50,101 WARNING challenge not cleared for contest_id=1111571 -- bundle not written
2026-08-05 14:37:50,472 WARNING challenge not cleared for contest_id=1114227 -- bundle not written
2026-08-05 14:37:51,865 WARNING challenge not cleared for contest_id=1107780 -- bundle not written
2026-08-05 14:37:55,897 WARNING challenge not cleared for contest_id=1114263 -- bundle not written
captured=0 skipped=238 failed=2
EXIT=0
2026-08-05 14:38:20,649 WARNING challenge not cleared for contest_id=1112485 -- bundle not written
2026-08-05 14:38:21,375 WARNING challenge not cleared for contest_id=1115306 -- bundle not written
2026-08-05 14:38:21,493 WARNING challenge not cleared for contest_id=1122850 -- bundle not written
captured=0 skipped=236 failed=3
EXIT=0
2026-08-05 14:38:22,401 WARNING challenge not cleared for contest_id=1110602 -- bundle not written
2026-08-05 14:38:22,895 WARNING challenge not cleared for contest_id=1118655 -- bundle not written
captured=0 skipped=237 failed=3
EXIT=0
2026-08-05 14:38:23,730 WARNING challenge not cleared for contest_id=1114625 -- bundle not written
captured=0 skipped=237 failed=3
EXIT=0
2026-08-05 14:38:51,472 WARNING challenge not cleared for contest_id=1112805 -- bundle not written
2026-08-05 14:38:52,420 WARNING challenge not cleared for contest_id=1118125 -- bundle not written
2026-08-05 14:38:54,216 WARNING challenge not cleared for contest_id=1111771 -- bundle not written
2026-08-05 14:39:22,000 WARNING challenge not cleared for contest_id=1116633 -- bundle not written
captured=0 skipped=235 failed=5
EXIT=0
2026-08-05 14:39:23,061 WARNING challenge not cleared for contest_id=1123223 -- bundle not written
captured=0 skipped=235 failed=5
EXIT=0
2026-08-05 14:39:25,855 WARNING challenge not cleared for contest_id=1122866 -- bundle not written
2026-08-05 14:39:57,559 WARNING challenge not cleared for contest_id=1122974 -- bundle not written
captured=0 skipped=234 failed=6
EXIT=0
[14:39:58] === parse captured bundles -> mbb/json/ ===
log -> logs/parse_20260805_143958.log  (watch: tail -f logs/parse_20260805_143958.log)
seasons=all bundles=99240 pending=0 force=False shard=1/24 assigned=0
parsed=0 failed=0

EXIT=0
[14:40:14] DONE: captured_bundles=99240 parsed_json=99240 (capture rc=0)
[14:40:14] next -> build the -data parquet:
[14:40:14]   cd /c/Users/saiem/Documents/GitHub-Data/sdv-dev/hoopR-dev/ncaa-mbb-hoops-raw/../ncaa-mbb-hoops-data && python -m ncaa_mbb_data_build build --dataset all --season 2010
EXIT=0
[2026-08-05 14:40:14] season 2010: round 2 captured nothing (43 left, un-capturable) -- treating as done
[2026-08-05 14:40:14] campaign finished 2017..2010
EXIT=0
[2026-08-11 19:47:36] campaign: seasons 2017..2012 (desc), vendor=decodo_patchright, chunk=400, workers=8
[2026-08-11 19:47:36] log -> logs/backfill_range_20260811_194736.log   (watch: tail -f logs/backfill_range_20260811_194736.log)
[2026-08-11 19:47:36] === season 2017 ===
[19:47:36] NCAA MBB backfill: season=2017 workers=8
[19:47:36] watch this run:  tail -f /c/Users/saiem/Documents/GitHub-Data/sdv-dev/hoopR-dev/ncaa-mbb-hoops-raw/logs/backfill_2017_20260811_194736.log
[19:47:36] === skip discover (season 2017 already in schedule_master; delete mbb/schedule_master.parquet to force) ===
[19:47:36] === capture 2017: 8 worker(s), chunk=400 new bundles per worker ===
proxy creds loaded from /c/Users/saiem/.Renviron (values hidden)
proxy creds loaded from /c/Users/saiem/.Renviron (values hidden)
proxy creds loaded from /c/Users/saiem/.Renviron (values hidden)
proxy creds loaded from /c/Users/saiem/.Renviron (values hidden)
log -> logs/capture_20260811_194737.log  (watch: tail -f logs/capture_20260811_194737.log)
proxy creds loaded from /c/Users/saiem/.Renviron (values hidden)
proxy creds loaded from /c/Users/saiem/.Renviron (values hidden)
proxy creds loaded from /c/Users/saiem/.Renviron (values hidden)
log -> logs/capture_20260811_194737.log  (watch: tail -f logs/capture_20260811_194737.log)
log -> logs/capture_20260811_194737.log  (watch: tail -f logs/capture_20260811_194737.log)
proxy creds loaded from /c/Users/saiem/.Renviron (values hidden)
log -> logs/capture_20260811_194737.log  (watch: tail -f logs/capture_20260811_194737.log)
log -> logs/capture_20260811_194737.log  (watch: tail -f logs/capture_20260811_194737.log)
log -> logs/capture_20260811_194737.log  (watch: tail -f logs/capture_20260811_194737.log)
log -> logs/capture_20260811_194737.log  (watch: tail -f logs/capture_20260811_194737.log)
log -> logs/capture_20260811_194737.log  (watch: tail -f logs/capture_20260811_194737.log)
pending=5972 shard=0/8 assigned=747
transport: canary vendor 'decodo_patchright'
2026-08-11 19:47:40,109 INFO vendor decodo_patchright: 50 prox(y/ies), sticky session re-minted -> session-cap1786492060w0
captured=0 skipped=747 failed=0
pending=5972 shard=5/8 assigned=746
transport: canary vendor 'decodo_patchright'
2026-08-11 19:47:40,213 INFO vendor decodo_patchright: 50 prox(y/ies), sticky session re-minted -> session-cap1786492060w5
pending=5972 shard=1/8 assigned=747
transport: canary vendor 'decodo_patchright'
2026-08-11 19:47:40,228 INFO vendor decodo_patchright: 50 prox(y/ies), sticky session re-minted -> session-cap1786492060w1
pending=5972 shard=2/8 assigned=747
transport: canary vendor 'decodo_patchright'
2026-08-11 19:47:40,233 INFO vendor decodo_patchright: 50 prox(y/ies), sticky session re-minted -> session-cap1786492060w2
pending=5972 shard=6/8 assigned=746
transport: canary vendor 'decodo_patchright'
2026-08-11 19:47:40,237 INFO vendor decodo_patchright: 50 prox(y/ies), sticky session re-minted -> session-cap1786492060w6
pending=5972 shard=3/8 assigned=747
transport: canary vendor 'decodo_patchright'
2026-08-11 19:47:40,272 INFO vendor decodo_patchright: 50 prox(y/ies), sticky session re-minted -> session-cap1786492060w3
pending=5972 shard=4/8 assigned=746
transport: canary vendor 'decodo_patchright'
2026-08-11 19:47:40,271 INFO vendor decodo_patchright: 50 prox(y/ies), sticky session re-minted -> session-cap1786492060w4
captured=0 skipped=747 failed=0
pending=5972 shard=7/8 assigned=746
transport: canary vendor 'decodo_patchright'
captured=0 skipped=746 failed=0
captured=0 skipped=747 failed=0
2026-08-11 19:47:40,290 INFO vendor decodo_patchright: 50 prox(y/ies), sticky session re-minted -> session-cap1786492060w7
captured=0 skipped=746 failed=0
captured=0 skipped=747 failed=0
EXIT=0
EXIT=0
EXIT=0
EXIT=0
EXIT=0
EXIT=0
2026-08-11 19:48:15,601 WARNING challenge not cleared for contest_id=191814 -- bundle not written
captured=0 skipped=745 failed=1
EXIT=0
captured=104 skipped=642 failed=0
EXIT=0
[20:45:43] === parse captured bundles -> mbb/json/ ===
log -> logs/parse_20260811_204543.log  (watch: tail -f logs/parse_20260811_204543.log)

,043 INFO ncaa_identity: contest_id=192608 teams 2436/2436 matched, players 5834/6901 matched
parsed=8 failed=0
EXIT=0
[20:46:09] DONE: captured_bundles=99344 parsed_json=99344 (capture rc=0)
[20:46:09] next -> build the -data parquet:
[20:46:09]   cd /c/Users/saiem/Documents/GitHub-Data/sdv-dev/hoopR-dev/ncaa-mbb-hoops-raw/../ncaa-mbb-hoops-data && python -m ncaa_mbb_data_build build --dataset all --season 2017
EXIT=0
[2026-08-11 20:46:09] season 2017: chunk 1 done, 1 remaining -- cooling 300s (fresh sticky session next)
[20:51:09] NCAA MBB backfill: season=2017 workers=8
[20:51:09] watch this run:  tail -f /c/Users/saiem/Documents/GitHub-Data/sdv-dev/hoopR-dev/ncaa-mbb-hoops-raw/logs/backfill_2017_20260811_205109.log
[20:51:10] === skip discover (season 2017 already in schedule_master; delete mbb/schedule_master.parquet to force) ===
[20:51:10] === capture 2017: 8 worker(s), chunk=400 new bundles per worker ===
proxy creds loaded from /c/Users/saiem/.Renviron (values hidden)
proxy creds loaded from /c/Users/saiem/.Renviron (values hidden)
proxy creds loaded from /c/Users/saiem/.Renviron (values hidden)
proxy creds loaded from /c/Users/saiem/.Renviron (values hidden)
proxy creds loaded from /c/Users/saiem/.Renviron (values hidden)
proxy creds loaded from /c/Users/saiem/.Renviron (values hidden)
proxy creds loaded from /c/Users/saiem/.Renviron (values hidden)
proxy creds loaded from /c/Users/saiem/.Renviron (values hidden)
log -> logs/capture_20260811_205110.log  (watch: tail -f logs/capture_20260811_205110.log)
log -> logs/capture_20260811_205110.log  (watch: tail -f logs/capture_20260811_205110.log)
log -> logs/capture_20260811_205110.log  (watch: tail -f logs/capture_20260811_205110.log)
log -> logs/capture_20260811_205110.log  (watch: tail -f logs/capture_20260811_205110.log)
log -> logs/capture_20260811_205110.log  (watch: tail -f logs/capture_20260811_205110.log)
log -> logs/capture_20260811_205110.log  (watch: tail -f logs/capture_20260811_205110.log)
log -> logs/capture_20260811_205110.log  (watch: tail -f logs/capture_20260811_205110.log)
log -> logs/capture_20260811_205110.log  (watch: tail -f logs/capture_20260811_205110.log)
pending=5972 shard=1/8 assigned=747
transport: canary vendor 'decodo_patchright'
2026-08-11 20:51:13,463 INFO vendor decodo_patchright: 50 prox(y/ies), sticky session re-minted -> session-cap1786495873w1
pending=5972 shard=7/8 assigned=746
transport: canary vendor 'decodo_patchright'
2026-08-11 20:51:13,463 INFO vendor decodo_patchright: 50 prox(y/ies), sticky session re-minted -> session-cap1786495873w7
pending=5972 shard=6/8 assigned=746
transport: canary vendor 'decodo_patchright'
2026-08-11 20:51:13,464 INFO vendor decodo_patchright: 50 prox(y/ies), sticky session re-minted -> session-cap1786495873w6
pending=5972 shard=0/8 assigned=747
transport: canary vendor 'decodo_patchright'
2026-08-11 20:51:13,476 INFO vendor decodo_patchright: 50 prox(y/ies), sticky session re-minted -> session-cap1786495873w0
pending=5972 shard=5/8 assigned=746
transport: canary vendor 'decodo_patchright'
2026-08-11 20:51:13,481 INFO vendor decodo_patchright: 50 prox(y/ies), sticky session re-minted -> session-cap1786495873w5
captured=0 skipped=746 failed=0
captured=0 skipped=747 failed=0
pending=5972 shard=4/8 assigned=746
transport: canary vendor 'decodo_patchright'
captured=0 skipped=747 failed=0
2026-08-11 20:51:13,501 INFO vendor decodo_patchright: 50 prox(y/ies), sticky session re-minted -> session-cap1786495873w4
pending=5972 shard=2/8 assigned=747
transport: canary vendor 'decodo_patchright'
2026-08-11 20:51:13,515 INFO vendor decodo_patchright: 50 prox(y/ies), sticky session re-minted -> session-cap1786495873w2
captured=0 skipped=746 failed=0
captured=0 skipped=746 failed=0
pending=5972 shard=3/8 assigned=747
transport: canary vendor 'decodo_patchright'
2026-08-11 20:51:13,522 INFO vendor decodo_patchright: 50 prox(y/ies), sticky session re-minted -> session-cap1786495873w3
captured=0 skipped=747 failed=0
captured=0 skipped=747 failed=0
EXIT=0
EXIT=0
EXIT=0
EXIT=0
EXIT=0
EXIT=0
EXIT=0
2026-08-11 20:51:50,447 WARNING challenge not cleared for contest_id=191814 -- bundle not written
captured=0 skipped=745 failed=1
EXIT=0
[20:51:50] === parse captured bundles -> mbb/json/ ===
log -> logs/parse_20260811_205151.log  (watch: tail -f logs/parse_20260811_205151.log)
seasons=all bundles=99344 pending=0 force=False shard=4/12 assigned=0
parsed=0 failed=0

EXIT=0
[20:52:01] DONE: captured_bundles=99344 parsed_json=99344 (capture rc=0)
[20:52:01] next -> build the -data parquet:
[20:52:01]   cd /c/Users/saiem/Documents/GitHub-Data/sdv-dev/hoopR-dev/ncaa-mbb-hoops-raw/../ncaa-mbb-hoops-data && python -m ncaa_mbb_data_build build --dataset all --season 2017
EXIT=0
[2026-08-11 20:52:01] season 2017: round 2 captured nothing (1 left, un-capturable) -- treating as done
[2026-08-11 20:52:01] === season 2016 ===
[20:52:02] NCAA MBB backfill: season=2016 workers=8
[20:52:02] watch this run:  tail -f /c/Users/saiem/Documents/GitHub-Data/sdv-dev/hoopR-dev/ncaa-mbb-hoops-raw/logs/backfill_2016_20260811_205202.log
[20:52:02] === skip discover (season 2016 already in schedule_master; delete mbb/schedule_master.parquet to force) ===
[20:52:02] === capture 2016: 8 worker(s), chunk=400 new bundles per worker ===
proxy creds loaded from /c/Users/saiem/.Renviron (values hidden)
proxy creds loaded from /c/Users/saiem/.Renviron (values hidden)
proxy creds loaded from /c/Users/saiem/.Renviron (values hidden)
proxy creds loaded from /c/Users/saiem/.Renviron (values hidden)
proxy creds loaded from /c/Users/saiem/.Renviron (values hidden)
log -> logs/capture_20260811_205202.log  (watch: tail -f logs/capture_20260811_205202.log)
log -> logs/capture_20260811_205202.log  (watch: tail -f logs/capture_20260811_205202.log)
log -> logs/capture_20260811_205202.log  (watch: tail -f logs/capture_20260811_205202.log)
log -> logs/capture_20260811_205202.log  (watch: tail -f logs/capture_20260811_205202.log)
proxy creds loaded from /c/Users/saiem/.Renviron (values hidden)
proxy creds loaded from /c/Users/saiem/.Renviron (values hidden)
log -> logs/capture_20260811_205202.log  (watch: tail -f logs/capture_20260811_205202.log)
proxy creds loaded from /c/Users/saiem/.Renviron (values hidden)
log -> logs/capture_20260811_205202.log  (watch: tail -f logs/capture_20260811_205202.log)
log -> logs/capture_20260811_205202.log  (watch: tail -f logs/capture_20260811_205202.log)
log -> logs/capture_20260811_205202.log  (watch: tail -f logs/capture_20260811_205202.log)
pending=5950 shard=0/8 assigned=744
transport: canary vendor 'decodo_patchright'
2026-08-11 20:52:05,575 INFO vendor decodo_patchright: 50 prox(y/ies), sticky session re-minted -> session-cap1786495925w0
pending=5950 shard=1/8 assigned=744
transport: canary vendor 'decodo_patchright'
2026-08-11 20:52:05,629 INFO vendor decodo_patchright: 50 prox(y/ies), sticky session re-minted -> session-cap1786495925w1
captured=0 skipped=744 failed=0
pending=5950 shard=3/8 assigned=744
transport: canary vendor 'decodo_patchright'
pending=5950 shard=6/8 assigned=743
transport: canary vendor 'decodo_patchright'
2026-08-11 20:52:05,684 INFO vendor decodo_patchright: 50 prox(y/ies), sticky session re-minted -> session-cap1786495925w6
pending=5950 shard=4/8 assigned=744
transport: canary vendor 'decodo_patchright'
2026-08-11 20:52:05,684 INFO vendor decodo_patchright: 50 prox(y/ies), sticky session re-minted -> session-cap1786495925w3
pending=5950 shard=2/8 assigned=744
transport: canary vendor 'decodo_patchright'
2026-08-11 20:52:05,708 INFO vendor decodo_patchright: 50 prox(y/ies), sticky session re-minted -> session-cap1786495925w2
2026-08-11 20:52:05,695 INFO vendor decodo_patchright: 50 prox(y/ies), sticky session re-minted -> session-cap1786495925w4
captured=0 skipped=744 failed=0
captured=0 skipped=744 failed=0
pending=5950 shard=5/8 assigned=744
transport: canary vendor 'decodo_patchright'
2026-08-11 20:52:05,753 INFO vendor decodo_patchright: 50 prox(y/ies), sticky session re-minted -> session-cap1786495925w5
pending=5950 shard=7/8 assigned=743
transport: canary vendor 'decodo_patchright'
captured=0 skipped=744 failed=0
2026-08-11 20:52:05,794 INFO vendor decodo_patchright: 50 prox(y/ies), sticky session re-minted -> session-cap1786495925w7
captured=0 skipped=743 failed=0
EXIT=0
EXIT=0
EXIT=0
EXIT=0
EXIT=0
2026-08-11 20:52:39,254 WARNING challenge not cleared for contest_id=255413 -- bundle not written
captured=0 skipped=743 failed=1
EXIT=0
captured=22 skipped=722 failed=0
EXIT=0
EXIT=127
[2026-08-11 21:19:20] campaign: seasons 2016..2012 (desc), vendor=decodo_patchright, chunk=400, workers=23
[2026-08-11 21:19:20] log -> logs/backfill_range_20260811_211920.log   (watch: tail -f logs/backfill_range_20260811_211920.log)
[2026-08-11 21:19:20] === season 2016 ===
[21:19:21] NCAA MBB backfill: season=2016 workers=23
[21:19:21] watch this run:  tail -f /c/Users/saiem/Documents/GitHub-Data/sdv-dev/hoopR-dev/ncaa-mbb-hoops-raw/logs/backfill_2016_20260811_211921.log
[21:19:21] === skip discover (season 2016 already in schedule_master; delete mbb/schedule_master.parquet to force) ===
[21:19:21] === capture 2016: 23 worker(s), chunk=400 new bundles per worker ===
proxy creds loaded from /c/Users/saiem/.Renviron (values hidden)
proxy creds loaded from /c/Users/saiem/.Renviron (values hidden)
proxy creds loaded from /c/Users/saiem/.Renviron (values hidden)
proxy creds loaded from /c/Users/saiem/.Renviron (values hidden)
proxy creds loaded from /c/Users/saiem/.Renviron (values hidden)
proxy creds loaded from /c/Users/saiem/.Renviron (values hidden)
proxy creds loaded from /c/Users/saiem/.Renviron (values hidden)
log -> logs/capture_20260811_211922.log  (watch: tail -f logs/capture_20260811_211922.log)
log -> logs/capture_20260811_211922.log  (watch: tail -f logs/capture_20260811_211922.log)
log -> logs/capture_20260811_211922.log  (watch: tail -f logs/capture_20260811_211922.log)
proxy creds loaded from /c/Users/saiem/.Renviron (values hidden)
proxy creds loaded from /c/Users/saiem/.Renviron (values hidden)
log -> logs/capture_20260811_211922.log  (watch: tail -f logs/capture_20260811_211922.log)
proxy creds loaded from /c/Users/saiem/.Renviron (values hidden)
proxy creds loaded from /c/Users/saiem/.Renviron (values hidden)
log -> logs/capture_20260811_211922.log  (watch: tail -f logs/capture_20260811_211922.log)
log -> logs/capture_20260811_211922.log  (watch: tail -f logs/capture_20260811_211922.log)
proxy creds loaded from /c/Users/saiem/.Renviron (values hidden)
proxy creds loaded from /c/Users/saiem/.Renviron (values hidden)
log -> logs/capture_20260811_211922.log  (watch: tail -f logs/capture_20260811_211922.log)
log -> logs/capture_20260811_211922.log  (watch: tail -f logs/capture_20260811_211922.log)
proxy creds loaded from /c/Users/saiem/.Renviron (values hidden)
log -> logs/capture_20260811_211922.log  (watch: tail -f logs/capture_20260811_211922.log)
proxy creds loaded from /c/Users/saiem/.Renviron (values hidden)
log -> logs/capture_20260811_211922.log  (watch: tail -f logs/capture_20260811_211922.log)
log -> logs/capture_20260811_211922.log  (watch: tail -f logs/capture_20260811_211922.log)
proxy creds loaded from /c/Users/saiem/.Renviron (values hidden)
log -> logs/capture_20260811_211922.log  (watch: tail -f logs/capture_20260811_211922.log)
log -> logs/capture_20260811_211922.log  (watch: tail -f logs/capture_20260811_211922.log)
proxy creds loaded from /c/Users/saiem/.Renviron (values hidden)
proxy creds loaded from /c/Users/saiem/.Renviron (values hidden)
proxy creds loaded from /c/Users/saiem/.Renviron (values hidden)
proxy creds loaded from /c/Users/saiem/.Renviron (values hidden)
log -> logs/capture_20260811_211922.log  (watch: tail -f logs/capture_20260811_211922.log)
log -> logs/capture_20260811_211922.log  (watch: tail -f logs/capture_20260811_211922.log)
log -> logs/capture_20260811_211922.log  (watch: tail -f logs/capture_20260811_211922.log)
proxy creds loaded from /c/Users/saiem/.Renviron (values hidden)
proxy creds loaded from /c/Users/saiem/.Renviron (values hidden)
log -> logs/capture_20260811_211922.log  (watch: tail -f logs/capture_20260811_211922.log)
log -> logs/capture_20260811_211922.log  (watch: tail -f logs/capture_20260811_211922.log)
log -> logs/capture_20260811_211922.log  (watch: tail -f logs/capture_20260811_211922.log)
proxy creds loaded from /c/Users/saiem/.Renviron (values hidden)
log -> logs/capture_20260811_211922.log  (watch: tail -f logs/capture_20260811_211922.log)
log -> logs/capture_20260811_211922.log  (watch: tail -f logs/capture_20260811_211922.log)
log -> logs/capture_20260811_211922.log  (watch: tail -f logs/capture_20260811_211922.log)
log -> logs/capture_20260811_211922.log  (watch: tail -f logs/capture_20260811_211922.log)
pending=5950 shard=12/23 assigned=259
transport: canary vendor 'decodo_patchright'
2026-08-11 21:19:26,944 INFO vendor decodo_patchright: 50 prox(y/ies), sticky session re-minted -> session-cap1786497566w12
pending=5950 shard=4/23 assigned=259
transport: canary vendor 'decodo_patchright'
2026-08-11 21:19:26,942 INFO vendor decodo_patchright: 50 prox(y/ies), sticky session re-minted -> session-cap1786497566w4
pending=5950 shard=15/23 assigned=259
transport: canary vendor 'decodo_patchright'
2026-08-11 21:19:27,853 INFO vendor decodo_patchright: 50 prox(y/ies), sticky session re-minted -> session-cap1786497567w15
pending=5950 shard=5/23 assigned=259
transport: canary vendor 'decodo_patchright'
pending=5950 shard=0/23 assigned=259
transport: canary vendor 'decodo_patchright'
pending=5950 shard=6/23 assigned=259
transport: canary vendor 'decodo_patchright'
2026-08-11 21:19:30,220 INFO vendor decodo_patchright: 50 prox(y/ies), sticky session re-minted -> session-cap1786497570w5
2026-08-11 21:19:30,496 INFO vendor decodo_patchright: 50 prox(y/ies), sticky session re-minted -> session-cap1786497570w0
2026-08-11 21:19:30,550 INFO vendor decodo_patchright: 50 prox(y/ies), sticky session re-minted -> session-cap1786497570w6
pending=5950 shard=2/23 assigned=259
transport: canary vendor 'decodo_patchright'
2026-08-11 21:19:31,583 INFO vendor decodo_patchright: 50 prox(y/ies), sticky session re-minted -> session-cap1786497571w2
pending=5950 shard=9/23 assigned=259
transport: canary vendor 'decodo_patchright'
2026-08-11 21:19:31,604 INFO vendor decodo_patchright: 50 prox(y/ies), sticky session re-minted -> session-cap1786497571w9
pending=5950 shard=18/23 assigned=258
transport: canary vendor 'decodo_patchright'
pending=5950 shard=19/23 assigned=258
transport: canary vendor 'decodo_patchright'
2026-08-11 21:19:31,636 INFO vendor decodo_patchright: 50 prox(y/ies), sticky session re-minted -> session-cap1786497571w19
pending=5950 shard=22/23 assigned=258
transport: canary vendor 'decodo_patchright'
2026-08-11 21:19:31,680 INFO vendor decodo_patchright: 50 prox(y/ies), sticky session re-minted -> session-cap1786497571w22
pending=5950 shard=14/23 assigned=259
transport: canary vendor 'decodo_patchright'
pending=5950 shard=7/23 assigned=259
transport: canary vendor 'decodo_patchright'
pending=5950 shard=20/23 assigned=258
transport: canary vendor 'decodo_patchright'
2026-08-11 21:19:31,732 INFO vendor decodo_patchright: 50 prox(y/ies), sticky session re-minted -> session-cap1786497571w7
pending=5950 shard=3/23 assigned=259
transport: canary vendor 'decodo_patchright'
2026-08-11 21:19:31,756 INFO vendor decodo_patchright: 50 prox(y/ies), sticky session re-minted -> session-cap1786497571w20
pending=5950 shard=1/23 assigned=259
transport: canary vendor 'decodo_patchright'
2026-08-11 21:19:31,765 INFO vendor decodo_patchright: 50 prox(y/ies), sticky session re-minted -> session-cap1786497571w18
2026-08-11 21:19:31,759 INFO vendor decodo_patchright: 50 prox(y/ies), sticky session re-minted -> session-cap1786497571w14
2026-08-11 21:19:31,782 INFO vendor decodo_patchright: 50 prox(y/ies), sticky session re-minted -> session-cap1786497571w3
pending=5950 shard=13/23 assigned=259
transport: canary vendor 'decodo_patchright'
pending=5950 shard=11/23 assigned=259
transport: canary vendor 'decodo_patchright'
pending=5950 shard=17/23 assigned=258
transport: canary vendor 'decodo_patchright'
2026-08-11 21:19:32,005 INFO vendor decodo_patchright: 50 prox(y/ies), sticky session re-minted -> session-cap1786497572w1
pending=5950 shard=16/23 assigned=258
transport: canary vendor 'decodo_patchright'
pending=5950 shard=8/23 assigned=259
transport: canary vendor 'decodo_patchright'
2026-08-11 21:19:32,181 INFO vendor decodo_patchright: 50 prox(y/ies), sticky session re-minted -> session-cap1786497572w11
2026-08-11 21:19:32,239 INFO vendor decodo_patchright: 50 prox(y/ies), sticky session re-minted -> session-cap1786497572w13
pending=5950 shard=10/23 assigned=259
transport: canary vendor 'decodo_patchright'
2026-08-11 21:19:32,389 INFO vendor decodo_patchright: 50 prox(y/ies), sticky session re-minted -> session-cap1786497572w17
pending=5950 shard=21/23 assigned=258
transport: canary vendor 'decodo_patchright'
2026-08-11 21:19:32,542 INFO vendor decodo_patchright: 50 prox(y/ies), sticky session re-minted -> session-cap1786497572w8
2026-08-11 21:19:32,548 INFO vendor decodo_patchright: 50 prox(y/ies), sticky session re-minted -> session-cap1786497572w16
2026-08-11 21:19:32,563 INFO vendor decodo_patchright: 50 prox(y/ies), sticky session re-minted -> session-cap1786497572w21
2026-08-11 21:19:32,600 INFO vendor decodo_patchright: 50 prox(y/ies), sticky session re-minted -> session-cap1786497572w10
captured=7 skipped=252 failed=0
EXIT=0
captured=7 skipped=251 failed=0
EXIT=0
captured=7 skipped=251 failed=0
captured=7 skipped=252 failed=0
EXIT=0
EXIT=0
captured=7 skipped=252 failed=0
EXIT=0
captured=7 skipped=252 failed=0
captured=7 skipped=252 failed=0
EXIT=0
EXIT=0
captured=7 skipped=251 failed=0
EXIT=0
captured=7 skipped=251 failed=0
EXIT=0
captured=7 skipped=251 failed=0
EXIT=0
captured=8 skipped=251 failed=0
EXIT=0
captured=8 skipped=251 failed=0
EXIT=0
2026-08-11 21:23:55,071 WARNING challenge not cleared for contest_id=255413 -- bundle not written
captured=8 skipped=251 failed=0
captured=8 skipped=251 failed=0
EXIT=0
captured=8 skipped=251 failed=0
EXIT=0
EXIT=0
captured=8 skipped=251 failed=0
EXIT=0
captured=8 skipped=251 failed=0
EXIT=0
captured=8 skipped=251 failed=0
EXIT=0
captured=8 skipped=250 failed=1
EXIT=0
captured=7 skipped=251 failed=0
EXIT=0
captured=7 skipped=251 failed=0
EXIT=0
captured=8 skipped=251 failed=0
EXIT=0
captured=8 skipped=251 failed=0
EXIT=0
[21:26:46] === parse captured bundles -> mbb/json/ ===
log -> logs/parse_20260811_212646.log  (watch: tail -f logs/parse_20260811_212646.log)
2026-08-11 21:27:15,208 INFO ncaa_identity: contest_id=254861 teams 2254/2254 matched, players 5989/6369 matched
2026-08-11 21:27:16,303 INFO ncaa_identity: contest_id=255261 teams 2497/2497 matched, players 6609/7044 matched
parsed=15 failed=0
EXIT=0
[21:27:18] DONE: captured_bundles=99585 parsed_json=99585 (capture rc=0)
[21:27:18] next -> build the -data parquet:
[21:27:18]   cd /c/Users/saiem/Documents/GitHub-Data/sdv-dev/hoopR-dev/ncaa-mbb-hoops-raw/../ncaa-mbb-hoops-data && python -m ncaa_mbb_data_build build --dataset all --season 2016
EXIT=0
[2026-08-11 21:27:19] season 2016: chunk 1 done, 1 remaining -- cooling 300s (fresh sticky session next)
[21:32:19] NCAA MBB backfill: season=2016 workers=23
[21:32:19] watch this run:  tail -f /c/Users/saiem/Documents/GitHub-Data/sdv-dev/hoopR-dev/ncaa-mbb-hoops-raw/logs/backfill_2016_20260811_213219.log
[21:32:19] === skip discover (season 2016 already in schedule_master; delete mbb/schedule_master.parquet to force) ===
[21:32:19] === capture 2016: 23 worker(s), chunk=400 new bundles per worker ===
proxy creds loaded from /c/Users/saiem/.Renviron (values hidden)
proxy creds loaded from /c/Users/saiem/.Renviron (values hidden)
proxy creds loaded from /c/Users/saiem/.Renviron (values hidden)
proxy creds loaded from /c/Users/saiem/.Renviron (values hidden)
proxy creds loaded from /c/Users/saiem/.Renviron (values hidden)
proxy creds loaded from /c/Users/saiem/.Renviron (values hidden)
proxy creds loaded from /c/Users/saiem/.Renviron (values hidden)
log -> logs/capture_20260811_213220.log  (watch: tail -f logs/capture_20260811_213220.log)
log -> logs/capture_20260811_213220.log  (watch: tail -f logs/capture_20260811_213220.log)
log -> logs/capture_20260811_213220.log  (watch: tail -f logs/capture_20260811_213220.log)
log -> logs/capture_20260811_213220.log  (watch: tail -f logs/capture_20260811_213220.log)
proxy creds loaded from /c/Users/saiem/.Renviron (values hidden)
log -> logs/capture_20260811_213220.log  (watch: tail -f logs/capture_20260811_213220.log)
log -> logs/capture_20260811_213220.log  (watch: tail -f logs/capture_20260811_213220.log)
proxy creds loaded from /c/Users/saiem/.Renviron (values hidden)
proxy creds loaded from /c/Users/saiem/.Renviron (values hidden)
proxy creds loaded from /c/Users/saiem/.Renviron (values hidden)
proxy creds loaded from /c/Users/saiem/.Renviron (values hidden)
proxy creds loaded from /c/Users/saiem/.Renviron (values hidden)
log -> logs/capture_20260811_213220.log  (watch: tail -f logs/capture_20260811_213220.log)
log -> logs/capture_20260811_213220.log  (watch: tail -f logs/capture_20260811_213220.log)
proxy creds loaded from /c/Users/saiem/.Renviron (values hidden)
proxy creds loaded from /c/Users/saiem/.Renviron (values hidden)
proxy creds loaded from /c/Users/saiem/.Renviron (values hidden)
log -> logs/capture_20260811_213221.log  (watch: tail -f logs/capture_20260811_213221.log)
proxy creds loaded from /c/Users/saiem/.Renviron (values hidden)
proxy creds loaded from /c/Users/saiem/.Renviron (values hidden)
log -> logs/capture_20260811_213221.log  (watch: tail -f logs/capture_20260811_213221.log)
log -> logs/capture_20260811_213221.log  (watch: tail -f logs/capture_20260811_213221.log)
log -> logs/capture_20260811_213221.log  (watch: tail -f logs/capture_20260811_213221.log)
log -> logs/capture_20260811_213221.log  (watch: tail -f logs/capture_20260811_213221.log)
proxy creds loaded from /c/Users/saiem/.Renviron (values hidden)
proxy creds loaded from /c/Users/saiem/.Renviron (values hidden)
log -> logs/capture_20260811_213221.log  (watch: tail -f logs/capture_20260811_213221.log)
log -> logs/capture_20260811_213221.log  (watch: tail -f logs/capture_20260811_213221.log)
log -> logs/capture_20260811_213221.log  (watch: tail -f logs/capture_20260811_213221.log)
proxy creds loaded from /c/Users/saiem/.Renviron (values hidden)
log -> logs/capture_20260811_213221.log  (watch: tail -f logs/capture_20260811_213221.log)
proxy creds loaded from /c/Users/saiem/.Renviron (values hidden)
log -> logs/capture_20260811_213221.log  (watch: tail -f logs/capture_20260811_213221.log)
log -> logs/capture_20260811_213221.log  (watch: tail -f logs/capture_20260811_213221.log)
proxy creds loaded from /c/Users/saiem/.Renviron (values hidden)
log -> logs/capture_20260811_213221.log  (watch: tail -f logs/capture_20260811_213221.log)
log -> logs/capture_20260811_213221.log  (watch: tail -f logs/capture_20260811_213221.log)
log -> logs/capture_20260811_213221.log  (watch: tail -f logs/capture_20260811_213221.log)
log -> logs/capture_20260811_213221.log  (watch: tail -f logs/capture_20260811_213221.log)
pending=5950 shard=0/23 assigned=259
transport: canary vendor 'decodo_patchright'
2026-08-11 21:32:25,281 INFO vendor decodo_patchright: 50 prox(y/ies), sticky session re-minted -> session-cap1786498345w0
captured=0 skipped=259 failed=0
pending=5950 shard=1/23 assigned=259
transport: canary vendor 'decodo_patchright'
2026-08-11 21:32:25,787 INFO vendor decodo_patchright: 50 prox(y/ies), sticky session re-minted -> session-cap1786498345w1
captured=0 skipped=259 failed=0
pending=5950 shard=5/23 assigned=259
transport: canary vendor 'decodo_patchright'
2026-08-11 21:32:26,266 INFO vendor decodo_patchright: 50 prox(y/ies), sticky session re-minted -> session-cap1786498346w5
captured=0 skipped=259 failed=0
pending=5950 shard=4/23 assigned=259
transport: canary vendor 'decodo_patchright'
2026-08-11 21:32:26,279 INFO vendor decodo_patchright: 50 prox(y/ies), sticky session re-minted -> session-cap1786498346w4
captured=0 skipped=259 failed=0
pending=5950 shard=3/23 assigned=259
transport: canary vendor 'decodo_patchright'
2026-08-11 21:32:27,773 INFO vendor decodo_patchright: 50 prox(y/ies), sticky session re-minted -> session-cap1786498347w3
pending=5950 shard=8/23 assigned=259
transport: canary vendor 'decodo_patchright'
2026-08-11 21:32:27,871 INFO vendor decodo_patchright: 50 prox(y/ies), sticky session re-minted -> session-cap1786498347w8
captured=0 skipped=259 failed=0
captured=0 skipped=259 failed=0
pending=5950 shard=2/23 assigned=259
transport: canary vendor 'decodo_patchright'
2026-08-11 21:32:27,932 INFO vendor decodo_patchright: 50 prox(y/ies), sticky session re-minted -> session-cap1786498347w2
captured=0 skipped=259 failed=0
pending=5950 shard=10/23 assigned=259
transport: canary vendor 'decodo_patchright'
2026-08-11 21:32:27,999 INFO vendor decodo_patchright: 50 prox(y/ies), sticky session re-minted -> session-cap1786498347w10
pending=5950 shard=12/23 assigned=259
transport: canary vendor 'decodo_patchright'
captured=0 skipped=259 failed=0
EXIT=0
pending=5950 shard=19/23 assigned=258
transport: canary vendor 'decodo_patchright'
pending=5950 shard=16/23 assigned=258
transport: canary vendor 'decodo_patchright'
2026-08-11 21:32:28,250 INFO vendor decodo_patchright: 50 prox(y/ies), sticky session re-minted -> session-cap1786498348w12
captured=0 skipped=259 failed=0
2026-08-11 21:32:28,308 INFO vendor decodo_patchright: 50 prox(y/ies), sticky session re-minted -> session-cap1786498348w19
captured=0 skipped=258 failed=0
2026-08-11 21:32:28,384 INFO vendor decodo_patchright: 50 prox(y/ies), sticky session re-minted -> session-cap1786498348w16
captured=0 skipped=258 failed=0
EXIT=0
EXIT=0
EXIT=0
EXIT=0
EXIT=0
pending=5950 shard=13/23 assigned=259
transport: canary vendor 'decodo_patchright'
2026-08-11 21:32:28,982 INFO vendor decodo_patchright: 50 prox(y/ies), sticky session re-minted -> session-cap1786498348w13
captured=0 skipped=259 failed=0
pending=5950 shard=20/23 assigned=258
transport: canary vendor 'decodo_patchright'
pending=5950 shard=14/23 assigned=259
transport: canary vendor 'decodo_patchright'
EXIT=0
2026-08-11 21:32:29,098 INFO vendor decodo_patchright: 50 prox(y/ies), sticky session re-minted -> session-cap1786498349w14
2026-08-11 21:32:29,097 INFO vendor decodo_patchright: 50 prox(y/ies), sticky session re-minted -> session-cap1786498349w20
EXIT=0
EXIT=0
captured=0 skipped=259 failed=0
captured=0 skipped=258 failed=0
EXIT=0
pending=5950 shard=7/23 assigned=259
transport: canary vendor 'decodo_patchright'
2026-08-11 21:32:29,155 INFO vendor decodo_patchright: 50 prox(y/ies), sticky session re-minted -> session-cap1786498349w7
pending=5950 shard=6/23 assigned=259
transport: canary vendor 'decodo_patchright'
captured=0 skipped=259 failed=0
2026-08-11 21:32:29,184 INFO vendor decodo_patchright: 50 prox(y/ies), sticky session re-minted -> session-cap1786498349w6
pending=5950 shard=15/23 assigned=259
transport: canary vendor 'decodo_patchright'
2026-08-11 21:32:29,202 INFO vendor decodo_patchright: 50 prox(y/ies), sticky session re-minted -> session-cap1786498349w15
EXIT=0
captured=0 skipped=259 failed=0
pending=5950 shard=22/23 assigned=258
transport: canary vendor 'decodo_patchright'
2026-08-11 21:32:29,237 INFO vendor decodo_patchright: 50 prox(y/ies), sticky session re-minted -> session-cap1786498349w22
captured=0 skipped=258 failed=0
pending=5950 shard=18/23 assigned=258
transport: canary vendor 'decodo_patchright'
2026-08-11 21:32:29,291 INFO vendor decodo_patchright: 50 prox(y/ies), sticky session re-minted -> session-cap1786498349w18
captured=0 skipped=258 failed=0
pending=5950 shard=11/23 assigned=259
transport: canary vendor 'decodo_patchright'
2026-08-11 21:32:29,334 INFO vendor decodo_patchright: 50 prox(y/ies), sticky session re-minted -> session-cap1786498349w11
captured=0 skipped=259 failed=0
pending=5950 shard=9/23 assigned=259
transport: canary vendor 'decodo_patchright'
2026-08-11 21:32:29,363 INFO vendor decodo_patchright: 50 prox(y/ies), sticky session re-minted -> session-cap1786498349w9
captured=0 skipped=259 failed=0
pending=5950 shard=17/23 assigned=258
transport: canary vendor 'decodo_patchright'
2026-08-11 21:32:29,402 INFO vendor decodo_patchright: 50 prox(y/ies), sticky session re-minted -> session-cap1786498349w17
captured=0 skipped=258 failed=0
pending=5950 shard=21/23 assigned=258
transport: canary vendor 'decodo_patchright'
2026-08-11 21:32:29,480 INFO vendor decodo_patchright: 50 prox(y/ies), sticky session re-minted -> session-cap1786498349w21
captured=0 skipped=258 failed=0
EXIT=0
EXIT=0
EXIT=0
EXIT=0
EXIT=0
EXIT=0
EXIT=0
EXIT=0
EXIT=0
EXIT=0
EXIT=0
2026-08-11 21:33:05,682 WARNING challenge not cleared for contest_id=255413 -- bundle not written
captured=0 skipped=258 failed=1
EXIT=0
[21:33:06] === parse captured bundles -> mbb/json/ ===
log -> logs/parse_20260811_213306.log  (watch: tail -f logs/parse_20260811_213306.log)
seasons=all bundles=99585 pending=0 force=False shard=10/16 assigned=0
parsed=0 failed=0
EXIT=0
[21:33:19] DONE: captured_bundles=99585 parsed_json=99585 (capture rc=0)
[21:33:19] next -> build the -data parquet:
[21:33:19]   cd /c/Users/saiem/Documents/GitHub-Data/sdv-dev/hoopR-dev/ncaa-mbb-hoops-raw/../ncaa-mbb-hoops-data && python -m ncaa_mbb_data_build build --dataset all --season 2016
EXIT=0
[2026-08-11 21:33:19] season 2016: round 2 captured nothing (1 left, un-capturable) -- treating as done
[2026-08-11 21:33:19] === season 2015 ===
[21:33:20] NCAA MBB backfill: season=2015 workers=23
[21:33:20] watch this run:  tail -f /c/Users/saiem/Documents/GitHub-Data/sdv-dev/hoopR-dev/ncaa-mbb-hoops-raw/logs/backfill_2015_20260811_213320.log
[21:33:20] === skip discover (season 2015 already in schedule_master; delete mbb/schedule_master.parquet to force) ===
[21:33:20] === capture 2015: 23 worker(s), chunk=400 new bundles per worker ===
proxy creds loaded from /c/Users/saiem/.Renviron (values hidden)
proxy creds loaded from /c/Users/saiem/.Renviron (values hidden)
proxy creds loaded from /c/Users/saiem/.Renviron (values hidden)
proxy creds loaded from /c/Users/saiem/.Renviron (values hidden)
proxy creds loaded from /c/Users/saiem/.Renviron (values hidden)
proxy creds loaded from /c/Users/saiem/.Renviron (values hidden)
log -> logs/capture_20260811_213320.log  (watch: tail -f logs/capture_20260811_213320.log)
log -> logs/capture_20260811_213320.log  (watch: tail -f logs/capture_20260811_213320.log)
proxy creds loaded from /c/Users/saiem/.Renviron (values hidden)
proxy creds loaded from /c/Users/saiem/.Renviron (values hidden)
log -> logs/capture_20260811_213320.log  (watch: tail -f logs/capture_20260811_213320.log)
proxy creds loaded from /c/Users/saiem/.Renviron (values hidden)
proxy creds loaded from /c/Users/saiem/.Renviron (values hidden)
log -> logs/capture_20260811_213320.log  (watch: tail -f logs/capture_20260811_213320.log)
log -> logs/capture_20260811_213320.log  (watch: tail -f logs/capture_20260811_213320.log)
proxy creds loaded from /c/Users/saiem/.Renviron (values hidden)
proxy creds loaded from /c/Users/saiem/.Renviron (values hidden)
proxy creds loaded from /c/Users/saiem/.Renviron (values hidden)
log -> logs/capture_20260811_213320.log  (watch: tail -f logs/capture_20260811_213320.log)
log -> logs/capture_20260811_213320.log  (watch: tail -f logs/capture_20260811_213320.log)
proxy creds loaded from /c/Users/saiem/.Renviron (values hidden)
proxy creds loaded from /c/Users/saiem/.Renviron (values hidden)
log -> logs/capture_20260811_213321.log  (watch: tail -f logs/capture_20260811_213321.log)
proxy creds loaded from /c/Users/saiem/.Renviron (values hidden)
proxy creds loaded from /c/Users/saiem/.Renviron (values hidden)
proxy creds loaded from /c/Users/saiem/.Renviron (values hidden)
log -> logs/capture_20260811_213321.log  (watch: tail -f logs/capture_20260811_213321.log)
proxy creds loaded from /c/Users/saiem/.Renviron (values hidden)
log -> logs/capture_20260811_213321.log  (watch: tail -f logs/capture_20260811_213321.log)
log -> logs/capture_20260811_213321.log  (watch: tail -f logs/capture_20260811_213321.log)
log -> logs/capture_20260811_213321.log  (watch: tail -f logs/capture_20260811_213321.log)
log -> logs/capture_20260811_213321.log  (watch: tail -f logs/capture_20260811_213321.log)
proxy creds loaded from /c/Users/saiem/.Renviron (values hidden)
proxy creds loaded from /c/Users/saiem/.Renviron (values hidden)
log -> logs/capture_20260811_213321.log  (watch: tail -f logs/capture_20260811_213321.log)
log -> logs/capture_20260811_213321.log  (watch: tail -f logs/capture_20260811_213321.log)
proxy creds loaded from /c/Users/saiem/.Renviron (values hidden)
log -> logs/capture_20260811_213321.log  (watch: tail -f logs/capture_20260811_213321.log)
log -> logs/capture_20260811_213321.log  (watch: tail -f logs/capture_20260811_213321.log)
log -> logs/capture_20260811_213321.log  (watch: tail -f logs/capture_20260811_213321.log)
proxy creds loaded from /c/Users/saiem/.Renviron (values hidden)
log -> logs/capture_20260811_213321.log  (watch: tail -f logs/capture_20260811_213321.log)
log -> logs/capture_20260811_213321.log  (watch: tail -f logs/capture_20260811_213321.log)
log -> logs/capture_20260811_213321.log  (watch: tail -f logs/capture_20260811_213321.log)
log -> logs/capture_20260811_213321.log  (watch: tail -f logs/capture_20260811_213321.log)
log -> logs/capture_20260811_213321.log  (watch: tail -f logs/capture_20260811_213321.log)
pending=5932 shard=2/23 assigned=258
transport: canary vendor 'decodo_patchright'
2026-08-11 21:33:24,902 INFO vendor decodo_patchright: 50 prox(y/ies), sticky session re-minted -> session-cap1786498404w2
captured=0 skipped=258 failed=0
pending=5932 shard=3/23 assigned=258
transport: canary vendor 'decodo_patchright'
2026-08-11 21:33:25,047 INFO vendor decodo_patchright: 50 prox(y/ies), sticky session re-minted -> session-cap1786498405w3
captured=0 skipped=258 failed=0
pending=5932 shard=0/23 assigned=258
transport: canary vendor 'decodo_patchright'
2026-08-11 21:33:25,344 INFO vendor decodo_patchright: 50 prox(y/ies), sticky session re-minted -> session-cap1786498405w0
captured=0 skipped=258 failed=0
pending=5932 shard=1/23 assigned=258
transport: canary vendor 'decodo_patchright'
2026-08-11 21:33:25,662 INFO vendor decodo_patchright: 50 prox(y/ies), sticky session re-minted -> session-cap1786498405w1
pending=5932 shard=5/23 assigned=258
transport: canary vendor 'decodo_patchright'
2026-08-11 21:33:26,282 INFO vendor decodo_patchright: 50 prox(y/ies), sticky session re-minted -> session-cap1786498406w5
captured=0 skipped=258 failed=0
pending=5932 shard=17/23 assigned=258
transport: canary vendor 'decodo_patchright'
2026-08-11 21:33:26,948 INFO vendor decodo_patchright: 50 prox(y/ies), sticky session re-minted -> session-cap1786498406w17
captured=0 skipped=258 failed=0
EXIT=0
pending=5932 shard=13/23 assigned=258
transport: canary vendor 'decodo_patchright'
2026-08-11 21:33:26,996 INFO vendor decodo_patchright: 50 prox(y/ies), sticky session re-minted -> session-cap1786498406w13
captured=0 skipped=258 failed=0
pending=5932 shard=6/23 assigned=258
transport: canary vendor 'decodo_patchright'
2026-08-11 21:33:27,278 INFO vendor decodo_patchright: 50 prox(y/ies), sticky session re-minted -> session-cap1786498407w6
captured=0 skipped=258 failed=0
EXIT=0
EXIT=0
EXIT=0
EXIT=0
EXIT=0
pending=5932 shard=4/23 assigned=258
transport: canary vendor 'decodo_patchright'
2026-08-11 21:33:28,118 INFO vendor decodo_patchright: 50 prox(y/ies), sticky session re-minted -> session-cap1786498408w4
pending=5932 shard=14/23 assigned=258
transport: canary vendor 'decodo_patchright'
2026-08-11 21:33:28,112 INFO vendor decodo_patchright: 50 prox(y/ies), sticky session re-minted -> session-cap1786498408w14
pending=5932 shard=20/23 assigned=258
transport: canary vendor 'decodo_patchright'
captured=0 skipped=258 failed=0
pending=5932 shard=8/23 assigned=258
transport: canary vendor 'decodo_patchright'
2026-08-11 21:33:28,230 INFO vendor decodo_patchright: 50 prox(y/ies), sticky session re-minted -> session-cap1786498408w20
captured=0 skipped=258 failed=0
2026-08-11 21:33:28,260 INFO vendor decodo_patchright: 50 prox(y/ies), sticky session re-minted -> session-cap1786498408w8
pending=5932 shard=12/23 assigned=258
transport: canary vendor 'decodo_patchright'
pending=5932 shard=22/23 assigned=257
transport: canary vendor 'decodo_patchright'
2026-08-11 21:33:28,315 INFO vendor decodo_patchright: 50 prox(y/ies), sticky session re-minted -> session-cap1786498408w12
2026-08-11 21:33:28,319 INFO vendor decodo_patchright: 50 prox(y/ies), sticky session re-minted -> session-cap1786498408w22
captured=0 skipped=257 failed=0
captured=0 skipped=258 failed=0
pending=5932 shard=11/23 assigned=258
transport: canary vendor 'decodo_patchright'
2026-08-11 21:33:28,554 INFO vendor decodo_patchright: 50 prox(y/ies), sticky session re-minted -> session-cap1786498408w11
captured=0 skipped=258 failed=0
EXIT=0
pending=5932 shard=16/23 assigned=258
transport: canary vendor 'decodo_patchright'
EXIT=0
2026-08-11 21:33:28,654 INFO vendor decodo_patchright: 50 prox(y/ies), sticky session re-minted -> session-cap1786498408w16
pending=5932 shard=7/23 assigned=258
transport: canary vendor 'decodo_patchright'
pending=5932 shard=10/23 assigned=258
transport: canary vendor 'decodo_patchright'
2026-08-11 21:33:28,657 INFO vendor decodo_patchright: 50 prox(y/ies), sticky session re-minted -> session-cap1786498408w10
captured=0 skipped=258 failed=0
captured=0 skipped=258 failed=0
2026-08-11 21:33:28,682 INFO vendor decodo_patchright: 50 prox(y/ies), sticky session re-minted -> session-cap1786498408w7
pending=5932 shard=19/23 assigned=258
transport: canary vendor 'decodo_patchright'
2026-08-11 21:33:28,717 INFO vendor decodo_patchright: 50 prox(y/ies), sticky session re-minted -> session-cap1786498408w19
captured=0 skipped=258 failed=0
EXIT=0
pending=5932 shard=21/23 assigned=257
transport: canary vendor 'decodo_patchright'
2026-08-11 21:33:28,823 INFO vendor decodo_patchright: 50 prox(y/ies), sticky session re-minted -> session-cap1786498408w21
pending=5932 shard=15/23 assigned=258
transport: canary vendor 'decodo_patchright'
2026-08-11 21:33:28,873 INFO vendor decodo_patchright: 50 prox(y/ies), sticky session re-minted -> session-cap1786498408w15
captured=0 skipped=258 failed=0
pending=5932 shard=18/23 assigned=258
transport: canary vendor 'decodo_patchright'
2026-08-11 21:33:28,906 INFO vendor decodo_patchright: 50 prox(y/ies), sticky session re-minted -> session-cap1786498408w18
captured=0 skipped=258 failed=0
pending=5932 shard=9/23 assigned=258
transport: canary vendor 'decodo_patchright'
2026-08-11 21:33:28,941 INFO vendor decodo_patchright: 50 prox(y/ies), sticky session re-minted -> session-cap1786498408w9
captured=0 skipped=258 failed=0
EXIT=0
EXIT=0
EXIT=0
EXIT=0
EXIT=0
EXIT=0
EXIT=0
EXIT=0
EXIT=0
2026-08-11 21:34:00,094 WARNING challenge not cleared for contest_id=519177 -- bundle not written
captured=0 skipped=257 failed=1
EXIT=0
2026-08-11 21:34:02,896 WARNING challenge not cleared for contest_id=515770 -- bundle not written
captured=0 skipped=257 failed=1
EXIT=0
2026-08-11 21:34:03,884 WARNING challenge not cleared for contest_id=523527 -- bundle not written
captured=0 skipped=257 failed=1
EXIT=0
2026-08-11 21:34:04,754 WARNING challenge not cleared for contest_id=525116 -- bundle not written
captured=0 skipped=257 failed=1
2026-08-11 21:34:05,116 WARNING challenge not cleared for contest_id=530749 -- bundle not written
EXIT=0
captured=0 skipped=256 failed=1
EXIT=0
[21:34:05] === parse captured bundles -> mbb/json/ ===
log -> logs/parse_20260811_213405.log  (watch: tail -f logs/parse_20260811_213405.log)
seasons=all bundles=99585 pending=0 force=False shard=9/16 assigned=0
parsed=0 failed=0

EXIT=0
[21:34:19] DONE: captured_bundles=99585 parsed_json=99585 (capture rc=0)
[21:34:19] next -> build the -data parquet:
[21:34:19]   cd /c/Users/saiem/Documents/GitHub-Data/sdv-dev/hoopR-dev/ncaa-mbb-hoops-raw/../ncaa-mbb-hoops-data && python -m ncaa_mbb_data_build build --dataset all --season 2015
EXIT=0
[2026-08-11 21:34:19] season 2015: round 1 captured nothing (5 left, un-capturable) -- treating as done
[2026-08-11 21:34:19] === season 2014 ===
[21:34:19] NCAA MBB backfill: season=2014 workers=23
[21:34:19] watch this run:  tail -f /c/Users/saiem/Documents/GitHub-Data/sdv-dev/hoopR-dev/ncaa-mbb-hoops-raw/logs/backfill_2014_20260811_213419.log
[21:34:20] === skip discover (season 2014 already in schedule_master; delete mbb/schedule_master.parquet to force) ===
[21:34:20] === capture 2014: 23 worker(s), chunk=400 new bundles per worker ===
proxy creds loaded from /c/Users/saiem/.Renviron (values hidden)
proxy creds loaded from /c/Users/saiem/.Renviron (values hidden)
proxy creds loaded from /c/Users/saiem/.Renviron (values hidden)
proxy creds loaded from /c/Users/saiem/.Renviron (values hidden)
proxy creds loaded from /c/Users/saiem/.Renviron (values hidden)
log -> logs/capture_20260811_213420.log  (watch: tail -f logs/capture_20260811_213420.log)
proxy creds loaded from /c/Users/saiem/.Renviron (values hidden)
log -> logs/capture_20260811_213420.log  (watch: tail -f logs/capture_20260811_213420.log)
proxy creds loaded from /c/Users/saiem/.Renviron (values hidden)
proxy creds loaded from /c/Users/saiem/.Renviron (values hidden)
proxy creds loaded from /c/Users/saiem/.Renviron (values hidden)
log -> logs/capture_20260811_213420.log  (watch: tail -f logs/capture_20260811_213420.log)
log -> logs/capture_20260811_213420.log  (watch: tail -f logs/capture_20260811_213420.log)
log -> logs/capture_20260811_213420.log  (watch: tail -f logs/capture_20260811_213420.log)
proxy creds loaded from /c/Users/saiem/.Renviron (values hidden)
log -> logs/capture_20260811_213420.log  (watch: tail -f logs/capture_20260811_213420.log)
proxy creds loaded from /c/Users/saiem/.Renviron (values hidden)
proxy creds loaded from /c/Users/saiem/.Renviron (values hidden)
log -> logs/capture_20260811_213420.log  (watch: tail -f logs/capture_20260811_213420.log)
log -> logs/capture_20260811_213420.log  (watch: tail -f logs/capture_20260811_213420.log)
log -> logs/capture_20260811_213420.log  (watch: tail -f logs/capture_20260811_213420.log)
proxy creds loaded from /c/Users/saiem/.Renviron (values hidden)
log -> logs/capture_20260811_213420.log  (watch: tail -f logs/capture_20260811_213420.log)
log -> logs/capture_20260811_213420.log  (watch: tail -f logs/capture_20260811_213420.log)
proxy creds loaded from /c/Users/saiem/.Renviron (values hidden)
proxy creds loaded from /c/Users/saiem/.Renviron (values hidden)
proxy creds loaded from /c/Users/saiem/.Renviron (values hidden)
log -> logs/capture_20260811_213420.log  (watch: tail -f logs/capture_20260811_213420.log)
proxy creds loaded from /c/Users/saiem/.Renviron (values hidden)
proxy creds loaded from /c/Users/saiem/.Renviron (values hidden)
proxy creds loaded from /c/Users/saiem/.Renviron (values hidden)
proxy creds loaded from /c/Users/saiem/.Renviron (values hidden)
log -> logs/capture_20260811_213421.log  (watch: tail -f logs/capture_20260811_213421.log)
proxy creds loaded from /c/Users/saiem/.Renviron (values hidden)
proxy creds loaded from /c/Users/saiem/.Renviron (values hidden)
log -> logs/capture_20260811_213421.log  (watch: tail -f logs/capture_20260811_213421.log)
log -> logs/capture_20260811_213421.log  (watch: tail -f logs/capture_20260811_213421.log)
log -> logs/capture_20260811_213421.log  (watch: tail -f logs/capture_20260811_213421.log)
log -> logs/capture_20260811_213421.log  (watch: tail -f logs/capture_20260811_213421.log)
log -> logs/capture_20260811_213421.log  (watch: tail -f logs/capture_20260811_213421.log)
log -> logs/capture_20260811_213421.log  (watch: tail -f logs/capture_20260811_213421.log)
log -> logs/capture_20260811_213421.log  (watch: tail -f logs/capture_20260811_213421.log)
log -> logs/capture_20260811_213421.log  (watch: tail -f logs/capture_20260811_213421.log)
log -> logs/capture_20260811_213421.log  (watch: tail -f logs/capture_20260811_213421.log)
proxy creds loaded from /c/Users/saiem/.Renviron (values hidden)
log -> logs/capture_20260811_213421.log  (watch: tail -f logs/capture_20260811_213421.log)
pending=5947 shard=8/23 assigned=259
transport: canary vendor 'decodo_patchright'
2026-08-11 21:34:25,659 INFO vendor decodo_patchright: 50 prox(y/ies), sticky session re-minted -> session-cap1786498465w8
captured=0 skipped=259 failed=0
pending=5947 shard=4/23 assigned=259
transport: canary vendor 'decodo_patchright'
2026-08-11 21:34:25,696 INFO vendor decodo_patchright: 50 prox(y/ies), sticky session re-minted -> session-cap1786498465w4
captured=0 skipped=259 failed=0
pending=5947 shard=2/23 assigned=259
transport: canary vendor 'decodo_patchright'
2026-08-11 21:34:26,455 INFO vendor decodo_patchright: 50 prox(y/ies), sticky session re-minted -> session-cap1786498466w2
captured=0 skipped=259 failed=0
pending=5947 shard=6/23 assigned=259
transport: canary vendor 'decodo_patchright'
2026-08-11 21:34:27,709 INFO vendor decodo_patchright: 50 prox(y/ies), sticky session re-minted -> session-cap1786498467w6
captured=0 skipped=259 failed=0
pending=5947 shard=1/23 assigned=259
transport: canary vendor 'decodo_patchright'
2026-08-11 21:34:27,759 INFO vendor decodo_patchright: 50 prox(y/ies), sticky session re-minted -> session-cap1786498467w1
pending=5947 shard=5/23 assigned=259
transport: canary vendor 'decodo_patchright'
2026-08-11 21:34:27,766 INFO vendor decodo_patchright: 50 prox(y/ies), sticky session re-minted -> session-cap1786498467w5
pending=5947 shard=3/23 assigned=259
transport: canary vendor 'decodo_patchright'
captured=0 skipped=259 failed=0
captured=0 skipped=259 failed=0
2026-08-11 21:34:27,781 INFO vendor decodo_patchright: 50 prox(y/ies), sticky session re-minted -> session-cap1786498467w3
captured=0 skipped=259 failed=0
pending=5947 shard=7/23 assigned=259
transport: canary vendor 'decodo_patchright'
2026-08-11 21:34:27,804 INFO vendor decodo_patchright: 50 prox(y/ies), sticky session re-minted -> session-cap1786498467w7
captured=0 skipped=259 failed=0
pending=5947 shard=9/23 assigned=259
transport: canary vendor 'decodo_patchright'
pending=5947 shard=0/23 assigned=259
transport: canary vendor 'decodo_patchright'
2026-08-11 21:34:27,873 INFO vendor decodo_patchright: 50 prox(y/ies), sticky session re-minted -> session-cap1786498467w9
2026-08-11 21:34:27,889 INFO vendor decodo_patchright: 50 prox(y/ies), sticky session re-minted -> session-cap1786498467w0
captured=0 skipped=259 failed=0
EXIT=0
EXIT=0
EXIT=0
EXIT=0
EXIT=0
EXIT=0
EXIT=0
EXIT=0
EXIT=0
pending=5947 shard=16/23 assigned=258
transport: canary vendor 'decodo_patchright'
pending=5947 shard=20/23 assigned=258
transport: canary vendor 'decodo_patchright'
2026-08-11 21:34:29,269 INFO vendor decodo_patchright: 50 prox(y/ies), sticky session re-minted -> session-cap1786498469w20
2026-08-11 21:34:29,257 INFO vendor decodo_patchright: 50 prox(y/ies), sticky session re-minted -> session-cap1786498469w16
captured=0 skipped=258 failed=0
pending=5947 shard=12/23 assigned=259
transport: canary vendor 'decodo_patchright'
2026-08-11 21:34:29,280 INFO vendor decodo_patchright: 50 prox(y/ies), sticky session re-minted -> session-cap1786498469w12
pending=5947 shard=17/23 assigned=258
transport: canary vendor 'decodo_patchright'
2026-08-11 21:34:29,286 INFO vendor decodo_patchright: 50 prox(y/ies), sticky session re-minted -> session-cap1786498469w17
pending=5947 shard=21/23 assigned=258
transport: canary vendor 'decodo_patchright'
2026-08-11 21:34:29,280 INFO vendor decodo_patchright: 50 prox(y/ies), sticky session re-minted -> session-cap1786498469w21
captured=0 skipped=258 failed=0
captured=0 skipped=259 failed=0
captured=0 skipped=258 failed=0
pending=5947 shard=10/23 assigned=259
transport: canary vendor 'decodo_patchright'
2026-08-11 21:34:29,301 INFO vendor decodo_patchright: 50 prox(y/ies), sticky session re-minted -> session-cap1786498469w10
captured=0 skipped=258 failed=0
captured=0 skipped=259 failed=0
pending=5947 shard=22/23 assigned=258
transport: canary vendor 'decodo_patchright'
pending=5947 shard=15/23 assigned=258
transport: canary vendor 'decodo_patchright'
2026-08-11 21:34:29,331 INFO vendor decodo_patchright: 50 prox(y/ies), sticky session re-minted -> session-cap1786498469w15
pending=5947 shard=14/23 assigned=258
transport: canary vendor 'decodo_patchright'
2026-08-11 21:34:29,333 INFO vendor decodo_patchright: 50 prox(y/ies), sticky session re-minted -> session-cap1786498469w14
pending=5947 shard=11/23 assigned=259
transport: canary vendor 'decodo_patchright'
2026-08-11 21:34:29,321 INFO vendor decodo_patchright: 50 prox(y/ies), sticky session re-minted -> session-cap1786498469w22
captured=0 skipped=258 failed=0
captured=0 skipped=258 failed=0
captured=0 skipped=258 failed=0
2026-08-11 21:34:29,344 INFO vendor decodo_patchright: 50 prox(y/ies), sticky session re-minted -> session-cap1786498469w11
pending=5947 shard=13/23 assigned=258
transport: canary vendor 'decodo_patchright'
captured=0 skipped=259 failed=0
2026-08-11 21:34:29,356 INFO vendor decodo_patchright: 50 prox(y/ies), sticky session re-minted -> session-cap1786498469w13
captured=0 skipped=258 failed=0
pending=5947 shard=18/23 assigned=258
transport: canary vendor 'decodo_patchright'
pending=5947 shard=19/23 assigned=258
transport: canary vendor 'decodo_patchright'
2026-08-11 21:34:29,396 INFO vendor decodo_patchright: 50 prox(y/ies), sticky session re-minted -> session-cap1786498469w18
captured=0 skipped=258 failed=0
2026-08-11 21:34:29,403 INFO vendor decodo_patchright: 50 prox(y/ies), sticky session re-minted -> session-cap1786498469w19
captured=0 skipped=258 failed=0
EXIT=0
EXIT=0
EXIT=0
EXIT=0
EXIT=0
EXIT=0
EXIT=0
EXIT=0
EXIT=0
EXIT=0
EXIT=0
EXIT=0
EXIT=0
2026-08-11 21:35:01,875 WARNING challenge not cleared for contest_id=717858 -- bundle not written
captured=0 skipped=258 failed=1
EXIT=0
[21:35:02] === parse captured bundles -> mbb/json/ ===
log -> logs/parse_20260811_213502.log  (watch: tail -f logs/parse_20260811_213502.log)
seasons=all bundles=99585 pending=0 force=False shard=15/16 assigned=0
parsed=0 failed=0
EXIT=0
[21:35:16] DONE: captured_bundles=99585 parsed_json=99585 (capture rc=0)
[21:35:16] next -> build the -data parquet:
[21:35:16]   cd /c/Users/saiem/Documents/GitHub-Data/sdv-dev/hoopR-dev/ncaa-mbb-hoops-raw/../ncaa-mbb-hoops-data && python -m ncaa_mbb_data_build build --dataset all --season 2014
EXIT=0
[2026-08-11 21:35:16] season 2014: round 1 captured nothing (1 left, un-capturable) -- treating as done
[2026-08-11 21:35:16] === season 2013 ===
[21:35:17] NCAA MBB backfill: season=2013 workers=23
[21:35:17] watch this run:  tail -f /c/Users/saiem/Documents/GitHub-Data/sdv-dev/hoopR-dev/ncaa-mbb-hoops-raw/logs/backfill_2013_20260811_213517.log
[21:35:17] === skip discover (season 2013 already in schedule_master; delete mbb/schedule_master.parquet to force) ===
[21:35:17] === capture 2013: 23 worker(s), chunk=400 new bundles per worker ===
proxy creds loaded from /c/Users/saiem/.Renviron (values hidden)
proxy creds loaded from /c/Users/saiem/.Renviron (values hidden)
proxy creds loaded from /c/Users/saiem/.Renviron (values hidden)
proxy creds loaded from /c/Users/saiem/.Renviron (values hidden)
proxy creds loaded from /c/Users/saiem/.Renviron (values hidden)
proxy creds loaded from /c/Users/saiem/.Renviron (values hidden)
log -> logs/capture_20260811_213517.log  (watch: tail -f logs/capture_20260811_213517.log)
log -> logs/capture_20260811_213517.log  (watch: tail -f logs/capture_20260811_213517.log)
log -> logs/capture_20260811_213517.log  (watch: tail -f logs/capture_20260811_213517.log)
proxy creds loaded from /c/Users/saiem/.Renviron (values hidden)
proxy creds loaded from /c/Users/saiem/.Renviron (values hidden)
proxy creds loaded from /c/Users/saiem/.Renviron (values hidden)
log -> logs/capture_20260811_213518.log  (watch: tail -f logs/capture_20260811_213518.log)
proxy creds loaded from /c/Users/saiem/.Renviron (values hidden)
proxy creds loaded from /c/Users/saiem/.Renviron (values hidden)
log -> logs/capture_20260811_213518.log  (watch: tail -f logs/capture_20260811_213518.log)
proxy creds loaded from /c/Users/saiem/.Renviron (values hidden)
proxy creds loaded from /c/Users/saiem/.Renviron (values hidden)
log -> logs/capture_20260811_213518.log  (watch: tail -f logs/capture_20260811_213518.log)
log -> logs/capture_20260811_213518.log  (watch: tail -f logs/capture_20260811_213518.log)
log -> logs/capture_20260811_213518.log  (watch: tail -f logs/capture_20260811_213518.log)
log -> logs/capture_20260811_213518.log  (watch: tail -f logs/capture_20260811_213518.log)
log -> logs/capture_20260811_213518.log  (watch: tail -f logs/capture_20260811_213518.log)
log -> logs/capture_20260811_213518.log  (watch: tail -f logs/capture_20260811_213518.log)
proxy creds loaded from /c/Users/saiem/.Renviron (values hidden)
proxy creds loaded from /c/Users/saiem/.Renviron (values hidden)
proxy creds loaded from /c/Users/saiem/.Renviron (values hidden)
proxy creds loaded from /c/Users/saiem/.Renviron (values hidden)
log -> logs/capture_20260811_213518.log  (watch: tail -f logs/capture_20260811_213518.log)
proxy creds loaded from /c/Users/saiem/.Renviron (values hidden)
log -> logs/capture_20260811_213518.log  (watch: tail -f logs/capture_20260811_213518.log)
proxy creds loaded from /c/Users/saiem/.Renviron (values hidden)
proxy creds loaded from /c/Users/saiem/.Renviron (values hidden)
proxy creds loaded from /c/Users/saiem/.Renviron (values hidden)
log -> logs/capture_20260811_213518.log  (watch: tail -f logs/capture_20260811_213518.log)
proxy creds loaded from /c/Users/saiem/.Renviron (values hidden)
proxy creds loaded from /c/Users/saiem/.Renviron (values hidden)
log -> logs/capture_20260811_213518.log  (watch: tail -f logs/capture_20260811_213518.log)
log -> logs/capture_20260811_213518.log  (watch: tail -f logs/capture_20260811_213518.log)
log -> logs/capture_20260811_213518.log  (watch: tail -f logs/capture_20260811_213518.log)
log -> logs/capture_20260811_213518.log  (watch: tail -f logs/capture_20260811_213518.log)
log -> logs/capture_20260811_213518.log  (watch: tail -f logs/capture_20260811_213518.log)
log -> logs/capture_20260811_213518.log  (watch: tail -f logs/capture_20260811_213518.log)
log -> logs/capture_20260811_213518.log  (watch: tail -f logs/capture_20260811_213518.log)
log -> logs/capture_20260811_213518.log  (watch: tail -f logs/capture_20260811_213518.log)
log -> logs/capture_20260811_213518.log  (watch: tail -f logs/capture_20260811_213518.log)
pending=5814 shard=5/23 assigned=253
transport: canary vendor 'decodo_patchright'
2026-08-11 21:35:23,198 INFO vendor decodo_patchright: 50 prox(y/ies), sticky session re-minted -> session-cap1786498523w5
pending=5814 shard=6/23 assigned=253
transport: canary vendor 'decodo_patchright'
2026-08-11 21:35:23,283 INFO vendor decodo_patchright: 50 prox(y/ies), sticky session re-minted -> session-cap1786498523w6
pending=5814 shard=0/23 assigned=253
transport: canary vendor 'decodo_patchright'
2026-08-11 21:35:23,415 INFO vendor decodo_patchright: 50 prox(y/ies), sticky session re-minted -> session-cap1786498523w0
pending=5814 shard=14/23 assigned=253
transport: canary vendor 'decodo_patchright'
2026-08-11 21:35:23,808 INFO vendor decodo_patchright: 50 prox(y/ies), sticky session re-minted -> session-cap1786498523w14
pending=5814 shard=10/23 assigned=253
transport: canary vendor 'decodo_patchright'
2026-08-11 21:35:24,761 INFO vendor decodo_patchright: 50 prox(y/ies), sticky session re-minted -> session-cap1786498524w10
pending=5814 shard=20/23 assigned=252
transport: canary vendor 'decodo_patchright'
2026-08-11 21:35:24,762 INFO vendor decodo_patchright: 50 prox(y/ies), sticky session re-minted -> session-cap1786498524w20
pending=5814 shard=7/23 assigned=253
transport: canary vendor 'decodo_patchright'
2026-08-11 21:35:27,231 INFO vendor decodo_patchright: 50 prox(y/ies), sticky session re-minted -> session-cap1786498527w7
pending=5814 shard=9/23 assigned=253
transport: canary vendor 'decodo_patchright'
2026-08-11 21:35:27,387 INFO vendor decodo_patchright: 50 prox(y/ies), sticky session re-minted -> session-cap1786498527w9
pending=5814 shard=18/23 assigned=252
transport: canary vendor 'decodo_patchright'
2026-08-11 21:35:27,753 INFO vendor decodo_patchright: 50 prox(y/ies), sticky session re-minted -> session-cap1786498527w18
pending=5814 shard=17/23 assigned=253
transport: canary vendor 'decodo_patchright'
2026-08-11 21:35:27,791 INFO vendor decodo_patchright: 50 prox(y/ies), sticky session re-minted -> session-cap1786498527w17
pending=5814 shard=3/23 assigned=253
transport: canary vendor 'decodo_patchright'
2026-08-11 21:35:27,780 INFO vendor decodo_patchright: 50 prox(y/ies), sticky session re-minted -> session-cap1786498527w3
pending=5814 shard=16/23 assigned=253
transport: canary vendor 'decodo_patchright'
2026-08-11 21:35:27,855 INFO vendor decodo_patchright: 50 prox(y/ies), sticky session re-minted -> session-cap1786498527w16
pending=5814 shard=21/23 assigned=252
transport: canary vendor 'decodo_patchright'
2026-08-11 21:35:27,902 INFO vendor decodo_patchright: 50 prox(y/ies), sticky session re-minted -> session-cap1786498527w21
pending=5814 shard=22/23 assigned=252
transport: canary vendor 'decodo_patchright'
2026-08-11 21:35:27,980 INFO vendor decodo_patchright: 50 prox(y/ies), sticky session re-minted -> session-cap1786498527w22
pending=5814 shard=12/23 assigned=253
transport: canary vendor 'decodo_patchright'
2026-08-11 21:35:28,152 INFO vendor decodo_patchright: 50 prox(y/ies), sticky session re-minted -> session-cap1786498528w12
pending=5814 shard=1/23 assigned=253
transport: canary vendor 'decodo_patchright'
2026-08-11 21:35:28,227 INFO vendor decodo_patchright: 50 prox(y/ies), sticky session re-minted -> session-cap1786498528w1
pending=5814 shard=15/23 assigned=253
transport: canary vendor 'decodo_patchright'
2026-08-11 21:35:28,320 INFO vendor decodo_patchright: 50 prox(y/ies), sticky session re-minted -> session-cap1786498528w15
pending=5814 shard=2/23 assigned=253
transport: canary vendor 'decodo_patchright'
2026-08-11 21:35:28,336 INFO vendor decodo_patchright: 50 prox(y/ies), sticky session re-minted -> session-cap1786498528w2
pending=5814 shard=13/23 assigned=253
transport: canary vendor 'decodo_patchright'
2026-08-11 21:35:28,495 INFO vendor decodo_patchright: 50 prox(y/ies), sticky session re-minted -> session-cap1786498528w13
pending=5814 shard=4/23 assigned=253
transport: canary vendor 'decodo_patchright'
2026-08-11 21:35:28,667 INFO vendor decodo_patchright: 50 prox(y/ies), sticky session re-minted -> session-cap1786498528w4
pending=5814 shard=8/23 assigned=253
transport: canary vendor 'decodo_patchright'
2026-08-11 21:35:28,730 INFO vendor decodo_patchright: 50 prox(y/ies), sticky session re-minted -> session-cap1786498528w8
pending=5814 shard=19/23 assigned=252
transport: canary vendor 'decodo_patchright'
pending=5814 shard=11/23 assigned=253
transport: canary vendor 'decodo_patchright'
2026-08-11 21:35:28,881 INFO vendor decodo_patchright: 50 prox(y/ies), sticky session re-minted -> session-cap1786498528w19
2026-08-11 21:35:28,898 INFO vendor decodo_patchright: 50 prox(y/ies), sticky session re-minted -> session-cap1786498528w11
2026-08-11 21:36:08,513 WARNING challenge not cleared for contest_id=739795 -- bundle not written
2026-08-11 21:37:11,284 WARNING challenge not cleared for contest_id=743579 -- bundle not written
2026-08-11 21:37:53,018 WARNING challenge not cleared for contest_id=743119 -- bundle not written
2026-08-11 21:39:18,981 WARNING challenge not cleared for contest_id=748387 -- bundle not written
captured=8 skipped=244 failed=0
EXIT=0
captured=8 skipped=245 failed=0
EXIT=0
captured=8 skipped=245 failed=0
EXIT=0
captured=8 skipped=245 failed=0
captured=8 skipped=244 failed=0
EXIT=0
EXIT=0
captured=8 skipped=245 failed=0
EXIT=0
captured=8 skipped=245 failed=0
EXIT=0
captured=8 skipped=245 failed=0
EXIT=0
captured=8 skipped=245 failed=0
EXIT=0
captured=8 skipped=245 failed=0
captured=8 skipped=244 failed=0
EXIT=0
EXIT=0
captured=8 skipped=245 failed=0
EXIT=0
captured=8 skipped=244 failed=0
EXIT=0
captured=8 skipped=244 failed=0
captured=8 skipped=245 failed=0
EXIT=0
EXIT=0
captured=8 skipped=245 failed=0
EXIT=0
captured=8 skipped=245 failed=0
EXIT=0
captured=8 skipped=245 failed=0
EXIT=0
captured=8 skipped=245 failed=0
EXIT=0
captured=8 skipped=244 failed=1
EXIT=0
2026-08-11 21:40:39,238 WARNING challenge not cleared for contest_id=751314 -- bundle not written
captured=8 skipped=243 failed=2
EXIT=0
captured=8 skipped=243 failed=2
EXIT=0
captured=8 skipped=245 failed=0
EXIT=0
[21:42:49] === parse captured bundles -> mbb/json/ ===
log -> logs/parse_20260811_214249.log  (watch: tail -f logs/parse_20260811_214249.log)
6444 m2026-08-11 21:43:15,139 INFO ncaa_identity: contest_id=752057 teams 2882/2882 matched, players 8115/8172 matched
parsed=12 failed=0
ailed=0
EXIT=0
[21:43:16] DONE: captured_bundles=99769 parsed_json=99769 (capture rc=0)
[21:43:16] next -> build the -data parquet:
[21:43:16]   cd /c/Users/saiem/Documents/GitHub-Data/sdv-dev/hoopR-dev/ncaa-mbb-hoops-raw/../ncaa-mbb-hoops-data && python -m ncaa_mbb_data_build build --dataset all --season 2013
EXIT=0
[2026-08-11 21:43:16] season 2013: chunk 1 done, 5 remaining -- cooling 300s (fresh sticky session next)
[21:48:16] NCAA MBB backfill: season=2013 workers=23
[21:48:16] watch this run:  tail -f /c/Users/saiem/Documents/GitHub-Data/sdv-dev/hoopR-dev/ncaa-mbb-hoops-raw/logs/backfill_2013_20260811_214816.log
[21:48:17] === skip discover (season 2013 already in schedule_master; delete mbb/schedule_master.parquet to force) ===
[21:48:17] === capture 2013: 23 worker(s), chunk=400 new bundles per worker ===
proxy creds loaded from /c/Users/saiem/.Renviron (values hidden)
proxy creds loaded from /c/Users/saiem/.Renviron (values hidden)
proxy creds loaded from /c/Users/saiem/.Renviron (values hidden)
proxy creds loaded from /c/Users/saiem/.Renviron (values hidden)
proxy creds loaded from /c/Users/saiem/.Renviron (values hidden)
proxy creds loaded from /c/Users/saiem/.Renviron (values hidden)
proxy creds loaded from /c/Users/saiem/.Renviron (values hidden)
log -> logs/capture_20260811_214817.log  (watch: tail -f logs/capture_20260811_214817.log)
log -> logs/capture_20260811_214817.log  (watch: tail -f logs/capture_20260811_214817.log)
proxy creds loaded from /c/Users/saiem/.Renviron (values hidden)
log -> logs/capture_20260811_214817.log  (watch: tail -f logs/capture_20260811_214817.log)
proxy creds loaded from /c/Users/saiem/.Renviron (values hidden)
log -> logs/capture_20260811_214817.log  (watch: tail -f logs/capture_20260811_214817.log)
proxy creds loaded from /c/Users/saiem/.Renviron (values hidden)
log -> logs/capture_20260811_214817.log  (watch: tail -f logs/capture_20260811_214817.log)
log -> logs/capture_20260811_214817.log  (watch: tail -f logs/capture_20260811_214817.log)
proxy creds loaded from /c/Users/saiem/.Renviron (values hidden)
log -> logs/capture_20260811_214817.log  (watch: tail -f logs/capture_20260811_214817.log)
proxy creds loaded from /c/Users/saiem/.Renviron (values hidden)
proxy creds loaded from /c/Users/saiem/.Renviron (values hidden)
log -> logs/capture_20260811_214817.log  (watch: tail -f logs/capture_20260811_214817.log)
log -> logs/capture_20260811_214817.log  (watch: tail -f logs/capture_20260811_214817.log)
log -> logs/capture_20260811_214817.log  (watch: tail -f logs/capture_20260811_214817.log)
proxy creds loaded from /c/Users/saiem/.Renviron (values hidden)
proxy creds loaded from /c/Users/saiem/.Renviron (values hidden)
proxy creds loaded from /c/Users/saiem/.Renviron (values hidden)
log -> logs/capture_20260811_214817.log  (watch: tail -f logs/capture_20260811_214817.log)
proxy creds loaded from /c/Users/saiem/.Renviron (values hidden)
log -> logs/capture_20260811_214817.log  (watch: tail -f logs/capture_20260811_214817.log)
log -> logs/capture_20260811_214817.log  (watch: tail -f logs/capture_20260811_214817.log)
proxy creds loaded from /c/Users/saiem/.Renviron (values hidden)
proxy creds loaded from /c/Users/saiem/.Renviron (values hidden)
log -> logs/capture_20260811_214817.log  (watch: tail -f logs/capture_20260811_214817.log)
log -> logs/capture_20260811_214817.log  (watch: tail -f logs/capture_20260811_214817.log)
proxy creds loaded from /c/Users/saiem/.Renviron (values hidden)
log -> logs/capture_20260811_214817.log  (watch: tail -f logs/capture_20260811_214817.log)
log -> logs/capture_20260811_214817.log  (watch: tail -f logs/capture_20260811_214817.log)
proxy creds loaded from /c/Users/saiem/.Renviron (values hidden)
log -> logs/capture_20260811_214817.log  (watch: tail -f logs/capture_20260811_214817.log)
proxy creds loaded from /c/Users/saiem/.Renviron (values hidden)
log -> logs/capture_20260811_214817.log  (watch: tail -f logs/capture_20260811_214817.log)
proxy creds loaded from /c/Users/saiem/.Renviron (values hidden)
log -> logs/capture_20260811_214817.log  (watch: tail -f logs/capture_20260811_214817.log)
log -> logs/capture_20260811_214817.log  (watch: tail -f logs/capture_20260811_214817.log)
log -> logs/capture_20260811_214817.log  (watch: tail -f logs/capture_20260811_214817.log)
log -> logs/capture_20260811_214818.log  (watch: tail -f logs/capture_20260811_214818.log)
pending=5814 shard=11/23 assigned=253
transport: canary vendor 'decodo_patchright'
2026-08-11 21:48:22,853 INFO vendor decodo_patchright: 50 prox(y/ies), sticky session re-minted -> session-cap1786499302w11
pending=5814 shard=3/23 assigned=253
transport: canary vendor 'decodo_patchright'
2026-08-11 21:48:22,864 INFO vendor decodo_patchright: 50 prox(y/ies), sticky session re-minted -> session-cap1786499302w3
captured=0 skipped=253 failed=0
captured=0 skipped=253 failed=0
pending=5814 shard=1/23 assigned=253
transport: canary vendor 'decodo_patchright'
2026-08-11 21:48:24,261 INFO vendor decodo_patchright: 50 prox(y/ies), sticky session re-minted -> session-cap1786499304w1
pending=5814 shard=13/23 assigned=253
transport: canary vendor 'decodo_patchright'
2026-08-11 21:48:24,451 INFO vendor decodo_patchright: 50 prox(y/ies), sticky session re-minted -> session-cap1786499304w13
captured=0 skipped=253 failed=0
pending=5814 shard=4/23 assigned=253
transport: canary vendor 'decodo_patchright'
2026-08-11 21:48:24,542 INFO vendor decodo_patchright: 50 prox(y/ies), sticky session re-minted -> session-cap1786499304w4
captured=0 skipped=253 failed=0
pending=5814 shard=9/23 assigned=253
transport: canary vendor 'decodo_patchright'
2026-08-11 21:48:24,952 INFO vendor decodo_patchright: 50 prox(y/ies), sticky session re-minted -> session-cap1786499304w9
captured=0 skipped=253 failed=0
pending=5814 shard=8/23 assigned=253
transport: canary vendor 'decodo_patchright'
2026-08-11 21:48:25,477 INFO vendor decodo_patchright: 50 prox(y/ies), sticky session re-minted -> session-cap1786499305w8
captured=0 skipped=253 failed=0
EXIT=0
pending=5814 shard=5/23 assigned=253
transport: canary vendor 'decodo_patchright'
2026-08-11 21:48:25,785 INFO vendor decodo_patchright: 50 prox(y/ies), sticky session re-minted -> session-cap1786499305w5
captured=0 skipped=253 failed=0
EXIT=0
EXIT=0
pending=5814 shard=20/23 assigned=252
transport: canary vendor 'decodo_patchright'
2026-08-11 21:48:25,928 INFO vendor decodo_patchright: 50 prox(y/ies), sticky session re-minted -> session-cap1786499305w20
captured=0 skipped=252 failed=0
pending=5814 shard=7/23 assigned=253
transport: canary vendor 'decodo_patchright'
2026-08-11 21:48:26,236 INFO vendor decodo_patchright: 50 prox(y/ies), sticky session re-minted -> session-cap1786499306w7
pending=5814 shard=0/23 assigned=253
transport: canary vendor 'decodo_patchright'
2026-08-11 21:48:26,380 INFO vendor decodo_patchright: 50 prox(y/ies), sticky session re-minted -> session-cap1786499306w0
captured=0 skipped=253 failed=0
EXIT=0
EXIT=0
EXIT=0
EXIT=0
pending=5814 shard=16/23 assigned=253
transport: canary vendor 'decodo_patchright'
2026-08-11 21:48:26,778 INFO vendor decodo_patchright: 50 prox(y/ies), sticky session re-minted -> session-cap1786499306w16
captured=0 skipped=253 failed=0
pending=5814 shard=2/23 assigned=253
transport: canary vendor 'decodo_patchright'
2026-08-11 21:48:26,815 INFO vendor decodo_patchright: 50 prox(y/ies), sticky session re-minted -> session-cap1786499306w2
captured=0 skipped=253 failed=0
pending=5814 shard=15/23 assigned=253
transport: canary vendor 'decodo_patchright'
2026-08-11 21:48:26,854 INFO vendor decodo_patchright: 50 prox(y/ies), sticky session re-minted -> session-cap1786499306w15
captured=0 skipped=253 failed=0
EXIT=0
pending=5814 shard=18/23 assigned=252
transport: canary vendor 'decodo_patchright'
2026-08-11 21:48:27,103 INFO vendor decodo_patchright: 50 prox(y/ies), sticky session re-minted -> session-cap1786499307w18
pending=5814 shard=14/23 assigned=253
transport: canary vendor 'decodo_patchright'
captured=0 skipped=252 failed=0
EXIT=0
2026-08-11 21:48:27,142 INFO vendor decodo_patchright: 50 prox(y/ies), sticky session re-minted -> session-cap1786499307w14
pending=5814 shard=12/23 assigned=253
transport: canary vendor 'decodo_patchright'
2026-08-11 21:48:27,212 INFO vendor decodo_patchright: 50 prox(y/ies), sticky session re-minted -> session-cap1786499307w12
captured=0 skipped=253 failed=0
pending=5814 shard=21/23 assigned=252
transport: canary vendor 'decodo_patchright'
pending=5814 shard=19/23 assigned=252
transport: canary vendor 'decodo_patchright'
2026-08-11 21:48:27,268 INFO vendor decodo_patchright: 50 prox(y/ies), sticky session re-minted -> session-cap1786499307w19
2026-08-11 21:48:27,269 INFO vendor decodo_patchright: 50 prox(y/ies), sticky session re-minted -> session-cap1786499307w21
captured=0 skipped=252 failed=0
captured=0 skipped=252 failed=0
pending=5814 shard=17/23 assigned=253
transport: canary vendor 'decodo_patchright'
2026-08-11 21:48:27,365 INFO vendor decodo_patchright: 50 prox(y/ies), sticky session re-minted -> session-cap1786499307w17
captured=0 skipped=253 failed=0
pending=5814 shard=6/23 assigned=253
transport: canary vendor 'decodo_patchright'
pending=5814 shard=10/23 assigned=253
transport: canary vendor 'decodo_patchright'
2026-08-11 21:48:27,398 INFO vendor decodo_patchright: 50 prox(y/ies), sticky session re-minted -> session-cap1786499307w6
captured=0 skipped=253 failed=0
2026-08-11 21:48:27,421 INFO vendor decodo_patchright: 50 prox(y/ies), sticky session re-minted -> session-cap1786499307w10
captured=0 skipped=253 failed=0
pending=5814 shard=22/23 assigned=252
transport: canary vendor 'decodo_patchright'
2026-08-11 21:48:27,530 INFO vendor decodo_patchright: 50 prox(y/ies), sticky session re-minted -> session-cap1786499307w22
captured=0 skipped=252 failed=0
EXIT=0
EXIT=0
EXIT=0
EXIT=0
EXIT=0
EXIT=0
EXIT=0
EXIT=0
EXIT=0
EXIT=0
EXIT=0
2026-08-11 21:49:00,062 WARNING challenge not cleared for contest_id=743579 -- bundle not written
2026-08-11 21:49:01,745 WARNING challenge not cleared for contest_id=743119 -- bundle not written
2026-08-11 21:49:02,018 WARNING challenge not cleared for contest_id=739795 -- bundle not written
captured=0 skipped=252 failed=1
EXIT=0
2026-08-11 21:49:31,399 WARNING challenge not cleared for contest_id=748387 -- bundle not written
captured=0 skipped=251 failed=2
EXIT=0
2026-08-11 21:49:33,063 WARNING challenge not cleared for contest_id=751314 -- bundle not written
captured=0 skipped=251 failed=2
EXIT=0
[21:49:33] === parse captured bundles -> mbb/json/ ===
log -> logs/parse_20260811_214933.log  (watch: tail -f logs/parse_20260811_214933.log)
seasons=all bundles=99769 pending=0 force=False shard=6/16 assigned=0
parsed=0 failed=0

EXIT=0
[21:49:47] DONE: captured_bundles=99769 parsed_json=99769 (capture rc=0)
[21:49:47] next -> build the -data parquet:
[21:49:47]   cd /c/Users/saiem/Documents/GitHub-Data/sdv-dev/hoopR-dev/ncaa-mbb-hoops-raw/../ncaa-mbb-hoops-data && python -m ncaa_mbb_data_build build --dataset all --season 2013
EXIT=0
[2026-08-11 21:49:47] season 2013: round 2 captured nothing (5 left, un-capturable) -- treating as done
[2026-08-11 21:49:47] === season 2012 ===
[21:49:48] NCAA MBB backfill: season=2012 workers=23
[21:49:48] watch this run:  tail -f /c/Users/saiem/Documents/GitHub-Data/sdv-dev/hoopR-dev/ncaa-mbb-hoops-raw/logs/backfill_2012_20260811_214948.log
[21:49:48] === skip discover (season 2012 already in schedule_master; delete mbb/schedule_master.parquet to force) ===
[21:49:48] === capture 2012: 23 worker(s), chunk=400 new bundles per worker ===
proxy creds loaded from /c/Users/saiem/.Renviron (values hidden)
proxy creds loaded from /c/Users/saiem/.Renviron (values hidden)
proxy creds loaded from /c/Users/saiem/.Renviron (values hidden)
proxy creds loaded from /c/Users/saiem/.Renviron (values hidden)
proxy creds loaded from /c/Users/saiem/.Renviron (values hidden)
proxy creds loaded from /c/Users/saiem/.Renviron (values hidden)
log -> logs/capture_20260811_214948.log  (watch: tail -f logs/capture_20260811_214948.log)
log -> logs/capture_20260811_214948.log  (watch: tail -f logs/capture_20260811_214948.log)
proxy creds loaded from /c/Users/saiem/.Renviron (values hidden)
proxy creds loaded from /c/Users/saiem/.Renviron (values hidden)
log -> logs/capture_20260811_214949.log  (watch: tail -f logs/capture_20260811_214949.log)
log -> logs/capture_20260811_214949.log  (watch: tail -f logs/capture_20260811_214949.log)
log -> logs/capture_20260811_214949.log  (watch: tail -f logs/capture_20260811_214949.log)
proxy creds loaded from /c/Users/saiem/.Renviron (values hidden)
proxy creds loaded from /c/Users/saiem/.Renviron (values hidden)
proxy creds loaded from /c/Users/saiem/.Renviron (values hidden)
proxy creds loaded from /c/Users/saiem/.Renviron (values hidden)
log -> logs/capture_20260811_214949.log  (watch: tail -f logs/capture_20260811_214949.log)
proxy creds loaded from /c/Users/saiem/.Renviron (values hidden)
log -> logs/capture_20260811_214949.log  (watch: tail -f logs/capture_20260811_214949.log)
log -> logs/capture_20260811_214949.log  (watch: tail -f logs/capture_20260811_214949.log)
proxy creds loaded from /c/Users/saiem/.Renviron (values hidden)
log -> logs/capture_20260811_214949.log  (watch: tail -f logs/capture_20260811_214949.log)
log -> logs/capture_20260811_214949.log  (watch: tail -f logs/capture_20260811_214949.log)
proxy creds loaded from /c/Users/saiem/.Renviron (values hidden)
log -> logs/capture_20260811_214949.log  (watch: tail -f logs/capture_20260811_214949.log)
log -> logs/capture_20260811_214949.log  (watch: tail -f logs/capture_20260811_214949.log)
proxy creds loaded from /c/Users/saiem/.Renviron (values hidden)
log -> logs/capture_20260811_214949.log  (watch: tail -f logs/capture_20260811_214949.log)
proxy creds loaded from /c/Users/saiem/.Renviron (values hidden)
proxy creds loaded from /c/Users/saiem/.Renviron (values hidden)
proxy creds loaded from /c/Users/saiem/.Renviron (values hidden)
log -> logs/capture_20260811_214949.log  (watch: tail -f logs/capture_20260811_214949.log)
proxy creds loaded from /c/Users/saiem/.Renviron (values hidden)
proxy creds loaded from /c/Users/saiem/.Renviron (values hidden)
proxy creds loaded from /c/Users/saiem/.Renviron (values hidden)
log -> logs/capture_20260811_214949.log  (watch: tail -f logs/capture_20260811_214949.log)
proxy creds loaded from /c/Users/saiem/.Renviron (values hidden)
log -> logs/capture_20260811_214949.log  (watch: tail -f logs/capture_20260811_214949.log)
log -> logs/capture_20260811_214949.log  (watch: tail -f logs/capture_20260811_214949.log)
log -> logs/capture_20260811_214949.log  (watch: tail -f logs/capture_20260811_214949.log)
log -> logs/capture_20260811_214949.log  (watch: tail -f logs/capture_20260811_214949.log)
log -> logs/capture_20260811_214949.log  (watch: tail -f logs/capture_20260811_214949.log)
log -> logs/capture_20260811_214949.log  (watch: tail -f logs/capture_20260811_214949.log)
log -> logs/capture_20260811_214949.log  (watch: tail -f logs/capture_20260811_214949.log)
log -> logs/capture_20260811_214949.log  (watch: tail -f logs/capture_20260811_214949.log)
pending=5775 shard=0/23 assigned=252
transport: canary vendor 'decodo_patchright'
2026-08-11 21:49:53,336 INFO vendor decodo_patchright: 50 prox(y/ies), sticky session re-minted -> session-cap1786499393w0
pending=5775 shard=1/23 assigned=252
transport: canary vendor 'decodo_patchright'
2026-08-11 21:49:53,801 INFO vendor decodo_patchright: 50 prox(y/ies), sticky session re-minted -> session-cap1786499393w1
pending=5775 shard=4/23 assigned=251
transport: canary vendor 'decodo_patchright'
2026-08-11 21:49:54,234 INFO vendor decodo_patchright: 50 prox(y/ies), sticky session re-minted -> session-cap1786499394w4
pending=5775 shard=2/23 assigned=251
transport: canary vendor 'decodo_patchright'
2026-08-11 21:49:55,085 INFO vendor decodo_patchright: 50 prox(y/ies), sticky session re-minted -> session-cap1786499395w2
pending=5775 shard=12/23 assigned=251
transport: canary vendor 'decodo_patchright'
2026-08-11 21:49:56,099 INFO vendor decodo_patchright: 50 prox(y/ies), sticky session re-minted -> session-cap1786499396w12
pending=5775 shard=9/23 assigned=251
transport: canary vendor 'decodo_patchright'
2026-08-11 21:49:56,109 INFO vendor decodo_patchright: 50 prox(y/ies), sticky session re-minted -> session-cap1786499396w9
pending=5775 shard=10/23 assigned=251
transport: canary vendor 'decodo_patchright'
2026-08-11 21:49:56,128 INFO vendor decodo_patchright: 50 prox(y/ies), sticky session re-minted -> session-cap1786499396w10
pending=5775 shard=6/23 assigned=251
transport: canary vendor 'decodo_patchright'
2026-08-11 21:49:56,273 INFO vendor decodo_patchright: 50 prox(y/ies), sticky session re-minted -> session-cap1786499396w6
pending=5775 shard=7/23 assigned=251
transport: canary vendor 'decodo_patchright'
2026-08-11 21:49:56,744 INFO vendor decodo_patchright: 50 prox(y/ies), sticky session re-minted -> session-cap1786499396w7
pending=5775 shard=5/23 assigned=251
transport: canary vendor 'decodo_patchright'
2026-08-11 21:49:58,423 INFO vendor decodo_patchright: 50 prox(y/ies), sticky session re-minted -> session-cap1786499398w5
pending=5775 shard=15/23 assigned=251
transport: canary vendor 'decodo_patchright'
2026-08-11 21:49:58,711 INFO vendor decodo_patchright: 50 prox(y/ies), sticky session re-minted -> session-cap1786499398w15
pending=5775 shard=3/23 assigned=251
transport: canary vendor 'decodo_patchright'
2026-08-11 21:49:58,784 INFO vendor decodo_patchright: 50 prox(y/ies), sticky session re-minted -> session-cap1786499398w3
pending=5775 shard=22/23 assigned=251
transport: canary vendor 'decodo_patchright'
2026-08-11 21:49:58,792 INFO vendor decodo_patchright: 50 prox(y/ies), sticky session re-minted -> session-cap1786499398w22
pending=5775 shard=16/23 assigned=251
transport: canary vendor 'decodo_patchright'
2026-08-11 21:49:58,814 INFO vendor decodo_patchright: 50 prox(y/ies), sticky session re-minted -> session-cap1786499398w16
pending=5775 shard=14/23 assigned=251
transport: canary vendor 'decodo_patchright'
2026-08-11 21:49:58,787 INFO vendor decodo_patchright: 50 prox(y/ies), sticky session re-minted -> session-cap1786499398w14
pending=5775 shard=13/23 assigned=251
transport: canary vendor 'decodo_patchright'
2026-08-11 21:49:59,094 INFO vendor decodo_patchright: 50 prox(y/ies), sticky session re-minted -> session-cap1786499399w13
pending=5775 shard=8/23 assigned=251
transport: canary vendor 'decodo_patchright'
pending=5775 shard=17/23 assigned=251
transport: canary vendor 'decodo_patchright'
2026-08-11 21:49:59,353 INFO vendor decodo_patchright: 50 prox(y/ies), sticky session re-minted -> session-cap1786499399w17
2026-08-11 21:49:59,349 INFO vendor decodo_patchright: 50 prox(y/ies), sticky session re-minted -> session-cap1786499399w8
pending=5775 shard=21/23 assigned=251
transport: canary vendor 'decodo_patchright'
2026-08-11 21:49:59,423 INFO vendor decodo_patchright: 50 prox(y/ies), sticky session re-minted -> session-cap1786499399w21
pending=5775 shard=11/23 assigned=251
transport: canary vendor 'decodo_patchright'
2026-08-11 21:49:59,579 INFO vendor decodo_patchright: 50 prox(y/ies), sticky session re-minted -> session-cap1786499399w11
pending=5775 shard=19/23 assigned=251
transport: canary vendor 'decodo_patchright'
2026-08-11 21:49:59,587 INFO vendor decodo_patchright: 50 prox(y/ies), sticky session re-minted -> session-cap1786499399w19
pending=5775 shard=20/23 assigned=251
transport: canary vendor 'decodo_patchright'
2026-08-11 21:49:59,622 INFO vendor decodo_patchright: 50 prox(y/ies), sticky session re-minted -> session-cap1786499399w20
pending=5775 shard=18/23 assigned=251
transport: canary vendor 'decodo_patchright'
2026-08-11 21:49:59,696 INFO vendor decodo_patchright: 50 prox(y/ies), sticky session re-minted -> session-cap1786499399w18
2026-08-11 21:50:32,290 WARNING challenge not cleared for contest_id=824724 -- bundle not written
2026-08-11 21:50:35,083 WARNING challenge not cleared for contest_id=825520 -- bundle not written
2026-08-11 21:51:38,953 WARNING challenge not cleared for contest_id=826397 -- bundle not written
captured=7 skipped=244 failed=0
EXIT=0
captured=7 skipped=245 failed=0
EXIT=0
captured=7 skipped=244 failed=0
captured=7 skipped=244 failed=0
EXIT=0
EXIT=0
captured=7 skipped=244 failed=0
EXIT=0
captured=7 skipped=244 failed=0
EXIT=0
captured=7 skipped=244 failed=0
EXIT=0
2026-08-11 21:53:48,107 WARNING challenge not cleared for contest_id=831283 -- bundle not written
captured=7 skipped=244 failed=0
EXIT=0
captured=7 skipped=244 failed=0
EXIT=0
captured=7 skipped=245 failed=0
EXIT=0
captured=7 skipped=244 failed=0
EXIT=0
captured=8 skipped=243 failed=0
EXIT=0
captured=8 skipped=243 failed=0
EXIT=0
captured=7 skipped=243 failed=1
EXIT=0
captured=8 skipped=243 failed=0
captured=8 skipped=243 failed=0
EXIT=0
EXIT=0
captured=8 skipped=243 failed=0
EXIT=0
captured=8 skipped=243 failed=0
EXIT=0
captured=8 skipped=243 failed=0
EXIT=0
captured=8 skipped=243 failed=0
EXIT=0
captured=7 skipped=241 failed=3
EXIT=0
captured=8 skipped=243 failed=0
EXIT=0
EXIT=127
[22:07:55] capture stopped (rc=127) -- a ban/soft-ban hard-stop or Ctrl-C (see the capture log).
[22:07:55]   This is RESUMABLE: cool down (a ban clears in minutes-hours), then re-run this
[22:07:55]   script -- already-captured contests are skipped.
[22:07:55] === parse captured bundles -> mbb/json/ ===
log -> logs/parse_20260811_220755.log  (watch: tail -f logs/parse_20260811_220755.log)
835227 teams 2190/2190 matched, players 5665/6165 matched
2026-08-11 22:08:19,484 INFO ncaa_identity: contest_id=835982 teams 2309/2309 matched, players 5943/6491 matched
parsed=10 failed=0
EXIT=0
