seasons=all bundles=99932 pending=99932 force=True shard=4/10 assigned=9993
2026-08-23 23:50:16,434 INFO ncaa_identity: contest_id=1107645 teams 2330/2330 matched, players 256/821 matched
2026-08-23 23:50:17,177 INFO ncaa_identity: contest_id=1107656 teams 1816/1816 matched, players 42/495 matched
2026-08-23 23:50:18,136 INFO ncaa_identity: contest_id=1107666 teams 2124/2124 matched, players 239/724 matched
2026-08-23 23:50:19,155 INFO ncaa_identity: contest_id=1107676 teams 2246/2246 matched, players 424/956 matched
2026-08-23 23:50:20,035 INFO ncaa_identity: contest_id=1107686 teams 2350/2350 matched, players 302/868 matched
2026-08-23 23:50:20,764 INFO ncaa_identity: contest_id=1107696 teams 907/1808 matched, players 126/728 matched
2026-08-23 23:50:21,469 INFO ncaa_identity: contest_id=1107706 teams 1954/1954 matched, players 264/734 matched
2026-08-23 23:50:22,377 INFO ncaa_identity: contest_id=1107716 teams 2146/2146 matched, players 392/902 matched
2026-08-23 23:50:23,096 INFO ncaa_identity: contest_id=1107726 teams 1892/1892 matched, players 222/679 matched
2026-08-23 23:50:23,730 INFO ncaa_identity: contest_id=1107736 teams 1908/1908 matched, players 197/660 matched
2026-08-23 23:50:24,594 INFO ncaa_identity: contest_id=1107746 teams 1273/2481 matched, players 3575/6992 matched
2026-08-23 23:50:25,327 INFO ncaa_identity: contest_id=1107767 teams 2276/2276 matched, players 347/892 matched
2026-08-23 23:50:26,049 INFO ncaa_identity: contest_id=1107777 teams 1128/2229 matched, players 199/843 matched
2026-08-23 23:50:26,820 INFO ncaa_identity: contest_id=1107788 teams 1085/1738 matched, players 136/658 matched
2026-08-23 23:50:27,517 INFO ncaa_identity: contest_id=1107798 teams 1195/2437 matched, players 3455/6852 matched
2026-08-23 23:50:28,590 INFO ncaa_identity: contest_id=1107808 teams 2141/2141 matched, players 267/778 matched
2026-08-23 23:50:29,461 INFO ncaa_identity: contest_id=1107818 teams 2277/2277 matched, players 322/871 matched
2026-08-23 23:50:30,316 INFO ncaa_identity: contest_id=1107828 teams 2064/2064 matched, players 410/898 matched
2026-08-23 23:50:31,372 INFO ncaa_identity: contest_id=1107838 teams 1071/2109 matched, players 108/736 matched
2026-08-23 23:50:32,112 INFO ncaa_identity: contest_id=1107850 teams 2271/2271 matched, players 292/840 matched
2026-08-23 23:50:33,235 INFO ncaa_identity: contest_id=1107915 teams 2678/2678 matched, players 403/1047 matched
2026-08-23 23:50:34,059 INFO ncaa_identity: contest_id=1107947 teams 2375/2375 matched, players 501/1062 matched
2026-08-23 23:50:35,133 INFO ncaa_identity: contest_id=1107969 teams 2156/2156 matched, players 277/797 matched
2026-08-23 23:50:35,900 INFO ncaa_identity: contest_id=1108002 teams 2016/2016 matched, players 138/632 matched
2026-08-23 23:50:36,605 INFO ncaa_identity: contest_id=1108018 teams 1956/1956 matched, players 322/766 matched
2026-08-23 23:50:37,526 INFO ncaa_identity: contest_id=1108041 teams 2634/2634 matched, players 466/1093 matched
2026-08-23 23:50:38,439 INFO ncaa_identity: contest_id=1108056 teams 1808/1808 matched, players 223/659 matched
2026-08-23 23:50:39,213 INFO ncaa_identity: contest_id=1108072 teams 1311/2071 matched, players 82/732 matched
2026-08-23 23:50:39,829 INFO ncaa_identity: contest_id=1108101 teams 1744/1744 matched, players 113/541 matched
2026-08-23 23:50:40,514 INFO ncaa_identity: contest_id=1108151 teams 1851/1851 matched, players 197/646 matched
2026-08-23 23:50:41,488 INFO ncaa_identity: contest_id=1108168 teams 2246/2246 matched, players 333/872 matched
2026-08-23 23:50:42,158 INFO ncaa_identity: contest_id=1108185 teams 1846/1846 matched, players 94/549 matched
2026-08-23 23:50:42,914 INFO ncaa_identity: contest_id=1108204 teams 2146/2146 matched, players 286/802 matched
2026-08-23 23:50:44,262 INFO ncaa_identity: contest_id=1108229 teams 2161/2161 matched, players 363/878 matched
2026-08-23 23:50:45,318 INFO ncaa_identity: contest_id=1108240 teams 914/2089 matched, players 119/725 matched
2026-08-23 23:50:46,350 INFO ncaa_identity: contest_id=1108282 teams 2172/2172 matched, players 282/806 matched
2026-08-23 23:50:46,992 INFO ncaa_identity: contest_id=1108325 teams 2083/2083 matched, players 473/961 matched
2026-08-23 23:50:47,659 INFO ncaa_identity: contest_id=1108335 teams 1108/2052 matched, players 135/814 matched
2026-08-23 23:50:48,558 INFO ncaa_identity: contest_id=1108379 teams 1870/1870 matched, players 324/770 matched
2026-08-23 23:50:49,439 INFO ncaa_identity: contest_id=1108389 teams 1382/1382 matched, players 112/450 matched
2026-08-23 23:50:50,131 INFO ncaa_identity: contest_id=1108421 teams 949/1770 matched, players 171/690 matched
2026-08-23 23:50:51,009 INFO ncaa_identity: contest_id=1108440 teams 1116/2311 matched, players 3262/6490 matched
2026-08-23 23:50:52,220 INFO ncaa_identity: contest_id=1108477 teams 1255/2457 matched, players 3522/6906 matched
2026-08-23 23:50:52,977 INFO ncaa_identity: contest_id=1108493 teams 2087/2087 matched, players 279/782 matched
2026-08-23 23:50:54,091 INFO ncaa_identity: contest_id=1108504 teams 1081/2234 matched, players 154/925 matched
2026-08-23 23:50:55,043 INFO ncaa_identity: contest_id=1108532 teams 2507/2507 matched, players 381/947 matched
2026-08-23 23:50:55,805 INFO ncaa_identity: contest_id=1108562 teams 2140/2140 matched, players 315/829 matched
2026-08-23 23:50:56,794 INFO ncaa_identity: contest_id=1108603 teams 2210/2210 matched, players 190/730 matched
2026-08-23 23:50:57,575 INFO ncaa_identity: contest_id=1108637 teams 2174/2174 matched, players 295/818 matched
2026-08-23 23:50:58,363 INFO ncaa_identity: contest_id=1108694 teams 2200/2200 matched, players 368/895 matched
2026-08-23 23:50:59,041 INFO ncaa_identity: contest_id=1108742 teams 1690/1690 matched, players 145/557 matched
2026-08-23 23:50:59,721 INFO ncaa_identity: contest_id=1108781 teams 1694/1694 matched, players 173/584 matched
2026-08-23 23:51:00,280 INFO ncaa_identity: contest_id=1108808 teams 764/1491 matched, players 186/374 matched
2026-08-23 23:51:01,206 INFO ncaa_identity: contest_id=1108837 teams 1994/1994 matched, players 320/797 matched
2026-08-23 23:51:01,782 INFO ncaa_identity: contest_id=1108907 teams 1934/1934 matched, players 249/715 matched
2026-08-23 23:51:02,577 INFO ncaa_identity: contest_id=1108941 teams 2151/2151 matched, players 315/832 matched
2026-08-23 23:51:03,434 INFO ncaa_identity: contest_id=1108963 teams 1984/1984 matched, players 247/727 matched
2026-08-23 23:51:04,098 INFO ncaa_identity: contest_id=1108995 teams 2100/2100 matched, players 281/788 matched
2026-08-23 23:51:04,816 INFO ncaa_identity: contest_id=1109005 teams 1790/1790 matched, players 281/709 matched
2026-08-23 23:51:05,839 INFO ncaa_identity: contest_id=1109027 teams 2083/2083 matched, players 306/806 matched
2026-08-23 23:51:06,541 INFO ncaa_identity: contest_id=1109111 teams 2092/2092 matched, players 438/932 matched
2026-08-23 23:51:07,430 INFO ncaa_identity: contest_id=1109200 teams 2087/2087 matched, players 297/800 matched
2026-08-23 23:51:08,405 INFO ncaa_identity: contest_id=1109228 teams 1882/1882 matched, players 258/711 matched
2026-08-23 23:51:09,020 INFO ncaa_identity: contest_id=1109250 teams 1610/1610 matched, players 97/492 matched
2026-08-23 23:51:09,764 INFO ncaa_identity: contest_id=1109266 teams 2287/2287 matched, players 429/930 matched
2026-08-23 23:51:10,702 INFO ncaa_identity: contest_id=1109280 teams 1028/1716 matched, players 116/578 matched
2026-08-23 23:51:11,423 INFO ncaa_identity: contest_id=1109298 teams 1121/1968 matched, players 160/755 matched
2026-08-23 23:51:12,123 INFO ncaa_identity: contest_id=1109316 teams 2110/2110 matched, players 406/906 matched
2026-08-23 23:51:13,136 INFO ncaa_identity: contest_id=1109351 teams 2094/2094 matched, players 324/826 matched
2026-08-23 23:51:13,831 INFO ncaa_identity: contest_id=1109361 teams 1848/1848 matched, players 240/685 matched
2026-08-23 23:51:15,004 INFO ncaa_identity: contest_id=1109371 teams 2820/2820 matched, players 564/1231 matched
2026-08-23 23:51:15,638 INFO ncaa_identity: contest_id=1109416 teams 1949/1949 matched, players 177/624 matched
2026-08-23 23:51:16,243 INFO ncaa_identity: contest_id=1109473 teams 1782/1782 matched, players 202/633 matched
2026-08-23 23:51:17,076 INFO ncaa_identity: contest_id=1109489 teams 1734/1734 matched, players 302/715 matched
2026-08-23 23:51:17,734 INFO ncaa_identity: contest_id=1109542 teams 2040/2040 matched, players 267/758 matched
2026-08-23 23:51:18,506 INFO ncaa_identity: contest_id=1109576 teams 1936/1936 matched, players 153/626 matched
2026-08-23 23:51:19,362 INFO ncaa_identity: contest_id=1109596 teams 1800/1800 matched, players 280/711 matched
2026-08-23 23:51:19,984 INFO ncaa_identity: contest_id=1109656 teams 913/2195 matched, players 80/730 matched
2026-08-23 23:51:20,552 INFO ncaa_identity: contest_id=1109668 teams 1534/1534 matched, players 20/401 matched
2026-08-23 23:51:21,447 INFO ncaa_identity: contest_id=1109681 teams 2110/2110 matched, players 366/869 matched
2026-08-23 23:51:22,069 INFO ncaa_identity: contest_id=1109698 teams 1905/1905 matched, players 360/813 matched
2026-08-23 23:51:22,953 INFO ncaa_identity: contest_id=1109718 teams 2253/2253 matched, players 368/906 matched
2026-08-23 23:51:23,987 INFO ncaa_identity: contest_id=1109733 teams 872/1582 matched, players 49/550 matched
2026-08-23 23:51:24,734 INFO ncaa_identity: contest_id=1109743 teams 864/1706 matched, players 101/632 matched
2026-08-23 23:51:25,292 INFO ncaa_identity: contest_id=1109753 teams 1549/1549 matched, players 135/512 matched
2026-08-23 23:51:26,108 INFO ncaa_identity: contest_id=1109774 teams 1224/2426 matched, players 3464/6818 matched
2026-08-23 23:51:26,988 INFO ncaa_identity: contest_id=1109796 teams 1940/1940 matched, players 260/728 matched
2026-08-23 23:51:27,664 INFO ncaa_identity: contest_id=1109821 teams 2196/2196 matched, players 437/956 matched
2026-08-23 23:51:28,527 INFO ncaa_identity: contest_id=1109854 teams 2058/2058 matched, players 433/918 matched
2026-08-23 23:51:30,158 INFO ncaa_identity: contest_id=1109871 teams 2182/2182 matched, players 440/957 matched
2026-08-23 23:51:31,615 INFO ncaa_identity: contest_id=1109886 teams 2144/2144 matched, players 439/945 matched
2026-08-23 23:51:32,854 INFO ncaa_identity: contest_id=1109910 teams 2083/2083 matched, players 346/844 matched
2026-08-23 23:51:34,975 INFO ncaa_identity: contest_id=1109920 teams 1203/2394 matched, players 3382/6791 matched
2026-08-23 23:51:36,248 INFO ncaa_identity: contest_id=1109940 teams 1323/2656 matched, players 3388/7529 matched
2026-08-23 23:51:37,368 INFO ncaa_identity: contest_id=1109964 teams 2320/2320 matched, players 462/978 matched
2026-08-23 23:51:38,123 INFO ncaa_identity: contest_id=1109987 teams 1886/1886 matched, players 257/711 matched
2026-08-23 23:51:39,395 INFO ncaa_identity: contest_id=1110036 teams 2338/2338 matched, players 404/961 matched
2026-08-23 23:51:40,909 INFO ncaa_identity: contest_id=1110053 teams 1970/1970 matched, players 305/777 matched
2026-08-23 23:51:42,166 INFO ncaa_identity: contest_id=1110111 teams 2022/2022 matched, players 120/617 matched
2026-08-23 23:51:43,040 INFO ncaa_identity: contest_id=1110145 teams 1532/1532 matched, players 150/523 matched
2026-08-23 23:51:45,003 INFO ncaa_identity: contest_id=1110173 teams 2156/2156 matched, players 323/830 matched
2026-08-23 23:51:46,213 INFO ncaa_identity: contest_id=1110197 teams 1982/1982 matched, players 407/876 matched
2026-08-23 23:51:47,570 INFO ncaa_identity: contest_id=1110233 teams 2074/2074 matched, players 366/859 matched
2026-08-23 23:51:49,062 INFO ncaa_identity: contest_id=1110261 teams 2058/2058 matched, players 209/689 matched
2026-08-23 23:51:50,268 INFO ncaa_identity: contest_id=1110286 teams 2268/2268 matched, players 248/777 matched
2026-08-23 23:51:52,090 INFO ncaa_identity: contest_id=1110312 teams 2408/2408 matched, players 402/980 matched
2026-08-23 23:51:53,325 INFO ncaa_identity: contest_id=1110347 teams 1792/1792 matched, players 299/726 matched
2026-08-23 23:51:54,714 INFO ncaa_identity: contest_id=1110362 teams 2244/2244 matched, players 353/874 matched
2026-08-23 23:51:56,016 INFO ncaa_identity: contest_id=1110396 teams 1837/1837 matched, players 172/619 matched
2026-08-23 23:51:57,074 INFO ncaa_identity: contest_id=1110419 teams 1891/1891 matched, players 307/740 matched
2026-08-23 23:51:57,999 INFO ncaa_identity: contest_id=1110473 teams 1914/1914 matched, players 322/779 matched
2026-08-23 23:51:58,994 INFO ncaa_identity: contest_id=1110523 teams 936/2106 matched, players 50/715 matched
2026-08-23 23:52:00,184 INFO ncaa_identity: contest_id=1110551 teams 2009/2009 matched, players 343/822 matched
2026-08-23 23:52:01,312 INFO ncaa_identity: contest_id=1110588 teams 2244/2244 matched, players 337/876 matched
2026-08-23 23:52:02,207 INFO ncaa_identity: contest_id=1110604 teams 1920/1920 matched, players 237/700 matched
2026-08-23 23:52:03,570 INFO ncaa_identity: contest_id=1110620 teams 1976/1976 matched, players 305/742 matched
2026-08-23 23:52:04,722 INFO ncaa_identity: contest_id=1110667 teams 2004/2004 matched, players 297/778 matched
2026-08-23 23:52:05,777 INFO ncaa_identity: contest_id=1110684 teams 2009/2009 matched, players 245/730 matched
2026-08-23 23:52:07,105 INFO ncaa_identity: contest_id=1110718 teams 1994/1994 matched, players 188/674 matched
2026-08-23 23:52:08,332 INFO ncaa_identity: contest_id=1110728 teams 1119/2126 matched, players 155/819 matched
2026-08-23 23:52:09,446 INFO ncaa_identity: contest_id=1110760 teams 2178/2178 matched, players 319/842 matched
2026-08-23 23:52:10,808 INFO ncaa_identity: contest_id=1110791 teams 1954/1954 matched, players 344/808 matched
2026-08-23 23:52:12,064 INFO ncaa_identity: contest_id=1110849 teams 2131/2131 matched, players 243/741 matched
2026-08-23 23:52:13,592 INFO ncaa_identity: contest_id=1110897 teams 2302/2302 matched, players 366/886 matched
2026-08-23 23:52:14,677 INFO ncaa_identity: contest_id=1110947 teams 1810/1810 matched, players 165/606 matched
2026-08-23 23:52:15,921 INFO ncaa_identity: contest_id=1110957 teams 2134/2134 matched, players 303/816 matched
2026-08-23 23:52:17,654 INFO ncaa_identity: contest_id=1110967 teams 2386/2386 matched, players 415/952 matched
2026-08-23 23:52:19,068 INFO ncaa_identity: contest_id=1110977 teams 2004/2004 matched, players 281/762 matched
2026-08-23 23:52:20,004 INFO ncaa_identity: contest_id=1110987 teams 1596/1596 matched, players 121/511 matched
2026-08-23 23:52:21,158 INFO ncaa_identity: contest_id=1111030 teams 2007/2007 matched, players 195/684 matched
2026-08-23 23:52:22,018 INFO ncaa_identity: contest_id=1111051 teams 2018/2018 matched, players 401/879 matched
2026-08-23 23:52:23,000 INFO ncaa_identity: contest_id=1111085 teams 2032/2032 matched, players 244/735 matched
2026-08-23 23:52:24,384 INFO ncaa_identity: contest_id=1111135 teams 1980/1980 matched, players 335/807 matched
2026-08-23 23:52:25,273 INFO ncaa_identity: contest_id=1111207 teams 1748/1748 matched, players 307/724 matched
2026-08-23 23:52:26,208 INFO ncaa_identity: contest_id=1111230 teams 1817/1817 matched, players 241/678 matched
2026-08-23 23:52:27,711 INFO ncaa_identity: contest_id=1111354 teams 2220/2220 matched, players 333/866 matched
2026-08-23 23:52:28,808 INFO ncaa_identity: contest_id=1111367 teams 2624/2624 matched, players 377/1083 matched
2026-08-23 23:52:29,725 INFO ncaa_identity: contest_id=1111382 teams 2048/2048 matched, players 327/817 matched
2026-08-23 23:52:31,011 INFO ncaa_identity: contest_id=1111406 teams 1887/1887 matched, players 290/705 matched
2026-08-23 23:52:31,922 INFO ncaa_identity: contest_id=1111422 teams 1614/1614 matched, players 162/554 matched
2026-08-23 23:52:33,326 INFO ncaa_identity: contest_id=1111466 teams 2340/2340 matched, players 315/857 matched
2026-08-23 23:52:34,389 INFO ncaa_identity: contest_id=1111483 teams 2294/2294 matched, players 349/899 matched
2026-08-23 23:52:35,449 INFO ncaa_identity: contest_id=1111526 teams 2533/2533 matched, players 391/1076 matched
2026-08-23 23:52:36,987 INFO ncaa_identity: contest_id=1111573 teams 2524/2524 matched, players 301/911 matched
2026-08-23 23:52:38,322 INFO ncaa_identity: contest_id=1111588 teams 2023/2023 matched, players 212/704 matched
2026-08-23 23:52:39,968 INFO ncaa_identity: contest_id=1111603 teams 2038/2038 matched, players 348/817 matched
2026-08-23 23:52:41,163 INFO ncaa_identity: contest_id=1111652 teams 2166/2166 matched, players 252/776 matched
2026-08-23 23:52:42,210 INFO ncaa_identity: contest_id=1111666 teams 2002/2002 matched, players 218/704 matched
2026-08-23 23:52:43,353 INFO ncaa_identity: contest_id=1111704 teams 1782/1782 matched, players 300/724 matched
2026-08-23 23:52:44,766 INFO ncaa_identity: contest_id=1111720 teams 1712/1712 matched, players 159/575 matched
2026-08-23 23:52:45,820 INFO ncaa_identity: contest_id=1111799 teams 1678/1678 matched, players 216/620 matched
2026-08-23 23:52:46,926 INFO ncaa_identity: contest_id=1111842 teams 2086/2086 matched, players 374/870 matched
2026-08-23 23:52:48,437 INFO ncaa_identity: contest_id=1111870 teams 2015/2015 matched, players 268/754 matched
2026-08-23 23:52:49,497 INFO ncaa_identity: contest_id=1111883 teams 1155/2276 matched, players 3258/6418 matched
2026-08-23 23:52:50,549 INFO ncaa_identity: contest_id=1111903 teams 1861/1861 matched, players 135/592 matched
2026-08-23 23:52:51,865 INFO ncaa_identity: contest_id=1111933 teams 2120/2120 matched, players 433/935 matched
2026-08-23 23:52:53,229 INFO ncaa_identity: contest_id=1111966 teams 2051/2051 matched, players 402/888 matched
2026-08-23 23:52:54,391 INFO ncaa_identity: contest_id=1111982 teams 1185/2247 matched, players 114/632 matched
2026-08-23 23:52:55,558 INFO ncaa_identity: contest_id=1112037 teams 1646/1646 matched, players 238/634 matched
2026-08-23 23:52:56,519 INFO ncaa_identity: contest_id=1112067 teams 1975/1975 matched, players 376/844 matched
2026-08-23 23:52:57,889 INFO ncaa_identity: contest_id=1112102 teams 1912/1912 matched, players 327/783 matched
2026-08-23 23:52:59,130 INFO ncaa_identity: contest_id=1112163 teams 2108/2108 matched, players 82/605 matched
2026-08-23 23:53:00,271 INFO ncaa_identity: contest_id=1112187 teams 1894/1894 matched, players 132/596 matched
2026-08-23 23:53:01,569 INFO ncaa_identity: contest_id=1112209 teams 2280/2280 matched, players 465/1003 matched
2026-08-23 23:53:02,711 INFO ncaa_identity: contest_id=1112219 teams 1928/1928 matched, players 310/771 matched
2026-08-23 23:53:03,971 INFO ncaa_identity: contest_id=1112252 teams 1668/1668 matched, players 31/445 matched
2026-08-23 23:53:05,257 INFO ncaa_identity: contest_id=1112283 teams 2462/2462 matched, players 464/1048 matched
2026-08-23 23:53:06,772 INFO ncaa_identity: contest_id=1112318 teams 1857/1857 matched, players 196/648 matched
2026-08-23 23:53:07,978 INFO ncaa_identity: contest_id=1112353 teams 1124/2332 matched, players 3020/6542 matched
2026-08-23 23:53:09,005 INFO ncaa_identity: contest_id=1112366 teams 850/1998 matched, players 162/778 matched
2026-08-23 23:53:10,362 INFO ncaa_identity: contest_id=1112376 teams 2148/2148 matched, players 368/882 matched
2026-08-23 23:53:11,594 INFO ncaa_identity: contest_id=1112392 teams 2013/2013 matched, players 240/726 matched
2026-08-23 23:53:12,542 INFO ncaa_identity: contest_id=1112417 teams 2002/2002 matched, players 287/768 matched
2026-08-23 23:53:13,701 INFO ncaa_identity: contest_id=1112435 teams 1876/1876 matched, players 267/718 matched
2026-08-23 23:53:14,763 INFO ncaa_identity: contest_id=1112489 teams 2043/2043 matched, players 350/838 matched
2026-08-23 23:53:15,801 INFO ncaa_identity: contest_id=1112536 teams 2106/2106 matched, players 290/797 matched
2026-08-23 23:53:17,077 INFO ncaa_identity: contest_id=1112552 teams 1894/1894 matched, players 228/685 matched
2026-08-23 23:53:18,017 INFO ncaa_identity: contest_id=1112570 teams 2021/2021 matched, players 352/835 matched
2026-08-23 23:53:19,045 INFO ncaa_identity: contest_id=1112593 teams 1710/1710 matched, players 243/653 matched
2026-08-23 23:53:19,924 INFO ncaa_identity: contest_id=1112603 teams 1824/1824 matched, players 307/742 matched
2026-08-23 23:53:21,139 INFO ncaa_identity: contest_id=1112618 teams 1745/1745 matched, players 223/643 matched
2026-08-23 23:53:22,314 INFO ncaa_identity: contest_id=1112631 teams 1938/1938 matched, players 170/642 matched
2026-08-23 23:53:23,413 INFO ncaa_identity: contest_id=1112645 teams 1905/1905 matched, players 224/684 matched
2026-08-23 23:53:24,612 INFO ncaa_identity: contest_id=1112657 teams 1772/1772 matched, players 247/673 matched
2026-08-23 23:53:25,616 INFO ncaa_identity: contest_id=1112682 teams 712/1748 matched, players 5/612 matched
2026-08-23 23:53:26,759 INFO ncaa_identity: contest_id=1112742 teams 2494/2494 matched, players 405/1002 matched
2026-08-23 23:53:28,027 INFO ncaa_identity: contest_id=1112767 teams 1946/1946 matched, players 290/757 matched
2026-08-23 23:53:29,089 INFO ncaa_identity: contest_id=1112778 teams 2316/2316 matched, players 429/980 matched
2026-08-23 23:53:30,074 INFO ncaa_identity: contest_id=1112816 teams 1632/1632 matched, players 245/635 matched
2026-08-23 23:53:31,544 INFO ncaa_identity: contest_id=1112831 teams 1925/1925 matched, players 334/793 matched
2026-08-23 23:53:32,510 INFO ncaa_identity: contest_id=1112847 teams 1668/1668 matched, players 173/578 matched
2026-08-23 23:53:33,826 INFO ncaa_identity: contest_id=1112859 teams 2419/2419 matched, players 337/920 matched
2026-08-23 23:53:35,389 INFO ncaa_identity: contest_id=1112892 teams 1868/1868 matched, players 201/652 matched
2026-08-23 23:53:36,419 INFO ncaa_identity: contest_id=1112907 teams 1826/1826 matched, players 281/718 matched
2026-08-23 23:53:37,339 INFO ncaa_identity: contest_id=1112920 teams 2067/2067 matched, players 178/682 matched
2026-08-23 23:53:38,898 INFO ncaa_identity: contest_id=1112932 teams 2200/2200 matched, players 377/902 matched
2026-08-23 23:53:40,576 INFO ncaa_identity: contest_id=1112943 teams 2210/2210 matched, players 285/817 matched
2026-08-23 23:53:42,043 INFO ncaa_identity: contest_id=1112953 teams 1815/1815 matched, players 342/773 matched
2026-08-23 23:53:43,100 INFO ncaa_identity: contest_id=1112963 teams 1619/1619 matched, players 183/574 matched
2026-08-23 23:53:44,310 INFO ncaa_identity: contest_id=1112976 teams 2438/2438 matched, players 502/1076 matched
2026-08-23 23:53:45,808 INFO ncaa_identity: contest_id=1113000 teams 1633/1633 matched, players 162/541 matched
2026-08-23 23:53:46,998 INFO ncaa_identity: contest_id=1113012 teams 2004/2004 matched, players 31/529 matched
2026-08-23 23:53:48,048 INFO ncaa_identity: contest_id=1113023 teams 1966/1966 matched, players 336/804 matched
2026-08-23 23:53:49,472 INFO ncaa_identity: contest_id=1113033 teams 2682/2682 matched, players 343/992 matched
2026-08-23 23:53:50,554 INFO ncaa_identity: contest_id=1113043 teams 1622/1622 matched, players 126/523 matched
2026-08-23 23:53:51,393 INFO ncaa_identity: contest_id=1113056 teams 1682/1682 matched, players 164/574 matched
2026-08-23 23:53:52,454 INFO ncaa_identity: contest_id=1113067 teams 1814/1814 matched, players 289/723 matched
2026-08-23 23:53:53,702 INFO ncaa_identity: contest_id=1113079 teams 1971/1971 matched, players 238/714 matched
2026-08-23 23:53:54,799 INFO ncaa_identity: contest_id=1113093 teams 1855/1855 matched, players 123/578 matched
2026-08-23 23:53:55,718 INFO ncaa_identity: contest_id=1113107 teams 1932/1932 matched, players 249/716 matched
2026-08-23 23:53:56,872 INFO ncaa_identity: contest_id=1113120 teams 2142/2142 matched, players 360/872 matched
2026-08-23 23:53:57,920 INFO ncaa_identity: contest_id=1113132 teams 1778/1778 matched, players 187/618 matched
2026-08-23 23:53:59,396 INFO ncaa_identity: contest_id=1113143 teams 1067/2370 matched, players 171/1006 matched
2026-08-23 23:54:00,452 INFO ncaa_identity: contest_id=1113172 teams 1683/1683 matched, players 202/584 matched
2026-08-23 23:54:01,626 INFO ncaa_identity: contest_id=1113187 teams 2422/2422 matched, players 381/961 matched
2026-08-23 23:54:02,755 INFO ncaa_identity: contest_id=1113215 teams 1709/1709 matched, players 202/615 matched
2026-08-23 23:54:04,443 INFO ncaa_identity: contest_id=1113227 teams 2192/2192 matched, players 391/913 matched
2026-08-23 23:54:05,535 INFO ncaa_identity: contest_id=1113240 teams 1720/1720 matched, players 296/706 matched
2026-08-23 23:54:06,714 INFO ncaa_identity: contest_id=1113259 teams 1938/1938 matched, players 204/675 matched
2026-08-23 23:54:08,379 INFO ncaa_identity: contest_id=1113341 teams 2232/2232 matched, players 318/835 matched
2026-08-23 23:54:09,828 INFO ncaa_identity: contest_id=1113359 teams 2220/2220 matched, players 330/863 matched
2026-08-23 23:54:11,166 INFO ncaa_identity: contest_id=1113389 teams 2112/2112 matched, players 270/781 matched
2026-08-23 23:54:12,694 INFO ncaa_identity: contest_id=1113399 teams 1894/1894 matched, players 303/757 matched
2026-08-23 23:54:13,776 INFO ncaa_identity: contest_id=1113425 teams 2024/2024 matched, players 229/694 matched
2026-08-23 23:54:15,157 INFO ncaa_identity: contest_id=1113438 teams 2099/2099 matched, players 315/816 matched
2026-08-23 23:54:16,575 INFO ncaa_identity: contest_id=1113512 teams 1827/1827 matched, players 145/590 matched
2026-08-23 23:54:17,630 INFO ncaa_identity: contest_id=1113543 teams 1754/1754 matched, players 311/730 matched
2026-08-23 23:54:18,809 INFO ncaa_identity: contest_id=1113555 teams 1890/1890 matched, players 282/735 matched
2026-08-23 23:54:20,400 INFO ncaa_identity: contest_id=1113567 teams 1946/1946 matched, players 252/721 matched
2026-08-23 23:54:21,329 INFO ncaa_identity: contest_id=1113580 teams 1770/1770 matched, players 322/742 matched
2026-08-23 23:54:22,263 INFO ncaa_identity: contest_id=1113600 teams 1958/1958 matched, players 216/691 matched
2026-08-23 23:54:23,544 INFO ncaa_identity: contest_id=1113633 teams 2368/2368 matched, players 379/908 matched
2026-08-23 23:54:24,605 INFO ncaa_identity: contest_id=1113647 teams 2100/2100 matched, players 115/632 matched
2026-08-23 23:54:25,680 INFO ncaa_identity: contest_id=1113662 teams 1916/1916 matched, players 147/584 matched
2026-08-23 23:54:27,008 INFO ncaa_identity: contest_id=1113675 teams 2328/2328 matched, players 509/1028 matched
2026-08-23 23:54:28,358 INFO ncaa_identity: contest_id=1113705 teams 2256/2256 matched, players 444/978 matched
2026-08-23 23:54:29,238 INFO ncaa_identity: contest_id=1113719 teams 1822/1822 matched, players 326/758 matched
2026-08-23 23:54:30,420 INFO ncaa_identity: contest_id=1113730 teams 1784/1784 matched, players 263/692 matched
2026-08-23 23:54:31,259 INFO ncaa_identity: contest_id=1113740 teams 681/1692 matched, players 103/695 matched
2026-08-23 23:54:32,301 INFO ncaa_identity: contest_id=1113767 teams 1983/1983 matched, players 261/739 matched
2026-08-23 23:54:33,768 INFO ncaa_identity: contest_id=1113781 teams 2400/2400 matched, players 374/948 matched
2026-08-23 23:54:34,777 INFO ncaa_identity: contest_id=1113793 teams 1754/1754 matched, players 255/677 matched
2026-08-23 23:54:35,598 INFO ncaa_identity: contest_id=1113914 teams 1610/1610 matched, players 227/599 matched
2026-08-23 23:54:37,412 INFO ncaa_identity: contest_id=1113946 teams 2922/2922 matched, players 399/1102 matched
2026-08-23 23:54:38,364 INFO ncaa_identity: contest_id=1113964 teams 1896/1896 matched, players 346/797 matched
2026-08-23 23:54:39,893 INFO ncaa_identity: contest_id=1114022 teams 2376/2376 matched, players 325/897 matched
2026-08-23 23:54:41,001 INFO ncaa_identity: contest_id=1114039 teams 2022/2022 matched, players 285/770 matched
2026-08-23 23:54:41,885 INFO ncaa_identity: contest_id=1114050 teams 1892/1892 matched, players 113/578 matched
2026-08-23 23:54:42,807 INFO ncaa_identity: contest_id=1114065 teams 1744/1744 matched, players 170/594 matched
2026-08-23 23:54:44,084 INFO ncaa_identity: contest_id=1114127 teams 2032/2032 matched, players 315/772 matched
2026-08-23 23:54:45,462 INFO ncaa_identity: contest_id=1114138 teams 1903/1903 matched, players 155/620 matched
2026-08-23 23:54:46,611 INFO ncaa_identity: contest_id=1114182 teams 1808/1808 matched, players 196/634 matched
2026-08-23 23:54:48,232 INFO ncaa_identity: contest_id=1114193 teams 2263/2263 matched, players 368/909 matched
2026-08-23 23:54:49,539 INFO ncaa_identity: contest_id=1114247 teams 2355/2355 matched, players 409/971 matched
2026-08-23 23:54:50,718 INFO ncaa_identity: contest_id=1114275 teams 2043/2043 matched, players 212/707 matched
2026-08-23 23:54:52,408 INFO ncaa_identity: contest_id=1114298 teams 1916/1916 matched, players 341/798 matched
2026-08-23 23:54:53,731 INFO ncaa_identity: contest_id=1114324 teams 2055/2055 matched, players 307/800 matched
2026-08-23 23:54:55,582 INFO ncaa_identity: contest_id=1114389 teams 2268/2268 matched, players 380/922 matched
2026-08-23 23:54:56,741 INFO ncaa_identity: contest_id=1114426 teams 1864/1864 matched, players 239/688 matched
2026-08-23 23:54:57,912 INFO ncaa_identity: contest_id=1114448 teams 1910/1910 matched, players 348/802 matched
2026-08-23 23:54:59,059 INFO ncaa_identity: contest_id=1114473 teams 1797/1797 matched, players 187/622 matched
2026-08-23 23:55:00,395 INFO ncaa_identity: contest_id=1114512 teams 1921/1921 matched, players 283/744 matched
2026-08-23 23:55:01,565 INFO ncaa_identity: contest_id=1114533 teams 1865/1865 matched, players 156/612 matched
2026-08-23 23:55:02,568 INFO ncaa_identity: contest_id=1114572 teams 1678/1678 matched, players 274/675 matched
2026-08-23 23:55:04,117 INFO ncaa_identity: contest_id=1114619 teams 2142/2142 matched, players 171/675 matched
2026-08-23 23:55:05,127 INFO ncaa_identity: contest_id=1114636 teams 2008/2008 matched, players 217/703 matched
2026-08-23 23:55:06,166 INFO ncaa_identity: contest_id=1114657 teams 1694/1694 matched, players 190/599 matched
2026-08-23 23:55:07,573 INFO ncaa_identity: contest_id=1114668 teams 2024/2024 matched, players 402/881 matched
2026-08-23 23:55:08,919 INFO ncaa_identity: contest_id=1114685 teams 2272/2272 matched, players 278/826 matched
2026-08-23 23:55:10,104 INFO ncaa_identity: contest_id=1114717 teams 1920/1920 matched, players 201/667 matched
2026-08-23 23:55:11,576 INFO ncaa_identity: contest_id=1114771 teams 1870/1870 matched, players 328/773 matched
2026-08-23 23:55:12,653 INFO ncaa_identity: contest_id=1114782 teams 1776/1776 matched, players 137/572 matched
2026-08-23 23:55:13,622 INFO ncaa_identity: contest_id=1114806 teams 1068/1851 matched, players 125/625 matched
2026-08-23 23:55:14,835 INFO ncaa_identity: contest_id=1114831 teams 977/1888 matched, players 72/716 matched
2026-08-23 23:55:15,876 INFO ncaa_identity: contest_id=1114893 teams 2089/2089 matched, players 364/862 matched
2026-08-23 23:55:16,886 INFO ncaa_identity: contest_id=1114947 teams 1588/1588 matched, players 114/502 matched
2026-08-23 23:55:18,111 INFO ncaa_identity: contest_id=1114981 teams 2029/2029 matched, players 288/776 matched
2026-08-23 23:55:19,099 INFO ncaa_identity: contest_id=1115057 teams 2280/2280 matched, players 421/963 matched
2026-08-23 23:55:20,248 INFO ncaa_identity: contest_id=1115069 teams 1981/1981 matched, players 214/694 matched
2026-08-23 23:55:21,419 INFO ncaa_identity: contest_id=1115093 teams 1968/1968 matched, players 306/777 matched
2026-08-23 23:55:22,491 INFO ncaa_identity: contest_id=1115115 teams 2063/2063 matched, players 296/791 matched
2026-08-23 23:55:24,078 INFO ncaa_identity: contest_id=1115143 teams 3140/3140 matched, players 554/1373 matched
2026-08-23 23:55:25,078 INFO ncaa_identity: contest_id=1115169 teams 1977/1977 matched, players 280/755 matched
2026-08-23 23:55:26,083 INFO ncaa_identity: contest_id=1115204 teams 1810/1810 matched, players 324/754 matched
2026-08-23 23:55:27,030 INFO ncaa_identity: contest_id=1115270 teams 2030/2030 matched, players 286/773 matched
2026-08-23 23:55:28,435 INFO ncaa_identity: contest_id=1115304 teams 2333/2333 matched, players 438/958 matched
2026-08-23 23:55:29,648 INFO ncaa_identity: contest_id=1115336 teams 2250/2250 matched, players 374/914 matched
2026-08-23 23:55:30,937 INFO ncaa_identity: contest_id=1115367 teams 1939/1939 matched, players 243/712 matched
2026-08-23 23:55:32,120 INFO ncaa_identity: contest_id=1115410 teams 2022/2022 matched, players 377/857 matched
2026-08-23 23:55:33,275 INFO ncaa_identity: contest_id=1115427 teams 2432/2432 matched, players 427/1007 matched
2026-08-23 23:55:34,569 INFO ncaa_identity: contest_id=1115501 teams 1526/1526 matched, players 212/578 matched
2026-08-23 23:55:35,887 INFO ncaa_identity: contest_id=1115512 teams 1882/1882 matched, players 368/781 matched
2026-08-23 23:55:36,898 INFO ncaa_identity: contest_id=1115538 teams 1686/1686 matched, players 110/523 matched
2026-08-23 23:55:38,329 INFO ncaa_identity: contest_id=1115573 teams 1708/1708 matched, players 263/644 matched
2026-08-23 23:55:39,675 INFO ncaa_identity: contest_id=1115584 teams 1823/1823 matched, players 262/657 matched
2026-08-23 23:55:41,236 INFO ncaa_identity: contest_id=1115608 teams 2811/2811 matched, players 361/1042 matched
2026-08-23 23:55:42,624 INFO ncaa_identity: contest_id=1115648 teams 2286/2286 matched, players 498/1036 matched
2026-08-23 23:55:43,757 INFO ncaa_identity: contest_id=1115711 teams 2058/2058 matched, players 262/758 matched
2026-08-23 23:55:44,667 INFO ncaa_identity: contest_id=1115754 teams 1847/1847 matched, players 313/753 matched
2026-08-23 23:55:46,368 INFO ncaa_identity: contest_id=1115764 teams 2278/2278 matched, players 430/960 matched
2026-08-23 23:55:47,543 INFO ncaa_identity: contest_id=1115783 teams 2074/2074 matched, players 208/677 matched
2026-08-23 23:55:48,675 INFO ncaa_identity: contest_id=1115793 teams 1704/1704 matched, players 279/685 matched
2026-08-23 23:55:50,449 INFO ncaa_identity: contest_id=1115809 teams 1971/1971 matched, players 377/844 matched
2026-08-23 23:55:51,408 INFO ncaa_identity: contest_id=1115819 teams 1369/1369 matched, players 168/498 matched
2026-08-23 23:55:52,329 INFO ncaa_identity: contest_id=1115845 teams 1520/1520 matched, players 266/628 matched
2026-08-23 23:55:54,045 INFO ncaa_identity: contest_id=1115855 teams 2432/2432 matched, players 476/1052 matched
2026-08-23 23:55:55,247 INFO ncaa_identity: contest_id=1115886 teams 1995/1995 matched, players 328/804 matched
2026-08-23 23:55:56,452 INFO ncaa_identity: contest_id=1115945 teams 1875/1875 matched, players 155/612 matched
2026-08-23 23:55:56,788 WARNING ncaa_parse: family=lineups contest_id=1115976 team=Ark.-Pine Bluff produced NO good stints (2 bad, roster=15) -- parsed successfully but contributed nothing
2026-08-23 23:55:57,417 INFO ncaa_identity: contest_id=1115976 teams 1522/1522 matched, players 10/389 matched
2026-08-23 23:55:58,308 INFO ncaa_identity: contest_id=1115988 teams 2028/2028 matched, players 301/788 matched
2026-08-23 23:55:59,433 INFO ncaa_identity: contest_id=1116007 teams 1801/1801 matched, players 146/586 matched
2026-08-23 23:56:00,530 INFO ncaa_identity: contest_id=1116057 teams 1920/1920 matched, players 212/678 matched
2026-08-23 23:56:01,846 INFO ncaa_identity: contest_id=1116162 teams 2088/2088 matched, players 322/821 matched
2026-08-23 23:56:02,736 INFO ncaa_identity: contest_id=1116186 teams 1695/1695 matched, players 216/625 matched
2026-08-23 23:56:03,669 INFO ncaa_identity: contest_id=1116202 teams 1897/1897 matched, players 188/650 matched
2026-08-23 23:56:04,699 INFO ncaa_identity: contest_id=1116212 teams 1584/1584 matched, players 128/515 matched
2026-08-23 23:56:05,946 INFO ncaa_identity: contest_id=1116323 teams 2046/2046 matched, players 218/714 matched
2026-08-23 23:56:06,785 INFO ncaa_identity: contest_id=1116345 teams 1723/1723 matched, players 285/696 matched
2026-08-23 23:56:08,109 INFO ncaa_identity: contest_id=1116425 teams 2238/2238 matched, players 387/893 matched
2026-08-23 23:56:09,492 INFO ncaa_identity: contest_id=1116463 teams 2256/2256 matched, players 309/851 matched
2026-08-23 23:56:10,478 INFO ncaa_identity: contest_id=1116477 teams 1936/1936 matched, players 325/787 matched
2026-08-23 23:56:11,434 INFO ncaa_identity: contest_id=1116497 teams 1807/1807 matched, players 293/725 matched
2026-08-23 23:56:12,534 INFO ncaa_identity: contest_id=1116513 teams 2145/2145 matched, players 300/780 matched
2026-08-23 23:56:14,170 INFO ncaa_identity: contest_id=1116536 teams 1718/1718 matched, players 192/608 matched
2026-08-23 23:56:15,357 INFO ncaa_identity: contest_id=1116605 teams 1896/1896 matched, players 177/638 matched
2026-08-23 23:56:16,698 INFO ncaa_identity: contest_id=1116619 teams 2444/2444 matched, players 494/1073 matched
2026-08-23 23:56:18,070 INFO ncaa_identity: contest_id=1116630 teams 1929/1929 matched, players 338/767 matched
2026-08-23 23:56:19,706 INFO ncaa_identity: contest_id=1116663 teams 2097/2097 matched, players 409/905 matched
2026-08-23 23:56:20,746 INFO ncaa_identity: contest_id=1116679 teams 2070/2070 matched, players 351/845 matched
2026-08-23 23:56:21,924 INFO ncaa_identity: contest_id=1116748 teams 1748/1748 matched, players 315/731 matched
2026-08-23 23:56:23,444 INFO ncaa_identity: contest_id=1116806 teams 2285/2285 matched, players 239/795 matched
2026-08-23 23:56:24,231 INFO ncaa_identity: contest_id=1116828 teams 1282/1282 matched, players 20/338 matched
2026-08-23 23:56:25,388 INFO ncaa_identity: contest_id=1116918 teams 1973/1973 matched, players 228/705 matched
2026-08-23 23:56:26,694 INFO ncaa_identity: contest_id=1116940 teams 2182/2182 matched, players 248/775 matched
2026-08-23 23:56:27,818 INFO ncaa_identity: contest_id=1116985 teams 1852/1852 matched, players 211/659 matched
2026-08-23 23:56:28,941 INFO ncaa_identity: contest_id=1117013 teams 2412/2412 matched, players 373/950 matched
2026-08-23 23:56:30,156 INFO ncaa_identity: contest_id=1117026 teams 1718/1718 matched, players 127/547 matched
2026-08-23 23:56:31,541 INFO ncaa_identity: contest_id=1117042 teams 2096/2096 matched, players 273/779 matched
2026-08-23 23:56:31,656 INFO 5 starters not found for period 1; using estimate
2026-08-23 23:56:31,656 INFO 5 starters not found for period 1; using estimate
2026-08-23 23:56:31,657 INFO 5 starters not found for period 2; using estimate
2026-08-23 23:56:31,657 INFO 5 starters not found for period 2; using estimate
2026-08-23 23:56:32,619 INFO ncaa_identity: contest_id=1117052 teams 1893/1893 matched, players 681/2947 matched
2026-08-23 23:56:33,723 INFO ncaa_identity: contest_id=1117079 teams 1474/1474 matched, players 162/519 matched
2026-08-23 23:56:35,024 INFO ncaa_identity: contest_id=1117095 teams 1720/1720 matched, players 217/632 matched
2026-08-23 23:56:36,147 INFO ncaa_identity: contest_id=1117105 teams 1954/1954 matched, players 261/731 matched
2026-08-23 23:56:37,699 INFO ncaa_identity: contest_id=1117147 teams 1790/1790 matched, players 166/602 matched
2026-08-23 23:56:39,104 INFO ncaa_identity: contest_id=1117165 teams 2460/2460 matched, players 480/1062 matched
2026-08-23 23:56:40,075 INFO ncaa_identity: contest_id=1117183 teams 1592/1592 matched, players 255/636 matched
2026-08-23 23:56:41,645 INFO ncaa_identity: contest_id=1117271 teams 2136/2136 matched, players 256/773 matched
2026-08-23 23:56:42,721 INFO ncaa_identity: contest_id=1117289 teams 1880/1880 matched, players 143/603 matched
2026-08-23 23:56:43,781 INFO ncaa_identity: contest_id=1117322 teams 1410/1410 matched, players 20/370 matched
2026-08-23 23:56:45,099 INFO ncaa_identity: contest_id=1117338 teams 2101/2101 matched, players 406/905 matched
2026-08-23 23:56:45,874 INFO ncaa_identity: contest_id=1117383 teams 1311/1311 matched, players 20/325 matched
2026-08-23 23:56:47,396 INFO ncaa_identity: contest_id=1117405 teams 3198/3198 matched, players 563/1325 matched
2026-08-23 23:56:48,838 INFO ncaa_identity: contest_id=1117449 teams 2023/2023 matched, players 297/783 matched
2026-08-23 23:56:49,858 INFO ncaa_identity: contest_id=1117512 teams 2198/2198 matched, players 275/805 matched
2026-08-23 23:56:50,961 INFO ncaa_identity: contest_id=1117549 teams 2355/2355 matched, players 359/923 matched
2026-08-23 23:56:52,534 INFO ncaa_identity: contest_id=1117575 teams 2408/2408 matched, players 476/1046 matched
2026-08-23 23:56:53,604 INFO ncaa_identity: contest_id=1117589 teams 1939/1939 matched, players 336/776 matched
2026-08-23 23:56:54,640 INFO ncaa_identity: contest_id=1117637 teams 2260/2260 matched, players 465/998 matched
2026-08-23 23:56:55,781 INFO ncaa_identity: contest_id=1117647 teams 1902/1902 matched, players 325/779 matched
2026-08-23 23:56:56,711 INFO ncaa_identity: contest_id=1117684 teams 1974/1974 matched, players 299/772 matched
2026-08-23 23:56:57,864 INFO ncaa_identity: contest_id=1117706 teams 2018/2018 matched, players 262/749 matched
2026-08-23 23:56:59,125 INFO ncaa_identity: contest_id=1117738 teams 886/1882 matched, players 258/828 matched
2026-08-23 23:57:00,117 INFO ncaa_identity: contest_id=1117756 teams 1182/1182 matched, players 20/313 matched
2026-08-23 23:57:01,151 INFO ncaa_identity: contest_id=1117769 teams 2012/2012 matched, players 430/905 matched
2026-08-23 23:57:02,284 INFO ncaa_identity: contest_id=1117843 teams 2304/2304 matched, players 274/831 matched
2026-08-23 23:57:03,616 INFO ncaa_identity: contest_id=1117881 teams 1942/1942 matched, players 355/817 matched
2026-08-23 23:57:04,695 INFO ncaa_identity: contest_id=1117919 teams 1554/1554 matched, players 122/494 matched
2026-08-23 23:57:06,064 INFO ncaa_identity: contest_id=1117943 teams 3014/3014 matched, players 546/1218 matched
2026-08-23 23:57:07,590 INFO ncaa_identity: contest_id=1117965 teams 1585/1585 matched, players 250/628 matched
2026-08-23 23:57:08,835 INFO ncaa_identity: contest_id=1118007 teams 1663/1663 matched, players 263/620 matched
2026-08-23 23:57:10,081 INFO ncaa_identity: contest_id=1118033 teams 2045/2045 matched, players 200/697 matched
2026-08-23 23:57:11,419 INFO ncaa_identity: contest_id=1118050 teams 1718/1718 matched, players 260/671 matched
2026-08-23 23:57:12,496 INFO ncaa_identity: contest_id=1118075 teams 1886/1886 matched, players 122/584 matched
2026-08-23 23:57:13,681 INFO ncaa_identity: contest_id=1118108 teams 2348/2348 matched, players 281/849 matched
2026-08-23 23:57:15,118 INFO ncaa_identity: contest_id=1118119 teams 1681/1681 matched, players 202/608 matched
2026-08-23 23:57:16,303 INFO ncaa_identity: contest_id=1118142 teams 1576/1576 matched, players 161/544 matched
2026-08-23 23:57:17,376 INFO ncaa_identity: contest_id=1118153 teams 1952/1952 matched, players 212/684 matched
2026-08-23 23:57:18,492 INFO ncaa_identity: contest_id=1118184 teams 2090/2090 matched, players 307/810 matched
2026-08-23 23:57:19,877 INFO ncaa_identity: contest_id=1118286 teams 2117/2117 matched, players 332/839 matched
2026-08-23 23:57:20,891 INFO ncaa_identity: contest_id=1118303 teams 2022/2022 matched, players 336/818 matched
2026-08-23 23:57:21,960 INFO ncaa_identity: contest_id=1118316 teams 2264/2264 matched, players 351/893 matched
2026-08-23 23:57:23,311 INFO ncaa_identity: contest_id=1118337 teams 2154/2154 matched, players 314/831 matched
2026-08-23 23:57:24,519 INFO ncaa_identity: contest_id=1118363 teams 2100/2100 matched, players 234/742 matched
2026-08-23 23:57:25,625 INFO ncaa_identity: contest_id=1118395 teams 1966/1966 matched, players 276/723 matched
2026-08-23 23:57:27,110 INFO ncaa_identity: contest_id=1118463 teams 1974/1974 matched, players 323/795 matched
2026-08-23 23:57:28,269 INFO ncaa_identity: contest_id=1118481 teams 2186/2186 matched, players 275/791 matched
2026-08-23 23:57:29,503 INFO ncaa_identity: contest_id=1118579 teams 2071/2071 matched, players 357/796 matched
2026-08-23 23:57:30,785 INFO ncaa_identity: contest_id=1118622 teams 1778/1778 matched, players 115/551 matched
2026-08-23 23:57:31,884 INFO ncaa_identity: contest_id=1118632 teams 2005/2005 matched, players 284/766 matched
2026-08-23 23:57:33,015 INFO ncaa_identity: contest_id=1118654 teams 2358/2358 matched, players 249/825 matched
2026-08-23 23:57:34,367 INFO ncaa_identity: contest_id=1118710 teams 2118/2118 matched, players 428/928 matched
2026-08-23 23:57:35,554 INFO ncaa_identity: contest_id=1118728 teams 2004/2004 matched, players 199/686 matched
2026-08-23 23:57:36,853 INFO ncaa_identity: contest_id=1118783 teams 951/1826 matched, players 170/807 matched
2026-08-23 23:57:38,095 INFO ncaa_identity: contest_id=1118794 teams 1667/1667 matched, players 203/605 matched
2026-08-23 23:57:39,942 INFO ncaa_identity: contest_id=1118808 teams 1693/1693 matched, players 28/449 matched
2026-08-23 23:57:41,421 INFO ncaa_identity: contest_id=1118818 teams 1980/1980 matched, players 343/816 matched
2026-08-23 23:57:42,638 INFO ncaa_identity: contest_id=1118847 teams 2492/2492 matched, players 524/1112 matched
2026-08-23 23:57:43,923 INFO ncaa_identity: contest_id=1118883 teams 2018/2018 matched, players 302/786 matched
2026-08-23 23:57:44,832 INFO ncaa_identity: contest_id=1118936 teams 1823/1823 matched, players 254/635 matched
2026-08-23 23:57:45,865 INFO ncaa_identity: contest_id=1118957 teams 2340/2340 matched, players 422/981 matched
2026-08-23 23:57:47,487 INFO ncaa_identity: contest_id=1118967 teams 1750/1750 matched, players 294/711 matched
2026-08-23 23:57:48,547 INFO ncaa_identity: contest_id=1118993 teams 1894/1894 matched, players 249/705 matched
2026-08-23 23:57:49,680 INFO ncaa_identity: contest_id=1119003 teams 2125/2125 matched, players 324/835 matched
2026-08-23 23:57:50,748 INFO ncaa_identity: contest_id=1119045 teams 1436/1436 matched, players 91/443 matched
2026-08-23 23:57:51,073 WARNING ncaa_parse: family=lineups contest_id=1119064 team=Ark.-Pine Bluff produced NO good stints (2 bad, roster=11) -- parsed successfully but contributed nothing
2026-08-23 23:57:52,074 INFO ncaa_identity: contest_id=1119064 teams 1494/1494 matched, players 10/382 matched
2026-08-23 23:57:53,224 INFO ncaa_identity: contest_id=1119077 teams 1954/1954 matched, players 280/749 matched
2026-08-23 23:57:54,562 INFO ncaa_identity: contest_id=1119103 teams 1978/1978 matched, players 288/763 matched
2026-08-23 23:57:56,232 INFO ncaa_identity: contest_id=1119115 teams 1815/1815 matched, players 158/601 matched
2026-08-23 23:57:57,369 INFO ncaa_identity: contest_id=1119137 teams 2020/2020 matched, players 381/862 matched
2026-08-23 23:57:58,547 INFO ncaa_identity: contest_id=1119165 teams 1722/1722 matched, players 249/662 matched
2026-08-23 23:58:00,095 INFO ncaa_identity: contest_id=1119193 teams 2444/2444 matched, players 492/1071 matched
2026-08-23 23:58:01,413 INFO ncaa_identity: contest_id=1119236 teams 1946/1946 matched, players 293/747 matched
2026-08-23 23:58:02,505 INFO ncaa_identity: contest_id=1119329 teams 1658/1658 matched, players 120/526 matched
2026-08-23 23:58:04,172 INFO ncaa_identity: contest_id=1119342 teams 2490/2490 matched, players 398/996 matched
2026-08-23 23:58:05,359 INFO ncaa_identity: contest_id=1119370 teams 1832/1832 matched, players 184/629 matched
2026-08-23 23:58:06,471 INFO ncaa_identity: contest_id=1119382 teams 2002/2002 matched, players 326/805 matched
2026-08-23 23:58:08,112 INFO ncaa_identity: contest_id=1119394 teams 2109/2109 matched, players 446/943 matched
2026-08-23 23:58:09,248 INFO ncaa_identity: contest_id=1119451 teams 1990/1990 matched, players 323/798 matched
2026-08-23 23:58:10,837 INFO ncaa_identity: contest_id=1119461 teams 2000/2000 matched, players 360/836 matched
2026-08-23 23:58:12,033 INFO ncaa_identity: contest_id=1119545 teams 2342/2342 matched, players 196/767 matched
2026-08-23 23:58:13,035 INFO ncaa_identity: contest_id=1119555 teams 1935/1935 matched, players 258/724 matched
2026-08-23 23:58:13,122 INFO 5 starters not found for period 1; using estimate
2026-08-23 23:58:13,123 INFO 5 starters not found for period 1; using estimate
2026-08-23 23:58:13,123 INFO 5 starters not found for period 2; using estimate
2026-08-23 23:58:13,123 INFO 5 starters not found for period 2; using estimate
2026-08-23 23:58:14,411 INFO ncaa_identity: contest_id=1119565 teams 1839/1839 matched, players 745/2911 matched
2026-08-23 23:58:15,564 INFO ncaa_identity: contest_id=1119575 teams 1822/1822 matched, players 113/561 matched
2026-08-23 23:58:16,741 INFO ncaa_identity: contest_id=1119587 teams 2115/2115 matched, players 279/789 matched
2026-08-23 23:58:18,259 INFO ncaa_identity: contest_id=1119687 teams 2012/2012 matched, players 389/865 matched
2026-08-23 23:58:19,451 INFO ncaa_identity: contest_id=1119703 teams 2042/2042 matched, players 318/806 matched
2026-08-23 23:58:20,711 INFO ncaa_identity: contest_id=1119713 teams 1337/2552 matched, players 3710/7236 matched
2026-08-23 23:58:22,138 INFO ncaa_identity: contest_id=1119723 teams 2242/2242 matched, players 296/836 matched
2026-08-23 23:58:23,165 INFO ncaa_identity: contest_id=1119733 teams 1782/1782 matched, players 138/573 matched
2026-08-23 23:58:24,247 INFO ncaa_identity: contest_id=1119840 teams 1822/1822 matched, players 158/603 matched
2026-08-23 23:58:25,559 INFO ncaa_identity: contest_id=1119850 teams 2007/2007 matched, players 356/834 matched
2026-08-23 23:58:26,818 INFO ncaa_identity: contest_id=1119937 teams 2452/2452 matched, players 449/1034 matched
2026-08-23 23:58:28,120 INFO ncaa_identity: contest_id=1119948 teams 2100/2100 matched, players 385/884 matched
2026-08-23 23:58:29,164 INFO ncaa_identity: contest_id=1119962 teams 2116/2116 matched, players 399/900 matched
2026-08-23 23:58:30,247 INFO ncaa_identity: contest_id=1119975 teams 2178/2178 matched, players 376/895 matched
2026-08-23 23:58:31,400 INFO ncaa_identity: contest_id=1119991 teams 1858/1858 matched, players 315/757 matched
2026-08-23 23:58:32,308 INFO ncaa_identity: contest_id=1120003 teams 1686/1686 matched, players 261/651 matched
2026-08-23 23:58:33,526 INFO ncaa_identity: contest_id=1120014 teams 2338/2338 matched, players 492/1042 matched
2026-08-23 23:58:34,823 INFO ncaa_identity: contest_id=1120071 teams 1764/1764 matched, players 172/601 matched
2026-08-23 23:58:35,989 INFO ncaa_identity: contest_id=1120167 teams 1998/1998 matched, players 280/760 matched
2026-08-23 23:58:37,302 INFO ncaa_identity: contest_id=1120207 teams 2151/2151 matched, players 317/833 matched
2026-08-23 23:58:38,431 INFO ncaa_identity: contest_id=1120234 teams 2075/2075 matched, players 244/743 matched
2026-08-23 23:58:39,652 INFO ncaa_identity: contest_id=1120265 teams 1902/1902 matched, players 307/737 matched
2026-08-23 23:58:40,634 INFO ncaa_identity: contest_id=1120275 teams 1812/1812 matched, players 238/674 matched
2026-08-23 23:58:41,785 INFO ncaa_identity: contest_id=1120343 teams 725/1971 matched, players 131/738 matched
2026-08-23 23:58:42,756 INFO ncaa_identity: contest_id=1120376 teams 1647/1647 matched, players 127/502 matched
2026-08-23 23:58:43,965 INFO ncaa_identity: contest_id=1120397 teams 2335/2335 matched, players 217/760 matched
2026-08-23 23:58:45,302 INFO ncaa_identity: contest_id=1120407 teams 1718/1718 matched, players 164/581 matched
2026-08-23 23:58:46,677 INFO ncaa_identity: contest_id=1120440 teams 2274/2274 matched, players 250/801 matched
2026-08-23 23:58:47,696 INFO ncaa_identity: contest_id=1120489 teams 1879/1879 matched, players 271/685 matched
2026-08-23 23:58:49,192 INFO ncaa_identity: contest_id=1120510 teams 1766/1766 matched, players 268/691 matched
2026-08-23 23:58:50,441 INFO ncaa_identity: contest_id=1120556 teams 2526/2526 matched, players 498/1097 matched
2026-08-23 23:58:51,806 INFO ncaa_identity: contest_id=1120596 teams 2318/2318 matched, players 375/931 matched
2026-08-23 23:58:52,798 INFO ncaa_identity: contest_id=1120622 teams 1752/1752 matched, players 311/727 matched
2026-08-23 23:58:54,009 INFO ncaa_identity: contest_id=1120643 teams 2226/2226 matched, players 324/858 matched
2026-08-23 23:58:55,196 INFO ncaa_identity: contest_id=1120701 teams 1768/1768 matched, players 256/680 matched
2026-08-23 23:58:56,624 INFO ncaa_identity: contest_id=1120753 teams 1867/1867 matched, players 273/721 matched
2026-08-23 23:58:57,605 INFO ncaa_identity: contest_id=1120766 teams 2030/2030 matched, players 381/818 matched
2026-08-23 23:58:58,963 INFO ncaa_identity: contest_id=1120790 teams 1894/1894 matched, players 292/745 matched
2026-08-23 23:59:00,316 INFO ncaa_identity: contest_id=1120814 teams 2178/2178 matched, players 260/786 matched
2026-08-23 23:59:01,286 INFO ncaa_identity: contest_id=1120850 teams 1852/1852 matched, players 329/771 matched
2026-08-23 23:59:02,409 INFO ncaa_identity: contest_id=1120880 teams 1837/1837 matched, players 310/748 matched
2026-08-23 23:59:03,322 INFO ncaa_identity: contest_id=1120895 teams 842/1856 matched, players 152/714 matched
2026-08-23 23:59:04,735 INFO ncaa_identity: contest_id=1120937 teams 2015/2015 matched, players 249/736 matched
2026-08-23 23:59:06,080 INFO ncaa_identity: contest_id=1121027 teams 2143/2143 matched, players 323/811 matched
2026-08-23 23:59:07,585 INFO ncaa_identity: contest_id=1121075 teams 1820/1820 matched, players 277/714 matched
2026-08-23 23:59:09,002 INFO ncaa_identity: contest_id=1121101 teams 2076/2076 matched, players 307/804 matched
2026-08-23 23:59:10,318 INFO ncaa_identity: contest_id=1121113 teams 2186/2186 matched, players 397/917 matched
2026-08-23 23:59:11,445 INFO ncaa_identity: contest_id=1121209 teams 1812/1812 matched, players 229/666 matched
2026-08-23 23:59:12,869 INFO ncaa_identity: contest_id=1121228 teams 2037/2037 matched, players 360/844 matched
2026-08-23 23:59:13,867 INFO ncaa_identity: contest_id=1121245 teams 1917/1917 matched, players 264/705 matched
2026-08-23 23:59:15,230 INFO ncaa_identity: contest_id=1121286 teams 2059/2059 matched, players 358/849 matched
2026-08-23 23:59:16,180 INFO ncaa_identity: contest_id=1121337 teams 1654/1654 matched, players 230/627 matched
2026-08-23 23:59:17,205 INFO ncaa_identity: contest_id=1121353 teams 1850/1850 matched, players 257/702 matched
2026-08-23 23:59:18,106 INFO ncaa_identity: contest_id=1121367 teams 1829/1829 matched, players 307/742 matched
2026-08-23 23:59:19,382 INFO ncaa_identity: contest_id=1121396 teams 2052/2052 matched, players 281/774 matched
2026-08-23 23:59:20,412 INFO ncaa_identity: contest_id=1121406 teams 2218/2218 matched, players 441/966 matched
2026-08-23 23:59:21,741 INFO ncaa_identity: contest_id=1121416 teams 2278/2278 matched, players 438/981 matched
2026-08-23 23:59:22,788 INFO ncaa_identity: contest_id=1121446 teams 1878/1878 matched, players 242/694 matched
2026-08-23 23:59:23,843 INFO ncaa_identity: contest_id=1121463 teams 2140/2140 matched, players 145/653 matched
2026-08-23 23:59:25,189 INFO ncaa_identity: contest_id=1121492 teams 2286/2286 matched, players 455/996 matched
2026-08-23 23:59:26,446 INFO ncaa_identity: contest_id=1121518 teams 1870/1870 matched, players 304/750 matched
2026-08-23 23:59:27,469 INFO ncaa_identity: contest_id=1121536 teams 1911/1911 matched, players 151/619 matched
2026-08-23 23:59:28,900 INFO ncaa_identity: contest_id=1121624 teams 2230/2230 matched, players 462/990 matched
2026-08-23 23:59:30,035 INFO ncaa_identity: contest_id=1121634 teams 2061/2061 matched, players 349/809 matched
2026-08-23 23:59:31,098 INFO ncaa_identity: contest_id=1121645 teams 1856/1856 matched, players 231/655 matched
2026-08-23 23:59:32,212 INFO ncaa_identity: contest_id=1121692 teams 2231/2231 matched, players 509/1033 matched
2026-08-23 23:59:33,475 INFO ncaa_identity: contest_id=1121727 teams 2116/2116 matched, players 303/810 matched
2026-08-23 23:59:34,714 INFO ncaa_identity: contest_id=1121755 teams 1978/1978 matched, players 268/744 matched
2026-08-23 23:59:35,809 INFO ncaa_identity: contest_id=1121779 teams 784/1629 matched, players 72/560 matched
2026-08-23 23:59:37,115 INFO ncaa_identity: contest_id=1121789 teams 1722/1722 matched, players 138/558 matched
2026-08-23 23:59:38,064 INFO ncaa_identity: contest_id=1121799 teams 1443/1443 matched, players 140/490 matched
2026-08-23 23:59:39,104 INFO ncaa_identity: contest_id=1121809 teams 1890/1890 matched, players 348/772 matched
2026-08-23 23:59:40,086 INFO ncaa_identity: contest_id=1121838 teams 1654/1654 matched, players 211/610 matched
2026-08-23 23:59:41,567 INFO ncaa_identity: contest_id=1121878 teams 2178/2178 matched, players 192/723 matched
2026-08-23 23:59:42,974 INFO ncaa_identity: contest_id=1121904 teams 1976/1976 matched, players 272/748 matched
2026-08-23 23:59:44,020 INFO ncaa_identity: contest_id=1121944 teams 1733/1733 matched, players 95/522 matched
2026-08-23 23:59:45,506 INFO ncaa_identity: contest_id=1121991 teams 1653/1653 matched, players 158/543 matched
2026-08-23 23:59:46,600 INFO ncaa_identity: contest_id=1122009 teams 1914/1914 matched, players 290/711 matched
2026-08-23 23:59:47,592 INFO ncaa_identity: contest_id=1122055 teams 1953/1953 matched, players 329/760 matched
2026-08-23 23:59:48,814 INFO ncaa_identity: contest_id=1122065 teams 2054/2054 matched, players 380/868 matched
2026-08-23 23:59:50,020 INFO ncaa_identity: contest_id=1122078 teams 2087/2087 matched, players 389/887 matched
2026-08-23 23:59:50,952 INFO ncaa_identity: contest_id=1122088 teams 1824/1824 matched, players 219/661 matched
2026-08-23 23:59:52,421 INFO ncaa_identity: contest_id=1122099 teams 1864/1864 matched, players 263/713 matched
2026-08-23 23:59:53,665 INFO ncaa_identity: contest_id=1122114 teams 1743/1743 matched, players 151/576 matched
2026-08-23 23:59:54,722 INFO ncaa_identity: contest_id=1122174 teams 1805/1805 matched, players 196/635 matched
2026-08-23 23:59:55,787 INFO ncaa_identity: contest_id=1122191 teams 1863/1863 matched, players 262/709 matched
2026-08-23 23:59:57,185 INFO ncaa_identity: contest_id=1122201 teams 2282/2282 matched, players 412/956 matched
2026-08-23 23:59:58,178 INFO ncaa_identity: contest_id=1122233 teams 1430/1430 matched, players 20/375 matched
2026-08-23 23:59:59,151 INFO ncaa_identity: contest_id=1122244 teams 2084/2084 matched, players 311/810 matched
2026-08-24 00:00:00,824 INFO ncaa_identity: contest_id=1122254 teams 2206/2206 matched, players 320/852 matched
2026-08-24 00:00:01,878 INFO ncaa_identity: contest_id=1122296 teams 1850/1850 matched, players 202/651 matched
2026-08-24 00:00:03,215 INFO ncaa_identity: contest_id=1122312 teams 1914/1914 matched, players 290/749 matched
2026-08-24 00:00:04,708 INFO ncaa_identity: contest_id=1122331 teams 2260/2260 matched, players 406/942 matched
2026-08-24 00:00:05,775 INFO ncaa_identity: contest_id=1122345 teams 1994/1994 matched, players 234/716 matched
2026-08-24 00:00:06,983 INFO ncaa_identity: contest_id=1122363 teams 1895/1895 matched, players 339/790 matched
2026-08-24 00:00:08,060 INFO ncaa_identity: contest_id=1122373 teams 2137/2137 matched, players 347/825 matched
2026-08-24 00:00:09,452 INFO ncaa_identity: contest_id=1122404 teams 2200/2200 matched, players 269/801 matched
2026-08-24 00:00:10,647 INFO ncaa_identity: contest_id=1122421 teams 2106/2106 matched, players 323/828 matched
2026-08-24 00:00:11,887 INFO ncaa_identity: contest_id=1122445 teams 1449/1449 matched, players 104/459 matched
2026-08-24 00:00:12,910 INFO ncaa_identity: contest_id=1122462 teams 1732/1732 matched, players 77/504 matched
2026-08-24 00:00:14,002 INFO ncaa_identity: contest_id=1122488 teams 2138/2138 matched, players 384/893 matched
2026-08-24 00:00:15,167 INFO ncaa_identity: contest_id=1122498 teams 2035/2035 matched, players 251/742 matched
2026-08-24 00:00:16,436 INFO ncaa_identity: contest_id=1122510 teams 2238/2238 matched, players 247/790 matched
2026-08-24 00:00:17,697 INFO ncaa_identity: contest_id=1122524 teams 2030/2030 matched, players 303/789 matched
2026-08-24 00:00:18,727 INFO ncaa_identity: contest_id=1122544 teams 2130/2130 matched, players 257/772 matched
2026-08-24 00:00:20,426 INFO ncaa_identity: contest_id=1122560 teams 2265/2265 matched, players 257/805 matched
2026-08-24 00:00:21,340 INFO ncaa_identity: contest_id=1122595 teams 1956/1956 matched, players 334/799 matched
2026-08-24 00:00:22,333 INFO ncaa_identity: contest_id=1122619 teams 2276/2276 matched, players 358/903 matched
2026-08-24 00:00:24,009 INFO ncaa_identity: contest_id=1122640 teams 2024/2024 matched, players 396/874 matched
2026-08-24 00:00:24,995 INFO ncaa_identity: contest_id=1122650 teams 2060/2060 matched, players 335/892 matched
2026-08-24 00:00:26,096 INFO ncaa_identity: contest_id=1122665 teams 1934/1934 matched, players 274/738 matched
2026-08-24 00:00:27,320 INFO ncaa_identity: contest_id=1122679 teams 1768/1768 matched, players 255/679 matched
2026-08-24 00:00:28,402 INFO ncaa_identity: contest_id=1122694 teams 2302/2302 matched, players 245/808 matched
2026-08-24 00:00:29,370 INFO ncaa_identity: contest_id=1122705 teams 1846/1846 matched, players 282/724 matched
2026-08-24 00:00:30,929 INFO ncaa_identity: contest_id=1122723 teams 1927/1927 matched, players 118/592 matched
2026-08-24 00:00:32,019 INFO ncaa_identity: contest_id=1122741 teams 2051/2051 matched, players 371/860 matched
2026-08-24 00:00:33,046 INFO ncaa_identity: contest_id=1122763 teams 1764/1764 matched, players 115/547 matched
2026-08-24 00:00:34,117 INFO ncaa_identity: contest_id=1122779 teams 1730/1730 matched, players 234/650 matched
2026-08-24 00:00:35,516 INFO ncaa_identity: contest_id=1122797 teams 2359/2359 matched, players 479/1037 matched
2026-08-24 00:00:36,570 INFO ncaa_identity: contest_id=1122811 teams 1680/1680 matched, players 251/654 matched
2026-08-24 00:00:37,415 INFO ncaa_identity: contest_id=1122825 teams 1551/1551 matched, players 207/580 matched
2026-08-24 00:00:38,805 INFO ncaa_identity: contest_id=1122840 teams 1837/1837 matched, players 181/628 matched
2026-08-24 00:00:40,001 INFO ncaa_identity: contest_id=1122855 teams 2288/2288 matched, players 484/1026 matched
2026-08-24 00:00:40,882 INFO ncaa_identity: contest_id=1122867 teams 1865/1865 matched, players 116/574 matched
2026-08-24 00:00:41,936 INFO ncaa_identity: contest_id=1122877 teams 1763/1763 matched, players 193/620 matched
2026-08-24 00:00:42,875 INFO ncaa_identity: contest_id=1122887 teams 2004/2004 matched, players 308/788 matched
2026-08-24 00:00:43,923 INFO ncaa_identity: contest_id=1122897 teams 1951/1951 matched, players 87/569 matched
2026-08-24 00:00:45,323 INFO ncaa_identity: contest_id=1122908 teams 2171/2171 matched, players 312/834 matched
2026-08-24 00:00:46,193 INFO ncaa_identity: contest_id=1122918 teams 1825/1825 matched, players 158/609 matched
2026-08-24 00:00:47,173 INFO ncaa_identity: contest_id=1122929 teams 2011/2011 matched, players 5215/5647 matched
2026-08-24 00:00:48,315 INFO ncaa_identity: contest_id=1122939 teams 1942/1942 matched, players 246/714 matched
2026-08-24 00:00:49,696 INFO ncaa_identity: contest_id=1122954 teams 2387/2387 matched, players 356/932 matched
2026-08-24 00:00:51,354 INFO ncaa_identity: contest_id=1122968 teams 1952/1952 matched, players 354/819 matched
2026-08-24 00:00:52,223 INFO ncaa_identity: contest_id=1122980 teams 1478/1478 matched, players 131/491 matched
2026-08-24 00:00:53,234 INFO ncaa_identity: contest_id=1122990 teams 1890/1890 matched, players 239/695 matched
2026-08-24 00:00:54,668 INFO ncaa_identity: contest_id=1123015 teams 2460/2460 matched, players 411/998 matched
2026-08-24 00:00:56,342 INFO ncaa_identity: contest_id=1123036 teams 2209/2209 matched, players 368/896 matched
2026-08-24 00:00:57,532 INFO ncaa_identity: contest_id=1123068 teams 2082/2082 matched, players 183/691 matched
2026-08-24 00:00:58,717 INFO ncaa_identity: contest_id=1123084 teams 1715/1715 matched, players 151/569 matched
2026-08-24 00:00:59,881 INFO ncaa_identity: contest_id=1123100 teams 1868/1868 matched, players 326/771 matched
2026-08-24 00:01:01,508 INFO ncaa_identity: contest_id=1123110 teams 2068/2068 matched, players 273/771 matched
2026-08-24 00:01:02,531 INFO ncaa_identity: contest_id=1123124 teams 2014/2014 matched, players 250/736 matched
2026-08-24 00:01:03,988 INFO ncaa_identity: contest_id=1123134 teams 2181/2181 matched, players 211/742 matched
2026-08-24 00:01:05,301 INFO ncaa_identity: contest_id=1123146 teams 2103/2103 matched, players 267/774 matched
2026-08-24 00:01:05,419 INFO 5 starters not found for period 1; using estimate
2026-08-24 00:01:05,420 INFO 5 starters not found for period 1; using estimate
2026-08-24 00:01:05,420 INFO 5 starters not found for period 2; using estimate
2026-08-24 00:01:05,420 INFO 5 starters not found for period 2; using estimate
2026-08-24 00:01:06,663 INFO ncaa_identity: contest_id=1123161 teams 1871/1871 matched, players 684/2917 matched
2026-08-24 00:01:08,396 INFO ncaa_identity: contest_id=1123175 teams 1878/1878 matched, players 194/651 matched
2026-08-24 00:01:09,951 INFO ncaa_identity: contest_id=1123185 teams 2140/2140 matched, players 227/743 matched
2026-08-24 00:01:11,347 INFO ncaa_identity: contest_id=1123195 teams 2041/2041 matched, players 177/669 matched
2026-08-24 00:01:11,430 INFO 5 starters not found for period 1; using estimate
2026-08-24 00:01:11,431 INFO 5 starters not found for period 1; using estimate
2026-08-24 00:01:11,432 INFO 5 starters not found for period 2; using estimate
2026-08-24 00:01:11,432 INFO 5 starters not found for period 2; using estimate
2026-08-24 00:01:12,764 INFO ncaa_identity: contest_id=1123211 teams 1653/1653 matched, players 582/2555 matched
2026-08-24 00:01:14,320 INFO ncaa_identity: contest_id=1123222 teams 2340/2340 matched, players 433/990 matched
2026-08-24 00:01:16,666 INFO ncaa_identity: contest_id=1733906 teams 1223/2442 matched, players 3472/6887 matched
2026-08-24 00:01:18,465 INFO ncaa_identity: contest_id=844168 teams 2103/2103 matched, players 5838/5950 matched
2026-08-24 00:01:21,720 INFO ncaa_identity: contest_id=844205 teams 1121/2176 matched, players 3063/6089 matched
2026-08-24 00:01:23,675 INFO ncaa_identity: contest_id=844215 teams 2897/2897 matched, players 7728/8145 matched
2026-08-24 00:01:30,382 INFO ncaa_identity: contest_id=844263 teams 2300/2300 matched, players 5613/6460 matched
2026-08-24 00:01:39,079 INFO ncaa_identity: contest_id=844314 teams 1357/2660 matched, players 3828/7516 matched
2026-08-24 00:01:40,569 INFO ncaa_identity: contest_id=844332 teams 2152/2152 matched, players 5705/6031 matched
2026-08-24 00:01:42,267 INFO ncaa_identity: contest_id=844375 teams 1159/2313 matched, players 3241/6486 matched
2026-08-24 00:01:44,249 INFO ncaa_identity: contest_id=844385 teams 1380/2943 matched, players 4020/8328 matched
2026-08-24 00:01:46,187 INFO ncaa_identity: contest_id=844403 teams 1955/1955 matched, players 721/732 matched
2026-08-24 00:01:47,638 INFO ncaa_identity: contest_id=844424 teams 1156/2287 matched, players 3243/6452 matched
2026-08-24 00:01:52,490 INFO ncaa_identity: contest_id=844494 teams 2537/2537 matched, players 6799/7083 matched
2026-08-24 00:01:58,799 INFO ncaa_identity: contest_id=844580 teams 1403/2799 matched, players 3899/7899 matched
2026-08-24 00:02:00,119 INFO ncaa_identity: contest_id=844613 teams 1172/2222 matched, players 3191/6231 matched
2026-08-24 00:02:01,731 INFO ncaa_identity: contest_id=844635 teams 1416/2691 matched, players 3865/7584 matched
2026-08-24 00:02:03,011 INFO ncaa_identity: contest_id=844660 teams 2350/2350 matched, players 6371/6581 matched
2026-08-24 00:02:04,813 INFO ncaa_identity: contest_id=844681 teams 2382/2382 matched, players 6619/6719 matched
2026-08-24 00:02:06,411 INFO ncaa_identity: contest_id=844718 teams 1343/2700 matched, players 3843/7626 matched
2026-08-24 00:02:08,404 INFO ncaa_identity: contest_id=844762 teams 0/2259 matched, players 0/6321 matched
2026-08-24 00:02:09,946 INFO ncaa_identity: contest_id=844785 teams 2351/2351 matched, players 6089/6642 matched
2026-08-24 00:02:11,206 INFO ncaa_identity: contest_id=844811 teams 2280/2280 matched, players 5666/6409 matched
2026-08-24 00:02:14,737 INFO ncaa_identity: contest_id=844838 teams 2984/2984 matched, players 8324/8431 matched
2026-08-24 00:02:16,456 INFO ncaa_identity: contest_id=844866 teams 2477/2477 matched, players 6467/7002 matched
2026-08-24 00:02:19,934 INFO ncaa_identity: contest_id=844941 teams 2766/2766 matched, players 7483/7783 matched
2026-08-24 00:02:21,223 INFO ncaa_identity: contest_id=844961 teams 2242/2242 matched, players 5846/6324 matched
2026-08-24 00:02:23,976 INFO ncaa_identity: contest_id=844994 teams 2265/2265 matched, players 6108/6348 matched
2026-08-24 00:02:25,375 INFO ncaa_identity: contest_id=845023 teams 2641/2641 matched, players 6873/7461 matched
2026-08-24 00:02:27,176 INFO ncaa_identity: contest_id=845047 teams 2855/2855 matched, players 7468/8007 matched
2026-08-24 00:02:29,652 INFO ncaa_identity: contest_id=845085 teams 2467/2467 matched, players 6795/6947 matched
2026-08-24 00:02:31,446 INFO ncaa_identity: contest_id=845099 teams 2385/2385 matched, players 6578/6698 matched
2026-08-24 00:02:32,700 INFO ncaa_identity: contest_id=845114 teams 1155/2222 matched, players 3114/6241 matched
2026-08-24 00:02:35,666 INFO ncaa_identity: contest_id=845215 teams 1058/2063 matched, players 2977/5830 matched
2026-08-24 00:02:36,921 INFO ncaa_identity: contest_id=845258 teams 1480/2883 matched, players 4111/8143 matched
2026-08-24 00:02:38,519 INFO ncaa_identity: contest_id=845289 teams 2302/2302 matched, players 5760/6507 matched
2026-08-24 00:02:40,032 INFO ncaa_identity: contest_id=845359 teams 2542/2542 matched, players 6899/7188 matched
2026-08-24 00:02:42,893 INFO ncaa_identity: contest_id=845445 teams 2343/2343 matched, players 6346/6591 matched
2026-08-24 00:02:47,466 INFO ncaa_identity: contest_id=845547 teams 1453/2966 matched, players 4207/8396 matched
2026-08-24 00:02:50,375 INFO ncaa_identity: contest_id=845615 teams 933/1862 matched, players 2682/5209 matched
2026-08-24 00:02:52,267 INFO ncaa_identity: contest_id=845642 teams 1380/2744 matched, players 2831/7742 matched
2026-08-24 00:02:53,836 INFO ncaa_identity: contest_id=845744 teams 2142/2142 matched, players 5302/6049 matched
2026-08-24 00:02:56,691 INFO ncaa_identity: contest_id=845795 teams 2278/2278 matched, players 5656/6394 matched
2026-08-24 00:03:01,411 INFO ncaa_identity: contest_id=845845 teams 2381/2381 matched, players 6409/6742 matched
2026-08-24 00:03:05,709 INFO ncaa_identity: contest_id=845897 teams 1966/1966 matched, players 5156/5511 matched
2026-08-24 00:03:06,968 INFO ncaa_identity: contest_id=845926 teams 1213/2400 matched, players 3432/6779 matched
2026-08-24 00:03:11,322 INFO ncaa_identity: contest_id=845988 teams 1017/1985 matched, players 2913/5611 matched
2026-08-24 00:03:19,373 INFO ncaa_identity: contest_id=846216 teams 1093/2139 matched, players 3071/6002 matched
2026-08-24 00:03:20,934 INFO ncaa_identity: contest_id=846227 teams 2227/2227 matched, players 5608/6278 matched
2026-08-24 00:03:22,108 INFO ncaa_identity: contest_id=846239 teams 2220/2220 matched, players 5764/6255 matched
2026-08-24 00:03:25,163 INFO ncaa_identity: contest_id=846273 teams 2400/2400 matched, players 6238/6753 matched
2026-08-24 00:03:26,725 INFO ncaa_identity: contest_id=846290 teams 1173/2328 matched, players 3308/6579 matched
2026-08-24 00:03:28,470 INFO ncaa_identity: contest_id=846301 teams 2411/2411 matched, players 6414/6782 matched
2026-08-24 00:03:30,318 INFO ncaa_identity: contest_id=846311 teams 2692/2692 matched, players 7083/7611 matched
2026-08-24 00:03:37,560 INFO ncaa_identity: contest_id=846415 teams 2395/2395 matched, players 6645/6743 matched
2026-08-24 00:03:39,072 INFO ncaa_identity: contest_id=846443 teams 2679/2679 matched, players 7151/7536 matched
2026-08-24 00:03:40,575 INFO ncaa_identity: contest_id=846501 teams 2248/2248 matched, players 6295/6321 matched
2026-08-24 00:03:41,924 INFO ncaa_identity: contest_id=846515 teams 2369/2369 matched, players 6230/6651 matched
2026-08-24 00:03:44,594 INFO ncaa_identity: contest_id=846567 teams 2399/2399 matched, players 6272/6707 matched
2026-08-24 00:03:46,080 INFO ncaa_identity: contest_id=846596 teams 2017/2017 matched, players 4858/5643 matched
2026-08-24 00:03:47,984 INFO ncaa_identity: contest_id=846631 teams 2777/2777 matched, players 939/1032 matched
2026-08-24 00:03:50,937 INFO ncaa_identity: contest_id=846662 teams 2243/2243 matched, players 6169/6308 matched
2026-08-24 00:04:01,670 INFO ncaa_identity: contest_id=846882 teams 1236/2441 matched, players 3484/6861 matched
2026-08-24 00:04:07,692 INFO ncaa_identity: contest_id=846994 teams 2335/2335 matched, players 5979/6580 matched
2026-08-24 00:04:14,001 INFO ncaa_identity: contest_id=847108 teams 2793/2793 matched, players 7818/7852 matched
2026-08-24 00:04:15,663 INFO ncaa_identity: contest_id=847124 teams 2337/2337 matched, players 6344/6577 matched
2026-08-24 00:04:17,091 INFO ncaa_identity: contest_id=847153 teams 1213/2374 matched, players 3353/6685 matched
2026-08-24 00:04:19,960 INFO ncaa_identity: contest_id=847231 teams 2202/2202 matched, players 5174/6176 matched
2026-08-24 00:04:26,771 INFO ncaa_identity: contest_id=847343 teams 2809/2809 matched, players 6712/7912 matched
2026-08-24 00:04:29,780 INFO ncaa_identity: contest_id=847480 teams 1507/2936 matched, players 4158/8286 matched
2026-08-24 00:04:31,414 INFO ncaa_identity: contest_id=847515 teams 2357/2357 matched, players 6622/6665 matched
2026-08-24 00:04:34,357 INFO ncaa_identity: contest_id=847578 teams 2448/2448 matched, players 6507/6909 matched
2026-08-24 00:04:37,382 INFO ncaa_identity: contest_id=847647 teams 2197/2197 matched, players 5800/6118 matched
2026-08-24 00:04:39,079 INFO ncaa_identity: contest_id=847675 teams 2694/2694 matched, players 7444/7577 matched
2026-08-24 00:04:40,584 INFO ncaa_identity: contest_id=847728 teams 2438/2438 matched, players 6790/6848 matched
2026-08-24 00:04:40,969 WARNING ncaa_parse: family=lineups contest_id=847745 team=Minnesota produced NO good stints (2 bad, roster=10) -- parsed successfully but contributed nothing
2026-08-24 00:04:41,700 INFO ncaa_identity: contest_id=847745 teams 1586/1586 matched, players 366/426 matched
2026-08-24 00:04:46,353 INFO ncaa_identity: contest_id=847839 teams 1535/3089 matched, players 4288/8734 matched
2026-08-24 00:04:50,822 INFO ncaa_identity: contest_id=847920 teams 2066/2066 matched, players 5509/5802 matched
2026-08-24 00:04:55,168 INFO ncaa_identity: contest_id=848032 teams 2512/2512 matched, players 6666/7111 matched
2026-08-24 00:04:56,709 INFO ncaa_identity: contest_id=848048 teams 2821/2821 matched, players 7357/7991 matched
2026-08-24 00:04:58,981 INFO ncaa_identity: contest_id=848124 teams 971/1947 matched, players 2560/5399 matched
2026-08-24 00:05:02,017 INFO ncaa_identity: contest_id=848172 teams 2502/2502 matched, players 6869/7068 matched
2026-08-24 00:05:09,379 INFO ncaa_identity: contest_id=848328 teams 2246/2246 matched, players 986/992 matched
2026-08-24 00:05:10,822 INFO ncaa_identity: contest_id=848376 teams 2067/2067 matched, players 5617/5824 matched
2026-08-24 00:05:12,629 INFO ncaa_identity: contest_id=848419 teams 2444/2444 matched, players 6552/6897 matched
2026-08-24 00:05:14,164 INFO ncaa_identity: contest_id=848452 teams 1692/3320 matched, players 4758/9399 matched
2026-08-24 00:05:20,327 INFO ncaa_identity: contest_id=848568 teams 2422/2422 matched, players 6393/6848 matched
2026-08-24 00:05:25,560 INFO ncaa_identity: contest_id=848699 teams 1859/1859 matched, players 5061/5189 matched
2026-08-24 00:05:27,027 INFO ncaa_identity: contest_id=848737 teams 1253/2455 matched, players 2826/6945 matched
2026-08-24 00:05:28,669 INFO ncaa_identity: contest_id=848760 teams 2827/2827 matched, players 7502/7986 matched
2026-08-24 00:05:31,945 INFO ncaa_identity: contest_id=848801 teams 1317/2571 matched, players 3699/7206 matched
2026-08-24 00:05:32,993 INFO ncaa_identity: contest_id=848817 teams 1948/1948 matched, players 4947/5505 matched
2026-08-24 00:05:34,479 INFO ncaa_identity: contest_id=848844 teams 1074/2100 matched, players 2772/5884 matched
2026-08-24 00:05:35,564 INFO ncaa_identity: contest_id=848860 teams 1673/1673 matched, players 4650/4689 matched
2026-08-24 00:05:38,316 INFO ncaa_identity: contest_id=848923 teams 2253/2253 matched, players 5901/6293 matched
2026-08-24 00:05:39,487 INFO ncaa_identity: contest_id=848947 teams 2123/2123 matched, players 5932/5978 matched
2026-08-24 00:05:43,826 INFO ncaa_identity: contest_id=849013 teams 697/1368 matched, players 165/371 matched
2026-08-24 00:05:45,471 INFO ncaa_identity: contest_id=849041 teams 2577/2577 matched, players 6912/7277 matched
2026-08-24 00:05:47,061 INFO ncaa_identity: contest_id=849080 teams 1152/2385 matched, players 3338/6694 matched
2026-08-24 00:05:54,194 INFO ncaa_identity: contest_id=849233 teams 982/2043 matched, players 2821/5777 matched
2026-08-24 00:05:55,767 INFO ncaa_identity: contest_id=849252 teams 2113/2113 matched, players 770/774 matched
2026-08-24 00:05:56,988 INFO ncaa_identity: contest_id=849280 teams 2035/2035 matched, players 5309/5711 matched
2026-08-24 00:06:01,573 INFO ncaa_identity: contest_id=849348 teams 2443/2443 matched, players 6604/6876 matched
2026-08-24 00:06:02,989 INFO ncaa_identity: contest_id=849389 teams 2471/2471 matched, players 6637/6950 matched
2026-08-24 00:06:09,296 INFO ncaa_identity: contest_id=849489 teams 2373/2373 matched, players 6391/6653 matched
2026-08-24 00:06:14,472 INFO ncaa_identity: contest_id=849532 teams 2404/2404 matched, players 6156/6713 matched
2026-08-24 00:06:14,607 INFO 5 starters not found for period 3; using estimate
2026-08-24 00:06:17,710 INFO ncaa_identity: contest_id=849554 teams 2636/2636 matched, players 6702/7424 matched
2026-08-24 00:06:19,521 INFO ncaa_identity: contest_id=849564 teams 2263/2263 matched, players 5505/6374 matched
2026-08-24 00:06:28,972 INFO ncaa_identity: contest_id=849642 teams 2059/2059 matched, players 5291/5798 matched
2026-08-24 00:06:36,758 INFO ncaa_identity: contest_id=849700 teams 2236/2236 matched, players 6131/6291 matched
2026-08-24 00:06:38,176 INFO ncaa_identity: contest_id=849710 teams 2022/2022 matched, players 5515/5705 matched
2026-08-24 00:06:39,745 INFO ncaa_identity: contest_id=849720 teams 2432/2432 matched, players 6746/6819 matched
2026-08-24 00:06:41,505 INFO ncaa_identity: contest_id=849730 teams 2624/2624 matched, players 6978/7389 matched
2026-08-24 00:06:42,898 INFO ncaa_identity: contest_id=849740 teams 2257/2257 matched, players 6198/6372 matched
2026-08-24 00:06:47,788 INFO ncaa_identity: contest_id=849779 teams 2616/2616 matched, players 7161/7363 matched
2026-08-24 00:06:52,536 INFO ncaa_identity: contest_id=849832 teams 2571/2571 matched, players 6727/7249 matched
2026-08-24 00:06:54,326 INFO ncaa_identity: contest_id=849847 teams 2668/2668 matched, players 7068/7575 matched
2026-08-24 00:06:55,608 INFO ncaa_identity: contest_id=849864 teams 2489/2489 matched, players 6375/7023 matched
2026-08-24 00:07:04,647 INFO ncaa_identity: contest_id=850011 teams 2506/2506 matched, players 6823/7007 matched
2026-08-24 00:07:09,115 INFO ncaa_identity: contest_id=850105 teams 2481/2481 matched, players 6400/7006 matched
2026-08-24 00:07:16,939 INFO ncaa_identity: contest_id=850241 teams 3095/3095 matched, players 8685/8757 matched
2026-08-24 00:07:18,813 INFO ncaa_identity: contest_id=850266 teams 2501/2501 matched, players 6514/7075 matched
2026-08-24 00:07:20,408 INFO ncaa_identity: contest_id=850287 teams 1141/2325 matched, players 3201/6527 matched
2026-08-24 00:07:21,863 INFO ncaa_identity: contest_id=850302 teams 1091/2129 matched, players 2991/6012 matched
2026-08-24 00:07:24,588 INFO ncaa_identity: contest_id=850343 teams 1924/1924 matched, players 5410/5423 matched
2026-08-24 00:07:26,373 INFO 5 starters not found for period 3; using estimate
2026-08-24 00:07:32,098 INFO ncaa_identity: contest_id=850491 teams 1178/2317 matched, players 3323/6513 matched
2026-08-24 00:07:36,182 INFO ncaa_identity: contest_id=850579 teams 2101/2101 matched, players 5884/5896 matched
2026-08-24 00:07:37,724 INFO ncaa_identity: contest_id=850653 teams 1319/2599 matched, players 3766/7327 matched
2026-08-24 00:07:39,104 INFO ncaa_identity: contest_id=850685 teams 1435/2935 matched, players 4136/8332 matched
2026-08-24 00:07:41,285 INFO ncaa_identity: contest_id=850715 teams 2504/2504 matched, players 6274/7089 matched
2026-08-24 00:07:42,806 INFO ncaa_identity: contest_id=850729 teams 1148/2244 matched, players 3179/6338 matched
2026-08-24 00:07:48,506 INFO ncaa_identity: contest_id=850872 teams 2317/2317 matched, players 6413/6552 matched
2026-08-24 00:07:51,438 INFO ncaa_identity: contest_id=850974 teams 1167/2311 matched, players 3308/6491 matched
2026-08-24 00:08:03,771 INFO ncaa_identity: contest_id=851179 teams 1405/2717 matched, players 3727/7657 matched
2026-08-24 00:08:06,862 INFO ncaa_identity: contest_id=851239 teams 2172/2172 matched, players 5909/6123 matched
2026-08-24 00:08:11,944 INFO ncaa_identity: contest_id=851361 teams 2228/2228 matched, players 5756/6291 matched
2026-08-24 00:08:13,317 INFO ncaa_identity: contest_id=851389 teams 2229/2229 matched, players 5951/6258 matched
2026-08-24 00:08:25,300 INFO ncaa_identity: contest_id=851617 teams 3225/3225 matched, players 9030/9115 matched
2026-08-24 00:08:45,587 INFO ncaa_identity: contest_id=852063 teams 2130/2130 matched, players 5775/5991 matched
2026-08-24 00:08:51,404 INFO ncaa_identity: contest_id=852221 teams 2540/2540 matched, players 6521/7122 matched
2026-08-24 00:08:54,408 INFO ncaa_identity: contest_id=852272 teams 2537/2537 matched, players 6531/7134 matched
2026-08-24 00:08:57,190 INFO ncaa_identity: contest_id=852334 teams 1942/1942 matched, players 5180/5468 matched
2026-08-24 00:09:01,440 INFO ncaa_identity: contest_id=852392 teams 1996/1996 matched, players 5181/5631 matched
2026-08-24 00:09:02,678 INFO ncaa_identity: contest_id=852491 teams 2545/2545 matched, players 6717/7178 matched
2026-08-24 00:09:04,131 INFO ncaa_identity: contest_id=852510 teams 2233/2233 matched, players 6197/6295 matched
2026-08-24 00:09:13,437 INFO ncaa_identity: contest_id=852670 teams 2324/2324 matched, players 6022/6526 matched
2026-08-24 00:09:15,025 INFO ncaa_identity: contest_id=852702 teams 2069/2069 matched, players 5445/5833 matched
2026-08-24 00:09:29,211 INFO ncaa_identity: contest_id=853019 teams 2463/2463 matched, players 6437/6987 matched
2026-08-24 00:09:42,495 INFO ncaa_identity: contest_id=853351 teams 2303/2303 matched, players 6035/6518 matched
2026-08-24 00:09:43,597 INFO ncaa_identity: contest_id=853375 teams 2153/2153 matched, players 5883/6068 matched
2026-08-24 00:09:46,168 INFO ncaa_identity: contest_id=853412 teams 2494/2494 matched, players 6425/7031 matched
2026-08-24 00:09:51,465 INFO ncaa_identity: contest_id=853540 teams 1219/2364 matched, players 3404/6676 matched
2026-08-24 00:09:54,455 INFO ncaa_identity: contest_id=853590 teams 2175/2175 matched, players 5680/6090 matched
2026-08-24 00:10:01,454 INFO ncaa_identity: contest_id=853741 teams 1342/2650 matched, players 3250/7434 matched
2026-08-24 00:10:02,943 INFO ncaa_identity: contest_id=853767 teams 2315/2315 matched, players 6073/6553 matched
2026-08-24 00:10:04,308 INFO ncaa_identity: contest_id=853789 teams 2374/2374 matched, players 6348/6636 matched
2026-08-24 00:10:10,684 INFO ncaa_identity: contest_id=853922 teams 2832/2832 matched, players 7485/7996 matched
2026-08-24 00:10:16,787 INFO ncaa_identity: contest_id=854053 teams 2237/2237 matched, players 6239/6292 matched
2026-08-24 00:10:19,908 INFO ncaa_identity: contest_id=854106 teams 2238/2238 matched, players 5864/6332 matched
2026-08-24 00:10:21,004 INFO ncaa_identity: contest_id=854146 teams 2154/2154 matched, players 5763/6063 matched
2026-08-24 00:10:31,662 INFO ncaa_identity: contest_id=854393 teams 2413/2413 matched, players 6369/6764 matched
2026-08-24 00:10:35,999 INFO ncaa_identity: contest_id=854505 teams 2249/2249 matched, players 5846/6322 matched
2026-08-24 00:10:37,136 INFO ncaa_identity: contest_id=854547 teams 2174/2174 matched, players 5888/6135 matched
2026-08-24 00:10:47,465 INFO ncaa_identity: contest_id=854697 teams 1195/2381 matched, players 3341/6670 matched
2026-08-24 00:10:51,013 INFO ncaa_identity: contest_id=854805 teams 2141/2141 matched, players 4926/6032 matched
2026-08-24 00:10:52,543 INFO ncaa_identity: contest_id=854830 teams 2206/2206 matched, players 6086/6177 matched
2026-08-24 00:10:55,616 INFO ncaa_identity: contest_id=854892 teams 2297/2297 matched, players 5997/6514 matched
2026-08-24 00:10:58,265 INFO ncaa_identity: contest_id=854938 teams 2348/2348 matched, players 6505/6642 matched
2026-08-24 00:11:02,407 INFO ncaa_identity: contest_id=855012 teams 2575/2575 matched, players 7010/7265 matched
2026-08-24 00:11:05,480 INFO ncaa_identity: contest_id=855106 teams 1136/2300 matched, players 3169/6481 matched
2026-08-24 00:11:09,421 INFO ncaa_identity: contest_id=855173 teams 1126/2213 matched, players 3172/6214 matched
2026-08-24 00:11:12,580 INFO ncaa_identity: contest_id=855289 teams 2778/2778 matched, players 7258/7841 matched
2026-08-24 00:11:18,236 INFO ncaa_identity: contest_id=855413 teams 2600/2600 matched, players 7144/7384 matched
2026-08-24 00:11:20,124 INFO ncaa_identity: contest_id=855446 teams 2620/2620 matched, players 6904/7405 matched
2026-08-24 00:11:30,200 INFO ncaa_identity: contest_id=855613 teams 1226/2408 matched, players 3415/6801 matched
2026-08-24 00:11:33,230 INFO ncaa_identity: contest_id=855713 teams 2541/2541 matched, players 6840/7135 matched
2026-08-24 00:11:37,599 INFO ncaa_identity: contest_id=855813 teams 2124/2124 matched, players 5820/5989 matched
2026-08-24 00:11:39,094 INFO ncaa_identity: contest_id=855844 teams 2729/2729 matched, players 7069/7703 matched
2026-08-24 00:11:42,139 INFO ncaa_identity: contest_id=855913 teams 2296/2296 matched, players 5927/6495 matched
2026-08-24 00:11:46,767 INFO ncaa_identity: contest_id=856068 teams 2293/2293 matched, players 6192/6489 matched
2026-08-24 00:11:53,129 INFO ncaa_identity: contest_id=856182 teams 1938/1938 matched, players 5281/5459 matched
2026-08-24 00:11:56,113 INFO ncaa_identity: contest_id=856232 teams 2468/2468 matched, players 6879/6932 matched
2026-08-24 00:12:03,547 INFO ncaa_identity: contest_id=856397 teams 2174/2174 matched, players 5622/6116 matched
2026-08-24 00:12:04,575 INFO ncaa_identity: contest_id=856420 teams 2348/2348 matched, players 5594/6583 matched
2026-08-24 00:12:05,750 INFO ncaa_identity: contest_id=856447 teams 2040/2040 matched, players 5369/5703 matched
2026-08-24 00:12:07,317 INFO ncaa_identity: contest_id=856469 teams 1136/2243 matched, players 3213/6310 matched
2026-08-24 00:12:14,407 INFO ncaa_identity: contest_id=856605 teams 2166/2166 matched, players 5315/6091 matched
2026-08-24 00:12:18,946 INFO ncaa_identity: contest_id=856720 teams 2374/2374 matched, players 6166/6688 matched
2026-08-24 00:12:20,326 INFO ncaa_identity: contest_id=856753 teams 2088/2088 matched, players 5191/5866 matched
2026-08-24 00:12:22,384 INFO ncaa_identity: contest_id=856802 teams 2309/2309 matched, players 5816/6499 matched
2026-08-24 00:12:28,292 INFO ncaa_identity: contest_id=856880 teams 2554/2554 matched, players 6672/7218 matched
2026-08-24 00:12:29,539 INFO ncaa_identity: contest_id=856935 teams 1868/1868 matched, players 4829/5232 matched
2026-08-24 00:12:34,926 INFO ncaa_identity: contest_id=857049 teams 2203/2203 matched, players 5905/6182 matched
2026-08-24 00:12:37,764 INFO ncaa_identity: contest_id=857125 teams 1898/1898 matched, players 5066/5341 matched
2026-08-24 00:12:45,116 INFO ncaa_identity: contest_id=857275 teams 1122/2299 matched, players 3251/6460 matched
2026-08-24 00:12:48,101 INFO ncaa_identity: contest_id=857353 teams 1110/2213 matched, players 2806/6204 matched
2026-08-24 00:12:52,617 INFO ncaa_identity: contest_id=857407 teams 2162/2162 matched, players 5585/6082 matched
2026-08-24 00:13:27,720 INFO ncaa_identity: contest_id=857753 teams 1692/1692 matched, players 4512/4756 matched
2026-08-24 00:13:35,297 INFO ncaa_identity: contest_id=857816 teams 2423/2423 matched, players 6695/6847 matched
2026-08-24 00:13:40,307 INFO ncaa_identity: contest_id=857879 teams 2225/2225 matched, players 6106/6246 matched
2026-08-24 00:13:41,868 INFO ncaa_identity: contest_id=857902 teams 2443/2443 matched, players 6183/6891 matched
2026-08-24 00:13:47,764 INFO ncaa_identity: contest_id=857994 teams 2291/2291 matched, players 5044/6419 matched
2026-08-24 00:14:01,619 INFO ncaa_identity: contest_id=858296 teams 1095/2135 matched, players 3016/6041 matched
2026-08-24 00:14:04,200 INFO ncaa_identity: contest_id=858319 teams 1240/2490 matched, players 3224/7039 matched
2026-08-24 00:14:05,625 INFO ncaa_identity: contest_id=858355 teams 2185/2185 matched, players 5793/6148 matched
2026-08-24 00:14:09,635 INFO ncaa_identity: contest_id=858469 teams 2167/2167 matched, players 5908/6080 matched
2026-08-24 00:14:14,026 INFO ncaa_identity: contest_id=858522 teams 2908/2908 matched, players 6855/8245 matched
2026-08-24 00:14:19,087 INFO ncaa_identity: contest_id=858614 teams 1240/1240 matched, players 318/332 matched
2026-08-24 00:14:20,421 INFO ncaa_identity: contest_id=858626 teams 2376/2376 matched, players 6102/6635 matched
2026-08-24 00:14:21,856 INFO ncaa_identity: contest_id=858649 teams 2495/2495 matched, players 6758/7018 matched
2026-08-24 00:14:29,603 INFO ncaa_identity: contest_id=858783 teams 1863/1863 matched, players 4691/5243 matched
2026-08-24 00:14:32,392 INFO ncaa_identity: contest_id=858821 teams 2221/2221 matched, players 4936/6249 matched
2026-08-24 00:14:33,551 INFO ncaa_identity: contest_id=858862 teams 2000/2000 matched, players 5191/5623 matched
2026-08-24 00:14:34,977 INFO ncaa_identity: contest_id=858873 teams 2175/2175 matched, players 5700/6139 matched
2026-08-24 00:14:36,218 INFO ncaa_identity: contest_id=858885 teams 2102/2102 matched, players 5666/5883 matched
2026-08-24 00:14:38,923 INFO ncaa_identity: contest_id=858930 teams 2334/2334 matched, players 6534/6570 matched
2026-08-24 00:14:47,101 INFO ncaa_identity: contest_id=859019 teams 2317/2317 matched, players 6073/6539 matched
2026-08-24 00:14:58,712 INFO ncaa_identity: contest_id=859184 teams 2150/2150 matched, players 5240/6100 matched
2026-08-24 00:15:05,434 INFO ncaa_identity: contest_id=859264 teams 2362/2362 matched, players 6346/6622 matched
2026-08-24 00:15:06,966 WARNING ncaa_parse: family=lineups contest_id=859304 team=Minnesota produced NO good stints (2 bad, roster=9) -- parsed successfully but contributed nothing
2026-08-24 00:15:07,651 INFO ncaa_identity: contest_id=859304 teams 1226/1226 matched, players 285/333 matched
2026-08-24 00:15:11,925 INFO ncaa_identity: contest_id=859348 teams 2418/2418 matched, players 6599/6762 matched
2026-08-24 00:15:24,570 INFO ncaa_identity: contest_id=859446 teams 2525/2525 matched, players 6845/7108 matched
2026-08-24 00:15:27,119 INFO ncaa_identity: contest_id=859474 teams 2085/2085 matched, players 5834/5898 matched
2026-08-24 00:15:32,342 INFO ncaa_identity: contest_id=859538 teams 2885/2885 matched, players 7460/8157 matched
2026-08-24 00:15:33,768 INFO ncaa_identity: contest_id=859556 teams 2532/2532 matched, players 6781/7150 matched
2026-08-24 00:15:36,832 INFO ncaa_identity: contest_id=859608 teams 2465/2465 matched, players 6562/6936 matched
2026-08-24 00:15:38,118 INFO ncaa_identity: contest_id=859624 teams 2641/2641 matched, players 6750/7497 matched
2026-08-24 00:15:42,141 INFO ncaa_identity: contest_id=859657 teams 2075/2075 matched, players 5620/5785 matched
2026-08-24 00:15:45,973 INFO ncaa_identity: contest_id=859695 teams 2133/2133 matched, players 5817/5960 matched
2026-08-24 00:15:57,548 INFO ncaa_identity: contest_id=820721 teams 2444/2444 matched, players 6695/6873 matched
2026-08-24 00:16:01,855 INFO ncaa_identity: contest_id=820755 teams 2699/2699 matched, players 7238/7593 matched
2026-08-24 00:16:05,108 INFO ncaa_identity: contest_id=820776 teams 1383/2707 matched, players 3823/7613 matched
2026-08-24 00:16:07,988 INFO ncaa_identity: contest_id=820801 teams 2527/2527 matched, players 6715/7147 matched
2026-08-24 00:16:09,270 INFO ncaa_identity: contest_id=820818 teams 1177/2338 matched, players 3293/6605 matched
2026-08-24 00:16:10,906 INFO ncaa_identity: contest_id=820834 teams 1265/2526 matched, players 3532/7084 matched
2026-08-24 00:16:11,950 INFO ncaa_identity: contest_id=820855 teams 1149/2229 matched, players 3174/6258 matched
2026-08-24 00:16:15,062 INFO ncaa_identity: contest_id=820919 teams 1275/2539 matched, players 3036/7134 matched
2026-08-24 00:16:16,855 INFO ncaa_identity: contest_id=820930 teams 1342/2562 matched, players 3592/7165 matched
2026-08-24 00:16:26,733 INFO ncaa_identity: contest_id=821083 teams 2561/2561 matched, players 6732/7222 matched
2026-08-24 00:16:29,913 INFO ncaa_identity: contest_id=821114 teams 1227/2420 matched, players 3187/6776 matched
2026-08-24 00:16:31,352 INFO ncaa_identity: contest_id=821132 teams 2840/2840 matched, players 7381/8013 matched
2026-08-24 00:16:38,798 INFO ncaa_identity: contest_id=821185 teams 1416/2847 matched, players 4105/8043 matched
2026-08-24 00:16:40,544 INFO ncaa_identity: contest_id=821200 teams 1359/2603 matched, players 3097/7356 matched
2026-08-24 00:16:43,620 INFO ncaa_identity: contest_id=821261 teams 2591/2591 matched, players 6478/7298 matched
2026-08-24 00:16:48,169 INFO ncaa_identity: contest_id=821355 teams 2470/2470 matched, players 6888/6929 matched
2026-08-24 00:16:49,757 INFO ncaa_identity: contest_id=821409 teams 1313/2630 matched, players 3413/7413 matched
2026-08-24 00:16:50,738 INFO ncaa_identity: contest_id=821484 teams 2050/2050 matched, players 5476/5782 matched
2026-08-24 00:16:51,743 INFO ncaa_identity: contest_id=821500 teams 2130/2130 matched, players 5615/6005 matched
2026-08-24 00:16:56,561 INFO ncaa_identity: contest_id=821566 teams 1543/3025 matched, players 4343/8610 matched
2026-08-24 00:16:58,165 INFO ncaa_identity: contest_id=821590 teams 3125/3125 matched, players 8726/8825 matched
2026-08-24 00:17:01,039 INFO ncaa_identity: contest_id=821616 teams 2521/2521 matched, players 6845/7114 matched
2026-08-24 00:17:03,838 INFO ncaa_identity: contest_id=821656 teams 2441/2441 matched, players 6454/6825 matched
2026-08-24 00:17:06,641 INFO ncaa_identity: contest_id=821695 teams 2194/2194 matched, players 5459/6184 matched
2026-08-24 00:17:07,931 INFO ncaa_identity: contest_id=821740 teams 1065/2156 matched, players 2996/6015 matched
2026-08-24 00:17:12,643 INFO ncaa_identity: contest_id=821931 teams 2663/2663 matched, players 7275/7503 matched
2026-08-24 00:17:14,084 INFO ncaa_identity: contest_id=821952 teams 3262/3262 matched, players 8837/9255 matched
2026-08-24 00:17:15,554 INFO ncaa_identity: contest_id=821986 teams 2680/2680 matched, players 7317/7559 matched
2026-08-24 00:17:17,208 INFO ncaa_identity: contest_id=822007 teams 2209/2209 matched, players 5387/6235 matched
2026-08-24 00:17:21,211 INFO ncaa_identity: contest_id=822104 teams 989/1947 matched, players 430/742 matched
2026-08-24 00:17:22,637 INFO ncaa_identity: contest_id=822261 teams 2575/2575 matched, players 7116/7154 matched
2026-08-24 00:17:27,549 INFO ncaa_identity: contest_id=822361 teams 2165/2165 matched, players 6035/6118 matched
2026-08-24 00:17:30,426 INFO ncaa_identity: contest_id=822407 teams 2362/2362 matched, players 6151/6652 matched
2026-08-24 00:17:31,992 INFO ncaa_identity: contest_id=822421 teams 2655/2655 matched, players 7327/7503 matched
2026-08-24 00:17:33,497 INFO ncaa_identity: contest_id=822435 teams 1168/2281 matched, players 3211/6407 matched
2026-08-24 00:17:34,657 INFO ncaa_identity: contest_id=822465 teams 2318/2318 matched, players 6343/6561 matched
2026-08-24 00:17:37,247 INFO ncaa_identity: contest_id=822489 teams 2103/2103 matched, players 5824/5891 matched
2026-08-24 00:17:44,150 INFO ncaa_identity: contest_id=822653 teams 2678/2678 matched, players 7041/7593 matched
2026-08-24 00:17:45,459 INFO ncaa_identity: contest_id=822728 teams 1396/2671 matched, players 3843/7519 matched
2026-08-24 00:17:49,579 INFO ncaa_identity: contest_id=822807 teams 2511/2511 matched, players 6566/7122 matched
2026-08-24 00:17:52,368 INFO ncaa_identity: contest_id=822830 teams 2309/2309 matched, players 6276/6506 matched
2026-08-24 00:17:54,034 INFO ncaa_identity: contest_id=822852 teams 1162/2320 matched, players 3276/6523 matched
2026-08-24 00:17:58,284 INFO ncaa_identity: contest_id=822886 teams 2741/2741 matched, players 7316/7726 matched
2026-08-24 00:18:01,923 INFO ncaa_identity: contest_id=822941 teams 1321/2550 matched, players 3316/7166 matched
2026-08-24 00:18:03,252 INFO ncaa_identity: contest_id=822977 teams 1819/1819 matched, players 423/581 matched
2026-08-24 00:18:04,329 INFO ncaa_identity: contest_id=822997 teams 1207/2389 matched, players 3440/6727 matched
2026-08-24 00:18:07,778 INFO ncaa_identity: contest_id=823059 teams 2291/2291 matched, players 6270/6475 matched
2026-08-24 00:18:12,232 INFO ncaa_identity: contest_id=823119 teams 2541/2541 matched, players 6877/7150 matched
2026-08-24 00:18:15,088 INFO ncaa_identity: contest_id=823174 teams 2271/2271 matched, players 5594/6360 matched
2026-08-24 00:18:16,784 INFO ncaa_identity: contest_id=823258 teams 1711/1711 matched, players 448/574 matched
2026-08-24 00:18:20,693 INFO ncaa_identity: contest_id=823335 teams 2135/2135 matched, players 5834/5999 matched
2026-08-24 00:18:23,448 INFO ncaa_identity: contest_id=823393 teams 1340/2594 matched, players 3660/7302 matched
2026-08-24 00:18:24,577 INFO ncaa_identity: contest_id=823425 teams 2411/2411 matched, players 6672/6782 matched
2026-08-24 00:18:28,978 INFO ncaa_identity: contest_id=823496 teams 1123/2242 matched, players 3086/6305 matched
2026-08-24 00:18:30,299 INFO ncaa_identity: contest_id=823528 teams 2271/2271 matched, players 6340/6367 matched
2026-08-24 00:18:33,118 INFO ncaa_identity: contest_id=823567 teams 2202/2202 matched, players 6182/6187 matched
2026-08-24 00:18:34,642 INFO ncaa_identity: contest_id=823634 teams 1970/1970 matched, players 5452/5502 matched
2026-08-24 00:18:37,333 INFO ncaa_identity: contest_id=823682 teams 1317/2511 matched, players 3516/7006 matched
2026-08-24 00:18:38,996 INFO ncaa_identity: contest_id=823710 teams 2653/2653 matched, players 7376/7486 matched
2026-08-24 00:18:43,010 INFO ncaa_identity: contest_id=823834 teams 2232/2232 matched, players 6218/6275 matched
2026-08-24 00:18:48,436 INFO ncaa_identity: contest_id=823899 teams 2091/2091 matched, players 5482/5855 matched
2026-08-24 00:18:52,118 INFO ncaa_identity: contest_id=824061 teams 2529/2529 matched, players 7047/7153 matched
2026-08-24 00:18:53,298 INFO ncaa_identity: contest_id=824088 teams 2530/2530 matched, players 6742/7115 matched
2026-08-24 00:19:06,498 INFO ncaa_identity: contest_id=824434 teams 1206/2447 matched, players 3342/6905 matched
2026-08-24 00:19:08,985 INFO ncaa_identity: contest_id=824517 teams 2227/2227 matched, players 6196/6266 matched
2026-08-24 00:19:10,686 INFO ncaa_identity: contest_id=824534 teams 1484/2846 matched, players 4035/8015 matched
2026-08-24 00:19:11,985 INFO ncaa_identity: contest_id=824556 teams 2098/2098 matched, players 5510/5858 matched
2026-08-24 00:19:14,854 INFO ncaa_identity: contest_id=824617 teams 1020/2094 matched, players 2932/5858 matched
2026-08-24 00:19:17,538 INFO ncaa_identity: contest_id=824654 teams 2184/2184 matched, players 5750/6145 matched
2026-08-24 00:19:18,678 INFO ncaa_identity: contest_id=824706 teams 1033/1930 matched, players 2802/5435 matched
2026-08-24 00:19:21,665 INFO ncaa_identity: contest_id=824768 teams 1218/2375 matched, players 3415/6702 matched
2026-08-24 00:19:22,700 INFO ncaa_identity: contest_id=824796 teams 2232/2232 matched, players 6217/6219 matched
2026-08-24 00:19:31,168 INFO ncaa_identity: contest_id=825061 teams 1805/1805 matched, players 676/693 matched
2026-08-24 00:19:32,367 INFO ncaa_identity: contest_id=825084 teams 2093/2093 matched, players 5370/5903 matched
2026-08-24 00:19:34,065 INFO ncaa_identity: contest_id=825103 teams 2994/2994 matched, players 8481/8507 matched
2026-08-24 00:19:35,356 INFO ncaa_identity: contest_id=825123 teams 1198/2356 matched, players 3335/6623 matched
2026-08-24 00:19:37,602 INFO ncaa_identity: contest_id=825163 teams 2399/2399 matched, players 6606/6741 matched
2026-08-24 00:19:42,802 INFO ncaa_identity: contest_id=825248 teams 2559/2559 matched, players 5993/7230 matched
2026-08-24 00:19:42,924 INFO 5 starters not found for period 3; using estimate
2026-08-24 00:19:46,049 INFO ncaa_identity: contest_id=825364 teams 1272/2484 matched, players 3516/7036 matched
2026-08-24 00:19:51,369 INFO ncaa_identity: contest_id=825492 teams 2915/2915 matched, players 8138/8262 matched
2026-08-24 00:19:54,051 INFO ncaa_identity: contest_id=825555 teams 2238/2238 matched, players 6148/6306 matched
2026-08-24 00:19:55,460 INFO ncaa_identity: contest_id=825582 teams 1231/2401 matched, players 3428/6759 matched
2026-08-24 00:19:56,868 INFO ncaa_identity: contest_id=825595 teams 1382/2705 matched, players 3841/7602 matched
2026-08-24 00:19:58,062 INFO ncaa_identity: contest_id=825615 teams 1354/2562 matched, players 3697/7256 matched
2026-08-24 00:19:59,609 INFO ncaa_identity: contest_id=825645 teams 2416/2416 matched, players 6658/6808 matched
2026-08-24 00:20:05,840 INFO ncaa_identity: contest_id=825785 teams 2139/2139 matched, players 5950/6014 matched
2026-08-24 00:20:14,538 INFO ncaa_identity: contest_id=825926 teams 2490/2490 matched, players 6498/7006 matched
2026-08-24 00:20:17,234 INFO ncaa_identity: contest_id=826017 teams 2534/2534 matched, players 6548/7180 matched
2026-08-24 00:20:19,675 INFO ncaa_identity: contest_id=826057 teams 1190/2409 matched, players 3393/6776 matched
2026-08-24 00:20:23,958 INFO ncaa_identity: contest_id=826138 teams 2428/2428 matched, players 6365/6859 matched
2026-08-24 00:20:26,825 INFO ncaa_identity: contest_id=826169 teams 2726/2726 matched, players 7330/7651 matched
2026-08-24 00:20:27,935 INFO ncaa_identity: contest_id=826195 teams 836/1734 matched, players 274/574 matched
2026-08-24 00:20:29,519 INFO ncaa_identity: contest_id=826234 teams 2151/2151 matched, players 5515/6009 matched
2026-08-24 00:20:30,703 INFO ncaa_identity: contest_id=826246 teams 2233/2233 matched, players 6155/6290 matched
2026-08-24 00:20:33,516 INFO ncaa_identity: contest_id=826269 teams 2008/2008 matched, players 5266/5635 matched
2026-08-24 00:20:34,913 INFO ncaa_identity: contest_id=826293 teams 2150/2150 matched, players 5461/6006 matched
2026-08-24 00:20:37,585 INFO ncaa_identity: contest_id=826325 teams 1872/1872 matched, players 4714/5223 matched
2026-08-24 00:20:41,706 INFO ncaa_identity: contest_id=826369 teams 2019/2019 matched, players 5451/5647 matched
2026-08-24 00:20:42,737 INFO ncaa_identity: contest_id=826379 teams 2130/2130 matched, players 5234/6014 matched
2026-08-24 00:20:47,278 INFO ncaa_identity: contest_id=826410 teams 2375/2375 matched, players 6027/6672 matched
2026-08-24 00:20:49,952 INFO ncaa_identity: contest_id=826434 teams 2089/2089 matched, players 5572/5870 matched
2026-08-24 00:20:52,958 INFO ncaa_identity: contest_id=826459 teams 2080/2080 matched, players 5368/5824 matched
2026-08-24 00:20:54,276 INFO ncaa_identity: contest_id=826470 teams 2555/2555 matched, players 7031/7227 matched
2026-08-24 00:20:55,659 INFO ncaa_identity: contest_id=826483 teams 2175/2175 matched, players 5849/6094 matched
2026-08-24 00:20:58,183 INFO ncaa_identity: contest_id=826503 teams 2080/2080 matched, players 3050/5840 matched
2026-08-24 00:21:00,739 INFO ncaa_identity: contest_id=826524 teams 1151/2255 matched, players 3218/6345 matched
2026-08-24 00:21:03,458 INFO ncaa_identity: contest_id=826545 teams 2072/2072 matched, players 5602/5776 matched
2026-08-24 00:21:05,050 INFO ncaa_identity: contest_id=826555 teams 1165/2323 matched, players 3264/6510 matched
2026-08-24 00:21:07,490 INFO ncaa_identity: contest_id=826579 teams 1290/2506 matched, players 3550/7086 matched
2026-08-24 00:21:08,944 INFO ncaa_identity: contest_id=826613 teams 2129/2129 matched, players 5823/5986 matched
2026-08-24 00:21:12,793 INFO ncaa_identity: contest_id=826655 teams 1997/1997 matched, players 5460/5630 matched
2026-08-24 00:21:18,518 INFO ncaa_identity: contest_id=826805 teams 2641/2641 matched, players 7387/7434 matched
2026-08-24 00:21:23,123 INFO ncaa_identity: contest_id=826885 teams 1334/2594 matched, players 3677/7366 matched
2026-08-24 00:21:26,381 INFO ncaa_identity: contest_id=827006 teams 2450/2450 matched, players 6645/6927 matched
2026-08-24 00:21:27,634 INFO ncaa_identity: contest_id=827020 teams 2514/2514 matched, players 6439/7107 matched
2026-08-24 00:21:28,970 INFO ncaa_identity: contest_id=827033 teams 2917/2917 matched, players 7439/8208 matched
2026-08-24 00:21:37,219 INFO 5 starters not found for period 3; using estimate
2026-08-24 00:21:40,046 INFO ncaa_identity: contest_id=827187 teams 1979/1979 matched, players 5290/5573 matched
2026-08-24 00:21:41,631 INFO ncaa_identity: contest_id=827201 teams 3033/3033 matched, players 8156/8607 matched
2026-08-24 00:21:42,915 INFO ncaa_identity: contest_id=827219 teams 1721/1721 matched, players 4608/4833 matched
2026-08-24 00:21:44,116 INFO ncaa_identity: contest_id=827262 teams 2083/2083 matched, players 5144/5812 matched
2026-08-24 00:21:47,096 INFO ncaa_identity: contest_id=827311 teams 2833/2833 matched, players 7216/7988 matched
2026-08-24 00:21:48,165 INFO ncaa_identity: contest_id=827348 teams 1217/2379 matched, players 3237/6734 matched
2026-08-24 00:21:49,722 INFO ncaa_identity: contest_id=827414 teams 2402/2402 matched, players 5788/6816 matched
2026-08-24 00:22:01,561 INFO ncaa_identity: contest_id=827644 teams 1122/2252 matched, players 3179/6334 matched
2026-08-24 00:22:04,311 INFO ncaa_identity: contest_id=827699 teams 2001/2001 matched, players 5506/5636 matched
2026-08-24 00:22:05,403 INFO ncaa_identity: contest_id=827791 teams 2071/2071 matched, players 5327/5827 matched
2026-08-24 00:22:08,223 INFO ncaa_identity: contest_id=827845 teams 2665/2665 matched, players 6828/7559 matched
2026-08-24 00:22:13,618 INFO ncaa_identity: contest_id=827941 teams 2639/2639 matched, players 6962/7456 matched
2026-08-24 00:22:14,997 INFO ncaa_identity: contest_id=827960 teams 2199/2199 matched, players 5807/6211 matched
2026-08-24 00:22:16,196 INFO ncaa_identity: contest_id=827979 teams 2157/2157 matched, players 5637/6103 matched
2026-08-24 00:22:22,763 INFO ncaa_identity: contest_id=828096 teams 2529/2529 matched, players 6882/7124 matched
2026-08-24 00:22:26,236 INFO ncaa_identity: contest_id=828278 teams 1993/1993 matched, players 5340/5646 matched
2026-08-24 00:22:32,521 INFO ncaa_identity: contest_id=828458 teams 2335/2335 matched, players 6488/6635 matched
2026-08-24 00:22:40,086 INFO ncaa_identity: contest_id=828646 teams 2140/2140 matched, players 5680/6027 matched
2026-08-24 00:22:41,351 INFO ncaa_identity: contest_id=828662 teams 2126/2126 matched, players 5787/5981 matched
2026-08-24 00:22:49,049 INFO ncaa_identity: contest_id=828796 teams 2289/2289 matched, players 726/802 matched
2026-08-24 00:22:56,478 INFO ncaa_identity: contest_id=828957 teams 2537/2537 matched, players 6553/7159 matched
2026-08-24 00:22:57,702 INFO ncaa_identity: contest_id=828986 teams 2486/2486 matched, players 6377/7014 matched
2026-08-24 00:23:00,621 INFO ncaa_identity: contest_id=829035 teams 2406/2406 matched, players 6642/6797 matched
2026-08-24 00:23:04,317 INFO ncaa_identity: contest_id=829106 teams 2516/2516 matched, players 6336/7051 matched
2026-08-24 00:23:05,256 INFO ncaa_identity: contest_id=829124 teams 2039/2039 matched, players 5609/5718 matched
2026-08-24 00:23:07,907 INFO ncaa_identity: contest_id=829152 teams 2533/2533 matched, players 7000/7176 matched
2026-08-24 00:23:09,318 INFO ncaa_identity: contest_id=829267 teams 2480/2480 matched, players 6503/6971 matched
2026-08-24 00:23:15,141 INFO ncaa_identity: contest_id=829421 teams 2198/2198 matched, players 5437/6153 matched
2026-08-24 00:23:18,118 INFO ncaa_identity: contest_id=829539 teams 1396/2523 matched, players 3652/7147 matched
2026-08-24 00:23:21,958 INFO ncaa_identity: contest_id=829628 teams 2587/2587 matched, players 6960/7281 matched
2026-08-24 00:23:25,228 INFO ncaa_identity: contest_id=829752 teams 1908/1908 matched, players 5323/5349 matched
2026-08-24 00:23:33,272 INFO ncaa_identity: contest_id=829939 teams 2492/2492 matched, players 6868/7037 matched
2026-08-24 00:23:34,307 INFO ncaa_identity: contest_id=829997 teams 1813/1813 matched, players 5005/5089 matched
2026-08-24 00:23:37,174 INFO ncaa_identity: contest_id=830040 teams 2189/2189 matched, players 5672/6157 matched
2026-08-24 00:23:38,224 INFO ncaa_identity: contest_id=830073 teams 2339/2339 matched, players 6256/6537 matched
2026-08-24 00:23:45,175 INFO ncaa_identity: contest_id=830176 teams 2199/2199 matched, players 6019/6211 matched
2026-08-24 00:23:46,273 INFO ncaa_identity: contest_id=830206 teams 0/2035 matched, players 0/5757 matched
2026-08-24 00:23:51,129 INFO ncaa_identity: contest_id=830258 teams 2895/2895 matched, players 8054/8199 matched
2026-08-24 00:23:52,481 INFO ncaa_identity: contest_id=830336 teams 2398/2398 matched, players 6322/6747 matched
2026-08-24 00:23:55,825 INFO ncaa_identity: contest_id=830443 teams 2336/2336 matched, players 6413/6577 matched
2026-08-24 00:23:57,399 INFO ncaa_identity: contest_id=830473 teams 2573/2573 matched, players 7146/7245 matched
2026-08-24 00:23:59,151 INFO ncaa_identity: contest_id=830488 teams 2411/2411 matched, players 6739/6831 matched
2026-08-24 00:24:03,238 INFO ncaa_identity: contest_id=830611 teams 2180/2180 matched, players 6099/6124 matched
2026-08-24 00:24:07,273 INFO ncaa_identity: contest_id=830706 teams 2162/2162 matched, players 5645/6144 matched
2026-08-24 00:24:10,223 INFO ncaa_identity: contest_id=830758 teams 2668/2668 matched, players 7175/7556 matched
2026-08-24 00:24:11,772 INFO ncaa_identity: contest_id=830836 teams 2541/2541 matched, players 6896/7151 matched
2026-08-24 00:24:14,115 INFO ncaa_identity: contest_id=830866 teams 2510/2510 matched, players 6748/7101 matched
2026-08-24 00:24:18,333 INFO ncaa_identity: contest_id=830914 teams 2197/2197 matched, players 6196/6219 matched
2026-08-24 00:24:24,277 INFO ncaa_identity: contest_id=831095 teams 2362/2362 matched, players 6317/6657 matched
2026-08-24 00:24:26,960 INFO ncaa_identity: contest_id=831146 teams 2110/2110 matched, players 5681/5949 matched
2026-08-24 00:24:29,991 INFO ncaa_identity: contest_id=831199 teams 2007/2007 matched, players 5404/5626 matched
2026-08-24 00:24:32,377 INFO ncaa_identity: contest_id=831255 teams 2287/2287 matched, players 6180/6435 matched
2026-08-24 00:24:36,907 INFO 5 starters not found for period 3; using estimate
2026-08-24 00:24:38,469 INFO ncaa_identity: contest_id=831329 teams 3031/3031 matched, players 8459/8565 matched
2026-08-24 00:24:45,440 INFO ncaa_identity: contest_id=831557 teams 2319/2319 matched, players 6484/6538 matched
2026-08-24 00:24:49,552 INFO ncaa_identity: contest_id=831658 teams 2084/2084 matched, players 5544/5866 matched
2026-08-24 00:24:57,167 INFO ncaa_identity: contest_id=831807 teams 2743/2743 matched, players 7449/7765 matched
2026-08-24 00:25:05,673 INFO ncaa_identity: contest_id=831980 teams 2232/2232 matched, players 6248/6266 matched
2026-08-24 00:25:07,156 INFO ncaa_identity: contest_id=832043 teams 2526/2526 matched, players 6628/7135 matched
2026-08-24 00:25:08,652 INFO ncaa_identity: contest_id=832109 teams 2078/2078 matched, players 5122/5805 matched
2026-08-24 00:25:09,971 INFO ncaa_identity: contest_id=832131 teams 2018/2018 matched, players 5455/5661 matched
2026-08-24 00:25:14,020 INFO ncaa_identity: contest_id=832201 teams 2065/2065 matched, players 5685/5814 matched
2026-08-24 00:25:20,012 INFO ncaa_identity: contest_id=832291 teams 2342/2342 matched, players 5941/6569 matched
2026-08-24 00:25:22,971 INFO ncaa_identity: contest_id=832333 teams 973/1950 matched, players 2761/5532 matched
2026-08-24 00:25:24,321 INFO ncaa_identity: contest_id=832361 teams 2187/2187 matched, players 5869/6138 matched
2026-08-24 00:25:29,133 INFO ncaa_identity: contest_id=832424 teams 2180/2180 matched, players 5694/6164 matched
2026-08-24 00:25:30,696 INFO ncaa_identity: contest_id=832567 teams 2593/2593 matched, players 7193/7297 matched
2026-08-24 00:25:32,376 INFO ncaa_identity: contest_id=832588 teams 2582/2582 matched, players 6906/7291 matched
2026-08-24 00:25:41,133 INFO ncaa_identity: contest_id=832794 teams 2345/2345 matched, players 6580/6598 matched
2026-08-24 00:25:42,400 INFO ncaa_identity: contest_id=832820 teams 2169/2169 matched, players 5758/6138 matched
2026-08-24 00:25:47,570 INFO ncaa_identity: contest_id=832901 teams 2759/2759 matched, players 7589/7744 matched
2026-08-24 00:25:51,892 INFO ncaa_identity: contest_id=833002 teams 2410/2410 matched, players 6509/6810 matched
2026-08-24 00:25:53,519 INFO ncaa_identity: contest_id=833016 teams 2163/2163 matched, players 5740/6078 matched
2026-08-24 00:25:55,219 INFO ncaa_identity: contest_id=833028 teams 2223/2223 matched, players 6082/6221 matched
2026-08-24 00:26:04,163 INFO ncaa_identity: contest_id=833235 teams 1784/1784 matched, players 4772/5033 matched
2026-08-24 00:26:16,572 INFO ncaa_identity: contest_id=833422 teams 2258/2258 matched, players 6293/6336 matched
2026-08-24 00:26:23,675 INFO ncaa_identity: contest_id=833667 teams 2279/2279 matched, players 5975/6418 matched
2026-08-24 00:26:28,255 INFO ncaa_identity: contest_id=833748 teams 2803/2803 matched, players 7897/7944 matched
2026-08-24 00:26:30,769 INFO ncaa_identity: contest_id=833776 teams 2409/2409 matched, players 6470/6803 matched
2026-08-24 00:26:36,350 INFO ncaa_identity: contest_id=833910 teams 1924/1924 matched, players 5317/5416 matched
2026-08-24 00:26:37,912 INFO ncaa_identity: contest_id=833931 teams 2209/2209 matched, players 5930/6233 matched
2026-08-24 00:26:42,150 INFO ncaa_identity: contest_id=834015 teams 2412/2412 matched, players 6191/6768 matched
2026-08-24 00:26:43,856 INFO ncaa_identity: contest_id=834054 teams 2158/2158 matched, players 5842/6091 matched
2026-08-24 00:26:46,735 INFO ncaa_identity: contest_id=834132 teams 1090/2157 matched, players 3063/6077 matched
2026-08-24 00:26:48,785 INFO ncaa_identity: contest_id=834198 teams 2525/2525 matched, players 7057/7066 matched
2026-08-24 00:26:50,258 INFO ncaa_identity: contest_id=834231 teams 2476/2476 matched, players 6468/6970 matched
2026-08-24 00:26:51,949 INFO ncaa_identity: contest_id=834251 teams 2325/2325 matched, players 6359/6592 matched
2026-08-24 00:26:56,677 INFO ncaa_identity: contest_id=834339 teams 2432/2432 matched, players 6445/6887 matched
2026-08-24 00:27:00,835 INFO ncaa_identity: contest_id=834409 teams 2398/2398 matched, players 6624/6756 matched
2026-08-24 00:27:02,196 INFO ncaa_identity: contest_id=834546 teams 1994/1994 matched, players 5246/5596 matched
2026-08-24 00:27:03,768 INFO ncaa_identity: contest_id=834556 teams 2179/2179 matched, players 5751/6142 matched
2026-08-24 00:27:12,730 INFO ncaa_identity: contest_id=834675 teams 2076/2076 matched, players 5444/5837 matched
2026-08-24 00:27:15,357 INFO ncaa_identity: contest_id=834715 teams 2199/2199 matched, players 5624/6139 matched
2026-08-24 00:27:16,668 INFO ncaa_identity: contest_id=834745 teams 2369/2369 matched, players 6118/6722 matched
2026-08-24 00:27:19,441 INFO ncaa_identity: contest_id=834854 teams 2446/2446 matched, players 6521/6861 matched
2026-08-24 00:27:23,707 INFO ncaa_identity: contest_id=834905 teams 2192/2192 matched, players 5678/6125 matched
2026-08-24 00:27:26,332 INFO ncaa_identity: contest_id=834954 teams 1162/2251 matched, players 3229/6408 matched
2026-08-24 00:27:29,329 INFO ncaa_identity: contest_id=835006 teams 1030/1961 matched, players 420/781 matched
2026-08-24 00:27:30,670 INFO ncaa_identity: contest_id=835020 teams 2104/2104 matched, players 5611/5940 matched
2026-08-24 00:27:36,814 INFO ncaa_identity: contest_id=835116 teams 2254/2254 matched, players 5823/6340 matched
2026-08-24 00:27:44,702 INFO ncaa_identity: contest_id=835252 teams 2787/2787 matched, players 7592/7873 matched
2026-08-24 00:27:45,929 INFO ncaa_identity: contest_id=835265 teams 2500/2500 matched, players 6576/7110 matched
2026-08-24 00:27:46,064 INFO 5 starters not found for period 4; using estimate
2026-08-24 00:27:49,367 INFO ncaa_identity: contest_id=835289 teams 2890/2890 matched, players 7681/8160 matched
2026-08-24 00:27:53,079 INFO ncaa_identity: contest_id=835327 teams 1073/1073 matched, players 199/261 matched
2026-08-24 00:27:57,606 INFO ncaa_identity: contest_id=835393 teams 2147/2147 matched, players 5948/5998 matched
2026-08-24 00:28:00,217 INFO ncaa_identity: contest_id=835493 teams 2103/2103 matched, players 5788/5917 matched
2026-08-24 00:28:01,782 INFO ncaa_identity: contest_id=835522 teams 1887/1887 matched, players 5305/5306 matched
2026-08-24 00:28:05,001 INFO ncaa_identity: contest_id=835543 teams 2244/2244 matched, players 5825/6286 matched
2026-08-24 00:28:08,237 INFO ncaa_identity: contest_id=835592 teams 2474/2474 matched, players 6344/6928 matched
2026-08-24 00:28:09,658 INFO ncaa_identity: contest_id=835602 teams 2774/2774 matched, players 6473/7873 matched
2026-08-24 00:28:14,420 INFO ncaa_identity: contest_id=835655 teams 2690/2690 matched, players 7620/7624 matched
2026-08-24 00:28:15,992 INFO ncaa_identity: contest_id=835686 teams 1968/1968 matched, players 5107/5528 matched
2026-08-24 00:28:21,365 INFO ncaa_identity: contest_id=835749 teams 2459/2459 matched, players 6816/6919 matched
2026-08-24 00:28:28,776 INFO ncaa_identity: contest_id=835869 teams 2448/2448 matched, players 5733/6922 matched
2026-08-24 00:28:30,027 INFO ncaa_identity: contest_id=835879 teams 1979/1979 matched, players 5170/5581 matched
2026-08-24 00:28:40,923 INFO ncaa_identity: contest_id=836008 teams 2520/2520 matched, players 6985/7117 matched
2026-08-24 00:28:42,487 INFO ncaa_identity: contest_id=836020 teams 2007/2007 matched, players 5441/5671 matched
2026-08-24 00:28:43,915 INFO ncaa_identity: contest_id=836039 teams 2230/2230 matched, players 6027/6294 matched
2026-08-24 00:28:51,181 INFO ncaa_identity: contest_id=836097 teams 1975/1975 matched, players 5054/5537 matched
2026-08-24 00:28:52,822 INFO ncaa_identity: contest_id=836108 teams 2011/2011 matched, players 5323/5683 matched
2026-08-24 00:29:05,765 INFO ncaa_identity: contest_id=836215 teams 2332/2332 matched, players 6145/6501 matched
2026-08-24 00:29:14,118 INFO ncaa_identity: contest_id=836335 teams 2652/2652 matched, players 6958/7417 matched
2026-08-24 00:29:16,162 INFO ncaa_identity: contest_id=836345 teams 2204/2204 matched, players 5678/6219 matched
2026-08-24 00:29:17,764 INFO ncaa_identity: contest_id=836357 teams 2194/2194 matched, players 5901/6186 matched
2026-08-24 00:29:20,277 INFO ncaa_identity: contest_id=836380 teams 1863/1863 matched, players 4756/5242 matched
2026-08-24 00:29:22,937 INFO ncaa_identity: contest_id=836402 teams 2260/2260 matched, players 6230/6351 matched
2026-08-24 00:29:24,380 INFO ncaa_identity: contest_id=836414 teams 2425/2425 matched, players 6701/6794 matched
2026-08-24 00:29:27,855 INFO ncaa_identity: contest_id=836434 teams 2550/2550 matched, players 6622/7222 matched
2026-08-24 00:29:32,869 INFO ncaa_identity: contest_id=736161 teams 2629/2629 matched, players 7039/7347 matched
2026-08-24 00:29:34,070 INFO ncaa_identity: contest_id=736171 teams 2019/2019 matched, players 5265/5674 matched
2026-08-24 00:29:37,163 INFO ncaa_identity: contest_id=736194 teams 2302/2302 matched, players 6009/6509 matched
2026-08-24 00:29:39,128 INFO ncaa_identity: contest_id=736205 teams 2503/2503 matched, players 6510/7066 matched
2026-08-24 00:29:42,450 INFO ncaa_identity: contest_id=736227 teams 2610/2610 matched, players 7054/7411 matched
2026-08-24 00:29:43,790 INFO ncaa_identity: contest_id=736237 teams 1177/2345 matched, players 3282/6557 matched
2026-08-24 00:29:47,128 INFO ncaa_identity: contest_id=736260 teams 1578/3048 matched, players 4089/8675 matched
2026-08-24 00:29:48,868 INFO ncaa_identity: contest_id=736281 teams 2834/2834 matched, players 7971/7988 matched
2026-08-24 00:29:50,380 INFO ncaa_identity: contest_id=736303 teams 1418/2807 matched, players 3922/7931 matched
2026-08-24 00:29:53,663 INFO ncaa_identity: contest_id=736365 teams 1072/2192 matched, players 3075/6130 matched
2026-08-24 00:29:55,121 INFO ncaa_identity: contest_id=736380 teams 2140/2140 matched, players 5787/6029 matched
2026-08-24 00:29:58,605 INFO ncaa_identity: contest_id=736426 teams 1408/2824 matched, players 3880/7974 matched
2026-08-24 00:30:01,688 INFO ncaa_identity: contest_id=736501 teams 2846/2846 matched, players 8029/8061 matched
2026-08-24 00:30:03,498 INFO ncaa_identity: contest_id=736511 teams 2620/2620 matched, players 1019/1022 matched
2026-08-24 00:30:04,740 INFO ncaa_identity: contest_id=736522 teams 2332/2332 matched, players 6132/6595 matched
2026-08-24 00:30:08,042 INFO ncaa_identity: contest_id=736565 teams 2569/2569 matched, players 6902/7256 matched
2026-08-24 00:30:09,539 INFO ncaa_identity: contest_id=736575 teams 2234/2234 matched, players 5693/6244 matched
2026-08-24 00:30:12,606 INFO ncaa_identity: contest_id=736596 teams 2648/2648 matched, players 6999/7408 matched
2026-08-24 00:30:13,975 INFO ncaa_identity: contest_id=736609 teams 2405/2405 matched, players 6617/6784 matched
2026-08-24 00:30:15,964 INFO ncaa_identity: contest_id=736634 teams 2422/2422 matched, players 6647/6844 matched
2026-08-24 00:30:17,825 INFO ncaa_identity: contest_id=736644 teams 1337/2737 matched, players 3867/7687 matched
2026-08-24 00:30:21,233 INFO ncaa_identity: contest_id=736667 teams 1306/2586 matched, players 3704/7289 matched
2026-08-24 00:30:25,847 INFO ncaa_identity: contest_id=736717 teams 1214/2437 matched, players 3513/6842 matched
2026-08-24 00:30:32,360 INFO ncaa_identity: contest_id=736799 teams 1225/2500 matched, players 3405/7028 matched
2026-08-24 00:30:33,762 INFO ncaa_identity: contest_id=736829 teams 2149/2149 matched, players 5973/6043 matched
2026-08-24 00:30:37,013 INFO ncaa_identity: contest_id=736873 teams 1772/1772 matched, players 678/713 matched
2026-08-24 00:30:40,444 INFO ncaa_identity: contest_id=736935 teams 2638/2638 matched, players 7423/7447 matched
2026-08-24 00:30:44,535 INFO ncaa_identity: contest_id=736992 teams 2276/2276 matched, players 6038/6356 matched
2026-08-24 00:30:47,248 INFO ncaa_identity: contest_id=737075 teams 1259/2461 matched, players 3586/6941 matched
2026-08-24 00:30:51,771 INFO ncaa_identity: contest_id=737227 teams 1113/2196 matched, players 3175/6210 matched
2026-08-24 00:30:55,428 INFO ncaa_identity: contest_id=737278 teams 2171/2171 matched, players 5882/6169 matched
2026-08-24 00:30:56,902 INFO ncaa_identity: contest_id=737294 teams 2687/2687 matched, players 7469/7564 matched
2026-08-24 00:30:58,692 INFO ncaa_identity: contest_id=737365 teams 1318/2633 matched, players 3789/7440 matched
2026-08-24 00:30:59,938 INFO ncaa_identity: contest_id=737488 teams 1975/1975 matched, players 5271/5560 matched
2026-08-24 00:31:01,335 INFO ncaa_identity: contest_id=737545 teams 2482/2482 matched, players 6614/7024 matched
2026-08-24 00:31:02,967 INFO ncaa_identity: contest_id=737570 teams 1088/2174 matched, players 3034/6120 matched
2026-08-24 00:31:04,286 INFO ncaa_identity: contest_id=737582 teams 2374/2374 matched, players 6367/6735 matched
2026-08-24 00:31:05,729 INFO ncaa_identity: contest_id=737596 teams 2135/2135 matched, players 5646/5980 matched
2026-08-24 00:31:07,369 INFO ncaa_identity: contest_id=737611 teams 1963/1963 matched, players 5093/5505 matched
2026-08-24 00:31:08,830 INFO ncaa_identity: contest_id=737631 teams 2373/2373 matched, players 5986/6687 matched
2026-08-24 00:31:10,281 INFO ncaa_identity: contest_id=737648 teams 2372/2372 matched, players 6270/6638 matched
2026-08-24 00:31:12,060 INFO ncaa_identity: contest_id=737659 teams 2268/2268 matched, players 6313/6373 matched
2026-08-24 00:31:15,567 INFO ncaa_identity: contest_id=737709 teams 2352/2352 matched, players 6463/6660 matched
2026-08-24 00:31:18,691 INFO ncaa_identity: contest_id=737735 teams 2794/2794 matched, players 6660/7905 matched
2026-08-24 00:31:20,396 INFO ncaa_identity: contest_id=737761 teams 2558/2558 matched, players 6973/7260 matched
2026-08-24 00:31:21,948 INFO ncaa_identity: contest_id=737789 teams 2808/2808 matched, players 7348/7891 matched
2026-08-24 00:31:27,031 INFO ncaa_identity: contest_id=737969 teams 1604/3076 matched, players 4016/8658 matched
2026-08-24 00:31:28,349 INFO ncaa_identity: contest_id=738002 teams 1197/2439 matched, players 3437/6886 matched
2026-08-24 00:31:37,731 INFO ncaa_identity: contest_id=738099 teams 1156/2339 matched, players 3293/6592 matched
2026-08-24 00:31:41,608 INFO ncaa_identity: contest_id=738141 teams 2253/2253 matched, players 6064/6344 matched
2026-08-24 00:31:43,032 INFO ncaa_identity: contest_id=738153 teams 2133/2133 matched, players 5785/5998 matched
2026-08-24 00:31:46,198 INFO ncaa_identity: contest_id=738213 teams 1174/2282 matched, players 3344/6435 matched
2026-08-24 00:31:48,209 INFO ncaa_identity: contest_id=738246 teams 2611/2611 matched, players 6484/7389 matched
2026-08-24 00:31:56,367 INFO ncaa_identity: contest_id=738342 teams 2185/2185 matched, players 5872/6103 matched
2026-08-24 00:32:00,236 INFO ncaa_identity: contest_id=738376 teams 2447/2447 matched, players 6612/6891 matched
2026-08-24 00:32:04,384 INFO ncaa_identity: contest_id=738542 teams 2234/2234 matched, players 5724/6300 matched
2026-08-24 00:32:07,847 INFO ncaa_identity: contest_id=738585 teams 2569/2569 matched, players 6888/7255 matched
2026-08-24 00:32:09,389 INFO ncaa_identity: contest_id=738618 teams 2066/2066 matched, players 5363/5817 matched
2026-08-24 00:32:11,712 INFO ncaa_identity: contest_id=738658 teams 2292/2292 matched, players 6462/6480 matched
2026-08-24 00:32:14,880 INFO ncaa_identity: contest_id=738707 teams 2702/2702 matched, players 6829/7609 matched
2026-08-24 00:32:16,856 INFO ncaa_identity: contest_id=738731 teams 0/2638 matched, players 0/7448 matched
2026-08-24 00:32:18,589 INFO ncaa_identity: contest_id=738772 teams 2128/2128 matched, players 5585/6013 matched
2026-08-24 00:32:21,784 INFO ncaa_identity: contest_id=738847 teams 1052/2092 matched, players 2615/5922 matched
2026-08-24 00:32:25,088 INFO ncaa_identity: contest_id=738914 teams 2526/2526 matched, players 6744/7141 matched
2026-08-24 00:32:26,933 INFO ncaa_identity: contest_id=738941 teams 3064/3064 matched, players 8099/8665 matched
2026-08-24 00:32:32,058 INFO ncaa_identity: contest_id=739006 teams 2259/2259 matched, players 6198/6370 matched
2026-08-24 00:32:33,523 INFO ncaa_identity: contest_id=739077 teams 2355/2355 matched, players 6514/6641 matched
2026-08-24 00:32:35,155 INFO ncaa_identity: contest_id=739105 teams 2269/2269 matched, players 6230/6392 matched
2026-08-24 00:32:37,983 INFO ncaa_identity: contest_id=739179 teams 1010/1958 matched, players 2802/5514 matched
2026-08-24 00:32:42,462 INFO ncaa_identity: contest_id=739297 teams 1921/1921 matched, players 5192/5393 matched
2026-08-24 00:32:58,861 INFO ncaa_identity: contest_id=739647 teams 1419/2852 matched, players 3640/8067 matched
2026-08-24 00:33:03,381 INFO ncaa_identity: contest_id=739784 teams 1095/2261 matched, players 329/888 matched
2026-08-24 00:33:04,864 INFO ncaa_identity: contest_id=739822 teams 2484/2484 matched, players 6005/6958 matched
2026-08-24 00:33:09,676 INFO ncaa_identity: contest_id=739872 teams 2091/2091 matched, players 5562/5879 matched
2026-08-24 00:33:11,531 INFO ncaa_identity: contest_id=739918 teams 1265/2529 matched, players 3561/7124 matched
2026-08-24 00:33:13,181 INFO ncaa_identity: contest_id=739954 teams 2220/2220 matched, players 6129/6217 matched
2026-08-24 00:33:14,903 INFO ncaa_identity: contest_id=739984 teams 2116/2116 matched, players 5422/5971 matched
2026-08-24 00:33:16,640 INFO ncaa_identity: contest_id=740010 teams 2891/2891 matched, players 8109/8155 matched
2026-08-24 00:33:18,376 INFO ncaa_identity: contest_id=740035 teams 2111/2111 matched, players 5940/5942 matched
2026-08-24 00:33:23,421 INFO ncaa_identity: contest_id=740126 teams 2445/2445 matched, players 6363/6893 matched
2026-08-24 00:33:25,081 INFO ncaa_identity: contest_id=740189 teams 1108/2307 matched, players 3260/6489 matched
2026-08-24 00:33:33,800 INFO ncaa_identity: contest_id=740376 teams 2851/2851 matched, players 7939/7989 matched
2026-08-24 00:33:35,906 INFO ncaa_identity: contest_id=740406 teams 2872/2872 matched, players 7592/8106 matched
2026-08-24 00:33:37,236 INFO ncaa_identity: contest_id=740422 teams 2454/2454 matched, players 6430/6900 matched
2026-08-24 00:33:39,130 INFO ncaa_identity: contest_id=740450 teams 2706/2706 matched, players 7525/7678 matched
2026-08-24 00:33:40,473 INFO ncaa_identity: contest_id=740466 teams 2139/2139 matched, players 5650/6008 matched
2026-08-24 00:33:42,608 INFO ncaa_identity: contest_id=740483 teams 2673/2673 matched, players 6894/7507 matched
2026-08-24 00:33:43,656 INFO ncaa_identity: contest_id=740555 teams 1006/1983 matched, players 2813/5593 matched
2026-08-24 00:33:44,935 INFO ncaa_identity: contest_id=740628 teams 1216/2349 matched, players 3290/6625 matched
2026-08-24 00:33:48,325 INFO ncaa_identity: contest_id=740692 teams 2659/2659 matched, players 7213/7498 matched
2026-08-24 00:33:50,254 INFO ncaa_identity: contest_id=740716 teams 2491/2491 matched, players 6165/7021 matched
2026-08-24 00:33:55,493 INFO ncaa_identity: contest_id=740819 teams 2633/2633 matched, players 6811/7455 matched
2026-08-24 00:33:58,986 INFO ncaa_identity: contest_id=740875 teams 1339/2583 matched, players 3633/7267 matched
2026-08-24 00:34:00,250 INFO ncaa_identity: contest_id=740896 teams 1053/2011 matched, players 2895/5652 matched
2026-08-24 00:34:01,824 INFO ncaa_identity: contest_id=740957 teams 2403/2403 matched, players 6395/6793 matched
2026-08-24 00:34:10,416 INFO ncaa_identity: contest_id=741065 teams 2817/2817 matched, players 7660/7973 matched
2026-08-24 00:34:12,119 INFO ncaa_identity: contest_id=741080 teams 1504/2923 matched, players 4141/8236 matched
2026-08-24 00:34:13,777 INFO ncaa_identity: contest_id=741162 teams 1028/1998 matched, players 2781/5603 matched
2026-08-24 00:34:17,189 INFO ncaa_identity: contest_id=741215 teams 2345/2345 matched, players 6303/6659 matched
2026-08-24 00:34:18,756 INFO ncaa_identity: contest_id=741232 teams 2654/2654 matched, players 7184/7497 matched
2026-08-24 00:34:22,052 INFO ncaa_identity: contest_id=741283 teams 2166/2166 matched, players 5606/6070 matched
2026-08-24 00:34:23,250 INFO ncaa_identity: contest_id=741300 teams 2587/2587 matched, players 6889/7296 matched
2026-08-24 00:34:26,151 INFO ncaa_identity: contest_id=741393 teams 1920/1920 matched, players 4997/5401 matched
2026-08-24 00:34:29,616 INFO ncaa_identity: contest_id=741422 teams 2353/2353 matched, players 6177/6559 matched
2026-08-24 00:34:32,853 INFO ncaa_identity: contest_id=741466 teams 1242/2444 matched, players 3232/6907 matched
2026-08-24 00:34:34,557 INFO ncaa_identity: contest_id=741510 teams 2349/2349 matched, players 6597/6632 matched
2026-08-24 00:34:35,783 INFO ncaa_identity: contest_id=741527 teams 2219/2219 matched, players 6034/6253 matched
2026-08-24 00:34:37,520 INFO ncaa_identity: contest_id=741543 teams 2404/2404 matched, players 6593/6760 matched
2026-08-24 00:34:41,916 INFO ncaa_identity: contest_id=741634 teams 2321/2321 matched, players 6149/6532 matched
2026-08-24 00:34:43,200 INFO ncaa_identity: contest_id=741654 teams 2305/2305 matched, players 6493/6519 matched
2026-08-24 00:34:45,060 INFO ncaa_identity: contest_id=741669 teams 1160/2226 matched, players 3216/6274 matched
2026-08-24 00:34:46,203 INFO ncaa_identity: contest_id=741692 teams 2279/2279 matched, players 6245/6443 matched
2026-08-24 00:34:49,413 INFO ncaa_identity: contest_id=741714 teams 2217/2217 matched, players 5529/6212 matched
2026-08-24 00:34:50,808 INFO ncaa_identity: contest_id=741741 teams 2120/2120 matched, players 5784/5950 matched
2026-08-24 00:34:53,990 INFO ncaa_identity: contest_id=741763 teams 2315/2315 matched, players 6220/6521 matched
2026-08-24 00:34:56,944 INFO ncaa_identity: contest_id=741785 teams 2482/2482 matched, players 6633/6969 matched
2026-08-24 00:34:58,326 INFO ncaa_identity: contest_id=741796 teams 1324/2530 matched, players 3586/7068 matched
2026-08-24 00:35:01,608 INFO ncaa_identity: contest_id=741817 teams 2271/2271 matched, players 6236/6413 matched
2026-08-24 00:35:03,233 INFO ncaa_identity: contest_id=741828 teams 2632/2632 matched, players 7277/7396 matched
2026-08-24 00:35:04,729 INFO ncaa_identity: contest_id=741845 teams 2367/2367 matched, players 6547/6649 matched
2026-08-24 00:35:06,652 INFO ncaa_identity: contest_id=741859 teams 2437/2437 matched, players 6179/6896 matched
2026-08-24 00:35:08,054 INFO ncaa_identity: contest_id=741874 teams 2628/2628 matched, players 6727/7432 matched
2026-08-24 00:35:10,955 INFO ncaa_identity: contest_id=741894 teams 2325/2325 matched, players 5598/6475 matched
2026-08-24 00:35:12,459 INFO ncaa_identity: contest_id=741906 teams 2405/2405 matched, players 6677/6739 matched
2026-08-24 00:35:16,925 INFO ncaa_identity: contest_id=741951 teams 1075/2154 matched, players 3055/6038 matched
2026-08-24 00:35:18,429 INFO ncaa_identity: contest_id=741988 teams 2543/2543 matched, players 6649/7140 matched
2026-08-24 00:35:20,016 INFO ncaa_identity: contest_id=742006 teams 2277/2277 matched, players 6312/6381 matched
2026-08-24 00:35:22,163 INFO ncaa_identity: contest_id=742019 teams 1438/2842 matched, players 4123/8087 matched
2026-08-24 00:35:26,674 INFO ncaa_identity: contest_id=742062 teams 2475/2475 matched, players 6881/6996 matched
2026-08-24 00:35:34,404 INFO ncaa_identity: contest_id=742234 teams 2237/2237 matched, players 5870/6347 matched
2026-08-24 00:35:35,458 INFO ncaa_identity: contest_id=742263 teams 2144/2144 matched, players 5730/6034 matched
2026-08-24 00:35:37,160 INFO ncaa_identity: contest_id=742287 teams 1195/2331 matched, players 3302/6592 matched
2026-08-24 00:35:38,467 INFO ncaa_identity: contest_id=742362 teams 2025/2025 matched, players 4871/5660 matched
2026-08-24 00:35:39,765 INFO ncaa_identity: contest_id=742377 teams 2134/2134 matched, players 5924/6034 matched
2026-08-24 00:35:45,797 INFO ncaa_identity: contest_id=742451 teams 2185/2185 matched, players 5621/6158 matched
2026-08-24 00:35:48,859 INFO ncaa_identity: contest_id=742487 teams 2325/2325 matched, players 6502/6556 matched
2026-08-24 00:35:51,316 INFO ncaa_identity: contest_id=742525 teams 2612/2612 matched, players 6954/7433 matched
2026-08-24 00:35:53,087 INFO ncaa_identity: contest_id=742538 teams 1886/1886 matched, players 4922/5273 matched
2026-08-24 00:35:54,650 INFO ncaa_identity: contest_id=742582 teams 2569/2569 matched, players 6719/7253 matched
2026-08-24 00:35:56,966 INFO ncaa_identity: contest_id=742634 teams 1136/2246 matched, players 3179/6336 matched
2026-08-24 00:35:58,605 INFO ncaa_identity: contest_id=742654 teams 2149/2149 matched, players 5478/5997 matched
2026-08-24 00:36:01,721 INFO ncaa_identity: contest_id=742692 teams 2254/2254 matched, players 5876/6337 matched
2026-08-24 00:36:03,274 INFO ncaa_identity: contest_id=742707 teams 2519/2519 matched, players 6740/7133 matched
2026-08-24 00:36:05,045 INFO ncaa_identity: contest_id=742795 teams 2563/2563 matched, players 6769/7240 matched
2026-08-24 00:36:06,432 INFO ncaa_identity: contest_id=742826 teams 2203/2203 matched, players 5849/6142 matched
2026-08-24 00:36:07,833 INFO ncaa_identity: contest_id=742892 teams 2189/2189 matched, players 6171/6173 matched
2026-08-24 00:36:14,907 INFO ncaa_identity: contest_id=742990 teams 2713/2713 matched, players 7097/7612 matched
2026-08-24 00:36:17,736 INFO ncaa_identity: contest_id=743024 teams 2173/2173 matched, players 5920/6131 matched
2026-08-24 00:36:20,836 INFO ncaa_identity: contest_id=743079 teams 2073/2073 matched, players 5378/5878 matched
2026-08-24 00:36:27,865 INFO ncaa_identity: contest_id=743314 teams 2301/2301 matched, players 5358/6467 matched
2026-08-24 00:36:29,594 INFO ncaa_identity: contest_id=743342 teams 2534/2534 matched, players 6572/7144 matched
2026-08-24 00:36:30,942 INFO ncaa_identity: contest_id=743392 teams 1212/2407 matched, players 3308/6742 matched
2026-08-24 00:36:32,351 INFO ncaa_identity: contest_id=743415 teams 2240/2240 matched, players 4527/6320 matched
2026-08-24 00:36:35,238 INFO ncaa_identity: contest_id=743509 teams 2413/2413 matched, players 6582/6828 matched
2026-08-24 00:36:36,686 INFO ncaa_identity: contest_id=743534 teams 2073/2073 matched, players 5643/5849 matched
2026-08-24 00:36:44,107 INFO ncaa_identity: contest_id=743629 teams 2364/2364 matched, players 6357/6670 matched
2026-08-24 00:36:47,523 INFO ncaa_identity: contest_id=743728 teams 2026/2026 matched, players 5438/5629 matched
2026-08-24 00:36:52,159 INFO ncaa_identity: contest_id=743781 teams 1963/1963 matched, players 5154/5518 matched
2026-08-24 00:37:00,351 INFO ncaa_identity: contest_id=744003 teams 2376/2376 matched, players 6616/6683 matched
2026-08-24 00:37:06,615 INFO ncaa_identity: contest_id=744109 teams 2351/2351 matched, players 6147/6602 matched
2026-08-24 00:37:10,777 INFO ncaa_identity: contest_id=744173 teams 2056/2056 matched, players 5409/5800 matched
2026-08-24 00:37:12,369 INFO ncaa_identity: contest_id=744203 teams 2188/2188 matched, players 5170/6185 matched
2026-08-24 00:37:13,759 INFO ncaa_identity: contest_id=744216 teams 2249/2249 matched, players 6269/6294 matched
2026-08-24 00:37:17,371 INFO ncaa_identity: contest_id=744341 teams 2073/2073 matched, players 5782/5819 matched
2026-08-24 00:37:21,716 INFO ncaa_identity: contest_id=744478 teams 1054/2098 matched, players 2950/5927 matched
2026-08-24 00:37:23,168 INFO ncaa_identity: contest_id=744509 teams 2358/2358 matched, players 6595/6637 matched
2026-08-24 00:37:24,311 INFO ncaa_identity: contest_id=744570 teams 2058/2058 matched, players 5320/5787 matched
2026-08-24 00:37:25,750 INFO ncaa_identity: contest_id=744629 teams 2110/2110 matched, players 5674/5971 matched
2026-08-24 00:37:33,886 INFO ncaa_identity: contest_id=744781 teams 2226/2226 matched, players 5987/6299 matched
2026-08-24 00:37:35,228 INFO ncaa_identity: contest_id=744833 teams 1221/2433 matched, players 3391/6818 matched
2026-08-24 00:37:38,354 INFO ncaa_identity: contest_id=744873 teams 902/1827 matched, players 2592/5146 matched
2026-08-24 00:37:39,778 INFO ncaa_identity: contest_id=744884 teams 2402/2402 matched, players 6193/6765 matched
2026-08-24 00:37:41,047 INFO ncaa_identity: contest_id=744902 teams 1991/1991 matched, players 5311/5619 matched
2026-08-24 00:37:42,765 INFO ncaa_identity: contest_id=744915 teams 1948/1948 matched, players 5101/5506 matched
2026-08-24 00:37:45,860 INFO ncaa_identity: contest_id=745056 teams 2545/2545 matched, players 6846/7202 matched
2026-08-24 00:37:47,598 INFO ncaa_identity: contest_id=745082 teams 2577/2577 matched, players 6476/7293 matched
2026-08-24 00:37:50,971 INFO ncaa_identity: contest_id=745137 teams 2543/2543 matched, players 6891/7186 matched
2026-08-24 00:37:52,628 INFO ncaa_identity: contest_id=745161 teams 2094/2094 matched, players 5802/5855 matched
2026-08-24 00:37:54,414 INFO ncaa_identity: contest_id=745183 teams 2222/2222 matched, players 5749/6206 matched
2026-08-24 00:37:55,907 INFO ncaa_identity: contest_id=745215 teams 2377/2377 matched, players 6187/6696 matched
2026-08-24 00:38:03,923 INFO ncaa_identity: contest_id=745313 teams 2370/2370 matched, players 5972/6635 matched
2026-08-24 00:38:08,405 INFO ncaa_identity: contest_id=745428 teams 2286/2286 matched, players 5915/6449 matched
2026-08-24 00:38:11,218 INFO ncaa_identity: contest_id=745557 teams 2169/2169 matched, players 5932/6054 matched
2026-08-24 00:38:12,528 INFO ncaa_identity: contest_id=745587 teams 2242/2242 matched, players 5976/6316 matched
2026-08-24 00:38:13,892 INFO ncaa_identity: contest_id=745640 teams 2533/2533 matched, players 6819/7148 matched
2026-08-24 00:38:15,563 INFO ncaa_identity: contest_id=745696 teams 2276/2276 matched, players 6213/6439 matched
2026-08-24 00:38:20,989 INFO ncaa_identity: contest_id=745795 teams 3198/3198 matched, players 8736/9105 matched
2026-08-24 00:38:22,164 INFO ncaa_identity: contest_id=745826 teams 1989/1989 matched, players 5261/5626 matched
2026-08-24 00:38:25,227 INFO ncaa_identity: contest_id=745845 teams 2279/2279 matched, players 6336/6460 matched
2026-08-24 00:38:29,621 INFO ncaa_identity: contest_id=745924 teams 2415/2415 matched, players 6722/6784 matched
2026-08-24 00:38:38,655 INFO ncaa_identity: contest_id=745951 teams 2033/2033 matched, players 5286/5747 matched
2026-08-24 00:38:47,790 INFO ncaa_identity: contest_id=745981 teams 2554/2554 matched, players 6648/7241 matched
2026-08-24 00:38:55,108 INFO ncaa_identity: contest_id=746047 teams 2671/2671 matched, players 6430/7571 matched
2026-08-24 00:38:59,521 INFO ncaa_identity: contest_id=746128 teams 1972/1972 matched, players 5470/5558 matched
2026-08-24 00:39:07,749 INFO ncaa_identity: contest_id=746169 teams 2185/2185 matched, players 5746/6197 matched
2026-08-24 00:39:12,752 INFO ncaa_identity: contest_id=746197 teams 2018/2018 matched, players 5519/5663 matched
2026-08-24 00:39:16,310 INFO ncaa_identity: contest_id=746224 teams 2173/2173 matched, players 5617/6090 matched
2026-08-24 00:39:34,955 INFO ncaa_identity: contest_id=746321 teams 2118/2118 matched, players 5721/5951 matched
2026-08-24 00:39:57,098 INFO ncaa_identity: contest_id=746478 teams 2286/2286 matched, players 6107/6506 matched
2026-08-24 00:40:10,260 INFO ncaa_identity: contest_id=746622 teams 1228/2334 matched, players 3273/6533 matched
2026-08-24 00:40:19,115 INFO ncaa_identity: contest_id=746700 teams 2627/2627 matched, players 6780/7444 matched
2026-08-24 00:40:36,058 INFO ncaa_identity: contest_id=746850 teams 2539/2539 matched, players 6700/7194 matched
2026-08-24 00:40:38,848 INFO ncaa_identity: contest_id=746874 teams 2466/2466 matched, players 6860/6939 matched
2026-08-24 00:40:44,195 INFO ncaa_identity: contest_id=746986 teams 2323/2323 matched, players 6360/6576 matched
2026-08-24 00:40:45,829 INFO ncaa_identity: contest_id=747003 teams 2189/2189 matched, players 5641/6162 matched
2026-08-24 00:40:52,072 INFO ncaa_identity: contest_id=747110 teams 2382/2382 matched, players 6357/6737 matched
2026-08-24 00:40:53,437 INFO ncaa_identity: contest_id=747203 teams 1982/1982 matched, players 5135/5580 matched
2026-08-24 00:40:53,564 INFO 5 starters not found for period 4; using estimate
2026-08-24 00:40:55,447 INFO ncaa_identity: contest_id=747230 teams 2424/2424 matched, players 6818/6860 matched
2026-08-24 00:40:58,265 INFO ncaa_identity: contest_id=747253 teams 2390/2390 matched, players 6218/6733 matched
2026-08-24 00:41:03,361 INFO ncaa_identity: contest_id=747329 teams 2464/2464 matched, players 5135/6965 matched
2026-08-24 00:41:03,513 INFO 5 starters not found for period 4; using estimate
2026-08-24 00:41:05,099 INFO ncaa_identity: contest_id=747355 teams 3074/3074 matched, players 8423/8678 matched
2026-08-24 00:41:06,428 INFO ncaa_identity: contest_id=747382 teams 1996/1996 matched, players 5560/5569 matched
2026-08-24 00:41:07,889 INFO ncaa_identity: contest_id=747399 teams 2344/2344 matched, players 6542/6599 matched
2026-08-24 00:41:11,336 INFO ncaa_identity: contest_id=747441 teams 2241/2241 matched, players 5931/6274 matched
2026-08-24 00:41:12,793 INFO ncaa_identity: contest_id=747465 teams 2125/2125 matched, players 5916/5949 matched
2026-08-24 00:41:14,597 INFO ncaa_identity: contest_id=747490 teams 2300/2300 matched, players 6025/6493 matched
2026-08-24 00:41:18,361 INFO ncaa_identity: contest_id=747530 teams 2171/2171 matched, players 5953/6072 matched
2026-08-24 00:41:25,107 INFO ncaa_identity: contest_id=747760 teams 2184/2184 matched, players 5940/6149 matched
2026-08-24 00:41:26,836 INFO ncaa_identity: contest_id=747782 teams 2312/2312 matched, players 6293/6502 matched
2026-08-24 00:41:28,427 INFO ncaa_identity: contest_id=747828 teams 2422/2422 matched, players 6582/6808 matched
2026-08-24 00:41:32,318 INFO ncaa_identity: contest_id=747893 teams 2587/2587 matched, players 6928/7259 matched
2026-08-24 00:41:41,318 INFO ncaa_identity: contest_id=748097 teams 2155/2155 matched, players 5572/6082 matched
2026-08-24 00:41:44,890 INFO ncaa_identity: contest_id=748124 teams 3105/3105 matched, players 8346/8775 matched
2026-08-24 00:41:46,450 INFO ncaa_identity: contest_id=748140 teams 1943/1943 matched, players 5110/5481 matched
2026-08-24 00:41:48,308 INFO ncaa_identity: contest_id=748217 teams 2418/2418 matched, players 6778/6803 matched
2026-08-24 00:41:49,759 INFO ncaa_identity: contest_id=748266 teams 2279/2279 matched, players 5902/6418 matched
2026-08-24 00:41:51,569 INFO ncaa_identity: contest_id=748290 teams 2438/2438 matched, players 6587/6897 matched
2026-08-24 00:41:54,450 INFO ncaa_identity: contest_id=748336 teams 2084/2084 matched, players 5182/5890 matched
2026-08-24 00:41:55,879 INFO ncaa_identity: contest_id=748368 teams 2289/2289 matched, players 5938/6470 matched
2026-08-24 00:41:57,221 INFO ncaa_identity: contest_id=748399 teams 2322/2322 matched, players 6272/6578 matched
2026-08-24 00:41:58,714 INFO ncaa_identity: contest_id=748417 teams 2187/2187 matched, players 5801/6161 matched
2026-08-24 00:42:05,218 INFO ncaa_identity: contest_id=748491 teams 2340/2340 matched, players 6048/6561 matched
2026-08-24 00:42:10,052 INFO ncaa_identity: contest_id=748609 teams 2251/2251 matched, players 6217/6355 matched
2026-08-24 00:42:12,581 INFO ncaa_identity: contest_id=748701 teams 1972/1972 matched, players 4794/5590 matched
2026-08-24 00:42:21,184 INFO ncaa_identity: contest_id=748934 teams 2395/2395 matched, players 6150/6733 matched
2026-08-24 00:42:22,777 INFO ncaa_identity: contest_id=748972 teams 2228/2228 matched, players 5901/6265 matched
2026-08-24 00:42:24,336 INFO ncaa_identity: contest_id=748985 teams 1956/1956 matched, players 5374/5516 matched
2026-08-24 00:42:29,829 INFO ncaa_identity: contest_id=749122 teams 2303/2303 matched, players 6029/6487 matched
2026-08-24 00:42:33,133 INFO ncaa_identity: contest_id=749150 teams 1227/2443 matched, players 3426/6848 matched
2026-08-24 00:42:34,378 INFO ncaa_identity: contest_id=749164 teams 2344/2344 matched, players 6109/6593 matched
2026-08-24 00:42:35,573 INFO ncaa_identity: contest_id=749196 teams 960/1892 matched, players 2715/5344 matched
2026-08-24 00:42:37,284 INFO ncaa_identity: contest_id=749262 teams 2307/2307 matched, players 5984/6489 matched
2026-08-24 00:42:41,476 INFO ncaa_identity: contest_id=749361 teams 2328/2328 matched, players 6277/6598 matched
2026-08-24 00:42:43,184 INFO ncaa_identity: contest_id=749382 teams 1476/2880 matched, players 4044/8121 matched
2026-08-24 00:42:45,123 INFO ncaa_identity: contest_id=749405 teams 2418/2418 matched, players 6368/6782 matched
2026-08-24 00:42:50,951 INFO ncaa_identity: contest_id=749497 teams 2552/2552 matched, players 6673/7240 matched
2026-08-24 00:42:52,525 INFO ncaa_identity: contest_id=749518 teams 2144/2144 matched, players 5842/6050 matched
2026-08-24 00:42:56,060 INFO ncaa_identity: contest_id=749563 teams 2186/2186 matched, players 5206/6213 matched
2026-08-24 00:42:58,374 INFO ncaa_identity: contest_id=749599 teams 1865/1865 matched, players 4916/5253 matched
2026-08-24 00:42:59,919 INFO ncaa_identity: contest_id=749730 teams 1277/2478 matched, players 3322/6990 matched
2026-08-24 00:43:06,442 INFO ncaa_identity: contest_id=749845 teams 2390/2390 matched, players 6748/6768 matched
2026-08-24 00:43:08,187 INFO ncaa_identity: contest_id=749860 teams 2229/2229 matched, players 6004/6293 matched
2026-08-24 00:43:11,255 INFO ncaa_identity: contest_id=749952 teams 2164/2164 matched, players 5888/6075 matched
2026-08-24 00:43:12,622 INFO ncaa_identity: contest_id=749969 teams 2317/2317 matched, players 6460/6486 matched
2026-08-24 00:43:15,840 INFO ncaa_identity: contest_id=749999 teams 2448/2448 matched, players 6376/6882 matched
2026-08-24 00:43:18,696 INFO ncaa_identity: contest_id=750030 teams 2164/2164 matched, players 5944/6102 matched
2026-08-24 00:43:21,657 INFO ncaa_identity: contest_id=750097 teams 2398/2398 matched, players 6393/6736 matched
2026-08-24 00:43:22,885 INFO ncaa_identity: contest_id=750114 teams 2193/2193 matched, players 5616/6185 matched
2026-08-24 00:43:24,189 INFO ncaa_identity: contest_id=750193 teams 2525/2525 matched, players 6588/7162 matched
2026-08-24 00:43:30,223 INFO ncaa_identity: contest_id=750344 teams 2789/2789 matched, players 7246/7899 matched
2026-08-24 00:43:32,272 INFO ncaa_identity: contest_id=750357 teams 2565/2565 matched, players 7085/7236 matched
2026-08-24 00:43:33,820 INFO ncaa_identity: contest_id=750373 teams 2355/2355 matched, players 5585/6599 matched
2026-08-24 00:43:38,891 INFO ncaa_identity: contest_id=750492 teams 2648/2648 matched, players 7045/7523 matched
2026-08-24 00:43:40,240 INFO ncaa_identity: contest_id=750502 teams 2495/2495 matched, players 6734/7049 matched
2026-08-24 00:43:41,327 INFO ncaa_identity: contest_id=750512 teams 2275/2275 matched, players 4525/6419 matched
2026-08-24 00:43:43,230 INFO ncaa_identity: contest_id=750522 teams 2554/2554 matched, players 6869/7237 matched
2026-08-24 00:43:44,481 INFO ncaa_identity: contest_id=750532 teams 2224/2224 matched, players 6193/6280 matched
2026-08-24 00:43:46,158 INFO ncaa_identity: contest_id=750543 teams 2460/2460 matched, players 6737/6964 matched
2026-08-24 00:43:48,801 INFO ncaa_identity: contest_id=750611 teams 2253/2253 matched, players 6123/6330 matched
2026-08-24 00:43:52,286 INFO ncaa_identity: contest_id=750642 teams 2474/2474 matched, players 6609/6998 matched
2026-08-24 00:43:53,961 INFO ncaa_identity: contest_id=750667 teams 2418/2418 matched, players 6552/6787 matched
2026-08-24 00:43:57,291 INFO ncaa_identity: contest_id=750717 teams 2235/2235 matched, players 6257/6295 matched
2026-08-24 00:44:01,439 INFO ncaa_identity: contest_id=750757 teams 2239/2239 matched, players 6097/6296 matched
2026-08-24 00:44:05,752 INFO ncaa_identity: contest_id=750837 teams 2397/2397 matched, players 6501/6779 matched
2026-08-24 00:44:10,280 INFO ncaa_identity: contest_id=750872 teams 2388/2388 matched, players 6111/6716 matched
2026-08-24 00:44:16,077 INFO ncaa_identity: contest_id=750975 teams 2675/2675 matched, players 7140/7557 matched
2026-08-24 00:44:18,938 INFO ncaa_identity: contest_id=750996 teams 2205/2205 matched, players 5813/6218 matched
2026-08-24 00:44:27,756 INFO ncaa_identity: contest_id=751065 teams 2373/2373 matched, players 5471/6679 matched
2026-08-24 00:44:28,845 INFO ncaa_identity: contest_id=751077 teams 1983/1983 matched, players 5294/5582 matched
2026-08-24 00:44:30,128 INFO ncaa_identity: contest_id=751087 teams 2229/2229 matched, players 4812/6301 matched
2026-08-24 00:44:34,375 INFO ncaa_identity: contest_id=751141 teams 1057/2092 matched, players 2924/5877 matched
2026-08-24 00:44:37,880 INFO ncaa_identity: contest_id=751256 teams 2610/2610 matched, players 7095/7360 matched
2026-08-24 00:44:39,796 INFO ncaa_identity: contest_id=751274 teams 2542/2542 matched, players 6652/7133 matched
2026-08-24 00:44:44,343 INFO ncaa_identity: contest_id=751320 teams 2265/2265 matched, players 5288/6377 matched
2026-08-24 00:44:47,189 INFO ncaa_identity: contest_id=751340 teams 2161/2161 matched, players 5631/6139 matched
2026-08-24 00:44:50,394 INFO ncaa_identity: contest_id=751375 teams 2294/2294 matched, players 6391/6462 matched
2026-08-24 00:44:52,037 INFO ncaa_identity: contest_id=751385 teams 2243/2243 matched, players 5363/6347 matched
2026-08-24 00:44:53,392 INFO ncaa_identity: contest_id=751395 teams 2131/2131 matched, players 5898/6000 matched
2026-08-24 00:44:57,492 INFO ncaa_identity: contest_id=751456 teams 2012/2012 matched, players 5222/5660 matched
2026-08-24 00:44:58,655 INFO ncaa_identity: contest_id=751490 teams 2012/2012 matched, players 5471/5688 matched
2026-08-24 00:45:02,576 INFO ncaa_identity: contest_id=751526 teams 2118/2118 matched, players 5267/6001 matched
2026-08-24 00:45:04,317 INFO ncaa_identity: contest_id=751536 teams 2760/2760 matched, players 7156/7819 matched
2026-08-24 00:45:07,032 INFO ncaa_identity: contest_id=751556 teams 2578/2578 matched, players 6665/7272 matched
2026-08-24 00:45:08,586 INFO ncaa_identity: contest_id=751566 teams 2053/2053 matched, players 5657/5705 matched
2026-08-24 00:45:18,490 INFO ncaa_identity: contest_id=751701 teams 1839/1839 matched, players 4870/5219 matched
2026-08-24 00:45:18,579 INFO 5 starters not found for period 3; using estimate
2026-08-24 00:45:19,772 INFO ncaa_identity: contest_id=751711 teams 2036/2036 matched, players 5262/5708 matched
2026-08-24 00:45:25,113 INFO ncaa_identity: contest_id=751757 teams 2031/2031 matched, players 5566/5652 matched
2026-08-24 00:45:26,712 INFO ncaa_identity: contest_id=751767 teams 2601/2601 matched, players 7134/7384 matched
2026-08-24 00:45:29,003 INFO ncaa_identity: contest_id=751787 teams 2316/2316 matched, players 6039/6477 matched
2026-08-24 00:45:33,469 INFO ncaa_identity: contest_id=751825 teams 2185/2185 matched, players 5907/6140 matched
2026-08-24 00:45:34,690 INFO ncaa_identity: contest_id=751835 teams 2426/2426 matched, players 6803/6833 matched
2026-08-24 00:45:36,038 INFO ncaa_identity: contest_id=751845 teams 2343/2343 matched, players 6565/6584 matched
2026-08-24 00:45:37,547 INFO ncaa_identity: contest_id=751874 teams 2415/2415 matched, players 6560/6792 matched
2026-08-24 00:45:38,599 INFO ncaa_identity: contest_id=751890 teams 2298/2298 matched, players 6122/6472 matched
2026-08-24 00:45:42,669 INFO ncaa_identity: contest_id=751958 teams 2039/2039 matched, players 5503/5705 matched
2026-08-24 00:45:45,463 INFO ncaa_identity: contest_id=751979 teams 1895/1895 matched, players 4871/5291 matched
2026-08-24 00:45:46,675 INFO ncaa_identity: contest_id=751989 teams 2273/2273 matched, players 5913/6399 matched
2026-08-24 00:45:51,464 INFO ncaa_identity: contest_id=752023 teams 2436/2436 matched, players 6258/6789 matched
2026-08-24 00:46:01,297 INFO ncaa_identity: contest_id=752091 teams 1902/1902 matched, players 747/750 matched
2026-08-24 00:46:03,077 INFO ncaa_identity: contest_id=717507 teams 2592/2592 matched, players 6184/7286 matched
2026-08-24 00:46:06,534 INFO ncaa_identity: contest_id=717528 teams 2737/2737 matched, players 7039/7705 matched
2026-08-24 00:46:10,104 INFO ncaa_identity: contest_id=717549 teams 2957/2957 matched, players 7871/8365 matched
2026-08-24 00:46:13,315 INFO ncaa_identity: contest_id=717570 teams 2543/2543 matched, players 6397/7187 matched
2026-08-24 00:46:14,565 INFO ncaa_identity: contest_id=717582 teams 1146/2252 matched, players 3148/6339 matched
2026-08-24 00:46:16,455 INFO ncaa_identity: contest_id=717592 teams 2438/2438 matched, players 6420/6822 matched
2026-08-24 00:46:17,996 INFO ncaa_identity: contest_id=717602 teams 1241/2447 matched, players 3426/6890 matched
2026-08-24 00:46:20,171 INFO ncaa_identity: contest_id=717616 teams 2685/2685 matched, players 988/1079 matched
2026-08-24 00:46:21,711 INFO ncaa_identity: contest_id=717637 teams 1271/2519 matched, players 3590/7139 matched
2026-08-24 00:46:24,958 INFO ncaa_identity: contest_id=717692 teams 1285/2581 matched, players 3551/7259 matched
2026-08-24 00:46:26,486 INFO ncaa_identity: contest_id=717713 teams 2345/2345 matched, players 983/985 matched
2026-08-24 00:46:28,152 INFO ncaa_identity: contest_id=717725 teams 2943/2943 matched, players 7783/8266 matched
2026-08-24 00:46:29,910 INFO ncaa_identity: contest_id=717737 teams 3033/3033 matched, players 7675/8583 matched
2026-08-24 00:46:31,688 INFO ncaa_identity: contest_id=717777 teams 1149/2309 matched, players 3309/6536 matched
2026-08-24 00:46:33,405 INFO ncaa_identity: contest_id=717806 teams 2253/2253 matched, players 5391/6395 matched
2026-08-24 00:46:35,101 INFO ncaa_identity: contest_id=717862 teams 2291/2291 matched, players 6266/6414 matched
2026-08-24 00:46:36,702 INFO ncaa_identity: contest_id=717880 teams 2302/2302 matched, players 5430/6457 matched
2026-08-24 00:46:37,864 INFO ncaa_identity: contest_id=717900 teams 1047/2024 matched, players 2837/5674 matched
2026-08-24 00:46:45,870 INFO ncaa_identity: contest_id=717991 teams 1190/2320 matched, players 3360/6563 matched
2026-08-24 00:46:47,221 INFO ncaa_identity: contest_id=718007 teams 2616/2616 matched, players 7348/7396 matched
2026-08-24 00:46:48,824 INFO ncaa_identity: contest_id=718017 teams 1105/2218 matched, players 2810/6268 matched
2026-08-24 00:46:50,169 INFO ncaa_identity: contest_id=718027 teams 2188/2188 matched, players 6048/6141 matched
2026-08-24 00:46:51,798 INFO ncaa_identity: contest_id=718038 teams 1524/3055 matched, players 4284/8588 matched
2026-08-24 00:46:57,906 INFO ncaa_identity: contest_id=718094 teams 1359/2707 matched, players 3876/7651 matched
2026-08-24 00:47:05,823 INFO ncaa_identity: contest_id=718182 teams 1385/2621 matched, players 3517/7450 matched
2026-08-24 00:47:06,444 WARNING ncaa_parse: family=lineups contest_id=718207 team=Alabama A&M produced NO good stints (22 bad, roster=12) -- parsed successfully but contributed nothing
2026-08-24 00:47:06,939 WARNING ncaa_parse: family=lineups contest_id=718207 team=Alabama Huntsville produced NO good stints (16 bad, roster=11) -- parsed successfully but contributed nothing
2026-08-24 00:47:07,507 INFO ncaa_identity: contest_id=718207 teams 1079/2185 matched, players 2932/6056 matched
2026-08-24 00:47:09,143 INFO ncaa_identity: contest_id=718219 teams 2703/2703 matched, players 7513/7633 matched
2026-08-24 00:47:12,242 INFO ncaa_identity: contest_id=718255 teams 1285/2577 matched, players 3598/7244 matched
2026-08-24 00:47:13,820 INFO ncaa_identity: contest_id=718286 teams 2680/2680 matched, players 7094/7591 matched
2026-08-24 00:47:19,914 INFO ncaa_identity: contest_id=718508 teams 2378/2378 matched, players 6231/6680 matched
2026-08-24 00:47:21,518 INFO ncaa_identity: contest_id=718531 teams 2222/2222 matched, players 716/753 matched
2026-08-24 00:47:24,247 INFO ncaa_identity: contest_id=718575 teams 934/1880 matched, players 2672/5263 matched
2026-08-24 00:47:25,579 INFO ncaa_identity: contest_id=718591 teams 2640/2640 matched, players 7039/7444 matched
2026-08-24 00:47:26,863 INFO ncaa_identity: contest_id=718621 teams 1189/2452 matched, players 3495/6904 matched
2026-08-24 00:47:28,705 INFO ncaa_identity: contest_id=718731 teams 1479/2834 matched, players 3986/7970 matched
2026-08-24 00:47:31,883 INFO ncaa_identity: contest_id=718852 teams 2400/2400 matched, players 6580/6734 matched
2026-08-24 00:47:33,403 INFO ncaa_identity: contest_id=718865 teams 3257/3257 matched, players 9008/9186 matched
2026-08-24 00:47:36,361 INFO ncaa_identity: contest_id=718893 teams 2546/2546 matched, players 7055/7171 matched
2026-08-24 00:47:39,240 INFO ncaa_identity: contest_id=718956 teams 2687/2687 matched, players 6246/7613 matched
2026-08-24 00:47:42,495 INFO ncaa_identity: contest_id=718979 teams 2254/2254 matched, players 5479/6303 matched
2026-08-24 00:47:43,951 INFO ncaa_identity: contest_id=719006 teams 1152/2215 matched, players 3167/6268 matched
2026-08-24 00:47:48,537 INFO ncaa_identity: contest_id=719075 teams 2549/2549 matched, players 6808/7155 matched
2026-08-24 00:47:52,505 INFO ncaa_identity: contest_id=719200 teams 2369/2369 matched, players 6484/6677 matched
2026-08-24 00:47:59,168 INFO ncaa_identity: contest_id=719348 teams 2571/2571 matched, players 6757/7235 matched
2026-08-24 00:48:01,012 INFO ncaa_identity: contest_id=719369 teams 1210/2376 matched, players 3204/6660 matched
2026-08-24 00:48:03,939 INFO ncaa_identity: contest_id=719418 teams 1267/2484 matched, players 3468/6975 matched
2026-08-24 00:48:06,000 INFO ncaa_identity: contest_id=719449 teams 2717/2717 matched, players 7536/7629 matched
2026-08-24 00:48:07,544 INFO ncaa_identity: contest_id=719466 teams 2769/2769 matched, players 7502/7825 matched
2026-08-24 00:48:09,397 INFO ncaa_identity: contest_id=719486 teams 2367/2367 matched, players 6535/6575 matched
2026-08-24 00:48:10,909 INFO ncaa_identity: contest_id=719501 teams 2411/2411 matched, players 6456/6759 matched
2026-08-24 00:48:12,220 INFO ncaa_identity: contest_id=719541 teams 1166/2320 matched, players 3244/6500 matched
2026-08-24 00:48:14,781 INFO ncaa_identity: contest_id=719589 teams 2144/2144 matched, players 5908/6048 matched
2026-08-24 00:48:19,745 INFO ncaa_identity: contest_id=719685 teams 2526/2526 matched, players 7019/7139 matched
2026-08-24 00:48:22,081 INFO ncaa_identity: contest_id=719732 teams 2186/2186 matched, players 5726/6136 matched
2026-08-24 00:48:23,856 INFO ncaa_identity: contest_id=719770 teams 2214/2214 matched, players 5928/6239 matched
2026-08-24 00:48:25,060 INFO ncaa_identity: contest_id=719859 teams 1052/2034 matched, players 2565/5674 matched
2026-08-24 00:48:25,255 WARNING ncaa_parse: family=lineups contest_id=719909 team=Lamar University SKIPPED (1 parse error(s)): Duplicate players after widening: NimrodHilliard <- ['Hilliard, Nimrod', 'Hilliard, Nimrod'] (roster of 10)
2026-08-24 00:48:25,928 WARNING ncaa_parse: family=shots contest_id=719909 team=Lamar University SKIPPED (1 parse error(s)): Duplicate players after widening: NimrodHilliard <- ['Hilliard, Nimrod', 'Hilliard, Nimrod'] (roster of 10)
2026-08-24 00:48:26,079 INFO ncaa_identity: contest_id=719909 teams 2123/2123 matched, players 4878/5971 matched
2026-08-24 00:48:35,766 INFO ncaa_identity: contest_id=720077 teams 1050/2102 matched, players 3027/5922 matched
2026-08-24 00:48:37,020 INFO ncaa_identity: contest_id=720103 teams 2325/2325 matched, players 5919/6552 matched
2026-08-24 00:48:38,711 INFO ncaa_identity: contest_id=720118 teams 2378/2378 matched, players 6194/6689 matched
2026-08-24 00:48:39,913 INFO ncaa_identity: contest_id=720130 teams 1280/2650 matched, players 3692/7516 matched
2026-08-24 00:48:41,732 INFO ncaa_identity: contest_id=720154 teams 2511/2511 matched, players 6995/7095 matched
2026-08-24 00:48:42,935 INFO ncaa_identity: contest_id=720187 teams 2638/2638 matched, players 6938/7444 matched
2026-08-24 00:48:46,613 INFO ncaa_identity: contest_id=720311 teams 1167/2286 matched, players 3283/6494 matched
2026-08-24 00:48:48,148 INFO ncaa_identity: contest_id=720352 teams 2350/2350 matched, players 6289/6590 matched
2026-08-24 00:48:49,335 INFO ncaa_identity: contest_id=720363 teams 2293/2293 matched, players 5929/6475 matched
2026-08-24 00:48:50,645 INFO ncaa_identity: contest_id=720396 teams 2560/2560 matched, players 6347/7223 matched
2026-08-24 00:48:52,285 INFO ncaa_identity: contest_id=720408 teams 2935/2935 matched, players 7412/8228 matched
2026-08-24 00:48:53,571 INFO ncaa_identity: contest_id=720427 teams 1367/2741 matched, players 3931/7727 matched
2026-08-24 00:48:56,320 INFO ncaa_identity: contest_id=720450 teams 2258/2258 matched, players 6209/6388 matched
2026-08-24 00:49:00,796 INFO ncaa_identity: contest_id=720489 teams 2520/2520 matched, players 6536/7058 matched
2026-08-24 00:49:07,796 INFO ncaa_identity: contest_id=720583 teams 2009/2009 matched, players 5152/5646 matched
2026-08-24 00:49:09,177 INFO ncaa_identity: contest_id=720611 teams 2326/2326 matched, players 6511/6570 matched
2026-08-24 00:49:10,616 INFO ncaa_identity: contest_id=720632 teams 2329/2329 matched, players 6290/6606 matched
2026-08-24 00:49:13,320 INFO ncaa_identity: contest_id=720670 teams 2410/2410 matched, players 6674/6803 matched
2026-08-24 00:49:16,785 INFO ncaa_identity: contest_id=720751 teams 1528/2994 matched, players 3935/8452 matched
2026-08-24 00:49:18,588 INFO ncaa_identity: contest_id=720795 teams 2541/2541 matched, players 7149/7171 matched
2026-08-24 00:49:20,252 INFO ncaa_identity: contest_id=720824 teams 2333/2333 matched, players 6282/6558 matched
2026-08-24 00:49:21,775 INFO ncaa_identity: contest_id=720844 teams 2304/2304 matched, players 6420/6476 matched
2026-08-24 00:49:23,517 INFO ncaa_identity: contest_id=720874 teams 2155/2155 matched, players 5666/6041 matched
2026-08-24 00:49:24,785 INFO ncaa_identity: contest_id=720892 teams 2420/2420 matched, players 6242/6798 matched
2026-08-24 00:49:29,944 INFO ncaa_identity: contest_id=720964 teams 2644/2644 matched, players 6360/7466 matched
2026-08-24 00:49:31,391 INFO ncaa_identity: contest_id=720982 teams 2393/2393 matched, players 6657/6735 matched
2026-08-24 00:49:32,504 INFO ncaa_identity: contest_id=721010 teams 1068/2126 matched, players 2881/5934 matched
2026-08-24 00:49:35,911 INFO ncaa_identity: contest_id=721060 teams 2246/2246 matched, players 6144/6379 matched
2026-08-24 00:49:37,297 INFO ncaa_identity: contest_id=721082 teams 1329/2602 matched, players 3433/7336 matched
2026-08-24 00:49:39,065 INFO ncaa_identity: contest_id=721124 teams 1232/2435 matched, players 3478/6871 matched
2026-08-24 00:49:40,626 INFO ncaa_identity: contest_id=721163 teams 1261/2505 matched, players 3594/7034 matched
2026-08-24 00:49:42,365 INFO ncaa_identity: contest_id=721182 teams 1238/2363 matched, players 3347/6651 matched
2026-08-24 00:49:44,961 INFO ncaa_identity: contest_id=721231 teams 2340/2340 matched, players 6470/6623 matched
2026-08-24 00:49:47,906 INFO ncaa_identity: contest_id=721295 teams 1362/2733 matched, players 3889/7721 matched
2026-08-24 00:49:49,649 INFO ncaa_identity: contest_id=721363 teams 3288/3288 matched, players 9104/9260 matched
2026-08-24 00:49:50,707 INFO ncaa_identity: contest_id=721381 teams 2359/2359 matched, players 6587/6668 matched
2026-08-24 00:49:52,294 INFO ncaa_identity: contest_id=721443 teams 1191/2364 matched, players 2736/6578 matched
2026-08-24 00:50:08,415 INFO ncaa_identity: contest_id=721840 teams 1203/2296 matched, players 3030/6418 matched
2026-08-24 00:50:11,445 INFO ncaa_identity: contest_id=721923 teams 2582/2582 matched, players 7134/7280 matched
2026-08-24 00:50:12,874 INFO ncaa_identity: contest_id=721935 teams 2460/2460 matched, players 6361/6936 matched
2026-08-24 00:50:14,691 INFO ncaa_identity: contest_id=721962 teams 2590/2590 matched, players 6040/7278 matched
2026-08-24 00:50:16,189 INFO ncaa_identity: contest_id=721993 teams 1588/3134 matched, players 4470/8843 matched
2026-08-24 00:50:17,843 INFO ncaa_identity: contest_id=722017 teams 2381/2381 matched, players 6259/6689 matched
2026-08-24 00:50:19,266 INFO ncaa_identity: contest_id=722042 teams 1389/2703 matched, players 3887/7628 matched
2026-08-24 00:50:24,983 INFO ncaa_identity: contest_id=722223 teams 2324/2324 matched, players 6212/6571 matched
2026-08-24 00:50:27,842 INFO ncaa_identity: contest_id=722265 teams 2275/2275 matched, players 5539/6383 matched
2026-08-24 00:50:29,196 INFO ncaa_identity: contest_id=722281 teams 3014/3014 matched, players 7753/8479 matched
2026-08-24 00:50:30,747 INFO ncaa_identity: contest_id=722306 teams 2389/2389 matched, players 6652/6710 matched
2026-08-24 00:50:31,781 INFO ncaa_identity: contest_id=722325 teams 2128/2128 matched, players 5888/6020 matched
2026-08-24 00:50:33,208 INFO ncaa_identity: contest_id=722341 teams 2659/2659 matched, players 7445/7488 matched
2026-08-24 00:50:36,037 INFO ncaa_identity: contest_id=722455 teams 2483/2483 matched, players 6739/7005 matched
2026-08-24 00:50:37,555 INFO ncaa_identity: contest_id=722491 teams 1126/2292 matched, players 3195/6407 matched
2026-08-24 00:50:39,913 INFO ncaa_identity: contest_id=722520 teams 931/1778 matched, players 2446/5027 matched
2026-08-24 00:50:41,532 INFO ncaa_identity: contest_id=722530 teams 2350/2350 matched, players 6128/6602 matched
2026-08-24 00:50:44,066 INFO ncaa_identity: contest_id=722582 teams 2009/2009 matched, players 5376/5662 matched
2026-08-24 00:50:45,246 INFO ncaa_identity: contest_id=722635 teams 2169/2169 matched, players 5744/6114 matched
2026-08-24 00:50:46,845 INFO ncaa_identity: contest_id=722656 teams 1242/2529 matched, players 3271/7050 matched
2026-08-24 00:50:48,139 INFO ncaa_identity: contest_id=722673 teams 2536/2536 matched, players 6380/7117 matched
2026-08-24 00:50:49,558 INFO ncaa_identity: contest_id=722693 teams 2798/2798 matched, players 7567/7940 matched
2026-08-24 00:50:50,861 INFO ncaa_identity: contest_id=722732 teams 1947/1947 matched, players 5222/5446 matched
2026-08-24 00:50:53,396 INFO ncaa_identity: contest_id=722777 teams 1096/2183 matched, players 2835/6143 matched
2026-08-24 00:50:54,617 INFO ncaa_identity: contest_id=722795 teams 2261/2261 matched, players 5951/6392 matched
2026-08-24 00:50:55,752 INFO ncaa_identity: contest_id=722810 teams 2175/2175 matched, players 6003/6086 matched
2026-08-24 00:50:58,372 INFO ncaa_identity: contest_id=722887 teams 2354/2354 matched, players 5985/6586 matched
2026-08-24 00:50:59,668 INFO ncaa_identity: contest_id=722908 teams 2660/2660 matched, players 7322/7510 matched
2026-08-24 00:51:01,214 INFO ncaa_identity: contest_id=722944 teams 2191/2191 matched, players 5858/6143 matched
2026-08-24 00:51:03,514 INFO ncaa_identity: contest_id=723003 teams 2179/2179 matched, players 5908/6130 matched
2026-08-24 00:51:04,941 INFO ncaa_identity: contest_id=723019 teams 2188/2188 matched, players 5953/6144 matched
2026-08-24 00:51:14,674 INFO ncaa_identity: contest_id=723166 teams 1189/2420 matched, players 3406/6821 matched
2026-08-24 00:51:15,996 INFO ncaa_identity: contest_id=723187 teams 2481/2481 matched, players 6930/6949 matched
2026-08-24 00:51:18,853 INFO ncaa_identity: contest_id=723235 teams 1960/1960 matched, players 5217/5505 matched
2026-08-24 00:51:22,782 INFO ncaa_identity: contest_id=723270 teams 1151/2252 matched, players 2838/6310 matched
2026-08-24 00:51:26,817 INFO ncaa_identity: contest_id=723325 teams 1309/2546 matched, players 3646/7181 matched
2026-08-24 00:51:28,275 INFO ncaa_identity: contest_id=723335 teams 2644/2644 matched, players 7074/7465 matched
2026-08-24 00:51:32,371 INFO ncaa_identity: contest_id=723377 teams 2220/2220 matched, players 5714/6204 matched
2026-08-24 00:51:33,541 INFO ncaa_identity: contest_id=723387 teams 2213/2213 matched, players 5532/6242 matched
2026-08-24 00:51:35,340 INFO ncaa_identity: contest_id=723397 teams 2672/2672 matched, players 6564/7581 matched
2026-08-24 00:51:39,299 INFO ncaa_identity: contest_id=723433 teams 1102/2203 matched, players 2943/6182 matched
2026-08-24 00:51:42,129 INFO ncaa_identity: contest_id=723479 teams 2417/2417 matched, players 6616/6815 matched
2026-08-24 00:51:44,613 INFO ncaa_identity: contest_id=723511 teams 1199/2386 matched, players 3219/6762 matched
2026-08-24 00:51:50,303 INFO ncaa_identity: contest_id=723604 teams 2542/2542 matched, players 6514/7129 matched
2026-08-24 00:51:52,082 INFO ncaa_identity: contest_id=723622 teams 1165/2342 matched, players 3261/6625 matched
2026-08-24 00:51:53,254 INFO ncaa_identity: contest_id=723644 teams 1338/2551 matched, players 3421/7198 matched
2026-08-24 00:51:54,355 INFO ncaa_identity: contest_id=723685 teams 1061/2082 matched, players 2920/5853 matched
2026-08-24 00:51:55,994 INFO ncaa_identity: contest_id=723704 teams 2041/2041 matched, players 720/724 matched
2026-08-24 00:52:00,962 INFO ncaa_identity: contest_id=723780 teams 1257/2418 matched, players 3432/6797 matched
2026-08-24 00:52:02,237 INFO ncaa_identity: contest_id=723797 teams 1967/1967 matched, players 5307/5549 matched
2026-08-24 00:52:07,216 INFO ncaa_identity: contest_id=723853 teams 2297/2297 matched, players 6357/6489 matched
2026-08-24 00:52:11,350 INFO ncaa_identity: contest_id=723978 teams 1295/2591 matched, players 3686/7319 matched
2026-08-24 00:52:12,829 INFO ncaa_identity: contest_id=724024 teams 2635/2635 matched, players 7387/7395 matched
2026-08-24 00:52:17,094 INFO ncaa_identity: contest_id=724084 teams 2583/2583 matched, players 7186/7281 matched
2026-08-24 00:52:18,308 INFO ncaa_identity: contest_id=724111 teams 2212/2212 matched, players 761/773 matched
2026-08-24 00:52:19,853 INFO ncaa_identity: contest_id=724137 teams 2433/2433 matched, players 6638/6879 matched
2026-08-24 00:52:22,530 INFO ncaa_identity: contest_id=724170 teams 2132/2132 matched, players 5600/6031 matched
2026-08-24 00:52:23,557 INFO ncaa_identity: contest_id=724192 teams 2309/2309 matched, players 5779/6497 matched
2026-08-24 00:52:24,856 INFO ncaa_identity: contest_id=724210 teams 1436/2752 matched, players 4012/7809 matched
2026-08-24 00:52:26,558 INFO ncaa_identity: contest_id=724266 teams 1570/3218 matched, players 4428/9167 matched
2026-08-24 00:52:28,097 INFO ncaa_identity: contest_id=724340 teams 1123/2213 matched, players 3111/6247 matched
2026-08-24 00:52:33,701 INFO ncaa_identity: contest_id=724480 teams 2693/2693 matched, players 7606/7628 matched
2026-08-24 00:52:34,901 INFO ncaa_identity: contest_id=724537 teams 2291/2291 matched, players 5514/6479 matched
2026-08-24 00:52:39,027 INFO ncaa_identity: contest_id=724648 teams 2207/2207 matched, players 5722/6194 matched
2026-08-24 00:52:40,332 INFO ncaa_identity: contest_id=724665 teams 2148/2148 matched, players 5504/6024 matched
2026-08-24 00:52:45,228 INFO ncaa_identity: contest_id=724827 teams 2038/2038 matched, players 5727/5777 matched
2026-08-24 00:52:49,782 INFO ncaa_identity: contest_id=724881 teams 2104/2104 matched, players 5168/5916 matched
2026-08-24 00:52:50,951 INFO ncaa_identity: contest_id=724900 teams 2044/2044 matched, players 5610/5717 matched
2026-08-24 00:52:52,147 INFO ncaa_identity: contest_id=724915 teams 2291/2291 matched, players 6363/6393 matched
2026-08-24 00:52:53,590 INFO ncaa_identity: contest_id=724984 teams 1101/2184 matched, players 3100/6170 matched
2026-08-24 00:52:56,337 INFO ncaa_identity: contest_id=725082 teams 2659/2659 matched, players 7196/7562 matched
2026-08-24 00:52:58,640 INFO ncaa_identity: contest_id=725131 teams 1161/2325 matched, players 3233/6519 matched
2026-08-24 00:53:04,108 INFO ncaa_identity: contest_id=725232 teams 2132/2132 matched, players 5846/5955 matched
2026-08-24 00:53:10,316 INFO ncaa_identity: contest_id=725360 teams 1996/1996 matched, players 5570/5620 matched
2026-08-24 00:53:11,588 INFO ncaa_identity: contest_id=725469 teams 2260/2260 matched, players 6017/6375 matched
2026-08-24 00:53:12,874 INFO ncaa_identity: contest_id=725514 teams 2246/2246 matched, players 5737/6359 matched
2026-08-24 00:53:15,678 INFO ncaa_identity: contest_id=725542 teams 2473/2473 matched, players 6741/6985 matched
2026-08-24 00:53:17,037 INFO ncaa_identity: contest_id=725580 teams 2340/2340 matched, players 6285/6514 matched
2026-08-24 00:53:18,589 INFO ncaa_identity: contest_id=725599 teams 2330/2330 matched, players 6522/6550 matched
2026-08-24 00:53:21,982 INFO ncaa_identity: contest_id=725732 teams 1973/1973 matched, players 5104/5550 matched
2026-08-24 00:53:24,907 INFO ncaa_identity: contest_id=725788 teams 2412/2412 matched, players 5788/6804 matched
2026-08-24 00:53:27,840 INFO ncaa_identity: contest_id=725900 teams 2679/2679 matched, players 7093/7591 matched
2026-08-24 00:53:28,870 INFO ncaa_identity: contest_id=725914 teams 2125/2125 matched, players 5503/5995 matched
2026-08-24 00:53:33,799 INFO ncaa_identity: contest_id=725973 teams 2208/2208 matched, players 5842/6188 matched
2026-08-24 00:53:39,140 INFO ncaa_identity: contest_id=726151 teams 2151/2151 matched, players 5977/6023 matched
2026-08-24 00:53:42,006 INFO ncaa_identity: contest_id=726198 teams 2475/2475 matched, players 6151/6950 matched
2026-08-24 00:53:47,448 INFO ncaa_identity: contest_id=726281 teams 2910/2910 matched, players 7912/8191 matched
2026-08-24 00:53:49,882 INFO ncaa_identity: contest_id=726319 teams 2512/2512 matched, players 6771/7114 matched
2026-08-24 00:53:53,490 INFO ncaa_identity: contest_id=726377 teams 2345/2345 matched, players 6318/6562 matched
2026-08-24 00:53:54,808 INFO ncaa_identity: contest_id=726417 teams 2451/2451 matched, players 5930/6905 matched
2026-08-24 00:54:01,087 INFO ncaa_identity: contest_id=726655 teams 2394/2394 matched, players 6641/6778 matched
2026-08-24 00:54:11,039 INFO ncaa_identity: contest_id=726970 teams 1786/1786 matched, players 4676/4948 matched
2026-08-24 00:54:17,619 INFO ncaa_identity: contest_id=727039 teams 2129/2129 matched, players 5535/5985 matched
2026-08-24 00:54:18,770 INFO ncaa_identity: contest_id=727113 teams 2314/2314 matched, players 6471/6507 matched
2026-08-24 00:54:21,554 INFO ncaa_identity: contest_id=727229 teams 1973/1973 matched, players 5164/5529 matched
2026-08-24 00:54:26,960 INFO ncaa_identity: contest_id=727342 teams 1825/1825 matched, players 4933/5118 matched
2026-08-24 00:54:32,154 INFO ncaa_identity: contest_id=727429 teams 2192/2192 matched, players 5787/6186 matched
2026-08-24 00:54:43,771 INFO ncaa_identity: contest_id=727716 teams 2385/2385 matched, players 6257/6719 matched
2026-08-24 00:54:48,200 INFO ncaa_identity: contest_id=727844 teams 2646/2646 matched, players 6801/7454 matched
2026-08-24 00:54:49,297 INFO ncaa_identity: contest_id=727871 teams 2213/2213 matched, players 5822/6225 matched
2026-08-24 00:54:52,328 INFO ncaa_identity: contest_id=727924 teams 2245/2245 matched, players 5754/6259 matched
2026-08-24 00:54:57,339 INFO ncaa_identity: contest_id=728045 teams 2178/2178 matched, players 6056/6131 matched
2026-08-24 00:54:59,150 INFO ncaa_identity: contest_id=728060 teams 2976/2976 matched, players 7664/8419 matched
2026-08-24 00:55:06,043 INFO ncaa_identity: contest_id=728263 teams 2251/2251 matched, players 5893/6358 matched
2026-08-24 00:55:18,773 INFO ncaa_identity: contest_id=728453 teams 2530/2530 matched, players 6811/7174 matched
2026-08-24 00:55:20,184 INFO ncaa_identity: contest_id=728472 teams 1958/1958 matched, players 4519/5506 matched
2026-08-24 00:55:26,272 INFO ncaa_identity: contest_id=728736 teams 2493/2493 matched, players 6785/7008 matched
2026-08-24 00:55:28,595 INFO ncaa_identity: contest_id=728798 teams 1738/1738 matched, players 4605/4915 matched
2026-08-24 00:55:31,309 INFO ncaa_identity: contest_id=728850 teams 1060/2165 matched, players 2698/6104 matched
2026-08-24 00:55:34,154 INFO 5 starters not found for period 3; using estimate
2026-08-24 00:55:36,438 INFO ncaa_identity: contest_id=728952 teams 2218/2218 matched, players 6209/6234 matched
2026-08-24 00:55:45,806 INFO ncaa_identity: contest_id=729199 teams 1198/2413 matched, players 3438/6793 matched
2026-08-24 00:55:49,945 INFO ncaa_identity: contest_id=729321 teams 1812/1812 matched, players 4864/5079 matched
2026-08-24 00:55:51,240 INFO ncaa_identity: contest_id=729337 teams 2348/2348 matched, players 6511/6652 matched
2026-08-24 00:55:52,544 INFO ncaa_identity: contest_id=729363 teams 2495/2495 matched, players 6457/7082 matched
2026-08-24 00:55:57,857 INFO ncaa_identity: contest_id=729460 teams 2172/2172 matched, players 5909/6102 matched
2026-08-24 00:56:04,758 INFO ncaa_identity: contest_id=729575 teams 2485/2485 matched, players 6974/6997 matched
2026-08-24 00:56:12,826 INFO ncaa_identity: contest_id=729833 teams 2574/2574 matched, players 6768/7286 matched
2026-08-24 00:56:21,887 INFO 5 starters not found for period 3; using estimate
2026-08-24 00:56:23,010 INFO ncaa_identity: contest_id=730113 teams 2424/2424 matched, players 6679/6802 matched
2026-08-24 00:56:24,494 INFO ncaa_identity: contest_id=730126 teams 2491/2491 matched, players 6431/6991 matched
2026-08-24 00:56:32,383 INFO ncaa_identity: contest_id=730310 teams 2333/2333 matched, players 5958/6544 matched
2026-08-24 00:56:33,963 INFO ncaa_identity: contest_id=730340 teams 2473/2473 matched, players 6894/6951 matched
2026-08-24 00:56:35,067 INFO ncaa_identity: contest_id=730364 teams 2211/2211 matched, players 6008/6222 matched
2026-08-24 00:56:36,403 INFO ncaa_identity: contest_id=730385 teams 2280/2280 matched, players 6192/6439 matched
2026-08-24 00:56:38,058 INFO ncaa_identity: contest_id=730409 teams 2439/2439 matched, players 6861/6863 matched
2026-08-24 00:56:42,715 INFO ncaa_identity: contest_id=730475 teams 2215/2215 matched, players 6035/6270 matched
2026-08-24 00:56:45,648 INFO ncaa_identity: contest_id=730516 teams 0/2361 matched, players 0/6624 matched
2026-08-24 00:56:48,876 INFO ncaa_identity: contest_id=730536 teams 2360/2360 matched, players 6186/6642 matched
2026-08-24 00:57:10,822 INFO ncaa_identity: contest_id=730785 teams 2303/2303 matched, players 6243/6518 matched
2026-08-24 00:57:18,926 INFO ncaa_identity: contest_id=730836 teams 2394/2394 matched, players 6608/6715 matched
2026-08-24 00:57:22,609 INFO ncaa_identity: contest_id=730864 teams 2248/2248 matched, players 4998/6291 matched
2026-08-24 00:57:31,538 INFO 5 starters not found for period 5; using estimate
2026-08-24 00:57:34,869 INFO ncaa_identity: contest_id=730976 teams 3296/3296 matched, players 9229/9349 matched
2026-08-24 00:57:44,115 INFO ncaa_identity: contest_id=731023 teams 2712/2712 matched, players 7415/7696 matched
2026-08-24 00:57:51,368 INFO ncaa_identity: contest_id=731100 teams 1962/1962 matched, players 5424/5524 matched
2026-08-24 00:57:55,995 INFO ncaa_identity: contest_id=731197 teams 2368/2368 matched, players 6063/6643 matched
2026-08-24 00:58:29,134 INFO ncaa_identity: contest_id=731418 teams 2486/2486 matched, players 6918/7028 matched
2026-08-24 00:58:33,315 INFO ncaa_identity: contest_id=731436 teams 2943/2943 matched, players 7765/8314 matched
2026-08-24 00:58:37,325 INFO ncaa_identity: contest_id=731475 teams 2193/2193 matched, players 5667/6118 matched
2026-08-24 00:58:41,664 INFO ncaa_identity: contest_id=731497 teams 2110/2110 matched, players 5274/5966 matched
2026-08-24 00:58:49,906 INFO ncaa_identity: contest_id=731545 teams 2480/2480 matched, players 6949/7015 matched
2026-08-24 00:58:53,832 INFO ncaa_identity: contest_id=731565 teams 2588/2588 matched, players 7107/7360 matched
2026-08-24 00:58:58,278 INFO ncaa_identity: contest_id=731594 teams 1173/2387 matched, players 3317/6714 matched
2026-08-24 00:59:01,190 INFO ncaa_identity: contest_id=731619 teams 2195/2195 matched, players 5617/6159 matched
2026-08-24 00:59:17,171 INFO ncaa_identity: contest_id=731822 teams 2240/2240 matched, players 6243/6321 matched
2026-08-24 00:59:25,713 INFO ncaa_identity: contest_id=731873 teams 2300/2300 matched, players 6033/6497 matched
2026-08-24 00:59:28,497 INFO ncaa_identity: contest_id=731888 teams 1886/1886 matched, players 4633/5307 matched
2026-08-24 00:59:44,807 INFO ncaa_identity: contest_id=731970 teams 920/1803 matched, players 2513/5048 matched
2026-08-24 01:00:14,653 INFO 5 starters not found for period 3; using estimate
2026-08-24 01:00:22,652 INFO ncaa_identity: contest_id=732201 teams 1188/2345 matched, players 3261/6627 matched
2026-08-24 01:00:27,231 INFO ncaa_identity: contest_id=732212 teams 2502/2502 matched, players 6583/7028 matched
2026-08-24 01:00:33,070 INFO ncaa_identity: contest_id=732292 teams 1976/1976 matched, players 746/762 matched
2026-08-24 01:00:37,097 INFO ncaa_identity: contest_id=732395 teams 1959/1959 matched, players 5010/5502 matched
2026-08-24 01:00:38,351 INFO ncaa_identity: contest_id=732408 teams 2251/2251 matched, players 6322/6346 matched
2026-08-24 01:00:42,838 INFO ncaa_identity: contest_id=732445 teams 2037/2037 matched, players 5215/5755 matched
2026-08-24 01:00:47,231 INFO ncaa_identity: contest_id=732479 teams 2210/2210 matched, players 5925/6181 matched
2026-08-24 01:00:48,827 INFO ncaa_identity: contest_id=732491 teams 2372/2372 matched, players 5847/6649 matched
2026-08-24 01:00:50,144 INFO ncaa_identity: contest_id=732502 teams 2608/2608 matched, players 6705/7353 matched
2026-08-24 01:00:53,223 INFO ncaa_identity: contest_id=732545 teams 2461/2461 matched, players 6675/6926 matched
2026-08-24 01:00:57,012 INFO ncaa_identity: contest_id=732676 teams 2279/2279 matched, players 6000/6413 matched
2026-08-24 01:00:58,557 INFO ncaa_identity: contest_id=732707 teams 2467/2467 matched, players 6771/6934 matched
2026-08-24 01:00:59,843 INFO ncaa_identity: contest_id=732717 teams 2512/2512 matched, players 6097/7132 matched
2026-08-24 01:01:01,157 INFO ncaa_identity: contest_id=732732 teams 2387/2387 matched, players 6352/6686 matched
2026-08-24 01:01:04,982 INFO ncaa_identity: contest_id=732783 teams 2267/2267 matched, players 6224/6373 matched
2026-08-24 01:01:06,410 INFO ncaa_identity: contest_id=732793 teams 2519/2519 matched, players 6727/7058 matched
2026-08-24 01:01:07,515 INFO ncaa_identity: contest_id=732824 teams 2057/2057 matched, players 4883/5810 matched
2026-08-24 01:01:09,196 INFO ncaa_identity: contest_id=732846 teams 2480/2480 matched, players 6356/6937 matched
2026-08-24 01:01:12,219 INFO ncaa_identity: contest_id=732866 teams 2338/2338 matched, players 5738/6576 matched
2026-08-24 01:01:24,960 INFO ncaa_identity: contest_id=733047 teams 1795/1795 matched, players 613/697 matched
2026-08-24 01:01:26,124 INFO ncaa_identity: contest_id=733057 teams 2370/2370 matched, players 6347/6671 matched
2026-08-24 01:01:27,727 INFO ncaa_identity: contest_id=733067 teams 2196/2196 matched, players 5405/6165 matched
2026-08-24 01:01:29,914 INFO ncaa_identity: contest_id=733087 teams 1879/1879 matched, players 4904/5265 matched
2026-08-24 01:01:43,172 INFO ncaa_identity: contest_id=733246 teams 2082/2082 matched, players 5388/5872 matched
2026-08-24 01:01:47,199 INFO ncaa_identity: contest_id=733276 teams 2005/2005 matched, players 4737/5670 matched
2026-08-24 01:01:51,728 INFO ncaa_identity: contest_id=733309 teams 2337/2337 matched, players 5454/6542 matched
2026-08-24 01:01:57,769 INFO ncaa_identity: contest_id=733359 teams 2715/2715 matched, players 7557/7632 matched
2026-08-24 01:02:00,385 INFO ncaa_identity: contest_id=733382 teams 2361/2361 matched, players 6640/6652 matched
2026-08-24 01:02:02,037 INFO ncaa_identity: contest_id=733392 teams 2099/2099 matched, players 5552/5888 matched
2026-08-24 01:02:03,301 INFO ncaa_identity: contest_id=733422 teams 2146/2146 matched, players 5617/6006 matched
2026-08-24 01:02:08,476 INFO ncaa_identity: contest_id=733503 teams 2211/2211 matched, players 6095/6185 matched
2026-08-24 01:02:10,144 INFO ncaa_identity: contest_id=733521 teams 2157/2157 matched, players 5860/6126 matched
2026-08-24 01:02:15,613 INFO ncaa_identity: contest_id=733569 teams 2287/2287 matched, players 5919/6399 matched
2026-08-24 01:02:20,279 INFO ncaa_identity: contest_id=733606 teams 2585/2585 matched, players 6948/7318 matched
2026-08-24 01:02:24,429 INFO ncaa_identity: contest_id=733640 teams 2348/2348 matched, players 6547/6619 matched
2026-08-24 01:02:28,773 INFO ncaa_identity: contest_id=514744 teams 2258/2258 matched, players 6159/6335 matched
2026-08-24 01:02:30,089 INFO ncaa_identity: contest_id=514756 teams 2429/2429 matched, players 6493/6789 matched
2026-08-24 01:02:34,389 INFO ncaa_identity: contest_id=514792 teams 2279/2279 matched, players 5754/6438 matched
2026-08-24 01:02:37,456 INFO ncaa_identity: contest_id=514815 teams 1623/3188 matched, players 4467/8996 matched
2026-08-24 01:02:41,972 INFO ncaa_identity: contest_id=514853 teams 2706/2706 matched, players 6965/7598 matched
2026-08-24 01:02:46,493 INFO ncaa_identity: contest_id=514907 teams 1030/2034 matched, players 320/762 matched
2026-08-24 01:02:47,746 INFO ncaa_identity: contest_id=514921 teams 1328/2646 matched, players 3762/7477 matched
2026-08-24 01:02:52,201 INFO ncaa_identity: contest_id=515025 teams 1332/2668 matched, players 3743/7447 matched
2026-08-24 01:02:54,115 INFO ncaa_identity: contest_id=515077 teams 2539/2539 matched, players 6737/7113 matched
2026-08-24 01:02:55,399 INFO ncaa_identity: contest_id=515164 teams 1039/2061 matched, players 2908/5772 matched
2026-08-24 01:02:58,822 INFO ncaa_identity: contest_id=515372 teams 2751/2751 matched, players 7661/7693 matched
2026-08-24 01:03:02,315 INFO ncaa_identity: contest_id=515403 teams 2496/2496 matched, players 6999/7034 matched
2026-08-24 01:03:03,643 INFO ncaa_identity: contest_id=515414 teams 2500/2500 matched, players 6567/7044 matched
2026-08-24 01:03:05,227 INFO ncaa_identity: contest_id=515439 teams 1006/2033 matched, players 2558/5725 matched
2026-08-24 01:03:06,539 INFO ncaa_identity: contest_id=515552 teams 1983/1983 matched, players 5063/5562 matched
2026-08-24 01:03:07,775 INFO ncaa_identity: contest_id=515563 teams 0/2311 matched, players 0/6526 matched
2026-08-24 01:03:09,701 INFO ncaa_identity: contest_id=515573 teams 2398/2398 matched, players 6644/6747 matched
2026-08-24 01:03:14,345 INFO ncaa_identity: contest_id=515609 teams 1200/2397 matched, players 3207/6723 matched
2026-08-24 01:03:15,851 INFO ncaa_identity: contest_id=515633 teams 1141/2325 matched, players 3158/6488 matched
2026-08-24 01:03:22,542 INFO ncaa_identity: contest_id=515720 teams 2963/2963 matched, players 7666/8402 matched
2026-08-24 01:03:25,311 INFO ncaa_identity: contest_id=515773 teams 1497/2902 matched, players 4113/8179 matched
2026-08-24 01:03:27,064 INFO ncaa_identity: contest_id=515807 teams 2720/2720 matched, players 7304/7656 matched
2026-08-24 01:03:28,377 INFO ncaa_identity: contest_id=515845 teams 2156/2156 matched, players 5619/6054 matched
2026-08-24 01:03:30,174 INFO ncaa_identity: contest_id=515861 teams 1643/3319 matched, players 4703/9403 matched
2026-08-24 01:03:32,816 INFO ncaa_identity: contest_id=515917 teams 2493/2493 matched, players 6975/7020 matched
2026-08-24 01:03:34,297 INFO ncaa_identity: contest_id=515965 teams 1060/2083 matched, players 2934/5869 matched
2026-08-24 01:03:35,731 INFO ncaa_identity: contest_id=516010 teams 2347/2347 matched, players 5522/6607 matched
2026-08-24 01:03:37,513 INFO ncaa_identity: contest_id=516023 teams 2502/2502 matched, players 6550/6971 matched
2026-08-24 01:03:39,041 INFO ncaa_identity: contest_id=516041 teams 2363/2363 matched, players 6309/6704 matched
2026-08-24 01:03:40,543 INFO ncaa_identity: contest_id=516063 teams 0/2654 matched, players 0/7444 matched
2026-08-24 01:03:45,383 INFO ncaa_identity: contest_id=516126 teams 2378/2378 matched, players 5889/6686 matched
2026-08-24 01:03:48,291 INFO ncaa_identity: contest_id=516164 teams 2297/2297 matched, players 6079/6507 matched
2026-08-24 01:03:49,812 INFO ncaa_identity: contest_id=516234 teams 2149/2149 matched, players 5805/6073 matched
2026-08-24 01:03:52,407 INFO ncaa_identity: contest_id=516302 teams 1875/1875 matched, players 4994/5246 matched
2026-08-24 01:03:53,503 INFO ncaa_identity: contest_id=516330 teams 1826/1826 matched, players 5092/5112 matched
2026-08-24 01:03:54,749 INFO ncaa_identity: contest_id=516365 teams 2229/2229 matched, players 5764/6236 matched
2026-08-24 01:04:00,312 INFO ncaa_identity: contest_id=516491 teams 2649/2649 matched, players 7287/7531 matched
2026-08-24 01:04:01,600 INFO ncaa_identity: contest_id=516577 teams 1054/2130 matched, players 2871/5962 matched
2026-08-24 01:04:03,083 INFO ncaa_identity: contest_id=516642 teams 1895/1895 matched, players 5159/5331 matched
2026-08-24 01:04:06,140 INFO ncaa_identity: contest_id=516702 teams 2574/2574 matched, players 6766/7276 matched
2026-08-24 01:04:07,571 INFO ncaa_identity: contest_id=516715 teams 2423/2423 matched, players 6553/6815 matched
2026-08-24 01:04:08,867 INFO ncaa_identity: contest_id=516731 teams 1270/2459 matched, players 3537/6929 matched
2026-08-24 01:04:10,889 INFO ncaa_identity: contest_id=516750 teams 2274/2274 matched, players 6209/6378 matched
2026-08-24 01:04:12,192 INFO ncaa_identity: contest_id=516764 teams 2546/2546 matched, players 6874/7140 matched
2026-08-24 01:04:15,462 INFO ncaa_identity: contest_id=516789 teams 2453/2453 matched, players 6543/6903 matched
2026-08-24 01:04:18,691 INFO ncaa_identity: contest_id=516839 teams 1065/2029 matched, players 369/708 matched
2026-08-24 01:04:20,059 INFO ncaa_identity: contest_id=516864 teams 1219/2279 matched, players 3258/6393 matched
2026-08-24 01:04:21,364 INFO ncaa_identity: contest_id=516874 teams 2276/2276 matched, players 6213/6399 matched
2026-08-24 01:04:25,896 INFO ncaa_identity: contest_id=516977 teams 2513/2513 matched, players 6861/7048 matched
2026-08-24 01:04:27,215 INFO ncaa_identity: contest_id=517006 teams 2253/2253 matched, players 6270/6331 matched
2026-08-24 01:04:28,550 INFO ncaa_identity: contest_id=517097 teams 1213/2345 matched, players 3375/6589 matched
2026-08-24 01:04:30,193 INFO ncaa_identity: contest_id=517135 teams 2103/2103 matched, players 5451/5922 matched
2026-08-24 01:04:31,722 INFO ncaa_identity: contest_id=517147 teams 2683/2683 matched, players 7066/7580 matched
2026-08-24 01:04:32,763 INFO ncaa_identity: contest_id=517179 teams 1600/1600 matched, players 3982/4482 matched
2026-08-24 01:04:34,382 INFO ncaa_identity: contest_id=517191 teams 2761/2761 matched, players 7536/7809 matched
2026-08-24 01:04:38,528 INFO ncaa_identity: contest_id=517238 teams 1091/2157 matched, players 2987/6051 matched
2026-08-24 01:04:41,376 INFO ncaa_identity: contest_id=517264 teams 2098/2098 matched, players 5769/5834 matched
2026-08-24 01:04:42,954 INFO ncaa_identity: contest_id=517277 teams 2460/2460 matched, players 6584/6899 matched
2026-08-24 01:04:44,618 INFO ncaa_identity: contest_id=517287 teams 2287/2287 matched, players 6199/6397 matched
2026-08-24 01:04:47,240 INFO ncaa_identity: contest_id=517315 teams 2585/2585 matched, players 6808/7263 matched
2026-08-24 01:04:53,081 INFO ncaa_identity: contest_id=517401 teams 2481/2481 matched, players 6667/6994 matched
2026-08-24 01:04:54,708 INFO ncaa_identity: contest_id=517422 teams 2663/2663 matched, players 7347/7507 matched
2026-08-24 01:04:56,491 INFO ncaa_identity: contest_id=517447 teams 2643/2643 matched, players 7245/7444 matched
2026-08-24 01:05:00,149 INFO ncaa_identity: contest_id=517520 teams 2255/2255 matched, players 5865/6351 matched
2026-08-24 01:05:03,063 INFO ncaa_identity: contest_id=517609 teams 1403/2636 matched, players 3519/7439 matched
2026-08-24 01:05:06,501 INFO ncaa_identity: contest_id=517732 teams 1760/1760 matched, players 4564/4940 matched
2026-08-24 01:05:07,861 INFO ncaa_identity: contest_id=517753 teams 1361/2683 matched, players 3498/7535 matched
2026-08-24 01:05:11,039 INFO ncaa_identity: contest_id=517788 teams 3063/3063 matched, players 8663/8667 matched
2026-08-24 01:05:13,589 INFO ncaa_identity: contest_id=517836 teams 1226/2442 matched, players 3435/6899 matched
2026-08-24 01:05:14,644 INFO ncaa_identity: contest_id=517868 teams 2248/2248 matched, players 5796/6294 matched
2026-08-24 01:05:16,313 INFO ncaa_identity: contest_id=517888 teams 1236/2458 matched, players 2967/6847 matched
2026-08-24 01:05:22,976 INFO ncaa_identity: contest_id=517996 teams 2171/2171 matched, players 5753/6035 matched
2026-08-24 01:05:25,535 INFO ncaa_identity: contest_id=518075 teams 2761/2761 matched, players 7275/7765 matched
2026-08-24 01:05:26,959 INFO ncaa_identity: contest_id=518097 teams 2268/2268 matched, players 5740/6411 matched
2026-08-24 01:05:31,369 INFO ncaa_identity: contest_id=518168 teams 2059/2059 matched, players 5530/5816 matched
2026-08-24 01:05:31,483 INFO 5 starters not found for period 3; using estimate
2026-08-24 01:05:32,709 INFO ncaa_identity: contest_id=518189 teams 2338/2338 matched, players 6348/6586 matched
2026-08-24 01:05:34,568 INFO ncaa_identity: contest_id=518246 teams 1251/2521 matched, players 3449/7124 matched
2026-08-24 01:05:38,716 INFO ncaa_identity: contest_id=518362 teams 888/1766 matched, players 2489/4946 matched
2026-08-24 01:05:45,342 INFO ncaa_identity: contest_id=518529 teams 2551/2551 matched, players 7064/7200 matched
2026-08-24 01:05:49,948 INFO ncaa_identity: contest_id=518616 teams 2440/2440 matched, players 5792/6882 matched
2026-08-24 01:05:55,053 INFO ncaa_identity: contest_id=518695 teams 1842/1842 matched, players 4801/5182 matched
2026-08-24 01:05:58,916 INFO ncaa_identity: contest_id=518910 teams 2307/2307 matched, players 6407/6482 matched
2026-08-24 01:06:00,522 INFO ncaa_identity: contest_id=518920 teams 2372/2372 matched, players 6130/6669 matched
2026-08-24 01:06:01,741 INFO ncaa_identity: contest_id=518933 teams 2072/2072 matched, players 5440/5780 matched
2026-08-24 01:06:03,173 INFO ncaa_identity: contest_id=518958 teams 2601/2601 matched, players 7249/7339 matched
2026-08-24 01:06:04,254 INFO ncaa_identity: contest_id=518978 teams 2312/2312 matched, players 6173/6518 matched
2026-08-24 01:06:05,474 INFO ncaa_identity: contest_id=518996 teams 2183/2183 matched, players 5815/6113 matched
2026-08-24 01:06:06,929 INFO ncaa_identity: contest_id=519026 teams 2503/2503 matched, players 6705/7071 matched
2026-08-24 01:06:08,259 INFO ncaa_identity: contest_id=519050 teams 2353/2353 matched, players 6462/6614 matched
2026-08-24 01:06:09,856 INFO ncaa_identity: contest_id=519071 teams 2696/2696 matched, players 6741/7605 matched
2026-08-24 01:06:11,206 INFO ncaa_identity: contest_id=519099 teams 2266/2266 matched, players 5945/6364 matched
2026-08-24 01:06:12,265 INFO ncaa_identity: contest_id=519118 teams 2016/2016 matched, players 5069/5690 matched
2026-08-24 01:06:13,756 INFO ncaa_identity: contest_id=519145 teams 2129/2129 matched, players 5663/5972 matched
2026-08-24 01:06:16,546 INFO ncaa_identity: contest_id=519216 teams 1179/2296 matched, players 2895/6454 matched
2026-08-24 01:06:17,913 INFO ncaa_identity: contest_id=519295 teams 2485/2485 matched, players 6697/6987 matched
2026-08-24 01:06:21,990 INFO ncaa_identity: contest_id=519361 teams 2885/2885 matched, players 7460/8167 matched
2026-08-24 01:06:23,551 INFO ncaa_identity: contest_id=519377 teams 2955/2955 matched, players 8135/8360 matched
2026-08-24 01:06:26,168 INFO ncaa_identity: contest_id=519410 teams 1968/1968 matched, players 4507/5475 matched
2026-08-24 01:06:27,588 INFO ncaa_identity: contest_id=519425 teams 2474/2474 matched, players 6817/6975 matched
2026-08-24 01:06:28,747 INFO ncaa_identity: contest_id=519502 teams 1280/2420 matched, players 3444/6812 matched
2026-08-24 01:06:29,963 INFO ncaa_identity: contest_id=519573 teams 1974/1974 matched, players 4398/5499 matched
2026-08-24 01:06:31,265 INFO ncaa_identity: contest_id=519586 teams 2486/2486 matched, players 6598/6998 matched
2026-08-24 01:06:34,137 INFO ncaa_identity: contest_id=519608 teams 2181/2181 matched, players 5769/6111 matched
2026-08-24 01:06:35,382 INFO ncaa_identity: contest_id=519632 teams 1241/2434 matched, players 3504/6875 matched
2026-08-24 01:06:37,310 INFO ncaa_identity: contest_id=519653 teams 2506/2506 matched, players 6923/7041 matched
2026-08-24 01:06:38,745 INFO ncaa_identity: contest_id=519690 teams 1174/2379 matched, players 3282/6654 matched
2026-08-24 01:06:41,701 INFO ncaa_identity: contest_id=519744 teams 2671/2671 matched, players 6919/7517 matched
2026-08-24 01:06:43,082 INFO ncaa_identity: contest_id=519767 teams 1242/2448 matched, players 3475/6931 matched
2026-08-24 01:06:44,772 INFO ncaa_identity: contest_id=519824 teams 2334/2334 matched, players 6519/6551 matched
2026-08-24 01:06:46,090 INFO ncaa_identity: contest_id=519841 teams 1141/2297 matched, players 3297/6436 matched
2026-08-24 01:06:48,906 INFO ncaa_identity: contest_id=519878 teams 2558/2558 matched, players 6570/7209 matched
2026-08-24 01:06:50,284 INFO ncaa_identity: contest_id=519900 teams 2452/2452 matched, players 6405/6889 matched
2026-08-24 01:06:55,626 INFO ncaa_identity: contest_id=520039 teams 2405/2405 matched, players 6249/6802 matched
2026-08-24 01:06:56,584 INFO ncaa_identity: contest_id=520060 teams 1877/1877 matched, players 5002/5219 matched
2026-08-24 01:06:57,989 INFO ncaa_identity: contest_id=520072 teams 2590/2590 matched, players 6742/7268 matched
2026-08-24 01:06:59,094 INFO ncaa_identity: contest_id=520103 teams 972/1962 matched, players 2721/5511 matched
2026-08-24 01:07:04,421 INFO ncaa_identity: contest_id=520198 teams 2657/2657 matched, players 7317/7484 matched
2026-08-24 01:07:11,788 INFO ncaa_identity: contest_id=520339 teams 2562/2562 matched, players 6568/7237 matched
2026-08-24 01:07:16,945 INFO ncaa_identity: contest_id=520424 teams 2243/2243 matched, players 6167/6298 matched
2026-08-24 01:07:18,677 INFO ncaa_identity: contest_id=520447 teams 1269/2575 matched, players 3680/7256 matched
2026-08-24 01:07:20,153 INFO ncaa_identity: contest_id=520471 teams 2546/2546 matched, players 6998/7139 matched
2026-08-24 01:07:22,982 INFO ncaa_identity: contest_id=520493 teams 2489/2489 matched, players 6526/7009 matched
2026-08-24 01:07:24,420 INFO ncaa_identity: contest_id=520503 teams 2476/2476 matched, players 6546/6960 matched
2026-08-24 01:07:25,704 INFO ncaa_identity: contest_id=520513 teams 1047/2083 matched, players 2928/5813 matched
2026-08-24 01:07:28,582 INFO ncaa_identity: contest_id=520536 teams 2515/2515 matched, players 6900/7089 matched
2026-08-24 01:07:29,831 INFO ncaa_identity: contest_id=520551 teams 2666/2666 matched, players 7442/7517 matched
2026-08-24 01:07:36,223 INFO ncaa_identity: contest_id=520602 teams 1942/1942 matched, players 5127/5468 matched
2026-08-24 01:07:40,023 INFO ncaa_identity: contest_id=520633 teams 1248/2405 matched, players 3422/6786 matched
2026-08-24 01:07:42,766 INFO ncaa_identity: contest_id=520657 teams 2120/2120 matched, players 5024/5951 matched
2026-08-24 01:07:48,378 INFO ncaa_identity: contest_id=520717 teams 1485/2978 matched, players 4149/8420 matched
2026-08-24 01:07:52,831 INFO ncaa_identity: contest_id=520763 teams 1441/2847 matched, players 3613/8041 matched
2026-08-24 01:07:54,398 INFO ncaa_identity: contest_id=520819 teams 1083/2118 matched, players 3022/5960 matched
2026-08-24 01:07:57,422 INFO ncaa_identity: contest_id=520846 teams 3134/3134 matched, players 8451/8862 matched
2026-08-24 01:07:58,760 INFO ncaa_identity: contest_id=520858 teams 2501/2501 matched, players 6653/7038 matched
2026-08-24 01:08:00,007 INFO ncaa_identity: contest_id=520871 teams 2186/2186 matched, players 5086/6147 matched
2026-08-24 01:08:03,250 INFO ncaa_identity: contest_id=520907 teams 1052/2110 matched, players 427/776 matched
2026-08-24 01:08:04,883 INFO ncaa_identity: contest_id=520965 teams 2377/2377 matched, players 6683/6712 matched
2026-08-24 01:08:08,572 INFO ncaa_identity: contest_id=520991 teams 3319/3319 matched, players 9298/9469 matched
2026-08-24 01:08:14,527 INFO ncaa_identity: contest_id=521080 teams 2469/2469 matched, players 6713/6950 matched
2026-08-24 01:08:18,906 INFO ncaa_identity: contest_id=521189 teams 832/1636 matched, players 2318/4560 matched
2026-08-24 01:08:23,203 INFO ncaa_identity: contest_id=521270 teams 2231/2231 matched, players 5928/6253 matched
2026-08-24 01:08:26,108 INFO ncaa_identity: contest_id=521321 teams 2662/2662 matched, players 7354/7500 matched
2026-08-24 01:08:36,264 INFO ncaa_identity: contest_id=521562 teams 2305/2305 matched, players 6401/6440 matched
2026-08-24 01:08:37,965 INFO ncaa_identity: contest_id=521603 teams 2401/2401 matched, players 6272/6809 matched
2026-08-24 01:08:40,456 INFO ncaa_identity: contest_id=521643 teams 2210/2210 matched, players 5797/6247 matched
2026-08-24 01:08:43,992 INFO ncaa_identity: contest_id=521694 teams 2639/2639 matched, players 6623/7444 matched
2026-08-24 01:08:45,196 INFO ncaa_identity: contest_id=521712 teams 2152/2152 matched, players 5817/6009 matched
2026-08-24 01:08:54,767 INFO ncaa_identity: contest_id=521908 teams 2309/2309 matched, players 6378/6467 matched
2026-08-24 01:08:56,333 INFO ncaa_identity: contest_id=521939 teams 2880/2880 matched, players 7822/8110 matched
2026-08-24 01:08:57,988 INFO ncaa_identity: contest_id=521968 teams 1953/1953 matched, players 5043/5500 matched
2026-08-24 01:09:00,482 INFO ncaa_identity: contest_id=522080 teams 2484/2484 matched, players 6389/7025 matched
2026-08-24 01:09:01,864 INFO ncaa_identity: contest_id=522098 teams 1700/1700 matched, players 4366/4767 matched
2026-08-24 01:09:04,597 INFO ncaa_identity: contest_id=522124 teams 2158/2158 matched, players 6050/6109 matched
2026-08-24 01:09:08,818 INFO ncaa_identity: contest_id=522229 teams 2561/2561 matched, players 7221/7229 matched
2026-08-24 01:09:11,667 INFO ncaa_identity: contest_id=522345 teams 2605/2605 matched, players 7003/7374 matched
2026-08-24 01:09:13,089 INFO ncaa_identity: contest_id=522363 teams 1861/1861 matched, players 5120/5199 matched
2026-08-24 01:09:16,286 INFO ncaa_identity: contest_id=522405 teams 2449/2449 matched, players 6609/6907 matched
2026-08-24 01:09:19,576 INFO ncaa_identity: contest_id=522451 teams 2623/2623 matched, players 6483/7383 matched
2026-08-24 01:09:25,629 INFO ncaa_identity: contest_id=522533 teams 2160/2160 matched, players 5773/6088 matched
2026-08-24 01:09:27,330 INFO ncaa_identity: contest_id=522551 teams 2472/2472 matched, players 6704/6935 matched
2026-08-24 01:09:28,804 INFO ncaa_identity: contest_id=522583 teams 2465/2465 matched, players 6466/6952 matched
2026-08-24 01:09:30,811 INFO ncaa_identity: contest_id=522713 teams 1048/2043 matched, players 393/800 matched
2026-08-24 01:09:31,929 INFO ncaa_identity: contest_id=522781 teams 1945/1945 matched, players 4037/5467 matched
2026-08-24 01:09:33,213 INFO ncaa_identity: contest_id=522793 teams 2221/2221 matched, players 6132/6241 matched
2026-08-24 01:09:34,830 INFO ncaa_identity: contest_id=522817 teams 1973/1973 matched, players 4520/5488 matched
2026-08-24 01:09:37,300 INFO ncaa_identity: contest_id=522884 teams 2510/2510 matched, players 6624/7058 matched
2026-08-24 01:09:40,123 INFO ncaa_identity: contest_id=522933 teams 2418/2418 matched, players 6312/6848 matched
2026-08-24 01:09:41,571 INFO ncaa_identity: contest_id=523000 teams 2262/2262 matched, players 6276/6425 matched
2026-08-24 01:09:42,776 INFO ncaa_identity: contest_id=523031 teams 2450/2450 matched, players 6701/6879 matched
2026-08-24 01:09:44,019 INFO ncaa_identity: contest_id=523044 teams 2147/2147 matched, players 5111/6071 matched
2026-08-24 01:09:45,707 INFO ncaa_identity: contest_id=523066 teams 2066/2066 matched, players 5528/5801 matched
2026-08-24 01:09:58,500 INFO ncaa_identity: contest_id=523396 teams 2259/2259 matched, players 5515/6343 matched
2026-08-24 01:10:01,424 INFO ncaa_identity: contest_id=523440 teams 2308/2308 matched, players 6390/6492 matched
2026-08-24 01:10:04,412 INFO ncaa_identity: contest_id=523497 teams 2564/2564 matched, players 7259/7282 matched
2026-08-24 01:10:16,861 INFO ncaa_identity: contest_id=523665 teams 2427/2427 matched, players 6399/6866 matched
2026-08-24 01:10:21,735 INFO ncaa_identity: contest_id=523878 teams 1898/1898 matched, players 4972/5254 matched
2026-08-24 01:10:27,858 INFO ncaa_identity: contest_id=523952 teams 2699/2699 matched, players 6973/7602 matched
2026-08-24 01:10:28,911 INFO ncaa_identity: contest_id=524014 teams 2196/2196 matched, players 5258/6233 matched
2026-08-24 01:10:34,572 INFO ncaa_identity: contest_id=524168 teams 2101/2101 matched, players 5702/5896 matched
2026-08-24 01:10:36,358 INFO ncaa_identity: contest_id=524239 teams 2426/2426 matched, players 6369/6873 matched
2026-08-24 01:10:39,463 INFO ncaa_identity: contest_id=524284 teams 2273/2273 matched, players 6405/6407 matched
2026-08-24 01:10:44,146 INFO ncaa_identity: contest_id=524326 teams 1139/2225 matched, players 3164/6283 matched
2026-08-24 01:10:50,240 INFO ncaa_identity: contest_id=524512 teams 2546/2546 matched, players 6722/7215 matched
2026-08-24 01:10:56,694 INFO ncaa_identity: contest_id=524612 teams 2711/2711 matched, players 7163/7660 matched
2026-08-24 01:11:07,535 INFO ncaa_identity: contest_id=524761 teams 2167/2167 matched, players 5726/6088 matched
2026-08-24 01:11:10,046 INFO ncaa_identity: contest_id=524919 teams 995/2015 matched, players 2612/5684 matched
2026-08-24 01:11:11,729 INFO ncaa_identity: contest_id=524963 teams 2075/2075 matched, players 5582/5797 matched
2026-08-24 01:11:16,800 INFO ncaa_identity: contest_id=525035 teams 2000/2000 matched, players 5541/5620 matched
2026-08-24 01:11:23,053 INFO ncaa_identity: contest_id=525139 teams 2095/2095 matched, players 5879/5888 matched
2026-08-24 01:11:31,518 INFO ncaa_identity: contest_id=525336 teams 2154/2154 matched, players 5557/6096 matched
2026-08-24 01:11:38,107 INFO ncaa_identity: contest_id=525547 teams 2361/2361 matched, players 6108/6671 matched
2026-08-24 01:11:40,704 INFO ncaa_identity: contest_id=525589 teams 2088/2088 matched, players 5498/5890 matched
2026-08-24 01:11:42,304 INFO ncaa_identity: contest_id=525610 teams 1761/1761 matched, players 4543/4953 matched
2026-08-24 01:11:43,553 INFO ncaa_identity: contest_id=525636 teams 2169/2169 matched, players 5687/6107 matched
2026-08-24 01:11:46,085 INFO ncaa_identity: contest_id=525679 teams 2191/2191 matched, players 6207/6238 matched
2026-08-24 01:11:47,431 INFO ncaa_identity: contest_id=525701 teams 1967/1967 matched, players 5470/5510 matched
2026-08-24 01:11:48,585 INFO ncaa_identity: contest_id=525722 teams 2628/2628 matched, players 7085/7379 matched
2026-08-24 01:12:00,151 INFO ncaa_identity: contest_id=526042 teams 2306/2306 matched, players 6180/6470 matched
2026-08-24 01:12:01,582 INFO ncaa_identity: contest_id=526066 teams 2341/2341 matched, players 6108/6604 matched
2026-08-24 01:12:09,079 INFO ncaa_identity: contest_id=526221 teams 2194/2194 matched, players 6026/6151 matched
2026-08-24 01:12:10,794 INFO ncaa_identity: contest_id=526263 teams 2485/2485 matched, players 6758/6977 matched
2026-08-24 01:12:14,959 INFO ncaa_identity: contest_id=526377 teams 1175/2252 matched, players 2481/6350 matched
2026-08-24 01:12:16,510 INFO ncaa_identity: contest_id=526417 teams 2196/2196 matched, players 5547/6225 matched
2026-08-24 01:12:17,648 INFO ncaa_identity: contest_id=526433 teams 2033/2033 matched, players 5311/5732 matched
2026-08-24 01:12:20,743 INFO ncaa_identity: contest_id=526462 teams 2424/2424 matched, players 6661/6849 matched
2026-08-24 01:12:22,019 INFO ncaa_identity: contest_id=526474 teams 1961/1961 matched, players 5466/5537 matched
2026-08-24 01:12:28,079 INFO ncaa_identity: contest_id=526682 teams 2386/2386 matched, players 6156/6706 matched
2026-08-24 01:12:38,284 INFO ncaa_identity: contest_id=526834 teams 2503/2503 matched, players 6914/7023 matched
2026-08-24 01:12:39,666 INFO ncaa_identity: contest_id=526854 teams 2082/2082 matched, players 5821/5880 matched
2026-08-24 01:12:45,098 INFO ncaa_identity: contest_id=527052 teams 1887/1887 matched, players 5004/5253 matched
2026-08-24 01:12:46,738 INFO ncaa_identity: contest_id=527105 teams 2679/2679 matched, players 7427/7540 matched
2026-08-24 01:12:50,289 INFO ncaa_identity: contest_id=527143 teams 2634/2634 matched, players 6867/7446 matched
2026-08-24 01:12:51,557 INFO ncaa_identity: contest_id=527160 teams 2273/2273 matched, players 5630/6324 matched
2026-08-24 01:12:58,412 INFO ncaa_identity: contest_id=527304 teams 2501/2501 matched, players 6802/7015 matched
2026-08-24 01:13:01,315 INFO ncaa_identity: contest_id=527370 teams 2373/2373 matched, players 6459/6714 matched
2026-08-24 01:13:07,285 INFO ncaa_identity: contest_id=527543 teams 2038/2038 matched, players 5502/5764 matched
2026-08-24 01:13:10,238 INFO ncaa_identity: contest_id=527612 teams 2327/2327 matched, players 6243/6587 matched
2026-08-24 01:13:16,570 INFO ncaa_identity: contest_id=527767 teams 2171/2171 matched, players 5903/6043 matched
2026-08-24 01:13:18,329 INFO ncaa_identity: contest_id=527788 teams 1583/3119 matched, players 4388/8806 matched
2026-08-24 01:13:21,231 INFO ncaa_identity: contest_id=527843 teams 2212/2212 matched, players 6034/6268 matched
2026-08-24 01:13:25,593 INFO ncaa_identity: contest_id=527898 teams 2402/2402 matched, players 6031/6755 matched
2026-08-24 01:13:29,963 INFO ncaa_identity: contest_id=527972 teams 2227/2227 matched, players 5833/6285 matched
2026-08-24 01:13:36,336 INFO ncaa_identity: contest_id=528193 teams 2283/2283 matched, players 6112/6440 matched
2026-08-24 01:13:37,911 INFO ncaa_identity: contest_id=528221 teams 2157/2157 matched, players 5932/6028 matched
2026-08-24 01:13:40,951 INFO ncaa_identity: contest_id=528254 teams 2722/2722 matched, players 7204/7668 matched
2026-08-24 01:13:43,499 INFO ncaa_identity: contest_id=528324 teams 2342/2342 matched, players 6241/6647 matched
2026-08-24 01:13:45,775 INFO ncaa_identity: contest_id=528383 teams 2427/2427 matched, players 6369/6867 matched
2026-08-24 01:13:47,441 INFO ncaa_identity: contest_id=528416 teams 2095/2095 matched, players 5438/5903 matched
2026-08-24 01:13:49,234 INFO ncaa_identity: contest_id=528441 teams 2398/2398 matched, players 5932/6762 matched
2026-08-24 01:13:50,760 INFO ncaa_identity: contest_id=528479 teams 2283/2283 matched, players 6155/6449 matched
2026-08-24 01:13:53,653 INFO ncaa_identity: contest_id=528572 teams 2319/2319 matched, players 6225/6519 matched
2026-08-24 01:13:58,194 INFO ncaa_identity: contest_id=528619 teams 2359/2359 matched, players 5963/6646 matched
2026-08-24 01:13:59,594 INFO ncaa_identity: contest_id=528631 teams 2720/2720 matched, players 6744/7658 matched
2026-08-24 01:14:02,312 INFO ncaa_identity: contest_id=528718 teams 2335/2335 matched, players 6281/6529 matched
2026-08-24 01:14:09,820 INFO ncaa_identity: contest_id=528874 teams 2223/2223 matched, players 6222/6277 matched
2026-08-24 01:14:10,825 INFO ncaa_identity: contest_id=528904 teams 1956/1956 matched, players 5051/5548 matched
2026-08-24 01:14:13,606 INFO ncaa_identity: contest_id=528942 teams 2072/2072 matched, players 5580/5829 matched
2026-08-24 01:14:16,444 INFO ncaa_identity: contest_id=528977 teams 1007/2009 matched, players 2844/5643 matched
2026-08-24 01:14:22,304 INFO ncaa_identity: contest_id=529199 teams 1978/1978 matched, players 5456/5566 matched
2026-08-24 01:14:25,393 INFO ncaa_identity: contest_id=529236 teams 2187/2187 matched, players 5286/6153 matched
2026-08-24 01:14:26,660 INFO ncaa_identity: contest_id=529268 teams 2199/2199 matched, players 4828/6140 matched
2026-08-24 01:14:29,287 INFO ncaa_identity: contest_id=529313 teams 2247/2247 matched, players 6252/6342 matched
2026-08-24 01:14:31,994 INFO ncaa_identity: contest_id=529357 teams 1314/2503 matched, players 3578/7087 matched
2026-08-24 01:14:42,866 INFO ncaa_identity: contest_id=529561 teams 2609/2609 matched, players 7258/7351 matched
2026-08-24 01:14:45,313 INFO ncaa_identity: contest_id=529585 teams 2020/2020 matched, players 5189/5660 matched
2026-08-24 01:14:46,793 INFO ncaa_identity: contest_id=529596 teams 2035/2035 matched, players 4628/5742 matched
2026-08-24 01:14:49,822 INFO ncaa_identity: contest_id=529694 teams 2379/2379 matched, players 6438/6715 matched
2026-08-24 01:14:52,517 INFO ncaa_identity: contest_id=529775 teams 2038/2038 matched, players 5266/5743 matched
2026-08-24 01:14:53,733 INFO ncaa_identity: contest_id=529790 teams 2038/2038 matched, players 5632/5744 matched
2026-08-24 01:14:58,502 INFO ncaa_identity: contest_id=529822 teams 2498/2498 matched, players 6983/7015 matched
2026-08-24 01:15:00,131 INFO ncaa_identity: contest_id=529833 teams 2434/2434 matched, players 6424/6873 matched
2026-08-24 01:15:01,669 INFO ncaa_identity: contest_id=529843 teams 1320/2624 matched, players 3680/7399 matched
2026-08-24 01:15:04,944 INFO ncaa_identity: contest_id=529864 teams 2441/2441 matched, players 6375/6860 matched
2026-08-24 01:15:07,893 INFO ncaa_identity: contest_id=529887 teams 2701/2701 matched, players 7420/7626 matched
2026-08-24 01:15:09,201 INFO ncaa_identity: contest_id=529897 teams 2185/2185 matched, players 5645/6195 matched
2026-08-24 01:15:17,801 INFO ncaa_identity: contest_id=530112 teams 2053/2053 matched, players 5738/5772 matched
2026-08-24 01:15:24,749 INFO ncaa_identity: contest_id=530181 teams 2261/2261 matched, players 6023/6382 matched
2026-08-24 01:15:27,638 INFO ncaa_identity: contest_id=530231 teams 2191/2191 matched, players 6096/6184 matched
2026-08-24 01:15:35,198 INFO ncaa_identity: contest_id=530294 teams 2324/2324 matched, players 5750/6534 matched
2026-08-24 01:15:42,602 INFO ncaa_identity: contest_id=530410 teams 2684/2684 matched, players 6989/7608 matched
2026-08-24 01:15:46,521 INFO ncaa_identity: contest_id=530440 teams 2758/2758 matched, players 7611/7786 matched
2026-08-24 01:15:49,440 INFO ncaa_identity: contest_id=530460 teams 2148/2148 matched, players 5446/5983 matched
2026-08-24 01:15:52,420 INFO ncaa_identity: contest_id=530506 teams 2682/2682 matched, players 7156/7481 matched
2026-08-24 01:15:53,970 INFO ncaa_identity: contest_id=530534 teams 2015/2015 matched, players 5178/5611 matched
2026-08-24 01:15:56,570 INFO ncaa_identity: contest_id=530568 teams 1896/1896 matched, players 4938/5334 matched
2026-08-24 01:16:03,318 INFO ncaa_identity: contest_id=530635 teams 2574/2574 matched, players 7189/7237 matched
2026-08-24 01:16:04,468 INFO ncaa_identity: contest_id=530645 teams 1859/1859 matched, players 5001/5255 matched
2026-08-24 01:16:08,247 INFO ncaa_identity: contest_id=530680 teams 2103/2103 matched, players 5592/5935 matched
2026-08-24 01:16:09,738 INFO ncaa_identity: contest_id=530690 teams 2239/2239 matched, players 6166/6270 matched
2026-08-24 01:16:10,932 INFO ncaa_identity: contest_id=530700 teams 2420/2420 matched, players 6219/6857 matched
2026-08-24 01:16:13,515 INFO ncaa_identity: contest_id=530721 teams 2347/2347 matched, players 6268/6627 matched
2026-08-24 01:16:15,753 INFO ncaa_identity: contest_id=530756 teams 2395/2395 matched, players 6352/6770 matched
2026-08-24 01:16:20,939 INFO ncaa_identity: contest_id=530803 teams 1850/1850 matched, players 4833/5167 matched
2026-08-24 01:16:26,821 INFO ncaa_identity: contest_id=530883 teams 2901/2901 matched, players 7326/8234 matched
2026-08-24 01:16:40,492 INFO ncaa_identity: contest_id=530996 teams 2259/2259 matched, players 6157/6391 matched
2026-08-24 01:16:45,295 INFO ncaa_identity: contest_id=239448 teams 2920/2920 matched, players 8233/8284 matched
2026-08-24 01:16:46,712 INFO ncaa_identity: contest_id=239467 teams 1045/2051 matched, players 2853/5705 matched
2026-08-24 01:16:48,056 INFO ncaa_identity: contest_id=239483 teams 2384/2384 matched, players 6640/6710 matched
2026-08-24 01:16:51,557 INFO ncaa_identity: contest_id=239509 teams 2876/2876 matched, players 7572/8126 matched
2026-08-24 01:16:54,989 INFO ncaa_identity: contest_id=239546 teams 870/1704 matched, players 219/453 matched
2026-08-24 01:16:59,342 INFO ncaa_identity: contest_id=239599 teams 2570/2570 matched, players 3672/7272 matched
2026-08-24 01:17:01,154 INFO ncaa_identity: contest_id=239619 teams 2656/2656 matched, players 7335/7515 matched
2026-08-24 01:17:03,896 INFO ncaa_identity: contest_id=239658 teams 1409/2688 matched, players 3874/7587 matched
2026-08-24 01:17:06,930 INFO ncaa_identity: contest_id=239689 teams 2007/2007 matched, players 753/759 matched
2026-08-24 01:17:09,774 INFO ncaa_identity: contest_id=239815 teams 2335/2335 matched, players 6532/6585 matched
2026-08-24 01:17:11,752 INFO ncaa_identity: contest_id=239857 teams 2581/2581 matched, players 6607/7223 matched
2026-08-24 01:17:15,091 INFO ncaa_identity: contest_id=239946 teams 1284/2548 matched, players 3625/7207 matched
2026-08-24 01:17:20,200 INFO ncaa_identity: contest_id=240119 teams 2324/2324 matched, players 3400/6490 matched
2026-08-24 01:17:21,903 INFO ncaa_identity: contest_id=240137 teams 1129/2190 matched, players 3068/6098 matched
2026-08-24 01:17:23,181 INFO ncaa_identity: contest_id=240152 teams 2198/2198 matched, players 5567/6211 matched
2026-08-24 01:17:25,111 INFO ncaa_identity: contest_id=240187 teams 1244/2441 matched, players 3445/6915 matched
2026-08-24 01:17:26,617 INFO ncaa_identity: contest_id=240199 teams 2762/2762 matched, players 7713/7796 matched
2026-08-24 01:17:28,430 INFO ncaa_identity: contest_id=240210 teams 1356/2777 matched, players 3925/7817 matched
2026-08-24 01:17:29,793 INFO ncaa_identity: contest_id=240222 teams 2517/2517 matched, players 6738/7098 matched
2026-08-24 01:17:31,195 INFO ncaa_identity: contest_id=240235 teams 2501/2501 matched, players 6918/7067 matched
2026-08-24 01:17:32,986 INFO ncaa_identity: contest_id=240246 teams 2845/2845 matched, players 7092/8017 matched
2026-08-24 01:17:34,417 INFO ncaa_identity: contest_id=240260 teams 2432/2432 matched, players 6207/6783 matched
2026-08-24 01:17:37,675 INFO ncaa_identity: contest_id=240296 teams 1159/2292 matched, players 3159/6451 matched
2026-08-24 01:17:39,204 INFO ncaa_identity: contest_id=240325 teams 1393/2738 matched, players 3826/7728 matched
2026-08-24 01:17:40,609 INFO ncaa_identity: contest_id=240359 teams 1256/2442 matched, players 3393/6854 matched
2026-08-24 01:17:42,188 INFO ncaa_identity: contest_id=240394 teams 1276/2623 matched, players 3710/7379 matched
2026-08-24 01:17:47,839 INFO ncaa_identity: contest_id=240494 teams 2441/2441 matched, players 6626/6859 matched
2026-08-24 01:17:51,761 INFO ncaa_identity: contest_id=240596 teams 2560/2560 matched, players 6863/7265 matched
2026-08-24 01:17:53,151 INFO ncaa_identity: contest_id=240621 teams 1227/2456 matched, players 3421/6860 matched
2026-08-24 01:17:54,647 INFO ncaa_identity: contest_id=240642 teams 2538/2538 matched, players 7106/7164 matched
2026-08-24 01:17:55,974 INFO ncaa_identity: contest_id=240660 teams 2344/2344 matched, players 6369/6612 matched
2026-08-24 01:17:59,463 INFO ncaa_identity: contest_id=240699 teams 2427/2427 matched, players 5736/6835 matched
2026-08-24 01:18:01,079 INFO ncaa_identity: contest_id=240719 teams 2593/2593 matched, players 6973/7338 matched
2026-08-24 01:18:06,018 INFO ncaa_identity: contest_id=240801 teams 2888/2888 matched, players 7818/8136 matched
2026-08-24 01:18:12,144 INFO ncaa_identity: contest_id=240964 teams 2841/2841 matched, players 7478/8059 matched
2026-08-24 01:18:13,387 INFO ncaa_identity: contest_id=240996 teams 2296/2296 matched, players 5874/6448 matched
2026-08-24 01:18:17,936 INFO ncaa_identity: contest_id=241105 teams 2238/2238 matched, players 6192/6303 matched
2026-08-24 01:18:21,870 INFO ncaa_identity: contest_id=241176 teams 1060/2193 matched, players 3031/6135 matched
2026-08-24 01:18:25,966 INFO ncaa_identity: contest_id=241345 teams 1121/2147 matched, players 3061/5961 matched
2026-08-24 01:18:27,378 INFO ncaa_identity: contest_id=241362 teams 1356/2650 matched, players 3813/7477 matched
2026-08-24 01:18:29,266 INFO ncaa_identity: contest_id=241375 teams 2959/2959 matched, players 8056/8385 matched
2026-08-24 01:18:32,220 INFO ncaa_identity: contest_id=241418 teams 2044/2044 matched, players 5539/5743 matched
2026-08-24 01:18:35,604 INFO ncaa_identity: contest_id=241453 teams 1435/2819 matched, players 4013/8014 matched
2026-08-24 01:18:37,202 INFO ncaa_identity: contest_id=241487 teams 1298/2602 matched, players 3706/7383 matched
2026-08-24 01:18:38,436 INFO ncaa_identity: contest_id=241505 teams 1250/2433 matched, players 3385/6869 matched
2026-08-24 01:18:41,681 INFO ncaa_identity: contest_id=241526 teams 2458/2458 matched, players 6903/6942 matched
2026-08-24 01:18:45,277 INFO ncaa_identity: contest_id=241601 teams 2243/2243 matched, players 6017/6284 matched
2026-08-24 01:18:52,794 INFO ncaa_identity: contest_id=241805 teams 2283/2283 matched, players 6084/6433 matched
2026-08-24 01:18:55,906 INFO ncaa_identity: contest_id=241842 teams 2450/2450 matched, players 6705/6883 matched
2026-08-24 01:18:57,447 INFO ncaa_identity: contest_id=241858 teams 1457/2884 matched, players 4110/8161 matched
2026-08-24 01:19:00,307 INFO ncaa_identity: contest_id=241887 teams 1388/2740 matched, players 3864/7708 matched
2026-08-24 01:19:01,850 INFO ncaa_identity: contest_id=241900 teams 2350/2350 matched, players 6473/6684 matched
2026-08-24 01:19:03,139 INFO ncaa_identity: contest_id=241910 teams 2449/2449 matched, players 5914/6896 matched
2026-08-24 01:19:04,871 INFO ncaa_identity: contest_id=241920 teams 2148/2148 matched, players 6036/6050 matched
2026-08-24 01:19:09,036 INFO ncaa_identity: contest_id=241957 teams 992/2044 matched, players 2890/5755 matched
2026-08-24 01:19:12,346 INFO ncaa_identity: contest_id=242010 teams 2196/2196 matched, players 855/863 matched
2026-08-24 01:19:14,883 INFO ncaa_identity: contest_id=242051 teams 2324/2324 matched, players 6329/6560 matched
2026-08-24 01:19:16,346 INFO ncaa_identity: contest_id=242066 teams 2256/2256 matched, players 5633/6390 matched
2026-08-24 01:19:17,858 INFO ncaa_identity: contest_id=242084 teams 1996/1996 matched, players 5266/5628 matched
2026-08-24 01:19:19,683 INFO ncaa_identity: contest_id=242115 teams 1237/2448 matched, players 2907/6885 matched
2026-08-24 01:19:21,111 INFO ncaa_identity: contest_id=242148 teams 2601/2601 matched, players 6890/7374 matched
2026-08-24 01:19:24,418 INFO ncaa_identity: contest_id=242218 teams 1425/2743 matched, players 3901/7718 matched
2026-08-24 01:19:33,878 INFO ncaa_identity: contest_id=242405 teams 2370/2370 matched, players 6182/6626 matched
2026-08-24 01:19:35,310 INFO ncaa_identity: contest_id=242437 teams 2567/2567 matched, players 6848/7222 matched
2026-08-24 01:19:36,461 INFO ncaa_identity: contest_id=242463 teams 2045/2045 matched, players 5737/5761 matched
2026-08-24 01:19:40,831 INFO ncaa_identity: contest_id=242531 teams 2055/2055 matched, players 5521/5773 matched
2026-08-24 01:19:42,303 INFO ncaa_identity: contest_id=242554 teams 996/1951 matched, players 2626/5513 matched
2026-08-24 01:19:45,130 INFO ncaa_identity: contest_id=242602 teams 2202/2202 matched, players 5783/6205 matched
2026-08-24 01:19:50,108 INFO ncaa_identity: contest_id=242676 teams 1171/2283 matched, players 3260/6458 matched
2026-08-24 01:19:52,738 INFO ncaa_identity: contest_id=242743 teams 2228/2228 matched, players 5321/6300 matched
2026-08-24 01:19:58,620 INFO ncaa_identity: contest_id=242860 teams 2792/2792 matched, players 7478/7880 matched
2026-08-24 01:20:00,116 INFO ncaa_identity: contest_id=242878 teams 1799/1799 matched, players 4986/4995 matched
2026-08-24 01:20:01,112 INFO ncaa_identity: contest_id=242893 teams 2086/2086 matched, players 5587/5909 matched
2026-08-24 01:20:02,713 INFO ncaa_identity: contest_id=242912 teams 2396/2396 matched, players 6540/6765 matched
2026-08-24 01:20:04,061 INFO ncaa_identity: contest_id=242976 teams 2285/2285 matched, players 6096/6463 matched
2026-08-24 01:20:07,313 INFO ncaa_identity: contest_id=243062 teams 1195/2344 matched, players 3329/6621 matched
2026-08-24 01:20:10,597 INFO ncaa_identity: contest_id=243131 teams 2557/2557 matched, players 7137/7220 matched
2026-08-24 01:20:16,439 INFO ncaa_identity: contest_id=243287 teams 2359/2359 matched, players 6384/6676 matched
2026-08-24 01:20:18,138 INFO ncaa_identity: contest_id=243315 teams 1177/2260 matched, players 3221/6371 matched
2026-08-24 01:20:26,149 INFO ncaa_identity: contest_id=243522 teams 1183/2385 matched, players 3373/6706 matched
2026-08-24 01:20:31,944 INFO ncaa_identity: contest_id=243616 teams 2471/2471 matched, players 6910/6963 matched
2026-08-24 01:20:33,716 INFO ncaa_identity: contest_id=243634 teams 2326/2326 matched, players 6070/6569 matched
2026-08-24 01:20:38,426 INFO ncaa_identity: contest_id=243699 teams 2676/2676 matched, players 6952/7605 matched
2026-08-24 01:20:40,164 INFO ncaa_identity: contest_id=243722 teams 2656/2656 matched, players 7179/7491 matched
2026-08-24 01:20:41,639 INFO ncaa_identity: contest_id=243758 teams 1240/2434 matched, players 3286/6838 matched
2026-08-24 01:20:43,697 INFO ncaa_identity: contest_id=243783 teams 2402/2402 matched, players 6506/6786 matched
2026-08-24 01:20:45,125 INFO ncaa_identity: contest_id=243813 teams 2585/2585 matched, players 6645/7222 matched
2026-08-24 01:20:46,447 INFO ncaa_identity: contest_id=243845 teams 2057/2057 matched, players 864/868 matched
2026-08-24 01:20:52,135 INFO ncaa_identity: contest_id=243921 teams 2715/2715 matched, players 7150/7669 matched
2026-08-24 01:20:53,447 INFO ncaa_identity: contest_id=243976 teams 2846/2846 matched, players 7005/8032 matched
2026-08-24 01:20:59,846 INFO ncaa_identity: contest_id=244157 teams 2449/2449 matched, players 6821/6945 matched
2026-08-24 01:21:03,087 INFO ncaa_identity: contest_id=244241 teams 1299/2570 matched, players 3678/7255 matched
2026-08-24 01:21:07,632 INFO ncaa_identity: contest_id=244315 teams 2431/2431 matched, players 5666/6898 matched
2026-08-24 01:21:10,831 INFO ncaa_identity: contest_id=244376 teams 2755/2755 matched, players 6822/7802 matched
2026-08-24 01:21:19,757 INFO ncaa_identity: contest_id=244509 teams 2480/2480 matched, players 6601/6955 matched
2026-08-24 01:21:21,253 INFO ncaa_identity: contest_id=244528 teams 2580/2580 matched, players 5859/7251 matched
2026-08-24 01:21:24,420 INFO ncaa_identity: contest_id=244578 teams 2193/2193 matched, players 5072/6193 matched
2026-08-24 01:21:25,810 INFO ncaa_identity: contest_id=244598 teams 2532/2532 matched, players 6345/7162 matched
2026-08-24 01:21:27,209 INFO ncaa_identity: contest_id=244619 teams 1391/2634 matched, players 3752/7453 matched
2026-08-24 01:21:32,076 INFO ncaa_identity: contest_id=244693 teams 2089/2089 matched, players 5262/5887 matched
2026-08-24 01:21:33,673 INFO ncaa_identity: contest_id=244731 teams 1462/2787 matched, players 3938/7850 matched
2026-08-24 01:21:35,306 INFO ncaa_identity: contest_id=244756 teams 2419/2419 matched, players 6648/6821 matched
2026-08-24 01:21:38,901 INFO ncaa_identity: contest_id=244792 teams 1041/2052 matched, players 2952/5808 matched
2026-08-24 01:21:44,318 INFO ncaa_identity: contest_id=244891 teams 2593/2593 matched, players 6972/7346 matched
2026-08-24 01:21:45,769 INFO ncaa_identity: contest_id=244920 teams 2517/2517 matched, players 6464/7042 matched
2026-08-24 01:21:50,012 INFO ncaa_identity: contest_id=244982 teams 2292/2292 matched, players 6182/6425 matched
2026-08-24 01:21:53,094 INFO ncaa_identity: contest_id=245046 teams 2402/2402 matched, players 6351/6788 matched
2026-08-24 01:21:57,318 INFO ncaa_identity: contest_id=245136 teams 2454/2454 matched, players 6421/6932 matched
2026-08-24 01:22:03,447 INFO ncaa_identity: contest_id=245224 teams 2412/2412 matched, players 5962/6829 matched
2026-08-24 01:22:04,785 INFO ncaa_identity: contest_id=245242 teams 2282/2282 matched, players 5643/6434 matched
2026-08-24 01:22:06,357 INFO ncaa_identity: contest_id=245255 teams 2038/2038 matched, players 5728/5745 matched
2026-08-24 01:22:09,061 INFO ncaa_identity: contest_id=245275 teams 2364/2364 matched, players 5891/6626 matched
2026-08-24 01:22:11,044 INFO ncaa_identity: contest_id=245285 teams 1414/2715 matched, players 3458/7689 matched
2026-08-24 01:22:17,868 INFO ncaa_identity: contest_id=245342 teams 2134/2134 matched, players 5925/5979 matched
2026-08-24 01:22:19,247 INFO ncaa_identity: contest_id=245353 teams 2103/2103 matched, players 5387/5898 matched
2026-08-24 01:22:20,679 INFO ncaa_identity: contest_id=245363 teams 2494/2494 matched, players 6853/7055 matched
2026-08-24 01:22:23,603 INFO ncaa_identity: contest_id=245385 teams 2118/2118 matched, players 5731/5972 matched
2026-08-24 01:22:25,457 INFO ncaa_identity: contest_id=245395 teams 2417/2417 matched, players 6474/6825 matched
2026-08-24 01:22:26,673 INFO ncaa_identity: contest_id=245405 teams 2224/2224 matched, players 6027/6304 matched
2026-08-24 01:22:28,255 INFO ncaa_identity: contest_id=245415 teams 1330/2635 matched, players 3763/7492 matched
2026-08-24 01:22:31,387 INFO ncaa_identity: contest_id=245439 teams 1085/2079 matched, players 2564/5828 matched
2026-08-24 01:22:32,991 INFO ncaa_identity: contest_id=245449 teams 2489/2489 matched, players 6924/7030 matched
2026-08-24 01:22:34,445 INFO ncaa_identity: contest_id=245460 teams 2782/2782 matched, players 7533/7900 matched
2026-08-24 01:22:35,836 INFO ncaa_identity: contest_id=245486 teams 2652/2652 matched, players 7205/7535 matched
2026-08-24 01:22:40,125 INFO ncaa_identity: contest_id=245531 teams 1320/2622 matched, players 3689/7360 matched
2026-08-24 01:22:41,546 INFO ncaa_identity: contest_id=245547 teams 2401/2401 matched, players 6572/6709 matched
2026-08-24 01:22:42,890 INFO ncaa_identity: contest_id=245561 teams 2032/2032 matched, players 5516/5710 matched
2026-08-24 01:22:44,283 INFO ncaa_identity: contest_id=245627 teams 2780/2780 matched, players 7523/7896 matched
2026-08-24 01:22:47,997 INFO ncaa_identity: contest_id=245660 teams 2808/2808 matched, players 7256/7960 matched
2026-08-24 01:22:49,601 INFO ncaa_identity: contest_id=245675 teams 2480/2480 matched, players 6689/6983 matched
2026-08-24 01:22:50,941 INFO ncaa_identity: contest_id=245698 teams 2334/2334 matched, players 5694/6551 matched
2026-08-24 01:22:52,244 INFO ncaa_identity: contest_id=245717 teams 2129/2129 matched, players 5929/5972 matched
2026-08-24 01:22:58,256 INFO ncaa_identity: contest_id=245863 teams 2256/2256 matched, players 5846/6352 matched
2026-08-24 01:23:01,432 INFO ncaa_identity: contest_id=245915 teams 1181/2362 matched, players 3335/6696 matched
2026-08-24 01:23:06,111 INFO ncaa_identity: contest_id=245977 teams 2540/2540 matched, players 7034/7213 matched
2026-08-24 01:23:07,479 INFO ncaa_identity: contest_id=246011 teams 2816/2816 matched, players 7191/7925 matched
2026-08-24 01:23:12,196 INFO ncaa_identity: contest_id=246069 teams 2176/2176 matched, players 6047/6173 matched
2026-08-24 01:23:13,938 INFO ncaa_identity: contest_id=246106 teams 2702/2702 matched, players 7552/7629 matched
2026-08-24 01:23:15,528 INFO ncaa_identity: contest_id=246123 teams 2350/2350 matched, players 6482/6632 matched
2026-08-24 01:23:16,790 INFO ncaa_identity: contest_id=246137 teams 2235/2235 matched, players 6245/6311 matched
2026-08-24 01:23:18,954 INFO ncaa_identity: contest_id=246162 teams 2894/2894 matched, players 8147/8160 matched
2026-08-24 01:23:21,646 INFO ncaa_identity: contest_id=246213 teams 2462/2462 matched, players 6566/6913 matched
2026-08-24 01:23:25,165 INFO ncaa_identity: contest_id=246289 teams 2761/2761 matched, players 7029/7780 matched
2026-08-24 01:23:28,108 INFO ncaa_identity: contest_id=246372 teams 2367/2367 matched, players 6635/6665 matched
2026-08-24 01:23:31,210 INFO ncaa_identity: contest_id=246437 teams 1146/2241 matched, players 3080/6242 matched
2026-08-24 01:23:32,623 INFO ncaa_identity: contest_id=246468 teams 2365/2365 matched, players 6621/6635 matched
2026-08-24 01:23:35,633 INFO ncaa_identity: contest_id=246523 teams 2495/2495 matched, players 6519/7028 matched
2026-08-24 01:23:38,564 INFO ncaa_identity: contest_id=246588 teams 2325/2325 matched, players 5630/6562 matched
2026-08-24 01:23:39,787 INFO ncaa_identity: contest_id=246623 teams 2426/2426 matched, players 6007/6834 matched
2026-08-24 01:23:44,809 INFO ncaa_identity: contest_id=246730 teams 1292/2520 matched, players 3088/7056 matched
2026-08-24 01:23:47,991 INFO ncaa_identity: contest_id=246808 teams 1945/1945 matched, players 5425/5459 matched
2026-08-24 01:23:50,189 INFO ncaa_identity: contest_id=246850 teams 2335/2335 matched, players 5910/6603 matched
2026-08-24 01:23:52,971 INFO ncaa_identity: contest_id=246895 teams 2300/2300 matched, players 6134/6532 matched
2026-08-24 01:23:58,223 INFO ncaa_identity: contest_id=247053 teams 2768/2768 matched, players 7302/7812 matched
2026-08-24 01:23:59,755 INFO ncaa_identity: contest_id=247080 teams 2511/2511 matched, players 6553/7096 matched
2026-08-24 01:24:01,078 INFO ncaa_identity: contest_id=247105 teams 2413/2413 matched, players 6406/6837 matched
2026-08-24 01:24:06,605 INFO ncaa_identity: contest_id=247270 teams 2235/2235 matched, players 5972/6287 matched
2026-08-24 01:24:07,935 INFO ncaa_identity: contest_id=247298 teams 2427/2427 matched, players 6347/6865 matched
2026-08-24 01:24:12,894 INFO ncaa_identity: contest_id=247362 teams 2624/2624 matched, players 6924/7413 matched
2026-08-24 01:24:14,364 INFO ncaa_identity: contest_id=247395 teams 2924/2924 matched, players 8079/8295 matched
2026-08-24 01:24:16,202 INFO ncaa_identity: contest_id=247423 teams 2396/2396 matched, players 6639/6805 matched
2026-08-24 01:24:17,551 INFO ncaa_identity: contest_id=247458 teams 2354/2354 matched, players 6124/6637 matched
2026-08-24 01:24:23,172 INFO ncaa_identity: contest_id=247565 teams 1305/2488 matched, players 3523/7019 matched
2026-08-24 01:24:25,907 INFO ncaa_identity: contest_id=247628 teams 2421/2421 matched, players 6713/6822 matched
2026-08-24 01:24:30,027 INFO ncaa_identity: contest_id=247764 teams 2547/2547 matched, players 5999/7181 matched
2026-08-24 01:24:32,335 INFO ncaa_identity: contest_id=247860 teams 2149/2149 matched, players 5981/6067 matched
2026-08-24 01:24:37,556 INFO ncaa_identity: contest_id=247921 teams 2995/2995 matched, players 8411/8478 matched
2026-08-24 01:24:48,383 INFO ncaa_identity: contest_id=248156 teams 3037/3037 matched, players 8457/8585 matched
2026-08-24 01:24:52,796 INFO ncaa_identity: contest_id=248259 teams 2423/2423 matched, players 6172/6846 matched
2026-08-24 01:24:59,075 INFO ncaa_identity: contest_id=248408 teams 2276/2276 matched, players 5153/6380 matched
2026-08-24 01:25:01,652 INFO ncaa_identity: contest_id=248466 teams 2364/2364 matched, players 6451/6657 matched
2026-08-24 01:25:03,227 INFO ncaa_identity: contest_id=248490 teams 2530/2530 matched, players 6897/7162 matched
2026-08-24 01:25:10,169 INFO ncaa_identity: contest_id=248650 teams 2438/2438 matched, players 6797/6829 matched
2026-08-24 01:25:12,617 INFO ncaa_identity: contest_id=248680 teams 1968/1968 matched, players 5162/5522 matched
2026-08-24 01:25:18,602 INFO ncaa_identity: contest_id=248704 teams 2600/2600 matched, players 6913/7330 matched
2026-08-24 01:25:26,518 INFO ncaa_identity: contest_id=248745 teams 2831/2831 matched, players 7564/8007 matched
2026-08-24 01:25:32,217 INFO ncaa_identity: contest_id=248771 teams 2520/2520 matched, players 7039/7153 matched
2026-08-24 01:25:36,544 INFO ncaa_identity: contest_id=248814 teams 2547/2547 matched, players 6872/7155 matched
2026-08-24 01:25:41,313 INFO ncaa_identity: contest_id=248873 teams 2195/2195 matched, players 6189/6201 matched
2026-08-24 01:26:02,044 INFO ncaa_identity: contest_id=249059 teams 2647/2647 matched, players 6886/7467 matched
2026-08-24 01:26:12,821 INFO ncaa_identity: contest_id=249101 teams 2327/2327 matched, players 6042/6582 matched
2026-08-24 01:26:27,552 INFO ncaa_identity: contest_id=249256 teams 2180/2180 matched, players 5588/6143 matched
2026-08-24 01:26:35,617 INFO ncaa_identity: contest_id=249303 teams 2495/2495 matched, players 6703/7047 matched
2026-08-24 01:26:48,266 INFO ncaa_identity: contest_id=249412 teams 2305/2305 matched, players 6423/6514 matched
2026-08-24 01:26:52,412 INFO ncaa_identity: contest_id=249443 teams 2354/2354 matched, players 6069/6632 matched
2026-08-24 01:26:56,320 INFO ncaa_identity: contest_id=249463 teams 2021/2021 matched, players 5421/5678 matched
2026-08-24 01:27:11,962 INFO ncaa_identity: contest_id=249572 teams 2595/2595 matched, players 6411/7337 matched
2026-08-24 01:27:17,107 INFO ncaa_identity: contest_id=249587 teams 1287/2521 matched, players 3544/7070 matched
2026-08-24 01:27:20,243 INFO ncaa_identity: contest_id=249600 teams 2051/2051 matched, players 5636/5759 matched
2026-08-24 01:27:25,151 INFO ncaa_identity: contest_id=249614 teams 1434/2854 matched, players 2813/8094 matched
2026-08-24 01:27:38,782 INFO ncaa_identity: contest_id=249699 teams 2987/2987 matched, players 7490/8457 matched
2026-08-24 01:27:46,680 INFO ncaa_identity: contest_id=249760 teams 1967/1967 matched, players 5461/5517 matched
2026-08-24 01:27:54,580 INFO ncaa_identity: contest_id=249846 teams 2232/2232 matched, players 5612/6282 matched
2026-08-24 01:28:15,040 INFO ncaa_identity: contest_id=250035 teams 2264/2264 matched, players 5776/6364 matched
2026-08-24 01:28:36,269 INFO ncaa_identity: contest_id=250126 teams 0/2308 matched, players 0/6529 matched
2026-08-24 01:28:44,336 INFO ncaa_identity: contest_id=250228 teams 2349/2349 matched, players 6504/6622 matched
2026-08-24 01:28:47,840 INFO ncaa_identity: contest_id=250269 teams 2108/2108 matched, players 5368/5933 matched
2026-08-24 01:29:01,556 INFO ncaa_identity: contest_id=250353 teams 2236/2236 matched, players 6109/6249 matched
2026-08-24 01:29:11,015 INFO ncaa_identity: contest_id=250425 teams 2471/2471 matched, players 6352/6978 matched
2026-08-24 01:29:19,128 INFO ncaa_identity: contest_id=250550 teams 2329/2329 matched, players 6072/6573 matched
2026-08-24 01:29:20,602 INFO ncaa_identity: contest_id=250567 teams 2598/2598 matched, players 6254/7310 matched
2026-08-24 01:29:23,500 INFO ncaa_identity: contest_id=250620 teams 2349/2349 matched, players 6507/6570 matched
2026-08-24 01:29:27,697 INFO ncaa_identity: contest_id=250718 teams 2761/2761 matched, players 6964/7803 matched
2026-08-24 01:29:28,859 INFO ncaa_identity: contest_id=250736 teams 2317/2317 matched, players 6129/6492 matched
2026-08-24 01:29:35,124 INFO ncaa_identity: contest_id=250873 teams 2519/2519 matched, players 6554/7091 matched
2026-08-24 01:29:36,382 INFO ncaa_identity: contest_id=250890 teams 2185/2185 matched, players 6020/6187 matched
2026-08-24 01:29:40,470 INFO ncaa_identity: contest_id=251057 teams 2379/2379 matched, players 6346/6705 matched
2026-08-24 01:29:42,120 INFO ncaa_identity: contest_id=251087 teams 2401/2401 matched, players 6597/6822 matched
2026-08-24 01:29:43,332 INFO ncaa_identity: contest_id=251129 teams 2333/2333 matched, players 6489/6557 matched
2026-08-24 01:29:49,013 INFO ncaa_identity: contest_id=251230 teams 2228/2228 matched, players 5963/6319 matched
2026-08-24 01:29:50,351 INFO ncaa_identity: contest_id=251245 teams 2412/2412 matched, players 6759/6772 matched
2026-08-24 01:29:51,884 INFO ncaa_identity: contest_id=251299 teams 2362/2362 matched, players 6188/6658 matched
2026-08-24 01:29:54,782 INFO ncaa_identity: contest_id=251388 teams 2628/2628 matched, players 6576/7379 matched
2026-08-24 01:29:57,296 INFO ncaa_identity: contest_id=251431 teams 1533/1533 matched, players 586/590 matched
2026-08-24 01:30:03,102 INFO ncaa_identity: contest_id=251543 teams 2465/2465 matched, players 6139/6948 matched
2026-08-24 01:30:06,294 INFO ncaa_identity: contest_id=251625 teams 2193/2193 matched, players 5629/6222 matched
2026-08-24 01:30:07,586 INFO ncaa_identity: contest_id=251658 teams 2450/2450 matched, players 6687/6960 matched
2026-08-24 01:30:10,837 INFO ncaa_identity: contest_id=251716 teams 2320/2320 matched, players 6092/6526 matched
2026-08-24 01:30:15,176 INFO ncaa_identity: contest_id=251822 teams 2652/2652 matched, players 7433/7525 matched
2026-08-24 01:30:18,032 INFO ncaa_identity: contest_id=251875 teams 2571/2571 matched, players 6485/7241 matched
2026-08-24 01:30:19,242 INFO ncaa_identity: contest_id=251890 teams 2184/2184 matched, players 4966/6153 matched
2026-08-24 01:30:20,986 INFO ncaa_identity: contest_id=251907 teams 2672/2672 matched, players 6922/7487 matched
2026-08-24 01:30:23,635 INFO ncaa_identity: contest_id=251966 teams 2143/2143 matched, players 5648/6028 matched
2026-08-24 01:30:26,245 INFO ncaa_identity: contest_id=252046 teams 2658/2658 matched, players 7112/7539 matched
2026-08-24 01:30:30,117 INFO ncaa_identity: contest_id=252210 teams 2435/2435 matched, players 6752/6863 matched
2026-08-24 01:30:34,347 INFO ncaa_identity: contest_id=252283 teams 2455/2455 matched, players 6419/6957 matched
2026-08-24 01:30:35,570 INFO ncaa_identity: contest_id=252296 teams 2120/2120 matched, players 5711/5978 matched
2026-08-24 01:30:41,530 INFO ncaa_identity: contest_id=252443 teams 2160/2160 matched, players 5401/6073 matched
2026-08-24 01:30:42,988 INFO ncaa_identity: contest_id=252480 teams 2731/2731 matched, players 7196/7701 matched
2026-08-24 01:30:44,321 INFO ncaa_identity: contest_id=252510 teams 2314/2314 matched, players 6054/6482 matched
2026-08-24 01:30:48,332 INFO ncaa_identity: contest_id=252610 teams 2249/2249 matched, players 6010/6339 matched
2026-08-24 01:30:51,251 INFO ncaa_identity: contest_id=252699 teams 2555/2555 matched, players 6869/7189 matched
2026-08-24 01:30:52,545 INFO ncaa_identity: contest_id=252744 teams 2177/2177 matched, players 5040/6106 matched
2026-08-24 01:30:54,903 INFO ncaa_identity: contest_id=252780 teams 2329/2329 matched, players 6503/6535 matched
2026-08-24 01:30:57,706 INFO ncaa_identity: contest_id=252843 teams 1966/1966 matched, players 5245/5533 matched
2026-08-24 01:31:02,019 INFO ncaa_identity: contest_id=252929 teams 2490/2490 matched, players 6483/7080 matched
2026-08-24 01:31:05,809 INFO ncaa_identity: contest_id=252986 teams 2459/2459 matched, players 6594/6967 matched
2026-08-24 01:31:07,362 INFO ncaa_identity: contest_id=253012 teams 2483/2483 matched, players 6694/6996 matched
2026-08-24 01:31:10,135 INFO ncaa_identity: contest_id=253062 teams 1238/2372 matched, players 3358/6685 matched
2026-08-24 01:31:11,543 INFO ncaa_identity: contest_id=253106 teams 2518/2518 matched, players 6773/7120 matched
2026-08-24 01:31:13,012 INFO ncaa_identity: contest_id=253151 teams 2473/2473 matched, players 6632/6997 matched
2026-08-24 01:31:14,172 INFO ncaa_identity: contest_id=253205 teams 2077/2077 matched, players 5128/5859 matched
2026-08-24 01:31:16,827 INFO ncaa_identity: contest_id=253296 teams 2472/2472 matched, players 6780/7001 matched
2026-08-24 01:31:21,381 INFO ncaa_identity: contest_id=253357 teams 2884/2884 matched, players 8092/8162 matched
2026-08-24 01:31:22,574 INFO ncaa_identity: contest_id=253378 teams 2338/2338 matched, players 6432/6621 matched
2026-08-24 01:31:25,506 INFO ncaa_identity: contest_id=253422 teams 2694/2694 matched, players 7506/7633 matched
2026-08-24 01:31:27,034 INFO ncaa_identity: contest_id=253461 teams 2552/2552 matched, players 6993/7232 matched
2026-08-24 01:31:31,827 INFO ncaa_identity: contest_id=253601 teams 2261/2261 matched, players 6108/6418 matched
2026-08-24 01:31:32,998 INFO ncaa_identity: contest_id=253623 teams 2393/2393 matched, players 6367/6710 matched
2026-08-24 01:31:36,934 INFO ncaa_identity: contest_id=253723 teams 2429/2429 matched, players 6718/6843 matched
2026-08-24 01:31:49,153 INFO ncaa_identity: contest_id=254016 teams 1880/1880 matched, players 5204/5277 matched
2026-08-24 01:31:53,345 INFO ncaa_identity: contest_id=254081 teams 2309/2309 matched, players 6203/6547 matched
2026-08-24 01:31:56,105 INFO ncaa_identity: contest_id=254174 teams 2330/2330 matched, players 5948/6577 matched
2026-08-24 01:31:57,142 INFO ncaa_identity: contest_id=254193 teams 2259/2259 matched, players 6280/6389 matched
2026-08-24 01:31:58,570 INFO ncaa_identity: contest_id=254208 teams 2225/2225 matched, players 5947/6281 matched
2026-08-24 01:32:06,435 INFO ncaa_identity: contest_id=254350 teams 2257/2257 matched, players 5836/6370 matched
2026-08-24 01:32:07,622 INFO ncaa_identity: contest_id=254364 teams 2377/2377 matched, players 6535/6771 matched
2026-08-24 01:32:11,772 INFO ncaa_identity: contest_id=254514 teams 1041/2052 matched, players 2879/5811 matched
2026-08-24 01:32:15,550 INFO ncaa_identity: contest_id=254552 teams 2368/2368 matched, players 6398/6689 matched
2026-08-24 01:32:17,064 INFO ncaa_identity: contest_id=254576 teams 2616/2616 matched, players 6826/7391 matched
2026-08-24 01:32:20,988 INFO ncaa_identity: contest_id=254630 teams 2622/2622 matched, players 7285/7451 matched
2026-08-24 01:32:23,771 INFO ncaa_identity: contest_id=254653 teams 2232/2232 matched, players 5974/6291 matched
2026-08-24 01:32:24,946 INFO ncaa_identity: contest_id=254666 teams 2323/2323 matched, players 5798/6548 matched
2026-08-24 01:32:26,349 INFO ncaa_identity: contest_id=254682 teams 2501/2501 matched, players 6477/7054 matched
2026-08-24 01:32:27,871 INFO ncaa_identity: contest_id=254696 teams 2336/2336 matched, players 6382/6551 matched
2026-08-24 01:32:30,983 INFO ncaa_identity: contest_id=254788 teams 2463/2463 matched, players 6497/6935 matched
2026-08-24 01:32:32,416 INFO ncaa_identity: contest_id=254798 teams 2706/2706 matched, players 7527/7615 matched
2026-08-24 01:32:34,076 INFO ncaa_identity: contest_id=254830 teams 2253/2253 matched, players 6155/6345 matched
2026-08-24 01:32:35,488 INFO ncaa_identity: contest_id=254841 teams 2329/2329 matched, players 5832/6507 matched
2026-08-24 01:32:36,790 INFO ncaa_identity: contest_id=254855 teams 2201/2201 matched, players 5909/6221 matched
2026-08-24 01:32:41,512 INFO ncaa_identity: contest_id=254923 teams 2352/2352 matched, players 6247/6641 matched
2026-08-24 01:32:43,989 INFO ncaa_identity: contest_id=254962 teams 0/2357 matched, players 0/6639 matched
2026-08-24 01:32:45,907 INFO ncaa_identity: contest_id=254979 teams 2575/2575 matched, players 6844/7273 matched
2026-08-24 01:32:51,608 INFO ncaa_identity: contest_id=255019 teams 2011/2011 matched, players 5215/5641 matched
2026-08-24 01:32:54,306 INFO ncaa_identity: contest_id=255056 teams 2484/2484 matched, players 6662/7043 matched
2026-08-24 01:32:56,111 INFO ncaa_identity: contest_id=255066 teams 2957/2957 matched, players 7649/8358 matched
2026-08-24 01:32:59,036 INFO ncaa_identity: contest_id=255148 teams 2431/2431 matched, players 6056/6883 matched
2026-08-24 01:33:04,248 INFO ncaa_identity: contest_id=255188 teams 2575/2575 matched, players 3838/7305 matched
2026-08-24 01:33:05,369 INFO ncaa_identity: contest_id=255198 teams 2251/2251 matched, players 5862/6295 matched
2026-08-24 01:33:08,156 INFO ncaa_identity: contest_id=255218 teams 2424/2424 matched, players 6546/6838 matched
2026-08-24 01:33:15,050 INFO ncaa_identity: contest_id=255324 teams 2454/2454 matched, players 6883/6895 matched
2026-08-24 01:33:16,101 INFO ncaa_identity: contest_id=255343 teams 1674/1674 matched, players 4278/4725 matched
2026-08-24 01:33:25,115 INFO ncaa_identity: contest_id=255409 teams 2503/2503 matched, players 6446/6986 matched
2026-08-24 01:33:26,528 INFO ncaa_identity: contest_id=255421 teams 2410/2410 matched, players 6757/6797 matched
2026-08-24 01:33:31,602 INFO ncaa_identity: contest_id=255453 teams 2702/2702 matched, players 7405/7605 matched
2026-08-24 01:33:43,748 INFO ncaa_identity: contest_id=255560 teams 2032/2032 matched, players 5453/5699 matched
2026-08-24 01:33:46,908 INFO ncaa_identity: contest_id=255612 teams 2141/2141 matched, players 5984/5994 matched
2026-08-24 01:33:48,400 INFO ncaa_identity: contest_id=255642 teams 2399/2399 matched, players 6392/6770 matched
2026-08-24 01:33:54,115 INFO ncaa_identity: contest_id=255683 teams 2286/2286 matched, players 6412/6459 matched
2026-08-24 01:33:57,101 INFO ncaa_identity: contest_id=255706 teams 2151/2151 matched, players 5939/6063 matched
2026-08-24 01:34:07,135 INFO ncaa_identity: contest_id=255785 teams 2647/2647 matched, players 6519/7522 matched
2026-08-24 01:34:08,889 INFO ncaa_identity: contest_id=176548 teams 1393/2792 matched, players 3650/7883 matched
2026-08-24 01:34:13,752 INFO ncaa_identity: contest_id=176590 teams 2482/2482 matched, players 6758/6991 matched
2026-08-24 01:34:15,012 INFO ncaa_identity: contest_id=176603 teams 2394/2394 matched, players 6206/6749 matched
2026-08-24 01:34:16,294 INFO ncaa_identity: contest_id=176618 teams 2198/2198 matched, players 5987/6203 matched
2026-08-24 01:34:18,065 INFO ncaa_identity: contest_id=176630 teams 2073/2073 matched, players 5413/5851 matched
2026-08-24 01:34:21,955 INFO ncaa_identity: contest_id=176659 teams 1567/3175 matched, players 4429/8949 matched
2026-08-24 01:34:23,250 INFO ncaa_identity: contest_id=176675 teams 1525/2979 matched, players 4295/8460 matched
2026-08-24 01:34:25,162 INFO ncaa_identity: contest_id=176687 teams 3012/3012 matched, players 7757/8516 matched
2026-08-24 01:34:26,991 INFO ncaa_identity: contest_id=176702 teams 3009/3009 matched, players 8123/8583 matched
2026-08-24 01:34:33,621 INFO ncaa_identity: contest_id=176758 teams 1357/2683 matched, players 3319/7554 matched
2026-08-24 01:34:34,889 INFO ncaa_identity: contest_id=176822 teams 2338/2338 matched, players 5974/6582 matched
2026-08-24 01:34:36,687 INFO ncaa_identity: contest_id=176867 teams 1393/2758 matched, players 3954/7762 matched
2026-08-24 01:34:38,155 INFO ncaa_identity: contest_id=176897 teams 2438/2438 matched, players 6470/6868 matched
2026-08-24 01:34:39,712 INFO ncaa_identity: contest_id=176921 teams 2622/2622 matched, players 6595/7404 matched
2026-08-24 01:34:41,502 INFO ncaa_identity: contest_id=177008 teams 2976/2976 matched, players 8086/8454 matched
2026-08-24 01:34:44,737 INFO ncaa_identity: contest_id=177036 teams 1142/2232 matched, players 3204/6294 matched
2026-08-24 01:34:46,368 INFO ncaa_identity: contest_id=177050 teams 2540/2540 matched, players 7102/7150 matched
2026-08-24 01:34:47,808 INFO ncaa_identity: contest_id=177060 teams 2328/2328 matched, players 5625/6533 matched
2026-08-24 01:34:49,104 INFO ncaa_identity: contest_id=177084 teams 2292/2292 matched, players 6293/6451 matched
2026-08-24 01:34:50,985 INFO ncaa_identity: contest_id=177096 teams 3182/3182 matched, players 8464/8995 matched
2026-08-24 01:34:52,570 INFO ncaa_identity: contest_id=177108 teams 1534/3015 matched, players 4317/8492 matched
2026-08-24 01:34:54,198 INFO ncaa_identity: contest_id=177121 teams 2345/2345 matched, players 6566/6619 matched
2026-08-24 01:34:57,623 INFO ncaa_identity: contest_id=177144 teams 1217/2390 matched, players 3330/6631 matched
2026-08-24 01:35:00,748 INFO ncaa_identity: contest_id=177164 teams 1391/2766 matched, players 3890/7807 matched
2026-08-24 01:35:02,088 INFO ncaa_identity: contest_id=177184 teams 2691/2691 matched, players 7125/7606 matched
2026-08-24 01:35:05,392 INFO ncaa_identity: contest_id=177253 teams 2680/2680 matched, players 7006/7549 matched
2026-08-24 01:35:07,207 INFO ncaa_identity: contest_id=177307 teams 2935/2935 matched, players 7813/8312 matched
2026-08-24 01:35:10,666 INFO ncaa_identity: contest_id=177409 teams 2243/2243 matched, players 5904/6325 matched
2026-08-24 01:35:15,938 INFO ncaa_identity: contest_id=177486 teams 2451/2451 matched, players 6536/6902 matched
2026-08-24 01:35:17,735 INFO ncaa_identity: contest_id=177508 teams 1384/2749 matched, players 3911/7771 matched
2026-08-24 01:35:19,605 INFO ncaa_identity: contest_id=177527 teams 1317/2616 matched, players 3608/7300 matched
2026-08-24 01:35:22,519 INFO ncaa_identity: contest_id=177571 teams 1218/2474 matched, players 3489/6962 matched
2026-08-24 01:35:26,935 INFO ncaa_identity: contest_id=177624 teams 2422/2422 matched, players 6249/6805 matched
2026-08-24 01:35:32,778 INFO ncaa_identity: contest_id=177739 teams 2207/2207 matched, players 6059/6238 matched
2026-08-24 01:35:34,152 INFO ncaa_identity: contest_id=177761 teams 1152/2288 matched, players 3198/6399 matched
2026-08-24 01:35:35,546 INFO ncaa_identity: contest_id=177795 teams 2341/2341 matched, players 6503/6583 matched
2026-08-24 01:35:36,790 INFO ncaa_identity: contest_id=177817 teams 2387/2387 matched, players 6336/6761 matched
2026-08-24 01:35:39,629 INFO ncaa_identity: contest_id=177919 teams 1250/2462 matched, players 3499/6958 matched
2026-08-24 01:35:41,075 INFO ncaa_identity: contest_id=177952 teams 2549/2549 matched, players 7102/7161 matched
2026-08-24 01:35:45,348 INFO ncaa_identity: contest_id=178117 teams 2797/2797 matched, players 7420/7882 matched
2026-08-24 01:35:46,950 INFO ncaa_identity: contest_id=178150 teams 1388/2764 matched, players 3567/7802 matched
2026-08-24 01:35:48,181 INFO ncaa_identity: contest_id=178208 teams 2545/2545 matched, players 6621/7165 matched
2026-08-24 01:35:49,677 INFO ncaa_identity: contest_id=178306 teams 2606/2606 matched, players 7285/7364 matched
2026-08-24 01:35:53,849 INFO ncaa_identity: contest_id=178358 teams 1269/2551 matched, players 3551/7149 matched
2026-08-24 01:35:56,383 INFO ncaa_identity: contest_id=178382 teams 2326/2326 matched, players 6072/6590 matched
2026-08-24 01:35:59,013 INFO ncaa_identity: contest_id=178428 teams 2573/2573 matched, players 6159/7216 matched
2026-08-24 01:36:00,380 INFO ncaa_identity: contest_id=178457 teams 1348/2742 matched, players 3095/7715 matched
2026-08-24 01:36:02,936 INFO ncaa_identity: contest_id=178485 teams 2502/2502 matched, players 6642/7059 matched
2026-08-24 01:36:04,036 INFO ncaa_identity: contest_id=178495 teams 2210/2210 matched, players 6215/6249 matched
2026-08-24 01:36:05,654 INFO ncaa_identity: contest_id=178545 teams 1415/2870 matched, players 3774/8102 matched
2026-08-24 01:36:06,761 INFO ncaa_identity: contest_id=178598 teams 2422/2422 matched, players 6183/6839 matched
2026-08-24 01:36:08,342 INFO ncaa_identity: contest_id=178669 teams 2653/2653 matched, players 7135/7482 matched
2026-08-24 01:36:09,460 INFO ncaa_identity: contest_id=178720 teams 2446/2446 matched, players 6534/6947 matched
2026-08-24 01:36:14,037 INFO ncaa_identity: contest_id=178797 teams 2847/2847 matched, players 7848/8057 matched
2026-08-24 01:36:15,272 INFO ncaa_identity: contest_id=178815 teams 2016/2016 matched, players 5243/5627 matched
2026-08-24 01:36:18,701 INFO ncaa_identity: contest_id=178845 teams 1088/2203 matched, players 516/879 matched
2026-08-24 01:36:22,636 INFO ncaa_identity: contest_id=178882 teams 2648/2648 matched, players 7018/7508 matched
2026-08-24 01:36:24,057 INFO ncaa_identity: contest_id=178892 teams 1945/1945 matched, players 5167/5490 matched
2026-08-24 01:36:29,718 INFO ncaa_identity: contest_id=178939 teams 2458/2458 matched, players 6778/6925 matched
2026-08-24 01:36:42,078 INFO ncaa_identity: contest_id=179105 teams 2185/2185 matched, players 5623/6102 matched
2026-08-24 01:36:43,543 INFO ncaa_identity: contest_id=179143 teams 1080/2257 matched, players 3175/6374 matched
2026-08-24 01:36:45,001 INFO ncaa_identity: contest_id=179196 teams 2690/2690 matched, players 7072/7591 matched
2026-08-24 01:36:50,819 INFO ncaa_identity: contest_id=179306 teams 2244/2244 matched, players 6176/6273 matched
2026-08-24 01:36:52,409 INFO ncaa_identity: contest_id=179335 teams 2506/2506 matched, players 6334/7126 matched
2026-08-24 01:36:53,667 INFO ncaa_identity: contest_id=179373 teams 2096/2096 matched, players 5005/5857 matched
2026-08-24 01:36:55,420 INFO ncaa_identity: contest_id=179394 teams 2331/2331 matched, players 6125/6485 matched
2026-08-24 01:36:56,683 INFO ncaa_identity: contest_id=179424 teams 2410/2410 matched, players 6417/6828 matched
2026-08-24 01:37:04,452 INFO ncaa_identity: contest_id=179549 teams 1243/2447 matched, players 3453/6878 matched
2026-08-24 01:37:07,461 INFO ncaa_identity: contest_id=179602 teams 2673/2673 matched, players 6840/7554 matched
2026-08-24 01:37:08,950 INFO ncaa_identity: contest_id=179617 teams 2180/2180 matched, players 6099/6106 matched
2026-08-24 01:37:10,902 INFO ncaa_identity: contest_id=179644 teams 2311/2311 matched, players 6065/6501 matched
2026-08-24 01:37:15,435 INFO ncaa_identity: contest_id=179735 teams 1798/1798 matched, players 4600/5071 matched
2026-08-24 01:37:22,045 INFO ncaa_identity: contest_id=179846 teams 2044/2044 matched, players 5428/5794 matched
2026-08-24 01:37:23,615 INFO ncaa_identity: contest_id=179881 teams 1994/1994 matched, players 4882/5653 matched
2026-08-24 01:37:26,924 INFO ncaa_identity: contest_id=179920 teams 1287/2550 matched, players 3629/7181 matched
2026-08-24 01:37:28,604 INFO ncaa_identity: contest_id=179942 teams 2500/2500 matched, players 6880/7058 matched
2026-08-24 01:37:43,675 INFO ncaa_identity: contest_id=180292 teams 2816/2816 matched, players 7516/7989 matched
2026-08-24 01:37:45,544 INFO ncaa_identity: contest_id=180326 teams 2244/2244 matched, players 5966/6299 matched
2026-08-24 01:37:46,944 INFO ncaa_identity: contest_id=180381 teams 2347/2347 matched, players 6325/6602 matched
2026-08-24 01:37:49,053 INFO ncaa_identity: contest_id=180415 teams 1826/3571 matched, players 5078/10222 matched
2026-08-24 01:37:50,610 INFO ncaa_identity: contest_id=180460 teams 2435/2435 matched, players 6296/6852 matched
2026-08-24 01:37:52,468 INFO ncaa_identity: contest_id=180502 teams 2099/2099 matched, players 5680/5906 matched
2026-08-24 01:37:54,175 INFO ncaa_identity: contest_id=180539 teams 2678/2678 matched, players 6320/7553 matched
2026-08-24 01:37:55,760 INFO ncaa_identity: contest_id=180559 teams 2218/2218 matched, players 5735/6251 matched
2026-08-24 01:37:58,732 INFO ncaa_identity: contest_id=180607 teams 2265/2265 matched, players 6062/6345 matched
2026-08-24 01:38:00,253 INFO ncaa_identity: contest_id=180625 teams 2154/2154 matched, players 5642/6055 matched
2026-08-24 01:38:03,065 INFO ncaa_identity: contest_id=180675 teams 1334/2686 matched, players 3738/7612 matched
2026-08-24 01:38:04,908 INFO ncaa_identity: contest_id=180706 teams 1308/2588 matched, players 3657/7278 matched
2026-08-24 01:38:06,476 INFO ncaa_identity: contest_id=180730 teams 2716/2716 matched, players 7558/7624 matched
2026-08-24 01:38:08,196 INFO ncaa_identity: contest_id=180747 teams 2568/2568 matched, players 7160/7257 matched
2026-08-24 01:38:09,497 INFO ncaa_identity: contest_id=180786 teams 1075/2271 matched, players 3157/6363 matched
2026-08-24 01:38:18,947 INFO ncaa_identity: contest_id=180961 teams 1168/2251 matched, players 2830/6317 matched
2026-08-24 01:38:23,107 INFO ncaa_identity: contest_id=181043 teams 2094/2094 matched, players 5390/5882 matched
2026-08-24 01:38:24,294 INFO ncaa_identity: contest_id=181125 teams 2506/2506 matched, players 6736/7071 matched
2026-08-24 01:38:25,871 INFO ncaa_identity: contest_id=181174 teams 1150/2267 matched, players 3236/6387 matched
2026-08-24 01:38:28,456 INFO ncaa_identity: contest_id=181234 teams 2199/2199 matched, players 6031/6197 matched
2026-08-24 01:38:31,285 INFO ncaa_identity: contest_id=181274 teams 2069/2069 matched, players 5584/5806 matched
2026-08-24 01:38:32,933 INFO ncaa_identity: contest_id=181309 teams 2287/2287 matched, players 5979/6401 matched
2026-08-24 01:38:34,209 INFO ncaa_identity: contest_id=181332 teams 1965/1965 matched, players 5159/5525 matched
2026-08-24 01:38:35,608 INFO ncaa_identity: contest_id=181360 teams 2571/2571 matched, players 7025/7238 matched
2026-08-24 01:38:41,326 INFO ncaa_identity: contest_id=181525 teams 2190/2190 matched, players 6085/6161 matched
2026-08-24 01:38:42,567 INFO ncaa_identity: contest_id=181549 teams 1014/1939 matched, players 2762/5453 matched
2026-08-24 01:38:44,032 INFO ncaa_identity: contest_id=181565 teams 1244/2437 matched, players 2704/6861 matched
2026-08-24 01:38:45,508 INFO ncaa_identity: contest_id=181584 teams 1344/2671 matched, players 3713/7481 matched
2026-08-24 01:38:49,469 INFO ncaa_identity: contest_id=181657 teams 2178/2178 matched, players 5795/6105 matched
2026-08-24 01:38:52,181 INFO ncaa_identity: contest_id=181713 teams 1225/2351 matched, players 3348/6618 matched
2026-08-24 01:38:53,509 INFO ncaa_identity: contest_id=181733 teams 2508/2508 matched, players 6860/7065 matched
2026-08-24 01:38:54,826 INFO ncaa_identity: contest_id=181750 teams 2254/2254 matched, players 6243/6357 matched
2026-08-24 01:38:55,987 INFO ncaa_identity: contest_id=181772 teams 1130/2331 matched, players 3283/6625 matched
2026-08-24 01:38:58,052 INFO ncaa_identity: contest_id=181795 teams 1365/2729 matched, players 3603/7697 matched
2026-08-24 01:39:03,100 INFO ncaa_identity: contest_id=181900 teams 1334/2596 matched, players 3740/7359 matched
2026-08-24 01:39:04,263 INFO ncaa_identity: contest_id=181928 teams 2427/2427 matched, players 6269/6826 matched
2026-08-24 01:39:05,945 INFO ncaa_identity: contest_id=181960 teams 2493/2493 matched, players 6480/7026 matched
2026-08-24 01:39:09,025 INFO ncaa_identity: contest_id=182027 teams 2149/2149 matched, players 5165/6029 matched
2026-08-24 01:39:10,452 INFO ncaa_identity: contest_id=182049 teams 2137/2137 matched, players 5653/6030 matched
2026-08-24 01:39:13,787 INFO ncaa_identity: contest_id=182108 teams 1132/2225 matched, players 3171/6247 matched
2026-08-24 01:39:15,189 INFO ncaa_identity: contest_id=182123 teams 1158/2243 matched, players 3193/6304 matched
2026-08-24 01:39:19,414 INFO ncaa_identity: contest_id=182180 teams 1135/2214 matched, players 3137/6238 matched
2026-08-24 01:39:22,557 INFO ncaa_identity: contest_id=182226 teams 2446/2446 matched, players 6421/6896 matched
2026-08-24 01:39:24,267 INFO ncaa_identity: contest_id=182257 teams 1318/2483 matched, players 3348/7014 matched
2026-08-24 01:39:25,479 INFO ncaa_identity: contest_id=182292 teams 2296/2296 matched, players 6061/6502 matched
2026-08-24 01:39:30,310 INFO ncaa_identity: contest_id=182370 teams 2199/2199 matched, players 5771/6186 matched
2026-08-24 01:39:35,937 INFO ncaa_identity: contest_id=182457 teams 2396/2396 matched, players 6525/6752 matched
2026-08-24 01:39:39,018 INFO ncaa_identity: contest_id=182502 teams 2568/2568 matched, players 6652/7219 matched
2026-08-24 01:39:41,142 INFO ncaa_identity: contest_id=182514 teams 1155/2360 matched, players 3270/6615 matched
2026-08-24 01:39:42,434 INFO ncaa_identity: contest_id=182527 teams 1156/2305 matched, players 3192/6505 matched
2026-08-24 01:39:43,994 INFO ncaa_identity: contest_id=182538 teams 2078/2078 matched, players 5391/5830 matched
2026-08-24 01:39:45,447 INFO ncaa_identity: contest_id=182550 teams 1376/2668 matched, players 3801/7544 matched
2026-08-24 01:39:47,191 INFO ncaa_identity: contest_id=182566 teams 2611/2611 matched, players 6800/7378 matched
2026-08-24 01:39:48,563 INFO ncaa_identity: contest_id=182581 teams 1262/2482 matched, players 3506/7028 matched
2026-08-24 01:39:49,910 INFO ncaa_identity: contest_id=182593 teams 2151/2151 matched, players 5759/6094 matched
2026-08-24 01:39:53,347 INFO ncaa_identity: contest_id=182613 teams 2712/2712 matched, players 6822/7648 matched
2026-08-24 01:39:53,494 INFO 5 starters not found for period 3; using estimate
2026-08-24 01:39:55,332 INFO ncaa_identity: contest_id=182625 teams 2804/2804 matched, players 7331/7926 matched
2026-08-24 01:39:59,432 INFO ncaa_identity: contest_id=182661 teams 2479/2479 matched, players 6667/7016 matched
2026-08-24 01:40:01,334 INFO ncaa_identity: contest_id=182672 teams 2676/2676 matched, players 6699/7594 matched
2026-08-24 01:40:07,878 INFO ncaa_identity: contest_id=182713 teams 2645/2645 matched, players 7283/7399 matched
2026-08-24 01:40:09,029 INFO ncaa_identity: contest_id=182723 teams 1687/1687 matched, players 4370/4726 matched
2026-08-24 01:40:12,485 INFO ncaa_identity: contest_id=182744 teams 2576/2576 matched, players 6761/7276 matched
2026-08-24 01:40:14,263 INFO ncaa_identity: contest_id=182756 teams 1315/2649 matched, players 3678/7470 matched
2026-08-24 01:40:18,992 INFO ncaa_identity: contest_id=182806 teams 1284/2561 matched, players 3656/7266 matched
2026-08-24 01:40:22,338 INFO ncaa_identity: contest_id=182851 teams 2675/2675 matched, players 7092/7534 matched
2026-08-24 01:40:23,810 INFO ncaa_identity: contest_id=182884 teams 2520/2520 matched, players 6976/7079 matched
2026-08-24 01:40:29,041 INFO ncaa_identity: contest_id=182991 teams 2464/2464 matched, players 5890/7000 matched
2026-08-24 01:40:30,498 INFO ncaa_identity: contest_id=183038 teams 2626/2626 matched, players 6940/7439 matched
2026-08-24 01:40:35,031 INFO ncaa_identity: contest_id=183194 teams 2933/2933 matched, players 7942/8391 matched
2026-08-24 01:40:39,136 INFO ncaa_identity: contest_id=183266 teams 2407/2407 matched, players 6241/6760 matched
2026-08-24 01:40:40,244 INFO ncaa_identity: contest_id=183293 teams 2488/2488 matched, players 6947/7061 matched
2026-08-24 01:40:42,816 INFO ncaa_identity: contest_id=183329 teams 2262/2262 matched, players 5858/6406 matched
2026-08-24 01:40:44,026 INFO ncaa_identity: contest_id=183354 teams 2387/2387 matched, players 6401/6750 matched
2026-08-24 01:40:47,720 INFO ncaa_identity: contest_id=183409 teams 2637/2637 matched, players 6568/7509 matched
2026-08-24 01:40:52,370 INFO ncaa_identity: contest_id=183468 teams 2717/2717 matched, players 7059/7678 matched
2026-08-24 01:40:53,714 INFO ncaa_identity: contest_id=183494 teams 2565/2565 matched, players 7030/7246 matched
2026-08-24 01:40:56,549 INFO ncaa_identity: contest_id=183545 teams 2334/2334 matched, players 6482/6603 matched
2026-08-24 01:40:59,544 INFO ncaa_identity: contest_id=183651 teams 2268/2268 matched, players 5961/6403 matched
2026-08-24 01:41:00,853 INFO ncaa_identity: contest_id=183690 teams 2335/2335 matched, players 5969/6631 matched
2026-08-24 01:41:01,991 INFO ncaa_identity: contest_id=183725 teams 2054/2054 matched, players 5130/5821 matched
2026-08-24 01:41:04,807 INFO ncaa_identity: contest_id=183799 teams 2392/2392 matched, players 6701/6747 matched
2026-08-24 01:41:05,827 INFO ncaa_identity: contest_id=183821 teams 1928/1928 matched, players 4784/5429 matched
2026-08-24 01:41:08,467 INFO ncaa_identity: contest_id=183886 teams 1313/2494 matched, players 3617/7090 matched
2026-08-24 01:41:12,474 INFO ncaa_identity: contest_id=183972 teams 2387/2387 matched, players 6243/6737 matched
2026-08-24 01:41:15,206 INFO ncaa_identity: contest_id=184017 teams 2165/2165 matched, players 5767/6102 matched
2026-08-24 01:41:16,672 INFO ncaa_identity: contest_id=184108 teams 2147/2147 matched, players 5815/6076 matched
2026-08-24 01:41:20,833 INFO ncaa_identity: contest_id=184200 teams 2122/2122 matched, players 5550/5957 matched
2026-08-24 01:41:22,531 INFO ncaa_identity: contest_id=184232 teams 2149/2149 matched, players 5678/6042 matched
2026-08-24 01:41:25,362 INFO ncaa_identity: contest_id=184295 teams 2424/2424 matched, players 6709/6793 matched
2026-08-24 01:41:31,411 INFO ncaa_identity: contest_id=184440 teams 2605/2605 matched, players 6832/7375 matched
2026-08-24 01:41:33,010 INFO ncaa_identity: contest_id=184465 teams 2192/2192 matched, players 5674/6146 matched
2026-08-24 01:41:34,375 INFO ncaa_identity: contest_id=184486 teams 1965/1965 matched, players 4550/5531 matched
2026-08-24 01:41:37,585 INFO ncaa_identity: contest_id=184531 teams 2251/2251 matched, players 6186/6292 matched
2026-08-24 01:41:40,612 INFO ncaa_identity: contest_id=184581 teams 2203/2203 matched, players 4919/6146 matched
2026-08-24 01:41:49,825 INFO ncaa_identity: contest_id=184806 teams 3064/3064 matched, players 8125/8733 matched
2026-08-24 01:41:51,229 INFO ncaa_identity: contest_id=184862 teams 2480/2480 matched, players 6521/7014 matched
2026-08-24 01:41:53,682 INFO ncaa_identity: contest_id=184938 teams 2185/2185 matched, players 5759/6156 matched
2026-08-24 01:41:55,193 INFO ncaa_identity: contest_id=184976 teams 2264/2264 matched, players 6001/6377 matched
2026-08-24 01:41:59,453 INFO ncaa_identity: contest_id=185041 teams 1839/1839 matched, players 742/744 matched
2026-08-24 01:42:02,244 INFO ncaa_identity: contest_id=185096 teams 2230/2230 matched, players 5947/6323 matched
2026-08-24 01:42:03,548 INFO ncaa_identity: contest_id=185133 teams 2351/2351 matched, players 6542/6577 matched
2026-08-24 01:42:05,126 INFO ncaa_identity: contest_id=185198 teams 1335/2599 matched, players 3694/7336 matched
2026-08-24 01:42:12,016 INFO ncaa_identity: contest_id=185349 teams 2515/2515 matched, players 6594/7103 matched
2026-08-24 01:42:13,410 INFO ncaa_identity: contest_id=185376 teams 2643/2643 matched, players 7286/7452 matched
2026-08-24 01:42:14,653 INFO ncaa_identity: contest_id=185414 teams 993/2022 matched, players 2761/5685 matched
2026-08-24 01:42:15,929 INFO ncaa_identity: contest_id=185442 teams 2327/2327 matched, players 6193/6562 matched
2026-08-24 01:42:18,605 INFO ncaa_identity: contest_id=185519 teams 1869/1869 matched, players 5191/5256 matched
2026-08-24 01:42:25,639 INFO ncaa_identity: contest_id=185670 teams 2356/2356 matched, players 6457/6643 matched
2026-08-24 01:42:26,676 INFO ncaa_identity: contest_id=185697 teams 1863/1863 matched, players 4753/5215 matched
2026-08-24 01:42:30,849 INFO ncaa_identity: contest_id=185778 teams 2248/2248 matched, players 5927/6319 matched
2026-08-24 01:42:34,785 INFO ncaa_identity: contest_id=185895 teams 2438/2438 matched, players 6477/6848 matched
2026-08-24 01:42:36,043 INFO ncaa_identity: contest_id=185952 teams 2291/2291 matched, players 6438/6509 matched
2026-08-24 01:42:38,827 INFO ncaa_identity: contest_id=186066 teams 2406/2406 matched, players 6412/6795 matched
2026-08-24 01:42:46,120 INFO ncaa_identity: contest_id=186172 teams 2509/2509 matched, players 6722/7108 matched
2026-08-24 01:42:49,180 INFO ncaa_identity: contest_id=186226 teams 2188/2188 matched, players 5961/6233 matched
2026-08-24 01:42:50,656 INFO ncaa_identity: contest_id=186299 teams 2668/2668 matched, players 7464/7535 matched
2026-08-24 01:42:53,011 INFO ncaa_identity: contest_id=186318 teams 0/2705 matched, players 0/7609 matched
2026-08-24 01:43:02,257 INFO ncaa_identity: contest_id=186549 teams 1200/2380 matched, players 3419/6752 matched
2026-08-24 01:43:05,716 INFO ncaa_identity: contest_id=186593 teams 1009/2038 matched, players 2882/5755 matched
2026-08-24 01:43:06,898 INFO ncaa_identity: contest_id=186661 teams 2221/2221 matched, players 6244/6263 matched
2026-08-24 01:43:11,638 INFO ncaa_identity: contest_id=186730 teams 2452/2452 matched, players 6328/6945 matched
2026-08-24 01:43:13,371 INFO ncaa_identity: contest_id=186761 teams 1998/1998 matched, players 5613/5621 matched
2026-08-24 01:43:14,933 INFO ncaa_identity: contest_id=186773 teams 2424/2424 matched, players 6185/6869 matched
2026-08-24 01:43:16,639 INFO ncaa_identity: contest_id=186806 teams 2470/2470 matched, players 6396/6979 matched
2026-08-24 01:43:18,301 INFO ncaa_identity: contest_id=186828 teams 2777/2777 matched, players 7173/7821 matched
2026-08-24 01:43:24,450 INFO ncaa_identity: contest_id=186938 teams 1878/1878 matched, players 662/676 matched
2026-08-24 01:43:25,717 INFO ncaa_identity: contest_id=186984 teams 2581/2581 matched, players 6925/7322 matched
2026-08-24 01:43:28,592 INFO ncaa_identity: contest_id=187051 teams 1293/2610 matched, players 3768/7397 matched
2026-08-24 01:43:34,081 INFO ncaa_identity: contest_id=187198 teams 2254/2254 matched, players 5983/6358 matched
2026-08-24 01:43:46,759 INFO ncaa_identity: contest_id=187460 teams 2448/2448 matched, players 6513/6912 matched
2026-08-24 01:43:52,758 INFO ncaa_identity: contest_id=187586 teams 2625/2625 matched, players 6452/7456 matched
2026-08-24 01:43:54,554 INFO ncaa_identity: contest_id=187625 teams 2275/2275 matched, players 5142/6417 matched
2026-08-24 01:43:56,108 INFO ncaa_identity: contest_id=187660 teams 2521/2521 matched, players 6154/7100 matched
2026-08-24 01:43:57,686 INFO ncaa_identity: contest_id=187702 teams 2032/2032 matched, players 5264/5698 matched
2026-08-24 01:43:58,958 INFO ncaa_identity: contest_id=187749 teams 2236/2236 matched, players 6053/6329 matched
2026-08-24 01:44:03,860 INFO ncaa_identity: contest_id=187849 teams 2153/2153 matched, players 5542/6066 matched
2026-08-24 01:44:05,756 INFO ncaa_identity: contest_id=187866 teams 2305/2305 matched, players 6040/6513 matched
2026-08-24 01:44:08,387 INFO ncaa_identity: contest_id=187907 teams 2184/2184 matched, players 5525/6129 matched
2026-08-24 01:44:10,032 INFO ncaa_identity: contest_id=187929 teams 2648/2648 matched, players 7264/7471 matched
2026-08-24 01:44:11,341 INFO ncaa_identity: contest_id=187954 teams 1954/1954 matched, players 5420/5496 matched
2026-08-24 01:44:13,105 INFO ncaa_identity: contest_id=187980 teams 2529/2529 matched, players 6792/7123 matched
2026-08-24 01:44:14,374 INFO ncaa_identity: contest_id=188013 teams 2649/2649 matched, players 6803/7466 matched
2026-08-24 01:44:17,221 INFO ncaa_identity: contest_id=188073 teams 2146/2146 matched, players 5753/6022 matched
2026-08-24 01:44:18,682 INFO ncaa_identity: contest_id=188105 teams 2344/2344 matched, players 6097/6631 matched
2026-08-24 01:44:20,462 INFO ncaa_identity: contest_id=188163 teams 2126/2126 matched, players 5098/5947 matched
2026-08-24 01:44:27,578 INFO ncaa_identity: contest_id=188326 teams 2131/2131 matched, players 5806/6046 matched
2026-08-24 01:44:29,056 INFO ncaa_identity: contest_id=188355 teams 2092/2092 matched, players 5391/5915 matched
2026-08-24 01:44:30,250 INFO ncaa_identity: contest_id=188392 teams 2199/2199 matched, players 5963/6186 matched
2026-08-24 01:44:34,524 INFO ncaa_identity: contest_id=188504 teams 2178/2178 matched, players 5892/6155 matched
2026-08-24 01:44:36,238 INFO ncaa_identity: contest_id=188531 teams 2788/2788 matched, players 7403/7838 matched
2026-08-24 01:44:44,216 INFO ncaa_identity: contest_id=188689 teams 2467/2467 matched, players 5996/6979 matched
2026-08-24 01:44:46,078 INFO ncaa_identity: contest_id=188733 teams 2511/2511 matched, players 6002/7105 matched
2026-08-24 01:44:49,098 INFO 5 starters not found for period 3; using estimate
2026-08-24 01:44:54,945 INFO ncaa_identity: contest_id=188934 teams 2236/2236 matched, players 6142/6316 matched
2026-08-24 01:45:00,711 INFO ncaa_identity: contest_id=189039 teams 2273/2273 matched, players 5901/6419 matched
2026-08-24 01:45:02,030 INFO ncaa_identity: contest_id=189064 teams 2493/2493 matched, players 6695/7070 matched
2026-08-24 01:45:04,917 INFO ncaa_identity: contest_id=189115 teams 2307/2307 matched, players 6015/6518 matched
2026-08-24 01:45:12,625 INFO ncaa_identity: contest_id=189355 teams 1178/2331 matched, players 3250/6565 matched
2026-08-24 01:45:14,040 INFO ncaa_identity: contest_id=189376 teams 2281/2281 matched, players 6451/6454 matched
2026-08-24 01:45:17,303 INFO ncaa_identity: contest_id=189419 teams 2186/2186 matched, players 6092/6135 matched
2026-08-24 01:45:18,670 INFO ncaa_identity: contest_id=189438 teams 2248/2248 matched, players 5986/6343 matched
2026-08-24 01:45:21,725 INFO ncaa_identity: contest_id=189481 teams 2400/2400 matched, players 6529/6785 matched
2026-08-24 01:45:24,713 INFO ncaa_identity: contest_id=189568 teams 2174/2174 matched, players 5624/6117 matched
2026-08-24 01:45:29,668 INFO ncaa_identity: contest_id=189650 teams 2250/2250 matched, players 5201/6328 matched
2026-08-24 01:45:33,815 INFO ncaa_identity: contest_id=189735 teams 2401/2401 matched, players 6365/6752 matched
2026-08-24 01:45:35,001 INFO ncaa_identity: contest_id=189781 teams 2549/2549 matched, players 6844/7198 matched
2026-08-24 01:45:36,445 INFO ncaa_identity: contest_id=189831 teams 950/1902 matched, players 2132/5349 matched
2026-08-24 01:45:40,801 INFO ncaa_identity: contest_id=189952 teams 2367/2367 matched, players 6585/6596 matched
2026-08-24 01:45:43,880 INFO ncaa_identity: contest_id=190008 teams 2590/2590 matched, players 7259/7356 matched
2026-08-24 01:45:48,280 INFO ncaa_identity: contest_id=190081 teams 2261/2261 matched, players 5752/6384 matched
2026-08-24 01:45:49,581 INFO ncaa_identity: contest_id=190101 teams 2162/2162 matched, players 5645/6083 matched
2026-08-24 01:45:50,966 INFO ncaa_identity: contest_id=190125 teams 1919/1919 matched, players 5050/5401 matched
2026-08-24 01:45:56,170 INFO ncaa_identity: contest_id=190223 teams 2545/2545 matched, players 6709/7208 matched
2026-08-24 01:45:57,419 INFO ncaa_identity: contest_id=190254 teams 1149/2363 matched, players 2986/6610 matched
2026-08-24 01:45:58,874 INFO ncaa_identity: contest_id=190307 teams 2331/2331 matched, players 5636/6594 matched
2026-08-24 01:46:01,422 INFO ncaa_identity: contest_id=190386 teams 1929/1929 matched, players 5364/5422 matched
2026-08-24 01:46:02,982 INFO ncaa_identity: contest_id=190428 teams 2266/2266 matched, players 5953/6391 matched
2026-08-24 01:46:07,148 INFO ncaa_identity: contest_id=190517 teams 1925/1925 matched, players 4923/5440 matched
2026-08-24 01:46:08,354 INFO ncaa_identity: contest_id=190540 teams 2175/2175 matched, players 5709/6147 matched
2026-08-24 01:46:10,823 INFO ncaa_identity: contest_id=190601 teams 2000/2000 matched, players 5613/5619 matched
2026-08-24 01:46:12,071 INFO ncaa_identity: contest_id=190645 teams 2155/2155 matched, players 5585/6090 matched
2026-08-24 01:46:13,609 INFO ncaa_identity: contest_id=190668 teams 2153/2153 matched, players 5553/6071 matched
2026-08-24 01:46:15,188 INFO ncaa_identity: contest_id=190706 teams 2299/2299 matched, players 6048/6537 matched
2026-08-24 01:46:16,736 INFO ncaa_identity: contest_id=190727 teams 2202/2202 matched, players 5905/6201 matched
2026-08-24 01:46:23,108 INFO ncaa_identity: contest_id=190846 teams 2561/2561 matched, players 7110/7240 matched
2026-08-24 01:46:27,666 INFO ncaa_identity: contest_id=190995 teams 2186/2186 matched, players 6011/6146 matched
2026-08-24 01:46:30,797 INFO ncaa_identity: contest_id=191051 teams 2157/2157 matched, players 5739/6052 matched
2026-08-24 01:46:34,148 INFO ncaa_identity: contest_id=191110 teams 2289/2289 matched, players 5947/6482 matched
2026-08-24 01:46:35,440 INFO ncaa_identity: contest_id=191121 teams 2042/2042 matched, players 5337/5728 matched
2026-08-24 01:46:38,042 INFO ncaa_identity: contest_id=191163 teams 2100/2100 matched, players 5351/5858 matched
2026-08-24 01:46:39,275 INFO ncaa_identity: contest_id=191176 teams 2133/2133 matched, players 5108/5995 matched
2026-08-24 01:46:42,211 INFO ncaa_identity: contest_id=191231 teams 2448/2448 matched, players 6044/6912 matched
2026-08-24 01:46:45,304 INFO ncaa_identity: contest_id=191314 teams 2269/2269 matched, players 5775/6407 matched
2026-08-24 01:46:46,945 INFO ncaa_identity: contest_id=191332 teams 2204/2204 matched, players 5914/6200 matched
2026-08-24 01:46:48,460 INFO ncaa_identity: contest_id=191351 teams 2286/2286 matched, players 6124/6495 matched
2026-08-24 01:46:51,448 INFO ncaa_identity: contest_id=191384 teams 2116/2116 matched, players 5657/5972 matched
2026-08-24 01:46:57,749 INFO ncaa_identity: contest_id=191503 teams 2289/2289 matched, players 6059/6504 matched
2026-08-24 01:47:00,831 INFO ncaa_identity: contest_id=191540 teams 2868/2868 matched, players 7529/8108 matched
2026-08-24 01:47:06,607 INFO ncaa_identity: contest_id=191698 teams 2298/2298 matched, players 6435/6438 matched
2026-08-24 01:47:09,678 INFO ncaa_identity: contest_id=191737 teams 2302/2302 matched, players 5681/6478 matched
2026-08-24 01:47:18,539 INFO ncaa_identity: contest_id=191835 teams 2244/2244 matched, players 5529/6359 matched
2026-08-24 01:47:20,014 INFO ncaa_identity: contest_id=191853 teams 1718/1718 matched, players 4382/4818 matched
2026-08-24 01:47:22,821 INFO ncaa_identity: contest_id=191883 teams 2028/2028 matched, players 5259/5700 matched
2026-08-24 01:47:24,510 INFO ncaa_identity: contest_id=191952 teams 2588/2588 matched, players 7295/7310 matched
2026-08-24 01:47:26,094 INFO ncaa_identity: contest_id=191962 teams 2118/2118 matched, players 5911/5954 matched
2026-08-24 01:47:27,187 INFO ncaa_identity: contest_id=191994 teams 1779/1779 matched, players 3690/5000 matched
2026-08-24 01:47:28,816 INFO ncaa_identity: contest_id=192004 teams 2356/2356 matched, players 5986/6621 matched
2026-08-24 01:47:33,303 INFO ncaa_identity: contest_id=192047 teams 2308/2308 matched, players 5990/6524 matched
2026-08-24 01:47:34,673 INFO ncaa_identity: contest_id=192080 teams 2350/2350 matched, players 6442/6624 matched
2026-08-24 01:47:36,305 INFO ncaa_identity: contest_id=192090 teams 2281/2281 matched, players 5936/6408 matched
2026-08-24 01:47:37,609 INFO ncaa_identity: contest_id=192100 teams 1974/1974 matched, players 5008/5581 matched
2026-08-24 01:47:46,835 INFO ncaa_identity: contest_id=192188 teams 2743/2743 matched, players 7347/7741 matched
2026-08-24 01:47:48,765 INFO ncaa_identity: contest_id=192217 teams 2576/2576 matched, players 6660/7284 matched
2026-08-24 01:47:51,574 INFO ncaa_identity: contest_id=192284 teams 1973/1973 matched, players 5082/5586 matched
2026-08-24 01:47:53,508 INFO ncaa_identity: contest_id=192301 teams 2898/2898 matched, players 7534/8150 matched
2026-08-24 01:47:56,747 INFO ncaa_identity: contest_id=192330 teams 2305/2305 matched, players 6452/6514 matched
2026-08-24 01:47:59,306 INFO ncaa_identity: contest_id=192350 teams 2428/2428 matched, players 6723/6872 matched
2026-08-24 01:48:00,844 INFO ncaa_identity: contest_id=192360 teams 2597/2597 matched, players 6810/7278 matched
2026-08-24 01:48:02,382 INFO ncaa_identity: contest_id=192370 teams 2154/2154 matched, players 5665/6063 matched
2026-08-24 01:48:06,627 INFO ncaa_identity: contest_id=192407 teams 2313/2313 matched, players 5923/6525 matched
2026-08-24 01:48:09,743 INFO ncaa_identity: contest_id=192473 teams 1040/2093 matched, players 2868/5859 matched
2026-08-24 01:48:11,076 INFO ncaa_identity: contest_id=192486 teams 2247/2247 matched, players 6176/6331 matched
2026-08-24 01:48:14,504 INFO ncaa_identity: contest_id=192522 teams 2281/2281 matched, players 6424/6450 matched
2026-08-24 01:48:18,206 INFO ncaa_identity: contest_id=192542 teams 2634/2634 matched, players 7054/7380 matched
2026-08-24 01:48:21,276 INFO ncaa_identity: contest_id=192562 teams 2258/2258 matched, players 5882/6334 matched
2026-08-24 01:48:22,785 INFO ncaa_identity: contest_id=192572 teams 2265/2265 matched, players 5964/6410 matched
2026-08-24 01:48:27,021 INFO ncaa_identity: contest_id=192603 teams 2372/2372 matched, players 5837/6662 matched
2026-08-24 01:48:43,687 INFO ncaa_identity: contest_id=192760 teams 2056/2056 matched, players 5239/5825 matched
2026-08-24 01:48:44,900 INFO ncaa_identity: contest_id=192788 teams 2068/2068 matched, players 5345/5816 matched
2026-08-24 01:48:46,217 INFO ncaa_identity: contest_id=192805 teams 2079/2079 matched, players 5450/5894 matched
2026-08-24 01:48:47,815 INFO ncaa_identity: contest_id=192815 teams 2444/2444 matched, players 6605/6877 matched
2026-08-24 01:48:49,076 INFO ncaa_identity: contest_id=192825 teams 2157/2157 matched, players 6111/6115 matched
2026-08-24 01:48:56,356 INFO ncaa_identity: contest_id=192868 teams 2164/2164 matched, players 5927/6066 matched
2026-08-24 01:48:59,197 INFO ncaa_identity: contest_id=192889 teams 2231/2231 matched, players 6101/6296 matched
2026-08-24 01:49:05,592 INFO ncaa_identity: contest_id=192936 teams 2368/2368 matched, players 6266/6628 matched
2026-08-24 01:49:07,752 INFO ncaa_identity: contest_id=10039 teams 2355/2355 matched, players 6469/6616 matched
2026-08-24 01:49:08,805 INFO ncaa_identity: contest_id=10051 teams 2314/2314 matched, players 5936/6532 matched
2026-08-24 01:49:10,172 INFO ncaa_identity: contest_id=10064 teams 1176/2430 matched, players 2978/6828 matched
2026-08-24 01:49:13,571 INFO ncaa_identity: contest_id=10088 teams 1242/2440 matched, players 3418/6844 matched
2026-08-24 01:49:15,453 INFO ncaa_identity: contest_id=10104 teams 1455/2959 matched, players 4129/8333 matched
2026-08-24 01:49:18,282 INFO ncaa_identity: contest_id=10135 teams 2380/2380 matched, players 6304/6760 matched
2026-08-24 01:49:21,765 INFO ncaa_identity: contest_id=10159 teams 1252/2514 matched, players 3168/7084 matched
2026-08-24 01:49:23,541 INFO ncaa_identity: contest_id=10173 teams 2412/2412 matched, players 6356/6814 matched
2026-08-24 01:49:25,021 INFO ncaa_identity: contest_id=10186 teams 2853/2853 matched, players 7612/8024 matched
2026-08-24 01:49:27,930 INFO ncaa_identity: contest_id=10215 teams 1245/2588 matched, players 3592/7305 matched
2026-08-24 01:49:29,276 INFO ncaa_identity: contest_id=10231 teams 1258/2463 matched, players 3248/6913 matched
2026-08-24 01:49:32,425 INFO ncaa_identity: contest_id=10314 teams 1346/2667 matched, players 3783/7529 matched
2026-08-24 01:49:34,234 INFO ncaa_identity: contest_id=10336 teams 1196/2288 matched, players 3284/6481 matched
2026-08-24 01:49:35,930 INFO ncaa_identity: contest_id=10362 teams 2869/2869 matched, players 7620/8096 matched
2026-08-24 01:49:37,404 INFO ncaa_identity: contest_id=10392 teams 1125/2301 matched, players 3249/6521 matched
2026-08-24 01:49:38,578 INFO ncaa_identity: contest_id=10493 teams 2537/2537 matched, players 7056/7170 matched
2026-08-24 01:49:40,377 INFO ncaa_identity: contest_id=10506 teams 1145/2232 matched, players 3160/6304 matched
2026-08-24 01:49:43,440 INFO ncaa_identity: contest_id=10528 teams 1654/3222 matched, players 4481/9084 matched
2026-08-24 01:49:46,695 INFO ncaa_identity: contest_id=10571 teams 2293/2293 matched, players 5667/6436 matched
2026-08-24 01:49:51,464 INFO ncaa_identity: contest_id=10610 teams 1354/2734 matched, players 3853/7719 matched
2026-08-24 01:49:54,847 INFO ncaa_identity: contest_id=10632 teams 2271/2271 matched, players 5712/6421 matched
2026-08-24 01:49:56,654 INFO ncaa_identity: contest_id=10642 teams 2431/2431 matched, players 6611/6879 matched
2026-08-24 01:49:58,000 INFO ncaa_identity: contest_id=10654 teams 1230/2480 matched, players 3514/7014 matched
2026-08-24 01:50:00,788 INFO ncaa_identity: contest_id=10677 teams 2144/2144 matched, players 5858/6038 matched
2026-08-24 01:50:02,063 INFO ncaa_identity: contest_id=10702 teams 1355/2711 matched, players 3306/7658 matched
2026-08-24 01:50:05,394 INFO ncaa_identity: contest_id=10739 teams 2667/2667 matched, players 7068/7504 matched
2026-08-24 01:50:10,135 INFO ncaa_identity: contest_id=10805 teams 2125/2125 matched, players 4995/5979 matched
2026-08-24 01:50:11,498 INFO ncaa_identity: contest_id=10835 teams 2252/2252 matched, players 5750/6374 matched
2026-08-24 01:50:13,263 INFO ncaa_identity: contest_id=10870 teams 0/2787 matched, players 0/7859 matched
2026-08-24 01:50:14,676 INFO ncaa_identity: contest_id=10905 teams 1198/2288 matched, players 2724/6464 matched
2026-08-24 01:50:16,004 INFO ncaa_identity: contest_id=11012 teams 1087/2200 matched, players 2734/6156 matched
2026-08-24 01:50:18,977 INFO ncaa_identity: contest_id=11042 teams 1327/2594 matched, players 3677/7310 matched
2026-08-24 01:50:20,880 INFO ncaa_identity: contest_id=11064 teams 905/1715 matched, players 304/546 matched
2026-08-24 01:50:22,162 INFO ncaa_identity: contest_id=11079 teams 2257/2257 matched, players 5853/6336 matched
2026-08-24 01:50:24,088 INFO ncaa_identity: contest_id=11093 teams 1354/2694 matched, players 3813/7670 matched
2026-08-24 01:50:27,497 INFO ncaa_identity: contest_id=11154 teams 1408/2775 matched, players 3934/7781 matched
2026-08-24 01:50:30,518 INFO ncaa_identity: contest_id=11222 teams 1263/2495 matched, players 3545/7019 matched
2026-08-24 01:50:31,815 INFO ncaa_identity: contest_id=11254 teams 2473/2473 matched, players 6922/6956 matched
2026-08-24 01:50:35,108 INFO ncaa_identity: contest_id=11348 teams 2938/2938 matched, players 7798/8326 matched
2026-08-24 01:50:43,102 INFO ncaa_identity: contest_id=11515 teams 2082/2082 matched, players 5301/5866 matched
2026-08-24 01:50:44,525 INFO ncaa_identity: contest_id=11636 teams 2453/2453 matched, players 6528/6911 matched
2026-08-24 01:50:46,346 INFO ncaa_identity: contest_id=11679 teams 2181/2181 matched, players 5927/6165 matched
2026-08-24 01:50:47,743 INFO ncaa_identity: contest_id=11731 teams 2678/2678 matched, players 7086/7617 matched
2026-08-24 01:50:49,457 INFO ncaa_identity: contest_id=11746 teams 2414/2414 matched, players 6475/6844 matched
2026-08-24 01:50:55,526 INFO ncaa_identity: contest_id=11804 teams 2085/2085 matched, players 5774/5899 matched
2026-08-24 01:50:57,504 INFO ncaa_identity: contest_id=11845 teams 2272/2272 matched, players 6232/6425 matched
2026-08-24 01:51:01,056 INFO ncaa_identity: contest_id=11882 teams 2679/2679 matched, players 7454/7569 matched
2026-08-24 01:51:02,400 INFO ncaa_identity: contest_id=11907 teams 2481/2481 matched, players 6982/6984 matched
2026-08-24 01:51:07,298 INFO ncaa_identity: contest_id=11948 teams 1329/2638 matched, players 3733/7456 matched
2026-08-24 01:51:08,747 INFO ncaa_identity: contest_id=11975 teams 2322/2322 matched, players 6191/6515 matched
2026-08-24 01:51:13,002 INFO ncaa_identity: contest_id=12174 teams 1218/2403 matched, players 3160/6773 matched
2026-08-24 01:51:14,797 INFO ncaa_identity: contest_id=12200 teams 2580/2580 matched, players 6763/7298 matched
2026-08-24 01:51:17,517 INFO ncaa_identity: contest_id=12242 teams 2595/2595 matched, players 6706/7299 matched
2026-08-24 01:51:21,272 INFO ncaa_identity: contest_id=12279 teams 1470/2927 matched, players 4141/8299 matched
2026-08-24 01:51:23,205 INFO ncaa_identity: contest_id=12293 teams 2446/2446 matched, players 6483/6915 matched
2026-08-24 01:51:24,963 INFO ncaa_identity: contest_id=12316 teams 1102/2274 matched, players 3197/6414 matched
2026-08-24 01:51:29,983 INFO ncaa_identity: contest_id=12348 teams 2424/2424 matched, players 6684/6821 matched
2026-08-24 01:51:31,755 INFO ncaa_identity: contest_id=12364 teams 2377/2377 matched, players 6661/6739 matched
2026-08-24 01:51:33,289 INFO ncaa_identity: contest_id=12374 teams 2910/2910 matched, players 7930/8256 matched
2026-08-24 01:51:36,833 INFO ncaa_identity: contest_id=12398 teams 2312/2312 matched, players 6029/6536 matched
2026-08-24 01:51:39,988 INFO ncaa_identity: contest_id=12432 teams 2182/2182 matched, players 5624/6164 matched
2026-08-24 01:51:40,760 WARNING ncaa_parse: family=lineups contest_id=12457 team=Sacramento St. produced NO good stints (25 bad, roster=9) -- parsed successfully but contributed nothing
2026-08-24 01:51:41,435 WARNING ncaa_parse: family=lineups contest_id=12457 team=Cal St. Fullerton produced NO good stints (22 bad, roster=11) -- parsed successfully but contributed nothing
2026-08-24 01:51:42,193 INFO ncaa_identity: contest_id=12457 teams 2058/2058 matched, players 5259/5749 matched
2026-08-24 01:51:43,759 INFO ncaa_identity: contest_id=12474 teams 2685/2685 matched, players 7003/7612 matched
2026-08-24 01:51:44,913 INFO ncaa_identity: contest_id=12493 teams 1792/1792 matched, players 5017/5037 matched
2026-08-24 01:51:49,991 INFO ncaa_identity: contest_id=12541 teams 3109/3109 matched, players 8361/8770 matched
2026-08-24 01:51:51,409 INFO ncaa_identity: contest_id=12573 teams 1177/2321 matched, players 3323/6526 matched
2026-08-24 01:51:52,902 INFO ncaa_identity: contest_id=12610 teams 1280/2450 matched, players 3493/6918 matched
2026-08-24 01:51:56,293 INFO ncaa_identity: contest_id=12695 teams 2721/2721 matched, players 7368/7706 matched
2026-08-24 01:51:58,030 INFO ncaa_identity: contest_id=12741 teams 924/1813 matched, players 2513/5074 matched
2026-08-24 01:51:59,547 INFO ncaa_identity: contest_id=12760 teams 2249/2249 matched, players 5527/6336 matched
2026-08-24 01:52:00,826 INFO ncaa_identity: contest_id=12799 teams 2047/2047 matched, players 5412/5782 matched
2026-08-24 01:52:02,630 INFO ncaa_identity: contest_id=12829 teams 1242/2390 matched, players 3217/6720 matched
2026-08-24 01:52:07,007 INFO ncaa_identity: contest_id=12890 teams 2728/2728 matched, players 7185/7721 matched
2026-08-24 01:52:08,292 INFO ncaa_identity: contest_id=12934 teams 1081/2179 matched, players 3028/6131 matched
2026-08-24 01:52:11,903 INFO ncaa_identity: contest_id=12978 teams 3036/3036 matched, players 8316/8620 matched
2026-08-24 01:52:16,519 INFO ncaa_identity: contest_id=13068 teams 1238/2399 matched, players 3139/6745 matched
2026-08-24 01:52:25,554 INFO ncaa_identity: contest_id=13228 teams 1413/2663 matched, players 3849/7496 matched
2026-08-24 01:52:27,168 INFO ncaa_identity: contest_id=13245 teams 2680/2680 matched, players 7320/7564 matched
2026-08-24 01:52:28,786 INFO ncaa_identity: contest_id=13274 teams 2324/2324 matched, players 5763/6563 matched
2026-08-24 01:52:30,606 INFO ncaa_identity: contest_id=13294 teams 1525/2990 matched, players 4219/8472 matched
2026-08-24 01:52:32,310 INFO ncaa_identity: contest_id=13313 teams 1518/2906 matched, players 3598/8249 matched
2026-08-24 01:52:33,923 INFO ncaa_identity: contest_id=13364 teams 2398/2398 matched, players 6452/6770 matched
2026-08-24 01:52:35,264 INFO ncaa_identity: contest_id=13398 teams 1266/2487 matched, players 3598/7038 matched
2026-08-24 01:52:41,519 INFO ncaa_identity: contest_id=13551 teams 2478/2478 matched, players 6530/7002 matched
2026-08-24 01:52:44,466 INFO ncaa_identity: contest_id=13617 teams 2829/2829 matched, players 7798/8037 matched
2026-08-24 01:52:48,954 INFO ncaa_identity: contest_id=13700 teams 2683/2683 matched, players 6537/7596 matched
2026-08-24 01:52:52,394 INFO ncaa_identity: contest_id=13761 teams 2378/2378 matched, players 6461/6697 matched
2026-08-24 01:52:53,994 INFO ncaa_identity: contest_id=13785 teams 1306/2672 matched, players 3824/7564 matched
2026-08-24 01:52:55,714 INFO ncaa_identity: contest_id=13821 teams 2275/2275 matched, players 5672/6430 matched
2026-08-24 01:52:57,074 INFO ncaa_identity: contest_id=13874 teams 2608/2608 matched, players 6900/7404 matched
2026-08-24 01:52:58,777 INFO ncaa_identity: contest_id=13922 teams 2372/2372 matched, players 6356/6676 matched
2026-08-24 01:53:05,616 INFO ncaa_identity: contest_id=14100 teams 2256/2256 matched, players 6175/6329 matched
2026-08-24 01:53:11,396 INFO ncaa_identity: contest_id=14186 teams 2161/2161 matched, players 5537/6071 matched
2026-08-24 01:53:20,570 INFO ncaa_identity: contest_id=14350 teams 2235/2235 matched, players 5858/6275 matched
2026-08-24 01:53:21,872 INFO ncaa_identity: contest_id=14367 teams 1213/2349 matched, players 3151/6662 matched
2026-08-24 01:53:23,897 INFO ncaa_identity: contest_id=14386 teams 2417/2417 matched, players 6483/6763 matched
2026-08-24 01:53:31,291 INFO ncaa_identity: contest_id=14600 teams 2060/2060 matched, players 5420/5784 matched
2026-08-24 01:53:32,889 INFO ncaa_identity: contest_id=14656 teams 2335/2335 matched, players 5988/6553 matched
2026-08-24 01:53:38,843 INFO ncaa_identity: contest_id=14778 teams 2451/2451 matched, players 6538/6917 matched
2026-08-24 01:53:40,261 INFO ncaa_identity: contest_id=14800 teams 1123/2228 matched, players 2944/6283 matched
2026-08-24 01:53:45,966 INFO ncaa_identity: contest_id=14928 teams 2182/2182 matched, players 5804/6182 matched
2026-08-24 01:53:47,313 INFO ncaa_identity: contest_id=14971 teams 2500/2500 matched, players 6840/7046 matched
2026-08-24 01:53:48,926 INFO ncaa_identity: contest_id=15003 teams 1149/2299 matched, players 3278/6483 matched
2026-08-24 01:53:50,290 INFO ncaa_identity: contest_id=15032 teams 1400/2824 matched, players 3969/8012 matched
2026-08-24 01:53:53,237 INFO ncaa_identity: contest_id=15081 teams 2351/2351 matched, players 6512/6672 matched
2026-08-24 01:53:54,474 INFO ncaa_identity: contest_id=15106 teams 1854/1854 matched, players 4912/5191 matched
2026-08-24 01:53:58,906 INFO ncaa_identity: contest_id=15168 teams 2713/2713 matched, players 7571/7701 matched
2026-08-24 01:54:03,125 INFO ncaa_identity: contest_id=15250 teams 2340/2340 matched, players 6276/6627 matched
2026-08-24 01:54:04,488 INFO ncaa_identity: contest_id=15292 teams 1279/2439 matched, players 3527/6886 matched
2026-08-24 01:54:06,137 INFO ncaa_identity: contest_id=15318 teams 2412/2412 matched, players 5584/6802 matched
2026-08-24 01:54:10,350 INFO ncaa_identity: contest_id=15413 teams 2229/2229 matched, players 5721/6326 matched
2026-08-24 01:54:11,666 INFO ncaa_identity: contest_id=15430 teams 2036/2036 matched, players 5256/5720 matched
2026-08-24 01:54:12,907 INFO ncaa_identity: contest_id=15465 teams 1088/2183 matched, players 3046/6145 matched
2026-08-24 01:54:15,795 INFO ncaa_identity: contest_id=15507 teams 1180/2431 matched, players 3378/6865 matched
2026-08-24 01:54:20,021 INFO ncaa_identity: contest_id=15621 teams 2510/2510 matched, players 6885/7089 matched
2026-08-24 01:54:22,907 INFO ncaa_identity: contest_id=15664 teams 2155/2155 matched, players 5723/6057 matched
2026-08-24 01:54:27,231 INFO ncaa_identity: contest_id=15728 teams 2105/2105 matched, players 5666/5927 matched
2026-08-24 01:54:28,949 INFO ncaa_identity: contest_id=15762 teams 2121/2121 matched, players 5769/5929 matched
2026-08-24 01:54:30,248 INFO ncaa_identity: contest_id=15789 teams 1395/2686 matched, players 3813/7577 matched
2026-08-24 01:54:39,129 INFO ncaa_identity: contest_id=15966 teams 2260/2260 matched, players 5610/6393 matched
2026-08-24 01:54:43,218 INFO ncaa_identity: contest_id=16036 teams 2016/2016 matched, players 5399/5706 matched
2026-08-24 01:54:45,954 INFO ncaa_identity: contest_id=16089 teams 1172/2325 matched, players 3340/6579 matched
2026-08-24 01:54:47,383 INFO ncaa_identity: contest_id=16104 teams 2672/2672 matched, players 6915/7558 matched
2026-08-24 01:54:50,262 INFO ncaa_identity: contest_id=16146 teams 2116/2116 matched, players 5498/5996 matched
2026-08-24 01:54:52,900 INFO ncaa_identity: contest_id=16169 teams 2257/2257 matched, players 6232/6328 matched
2026-08-24 01:54:54,515 INFO ncaa_identity: contest_id=16179 teams 2429/2429 matched, players 6639/6874 matched
2026-08-24 01:54:57,523 INFO ncaa_identity: contest_id=16214 teams 2174/2174 matched, players 5981/6132 matched
2026-08-24 01:54:59,167 INFO ncaa_identity: contest_id=16224 teams 2334/2334 matched, players 6558/6564 matched
2026-08-24 01:55:00,674 INFO ncaa_identity: contest_id=16234 teams 2087/2087 matched, players 5514/5888 matched
2026-08-24 01:55:03,364 INFO ncaa_identity: contest_id=16255 teams 2436/2436 matched, players 6275/6871 matched
2026-08-24 01:55:09,157 INFO ncaa_identity: contest_id=16299 teams 2303/2303 matched, players 6125/6548 matched
2026-08-24 01:55:10,538 INFO ncaa_identity: contest_id=16309 teams 2478/2478 matched, players 6912/7025 matched
2026-08-24 01:55:12,153 INFO ncaa_identity: contest_id=16319 teams 2456/2456 matched, players 6627/6935 matched
2026-08-24 01:55:14,725 INFO ncaa_identity: contest_id=16339 teams 2109/2109 matched, players 5503/5957 matched
2026-08-24 01:55:15,843 INFO ncaa_identity: contest_id=16349 teams 2219/2219 matched, players 5680/6222 matched
2026-08-24 01:55:18,551 INFO ncaa_identity: contest_id=16373 teams 1158/2313 matched, players 3238/6505 matched
2026-08-24 01:55:23,159 INFO ncaa_identity: contest_id=16411 teams 2491/2491 matched, players 6832/7070 matched
2026-08-24 01:55:26,313 INFO ncaa_identity: contest_id=16458 teams 1852/1852 matched, players 4909/5202 matched
2026-08-24 01:55:28,160 INFO ncaa_identity: contest_id=16487 teams 2086/2086 matched, players 5888/5911 matched
2026-08-24 01:55:29,547 INFO ncaa_identity: contest_id=16501 teams 1126/2159 matched, players 3116/6091 matched
2026-08-24 01:55:30,895 INFO ncaa_identity: contest_id=16520 teams 2315/2315 matched, players 6308/6524 matched
2026-08-24 01:55:46,630 INFO ncaa_identity: contest_id=16871 teams 2374/2374 matched, players 6185/6709 matched
2026-08-24 01:55:47,845 INFO ncaa_identity: contest_id=16959 teams 2269/2269 matched, players 5940/6394 matched
2026-08-24 01:55:49,228 INFO ncaa_identity: contest_id=16982 teams 2429/2429 matched, players 6582/6876 matched
2026-08-24 01:55:50,731 INFO ncaa_identity: contest_id=16997 teams 2143/2143 matched, players 5932/6051 matched
2026-08-24 01:55:55,540 INFO ncaa_identity: contest_id=17056 teams 1446/2915 matched, players 4143/8237 matched
2026-08-24 01:55:56,564 INFO ncaa_identity: contest_id=17072 teams 1967/1967 matched, players 5187/5532 matched
2026-08-24 01:56:00,974 INFO ncaa_identity: contest_id=17138 teams 1879/1879 matched, players 4404/5282 matched
2026-08-24 01:56:02,572 INFO ncaa_identity: contest_id=17167 teams 2402/2402 matched, players 6552/6809 matched
2026-08-24 01:56:03,837 INFO ncaa_identity: contest_id=17191 teams 2334/2334 matched, players 6084/6603 matched
2026-08-24 01:56:08,178 INFO ncaa_identity: contest_id=17335 teams 2198/2198 matched, players 5877/6215 matched
2026-08-24 01:56:14,810 INFO ncaa_identity: contest_id=17430 teams 2580/2580 matched, players 6907/7365 matched
2026-08-24 01:56:29,067 INFO ncaa_identity: contest_id=17731 teams 2576/2576 matched, players 5931/7297 matched
2026-08-24 01:56:34,673 INFO ncaa_identity: contest_id=17820 teams 2738/2738 matched, players 6726/7774 matched
2026-08-24 01:56:40,108 INFO ncaa_identity: contest_id=18039 teams 2328/2328 matched, players 6219/6579 matched
2026-08-24 01:56:44,146 INFO ncaa_identity: contest_id=18109 teams 2391/2391 matched, players 6274/6741 matched
2026-08-24 01:56:49,303 INFO ncaa_identity: contest_id=18244 teams 2335/2335 matched, players 6589/6591 matched
2026-08-24 01:56:53,397 INFO ncaa_identity: contest_id=18323 teams 2142/2142 matched, players 5136/6048 matched
2026-08-24 01:56:57,817 INFO ncaa_identity: contest_id=18482 teams 2305/2305 matched, players 6172/6507 matched
2026-08-24 01:57:00,852 INFO ncaa_identity: contest_id=18524 teams 2138/2138 matched, players 5836/5968 matched
2026-08-24 01:57:02,052 INFO ncaa_identity: contest_id=18551 teams 2131/2131 matched, players 5872/6023 matched
2026-08-24 01:57:03,331 INFO ncaa_identity: contest_id=18583 teams 2421/2421 matched, players 6351/6835 matched
2026-08-24 01:57:05,111 INFO ncaa_identity: contest_id=18606 teams 0/2533 matched, players 0/7156 matched
2026-08-24 01:57:07,621 INFO ncaa_identity: contest_id=18657 teams 2117/2117 matched, players 5795/6004 matched
2026-08-24 01:57:10,798 INFO ncaa_identity: contest_id=18735 teams 2970/2970 matched, players 7952/8391 matched
2026-08-24 01:57:12,430 INFO ncaa_identity: contest_id=18762 teams 2330/2330 matched, players 5722/6558 matched
2026-08-24 01:57:13,713 INFO ncaa_identity: contest_id=18783 teams 2496/2496 matched, players 6726/7099 matched
2026-08-24 01:57:15,263 INFO ncaa_identity: contest_id=18821 teams 1055/2147 matched, players 3059/6100 matched
2026-08-24 01:57:17,744 INFO ncaa_identity: contest_id=18868 teams 2329/2329 matched, players 5877/6550 matched
2026-08-24 01:57:20,421 INFO ncaa_identity: contest_id=18931 teams 2244/2244 matched, players 5906/6331 matched
2026-08-24 01:57:24,115 INFO ncaa_identity: contest_id=19046 teams 2642/2642 matched, players 7118/7544 matched
2026-08-24 01:57:27,885 INFO ncaa_identity: contest_id=19173 teams 2197/2197 matched, players 6131/6199 matched
2026-08-24 01:57:29,415 INFO ncaa_identity: contest_id=19211 teams 2541/2541 matched, players 6710/7170 matched
2026-08-24 01:57:31,987 INFO ncaa_identity: contest_id=19256 teams 2224/2224 matched, players 5729/6287 matched
2026-08-24 01:57:37,426 INFO ncaa_identity: contest_id=19384 teams 2528/2528 matched, players 6508/7160 matched
2026-08-24 01:57:47,596 INFO ncaa_identity: contest_id=19626 teams 2024/2024 matched, players 5193/5644 matched
2026-08-24 01:57:49,935 INFO ncaa_identity: contest_id=19660 teams 1971/1971 matched, players 5110/5544 matched
2026-08-24 01:57:52,514 INFO ncaa_identity: contest_id=19720 teams 1064/2076 matched, players 2986/5892 matched
2026-08-24 01:57:55,451 INFO ncaa_identity: contest_id=19823 teams 2239/2239 matched, players 5992/6343 matched
2026-08-24 01:57:57,621 INFO ncaa_identity: contest_id=19866 teams 2174/2174 matched, players 5563/6166 matched
2026-08-24 01:58:04,473 INFO ncaa_identity: contest_id=19987 teams 2227/2227 matched, players 5608/6295 matched
2026-08-24 01:58:07,205 INFO ncaa_identity: contest_id=20065 teams 2888/2888 matched, players 7563/8137 matched
2026-08-24 01:58:08,657 INFO ncaa_identity: contest_id=20093 teams 2113/2113 matched, players 5425/5936 matched
2026-08-24 01:58:14,098 INFO ncaa_identity: contest_id=20283 teams 2087/2087 matched, players 5251/5935 matched
2026-08-24 01:58:15,229 INFO ncaa_identity: contest_id=20297 teams 2173/2173 matched, players 5620/6098 matched
2026-08-24 01:58:16,974 INFO ncaa_identity: contest_id=20338 teams 2734/2734 matched, players 6963/7712 matched
2026-08-24 01:58:18,228 INFO ncaa_identity: contest_id=20367 teams 2322/2322 matched, players 5757/6536 matched
2026-08-24 01:58:19,937 INFO ncaa_identity: contest_id=20397 teams 2412/2412 matched, players 6532/6797 matched
2026-08-24 01:58:29,725 INFO ncaa_identity: contest_id=20671 teams 2091/2091 matched, players 5545/5878 matched
2026-08-24 01:58:31,028 INFO ncaa_identity: contest_id=20719 teams 2412/2412 matched, players 6183/6818 matched
2026-08-24 01:58:34,653 INFO ncaa_identity: contest_id=20791 teams 2235/2235 matched, players 6182/6263 matched
2026-08-24 01:58:35,678 INFO ncaa_identity: contest_id=20817 teams 1985/1985 matched, players 4914/5611 matched
2026-08-24 01:58:38,288 INFO ncaa_identity: contest_id=20921 teams 2222/2222 matched, players 6065/6250 matched
2026-08-24 01:58:39,775 INFO ncaa_identity: contest_id=20952 teams 2271/2271 matched, players 6194/6405 matched
2026-08-24 01:58:43,819 INFO ncaa_identity: contest_id=21028 teams 2151/2151 matched, players 5740/6104 matched
2026-08-24 01:58:47,865 INFO ncaa_identity: contest_id=21095 teams 1979/1979 matched, players 5110/5627 matched
2026-08-24 01:58:49,567 INFO ncaa_identity: contest_id=21128 teams 2736/2736 matched, players 7171/7749 matched
2026-08-24 01:58:50,610 INFO ncaa_identity: contest_id=21151 teams 2318/2318 matched, players 6079/6585 matched
2026-08-24 01:58:51,852 INFO ncaa_identity: contest_id=21190 teams 2202/2202 matched, players 5845/6200 matched
2026-08-24 01:58:55,714 INFO ncaa_identity: contest_id=21340 teams 2091/2091 matched, players 5138/5918 matched
2026-08-24 01:58:57,478 INFO ncaa_identity: contest_id=21381 teams 2586/2586 matched, players 7154/7365 matched
2026-08-24 01:58:58,776 INFO ncaa_identity: contest_id=21396 teams 2536/2536 matched, players 6735/7182 matched
2026-08-24 01:59:00,532 INFO ncaa_identity: contest_id=21422 teams 2563/2563 matched, players 6967/7191 matched
2026-08-24 01:59:03,470 INFO ncaa_identity: contest_id=21454 teams 2113/2113 matched, players 4910/5945 matched
2026-08-24 01:59:06,057 INFO ncaa_identity: contest_id=21510 teams 2639/2639 matched, players 6820/7492 matched
2026-08-24 01:59:08,424 INFO ncaa_identity: contest_id=21589 teams 2722/2722 matched, players 7319/7722 matched
2026-08-24 01:59:11,014 INFO ncaa_identity: contest_id=21646 teams 2249/2249 matched, players 6028/6348 matched
2026-08-24 01:59:13,447 INFO ncaa_identity: contest_id=21777 teams 2246/2246 matched, players 6294/6326 matched
2026-08-24 01:59:14,735 INFO ncaa_identity: contest_id=21795 teams 2406/2406 matched, players 6259/6785 matched
2026-08-24 01:59:16,187 INFO ncaa_identity: contest_id=21815 teams 2696/2696 matched, players 6377/7650 matched
2026-08-24 01:59:20,091 INFO ncaa_identity: contest_id=21886 teams 2118/2118 matched, players 5252/5961 matched
2026-08-24 01:59:22,969 INFO ncaa_identity: contest_id=21960 teams 2293/2293 matched, players 6422/6463 matched
2026-08-24 01:59:26,038 INFO ncaa_identity: contest_id=22028 teams 1938/1938 matched, players 5045/5475 matched
2026-08-24 01:59:31,779 INFO ncaa_identity: contest_id=22121 teams 2245/2245 matched, players 5785/6322 matched
2026-08-24 01:59:33,087 INFO ncaa_identity: contest_id=22147 teams 2626/2626 matched, players 6732/7449 matched
2026-08-24 01:59:37,829 INFO ncaa_identity: contest_id=22242 teams 2134/2134 matched, players 5566/6018 matched
2026-08-24 01:59:39,257 INFO ncaa_identity: contest_id=22283 teams 2174/2174 matched, players 5579/6128 matched
2026-08-24 01:59:41,948 INFO ncaa_identity: contest_id=22348 teams 2811/2811 matched, players 7676/7996 matched
2026-08-24 01:59:46,761 INFO ncaa_identity: contest_id=22520 teams 2320/2320 matched, players 6411/6502 matched
2026-08-24 01:59:48,392 INFO ncaa_identity: contest_id=22551 teams 1866/1866 matched, players 4774/5235 matched
2026-08-24 01:59:50,699 INFO ncaa_identity: contest_id=22596 teams 2210/2210 matched, players 5100/6244 matched
2026-08-24 01:59:52,260 INFO ncaa_identity: contest_id=22637 teams 2276/2276 matched, players 5997/6476 matched
2026-08-24 01:59:54,740 INFO ncaa_identity: contest_id=22699 teams 2015/2015 matched, players 5244/5688 matched
2026-08-24 01:59:57,647 INFO ncaa_identity: contest_id=22818 teams 2163/2163 matched, players 5918/6024 matched
2026-08-24 02:00:03,531 INFO ncaa_identity: contest_id=22895 teams 2169/2169 matched, players 843/850 matched
2026-08-24 02:00:10,305 INFO ncaa_identity: contest_id=23081 teams 2095/2095 matched, players 5361/5911 matched
2026-08-24 02:00:11,882 INFO ncaa_identity: contest_id=23105 teams 2639/2639 matched, players 7394/7442 matched
2026-08-24 02:00:11,981 INFO 5 starters not found for period 3; using estimate
2026-08-24 02:00:15,317 INFO ncaa_identity: contest_id=23179 teams 1803/1803 matched, players 4839/5086 matched
2026-08-24 02:00:18,264 INFO ncaa_identity: contest_id=23238 teams 2183/2183 matched, players 5658/6141 matched
2026-08-24 02:00:23,123 INFO ncaa_identity: contest_id=23362 teams 2266/2266 matched, players 5843/6397 matched
2026-08-24 02:00:26,020 INFO ncaa_identity: contest_id=23470 teams 2159/2159 matched, players 5832/6131 matched
2026-08-24 02:00:28,790 INFO ncaa_identity: contest_id=23551 teams 2100/2100 matched, players 5696/5898 matched
2026-08-24 02:00:32,566 INFO ncaa_identity: contest_id=23611 teams 2245/2245 matched, players 5391/6269 matched
2026-08-24 02:00:35,471 INFO ncaa_identity: contest_id=23648 teams 2158/2158 matched, players 5554/6080 matched
2026-08-24 02:00:38,932 INFO ncaa_identity: contest_id=23680 teams 1812/1812 matched, players 4764/5078 matched
2026-08-24 02:00:42,488 INFO ncaa_identity: contest_id=23722 teams 1219/2435 matched, players 3428/6876 matched
2026-08-24 02:00:55,918 INFO ncaa_identity: contest_id=23796 teams 1781/1781 matched, players 4311/4994 matched
2026-08-24 02:01:00,211 INFO ncaa_identity: contest_id=23837 teams 2650/2650 matched, players 7322/7534 matched
2026-08-24 02:01:09,960 INFO ncaa_identity: contest_id=23968 teams 2290/2290 matched, players 5719/6466 matched
2026-08-24 02:01:16,537 INFO ncaa_identity: contest_id=23983 teams 2954/2954 matched, players 7820/8380 matched
2026-08-24 02:01:30,503 INFO ncaa_identity: contest_id=24032 teams 2497/2497 matched, players 6465/7117 matched
2026-08-24 02:01:35,161 INFO ncaa_identity: contest_id=24054 teams 2756/2756 matched, players 7551/7823 matched
2026-08-24 02:01:47,898 INFO ncaa_identity: contest_id=24152 teams 1153/2372 matched, players 2986/6682 matched
2026-08-24 02:01:53,350 INFO ncaa_identity: contest_id=24178 teams 2403/2403 matched, players 6359/6769 matched
2026-08-24 02:02:11,779 INFO ncaa_identity: contest_id=24260 teams 2067/2067 matched, players 5758/5842 matched
2026-08-24 02:02:17,359 INFO ncaa_identity: contest_id=24282 teams 2626/2626 matched, players 6428/7433 matched
2026-08-24 02:02:37,441 INFO ncaa_identity: contest_id=24399 teams 2427/2427 matched, players 5683/6829 matched
2026-08-24 02:02:38,142 INFO 5 starters not found for period 3; using estimate
2026-08-24 02:03:03,576 INFO ncaa_identity: contest_id=24617 teams 2041/2041 matched, players 5372/5792 matched
2026-08-24 02:03:07,616 INFO ncaa_identity: contest_id=24630 teams 2318/2318 matched, players 5952/6547 matched
2026-08-24 02:03:08,233 INFO 5 starters not found for period 3; using estimate
2026-08-24 02:03:20,914 INFO ncaa_identity: contest_id=24687 teams 2428/2428 matched, players 6266/6847 matched
2026-08-24 02:03:26,522 INFO ncaa_identity: contest_id=24711 teams 2286/2286 matched, players 6399/6411 matched
2026-08-24 02:04:13,210 INFO ncaa_identity: contest_id=24975 teams 1876/1876 matched, players 5134/5269 matched
2026-08-24 02:04:17,130 INFO ncaa_identity: contest_id=24991 teams 2205/2205 matched, players 5693/6145 matched
2026-08-24 02:04:26,305 INFO ncaa_identity: contest_id=25053 teams 2203/2203 matched, players 6139/6247 matched
2026-08-24 02:04:32,332 INFO ncaa_identity: contest_id=25072 teams 2704/2704 matched, players 7040/7663 matched
2026-08-24 02:04:41,571 INFO ncaa_identity: contest_id=25166 teams 1945/1945 matched, players 4993/5487 matched
2026-08-24 02:04:45,875 INFO ncaa_identity: contest_id=25186 teams 1983/1983 matched, players 5196/5630 matched
2026-08-24 02:05:01,088 INFO ncaa_identity: contest_id=25240 teams 2033/2033 matched, players 5396/5750 matched
2026-08-24 02:05:09,239 INFO ncaa_identity: contest_id=25264 teams 1853/1853 matched, players 4984/5229 matched
2026-08-24 02:05:18,118 INFO ncaa_identity: contest_id=25297 teams 1922/1922 matched, players 5156/5442 matched
2026-08-24 02:05:42,209 INFO ncaa_identity: contest_id=25393 teams 1164/2380 matched, players 3357/6727 matched
2026-08-24 02:05:52,574 INFO ncaa_identity: contest_id=25476 teams 2676/2676 matched, players 7052/7533 matched
2026-08-24 02:05:56,556 INFO ncaa_identity: contest_id=25502 teams 1911/1911 matched, players 4799/5349 matched
2026-08-24 02:06:24,888 INFO ncaa_identity: contest_id=25600 teams 2577/2577 matched, players 6931/7295 matched
2026-08-24 02:06:44,605 INFO ncaa_identity: contest_id=25835 teams 2225/2225 matched, players 5514/6245 matched
2026-08-24 02:06:45,823 INFO ncaa_identity: contest_id=25845 teams 2126/2126 matched, players 5847/6011 matched
2026-08-24 02:06:48,594 INFO ncaa_identity: contest_id=25865 teams 2565/2565 matched, players 7222/7229 matched
2026-08-24 02:06:51,295 INFO ncaa_identity: contest_id=25885 teams 2202/2202 matched, players 5668/6203 matched
2026-08-24 02:06:56,188 INFO ncaa_identity: contest_id=25971 teams 2460/2460 matched, players 6694/6935 matched
2026-08-24 02:07:00,980 INFO ncaa_identity: contest_id=26018 teams 982/1977 matched, players 2774/5573 matched
2026-08-24 02:07:04,454 INFO ncaa_identity: contest_id=26047 teams 2205/2205 matched, players 5953/6194 matched
2026-08-24 02:07:06,273 INFO ncaa_identity: contest_id=26057 teams 2624/2624 matched, players 6495/7430 matched
2026-08-24 02:07:07,883 INFO ncaa_identity: contest_id=26067 teams 2166/2166 matched, players 5810/6067 matched
2026-08-24 02:07:14,677 WARNING ncaa_parse: family=lineups contest_id=26107 team=Georgetown produced NO good stints (18 bad, roster=9) -- parsed successfully but contributed nothing
2026-08-24 02:07:15,165 WARNING ncaa_parse: family=lineups contest_id=26107 team=St. John's (NY) produced NO good stints (24 bad, roster=7) -- parsed successfully but contributed nothing
2026-08-24 02:07:23,040 INFO ncaa_identity: contest_id=26148 teams 2146/2146 matched, players 5966/6064 matched
2026-08-24 02:07:24,695 INFO ncaa_identity: contest_id=26158 teams 2550/2550 matched, players 6528/7212 matched
2026-08-24 02:07:26,065 INFO ncaa_identity: contest_id=26175 teams 1959/1959 matched, players 5258/5511 matched
2026-08-24 02:07:29,814 INFO ncaa_identity: contest_id=26196 teams 2618/2618 matched, players 7045/7396 matched
2026-08-24 02:07:33,198 INFO ncaa_identity: contest_id=26231 teams 1914/1914 matched, players 5121/5400 matched
2026-08-24 02:07:38,570 INFO ncaa_identity: contest_id=26306 teams 2202/2202 matched, players 5798/6200 matched
2026-08-24 02:07:43,246 INFO ncaa_identity: contest_id=26343 teams 2245/2245 matched, players 5684/6273 matched
2026-08-24 02:07:46,308 INFO ncaa_identity: contest_id=26363 teams 2363/2363 matched, players 6609/6689 matched
2026-08-24 02:07:51,411 INFO ncaa_identity: contest_id=26406 teams 2240/2240 matched, players 6217/6326 matched
2026-08-24 02:07:53,963 INFO ncaa_identity: contest_id=26430 teams 2190/2190 matched, players 5651/6161 matched
2026-08-24 02:07:56,988 INFO ncaa_identity: contest_id=26453 teams 2299/2299 matched, players 5965/6492 matched
2026-08-24 02:08:00,464 INFO ncaa_identity: contest_id=1602680 teams 1347/2599 matched, players 3430/7141 matched
2026-08-24 02:08:03,323 INFO ncaa_identity: contest_id=1602700 teams 2248/2248 matched, players 5650/6302 matched
2026-08-24 02:08:04,737 INFO ncaa_identity: contest_id=1602710 teams 2500/2500 matched, players 6816/6863 matched
2026-08-24 02:08:06,699 INFO ncaa_identity: contest_id=1602720 teams 1197/2439 matched, players 3411/6869 matched
2026-08-24 02:08:07,899 INFO ncaa_identity: contest_id=1602731 teams 1082/2110 matched, players 2974/5919 matched
2026-08-24 02:08:09,864 INFO ncaa_identity: contest_id=1602741 teams 2352/2352 matched, players 5607/6653 matched
2026-08-24 02:08:11,667 INFO ncaa_identity: contest_id=1602751 teams 1290/2500 matched, players 3442/6844 matched
2026-08-24 02:08:13,644 INFO ncaa_identity: contest_id=1602762 teams 2708/2708 matched, players 7109/7110 matched
2026-08-24 02:08:15,076 INFO ncaa_identity: contest_id=1602772 teams 1299/2539 matched, players 3503/6922 matched
2026-08-24 02:08:16,910 INFO ncaa_identity: contest_id=1602782 teams 2573/2573 matched, players 6956/6959 matched
2026-08-24 02:08:18,188 INFO ncaa_identity: contest_id=1602792 teams 1339/2571 matched, players 3708/7264 matched
2026-08-24 02:08:19,738 INFO ncaa_identity: contest_id=1602804 teams 2310/2310 matched, players 6223/6482 matched
2026-08-24 02:08:21,156 INFO ncaa_identity: contest_id=1602814 teams 1556/2995 matched, players 3965/8480 matched
2026-08-24 02:08:22,437 INFO ncaa_identity: contest_id=1602824 teams 1241/2440 matched, players 3485/6837 matched
2026-08-24 02:08:24,090 INFO ncaa_identity: contest_id=1602835 teams 1643/3292 matched, players 3234/9317 matched
2026-08-24 02:08:28,266 INFO ncaa_identity: contest_id=1602906 teams 1108/2238 matched, players 3144/6322 matched
2026-08-24 02:08:32,663 INFO ncaa_identity: contest_id=1603025 teams 2352/2352 matched, players 6317/6655 matched
2026-08-24 02:08:33,969 INFO ncaa_identity: contest_id=1603039 teams 1229/2516 matched, players 3376/6886 matched
2026-08-24 02:08:37,227 INFO ncaa_identity: contest_id=1603101 teams 2405/2405 matched, players 220/412 matched
2026-08-24 02:08:38,748 INFO ncaa_identity: contest_id=1603124 teams 2317/2317 matched, players 6500/6562 matched
2026-08-24 02:08:41,969 INFO ncaa_identity: contest_id=1603169 teams 2159/2159 matched, players 285/469 matched
2026-08-24 02:08:43,683 INFO ncaa_identity: contest_id=1603216 teams 2084/2084 matched, players 5445/5895 matched
2026-08-24 02:08:45,104 INFO ncaa_identity: contest_id=1603308 teams 2606/2606 matched, players 6889/7346 matched
2026-08-24 02:08:46,951 INFO ncaa_identity: contest_id=1603362 teams 2339/2339 matched, players 255/444 matched
2026-08-24 02:08:51,208 INFO ncaa_identity: contest_id=1603438 teams 2297/2297 matched, players 6221/6509 matched
2026-08-24 02:08:53,185 INFO ncaa_identity: contest_id=1603462 teams 2653/2653 matched, players 6887/7248 matched
2026-08-24 02:08:54,528 INFO ncaa_identity: contest_id=1603486 teams 1242/2383 matched, players 3414/6710 matched
2026-08-24 02:08:56,445 INFO ncaa_identity: contest_id=1603500 teams 2729/2729 matched, players 7310/7403 matched
2026-08-24 02:08:57,772 INFO ncaa_identity: contest_id=1603521 teams 1367/2742 matched, players 3748/7490 matched
2026-08-24 02:09:01,047 INFO ncaa_identity: contest_id=1603549 teams 2255/2255 matched, players 6194/6373 matched
2026-08-24 02:09:02,474 INFO ncaa_identity: contest_id=1603565 teams 1153/2270 matched, players 3205/6417 matched
2026-08-24 02:09:03,878 INFO ncaa_identity: contest_id=1603586 teams 1329/2630 matched, players 3304/7384 matched
2026-08-24 02:09:05,425 INFO ncaa_identity: contest_id=1603609 teams 2483/2483 matched, players 6384/7003 matched
2026-08-24 02:09:07,794 INFO ncaa_identity: contest_id=1603660 teams 2183/2183 matched, players 6056/6149 matched
2026-08-24 02:09:09,544 INFO ncaa_identity: contest_id=1603679 teams 2550/2550 matched, players 6773/6871 matched
2026-08-24 02:09:11,156 INFO ncaa_identity: contest_id=1603703 teams 2744/2744 matched, players 7337/7545 matched
2026-08-24 02:09:12,927 INFO ncaa_identity: contest_id=1603758 teams 2274/2274 matched, players 5671/5684 matched
2026-08-24 02:09:17,615 INFO ncaa_identity: contest_id=1603823 teams 1517/2891 matched, players 3809/7969 matched
2026-08-24 02:09:19,542 INFO ncaa_identity: contest_id=1603854 teams 1205/2449 matched, players 3338/6697 matched
2026-08-24 02:09:24,348 INFO ncaa_identity: contest_id=1603940 teams 1227/2432 matched, players 3453/6846 matched
2026-08-24 02:09:26,225 INFO ncaa_identity: contest_id=1603973 teams 2565/2565 matched, players 7189/7212 matched
2026-08-24 02:09:35,367 INFO ncaa_identity: contest_id=1604166 teams 2198/2198 matched, players 5986/6152 matched
2026-08-24 02:09:37,240 INFO ncaa_identity: contest_id=1604212 teams 2774/2774 matched, players 6968/7818 matched
2026-08-24 02:09:41,319 INFO ncaa_identity: contest_id=1604443 teams 1296/2488 matched, players 3572/7016 matched
2026-08-24 02:09:43,354 INFO ncaa_identity: contest_id=1604537 teams 1127/2201 matched, players 2874/6130 matched
2026-08-24 02:09:45,111 INFO ncaa_identity: contest_id=1604602 teams 1409/2787 matched, players 3360/7861 matched
2026-08-24 02:09:49,742 INFO ncaa_identity: contest_id=1604743 teams 2368/2368 matched, players 5979/5995 matched
2026-08-24 02:09:56,215 INFO ncaa_identity: contest_id=1604813 teams 2691/2691 matched, players 7203/7714 matched
2026-08-24 02:09:59,500 INFO ncaa_identity: contest_id=1604848 teams 1232/2322 matched, players 3332/6578 matched
2026-08-24 02:10:02,650 INFO ncaa_identity: contest_id=1604944 teams 2617/2617 matched, players 7273/7327 matched
2026-08-24 02:10:04,609 INFO ncaa_identity: contest_id=1604976 teams 2840/2840 matched, players 7604/8066 matched
2026-08-24 02:10:07,614 INFO ncaa_identity: contest_id=1605135 teams 2582/2582 matched, players 7261/7262 matched
2026-08-24 02:10:11,287 INFO ncaa_identity: contest_id=1605199 teams 2722/2722 matched, players 7628/7702 matched
2026-08-24 02:10:13,543 INFO ncaa_identity: contest_id=1605214 teams 1447/2769 matched, players 3910/7781 matched
2026-08-24 02:10:15,196 INFO ncaa_identity: contest_id=1605232 teams 1240/2438 matched, players 3256/6841 matched
2026-08-24 02:10:16,983 INFO ncaa_identity: contest_id=1605249 teams 2383/2383 matched, players 6487/6704 matched
2026-08-24 02:10:20,825 INFO ncaa_identity: contest_id=1605307 teams 2833/2833 matched, players 7595/7772 matched
2026-08-24 02:10:22,470 INFO ncaa_identity: contest_id=1605339 teams 1361/2760 matched, players 3168/7830 matched
2026-08-24 02:10:26,220 INFO ncaa_identity: contest_id=1605391 teams 1909/1909 matched, players 424/670 matched
2026-08-24 02:10:27,926 INFO ncaa_identity: contest_id=1605421 teams 1065/2160 matched, players 3022/6062 matched
2026-08-24 02:10:31,247 INFO ncaa_identity: contest_id=1605466 teams 2328/2328 matched, players 6107/6572 matched
2026-08-24 02:10:32,579 INFO ncaa_identity: contest_id=1605491 teams 2206/2206 matched, players 5930/6210 matched
2026-08-24 02:10:34,489 INFO ncaa_identity: contest_id=1605542 teams 2461/2461 matched, players 6711/6912 matched
2026-08-24 02:10:37,554 INFO ncaa_identity: contest_id=1605641 teams 2374/2374 matched, players 6346/6716 matched
2026-08-24 02:10:39,235 INFO ncaa_identity: contest_id=1605687 teams 2390/2390 matched, players 6134/6179 matched
2026-08-24 02:10:42,631 INFO ncaa_identity: contest_id=1605752 teams 1374/2690 matched, players 3441/7386 matched
2026-08-24 02:10:45,611 INFO ncaa_identity: contest_id=1605802 teams 2307/2307 matched, players 6089/6513 matched
2026-08-24 02:10:47,149 INFO ncaa_identity: contest_id=1605841 teams 1241/2395 matched, players 3447/6780 matched
2026-08-24 02:10:50,470 INFO ncaa_identity: contest_id=1605899 teams 0/2608 matched, players 0/6780 matched
2026-08-24 02:10:54,149 INFO ncaa_identity: contest_id=1605946 teams 2686/2686 matched, players 7225/7381 matched
2026-08-24 02:10:55,786 INFO ncaa_identity: contest_id=1605970 teams 2363/2363 matched, players 6337/6649 matched
2026-08-24 02:10:57,362 INFO ncaa_identity: contest_id=1605982 teams 2302/2302 matched, players 5718/6474 matched
2026-08-24 02:10:58,728 INFO ncaa_identity: contest_id=1606001 teams 2175/2175 matched, players 6128/6188 matched
2026-08-24 02:11:00,668 INFO ncaa_identity: contest_id=1606017 teams 2186/2186 matched, players 5762/6144 matched
2026-08-24 02:11:06,631 INFO ncaa_identity: contest_id=1606169 teams 1277/2515 matched, players 3554/7114 matched
2026-08-24 02:11:08,708 INFO ncaa_identity: contest_id=1606196 teams 2199/2199 matched, players 5819/5986 matched
2026-08-24 02:11:10,165 INFO ncaa_identity: contest_id=1606263 teams 2372/2372 matched, players 6318/6688 matched
2026-08-24 02:11:13,420 INFO ncaa_identity: contest_id=1606307 teams 2597/2597 matched, players 7010/7303 matched
2026-08-24 02:11:17,824 INFO ncaa_identity: contest_id=1606374 teams 1083/2242 matched, players 3141/6325 matched
2026-08-24 02:11:21,527 INFO ncaa_identity: contest_id=1606430 teams 2627/2627 matched, players 6226/7242 matched
2026-08-24 02:11:22,952 INFO ncaa_identity: contest_id=1606462 teams 2379/2379 matched, players 6253/6725 matched
2026-08-24 02:11:24,986 INFO ncaa_identity: contest_id=1606585 teams 2507/2507 matched, players 6854/6901 matched
2026-08-24 02:11:34,304 INFO ncaa_identity: contest_id=1606753 teams 2766/2766 matched, players 7667/7818 matched
2026-08-24 02:11:35,814 INFO ncaa_identity: contest_id=1606768 teams 2181/2181 matched, players 5804/6128 matched
2026-08-24 02:11:40,056 INFO ncaa_identity: contest_id=1606844 teams 2610/2610 matched, players 7036/7040 matched
2026-08-24 02:11:41,821 INFO ncaa_identity: contest_id=1606869 teams 1106/2264 matched, players 3190/6347 matched
2026-08-24 02:11:48,256 INFO ncaa_identity: contest_id=1606955 teams 2368/2368 matched, players 6647/6649 matched
2026-08-24 02:11:51,268 INFO ncaa_identity: contest_id=1607034 teams 2499/2499 matched, players 6552/7046 matched
2026-08-24 02:11:54,815 INFO ncaa_identity: contest_id=1607065 teams 2785/2785 matched, players 7278/7294 matched
2026-08-24 02:11:59,850 INFO ncaa_identity: contest_id=1607142 teams 2497/2497 matched, players 6670/7046 matched
2026-08-24 02:12:01,219 INFO ncaa_identity: contest_id=1607215 teams 1123/2137 matched, players 375/850 matched
2026-08-24 02:12:06,463 INFO ncaa_identity: contest_id=1607356 teams 2576/2576 matched, players 6781/7276 matched
2026-08-24 02:12:07,892 INFO ncaa_identity: contest_id=1607368 teams 2464/2464 matched, players 6385/6726 matched
2026-08-24 02:12:09,572 INFO ncaa_identity: contest_id=1607400 teams 2184/2184 matched, players 5516/6187 matched
2026-08-24 02:12:11,163 INFO ncaa_identity: contest_id=1607425 teams 1476/2879 matched, players 2894/7943 matched
2026-08-24 02:12:14,162 INFO ncaa_identity: contest_id=1607588 teams 2335/2335 matched, players 6144/6629 matched
2026-08-24 02:12:15,246 INFO ncaa_identity: contest_id=1607629 teams 2121/2121 matched, players 5883/6020 matched
2026-08-24 02:12:16,894 INFO ncaa_identity: contest_id=1607655 teams 1313/2516 matched, players 3619/7155 matched
2026-08-24 02:12:20,241 INFO ncaa_identity: contest_id=1607706 teams 2109/2109 matched, players 5331/5926 matched
2026-08-24 02:12:23,689 INFO ncaa_identity: contest_id=1607748 teams 1479/2892 matched, players 4010/7942 matched
2026-08-24 02:12:25,087 INFO ncaa_identity: contest_id=1607759 teams 1197/2443 matched, players 3434/6912 matched
2026-08-24 02:12:28,280 INFO ncaa_identity: contest_id=1607816 teams 1188/2427 matched, players 3337/6783 matched
2026-08-24 02:12:33,748 INFO ncaa_identity: contest_id=1607899 teams 3060/3060 matched, players 7924/8354 matched
2026-08-24 02:12:38,078 INFO ncaa_identity: contest_id=1607985 teams 1225/2476 matched, players 3470/6970 matched
2026-08-24 02:12:39,791 INFO ncaa_identity: contest_id=1608051 teams 2272/2272 matched, players 6006/6423 matched
2026-08-24 02:12:41,427 INFO ncaa_identity: contest_id=1608067 teams 3084/3084 matched, players 8631/8795 matched
2026-08-24 02:12:48,317 INFO ncaa_identity: contest_id=1608245 teams 2062/2062 matched, players 5790/5842 matched
2026-08-24 02:12:49,889 INFO ncaa_identity: contest_id=1608259 teams 2280/2280 matched, players 6085/6466 matched
2026-08-24 02:12:53,315 INFO ncaa_identity: contest_id=1608298 teams 2583/2583 matched, players 6774/7338 matched
2026-08-24 02:12:54,677 INFO ncaa_identity: contest_id=1608320 teams 2156/2156 matched, players 6034/6054 matched
2026-08-24 02:12:56,309 INFO ncaa_identity: contest_id=1608342 teams 1353/2698 matched, players 3904/7434 matched
2026-08-24 02:12:59,434 INFO ncaa_identity: contest_id=1608435 teams 1295/2603 matched, players 3671/7383 matched
2026-08-24 02:13:01,364 INFO ncaa_identity: contest_id=1608454 teams 1314/2622 matched, players 3710/7409 matched
2026-08-24 02:13:03,176 INFO ncaa_identity: contest_id=1608485 teams 1174/2333 matched, players 3209/6550 matched
2026-08-24 02:13:11,109 INFO ncaa_identity: contest_id=1608643 teams 2678/2678 matched, players 6630/7392 matched
2026-08-24 02:13:12,867 INFO ncaa_identity: contest_id=1608673 teams 1126/2238 matched, players 3169/6335 matched
2026-08-24 02:13:14,370 INFO ncaa_identity: contest_id=1608733 teams 2499/2499 matched, players 6653/6657 matched
2026-08-24 02:13:16,103 INFO ncaa_identity: contest_id=1608748 teams 2165/2165 matched, players 5614/6104 matched
2026-08-24 02:13:25,454 INFO ncaa_identity: contest_id=1608890 teams 1220/2447 matched, players 3362/6669 matched
2026-08-24 02:13:27,202 INFO ncaa_identity: contest_id=1608911 teams 1224/2485 matched, players 3540/7018 matched
2026-08-24 02:13:30,139 INFO ncaa_identity: contest_id=1608933 teams 2697/2697 matched, players 7117/7602 matched
2026-08-24 02:13:35,395 INFO ncaa_identity: contest_id=1608971 teams 2534/2534 matched, players 6399/6407 matched
2026-08-24 02:13:36,891 INFO ncaa_identity: contest_id=1608981 teams 1093/2170 matched, players 2564/6114 matched
2026-08-24 02:13:40,247 INFO ncaa_identity: contest_id=1609003 teams 2116/2116 matched, players 5450/5964 matched
2026-08-24 02:13:45,017 INFO ncaa_identity: contest_id=1609041 teams 2391/2391 matched, players 6157/6486 matched
2026-08-24 02:13:48,620 INFO ncaa_identity: contest_id=1609064 teams 2465/2465 matched, players 6703/6741 matched
2026-08-24 02:13:52,277 INFO ncaa_identity: contest_id=1609128 teams 2513/2513 matched, players 6641/7096 matched
2026-08-24 02:13:56,653 INFO ncaa_identity: contest_id=1609214 teams 2455/2455 matched, players 6710/6717 matched
2026-08-24 02:14:04,066 INFO ncaa_identity: contest_id=1609352 teams 1188/2359 matched, players 2906/6669 matched
2026-08-24 02:14:06,934 INFO ncaa_identity: contest_id=1609396 teams 1053/2132 matched, players 2785/6010 matched
2026-08-24 02:14:08,975 INFO ncaa_identity: contest_id=1609411 teams 1120/2296 matched, players 3218/6450 matched
2026-08-24 02:14:12,221 INFO ncaa_identity: contest_id=1609510 teams 1312/2599 matched, players 3673/7349 matched
2026-08-24 02:14:16,638 INFO ncaa_identity: contest_id=1609592 teams 2739/2739 matched, players 7071/7520 matched
2026-08-24 02:14:20,358 INFO ncaa_identity: contest_id=1609636 teams 2565/2565 matched, players 7032/7081 matched
2026-08-24 02:14:31,368 INFO ncaa_identity: contest_id=1609862 teams 2110/2110 matched, players 5744/5978 matched
2026-08-24 02:14:33,707 INFO ncaa_identity: contest_id=1609878 teams 2520/2520 matched, players 6608/7124 matched
2026-08-24 02:14:35,587 INFO ncaa_identity: contest_id=1609892 teams 2426/2426 matched, players 6435/6441 matched
2026-08-24 02:14:42,478 INFO ncaa_identity: contest_id=1609981 teams 1847/1847 matched, players 4869/5197 matched
2026-08-24 02:14:46,548 INFO ncaa_identity: contest_id=1610097 teams 2477/2477 matched, players 6268/7008 matched
2026-08-24 02:14:48,220 INFO ncaa_identity: contest_id=1610113 teams 2367/2367 matched, players 6276/6682 matched
2026-08-24 02:14:54,936 INFO 5 starters not found for period 3; using estimate
2026-08-24 02:14:56,920 INFO ncaa_identity: contest_id=1610309 teams 2909/2909 matched, players 7570/8267 matched
2026-08-24 02:14:58,919 INFO ncaa_identity: contest_id=1610354 teams 2175/2175 matched, players 5431/6082 matched
2026-08-24 02:15:00,436 INFO ncaa_identity: contest_id=1610407 teams 2687/2687 matched, players 7115/7556 matched
2026-08-24 02:15:02,444 INFO ncaa_identity: contest_id=1610431 teams 2761/2761 matched, players 7537/7595 matched
2026-08-24 02:15:07,317 INFO ncaa_identity: contest_id=1610493 teams 1491/2917 matched, players 3994/8037 matched
2026-08-24 02:15:09,210 INFO ncaa_identity: contest_id=1610508 teams 0/2403 matched, players 0/6565 matched
2026-08-24 02:15:15,528 INFO ncaa_identity: contest_id=1610607 teams 2739/2739 matched, players 7712/7744 matched
2026-08-24 02:15:20,487 INFO ncaa_identity: contest_id=1610719 teams 1218/2336 matched, players 3313/6576 matched
2026-08-24 02:15:22,093 INFO ncaa_identity: contest_id=1610738 teams 2177/2177 matched, players 5902/6101 matched
2026-08-24 02:15:24,008 INFO ncaa_identity: contest_id=1610763 teams 2399/2399 matched, players 6036/6764 matched
2026-08-24 02:15:31,032 INFO ncaa_identity: contest_id=1610941 teams 1863/1863 matched, players 4955/5281 matched
2026-08-24 02:15:34,344 INFO ncaa_identity: contest_id=1610964 teams 2581/2581 matched, players 7059/7304 matched
2026-08-24 02:15:40,040 INFO ncaa_identity: contest_id=1611074 teams 2302/2302 matched, players 6140/6477 matched
2026-08-24 02:15:50,835 INFO ncaa_identity: contest_id=1611248 teams 2813/2813 matched, players 7567/8061 matched
2026-08-24 02:15:54,055 INFO ncaa_identity: contest_id=1611411 teams 2319/2319 matched, players 5812/6527 matched
2026-08-24 02:15:57,099 INFO ncaa_identity: contest_id=1611512 teams 2249/2249 matched, players 6037/6325 matched
2026-08-24 02:16:00,191 INFO ncaa_identity: contest_id=1611552 teams 2706/2706 matched, players 7126/7653 matched
2026-08-24 02:16:01,755 INFO ncaa_identity: contest_id=1611572 teams 2232/2232 matched, players 6074/6258 matched
2026-08-24 02:16:04,748 INFO ncaa_identity: contest_id=1611608 teams 2089/2089 matched, players 5402/5920 matched
2026-08-24 02:16:08,989 INFO ncaa_identity: contest_id=1611680 teams 2517/2517 matched, players 6707/7043 matched
2026-08-24 02:16:11,807 INFO ncaa_identity: contest_id=1611732 teams 1969/1969 matched, players 5129/5536 matched
2026-08-24 02:16:19,079 INFO ncaa_identity: contest_id=1611873 teams 2375/2375 matched, players 6683/6713 matched
2026-08-24 02:16:20,493 INFO ncaa_identity: contest_id=1611983 teams 2157/2157 matched, players 5758/5871 matched
2026-08-24 02:16:23,316 INFO ncaa_identity: contest_id=1612033 teams 2661/2661 matched, players 5372/7529 matched
2026-08-24 02:16:26,252 INFO ncaa_identity: contest_id=1612061 teams 1918/1918 matched, players 4980/5375 matched
2026-08-24 02:16:33,319 INFO ncaa_identity: contest_id=1612241 teams 2679/2679 matched, players 6346/7415 matched
2026-08-24 02:16:36,586 INFO ncaa_identity: contest_id=1612288 teams 2948/2948 matched, players 8024/8365 matched
2026-08-24 02:16:39,968 INFO ncaa_identity: contest_id=1612441 teams 2582/2582 matched, players 6846/7339 matched
2026-08-24 02:16:41,492 INFO ncaa_identity: contest_id=1612484 teams 2532/2532 matched, players 7112/7185 matched
2026-08-24 02:16:42,684 INFO ncaa_identity: contest_id=1612548 teams 2181/2181 matched, players 5626/6141 matched
2026-08-24 02:16:44,263 INFO ncaa_identity: contest_id=1612576 teams 0/2141 matched, players 0/6043 matched
2026-08-24 02:16:55,065 INFO ncaa_identity: contest_id=1612722 teams 2373/2373 matched, players 5985/6657 matched
2026-08-24 02:16:58,377 INFO ncaa_identity: contest_id=1612769 teams 2586/2586 matched, players 7025/7307 matched
2026-08-24 02:17:10,856 INFO ncaa_identity: contest_id=1613073 teams 2741/2741 matched, players 7048/7492 matched
2026-08-24 02:17:12,310 INFO ncaa_identity: contest_id=1613088 teams 1133/2289 matched, players 3083/6268 matched
2026-08-24 02:17:16,525 INFO ncaa_identity: contest_id=1613124 teams 1103/2179 matched, players 3128/6165 matched
2026-08-24 02:17:17,757 INFO ncaa_identity: contest_id=1613135 teams 2407/2407 matched, players 5542/6727 matched
2026-08-24 02:17:22,706 INFO ncaa_identity: contest_id=1613291 teams 2486/2486 matched, players 6369/6996 matched
2026-08-24 02:17:24,012 INFO ncaa_identity: contest_id=1613306 teams 1147/2273 matched, players 3131/6247 matched
2026-08-24 02:17:31,357 INFO ncaa_identity: contest_id=1613563 teams 2319/2319 matched, players 6153/6526 matched
2026-08-24 02:17:33,458 INFO ncaa_identity: contest_id=1613604 teams 2295/2295 matched, players 6385/6490 matched
2026-08-24 02:17:39,254 INFO ncaa_identity: contest_id=1613697 teams 2721/2721 matched, players 5769/7727 matched
2026-08-24 02:17:40,851 INFO ncaa_identity: contest_id=1613710 teams 1256/2459 matched, players 3396/6762 matched
2026-08-24 02:17:43,337 INFO ncaa_identity: contest_id=1613729 teams 2868/2868 matched, players 7432/7893 matched
2026-08-24 02:17:44,895 INFO ncaa_identity: contest_id=1613745 teams 2805/2805 matched, players 6378/7942 matched
2026-08-24 02:17:46,589 INFO ncaa_identity: contest_id=1613770 teams 1238/2407 matched, players 3297/6731 matched
2026-08-24 02:17:47,999 INFO ncaa_identity: contest_id=1613786 teams 2756/2756 matched, players 6565/7588 matched
2026-08-24 02:17:49,752 INFO ncaa_identity: contest_id=1613808 teams 2504/2504 matched, players 6589/7038 matched
2026-08-24 02:18:01,763 INFO ncaa_identity: contest_id=1613994 teams 2141/2141 matched, players 5641/6043 matched
2026-08-24 02:18:05,313 INFO ncaa_identity: contest_id=1614147 teams 0/2089 matched, players 0/5905 matched
2026-08-24 02:18:08,322 INFO ncaa_identity: contest_id=1614177 teams 2593/2593 matched, players 6200/7158 matched
2026-08-24 02:18:11,762 INFO ncaa_identity: contest_id=1614201 teams 2258/2258 matched, players 5162/6419 matched
2026-08-24 02:18:13,429 INFO ncaa_identity: contest_id=1614268 teams 2372/2372 matched, players 6202/6439 matched
2026-08-24 02:18:16,456 INFO ncaa_identity: contest_id=1614354 teams 1963/1963 matched, players 732/734 matched
2026-08-24 02:18:23,017 INFO ncaa_identity: contest_id=1614536 teams 2000/2000 matched, players 5259/5596 matched
2026-08-24 02:18:26,228 INFO ncaa_identity: contest_id=1614660 teams 1125/2318 matched, players 3323/6560 matched
2026-08-24 02:18:28,220 INFO ncaa_identity: contest_id=1614695 teams 1566/3131 matched, players 4349/8642 matched
2026-08-24 02:18:29,515 INFO ncaa_identity: contest_id=1614712 teams 2494/2494 matched, players 6435/7092 matched
2026-08-24 02:18:40,543 INFO ncaa_identity: contest_id=1614878 teams 2535/2535 matched, players 6218/7142 matched
2026-08-24 02:18:43,594 INFO ncaa_identity: contest_id=1614920 teams 2777/2777 matched, players 7475/7611 matched
2026-08-24 02:18:44,763 INFO ncaa_identity: contest_id=1614964 teams 2163/2163 matched, players 5857/6103 matched
2026-08-24 02:18:46,562 INFO ncaa_identity: contest_id=1614986 teams 2799/2799 matched, players 7601/7883 matched
2026-08-24 02:18:47,689 INFO ncaa_identity: contest_id=1615011 teams 2236/2236 matched, players 5958/6307 matched
2026-08-24 02:18:49,249 INFO ncaa_identity: contest_id=1615037 teams 2200/2200 matched, players 5621/6204 matched
2026-08-24 02:18:50,685 INFO ncaa_identity: contest_id=1615101 teams 2600/2600 matched, players 6833/7338 matched
2026-08-24 02:18:52,063 INFO ncaa_identity: contest_id=1615188 teams 2185/2185 matched, players 5679/6181 matched
2026-08-24 02:18:53,500 INFO ncaa_identity: contest_id=1615205 teams 2382/2382 matched, players 6121/6697 matched
2026-08-24 02:18:56,508 INFO ncaa_identity: contest_id=1615230 teams 2524/2524 matched, players 6112/7137 matched
2026-08-24 02:18:58,093 INFO ncaa_identity: contest_id=1615241 teams 2664/2664 matched, players 7325/7335 matched
2026-08-24 02:19:01,106 INFO ncaa_identity: contest_id=1615319 teams 2223/2223 matched, players 6014/6081 matched
2026-08-24 02:19:02,342 INFO ncaa_identity: contest_id=1615349 teams 1962/1962 matched, players 4978/5360 matched
2026-08-24 02:19:03,851 INFO ncaa_identity: contest_id=1615408 teams 2330/2330 matched, players 5435/6604 matched
2026-08-24 02:19:05,138 INFO ncaa_identity: contest_id=1615420 teams 2106/2106 matched, players 5185/5959 matched
2026-08-24 02:19:06,362 INFO ncaa_identity: contest_id=1615445 teams 1873/1873 matched, players 4762/5256 matched
2026-08-24 02:19:08,021 INFO ncaa_identity: contest_id=1615465 teams 2381/2381 matched, players 6476/6731 matched
2026-08-24 02:19:09,453 INFO ncaa_identity: contest_id=1615484 teams 2156/2156 matched, players 6065/6083 matched
2026-08-24 02:19:11,286 INFO ncaa_identity: contest_id=1615611 teams 2204/2204 matched, players 5872/6208 matched
2026-08-24 02:19:15,875 INFO ncaa_identity: contest_id=1615756 teams 2156/2156 matched, players 5873/6047 matched
2026-08-24 02:19:18,595 INFO ncaa_identity: contest_id=1615810 teams 2605/2605 matched, players 6969/7369 matched
2026-08-24 02:19:22,543 INFO ncaa_identity: contest_id=1615853 teams 2268/2268 matched, players 5735/6380 matched
2026-08-24 02:19:24,068 INFO ncaa_identity: contest_id=1615879 teams 2424/2424 matched, players 6670/6863 matched
2026-08-24 02:19:32,382 INFO ncaa_identity: contest_id=1616036 teams 2639/2639 matched, players 6889/7486 matched
2026-08-24 02:19:33,469 INFO ncaa_identity: contest_id=1616059 teams 1974/1974 matched, players 5138/5588 matched
2026-08-24 02:19:35,180 INFO ncaa_identity: contest_id=1616073 teams 2961/2961 matched, players 7842/8173 matched
2026-08-24 02:19:43,851 INFO ncaa_identity: contest_id=1616298 teams 2636/2636 matched, players 6642/7250 matched
2026-08-24 02:19:45,153 INFO ncaa_identity: contest_id=1616310 teams 2121/2121 matched, players 758/794 matched
2026-08-24 02:19:48,107 INFO ncaa_identity: contest_id=1616393 teams 2816/2816 matched, players 7111/7977 matched
2026-08-24 02:19:53,318 INFO ncaa_identity: contest_id=1616494 teams 2145/2145 matched, players 5751/6080 matched
2026-08-24 02:20:00,530 INFO ncaa_identity: contest_id=1616779 teams 2305/2305 matched, players 6389/6512 matched
2026-08-24 02:20:05,932 INFO ncaa_identity: contest_id=1616856 teams 2379/2379 matched, players 6248/6740 matched
2026-08-24 02:20:08,813 INFO ncaa_identity: contest_id=1616901 teams 2140/2140 matched, players 5688/6022 matched
2026-08-24 02:20:10,619 INFO ncaa_identity: contest_id=1616911 teams 2289/2289 matched, players 5943/6403 matched
2026-08-24 02:20:13,343 INFO ncaa_identity: contest_id=1616949 teams 2576/2576 matched, players 6899/7322 matched
2026-08-24 02:20:14,739 INFO ncaa_identity: contest_id=1616961 teams 2175/2175 matched, players 5595/6139 matched
2026-08-24 02:20:17,445 INFO ncaa_identity: contest_id=1617002 teams 2185/2185 matched, players 5631/6156 matched
2026-08-24 02:20:24,016 INFO ncaa_identity: contest_id=1617084 teams 2654/2654 matched, players 6982/7271 matched
2026-08-24 02:20:27,179 INFO ncaa_identity: contest_id=1617110 teams 2490/2490 matched, players 6426/6826 matched
2026-08-24 02:20:31,738 INFO ncaa_identity: contest_id=1617160 teams 2563/2563 matched, players 6666/7234 matched
2026-08-24 02:20:36,844 INFO ncaa_identity: contest_id=1617258 teams 0/2259 matched, players 0/6156 matched
2026-08-24 02:20:42,412 INFO ncaa_identity: contest_id=1617373 teams 2496/2496 matched, players 6876/6884 matched
2026-08-24 02:20:43,814 INFO ncaa_identity: contest_id=1617406 teams 2333/2333 matched, players 5504/6581 matched
2026-08-24 02:20:48,185 INFO ncaa_identity: contest_id=1617457 teams 2459/2459 matched, players 6648/6926 matched
2026-08-24 02:20:50,863 INFO ncaa_identity: contest_id=1617479 teams 2154/2154 matched, players 5701/6106 matched
2026-08-24 02:20:56,111 INFO ncaa_identity: contest_id=1617538 teams 2009/2009 matched, players 5552/5671 matched
2026-08-24 02:20:57,534 INFO ncaa_identity: contest_id=1617549 teams 1318/2555 matched, players 3666/7239 matched
2026-08-24 02:21:02,220 INFO ncaa_identity: contest_id=1617598 teams 2085/2085 matched, players 5713/5872 matched
2026-08-24 02:21:04,338 INFO ncaa_identity: contest_id=1617609 teams 2302/2302 matched, players 5890/6501 matched
2026-08-24 02:21:10,207 INFO ncaa_identity: contest_id=1617691 teams 2255/2255 matched, players 6163/6179 matched
2026-08-24 02:21:16,298 INFO ncaa_identity: contest_id=1617724 teams 2973/2973 matched, players 7836/8221 matched
2026-08-24 02:21:19,668 INFO ncaa_identity: contest_id=1617793 teams 2447/2447 matched, players 6638/6928 matched
2026-08-24 02:21:21,562 INFO ncaa_identity: contest_id=1617804 teams 2227/2227 matched, players 5940/6238 matched
2026-08-24 02:21:26,921 INFO ncaa_identity: contest_id=1617843 teams 2544/2544 matched, players 6676/6998 matched
2026-08-24 02:21:28,610 INFO ncaa_identity: contest_id=1617854 teams 2423/2423 matched, players 6826/6848 matched
2026-08-24 02:21:37,017 INFO ncaa_identity: contest_id=1617976 teams 1264/2462 matched, players 3405/6728 matched
2026-08-24 02:21:43,726 INFO ncaa_identity: contest_id=1618021 teams 2736/2736 matched, players 7202/7566 matched
2026-08-24 02:21:46,983 INFO ncaa_identity: contest_id=1618054 teams 1930/1930 matched, players 750/765 matched
2026-08-24 02:21:54,882 INFO ncaa_identity: contest_id=1618107 teams 1956/1956 matched, players 5423/5516 matched
2026-08-24 02:21:56,363 INFO ncaa_identity: contest_id=1618117 teams 2211/2211 matched, players 6183/6187 matched
2026-08-24 02:22:08,145 INFO ncaa_identity: contest_id=1618188 teams 2030/2030 matched, players 5331/5772 matched
2026-08-24 02:22:12,875 INFO ncaa_identity: contest_id=1618218 teams 2503/2503 matched, players 6868/7111 matched
2026-08-24 02:22:14,413 INFO ncaa_identity: contest_id=1618228 teams 2039/2039 matched, players 5152/5399 matched
2026-08-24 02:22:15,840 INFO ncaa_identity: contest_id=1618238 teams 1240/2516 matched, players 3395/6852 matched
2026-08-24 02:22:17,434 INFO ncaa_identity: contest_id=1618248 teams 2312/2312 matched, players 5982/6510 matched
2026-08-24 02:22:20,449 INFO ncaa_identity: contest_id=1637954 teams 949/1956 matched, players 2091/5478 matched
2026-08-24 02:22:21,746 INFO ncaa_identity: contest_id=1638367 teams 2193/2193 matched, players 5955/6172 matched
2026-08-24 02:22:26,237 INFO ncaa_identity: contest_id=1638923 teams 2327/2327 matched, players 6493/6544 matched
2026-08-24 02:22:27,577 INFO ncaa_identity: contest_id=1639001 teams 2256/2256 matched, players 5886/6397 matched
2026-08-24 02:22:30,456 INFO ncaa_identity: contest_id=1639688 teams 2647/2647 matched, players 6608/7467 matched
2026-08-24 02:22:32,012 INFO ncaa_identity: contest_id=1639706 teams 2301/2301 matched, players 6264/6511 matched
2026-08-24 02:22:38,621 INFO ncaa_identity: contest_id=1640032 teams 2211/2211 matched, players 6022/6226 matched
2026-08-24 02:22:44,128 INFO ncaa_identity: contest_id=1644762 teams 2839/2839 matched, players 7899/8023 matched
2026-08-24 02:22:45,855 INFO ncaa_identity: contest_id=1645002 teams 1545/2896 matched, players 3651/7986 matched
2026-08-24 02:22:51,331 INFO ncaa_identity: contest_id=1708049 teams 2273/2273 matched, players 5972/6411 matched
2026-08-24 02:22:52,695 INFO ncaa_identity: contest_id=1708195 teams 2191/2191 matched, players 5428/6205 matched
2026-08-24 02:22:54,359 INFO ncaa_identity: contest_id=1708234 teams 1995/1995 matched, players 5099/5601 matched
2026-08-24 02:22:57,497 INFO ncaa_identity: contest_id=1716376 teams 2733/2733 matched, players 7275/7528 matched
2026-08-24 02:23:21,442 INFO ncaa_identity: contest_id=1718192 teams 2387/2387 matched, players 6217/6732 matched
2026-08-24 02:23:25,794 INFO ncaa_identity: contest_id=1718290 teams 1958/1958 matched, players 5420/5532 matched
2026-08-24 02:23:29,767 INFO ncaa_identity: contest_id=1718447 teams 2192/2192 matched, players 5880/6192 matched
2026-08-24 02:23:31,372 INFO ncaa_identity: contest_id=1718469 teams 2023/2023 matched, players 5331/5749 matched
2026-08-24 02:23:33,020 INFO ncaa_identity: contest_id=1718492 teams 2146/2146 matched, players 5516/6038 matched
2026-08-24 02:23:34,504 INFO ncaa_identity: contest_id=1718506 teams 2518/2518 matched, players 7011/7099 matched
2026-08-24 02:23:38,957 INFO ncaa_identity: contest_id=1718671 teams 1859/1859 matched, players 4701/5204 matched
2026-08-24 02:23:42,282 INFO ncaa_identity: contest_id=1719456 teams 2560/2560 matched, players 6886/7009 matched
2026-08-24 02:23:49,231 INFO ncaa_identity: contest_id=1719496 teams 2401/2401 matched, players 6094/6602 matched
2026-08-24 02:23:52,910 INFO ncaa_identity: contest_id=1719557 teams 2211/2211 matched, players 5906/6243 matched
2026-08-24 02:23:56,218 INFO ncaa_identity: contest_id=1719625 teams 2061/2061 matched, players 5206/5799 matched
2026-08-24 02:23:59,579 INFO ncaa_identity: contest_id=1720151 teams 2226/2226 matched, players 6099/6230 matched
2026-08-24 02:24:01,364 INFO ncaa_identity: contest_id=1720775 teams 2418/2418 matched, players 6742/6826 matched
2026-08-24 02:24:04,852 INFO ncaa_identity: contest_id=1797116 teams 3343/3343 matched, players 8610/9235 matched
2026-08-24 02:24:06,220 INFO ncaa_identity: contest_id=1797126 teams 1500/2944 matched, players 4091/8118 matched
2026-08-24 02:24:08,077 INFO ncaa_identity: contest_id=1797136 teams 1507/2921 matched, players 4113/8261 matched
2026-08-24 02:24:09,403 INFO ncaa_identity: contest_id=1797146 teams 1407/2645 matched, players 3656/7515 matched
2026-08-24 02:24:11,157 INFO ncaa_identity: contest_id=1797156 teams 2538/2538 matched, players 6846/7013 matched
2026-08-24 02:24:15,768 INFO ncaa_identity: contest_id=1797186 teams 1371/2708 matched, players 3731/7394 matched
2026-08-24 02:24:17,569 INFO ncaa_identity: contest_id=1797196 teams 1454/2751 matched, players 3122/7508 matched
2026-08-24 02:24:17,712 INFO 5 starters not found for period 1; using estimate
2026-08-24 02:24:17,713 INFO 5 starters not found for period 2; using estimate
2026-08-24 02:24:19,444 INFO ncaa_identity: contest_id=1797208 teams 1238/2464 matched, players 3340/3533 matched
2026-08-24 02:24:20,838 INFO ncaa_identity: contest_id=1797218 teams 2333/2333 matched, players 5803/6568 matched
2026-08-24 02:24:22,424 INFO ncaa_identity: contest_id=1797228 teams 2764/2764 matched, players 7122/7595 matched
2026-08-24 02:24:24,611 INFO ncaa_identity: contest_id=1797238 teams 1877/3622 matched, players 4943/10018 matched
2026-08-24 02:24:26,878 INFO ncaa_identity: contest_id=1797248 teams 2657/2657 matched, players 7065/7479 matched
2026-08-24 02:24:33,769 INFO ncaa_identity: contest_id=1797288 teams 1459/2922 matched, players 4249/8285 matched
2026-08-24 02:24:35,224 INFO ncaa_identity: contest_id=1797298 teams 1139/2216 matched, players 3007/6258 matched
2026-08-24 02:24:37,166 INFO ncaa_identity: contest_id=1797310 teams 1517/3036 matched, players 4097/8286 matched
2026-08-24 02:24:38,473 INFO ncaa_identity: contest_id=1797323 teams 900/1779 matched, players 2204/4971 matched
2026-08-24 02:24:43,086 INFO ncaa_identity: contest_id=1797475 teams 1368/2686 matched, players 3667/7293 matched
2026-08-24 02:24:44,954 INFO ncaa_identity: contest_id=1797486 teams 2749/2749 matched, players 7221/7514 matched
2026-08-24 02:24:46,748 INFO ncaa_identity: contest_id=1797525 teams 1499/3056 matched, players 4175/8354 matched
2026-08-24 02:24:48,244 INFO ncaa_identity: contest_id=1797559 teams 2970/2970 matched, players 8072/8191 matched
2026-08-24 02:24:52,917 INFO ncaa_identity: contest_id=1797644 teams 2879/2879 matched, players 7566/7962 matched
2026-08-24 02:24:54,561 INFO ncaa_identity: contest_id=1797702 teams 1266/2521 matched, players 3625/7090 matched
2026-08-24 02:24:56,256 INFO ncaa_identity: contest_id=1797739 teams 2631/2631 matched, players 6610/7185 matched
2026-08-24 02:24:57,809 INFO ncaa_identity: contest_id=1797811 teams 2867/2867 matched, players 7489/7854 matched
2026-08-24 02:25:00,664 INFO ncaa_identity: contest_id=1797877 teams 2047/2047 matched, players 5118/5568 matched
2026-08-24 02:25:04,914 INFO ncaa_identity: contest_id=1797935 teams 1320/2602 matched, players 3578/7264 matched
2026-08-24 02:25:12,348 INFO ncaa_identity: contest_id=1798001 teams 2026/2026 matched, players 4854/5708 matched
2026-08-24 02:25:16,489 INFO ncaa_identity: contest_id=1798042 teams 3139/3139 matched, players 7961/8697 matched
2026-08-24 02:25:18,335 INFO ncaa_identity: contest_id=1798066 teams 2634/2634 matched, players 6856/7234 matched
2026-08-24 02:25:23,524 INFO ncaa_identity: contest_id=1798134 teams 1196/2276 matched, players 2995/6410 matched
2026-08-24 02:25:28,975 INFO ncaa_identity: contest_id=1798216 teams 2549/2549 matched, players 6794/6997 matched
2026-08-24 02:25:32,859 INFO ncaa_identity: contest_id=1798269 teams 2662/2662 matched, players 6946/7293 matched
2026-08-24 02:25:38,936 INFO ncaa_identity: contest_id=1798358 teams 2517/2517 matched, players 6569/6891 matched
2026-08-24 02:25:42,475 INFO ncaa_identity: contest_id=1798406 teams 1262/2407 matched, players 3332/6653 matched
2026-08-24 02:25:49,287 INFO ncaa_identity: contest_id=1798522 teams 1307/2622 matched, players 3579/7180 matched
2026-08-24 02:25:57,929 INFO ncaa_identity: contest_id=1798608 teams 2449/2449 matched, players 6391/6705 matched
2026-08-24 02:26:09,712 INFO ncaa_identity: contest_id=1798727 teams 2525/2525 matched, players 6457/6899 matched
2026-08-24 02:26:36,053 INFO ncaa_identity: contest_id=1798934 teams 2447/2447 matched, players 6374/6712 matched
2026-08-24 02:26:43,105 INFO ncaa_identity: contest_id=1798966 teams 1435/2844 matched, players 3621/7807 matched
2026-08-24 02:26:48,100 INFO ncaa_identity: contest_id=1799003 teams 2262/2262 matched, players 6023/6346 matched
2026-08-24 02:27:00,301 INFO ncaa_identity: contest_id=1799062 teams 2431/2431 matched, players 6428/6668 matched
2026-08-24 02:27:14,454 INFO ncaa_identity: contest_id=1799102 teams 2875/2875 matched, players 7100/7870 matched
2026-08-24 02:27:28,315 INFO ncaa_identity: contest_id=1799139 teams 1282/2547 matched, players 3514/7017 matched
2026-08-24 02:27:34,496 INFO ncaa_identity: contest_id=1799156 teams 2540/2540 matched, players 7015/7154 matched
2026-08-24 02:27:40,678 INFO ncaa_identity: contest_id=1799170 teams 2187/2187 matched, players 5271/6160 matched
2026-08-24 02:27:47,730 INFO ncaa_identity: contest_id=1799193 teams 1470/2954 matched, players 4039/8128 matched
2026-08-24 02:28:08,610 INFO ncaa_identity: contest_id=1799263 teams 1290/2496 matched, players 3377/6870 matched
2026-08-24 02:28:54,669 INFO ncaa_identity: contest_id=1799509 teams 1283/2629 matched, players 2745/7412 matched
2026-08-24 02:29:01,123 INFO ncaa_identity: contest_id=1799531 teams 2547/2547 matched, players 6668/6980 matched
2026-08-24 02:29:12,528 INFO ncaa_identity: contest_id=1799600 teams 2459/2459 matched, players 6577/6774 matched
2026-08-24 02:29:25,716 INFO ncaa_identity: contest_id=1799644 teams 0/3003 matched, players 0/8210 matched
2026-08-24 02:29:33,387 INFO ncaa_identity: contest_id=1799669 teams 1540/3062 matched, players 4056/8455 matched
2026-08-24 02:29:45,549 INFO ncaa_identity: contest_id=1799734 teams 2714/2714 matched, players 7323/7475 matched
2026-08-24 02:29:51,232 INFO ncaa_identity: contest_id=1799777 teams 1248/2524 matched, players 2913/6902 matched
2026-08-24 02:30:02,598 INFO ncaa_identity: contest_id=1799866 teams 1333/2624 matched, players 3622/7192 matched
2026-08-24 02:30:21,256 INFO ncaa_identity: contest_id=1800101 teams 2697/2697 matched, players 7055/7413 matched
2026-08-24 02:30:26,871 INFO ncaa_identity: contest_id=1800125 teams 2413/2413 matched, players 6132/6610 matched
2026-08-24 02:30:37,734 INFO ncaa_identity: contest_id=1800167 teams 2731/2731 matched, players 6772/7492 matched
2026-08-24 02:30:53,223 INFO ncaa_identity: contest_id=1800221 teams 2381/2381 matched, players 6172/6734 matched
2026-08-24 02:30:55,246 INFO ncaa_identity: contest_id=1800248 teams 2393/2393 matched, players 6582/6583 matched
2026-08-24 02:31:00,605 INFO ncaa_identity: contest_id=1800406 teams 1261/2465 matched, players 3392/6701 matched
2026-08-24 02:31:05,747 INFO ncaa_identity: contest_id=1800540 teams 1202/2432 matched, players 3365/6820 matched
2026-08-24 02:31:09,226 INFO ncaa_identity: contest_id=1800584 teams 1204/2390 matched, players 3397/6769 matched
2026-08-24 02:31:14,884 INFO ncaa_identity: contest_id=1800645 teams 1227/2451 matched, players 3327/6906 matched
2026-08-24 02:31:17,725 INFO ncaa_identity: contest_id=1800677 teams 1208/2448 matched, players 3372/6735 matched
2026-08-24 02:31:37,371 INFO ncaa_identity: contest_id=1800960 teams 2393/2393 matched, players 6072/6556 matched
2026-08-24 02:31:38,801 INFO ncaa_identity: contest_id=1801016 teams 2203/2203 matched, players 6104/6187 matched
2026-08-24 02:31:45,388 INFO ncaa_identity: contest_id=1801103 teams 2648/2648 matched, players 7003/7523 matched
2026-08-24 02:31:47,200 INFO ncaa_identity: contest_id=1801119 teams 2344/2344 matched, players 5460/6609 matched
2026-08-24 02:31:48,857 INFO ncaa_identity: contest_id=1801149 teams 1298/2566 matched, players 3632/7067 matched
2026-08-24 02:31:50,855 INFO ncaa_identity: contest_id=1801159 teams 1227/2335 matched, players 3257/6360 matched
2026-08-24 02:31:52,684 INFO ncaa_identity: contest_id=1801174 teams 2811/2811 matched, players 7312/7749 matched
2026-08-24 02:31:54,837 INFO ncaa_identity: contest_id=1801213 teams 2621/2621 matched, players 7177/7194 matched
2026-08-24 02:31:58,671 INFO ncaa_identity: contest_id=1801266 teams 2654/2654 matched, players 7131/7294 matched
2026-08-24 02:32:00,519 INFO ncaa_identity: contest_id=1801293 teams 1349/2678 matched, players 3612/7285 matched
2026-08-24 02:32:03,799 INFO ncaa_identity: contest_id=1801349 teams 1252/2382 matched, players 3335/6537 matched
2026-08-24 02:32:05,937 WARNING ncaa_parse: family=shots contest_id=1801413 team=Marquette SKIPPED (1 parse error(s)): Missing fields from shot: param_indices=[2,6] in [<circle class="shot" cx="65.80000000000001" cy="480.0" r="5"><title>1st 19:39:00 : missed by Trey Sides() 0-0<...
2026-08-24 02:32:11,500 INFO ncaa_identity: contest_id=1801535 teams 1393/2693 matched, players 3729/7407 matched
2026-08-24 02:32:14,899 INFO ncaa_identity: contest_id=1801592 teams 2314/2314 matched, players 5789/6344 matched
2026-08-24 02:32:16,665 INFO ncaa_identity: contest_id=1801604 teams 2523/2523 matched, players 5849/6873 matched
2026-08-24 02:32:18,650 INFO ncaa_identity: contest_id=1801630 teams 3216/3216 matched, players 8816/8848 matched
2026-08-24 02:32:20,595 INFO ncaa_identity: contest_id=1801658 teams 2362/2362 matched, players 6305/6681 matched
2026-08-24 02:32:24,281 INFO ncaa_identity: contest_id=1801829 teams 2267/2267 matched, players 6001/6141 matched
2026-08-24 02:32:26,032 INFO ncaa_identity: contest_id=1801888 teams 2773/2773 matched, players 7456/7654 matched
2026-08-24 02:32:28,866 INFO ncaa_identity: contest_id=1801920 teams 2633/2633 matched, players 7258/7269 matched
2026-08-24 02:32:42,444 INFO ncaa_identity: contest_id=1802043 teams 1308/2553 matched, players 3425/7002 matched
2026-08-24 02:32:44,612 INFO ncaa_identity: contest_id=1802067 teams 2773/2773 matched, players 6880/7676 matched
2026-08-24 02:32:48,666 INFO ncaa_identity: contest_id=1802122 teams 1235/2466 matched, players 3478/6794 matched
2026-08-24 02:32:54,071 INFO ncaa_identity: contest_id=1802214 teams 2755/2755 matched, players 6936/7533 matched
2026-08-24 02:32:55,895 INFO ncaa_identity: contest_id=1802265 teams 1269/2363 matched, players 3260/6459 matched
2026-08-24 02:33:13,920 INFO ncaa_identity: contest_id=1802442 teams 1263/2626 matched, players 3546/7168 matched
2026-08-24 02:33:18,107 INFO ncaa_identity: contest_id=1802492 teams 1921/1921 matched, players 5002/5411 matched
2026-08-24 02:33:23,547 INFO ncaa_identity: contest_id=1802523 teams 1301/2512 matched, players 3482/6924 matched
2026-08-24 02:33:28,955 INFO ncaa_identity: contest_id=1802545 teams 1062/2137 matched, players 2645/6015 matched
2026-08-24 02:33:38,922 INFO ncaa_identity: contest_id=1802593 teams 2442/2442 matched, players 6034/6666 matched
2026-08-24 02:33:48,999 INFO ncaa_identity: contest_id=1802643 teams 2077/2077 matched, players 5320/5881 matched
2026-08-24 02:34:16,549 INFO ncaa_identity: contest_id=1802798 teams 1071/2153 matched, players 2555/6081 matched
2026-08-24 02:34:22,299 INFO ncaa_identity: contest_id=1802823 teams 1153/2251 matched, players 3161/6298 matched
2026-08-24 02:34:33,546 INFO ncaa_identity: contest_id=1802874 teams 2386/2386 matched, players 6103/6529 matched
2026-08-24 02:34:38,809 INFO ncaa_identity: contest_id=1802890 teams 1322/2616 matched, players 3601/7163 matched
2026-08-24 02:34:43,940 INFO ncaa_identity: contest_id=1802903 teams 2643/2643 matched, players 6636/7240 matched
2026-08-24 02:34:48,006 INFO ncaa_identity: contest_id=1802928 teams 2334/2334 matched, players 5873/6313 matched
2026-08-24 02:34:54,596 INFO ncaa_identity: contest_id=1802944 teams 1320/2565 matched, players 3605/7228 matched
2026-08-24 02:35:07,952 INFO ncaa_identity: contest_id=1803000 teams 1433/2913 matched, players 3963/7967 matched
2026-08-24 02:35:41,107 INFO ncaa_identity: contest_id=1803168 teams 1045/2053 matched, players 2935/5802 matched
2026-08-24 02:35:52,523 INFO ncaa_identity: contest_id=1803199 teams 2880/2880 matched, players 7903/7922 matched
2026-08-24 02:36:02,262 INFO 5 starters not found for period 3; using estimate
2026-08-24 02:36:07,097 INFO ncaa_identity: contest_id=1803314 teams 2578/2578 matched, players 7010/7061 matched
2026-08-24 02:36:16,642 INFO ncaa_identity: contest_id=1803344 teams 2409/2409 matched, players 6482/6806 matched
2026-08-24 02:36:33,881 WARNING ncaa_parse: family=shots contest_id=1803412 team=Boise St. SKIPPED (1 parse error(s)): Missing fields from shot: param_indices=[2,6] in [<circle class="shot" cx="902.4" cy="345.00000000000006" r="5"><title>1st 19:34:00 : made by James Banks III() ...
2026-08-24 02:36:34,241 INFO ncaa_identity: contest_id=1803412 teams 2657/2657 matched, players 7155/7156 matched
2026-08-24 02:36:47,925 INFO ncaa_identity: contest_id=1803465 teams 1618/3237 matched, players 4457/8915 matched
2026-08-24 02:36:56,319 INFO ncaa_identity: contest_id=1803501 teams 2519/2519 matched, players 6810/6930 matched
2026-08-24 02:37:01,386 INFO ncaa_identity: contest_id=1803517 teams 2625/2625 matched, players 6935/7196 matched
2026-08-24 02:37:05,157 INFO ncaa_identity: contest_id=1803533 teams 1064/2187 matched, players 2675/6208 matched
2026-08-24 02:37:27,280 INFO ncaa_identity: contest_id=1803617 teams 1300/2532 matched, players 3509/6940 matched
2026-08-24 02:37:36,917 INFO ncaa_identity: contest_id=1803661 teams 1050/2043 matched, players 2678/5782 matched
2026-08-24 02:37:41,773 INFO 5 starters not found for period 3; using estimate
2026-08-24 02:37:54,184 INFO ncaa_identity: contest_id=1803759 teams 2657/2657 matched, players 7288/7314 matched
2026-08-24 02:37:56,875 INFO ncaa_identity: contest_id=1803795 teams 1471/2981 matched, players 4115/8152 matched
2026-08-24 02:38:00,887 INFO ncaa_identity: contest_id=1803826 teams 2872/2872 matched, players 7697/7933 matched
2026-08-24 02:38:08,669 INFO ncaa_identity: contest_id=1803910 teams 2448/2448 matched, players 6593/6686 matched
2026-08-24 02:38:12,471 INFO ncaa_identity: contest_id=1803955 teams 2507/2507 matched, players 6973/7100 matched
2026-08-24 02:38:14,557 INFO ncaa_identity: contest_id=1803969 teams 1414/2733 matched, players 3951/7753 matched
2026-08-24 02:38:29,007 INFO ncaa_identity: contest_id=1804164 teams 2853/2853 matched, players 8029/8127 matched
2026-08-24 02:38:42,393 INFO ncaa_identity: contest_id=1804406 teams 2210/2210 matched, players 6014/6015 matched
2026-08-24 02:38:44,912 INFO ncaa_identity: contest_id=1804451 teams 2752/2752 matched, players 7508/7545 matched
2026-08-24 02:38:50,865 INFO ncaa_identity: contest_id=1804532 teams 2703/2703 matched, players 7277/7427 matched
2026-08-24 02:38:52,946 INFO ncaa_identity: contest_id=1804550 teams 2261/2261 matched, players 6010/6363 matched
2026-08-24 02:38:56,474 INFO ncaa_identity: contest_id=1804588 teams 2882/2882 matched, players 7417/7952 matched
2026-08-24 02:38:58,381 INFO ncaa_identity: contest_id=1804613 teams 2996/2996 matched, players 8016/8238 matched
2026-08-24 02:39:01,715 INFO ncaa_identity: contest_id=1804690 teams 2832/2832 matched, players 6226/7843 matched
2026-08-24 02:39:09,656 INFO ncaa_identity: contest_id=1804811 teams 2679/2679 matched, players 6648/7365 matched
2026-08-24 02:39:16,864 INFO ncaa_identity: contest_id=1804956 teams 0/2506 matched, players 0/6795 matched
2026-08-24 02:39:18,674 INFO ncaa_identity: contest_id=1804986 teams 2583/2583 matched, players 6866/7047 matched
2026-08-24 02:39:20,279 INFO ncaa_identity: contest_id=1804998 teams 2951/2951 matched, players 7072/8194 matched
2026-08-24 02:39:24,009 INFO ncaa_identity: contest_id=1805020 teams 2460/2460 matched, players 6381/6719 matched
2026-08-24 02:39:28,648 INFO ncaa_identity: contest_id=1805153 teams 2389/2389 matched, players 5810/6558 matched
2026-08-24 02:39:35,547 INFO ncaa_identity: contest_id=1805262 teams 2406/2406 matched, players 6189/6578 matched
2026-08-24 02:39:41,243 INFO ncaa_identity: contest_id=1805476 teams 1192/2443 matched, players 3295/6707 matched
2026-08-24 02:39:45,310 INFO ncaa_identity: contest_id=1805560 teams 2445/2445 matched, players 6386/6893 matched
2026-08-24 02:39:46,665 INFO ncaa_identity: contest_id=1805588 teams 1125/2277 matched, players 3132/6223 matched
2026-08-24 02:39:48,542 INFO ncaa_identity: contest_id=1805602 teams 2563/2563 matched, players 6645/7226 matched
2026-08-24 02:39:56,749 INFO ncaa_identity: contest_id=1805695 teams 2435/2435 matched, players 5729/6653 matched
2026-08-24 02:40:02,107 INFO ncaa_identity: contest_id=1805760 teams 2840/2840 matched, players 7624/7762 matched
2026-08-24 02:40:07,124 INFO ncaa_identity: contest_id=1805861 teams 2257/2257 matched, players 6066/6406 matched
2026-08-24 02:40:21,651 INFO ncaa_identity: contest_id=1806098 teams 2435/2435 matched, players 6668/6669 matched
2026-08-24 02:40:23,027 INFO ncaa_identity: contest_id=1806112 teams 1952/1952 matched, players 5159/5522 matched
2026-08-24 02:40:29,696 INFO ncaa_identity: contest_id=1806281 teams 1250/2499 matched, players 3451/6832 matched
2026-08-24 02:40:31,212 INFO ncaa_identity: contest_id=1806292 teams 2329/2329 matched, players 5810/6356 matched
2026-08-24 02:40:39,978 INFO ncaa_identity: contest_id=1806534 teams 2286/2286 matched, players 6020/6429 matched
2026-08-24 02:40:41,591 INFO ncaa_identity: contest_id=1806587 teams 2681/2681 matched, players 3607/7339 matched
2026-08-24 02:40:43,597 INFO ncaa_identity: contest_id=1806632 teams 2715/2715 matched, players 7014/7475 matched
2026-08-24 02:40:45,048 INFO ncaa_identity: contest_id=1806653 teams 2330/2330 matched, players 6231/6551 matched
2026-08-24 02:40:55,571 INFO ncaa_identity: contest_id=1806798 teams 2492/2492 matched, players 6402/6860 matched
2026-08-24 02:41:13,380 INFO ncaa_identity: contest_id=1807149 teams 1993/1993 matched, players 5360/5614 matched
2026-08-24 02:41:19,286 INFO ncaa_identity: contest_id=1807242 teams 2535/2535 matched, players 6546/6963 matched
2026-08-24 02:41:29,772 INFO ncaa_identity: contest_id=1807424 teams 2673/2673 matched, players 7107/7556 matched
2026-08-24 02:41:33,080 INFO ncaa_identity: contest_id=1807577 teams 2256/2256 matched, players 5959/6129 matched
2026-08-24 02:41:43,872 INFO ncaa_identity: contest_id=1807756 teams 2876/2876 matched, players 7717/7957 matched
2026-08-24 02:41:45,687 INFO ncaa_identity: contest_id=1807774 teams 2663/2663 matched, players 6748/7316 matched
2026-08-24 02:41:47,305 INFO ncaa_identity: contest_id=1807796 teams 1157/2340 matched, players 3324/6597 matched
2026-08-24 02:41:56,021 INFO ncaa_identity: contest_id=1807909 teams 0/2779 matched, players 0/7589 matched
2026-08-24 02:41:59,255 INFO ncaa_identity: contest_id=1807967 teams 2914/2914 matched, players 7835/8005 matched
2026-08-24 02:42:00,928 INFO ncaa_identity: contest_id=1807983 teams 2603/2603 matched, players 6879/7168 matched
2026-08-24 02:42:05,759 INFO ncaa_identity: contest_id=1808155 teams 1171/2366 matched, players 3218/6483 matched
2026-08-24 02:42:07,515 INFO ncaa_identity: contest_id=1808165 teams 2092/2092 matched, players 5535/5723 matched
2026-08-24 02:42:08,938 INFO ncaa_identity: contest_id=1808176 teams 1457/2940 matched, players 4016/8095 matched
2026-08-24 02:42:14,146 INFO ncaa_identity: contest_id=1808209 teams 2012/2012 matched, players 5351/5644 matched
2026-08-24 02:42:15,842 INFO ncaa_identity: contest_id=1808273 teams 2569/2569 matched, players 6847/7058 matched
2026-08-24 02:42:22,026 INFO ncaa_identity: contest_id=1808385 teams 2188/2188 matched, players 5677/5968 matched
2026-08-24 02:42:31,434 INFO ncaa_identity: contest_id=1808693 teams 2485/2485 matched, players 5886/6821 matched
2026-08-24 02:42:37,035 INFO ncaa_identity: contest_id=1808765 teams 1164/2258 matched, players 3113/6162 matched
2026-08-24 02:42:42,075 INFO ncaa_identity: contest_id=1808806 teams 2603/2603 matched, players 6635/7138 matched
2026-08-24 02:43:00,416 INFO ncaa_identity: contest_id=1809178 teams 2869/2869 matched, players 7781/7929 matched
2026-08-24 02:43:02,100 INFO ncaa_identity: contest_id=1809188 teams 1348/2639 matched, players 3611/7213 matched
2026-08-24 02:43:08,805 INFO ncaa_identity: contest_id=1809237 teams 3029/3029 matched, players 7685/8424 matched
2026-08-24 02:43:12,037 INFO ncaa_identity: contest_id=1809382 teams 2520/2520 matched, players 6639/7113 matched
2026-08-24 02:43:17,595 INFO ncaa_identity: contest_id=1809414 teams 1561/3097 matched, players 4308/8515 matched
2026-08-24 02:43:26,145 INFO ncaa_identity: contest_id=1809671 teams 2254/2254 matched, players 5805/6163 matched
2026-08-24 02:43:29,459 INFO ncaa_identity: contest_id=1809753 teams 2577/2577 matched, players 6975/7026 matched
2026-08-24 02:43:31,226 INFO ncaa_identity: contest_id=1809773 teams 2216/2216 matched, players 5299/6059 matched
2026-08-24 02:43:32,649 INFO ncaa_identity: contest_id=1809801 teams 2427/2427 matched, players 6434/6868 matched
2026-08-24 02:43:35,101 INFO ncaa_identity: contest_id=1809818 teams 2816/2816 matched, players 7215/7720 matched
2026-08-24 02:43:39,947 INFO ncaa_identity: contest_id=1809875 teams 2244/2244 matched, players 5723/6143 matched
2026-08-24 02:43:41,819 INFO ncaa_identity: contest_id=1809892 teams 2569/2569 matched, players 6678/7250 matched
2026-08-24 02:43:43,192 INFO ncaa_identity: contest_id=1809915 teams 2606/2606 matched, players 6771/7338 matched
2026-08-24 02:43:51,457 INFO ncaa_identity: contest_id=1810027 teams 2670/2670 matched, players 6693/7352 matched
2026-08-24 02:44:07,190 INFO ncaa_identity: contest_id=1810266 teams 2124/2124 matched, players 5735/6003 matched
2026-08-24 02:44:08,950 INFO ncaa_identity: contest_id=1810338 teams 2495/2495 matched, players 6420/6847 matched
2026-08-24 02:44:10,968 INFO ncaa_identity: contest_id=1810362 teams 2522/2522 matched, players 5700/6879 matched
2026-08-24 02:44:12,774 INFO ncaa_identity: contest_id=1810417 teams 2292/2292 matched, players 6262/6267 matched
2026-08-24 02:44:14,953 INFO ncaa_identity: contest_id=1810427 teams 2652/2652 matched, players 6659/7310 matched
2026-08-24 02:44:16,772 INFO ncaa_identity: contest_id=1810438 teams 1962/1962 matched, players 5425/5484 matched
2026-08-24 02:44:33,304 INFO ncaa_identity: contest_id=1810802 teams 2626/2626 matched, players 6996/7174 matched
2026-08-24 02:44:50,125 INFO ncaa_identity: contest_id=1810982 teams 1153/2249 matched, players 3075/6161 matched
2026-08-24 02:44:57,778 INFO ncaa_identity: contest_id=1811112 teams 2807/2807 matched, players 7341/7747 matched
2026-08-24 02:44:59,140 INFO ncaa_identity: contest_id=1811129 teams 2142/2142 matched, players 5596/6077 matched
2026-08-24 02:45:02,301 INFO ncaa_identity: contest_id=1811251 teams 2492/2492 matched, players 6183/6794 matched
2026-08-24 02:45:09,423 INFO ncaa_identity: contest_id=1811331 teams 2379/2379 matched, players 6067/6548 matched
2026-08-24 02:45:16,128 INFO ncaa_identity: contest_id=1811451 teams 2523/2523 matched, players 6691/6952 matched
2026-08-24 02:45:19,255 INFO ncaa_identity: contest_id=1811496 teams 2656/2656 matched, players 6614/7534 matched
2026-08-24 02:45:25,993 INFO ncaa_identity: contest_id=1811743 teams 2389/2389 matched, players 6744/6789 matched
2026-08-24 02:45:27,531 INFO ncaa_identity: contest_id=1811778 teams 2538/2538 matched, players 7066/7117 matched
2026-08-24 02:45:30,801 INFO ncaa_identity: contest_id=1811819 teams 2426/2426 matched, players 5588/6666 matched
2026-08-24 02:45:37,975 INFO ncaa_identity: contest_id=1811895 teams 2644/2644 matched, players 6831/7227 matched
2026-08-24 02:45:51,805 INFO ncaa_identity: contest_id=1812009 teams 2608/2608 matched, players 6834/7151 matched
2026-08-24 02:45:58,464 INFO ncaa_identity: contest_id=1812095 teams 1251/2504 matched, players 0/6845 matched
2026-08-24 02:46:00,342 INFO ncaa_identity: contest_id=1812105 teams 2551/2551 matched, players 6923/6964 matched
2026-08-24 02:46:06,960 INFO ncaa_identity: contest_id=1812198 teams 2257/2257 matched, players 6141/6207 matched
2026-08-24 02:46:13,177 INFO ncaa_identity: contest_id=1812248 teams 1276/2551 matched, players 3541/7019 matched
2026-08-24 02:46:16,477 INFO ncaa_identity: contest_id=1812272 teams 2437/2437 matched, players 5240/6701 matched
2026-08-24 02:46:19,713 INFO ncaa_identity: contest_id=1812356 teams 2182/2182 matched, players 5708/6189 matched
2026-08-24 02:46:21,431 INFO ncaa_identity: contest_id=1812376 teams 2475/2475 matched, players 6484/7005 matched
2026-08-24 02:46:26,301 INFO ncaa_identity: contest_id=1812419 teams 1293/2597 matched, players 3604/7151 matched
2026-08-24 02:46:27,954 INFO ncaa_identity: contest_id=1812429 teams 2364/2364 matched, players 6257/6708 matched
2026-08-24 02:46:34,960 INFO ncaa_identity: contest_id=1812478 teams 2875/2875 matched, players 7826/7841 matched
2026-08-24 02:46:38,948 INFO ncaa_identity: contest_id=1812498 teams 2406/2406 matched, players 6479/6581 matched
2026-08-24 02:46:41,078 INFO ncaa_identity: contest_id=1812510 teams 2445/2445 matched, players 6350/6733 matched
2026-08-24 02:46:42,844 INFO ncaa_identity: contest_id=1812520 teams 2790/2790 matched, players 7117/7686 matched
2026-08-24 02:46:45,108 INFO ncaa_identity: contest_id=1812530 teams 3039/3039 matched, players 7774/8367 matched
2026-08-24 02:46:50,562 INFO ncaa_identity: contest_id=1812561 teams 1250/2505 matched, players 3098/6845 matched
2026-08-24 02:47:12,375 INFO ncaa_identity: contest_id=1812973 teams 2149/2149 matched, players 5780/5866 matched
2026-08-24 02:47:14,394 INFO ncaa_identity: contest_id=1815013 teams 1457/2982 matched, players 4128/8169 matched
2026-08-24 02:47:19,730 INFO ncaa_identity: contest_id=1816830 teams 3161/3161 matched, players 8703/8937 matched
2026-08-24 02:47:21,432 INFO ncaa_identity: contest_id=1816874 teams 2346/2346 matched, players 5523/6547 matched
2026-08-24 02:47:32,380 INFO ncaa_identity: contest_id=1817232 teams 2268/2268 matched, players 5940/6191 matched
2026-08-24 02:47:34,103 INFO ncaa_identity: contest_id=1817308 teams 2714/2714 matched, players 6949/7506 matched
2026-08-24 02:47:37,686 INFO ncaa_identity: contest_id=1817629 teams 2708/2708 matched, players 6852/7447 matched
2026-08-24 02:47:47,135 INFO ncaa_identity: contest_id=1970183 teams 2623/2623 matched, players 6584/7193 matched
2026-08-24 02:47:48,979 INFO ncaa_identity: contest_id=1970241 teams 2189/2189 matched, players 5731/6002 matched
2026-08-24 02:47:52,407 INFO ncaa_identity: contest_id=1970372 teams 2337/2337 matched, players 6383/6594 matched
2026-08-24 02:47:54,107 INFO ncaa_identity: contest_id=1970447 teams 2403/2403 matched, players 6046/6557 matched
2026-08-24 02:48:06,920 INFO ncaa_identity: contest_id=1971945 teams 2413/2413 matched, players 6287/6524 matched
2026-08-24 02:48:10,680 INFO ncaa_identity: contest_id=1972131 teams 2652/2652 matched, players 7169/7320 matched
2026-08-24 02:48:18,879 INFO ncaa_identity: contest_id=1982668 teams 2787/2787 matched, players 7657/7658 matched
2026-08-24 02:48:24,822 INFO ncaa_identity: contest_id=1982718 teams 2901/2901 matched, players 7589/7960 matched
2026-08-24 02:48:30,507 INFO ncaa_identity: contest_id=1982785 teams 2562/2562 matched, players 6874/7039 matched
2026-08-24 02:48:32,118 INFO ncaa_identity: contest_id=1982813 teams 2484/2484 matched, players 6387/6819 matched
2026-08-24 02:48:40,277 INFO ncaa_identity: contest_id=1982886 teams 2511/2511 matched, players 6218/6846 matched
2026-08-24 02:48:44,108 INFO ncaa_identity: contest_id=1982918 teams 3163/3163 matched, players 8699/8700 matched
2026-08-24 02:48:45,636 INFO ncaa_identity: contest_id=1982941 teams 2633/2633 matched, players 7093/7238 matched
2026-08-24 02:48:49,763 INFO ncaa_identity: contest_id=1982986 teams 1303/2577 matched, players 3603/7009 matched
2026-08-24 02:48:53,389 INFO ncaa_identity: contest_id=1983024 teams 2732/2732 matched, players 6929/7494 matched
2026-08-24 02:48:58,383 INFO ncaa_identity: contest_id=1983112 teams 1201/2418 matched, players 3053/6624 matched
2026-08-24 02:49:14,346 INFO ncaa_identity: contest_id=1983309 teams 2559/2559 matched, players 6206/6988 matched
2026-08-24 02:49:15,894 INFO ncaa_identity: contest_id=1983330 teams 2513/2513 matched, players 6375/6888 matched
2026-08-24 02:49:18,066 INFO ncaa_identity: contest_id=1983352 teams 1664/3189 matched, players 4441/8770 matched
2026-08-24 02:49:19,835 WARNING ncaa_parse: family=shots contest_id=1983367 team=Marshall SKIPPED (1 parse error(s)): No shot events found [<!DOCTYPE html> <html lang="en"> <head> <meta content="text/html; charset=utf-8" http-equiv="CONTENT-TYPE"/> <meta charset="utf-8"/> <meta...
2026-08-24 02:49:19,932 INFO ncaa_identity: contest_id=1983367 teams 2668/2668 matched, players 7311/7609 matched
2026-08-24 02:49:22,106 INFO ncaa_identity: contest_id=1983386 teams 1539/3018 matched, players 3618/8196 matched
2026-08-24 02:49:23,360 WARNING ncaa_parse: family=shots contest_id=1983410 team=Southeast Mo. St. SKIPPED (1 parse error(s)): No shot events found [<!DOCTYPE html> <html lang="en"> <head> <meta content="text/html; charset=utf-8" http-equiv="CONTENT-TYPE"/> <meta charset="utf-8"/> <meta...
2026-08-24 02:49:23,489 INFO ncaa_identity: contest_id=1983410 teams 2096/2096 matched, players 5526/5913 matched
2026-08-24 02:49:26,878 INFO ncaa_identity: contest_id=1983450 teams 1355/2699 matched, players 3637/7417 matched
2026-08-24 02:49:35,313 INFO ncaa_identity: contest_id=1983543 teams 2131/2131 matched, players 5279/5832 matched
2026-08-24 02:49:36,975 INFO ncaa_identity: contest_id=1983555 teams 2616/2616 matched, players 6734/7231 matched
2026-08-24 02:49:38,792 INFO ncaa_identity: contest_id=1983572 teams 2811/2811 matched, players 7608/7721 matched
2026-08-24 02:49:40,950 INFO ncaa_identity: contest_id=1983585 teams 3046/3046 matched, players 7734/8453 matched
2026-08-24 02:49:47,725 INFO ncaa_identity: contest_id=1983660 teams 2831/2831 matched, players 7660/7833 matched
2026-08-24 02:49:53,104 INFO ncaa_identity: contest_id=1983699 teams 2885/2885 matched, players 7413/7868 matched
2026-08-24 02:50:00,388 INFO ncaa_identity: contest_id=1983764 teams 2472/2472 matched, players 6439/6764 matched
2026-08-24 02:50:03,191 INFO ncaa_identity: contest_id=1983792 teams 2023/2023 matched, players 5362/5540 matched
2026-08-24 02:50:06,904 INFO ncaa_identity: contest_id=1983832 teams 2976/2976 matched, players 8243/8244 matched
2026-08-24 02:50:08,347 INFO ncaa_identity: contest_id=1983855 teams 2425/2425 matched, players 6011/6649 matched
2026-08-24 02:50:10,394 INFO ncaa_identity: contest_id=1983878 teams 2426/2426 matched, players 6012/6635 matched
2026-08-24 02:50:14,014 WARNING ncaa_parse: family=shots contest_id=1983943 team=Morehead St. SKIPPED (1 parse error(s)): No shot events found [<!DOCTYPE html> <html lang="en"> <head> <meta content="text/html; charset=utf-8" http-equiv="CONTENT-TYPE"/> <meta charset="utf-8"/> <meta...
2026-08-24 02:50:14,123 INFO ncaa_identity: contest_id=1983943 teams 2400/2400 matched, players 6308/6770 matched
2026-08-24 02:50:17,599 INFO ncaa_identity: contest_id=1983988 teams 2493/2493 matched, players 6622/6857 matched
2026-08-24 02:50:24,653 INFO ncaa_identity: contest_id=1984056 teams 2898/2898 matched, players 7571/7979 matched
2026-08-24 02:50:27,924 WARNING ncaa_parse: family=shots contest_id=1984085 team=Morehead St. SKIPPED (1 parse error(s)): No shot events found [<!DOCTYPE html> <html lang="en"> <head> <meta content="text/html; charset=utf-8" http-equiv="CONTENT-TYPE"/> <meta charset="utf-8"/> <meta...
2026-08-24 02:50:36,378 INFO ncaa_identity: contest_id=1984251 teams 2170/2170 matched, players 5223/5931 matched
2026-08-24 02:50:44,625 INFO ncaa_identity: contest_id=1984358 teams 2596/2596 matched, players 6945/7164 matched
2026-08-24 02:50:52,914 INFO ncaa_identity: contest_id=1984470 teams 2271/2271 matched, players 6048/6214 matched
2026-08-24 02:50:55,944 INFO ncaa_identity: contest_id=1984516 teams 2569/2569 matched, players 6635/7057 matched
2026-08-24 02:51:00,833 INFO ncaa_identity: contest_id=1984604 teams 2408/2408 matched, players 5865/6595 matched
2026-08-24 02:51:02,552 INFO ncaa_identity: contest_id=1984616 teams 2442/2442 matched, players 6551/6674 matched
2026-08-24 02:51:07,577 INFO ncaa_identity: contest_id=1984679 teams 2743/2743 matched, players 7362/7562 matched
2026-08-24 02:51:09,700 INFO ncaa_identity: contest_id=1984699 teams 2532/2532 matched, players 6625/6961 matched
2026-08-24 02:51:12,981 INFO ncaa_identity: contest_id=1984736 teams 1250/2459 matched, players 3352/6720 matched
2026-08-24 02:51:14,388 INFO ncaa_identity: contest_id=1984757 teams 1978/1978 matched, players 5361/5386 matched
2026-08-24 02:51:26,800 INFO ncaa_identity: contest_id=1984958 teams 2847/2847 matched, players 7618/7803 matched
2026-08-24 02:51:32,260 INFO ncaa_identity: contest_id=1985054 teams 2022/2022 matched, players 4986/5492 matched
2026-08-24 02:51:35,890 WARNING ncaa_parse: family=shots contest_id=1985093 team=Hampton SKIPPED (1 parse error(s)): No shot events found [<!DOCTYPE html> <html lang="en"> <head> <meta content="text/html; charset=utf-8" http-equiv="CONTENT-TYPE"/> <meta charset="utf-8"/> <meta...
2026-08-24 02:51:36,051 INFO ncaa_identity: contest_id=1985093 teams 2294/2294 matched, players 5807/6453 matched
2026-08-24 02:51:39,274 INFO ncaa_identity: contest_id=1985137 teams 2365/2365 matched, players 5801/6467 matched
2026-08-24 02:51:40,864 WARNING ncaa_parse: family=shots contest_id=1985162 team=Southeast Mo. St. SKIPPED (1 parse error(s)): No shot events found [<!DOCTYPE html> <html lang="en"> <head> <meta content="text/html; charset=utf-8" http-equiv="CONTENT-TYPE"/> <meta charset="utf-8"/> <meta...
2026-08-24 02:51:41,068 INFO ncaa_identity: contest_id=1985162 teams 2417/2417 matched, players 6518/6823 matched
2026-08-24 02:51:44,927 INFO 5 starters not found for period 3; using estimate
2026-08-24 02:51:46,766 INFO ncaa_identity: contest_id=1985255 teams 2638/2638 matched, players 7218/7223 matched
2026-08-24 02:51:51,924 WARNING ncaa_parse: family=shots contest_id=1985366 team=Old Dominion SKIPPED (1 parse error(s)): No shot events found [<!DOCTYPE html> <html lang="en"> <head> <meta content="text/html; charset=utf-8" http-equiv="CONTENT-TYPE"/> <meta charset="utf-8"/> <meta...
2026-08-24 02:51:52,050 INFO ncaa_identity: contest_id=1985366 teams 2399/2399 matched, players 6466/6792 matched
2026-08-24 02:52:02,104 INFO ncaa_identity: contest_id=1985488 teams 2715/2715 matched, players 6931/7455 matched
2026-08-24 02:52:06,046 INFO ncaa_identity: contest_id=1985530 teams 2495/2495 matched, players 6408/6864 matched
2026-08-24 02:52:15,350 INFO ncaa_identity: contest_id=1985682 teams 2879/2879 matched, players 7754/7879 matched
2026-08-24 02:52:17,033 INFO ncaa_identity: contest_id=1985720 teams 2387/2387 matched, players 5990/6570 matched
2026-08-24 02:52:19,152 INFO ncaa_identity: contest_id=1985741 teams 2504/2504 matched, players 6803/6839 matched
2026-08-24 02:52:23,163 INFO ncaa_identity: contest_id=1985800 teams 2814/2814 matched, players 7073/7756 matched
2026-08-24 02:52:28,095 INFO ncaa_identity: contest_id=1985863 teams 1223/2485 matched, players 3407/6825 matched
2026-08-24 02:52:29,539 WARNING ncaa_parse: family=shots contest_id=1985888 team=Old Dominion SKIPPED (1 parse error(s)): No shot events found [<!DOCTYPE html> <html lang="en"> <head> <meta content="text/html; charset=utf-8" http-equiv="CONTENT-TYPE"/> <meta charset="utf-8"/> <meta...
2026-08-24 02:52:29,684 INFO ncaa_identity: contest_id=1985888 teams 2006/2006 matched, players 5619/5628 matched
2026-08-24 02:52:34,516 INFO ncaa_identity: contest_id=1985968 teams 2887/2887 matched, players 7922/7923 matched
2026-08-24 02:52:40,479 INFO ncaa_identity: contest_id=1986090 teams 2281/2281 matched, players 5277/6217 matched
2026-08-24 02:52:48,220 INFO ncaa_identity: contest_id=1986175 teams 2573/2573 matched, players 6481/7042 matched
2026-08-24 02:52:51,805 INFO ncaa_identity: contest_id=1986220 teams 2271/2271 matched, players 6170/6195 matched
2026-08-24 02:52:53,549 INFO ncaa_identity: contest_id=1986235 teams 2538/2538 matched, players 6480/6960 matched
2026-08-24 02:52:56,955 INFO ncaa_identity: contest_id=1986275 teams 3108/3108 matched, players 7876/8548 matched
2026-08-24 02:53:02,355 WARNING ncaa_parse: family=shots contest_id=1986423 team=Marshall SKIPPED (1 parse error(s)): No shot events found [<!DOCTYPE html> <html lang="en"> <head> <meta content="text/html; charset=utf-8" http-equiv="CONTENT-TYPE"/> <meta charset="utf-8"/> <meta...
2026-08-24 02:53:02,446 INFO ncaa_identity: contest_id=1986423 teams 2215/2215 matched, players 5994/6261 matched
2026-08-24 02:53:04,570 INFO ncaa_identity: contest_id=1986442 teams 2651/2651 matched, players 6997/7310 matched
2026-08-24 02:53:10,964 INFO ncaa_identity: contest_id=1986505 teams 2142/2142 matched, players 5559/5810 matched
2026-08-24 02:53:12,804 INFO ncaa_identity: contest_id=1986517 teams 2546/2546 matched, players 6666/6982 matched
2026-08-24 02:53:16,109 INFO ncaa_identity: contest_id=1986551 teams 2378/2378 matched, players 6052/6450 matched
2026-08-24 02:53:17,969 WARNING ncaa_parse: family=shots contest_id=1986565 team=Morehead St. SKIPPED (1 parse error(s)): No shot events found [<!DOCTYPE html> <html lang="en"> <head> <meta content="text/html; charset=utf-8" http-equiv="CONTENT-TYPE"/> <meta charset="utf-8"/> <meta...
2026-08-24 02:53:30,298 INFO ncaa_identity: contest_id=1986710 teams 2978/2978 matched, players 8080/8212 matched
2026-08-24 02:53:40,881 INFO ncaa_identity: contest_id=1986827 teams 2909/2909 matched, players 7965/7975 matched
2026-08-24 02:53:44,378 INFO ncaa_identity: contest_id=1986864 teams 1305/2518 matched, players 3439/6923 matched
2026-08-24 02:53:49,995 INFO ncaa_identity: contest_id=1986981 teams 3409/3409 matched, players 9367/9426 matched
2026-08-24 02:54:00,759 WARNING ncaa_parse: family=shots contest_id=1987220 team=Loyola Maryland SKIPPED (1 parse error(s)): No shot events found [<!DOCTYPE html> <html lang="en"> <head> <meta content="text/html; charset=utf-8" http-equiv="CONTENT-TYPE"/> <meta charset="utf-8"/> <meta...
2026-08-24 02:54:00,850 INFO ncaa_identity: contest_id=1987220 teams 2423/2423 matched, players 6445/6846 matched
2026-08-24 02:54:23,117 INFO ncaa_identity: contest_id=1987760 teams 1331/2566 matched, players 3568/7046 matched
2026-08-24 02:54:26,736 INFO ncaa_identity: contest_id=1987799 teams 1214/2466 matched, players 3379/6766 matched
2026-08-24 02:54:33,041 INFO ncaa_identity: contest_id=1987971 teams 2615/2615 matched, players 7196/7199 matched
2026-08-24 02:54:35,953 INFO ncaa_identity: contest_id=1988129 teams 1093/2146 matched, players 2975/5835 matched
2026-08-24 02:54:37,559 INFO ncaa_identity: contest_id=1988184 teams 2074/2074 matched, players 4949/5664 matched
2026-08-24 02:54:47,197 INFO ncaa_identity: contest_id=1989129 teams 2542/2542 matched, players 6191/6929 matched
2026-08-24 02:54:51,973 INFO ncaa_identity: contest_id=1989217 teams 2463/2463 matched, players 6679/6778 matched
2026-08-24 02:54:55,439 INFO ncaa_identity: contest_id=1989365 teams 3225/3225 matched, players 8848/8849 matched
2026-08-24 02:54:58,405 WARNING ncaa_parse: family=shots contest_id=1989479 team=Navy SKIPPED (1 parse error(s)): No shot events found [<!DOCTYPE html> <html lang="en"> <head> <meta content="text/html; charset=utf-8" http-equiv="CONTENT-TYPE"/> <meta charset="utf-8"/> <meta...
2026-08-24 02:55:00,588 INFO ncaa_identity: contest_id=1989503 teams 2996/2996 matched, players 7574/8272 matched
2026-08-24 02:55:12,259 INFO ncaa_identity: contest_id=1989852 teams 1291/2622 matched, players 3587/7194 matched
2026-08-24 02:55:15,988 INFO ncaa_identity: contest_id=1989975 teams 1502/3011 matched, players 4212/8304 matched
2026-08-24 02:55:23,174 INFO ncaa_identity: contest_id=1990224 teams 1482/2941 matched, players 4053/8044 matched
2026-08-24 02:55:28,683 WARNING ncaa_parse: family=shots contest_id=1990360 team=Abilene Christian SKIPPED (1 parse error(s)): No shot events found [<!DOCTYPE html> <html lang="en"> <head> <meta content="text/html; charset=utf-8" http-equiv="CONTENT-TYPE"/> <meta charset="utf-8"/> <meta...
2026-08-24 02:55:30,208 INFO ncaa_identity: contest_id=1990388 teams 2353/2353 matched, players 5914/6433 matched
2026-08-24 02:55:32,030 INFO ncaa_identity: contest_id=1990424 teams 2251/2251 matched, players 6007/6158 matched
2026-08-24 02:55:34,675 INFO ncaa_identity: contest_id=1990504 teams 1993/1993 matched, players 5379/5429 matched
2026-08-24 02:55:36,650 INFO ncaa_identity: contest_id=1990528 teams 1363/2644 matched, players 3735/7284 matched
2026-08-24 02:55:40,022 INFO ncaa_identity: contest_id=1990637 teams 3054/3054 matched, players 8144/8392 matched
2026-08-24 02:55:46,125 INFO ncaa_identity: contest_id=1990750 teams 2494/2494 matched, players 6208/6825 matched
2026-08-24 02:55:50,450 INFO ncaa_identity: contest_id=1990800 teams 1482/2901 matched, players 3984/7890 matched
2026-08-24 02:55:53,869 INFO ncaa_identity: contest_id=1990828 teams 2300/2300 matched, players 6028/6273 matched
2026-08-24 02:55:59,754 INFO ncaa_identity: contest_id=1990913 teams 2256/2256 matched, players 5843/6169 matched
2026-08-24 02:56:01,180 INFO ncaa_identity: contest_id=1990935 teams 2440/2440 matched, players 6393/6685 matched
2026-08-24 02:56:06,147 WARNING ncaa_parse: family=shots contest_id=1990986 team=Lipscomb SKIPPED (1 parse error(s)): No shot events found [<!DOCTYPE html> <html lang="en"> <head> <meta content="text/html; charset=utf-8" http-equiv="CONTENT-TYPE"/> <meta charset="utf-8"/> <meta...
2026-08-24 02:56:06,235 INFO ncaa_identity: contest_id=1990986 teams 1229/2470 matched, players 3455/6956 matched
2026-08-24 02:56:07,810 INFO ncaa_identity: contest_id=1991035 teams 2620/2620 matched, players 6696/7136 matched
2026-08-24 02:56:09,814 INFO ncaa_identity: contest_id=1991057 teams 2296/2296 matched, players 5928/6261 matched
2026-08-24 02:56:16,345 INFO ncaa_identity: contest_id=1991118 teams 1122/2282 matched, players 3122/6236 matched
2026-08-24 02:56:26,020 INFO ncaa_identity: contest_id=1991285 teams 2225/2225 matched, players 5517/6011 matched
2026-08-24 02:56:30,924 INFO ncaa_identity: contest_id=1991362 teams 2590/2590 matched, players 7103/7104 matched
2026-08-24 02:56:34,139 INFO ncaa_identity: contest_id=1991446 teams 1365/2679 matched, players 3694/7332 matched
2026-08-24 02:56:39,471 INFO ncaa_identity: contest_id=1991590 teams 2747/2747 matched, players 7539/7556 matched
2026-08-24 02:56:43,217 WARNING ncaa_parse: family=shots contest_id=1991671 team=Campbell SKIPPED (1 parse error(s)): No shot events found [<!DOCTYPE html> <html lang="en"> <head> <meta content="text/html; charset=utf-8" http-equiv="CONTENT-TYPE"/> <meta charset="utf-8"/> <meta...
2026-08-24 02:56:43,274 INFO ncaa_identity: contest_id=1991671 teams 1238/2427 matched, players 2948/6784 matched
2026-08-24 02:56:44,591 WARNING ncaa_parse: family=shots contest_id=1991681 team=Campbell SKIPPED (1 parse error(s)): No shot events found [<!DOCTYPE html> <html lang="en"> <head> <meta content="text/html; charset=utf-8" http-equiv="CONTENT-TYPE"/> <meta charset="utf-8"/> <meta...
2026-08-24 02:56:44,699 INFO ncaa_identity: contest_id=1991681 teams 1934/1934 matched, players 4877/5455 matched
2026-08-24 02:56:47,193 INFO ncaa_identity: contest_id=1991693 teams 1156/2320 matched, players 3161/6295 matched
2026-08-24 02:56:48,874 WARNING ncaa_parse: family=shots contest_id=1991714 team=Fresno St. SKIPPED (1 parse error(s)): No shot events found [<!DOCTYPE html> <html lang="en"> <head> <meta content="text/html; charset=utf-8" http-equiv="CONTENT-TYPE"/> <meta charset="utf-8"/> <meta...
2026-08-24 02:56:56,889 INFO ncaa_identity: contest_id=1991830 teams 2670/2670 matched, players 7277/7312 matched
2026-08-24 02:57:00,700 INFO ncaa_identity: contest_id=1991947 teams 2743/2743 matched, players 7423/7485 matched
2026-08-24 02:57:04,062 INFO ncaa_identity: contest_id=1992093 teams 2953/2953 matched, players 7894/8116 matched
2026-08-24 02:57:05,504 INFO ncaa_identity: contest_id=1992138 teams 1316/2653 matched, players 3577/7254 matched
2026-08-24 02:57:07,226 INFO ncaa_identity: contest_id=1992315 teams 2733/2733 matched, players 7503/7522 matched
2026-08-24 02:57:11,211 WARNING ncaa_parse: family=shots contest_id=1992590 team=Texas Southern SKIPPED (1 parse error(s)): No shot events found [<!DOCTYPE html> <html lang="en"> <head> <meta content="text/html; charset=utf-8" http-equiv="CONTENT-TYPE"/> <meta charset="utf-8"/> <meta...
2026-08-24 02:57:11,385 INFO ncaa_identity: contest_id=1992590 teams 2522/2522 matched, players 5769/7127 matched
2026-08-24 02:57:13,018 INFO ncaa_identity: contest_id=1992706 teams 2618/2618 matched, players 6173/7208 matched
2026-08-24 02:57:14,700 INFO ncaa_identity: contest_id=1992816 teams 1274/2409 matched, players 3315/6557 matched
2026-08-24 02:57:16,053 INFO ncaa_identity: contest_id=1992978 teams 1193/2369 matched, players 3266/6445 matched
2026-08-24 02:57:21,205 INFO ncaa_identity: contest_id=1993069 teams 2764/2764 matched, players 7050/7630 matched
2026-08-24 02:57:24,404 INFO ncaa_identity: contest_id=1993115 teams 1539/3028 matched, players 4173/8315 matched
2026-08-24 02:57:29,170 INFO ncaa_identity: contest_id=1993169 teams 3031/3031 matched, players 7972/7973 matched
2026-08-24 02:57:37,051 WARNING ncaa_parse: family=shots contest_id=1993390 team=Morehead St. SKIPPED (1 parse error(s)): No shot events found [<!DOCTYPE html> <html lang="en"> <head> <meta content="text/html; charset=utf-8" http-equiv="CONTENT-TYPE"/> <meta charset="utf-8"/> <meta...
2026-08-24 02:57:37,158 INFO ncaa_identity: contest_id=1993390 teams 2442/2442 matched, players 6864/6877 matched
2026-08-24 02:57:39,207 INFO ncaa_identity: contest_id=1993566 teams 1496/2939 matched, players 4066/8111 matched
2026-08-24 02:57:42,522 INFO ncaa_identity: contest_id=1993689 teams 1046/2029 matched, players 2840/5548 matched
2026-08-24 02:57:43,889 INFO ncaa_identity: contest_id=1993747 teams 1175/2296 matched, players 3097/6251 matched
2026-08-24 02:57:45,468 INFO ncaa_identity: contest_id=1993819 teams 2747/2747 matched, players 7129/7543 matched
2026-08-24 02:57:46,978 INFO ncaa_identity: contest_id=1993874 teams 1375/2604 matched, players 3686/7150 matched
2026-08-24 02:57:50,363 INFO ncaa_identity: contest_id=1994193 teams 1284/2510 matched, players 3069/6852 matched
2026-08-24 02:57:52,712 INFO ncaa_identity: contest_id=1994229 teams 1364/2701 matched, players 3711/7415 matched
2026-08-24 02:57:54,283 WARNING ncaa_parse: family=shots contest_id=1994255 team=Loyola Chicago SKIPPED (1 parse error(s)): No shot events found [<!DOCTYPE html> <html lang="en"> <head> <meta content="text/html; charset=utf-8" http-equiv="CONTENT-TYPE"/> <meta charset="utf-8"/> <meta...
2026-08-24 02:57:56,426 INFO ncaa_identity: contest_id=1994268 teams 1613/3176 matched, players 4392/8706 matched
2026-08-24 02:58:02,205 INFO ncaa_identity: contest_id=1994371 teams 1212/2309 matched, players 3210/6289 matched
2026-08-24 02:58:04,683 INFO ncaa_identity: contest_id=1994433 teams 2813/2813 matched, players 6976/7640 matched
2026-08-24 02:58:08,754 INFO ncaa_identity: contest_id=1994788 teams 1325/2622 matched, players 3570/7164 matched
2026-08-24 02:58:10,717 INFO ncaa_identity: contest_id=1994997 teams 1755/3335 matched, players 4256/9208 matched
2026-08-24 02:58:12,872 INFO ncaa_identity: contest_id=1995058 teams 3035/3035 matched, players 8335/8354 matched
2026-08-24 02:58:16,369 INFO ncaa_identity: contest_id=1995179 teams 2674/2674 matched, players 6913/7369 matched
2026-08-24 02:58:20,888 INFO ncaa_identity: contest_id=1995212 teams 2624/2624 matched, players 6805/7219 matched
2026-08-24 02:58:22,978 INFO ncaa_identity: contest_id=1995224 teams 2195/2195 matched, players 5659/6035 matched
2026-08-24 02:58:25,049 INFO ncaa_identity: contest_id=1995247 teams 1411/2648 matched, players 3663/7228 matched
2026-08-24 02:58:34,262 INFO ncaa_identity: contest_id=1995511 teams 1179/2375 matched, players 3250/6508 matched
2026-08-24 02:58:39,761 INFO ncaa_identity: contest_id=1995632 teams 2294/2294 matched, players 6249/6250 matched
2026-08-24 02:58:52,694 INFO ncaa_identity: contest_id=1995845 teams 3034/3034 matched, players 7862/8370 matched
[p1_s_e_e] [WARNING] [TeamId(name='Massachusetts')]v[TeamId(name='Northeastern')] Flip court for periods: [[2]] because [total_shots={1: 55, 2: 62} long_shots={2: 62}]
2026-08-24 02:59:01,151 INFO 5 starters not found for period 3; using estimate
2026-08-24 02:59:02,635 INFO ncaa_identity: contest_id=1996243 teams 2801/2801 matched, players 7050/7682 matched
2026-08-24 02:59:06,800 INFO ncaa_identity: contest_id=1996408 teams 2612/2612 matched, players 7014/7015 matched
2026-08-24 02:59:09,331 INFO ncaa_identity: contest_id=1996498 teams 2738/2738 matched, players 7494/7522 matched
2026-08-24 02:59:10,812 WARNING ncaa_parse: family=shots contest_id=1996555 team=Loyola Chicago SKIPPED (1 parse error(s)): No shot events found [<!DOCTYPE html> <html lang="en"> <head> <meta content="text/html; charset=utf-8" http-equiv="CONTENT-TYPE"/> <meta charset="utf-8"/> <meta...
2026-08-24 02:59:20,306 INFO ncaa_identity: contest_id=1999187 teams 3121/3121 matched, players 8498/8672 matched
2026-08-24 02:59:24,029 WARNING ncaa_parse: family=shots contest_id=2001578 team=Morgan St. SKIPPED (1 parse error(s)): No shot events found [<!DOCTYPE html> <html lang="en"> <head> <meta content="text/html; charset=utf-8" http-equiv="CONTENT-TYPE"/> <meta charset="utf-8"/> <meta...
2026-08-24 02:59:24,133 INFO ncaa_identity: contest_id=2001578 teams 2445/2445 matched, players 6386/6917 matched
2026-08-24 02:59:25,676 INFO ncaa_identity: contest_id=2001698 teams 2253/2253 matched, players 5573/6157 matched
2026-08-24 02:59:27,204 INFO ncaa_identity: contest_id=2002609 teams 1277/2587 matched, players 3532/7072 matched
2026-08-24 02:59:30,672 INFO ncaa_identity: contest_id=2007561 teams 2450/2450 matched, players 6700/6736 matched
2026-08-24 02:59:34,095 WARNING ncaa_parse: family=shots contest_id=2027223 team=Lipscomb SKIPPED (1 parse error(s)): No shot events found [<!DOCTYPE html> <html lang="en"> <head> <meta content="text/html; charset=utf-8" http-equiv="CONTENT-TYPE"/> <meta charset="utf-8"/> <meta...
2026-08-24 02:59:34,141 INFO ncaa_identity: contest_id=2027223 teams 1134/2258 matched, players 3218/6377 matched
2026-08-24 02:59:36,935 INFO ncaa_identity: contest_id=2030544 teams 1279/2500 matched, players 3361/6808 matched
2026-08-24 02:59:38,743 INFO ncaa_identity: contest_id=2034468 teams 1279/2518 matched, players 3449/6849 matched
2026-08-24 02:59:40,137 WARNING ncaa_parse: family=shots contest_id=2035521 team=Loyola Maryland SKIPPED (1 parse error(s)): No shot events found [<!DOCTYPE html> <html lang="en"> <head> <meta content="text/html; charset=utf-8" http-equiv="CONTENT-TYPE"/> <meta charset="utf-8"/> <meta...
2026-08-24 02:59:40,227 INFO ncaa_identity: contest_id=2035521 teams 2614/2614 matched, players 6855/7433 matched
2026-08-24 02:59:46,437 INFO 5 starters not found for period 4; using estimate
2026-08-24 02:59:48,557 INFO ncaa_identity: contest_id=2041262 teams 4085/4085 matched, players 10748/11333 matched
2026-08-24 02:59:49,744 INFO ncaa_identity: contest_id=2042034 teams 2298/2298 matched, players 5233/6322 matched
2026-08-24 02:59:52,703 INFO ncaa_identity: contest_id=2047639 teams 1903/1903 matched, players 4706/5182 matched
2026-08-24 02:59:54,281 INFO ncaa_identity: contest_id=2048046 teams 2771/2771 matched, players 7039/7604 matched
2026-08-24 02:59:56,223 INFO ncaa_identity: contest_id=2048643 teams 2442/2442 matched, players 6071/6646 matched
2026-08-24 02:59:59,413 INFO ncaa_identity: contest_id=2048781 teams 1206/2316 matched, players 3194/6329 matched
2026-08-24 03:00:00,573 WARNING ncaa_parse: family=shots contest_id=2051676 team=Hampton SKIPPED (1 parse error(s)): No shot events found [<!DOCTYPE html> <html lang="en"> <head> <meta content="text/html; charset=utf-8" http-equiv="CONTENT-TYPE"/> <meta charset="utf-8"/> <meta...
2026-08-24 03:00:00,698 INFO ncaa_identity: contest_id=2051676 teams 1993/1993 matched, players 4127/5592 matched
2026-08-24 03:00:10,039 INFO ncaa_identity: contest_id=2054261 teams 2605/2605 matched, players 6684/7169 matched
2026-08-24 03:00:15,351 INFO ncaa_identity: contest_id=2054512 teams 2979/2979 matched, players 7711/8249 matched
2026-08-24 03:00:24,291 WARNING ncaa_parse: family=shots contest_id=2056426 team=Coppin St. SKIPPED (1 parse error(s)): No shot events found [<!DOCTYPE html> <html lang="en"> <head> <meta content="text/html; charset=utf-8" http-equiv="CONTENT-TYPE"/> <meta charset="utf-8"/> <meta...
2026-08-24 03:00:24,348 INFO ncaa_identity: contest_id=2056426 teams 2679/2679 matched, players 6981/7547 matched
2026-08-24 03:00:25,592 INFO ncaa_identity: contest_id=2057030 teams 2569/2569 matched, players 6845/7075 matched
2026-08-24 03:00:29,002 INFO ncaa_identity: contest_id=2057056 teams 2659/2659 matched, players 7245/7288 matched
2026-08-24 03:00:30,843 INFO ncaa_identity: contest_id=2057130 teams 2446/2446 matched, players 6320/6678 matched
2026-08-24 03:00:40,735 INFO ncaa_identity: contest_id=2057659 teams 2302/2302 matched, players 5759/6252 matched
2026-08-24 03:00:45,423 INFO ncaa_identity: contest_id=2057826 teams 2424/2424 matched, players 6394/6630 matched
2026-08-24 03:00:46,578 INFO ncaa_identity: contest_id=2060226 teams 2304/2304 matched, players 5816/6231 matched
2026-08-24 03:00:52,618 INFO ncaa_identity: contest_id=2060335 teams 2521/2521 matched, players 6634/6951 matched
2026-08-24 03:01:01,188 INFO ncaa_identity: contest_id=2139899 teams 2197/2197 matched, players 5886/6024 matched
2026-08-24 03:01:04,419 INFO ncaa_identity: contest_id=2139919 teams 1248/2488 matched, players 3398/6780 matched
2026-08-24 03:01:06,094 INFO ncaa_identity: contest_id=2139929 teams 2771/2771 matched, players 7529/7603 matched
2026-08-24 03:01:08,206 INFO ncaa_identity: contest_id=2139939 teams 1487/2904 matched, players 4038/7966 matched
2026-08-24 03:01:10,021 INFO ncaa_identity: contest_id=2139949 teams 2961/2961 matched, players 7716/8127 matched
2026-08-24 03:01:11,715 INFO ncaa_identity: contest_id=2139959 teams 2704/2704 matched, players 7024/7447 matched
2026-08-24 03:01:13,678 INFO ncaa_identity: contest_id=2139970 teams 2703/2703 matched, players 7055/7378 matched
2026-08-24 03:01:15,511 INFO ncaa_identity: contest_id=2139980 teams 2514/2514 matched, players 6617/6940 matched
2026-08-24 03:01:16,942 INFO ncaa_identity: contest_id=2139996 teams 1208/2391 matched, players 3265/6573 matched
2026-08-24 03:01:18,992 INFO ncaa_identity: contest_id=2140008 teams 3117/3117 matched, players 8396/8657 matched
2026-08-24 03:01:20,519 INFO ncaa_identity: contest_id=2140029 teams 1306/2569 matched, players 3484/6979 matched
2026-08-24 03:01:23,700 INFO ncaa_identity: contest_id=2140063 teams 1200/2399 matched, players 3257/6539 matched
2026-08-24 03:01:33,125 INFO ncaa_identity: contest_id=2140135 teams 1487/2856 matched, players 3912/7804 matched
2026-08-24 03:01:36,535 INFO ncaa_identity: contest_id=2140179 teams 1514/3099 matched, players 4225/8508 matched
2026-08-24 03:01:46,656 INFO ncaa_identity: contest_id=2140289 teams 2461/2461 matched, players 6162/6748 matched
2026-08-24 03:01:50,427 INFO ncaa_identity: contest_id=2140360 teams 1364/2788 matched, players 3795/7627 matched
2026-08-24 03:01:52,376 INFO ncaa_identity: contest_id=2140435 teams 2535/2535 matched, players 6919/6931 matched
2026-08-24 03:02:04,706 INFO ncaa_identity: contest_id=2140630 teams 1552/2984 matched, players 4119/8189 matched
2026-08-24 03:02:08,512 INFO ncaa_identity: contest_id=2140838 teams 2981/2981 matched, players 7704/8212 matched
2026-08-24 03:02:10,348 INFO ncaa_identity: contest_id=2140890 teams 1451/2905 matched, players 4081/8011 matched
2026-08-24 03:02:11,636 INFO ncaa_identity: contest_id=2140934 teams 1452/2709 matched, players 3836/7408 matched
2026-08-24 03:02:14,989 INFO ncaa_identity: contest_id=2140989 teams 1321/2609 matched, players 3544/7099 matched
2026-08-24 03:02:16,697 INFO ncaa_identity: contest_id=2141019 teams 2471/2471 matched, players 6562/6703 matched
2026-08-24 03:02:22,041 INFO ncaa_identity: contest_id=2141053 teams 1319/2552 matched, players 3430/6936 matched
2026-08-24 03:02:24,214 INFO ncaa_identity: contest_id=2141067 teams 1525/2931 matched, players 4100/8066 matched
2026-08-24 03:02:26,034 INFO ncaa_identity: contest_id=2141085 teams 1325/2607 matched, players 3497/7042 matched
2026-08-24 03:02:31,192 INFO ncaa_identity: contest_id=2141131 teams 2578/2578 matched, players 7050/7051 matched
2026-08-24 03:02:32,429 INFO ncaa_identity: contest_id=2141148 teams 912/1827 matched, players 2480/4987 matched
2026-08-24 03:02:36,555 INFO ncaa_identity: contest_id=2141210 teams 1322/2628 matched, players 3616/7197 matched
2026-08-24 03:02:38,145 INFO ncaa_identity: contest_id=2141232 teams 1207/2415 matched, players 3340/6528 matched
2026-08-24 03:02:39,798 INFO ncaa_identity: contest_id=2141263 teams 1345/2653 matched, players 3656/7272 matched
2026-08-24 03:02:43,047 INFO ncaa_identity: contest_id=2141301 teams 1443/2824 matched, players 3894/7714 matched
2026-08-24 03:02:44,925 INFO ncaa_identity: contest_id=2141331 teams 1563/3223 matched, players 4419/8864 matched
2026-08-24 03:02:46,497 INFO ncaa_identity: contest_id=2141376 teams 2552/2552 matched, players 6987/6998 matched
2026-08-24 03:02:48,319 INFO ncaa_identity: contest_id=2141461 teams 2400/2475 matched, players 6786/6786 matched
2026-08-24 03:02:49,572 INFO ncaa_identity: contest_id=2141471 teams 2098/2098 matched, players 5248/5696 matched
2026-08-24 03:02:54,507 INFO ncaa_identity: contest_id=2141522 teams 2636/2636 matched, players 6993/7249 matched
2026-08-24 03:03:01,378 INFO ncaa_identity: contest_id=2141611 teams 2590/2590 matched, players 6569/7136 matched
2026-08-24 03:03:22,574 INFO ncaa_identity: contest_id=2142185 teams 2797/2797 matched, players 7633/7634 matched
2026-08-24 03:03:28,173 INFO ncaa_identity: contest_id=2142237 teams 2485/2485 matched, players 6562/6829 matched
2026-08-24 03:03:30,179 INFO ncaa_identity: contest_id=2142256 teams 2573/2573 matched, players 6968/7034 matched
2026-08-24 03:03:31,780 INFO ncaa_identity: contest_id=2142273 teams 2510/2510 matched, players 6759/6892 matched
2026-08-24 03:03:34,048 WARNING ncaa_parse: family=shots contest_id=2142293 team=Southeast Mo. St. SKIPPED (1 parse error(s)): No shot events found [<!DOCTYPE html> <html lang="en"> <head> <meta content="text/html; charset=utf-8" http-equiv="CONTENT-TYPE"/> <meta charset="utf-8"/> <meta...
2026-08-24 03:03:34,455 INFO ncaa_identity: contest_id=2142293 teams 1279/2533 matched, players 3155/7151 matched
2026-08-24 03:03:38,435 INFO ncaa_identity: contest_id=2142323 teams 1205/2306 matched, players 3123/6214 matched
2026-08-24 03:03:42,865 INFO ncaa_identity: contest_id=2142453 teams 1438/2859 matched, players 3317/7782 matched
2026-08-24 03:03:44,433 INFO ncaa_identity: contest_id=2142511 teams 1347/2603 matched, players 3613/7113 matched
2026-08-24 03:03:55,144 INFO ncaa_identity: contest_id=2142665 teams 2189/2189 matched, players 5677/5974 matched
2026-08-24 03:04:07,023 WARNING ncaa_parse: family=shots contest_id=2142708 team=Harvard SKIPPED (1 parse error(s)): No shot events found [<!DOCTYPE html> <html lang="en"> <head> <meta content="text/html; charset=utf-8" http-equiv="CONTENT-TYPE"/> <meta charset="utf-8"/> <meta...
2026-08-24 03:04:07,551 INFO ncaa_identity: contest_id=2142708 teams 2383/2383 matched, players 6059/6783 matched
2026-08-24 03:04:36,593 INFO ncaa_identity: contest_id=2142821 teams 2540/2540 matched, players 6148/6940 matched
2026-08-24 03:04:56,657 INFO ncaa_identity: contest_id=2142895 teams 2516/2516 matched, players 6550/6877 matched
2026-08-24 03:05:07,520 INFO ncaa_identity: contest_id=2142953 teams 2587/2587 matched, players 6519/7076 matched
2026-08-24 03:05:19,915 INFO ncaa_identity: contest_id=2143068 teams 3181/3181 matched, players 8474/8828 matched
2026-08-24 03:05:26,936 INFO ncaa_identity: contest_id=2143097 teams 2825/2825 matched, players 7119/7732 matched
2026-08-24 03:05:38,067 INFO ncaa_identity: contest_id=2143163 teams 2452/2452 matched, players 6394/6728 matched
2026-08-24 03:05:47,738 INFO ncaa_identity: contest_id=2143234 teams 1324/2567 matched, players 3603/7068 matched
2026-08-24 03:05:52,074 INFO ncaa_identity: contest_id=2143250 teams 2784/2784 matched, players 7080/7644 matched
2026-08-24 03:06:08,532 INFO ncaa_identity: contest_id=2143329 teams 2339/2339 matched, players 6159/6436 matched
2026-08-24 03:06:10,173 INFO 5 starters not found for period 3; using estimate
2026-08-24 03:06:24,661 INFO ncaa_identity: contest_id=2143365 teams 1545/3001 matched, players 4522/8224 matched
2026-08-24 03:06:42,914 INFO ncaa_identity: contest_id=2143438 teams 2414/2414 matched, players 6578/6612 matched
2026-08-24 03:07:05,071 INFO ncaa_identity: contest_id=2143489 teams 1479/2882 matched, players 3963/7848 matched
2026-08-24 03:08:01,586 INFO ncaa_identity: contest_id=2143855 teams 2520/2520 matched, players 6880/6932 matched
2026-08-24 03:08:21,466 INFO ncaa_identity: contest_id=2143891 teams 2363/2363 matched, players 5971/6484 matched
2026-08-24 03:08:45,808 INFO ncaa_identity: contest_id=2144212 teams 2502/2502 matched, players 6347/6767 matched
2026-08-24 03:08:51,510 INFO ncaa_identity: contest_id=2144234 teams 2866/2866 matched, players 7717/7885 matched
2026-08-24 03:09:14,309 INFO ncaa_identity: contest_id=2144302 teams 1312/2526 matched, players 3544/6894 matched
2026-08-24 03:09:19,813 INFO ncaa_identity: contest_id=2144315 teams 2607/2607 matched, players 6969/7164 matched
2026-08-24 03:09:22,315 INFO ncaa_identity: contest_id=2144333 teams 2542/2542 matched, players 6923/6963 matched
2026-08-24 03:09:36,400 INFO ncaa_identity: contest_id=2144477 teams 2527/2527 matched, players 6574/6940 matched
2026-08-24 03:09:40,179 INFO ncaa_identity: contest_id=2144521 teams 1351/2558 matched, players 566/1061 matched
2026-08-24 03:09:46,398 INFO ncaa_identity: contest_id=2144654 teams 2469/2469 matched, players 6169/6763 matched
2026-08-24 03:09:48,186 INFO ncaa_identity: contest_id=2144715 teams 1183/2366 matched, players 3257/6496 matched
2026-08-24 03:09:54,781 INFO ncaa_identity: contest_id=2144778 teams 2657/2657 matched, players 6874/7257 matched
2026-08-24 03:09:59,034 INFO ncaa_identity: contest_id=2144809 teams 1442/2847 matched, players 3984/7842 matched
2026-08-24 03:10:00,684 INFO ncaa_identity: contest_id=2144842 teams 2728/2728 matched, players 7042/7522 matched
2026-08-24 03:10:13,268 INFO ncaa_identity: contest_id=2145100 teams 1300/2665 matched, players 3652/7303 matched
2026-08-24 03:10:17,223 INFO ncaa_identity: contest_id=2145128 teams 1529/3073 matched, players 4177/8437 matched
2026-08-24 03:10:36,335 INFO ncaa_identity: contest_id=2145333 teams 1309/2670 matched, players 3627/7253 matched
2026-08-24 03:10:39,998 INFO ncaa_identity: contest_id=2145394 teams 1386/2674 matched, players 3734/7340 matched
2026-08-24 03:11:01,188 INFO ncaa_identity: contest_id=2145709 teams 1438/2876 matched, players 3893/7880 matched
2026-08-24 03:11:03,526 INFO ncaa_identity: contest_id=2145745 teams 2711/2711 matched, players 7288/7476 matched
2026-08-24 03:11:14,888 INFO ncaa_identity: contest_id=2145899 teams 3163/3163 matched, players 8305/8751 matched
2026-08-24 03:11:17,745 INFO ncaa_identity: contest_id=2145976 teams 2544/2544 matched, players 6737/6920 matched
2026-08-24 03:11:26,016 INFO ncaa_identity: contest_id=2146052 teams 2347/2347 matched, players 6345/6412 matched
2026-08-24 03:11:28,388 INFO ncaa_identity: contest_id=2146072 teams 2638/2638 matched, players 6961/7254 matched
2026-08-24 03:11:37,001 INFO ncaa_identity: contest_id=2146127 teams 2251/2251 matched, players 5781/6152 matched
2026-08-24 03:11:42,952 INFO ncaa_identity: contest_id=2146182 teams 1188/2478 matched, players 3370/6755 matched
2026-08-24 03:11:45,056 INFO ncaa_identity: contest_id=2146208 teams 2301/2301 matched, players 5865/6280 matched
2026-08-24 03:12:02,277 INFO ncaa_identity: contest_id=2146547 teams 2467/2467 matched, players 6680/6744 matched
2026-08-24 03:12:12,549 INFO ncaa_identity: contest_id=2146719 teams 2255/2255 matched, players 5860/6151 matched
2026-08-24 03:12:18,478 INFO ncaa_identity: contest_id=2146768 teams 2532/2532 matched, players 6678/6932 matched
2026-08-24 03:12:38,698 INFO ncaa_identity: contest_id=2147150 teams 2954/2954 matched, players 7448/8116 matched
2026-08-24 03:12:44,428 WARNING ncaa_parse: family=shots contest_id=2147260 team=Hampton SKIPPED (1 parse error(s)): No shot events found [<!DOCTYPE html> <html lang="en"> <head> <meta content="text/html; charset=utf-8" http-equiv="CONTENT-TYPE"/> <meta charset="utf-8"/> <meta...
2026-08-24 03:12:44,492 INFO ncaa_identity: contest_id=2147260 teams 2113/2113 matched, players 4427/5911 matched
2026-08-24 03:12:49,487 INFO ncaa_identity: contest_id=2147396 teams 2570/2570 matched, players 6671/7070 matched
2026-08-24 03:12:52,215 INFO ncaa_identity: contest_id=2147495 teams 2250/2250 matched, players 6150/6157 matched
2026-08-24 03:12:53,338 WARNING ncaa_parse: family=shots contest_id=2147532 team=Harvard SKIPPED (1 parse error(s)): No shot events found [<!DOCTYPE html> <html lang="en"> <head> <meta content="text/html; charset=utf-8" http-equiv="CONTENT-TYPE"/> <meta charset="utf-8"/> <meta...
2026-08-24 03:13:00,935 INFO ncaa_identity: contest_id=2147628 teams 2404/2404 matched, players 6468/6607 matched
2026-08-24 03:13:02,493 WARNING ncaa_parse: family=shots contest_id=2147642 team=Alabama A&M SKIPPED (1 parse error(s)): No shot events found [<!DOCTYPE html> <html lang="en"> <head> <meta content="text/html; charset=utf-8" http-equiv="CONTENT-TYPE"/> <meta charset="utf-8"/> <meta...
2026-08-24 03:13:02,572 INFO ncaa_identity: contest_id=2147642 teams 2683/2683 matched, players 7098/7608 matched
2026-08-24 03:13:09,353 INFO ncaa_identity: contest_id=2147843 teams 2258/2258 matched, players 5831/6193 matched
2026-08-24 03:13:16,135 INFO ncaa_identity: contest_id=2148047 teams 2455/2455 matched, players 6596/6761 matched
2026-08-24 03:13:29,915 INFO 5 starters not found for period 3; using estimate
2026-08-24 03:13:34,670 INFO ncaa_identity: contest_id=2148321 teams 2055/2055 matched, players 4999/5665 matched
2026-08-24 03:13:59,619 INFO ncaa_identity: contest_id=2148757 teams 2769/2769 matched, players 7562/7594 matched
2026-08-24 03:14:10,299 INFO ncaa_identity: contest_id=2149090 teams 2708/2708 matched, players 7086/7464 matched
2026-08-24 03:14:13,817 INFO ncaa_identity: contest_id=2149132 teams 2644/2644 matched, players 7177/7184 matched
2026-08-24 03:14:18,917 INFO ncaa_identity: contest_id=2149196 teams 2776/2776 matched, players 7056/7655 matched
2026-08-24 03:14:20,474 INFO ncaa_identity: contest_id=2149211 teams 2325/2325 matched, players 6248/6410 matched
2026-08-24 03:14:21,011 INFO 5 starters not found for period 3; using estimate
2026-08-24 03:14:29,276 INFO ncaa_identity: contest_id=2149360 teams 2820/2820 matched, players 7314/7753 matched
2026-08-24 03:14:44,606 INFO ncaa_identity: contest_id=2149705 teams 1156/2200 matched, players 3104/6048 matched
2026-08-24 03:14:51,660 INFO ncaa_identity: contest_id=2149740 teams 2589/2589 matched, players 7017/7097 matched
2026-08-24 03:14:56,835 INFO ncaa_identity: contest_id=2149782 teams 2500/2500 matched, players 6505/6837 matched
2026-08-24 03:14:58,349 INFO ncaa_identity: contest_id=2149817 teams 2506/2506 matched, players 6666/6872 matched
2026-08-24 03:15:35,277 INFO ncaa_identity: contest_id=2150591 teams 2859/2859 matched, players 7847/7852 matched
2026-08-24 03:15:45,744 INFO ncaa_identity: contest_id=2150781 teams 2350/2350 matched, players 6244/6403 matched
2026-08-24 03:15:50,656 INFO ncaa_identity: contest_id=2150818 teams 2803/2803 matched, players 7235/7700 matched
2026-08-24 03:16:01,962 INFO ncaa_identity: contest_id=2151169 teams 2286/2286 matched, players 5939/6186 matched
2026-08-24 03:16:12,136 INFO ncaa_identity: contest_id=2151286 teams 2223/2223 matched, players 5849/6059 matched
2026-08-24 03:16:23,940 INFO ncaa_identity: contest_id=2151564 teams 1400/2807 matched, players 3861/7713 matched
2026-08-24 03:16:28,046 INFO ncaa_identity: contest_id=2151599 teams 2424/2424 matched, players 6040/6628 matched
2026-08-24 03:16:31,995 INFO ncaa_identity: contest_id=2151623 teams 2613/2613 matched, players 7035/7138 matched
2026-08-24 03:16:33,867 INFO ncaa_identity: contest_id=2151665 teams 2272/2272 matched, players 6125/6238 matched
2026-08-24 03:16:41,530 INFO ncaa_identity: contest_id=2151811 teams 2752/2752 matched, players 7340/7597 matched
2026-08-24 03:16:44,347 INFO ncaa_identity: contest_id=2151834 teams 2281/2281 matched, players 5927/6304 matched
2026-08-24 03:16:52,414 INFO ncaa_identity: contest_id=2152127 teams 2549/2549 matched, players 6749/6967 matched
2026-08-24 03:16:56,627 INFO ncaa_identity: contest_id=2152221 teams 2689/2689 matched, players 7019/7395 matched
2026-08-24 03:16:58,113 INFO ncaa_identity: contest_id=2152234 teams 3078/3078 matched, players 7814/8495 matched
2026-08-24 03:17:05,545 INFO ncaa_identity: contest_id=2152339 teams 2186/2207 matched, players 6087/6087 matched
2026-08-24 03:17:11,893 INFO ncaa_identity: contest_id=2152434 teams 2394/2394 matched, players 5875/6538 matched
2026-08-24 03:17:22,277 INFO ncaa_identity: contest_id=2152647 teams 3035/3035 matched, players 7725/8320 matched
2026-08-24 03:17:30,082 INFO ncaa_identity: contest_id=2152816 teams 1450/2811 matched, players 3532/7729 matched
2026-08-24 03:17:34,540 INFO ncaa_identity: contest_id=2152851 teams 2719/2719 matched, players 7472/7513 matched
2026-08-24 03:17:38,062 INFO ncaa_identity: contest_id=2152881 teams 2629/2629 matched, players 6725/7256 matched
2026-08-24 03:17:53,006 INFO ncaa_identity: contest_id=2153268 teams 2702/2702 matched, players 7400/7425 matched
2026-08-24 03:18:15,120 INFO ncaa_identity: contest_id=2153686 teams 2249/2249 matched, players 5908/6170 matched
2026-08-24 03:18:30,427 INFO ncaa_identity: contest_id=2153908 teams 2728/2728 matched, players 6580/7506 matched
2026-08-24 03:18:34,487 INFO ncaa_identity: contest_id=2153978 teams 2260/2260 matched, players 5713/6211 matched
2026-08-24 03:18:44,642 INFO 5 starters not found for period 3; using estimate
2026-08-24 03:18:47,712 INFO ncaa_identity: contest_id=2154319 teams 2047/2047 matched, players 5468/5581 matched
2026-08-24 03:18:49,463 INFO ncaa_identity: contest_id=2154329 teams 2181/2181 matched, players 5427/5957 matched
2026-08-24 03:18:52,139 INFO ncaa_identity: contest_id=2154373 teams 2239/2239 matched, players 5593/6115 matched
2026-08-24 03:18:57,946 INFO ncaa_identity: contest_id=2154416 teams 2569/2569 matched, players 6083/7080 matched
2026-08-24 03:18:59,433 INFO ncaa_identity: contest_id=2154467 teams 1038/2087 matched, players 2909/5730 matched
2026-08-24 03:19:02,417 INFO ncaa_identity: contest_id=2154487 teams 2394/2394 matched, players 6555/6556 matched
2026-08-24 03:19:05,769 INFO ncaa_identity: contest_id=2154510 teams 2438/2438 matched, players 6143/6694 matched
2026-08-24 03:19:08,661 INFO ncaa_identity: contest_id=2154551 teams 2466/2466 matched, players 6277/6800 matched
2026-08-24 03:19:11,768 INFO ncaa_identity: contest_id=2154615 teams 2382/2382 matched, players 6459/6518 matched
2026-08-24 03:19:17,379 INFO ncaa_identity: contest_id=2154655 teams 2461/2461 matched, players 6707/6760 matched
2026-08-24 03:19:18,932 INFO ncaa_identity: contest_id=2154665 teams 2766/2766 matched, players 7483/7623 matched
2026-08-24 03:19:20,304 INFO ncaa_identity: contest_id=2154679 teams 1424/2906 matched, players 3903/7984 matched
2026-08-24 03:19:23,224 INFO ncaa_identity: contest_id=2154704 teams 2217/2217 matched, players 5570/6048 matched
2026-08-24 03:19:25,927 INFO ncaa_identity: contest_id=2154746 teams 2835/2835 matched, players 7791/7793 matched
2026-08-24 03:19:27,097 INFO ncaa_identity: contest_id=2154813 teams 2398/2398 matched, players 6527/6603 matched
2026-08-24 03:19:35,888 WARNING ncaa_parse: family=shots contest_id=2154896 team=Texas Southern SKIPPED (1 parse error(s)): No shot events found [<!DOCTYPE html> <html lang="en"> <head> <meta content="text/html; charset=utf-8" http-equiv="CONTENT-TYPE"/> <meta charset="utf-8"/> <meta...
2026-08-24 03:19:35,949 INFO ncaa_identity: contest_id=2154896 teams 2460/2460 matched, players 6325/6951 matched
2026-08-24 03:19:40,611 INFO ncaa_identity: contest_id=2154927 teams 2653/2681 matched, players 7359/7359 matched
2026-08-24 03:19:52,136 INFO ncaa_identity: contest_id=2155008 teams 2377/2377 matched, players 6056/6558 matched
2026-08-24 03:19:53,732 INFO ncaa_identity: contest_id=2155018 teams 2096/2096 matched, players 5720/5729 matched
2026-08-24 03:19:56,575 INFO ncaa_identity: contest_id=2155038 teams 2444/2444 matched, players 6268/6748 matched
2026-08-24 03:19:57,855 INFO ncaa_identity: contest_id=2155048 teams 2478/2478 matched, players 6590/6778 matched
2026-08-24 03:20:00,918 INFO ncaa_identity: contest_id=2155068 teams 3103/3103 matched, players 8555/8561 matched
2026-08-24 03:20:07,163 INFO ncaa_identity: contest_id=2155223 teams 1489/2872 matched, players 3988/7790 matched
2026-08-24 03:20:08,463 INFO ncaa_identity: contest_id=2156176 teams 1336/2750 matched, players 3696/7517 matched
2026-08-24 03:20:15,774 INFO ncaa_identity: contest_id=2158531 teams 2676/2676 matched, players 7086/7297 matched
2026-08-24 03:20:25,650 INFO ncaa_identity: contest_id=2160066 teams 1194/2344 matched, players 585/1095 matched
2026-08-24 03:20:29,630 INFO ncaa_identity: contest_id=2161032 teams 1193/2333 matched, players 3236/6379 matched
2026-08-24 03:20:31,222 INFO ncaa_identity: contest_id=2161089 teams 1351/2646 matched, players 3772/7247 matched
2026-08-24 03:20:32,816 INFO ncaa_identity: contest_id=2163421 teams 3042/3042 matched, players 8274/8409 matched
2026-08-24 03:20:35,738 WARNING ncaa_parse: family=shots contest_id=2163594 team=Morgan St. SKIPPED (1 parse error(s)): No shot events found [<!DOCTYPE html> <html lang="en"> <head> <meta content="text/html; charset=utf-8" http-equiv="CONTENT-TYPE"/> <meta charset="utf-8"/> <meta...
2026-08-24 03:20:35,802 INFO ncaa_identity: contest_id=2163594 teams 1068/2136 matched, players 2633/5993 matched
2026-08-24 03:20:37,055 INFO ncaa_identity: contest_id=2163676 teams 2473/2473 matched, players 6648/6809 matched
2026-08-24 03:20:41,143 INFO ncaa_identity: contest_id=2255361 teams 1242/2410 matched, players 3354/6620 matched
2026-08-24 03:20:42,600 INFO ncaa_identity: contest_id=2259749 teams 2376/2376 matched, players 6450/6550 matched
2026-08-24 03:20:43,898 INFO ncaa_identity: contest_id=2259781 teams 2679/2679 matched, players 7051/7364 matched
2026-08-24 03:20:45,587 INFO ncaa_identity: contest_id=2259809 teams 2672/2672 matched, players 6647/7319 matched
2026-08-24 03:21:03,492 WARNING ncaa_parse: family=shots contest_id=2260824 team=N.C. Central SKIPPED (1 parse error(s)): No shot events found [<!DOCTYPE html> <html lang="en"> <head> <meta content="text/html; charset=utf-8" http-equiv="CONTENT-TYPE"/> <meta charset="utf-8"/> <meta...
2026-08-24 03:21:15,607 INFO ncaa_identity: contest_id=2261413 teams 2524/2524 matched, players 6473/6939 matched
2026-08-24 03:21:17,411 INFO ncaa_identity: contest_id=2261437 teams 2467/2467 matched, players 6204/6775 matched
2026-08-24 03:21:20,116 WARNING ncaa_parse: family=shots contest_id=2261471 team=Princeton SKIPPED (1 parse error(s)): No shot events found [<!DOCTYPE html> <html lang="en"> <head> <meta content="text/html; charset=utf-8" http-equiv="CONTENT-TYPE"/> <meta charset="utf-8"/> <meta...
2026-08-24 03:21:31,863 INFO ncaa_identity: contest_id=2262756 teams 2904/2904 matched, players 7874/7981 matched
2026-08-24 03:21:34,937 WARNING ncaa_parse: family=shots contest_id=2262788 team=UNCW SKIPPED (1 parse error(s)): No shot events found [<!DOCTYPE html> <html lang="en"> <head> <meta content="text/html; charset=utf-8" http-equiv="CONTENT-TYPE"/> <meta charset="utf-8"/> <meta...
2026-08-24 03:21:35,063 INFO ncaa_identity: contest_id=2262788 teams 2405/2405 matched, players 6364/6817 matched
2026-08-24 03:21:41,534 WARNING ncaa_parse: family=shots contest_id=2262971 team=Northern Colo. SKIPPED (1 parse error(s)): No shot events found [<!DOCTYPE html> <html lang="en"> <head> <meta content="text/html; charset=utf-8" http-equiv="CONTENT-TYPE"/> <meta charset="utf-8"/> <meta...
2026-08-24 03:21:46,448 WARNING ncaa_parse: family=shots contest_id=2263207 team=Abilene Christian SKIPPED (1 parse error(s)): No shot events found [<!DOCTYPE html> <html lang="en"> <head> <meta content="text/html; charset=utf-8" http-equiv="CONTENT-TYPE"/> <meta charset="utf-8"/> <meta...
2026-08-24 03:21:48,129 INFO ncaa_identity: contest_id=2263265 teams 2049/2049 matched, players 5102/5613 matched
2026-08-24 03:21:55,118 INFO ncaa_identity: contest_id=2335253 teams 2478/2478 matched, players 6685/6756 matched
2026-08-24 03:21:57,052 INFO ncaa_identity: contest_id=2335263 teams 1412/2800 matched, players 3917/7689 matched
2026-08-24 03:22:01,636 INFO ncaa_identity: contest_id=2335294 teams 1396/2709 matched, players 3718/7427 matched
2026-08-24 03:22:03,685 INFO ncaa_identity: contest_id=2335304 teams 1423/2828 matched, players 3895/7790 matched
2026-08-24 03:22:05,132 INFO ncaa_identity: contest_id=2335314 teams 2546/2546 matched, players 6158/7001 matched
2026-08-24 03:22:10,222 INFO ncaa_identity: contest_id=2335344 teams 2579/2579 matched, players 6678/7042 matched
2026-08-24 03:22:11,739 INFO ncaa_identity: contest_id=2335354 teams 2761/2761 matched, players 7197/7652 matched
2026-08-24 03:22:13,521 INFO ncaa_identity: contest_id=2335364 teams 1360/2714 matched, players 3740/7404 matched
2026-08-24 03:22:15,084 INFO ncaa_identity: contest_id=2335374 teams 1567/3089 matched, players 4259/8408 matched
2026-08-24 03:22:17,480 INFO ncaa_identity: contest_id=2335384 teams 1447/2863 matched, players 3939/7857 matched
2026-08-24 03:22:20,932 INFO ncaa_identity: contest_id=2335404 teams 1220/2378 matched, players 3277/6511 matched
2026-08-24 03:22:22,289 INFO ncaa_identity: contest_id=2335414 teams 1270/2393 matched, players 3317/6510 matched
2026-08-24 03:22:27,348 INFO ncaa_identity: contest_id=2335545 teams 2778/2778 matched, players 6748/7602 matched
2026-08-24 03:22:28,687 INFO ncaa_identity: contest_id=2335577 teams 1225/2523 matched, players 3438/6869 matched
2026-08-24 03:22:30,730 INFO ncaa_identity: contest_id=2335601 teams 1248/2423 matched, players 3341/6572 matched
2026-08-24 03:22:34,083 INFO ncaa_identity: contest_id=2335624 teams 1264/2561 matched, players 3491/6998 matched
2026-08-24 03:22:37,260 INFO ncaa_identity: contest_id=2335660 teams 1304/2556 matched, players 3281/7024 matched
2026-08-24 03:22:40,321 INFO ncaa_identity: contest_id=2335684 teams 2773/2773 matched, players 7576/7597 matched
2026-08-24 03:22:41,882 INFO ncaa_identity: contest_id=2335694 teams 2789/2789 matched, players 7184/7598 matched
2026-08-24 03:22:47,010 WARNING ncaa_parse: family=shots contest_id=2335829 team=Toledo SKIPPED (1 parse error(s)): Missing fields from shot: param_indices=[2,6] in [<circle class="shot" cx="799.0" cy="285.00000000000006" r="5"><title>2nd 14:01:00 : missed by RayJ Dennis() 53...
2026-08-24 03:22:51,243 INFO ncaa_identity: contest_id=2335875 teams 2810/2810 matched, players 7565/7721 matched
2026-08-24 03:22:55,026 INFO ncaa_identity: contest_id=2335974 teams 2803/2803 matched, players 6847/7732 matched
2026-08-24 03:22:56,801 INFO ncaa_identity: contest_id=2335992 teams 2804/2804 matched, players 6740/7721 matched
2026-08-24 03:23:00,950 INFO ncaa_identity: contest_id=2336140 teams 3454/3454 matched, players 9077/9570 matched
2026-08-24 03:23:02,679 INFO ncaa_identity: contest_id=2336227 teams 1262/2552 matched, players 3477/6935 matched
2026-08-24 03:23:07,134 INFO ncaa_identity: contest_id=2336340 teams 1777/3440 matched, players 4750/9435 matched
2026-08-24 03:23:09,139 INFO ncaa_identity: contest_id=2336374 teams 1364/2776 matched, players 3773/7617 matched
2026-08-24 03:23:10,455 INFO ncaa_identity: contest_id=2336414 teams 2657/2657 matched, players 6878/7246 matched
2026-08-24 03:23:12,421 INFO ncaa_identity: contest_id=2336446 teams 2893/2893 matched, players 7594/7952 matched
2026-08-24 03:23:15,831 INFO ncaa_identity: contest_id=2336475 teams 1219/2451 matched, players 3421/6693 matched
2026-08-24 03:23:17,907 INFO ncaa_identity: contest_id=2336485 teams 1503/2963 matched, players 3997/8077 matched
2026-08-24 03:23:19,505 INFO ncaa_identity: contest_id=2336501 teams 1506/2929 matched, players 4036/7968 matched
2026-08-24 03:23:21,600 INFO ncaa_identity: contest_id=2336514 teams 1464/2808 matched, players 3898/7681 matched
2026-08-24 03:23:32,147 INFO ncaa_identity: contest_id=2336598 teams 3053/3053 matched, players 7334/8429 matched
2026-08-24 03:23:33,714 INFO ncaa_identity: contest_id=2336636 teams 2363/2363 matched, players 6454/6459 matched
2026-08-24 03:23:35,840 INFO ncaa_identity: contest_id=2336671 teams 1806/3518 matched, players 4287/9693 matched
2026-08-24 03:23:39,147 INFO ncaa_identity: contest_id=2336720 teams 2925/2925 matched, players 7919/8092 matched
2026-08-24 03:23:40,572 INFO ncaa_identity: contest_id=2336748 teams 2192/2192 matched, players 5626/5764 matched
2026-08-24 03:23:44,336 INFO ncaa_identity: contest_id=2336846 teams 1372/2716 matched, players 3749/7472 matched
2026-08-24 03:23:47,670 INFO ncaa_identity: contest_id=2336913 teams 2405/2405 matched, players 6048/6590 matched
2026-08-24 03:23:49,428 INFO ncaa_identity: contest_id=2336941 teams 1260/2511 matched, players 3403/6842 matched
2026-08-24 03:23:57,928 INFO ncaa_identity: contest_id=2337053 teams 2293/2293 matched, players 6251/6252 matched
2026-08-24 03:24:08,488 INFO ncaa_identity: contest_id=2337333 teams 1240/2423 matched, players 3363/6639 matched
2026-08-24 03:24:13,199 INFO ncaa_identity: contest_id=2337531 teams 2340/2340 matched, players 6057/6398 matched
2026-08-24 03:24:20,272 INFO ncaa_identity: contest_id=2337688 teams 2455/2455 matched, players 6708/6728 matched
2026-08-24 03:24:24,739 INFO ncaa_identity: contest_id=2337741 teams 1338/2703 matched, players 3710/7413 matched
2026-08-24 03:24:29,262 INFO ncaa_identity: contest_id=2337817 teams 2389/2389 matched, players 6356/6552 matched
2026-08-24 03:24:32,483 INFO ncaa_identity: contest_id=2337956 teams 3344/3344 matched, players 8613/9189 matched
2026-08-24 03:24:35,843 INFO ncaa_identity: contest_id=2338089 teams 1704/3303 matched, players 4659/9143 matched
2026-08-24 03:24:46,718 INFO ncaa_identity: contest_id=2338243 teams 3287/3287 matched, players 8635/9122 matched
2026-08-24 03:24:52,230 INFO ncaa_identity: contest_id=2338315 teams 3038/3038 matched, players 8318/8358 matched
2026-08-24 03:24:58,889 INFO ncaa_identity: contest_id=2338406 teams 1587/3039 matched, players 3889/8354 matched
2026-08-24 03:25:00,681 INFO ncaa_identity: contest_id=2338446 teams 2474/2474 matched, players 6345/6696 matched
2026-08-24 03:25:04,272 INFO ncaa_identity: contest_id=2338575 teams 2482/2482 matched, players 6690/6787 matched
2026-08-24 03:25:07,834 INFO ncaa_identity: contest_id=2338625 teams 1301/2629 matched, players 3610/7238 matched
2026-08-24 03:25:08,044 INFO 5 starters not found for period 4; using estimate
2026-08-24 03:25:11,909 INFO ncaa_identity: contest_id=2338688 teams 1263/2458 matched, players 3397/6742 matched
2026-08-24 03:25:19,173 INFO ncaa_identity: contest_id=2338808 teams 1443/2844 matched, players 3600/7815 matched
2026-08-24 03:25:20,774 INFO ncaa_identity: contest_id=2338851 teams 2552/2552 matched, players 7021/7023 matched
2026-08-24 03:25:26,112 INFO ncaa_identity: contest_id=2338918 teams 1415/2823 matched, players 3881/7777 matched
2026-08-24 03:25:29,994 INFO ncaa_identity: contest_id=2338969 teams 2762/2762 matched, players 7153/7553 matched
2026-08-24 03:25:45,120 INFO ncaa_identity: contest_id=2339205 teams 2251/2251 matched, players 5982/6198 matched
2026-08-24 03:25:46,802 INFO ncaa_identity: contest_id=2339224 teams 1312/2521 matched, players 3417/6831 matched
2026-08-24 03:25:49,286 INFO ncaa_identity: contest_id=2339296 teams 1251/2498 matched, players 3142/6832 matched
2026-08-24 03:25:54,090 INFO ncaa_identity: contest_id=2339395 teams 2427/2427 matched, players 5737/6663 matched
2026-08-24 03:25:57,652 INFO ncaa_identity: contest_id=2339421 teams 1412/2813 matched, players 3855/7788 matched
2026-08-24 03:26:25,519 INFO ncaa_identity: contest_id=2339961 teams 1335/2652 matched, players 3621/7243 matched
2026-08-24 03:26:28,958 INFO ncaa_identity: contest_id=2340005 teams 1139/2249 matched, players 3074/6150 matched
2026-08-24 03:26:37,623 INFO ncaa_identity: contest_id=2340131 teams 2796/2796 matched, players 6629/7713 matched
2026-08-24 03:26:41,429 INFO ncaa_identity: contest_id=2340227 teams 1411/2773 matched, players 3320/7558 matched
2026-08-24 03:26:44,921 INFO ncaa_identity: contest_id=2340334 teams 2433/2433 matched, players 5674/6677 matched
2026-08-24 03:26:46,936 INFO ncaa_identity: contest_id=2340344 teams 1448/2718 matched, players 3418/7405 matched
2026-08-24 03:26:48,612 INFO ncaa_identity: contest_id=2340354 teams 2683/2683 matched, players 7062/7390 matched
2026-08-24 03:26:50,330 INFO ncaa_identity: contest_id=2340366 teams 2515/2515 matched, players 6721/6889 matched
2026-08-24 03:26:55,523 INFO ncaa_identity: contest_id=2340447 teams 3056/3056 matched, players 8423/8424 matched
2026-08-24 03:26:57,298 INFO ncaa_identity: contest_id=2340541 teams 2575/2575 matched, players 6703/7018 matched
2026-08-24 03:27:00,844 INFO ncaa_identity: contest_id=2340636 teams 2678/2678 matched, players 7182/7302 matched
2026-08-24 03:27:07,218 INFO ncaa_identity: contest_id=2340709 teams 1252/2484 matched, players 2992/6849 matched
2026-08-24 03:27:14,002 INFO ncaa_identity: contest_id=2340806 teams 1361/2679 matched, players 3686/7327 matched
2026-08-24 03:27:17,074 INFO ncaa_identity: contest_id=2340838 teams 2558/2558 matched, players 6565/6984 matched
2026-08-24 03:27:22,478 INFO ncaa_identity: contest_id=2340905 teams 1368/2637 matched, players 3574/7251 matched
2026-08-24 03:27:24,416 INFO ncaa_identity: contest_id=2340939 teams 1371/2673 matched, players 3316/7355 matched
2026-08-24 03:27:26,064 INFO ncaa_identity: contest_id=2340966 teams 1297/2574 matched, players 3534/7034 matched
2026-08-24 03:27:29,746 INFO ncaa_identity: contest_id=2341041 teams 1456/2911 matched, players 3968/7984 matched
2026-08-24 03:27:31,956 INFO ncaa_identity: contest_id=2341081 teams 1313/2565 matched, players 3137/6997 matched
2026-08-24 03:27:35,241 WARNING ncaa_parse: family=shots contest_id=2341103 team=South Carolina St. SKIPPED (1 parse error(s)): No shot events found [<!DOCTYPE html> <html lang="en"> <head> <meta content="text/html; charset=utf-8" http-equiv="CONTENT-TYPE"/> <meta charset="utf-8"/> <meta...
2026-08-24 03:27:35,458 INFO ncaa_identity: contest_id=2341103 teams 2602/2602 matched, players 7248/7339 matched
2026-08-24 03:27:37,149 INFO ncaa_identity: contest_id=2341116 teams 2217/2217 matched, players 6081/6082 matched
2026-08-24 03:27:40,125 INFO ncaa_identity: contest_id=2341166 teams 1250/2471 matched, players 3106/6790 matched
2026-08-24 03:27:44,786 INFO ncaa_identity: contest_id=2341297 teams 2370/2370 matched, players 6125/6490 matched
2026-08-24 03:27:46,603 INFO ncaa_identity: contest_id=2341319 teams 2644/2644 matched, players 7068/7244 matched
2026-08-24 03:27:48,101 INFO ncaa_identity: contest_id=2341343 teams 2266/2266 matched, players 5903/6225 matched
2026-08-24 03:27:50,354 INFO ncaa_identity: contest_id=2341360 teams 1237/2488 matched, players 3435/6803 matched
2026-08-24 03:27:53,597 INFO ncaa_identity: contest_id=2341418 teams 2683/2683 matched, players 6860/7322 matched
2026-08-24 03:27:57,070 INFO ncaa_identity: contest_id=2341474 teams 1323/2688 matched, players 3624/7365 matched
2026-08-24 03:28:01,855 INFO ncaa_identity: contest_id=2341593 teams 2896/2896 matched, players 7919/7955 matched
2026-08-24 03:28:05,160 INFO ncaa_identity: contest_id=2341653 teams 1530/2979 matched, players 4173/8165 matched
2026-08-24 03:28:07,523 INFO ncaa_identity: contest_id=2341668 teams 2688/2688 matched, players 6605/7383 matched
2026-08-24 03:28:08,826 INFO ncaa_identity: contest_id=2341681 teams 2303/2303 matched, players 6288/6302 matched
2026-08-24 03:28:15,129 INFO ncaa_identity: contest_id=2341732 teams 1311/2537 matched, players 3355/6928 matched
2026-08-24 03:28:36,230 INFO ncaa_identity: contest_id=2341928 teams 2430/2430 matched, players 6693/6696 matched
2026-08-24 03:28:40,054 INFO ncaa_identity: contest_id=2341955 teams 2925/2925 matched, players 7607/8060 matched
2026-08-24 03:28:43,209 INFO ncaa_identity: contest_id=2341976 teams 2689/2689 matched, players 7340/7393 matched
2026-08-24 03:28:46,960 INFO ncaa_identity: contest_id=2342068 teams 2679/2679 matched, players 6730/7386 matched
2026-08-24 03:28:53,218 INFO ncaa_identity: contest_id=2342137 teams 2035/2035 matched, players 5350/5557 matched
2026-08-24 03:28:59,484 INFO ncaa_identity: contest_id=2342344 teams 2299/2299 matched, players 6127/6330 matched
2026-08-24 03:29:08,715 INFO ncaa_identity: contest_id=2342422 teams 2674/2674 matched, players 6880/7314 matched
2026-08-24 03:29:24,248 INFO ncaa_identity: contest_id=2342649 teams 1324/2627 matched, players 3610/7172 matched
2026-08-24 03:29:44,401 INFO ncaa_identity: contest_id=2343020 teams 2436/2436 matched, players 6532/6679 matched
2026-08-24 03:29:45,902 INFO ncaa_identity: contest_id=2343034 teams 2563/2563 matched, players 6887/7039 matched
2026-08-24 03:29:55,445 INFO ncaa_identity: contest_id=2343215 teams 2574/2574 matched, players 6891/7084 matched
2026-08-24 03:29:57,371 INFO ncaa_identity: contest_id=2343226 teams 1189/2376 matched, players 3255/6510 matched
2026-08-24 03:29:58,986 INFO ncaa_identity: contest_id=2343237 teams 2576/2576 matched, players 6278/7052 matched
2026-08-24 03:30:00,863 INFO ncaa_identity: contest_id=2343248 teams 2329/2329 matched, players 5935/6389 matched
2026-08-24 03:30:04,671 INFO ncaa_identity: contest_id=2343272 teams 2454/2454 matched, players 5589/6773 matched
2026-08-24 03:30:11,391 INFO ncaa_identity: contest_id=2343503 teams 2802/2802 matched, players 7126/7703 matched
2026-08-24 03:30:12,985 INFO ncaa_identity: contest_id=2343582 teams 2665/2665 matched, players 7160/7322 matched
2026-08-24 03:30:15,025 INFO ncaa_identity: contest_id=2343611 teams 2490/2490 matched, players 6416/6850 matched
2026-08-24 03:30:25,369 INFO ncaa_identity: contest_id=2343717 teams 2486/2486 matched, players 6741/6817 matched
2026-08-24 03:30:33,332 WARNING ncaa_parse: family=shots contest_id=2343853 team=Winthrop SKIPPED (1 parse error(s)): No shot events found [<!DOCTYPE html> <html lang="en"> <head> <meta content="text/html; charset=utf-8" http-equiv="CONTENT-TYPE"/> <meta charset="utf-8"/> <meta...
2026-08-24 03:30:33,370 INFO ncaa_identity: contest_id=2343853 teams 2312/2312 matched, players 6173/6546 matched
2026-08-24 03:30:36,789 INFO ncaa_identity: contest_id=2343926 teams 2556/2556 matched, players 6800/6993 matched
2026-08-24 03:30:40,397 INFO ncaa_identity: contest_id=2343975 teams 2262/2262 matched, players 5737/6239 matched
2026-08-24 03:30:44,780 INFO ncaa_identity: contest_id=2344092 teams 1235/2456 matched, players 3376/6748 matched
2026-08-24 03:30:54,116 INFO ncaa_identity: contest_id=2344278 teams 2707/2707 matched, players 7254/7489 matched
2026-08-24 03:30:59,776 INFO ncaa_identity: contest_id=2344309 teams 3105/3105 matched, players 8129/8604 matched
2026-08-24 03:31:10,877 INFO ncaa_identity: contest_id=2344572 teams 2428/2428 matched, players 6436/6638 matched
2026-08-24 03:31:22,374 WARNING ncaa_parse: family=shots contest_id=2344773 team=Hampton SKIPPED (1 parse error(s)): No shot events found [<!DOCTYPE html> <html lang="en"> <head> <meta content="text/html; charset=utf-8" http-equiv="CONTENT-TYPE"/> <meta charset="utf-8"/> <meta...
2026-08-24 03:31:22,468 INFO ncaa_identity: contest_id=2344773 teams 2282/2282 matched, players 5645/6358 matched
2026-08-24 03:31:24,632 INFO ncaa_identity: contest_id=2344783 teams 3747/3747 matched, players 10405/10429 matched
2026-08-24 03:31:34,352 INFO ncaa_identity: contest_id=2344946 teams 2825/2825 matched, players 7417/7731 matched
2026-08-24 03:31:37,507 INFO ncaa_identity: contest_id=2345025 teams 2477/2477 matched, players 6782/6820 matched
2026-08-24 03:31:40,499 INFO ncaa_identity: contest_id=2345150 teams 2643/2643 matched, players 7107/7268 matched
2026-08-24 03:31:43,839 INFO ncaa_identity: contest_id=2345174 teams 2526/2526 matched, players 6693/6910 matched
2026-08-24 03:32:12,310 INFO ncaa_identity: contest_id=2345766 teams 2499/2499 matched, players 5915/6852 matched
2026-08-24 03:32:13,785 INFO ncaa_identity: contest_id=2345788 teams 3009/3009 matched, players 8085/8304 matched
2026-08-24 03:32:15,665 INFO ncaa_identity: contest_id=2345813 teams 2711/2711 matched, players 7429/7451 matched
2026-08-24 03:32:18,593 INFO ncaa_identity: contest_id=2345840 teams 2403/2403 matched, players 6097/6597 matched
2026-08-24 03:32:25,456 INFO ncaa_identity: contest_id=2345939 teams 2330/2330 matched, players 5996/6361 matched
2026-08-24 03:32:30,445 INFO ncaa_identity: contest_id=2346032 teams 2721/2721 matched, players 7158/7418 matched
2026-08-24 03:32:32,358 INFO ncaa_identity: contest_id=2346081 teams 3225/3225 matched, players 8943/8944 matched
2026-08-24 03:32:32,517 INFO 5 starters not found for period 3; using estimate
2026-08-24 03:32:39,002 INFO ncaa_identity: contest_id=2346218 teams 2378/2378 matched, players 6493/6514 matched
2026-08-24 03:32:41,155 INFO ncaa_identity: contest_id=2346229 teams 2621/2621 matched, players 6677/7161 matched
2026-08-24 03:32:48,265 INFO ncaa_identity: contest_id=2346364 teams 1889/1889 matched, players 5070/5160 matched
2026-08-24 03:32:49,527 INFO ncaa_identity: contest_id=2346412 teams 2112/2112 matched, players 5618/5733 matched
2026-08-24 03:33:04,929 INFO ncaa_identity: contest_id=2346680 teams 2820/2820 matched, players 6981/7774 matched
2026-08-24 03:33:08,982 INFO ncaa_identity: contest_id=2346795 teams 2862/2862 matched, players 7706/7866 matched
2026-08-24 03:33:10,586 INFO ncaa_identity: contest_id=2346818 teams 2847/2847 matched, players 7206/7856 matched
2026-08-24 03:33:16,668 INFO ncaa_identity: contest_id=2346889 teams 1113/2339 matched, players 3220/6398 matched
2026-08-24 03:33:18,206 INFO ncaa_identity: contest_id=2346905 teams 2688/2688 matched, players 7366/7374 matched
2026-08-24 03:33:19,862 INFO ncaa_identity: contest_id=2346934 teams 2791/2791 matched, players 7279/7714 matched
2026-08-24 03:33:41,932 INFO ncaa_identity: contest_id=2347293 teams 2341/2341 matched, players 6285/6339 matched
2026-08-24 03:33:43,439 INFO ncaa_identity: contest_id=2347341 teams 2193/2193 matched, players 5839/5995 matched
2026-08-24 03:33:51,844 INFO ncaa_identity: contest_id=2347479 teams 2611/2611 matched, players 6958/7105 matched
2026-08-24 03:34:01,908 INFO ncaa_identity: contest_id=2347682 teams 2425/2425 matched, players 6574/6650 matched
2026-08-24 03:34:05,181 INFO ncaa_identity: contest_id=2347839 teams 1285/2540 matched, players 3432/6954 matched
2026-08-24 03:34:06,763 INFO ncaa_identity: contest_id=2347862 teams 2226/2226 matched, players 5834/6106 matched
2026-08-24 03:34:08,772 INFO ncaa_identity: contest_id=2347879 teams 2485/2485 matched, players 6313/6723 matched
2026-08-24 03:34:25,417 INFO ncaa_identity: contest_id=2348114 teams 3062/3062 matched, players 7839/8434 matched
2026-08-24 03:34:35,153 INFO ncaa_identity: contest_id=2348308 teams 1378/2820 matched, players 3818/7787 matched
2026-08-24 03:34:36,830 INFO ncaa_identity: contest_id=2348319 teams 2555/2555 matched, players 6966/7009 matched
2026-08-24 03:34:41,082 INFO ncaa_identity: contest_id=2348433 teams 2381/2381 matched, players 6271/6537 matched
2026-08-24 03:34:47,854 INFO ncaa_identity: contest_id=2348513 teams 2329/2329 matched, players 5864/6387 matched
2026-08-24 03:35:10,483 INFO ncaa_identity: contest_id=2348985 teams 2444/2444 matched, players 6119/6658 matched
2026-08-24 03:35:11,901 INFO ncaa_identity: contest_id=2348998 teams 2529/2529 matched, players 6896/6950 matched
2026-08-24 03:35:15,021 INFO ncaa_identity: contest_id=2349040 teams 2604/2604 matched, players 6844/7155 matched
2026-08-24 03:35:26,896 INFO ncaa_identity: contest_id=2349309 teams 2507/2507 matched, players 6886/6887 matched
2026-08-24 03:35:28,744 INFO ncaa_identity: contest_id=2349319 teams 2410/2410 matched, players 6487/6549 matched
2026-08-24 03:35:38,307 INFO ncaa_identity: contest_id=2349458 teams 1316/2557 matched, players 3494/7021 matched
2026-08-24 03:35:43,206 INFO ncaa_identity: contest_id=2349523 teams 2763/2763 matched, players 7336/7582 matched
2026-08-24 03:35:46,132 INFO 5 starters not found for period 3; using estimate
2026-08-24 03:35:47,910 INFO ncaa_identity: contest_id=2349565 teams 2976/2976 matched, players 7438/8159 matched
2026-08-24 03:35:56,279 INFO ncaa_identity: contest_id=2349852 teams 2507/2507 matched, players 6315/6861 matched
2026-08-24 03:36:22,228 INFO ncaa_identity: contest_id=2350151 teams 2468/2468 matched, players 6399/6716 matched
2026-08-24 03:36:23,760 INFO ncaa_identity: contest_id=2350161 teams 2491/2491 matched, players 6303/6829 matched
2026-08-24 03:36:29,721 INFO ncaa_identity: contest_id=2350198 teams 2279/2279 matched, players 6151/6167 matched
2026-08-24 03:36:31,420 INFO ncaa_identity: contest_id=2350243 teams 2566/2566 matched, players 6908/7044 matched
2026-08-24 03:36:35,779 INFO ncaa_identity: contest_id=2350284 teams 2447/2447 matched, players 6662/6685 matched
2026-08-24 03:36:39,048 INFO ncaa_identity: contest_id=2350308 teams 2824/2824 matched, players 7131/7792 matched
2026-08-24 03:36:45,480 INFO ncaa_identity: contest_id=2350349 teams 2817/2817 matched, players 7505/7750 matched
2026-08-24 03:36:50,234 INFO ncaa_identity: contest_id=2350435 teams 2236/2236 matched, players 5145/6134 matched
2026-08-24 03:36:51,319 INFO ncaa_identity: contest_id=2350468 teams 1037/2051 matched, players 2824/5579 matched
2026-08-24 03:36:52,842 INFO ncaa_identity: contest_id=2350489 teams 2653/2653 matched, players 6873/7299 matched
2026-08-24 03:36:59,932 WARNING ncaa_parse: family=shots contest_id=2350552 team=South Carolina St. SKIPPED (1 parse error(s)): No shot events found [<!DOCTYPE html> <html lang="en"> <head> <meta content="text/html; charset=utf-8" http-equiv="CONTENT-TYPE"/> <meta charset="utf-8"/> <meta...
2026-08-24 03:37:01,565 INFO ncaa_identity: contest_id=2350562 teams 2490/2490 matched, players 6805/6829 matched
2026-08-24 03:37:16,646 INFO ncaa_identity: contest_id=2350666 teams 2304/2304 matched, players 6000/6312 matched
2026-08-24 03:37:21,045 INFO ncaa_identity: contest_id=2350696 teams 2925/2925 matched, players 8098/8102 matched
2026-08-24 03:37:23,108 INFO ncaa_identity: contest_id=2350706 teams 2731/2731 matched, players 7480/7514 matched
2026-08-24 03:37:24,369 INFO ncaa_identity: contest_id=2350716 teams 2327/2327 matched, players 6151/6391 matched
2026-08-24 03:37:27,479 INFO ncaa_identity: contest_id=2350737 teams 2713/2713 matched, players 7391/7417 matched
2026-08-24 03:37:30,911 INFO ncaa_identity: contest_id=2350866 teams 1554/3051 matched, players 4252/8398 matched
2026-08-24 03:37:34,140 INFO ncaa_identity: contest_id=2351017 teams 3014/3014 matched, players 7883/8362 matched
2026-08-24 03:37:47,550 INFO ncaa_identity: contest_id=2353209 teams 1410/2796 matched, players 3840/7673 matched
2026-08-24 03:37:50,689 INFO 5 starters not found for period 4; using estimate
2026-08-24 03:37:50,690 INFO 5 starters not found for period 5; using estimate
2026-08-24 03:37:50,690 INFO 5 starters not found for period 6; using estimate
2026-08-24 03:37:56,995 INFO ncaa_identity: contest_id=2354093 teams 1380/2694 matched, players 3632/7360 matched
2026-08-24 03:38:00,251 INFO ncaa_identity: contest_id=2354687 teams 1191/2328 matched, players 3245/6341 matched
2026-08-24 03:38:03,727 WARNING ncaa_parse: family=shots contest_id=2365740 team=South Carolina St. SKIPPED (1 parse error(s)): No shot events found [<!DOCTYPE html> <html lang="en"> <head> <meta content="text/html; charset=utf-8" http-equiv="CONTENT-TYPE"/> <meta charset="utf-8"/> <meta...
2026-08-24 03:38:03,861 INFO ncaa_identity: contest_id=2365740 teams 2902/2902 matched, players 8255/8280 matched
2026-08-24 03:38:05,523 INFO ncaa_identity: contest_id=2420707 teams 1442/2786 matched, players 3853/7647 matched
2026-08-24 03:38:12,841 INFO ncaa_identity: contest_id=2421194 teams 2399/2399 matched, players 6515/6617 matched
2026-08-24 03:38:35,425 INFO ncaa_identity: contest_id=2422539 teams 0/2389 matched, players 0/6537 matched
2026-08-24 03:38:36,728 INFO ncaa_identity: contest_id=2422572 teams 2610/2610 matched, players 7155/7156 matched
2026-08-24 03:38:44,753 INFO ncaa_identity: contest_id=2422739 teams 2715/2715 matched, players 6970/7456 matched
2026-08-24 03:38:52,730 INFO ncaa_identity: contest_id=2422891 teams 2556/2556 matched, players 7002/7013 matched
2026-08-24 03:39:00,709 INFO ncaa_identity: contest_id=2424233 teams 2533/2533 matched, players 6926/6945 matched
2026-08-24 03:39:04,918 WARNING ncaa_parse: family=shots contest_id=2424284 team=USC Upstate SKIPPED (1 parse error(s)): No shot events found [<!DOCTYPE html> <html lang="en"> <head> <meta content="text/html; charset=utf-8" http-equiv="CONTENT-TYPE"/> <meta charset="utf-8"/> <meta...
2026-08-24 03:39:06,985 INFO ncaa_identity: contest_id=2424324 teams 2707/2707 matched, players 6553/7409 matched
2026-08-24 03:39:10,063 WARNING ncaa_parse: family=shots contest_id=2424493 team=Rice SKIPPED (1 parse error(s)): No shot events found [<!DOCTYPE html> <html lang="en"> <head> <meta content="text/html; charset=utf-8" http-equiv="CONTENT-TYPE"/> <meta charset="utf-8"/> <meta...
2026-08-24 03:39:26,505 INFO 5 starters not found for period 3; using estimate
2026-08-24 03:39:46,162 INFO ncaa_identity: contest_id=3954315 teams 2741/2741 matched, players 6905/7529 matched
2026-08-24 03:39:58,270 INFO ncaa_identity: contest_id=3954918 teams 3047/3047 matched, players 7949/8365 matched
2026-08-24 03:40:02,403 INFO ncaa_identity: contest_id=3954938 teams 3033/3033 matched, players 7502/8336 matched
2026-08-24 03:40:04,472 INFO ncaa_identity: contest_id=3954948 teams 2818/2818 matched, players 7666/7711 matched
2026-08-24 03:40:06,236 INFO ncaa_identity: contest_id=3954958 teams 1417/2738 matched, players 3804/7513 matched
2026-08-24 03:40:08,318 INFO ncaa_identity: contest_id=3954968 teams 1586/3183 matched, players 4392/8755 matched
2026-08-24 03:40:10,572 INFO ncaa_identity: contest_id=3954978 teams 1386/2632 matched, players 3636/7140 matched
2026-08-24 03:40:13,071 INFO ncaa_identity: contest_id=3954988 teams 1169/2360 matched, players 3239/6352 matched
2026-08-24 03:40:21,040 INFO ncaa_identity: contest_id=3955028 teams 1710/3388 matched, players 4755/9362 matched
2026-08-24 03:40:24,431 INFO ncaa_identity: contest_id=3955049 teams 2955/2955 matched, players 7708/8139 matched
2026-08-24 03:40:26,360 INFO ncaa_identity: contest_id=3955059 teams 1427/2712 matched, players 3807/7438 matched
2026-08-24 03:40:30,283 INFO ncaa_identity: contest_id=3955079 teams 1316/2576 matched, players 3590/7008 matched
2026-08-24 03:40:34,150 INFO ncaa_identity: contest_id=3955103 teams 1496/2899 matched, players 3900/7867 matched
2026-08-24 03:40:35,965 INFO ncaa_identity: contest_id=3955113 teams 3208/3208 matched, players 8767/8792 matched
2026-08-24 03:40:41,885 INFO ncaa_identity: contest_id=3955249 teams 2994/2994 matched, players 7937/8242 matched
2026-08-24 03:40:45,826 INFO ncaa_identity: contest_id=3955274 teams 1345/2551 matched, players 3558/6963 matched
2026-08-24 03:40:49,098 INFO ncaa_identity: contest_id=3955301 teams 1382/2653 matched, players 3708/7243 matched
2026-08-24 03:40:51,170 INFO ncaa_identity: contest_id=3955311 teams 2886/2886 matched, players 7925/7933 matched
2026-08-24 03:40:54,605 INFO ncaa_identity: contest_id=3955364 teams 2383/2383 matched, players 6276/6556 matched
2026-08-24 03:40:55,988 INFO ncaa_identity: contest_id=3955449 teams 2710/2710 matched, players 7233/7460 matched
2026-08-24 03:41:06,312 INFO ncaa_identity: contest_id=3955758 teams 1435/2869 matched, players 4059/7936 matched
2026-08-24 03:41:13,147 INFO ncaa_identity: contest_id=3955973 teams 2784/2784 matched, players 7305/7633 matched
2026-08-24 03:41:15,133 INFO ncaa_identity: contest_id=3956015 teams 1235/2490 matched, players 3376/6818 matched
2026-08-24 03:41:18,726 INFO ncaa_identity: contest_id=3956057 teams 2852/2852 matched, players 7480/7807 matched
2026-08-24 03:41:21,038 INFO ncaa_identity: contest_id=3956075 teams 1639/3209 matched, players 4404/8760 matched
2026-08-24 03:41:22,623 INFO ncaa_identity: contest_id=3956088 teams 1299/2599 matched, players 3547/7132 matched
2026-08-24 03:41:37,255 INFO ncaa_identity: contest_id=3956265 teams 1446/2827 matched, players 3903/7704 matched
2026-08-24 03:41:41,549 INFO ncaa_identity: contest_id=3956352 teams 1529/2979 matched, players 4145/8237 matched
2026-08-24 03:41:47,160 INFO ncaa_identity: contest_id=3956466 teams 1218/2494 matched, players 3384/6801 matched
2026-08-24 03:41:52,062 INFO ncaa_identity: contest_id=3956534 teams 2502/2502 matched, players 6448/6841 matched
2026-08-24 03:41:57,326 INFO ncaa_identity: contest_id=3956629 teams 2514/2514 matched, players 6308/6825 matched
2026-08-24 03:42:02,287 INFO ncaa_identity: contest_id=3956714 teams 2416/2416 matched, players 6264/6578 matched
2026-08-24 03:42:06,009 INFO ncaa_identity: contest_id=3956846 teams 2703/2703 matched, players 6616/7427 matched
2026-08-24 03:42:07,946 INFO ncaa_identity: contest_id=3956962 teams 2617/2617 matched, players 6966/7155 matched
2026-08-24 03:42:12,726 INFO ncaa_identity: contest_id=3957128 teams 2733/2733 matched, players 7426/7519 matched
2026-08-24 03:42:15,316 INFO ncaa_identity: contest_id=3957150 teams 1268/2449 matched, players 3322/6644 matched
2026-08-24 03:42:18,739 INFO ncaa_identity: contest_id=3957186 teams 2878/2878 matched, players 7728/7897 matched
2026-08-24 03:42:22,569 INFO ncaa_identity: contest_id=3957238 teams 3069/3069 matched, players 7858/8457 matched
2026-08-24 03:42:24,450 INFO ncaa_identity: contest_id=3957261 teams 2976/2976 matched, players 8032/8184 matched
2026-08-24 03:42:27,662 INFO ncaa_identity: contest_id=3957312 teams 1111/2272 matched, players 3083/6202 matched
2026-08-24 03:42:29,686 INFO ncaa_identity: contest_id=3957392 teams 1389/2669 matched, players 3651/7328 matched
2026-08-24 03:42:31,500 INFO ncaa_identity: contest_id=3957453 teams 2009/2009 matched, players 5411/5521 matched
2026-08-24 03:42:52,696 INFO ncaa_identity: contest_id=3957774 teams 1424/2703 matched, players 3824/7419 matched
2026-08-24 03:42:56,169 INFO ncaa_identity: contest_id=3957830 teams 1391/2727 matched, players 3739/7433 matched
2026-08-24 03:43:06,444 INFO ncaa_identity: contest_id=3958073 teams 2477/2477 matched, players 6180/6762 matched
2026-08-24 03:43:13,667 INFO ncaa_identity: contest_id=3958186 teams 1249/2445 matched, players 3333/6645 matched
2026-08-24 03:43:17,238 INFO ncaa_identity: contest_id=3958251 teams 2971/2971 matched, players 7974/8196 matched
2026-08-24 03:43:19,048 INFO ncaa_identity: contest_id=3958261 teams 2554/2554 matched, players 6859/6989 matched
2026-08-24 03:43:24,308 INFO ncaa_identity: contest_id=3958331 teams 2821/2821 matched, players 7569/7737 matched
2026-08-24 03:43:32,875 INFO ncaa_identity: contest_id=3958489 teams 2766/2766 matched, players 7236/7603 matched
2026-08-24 03:43:36,389 INFO ncaa_identity: contest_id=3958575 teams 2490/2490 matched, players 6370/6845 matched
2026-08-24 03:43:39,741 INFO ncaa_identity: contest_id=3958632 teams 1380/2805 matched, players 3796/7676 matched
2026-08-24 03:43:43,992 INFO ncaa_identity: contest_id=3958692 teams 2632/2632 matched, players 7228/7229 matched
2026-08-24 03:43:45,585 INFO ncaa_identity: contest_id=3958743 teams 2560/2560 matched, players 7017/7023 matched
2026-08-24 03:43:57,961 INFO ncaa_identity: contest_id=3958955 teams 2735/2735 matched, players 7498/7507 matched
2026-08-24 03:44:16,498 INFO ncaa_identity: contest_id=3959086 teams 1479/2821 matched, players 3945/7703 matched
2026-08-24 03:44:21,255 INFO ncaa_identity: contest_id=3959099 teams 2786/2786 matched, players 7062/7638 matched
2026-08-24 03:44:42,123 INFO ncaa_identity: contest_id=3959193 teams 1386/2754 matched, players 3770/7505 matched
2026-08-24 03:44:47,982 INFO ncaa_identity: contest_id=3959208 teams 1354/2665 matched, players 3667/7213 matched
2026-08-24 03:45:14,942 INFO ncaa_identity: contest_id=3959318 teams 1289/2580 matched, players 3429/6962 matched
2026-08-24 03:45:21,673 INFO ncaa_identity: contest_id=3959341 teams 1510/3025 matched, players 4175/8322 matched
2026-08-24 03:45:39,475 INFO ncaa_identity: contest_id=3959474 teams 1228/2418 matched, players 3092/6577 matched
2026-08-24 03:45:45,121 INFO ncaa_identity: contest_id=3959549 teams 3046/3046 matched, players 8037/8323 matched
2026-08-24 03:45:59,894 INFO ncaa_identity: contest_id=3959605 teams 1295/2516 matched, players 3448/6830 matched
2026-08-24 03:46:04,992 INFO ncaa_identity: contest_id=3959616 teams 2205/2205 matched, players 5699/5990 matched
2026-08-24 03:46:09,272 WARNING ncaa_parse: family=shots contest_id=3959632 team=Morgan St. SKIPPED (1 parse error(s)): No shot events found [<!DOCTYPE html> <html lang="en"> <head> <meta content="text/html; charset=utf-8" http-equiv="CONTENT-TYPE"/> <meta charset="utf-8"/> <meta...
2026-08-24 03:46:09,427 INFO ncaa_identity: contest_id=3959632 teams 1164/2301 matched, players 2807/6504 matched
2026-08-24 03:46:19,603 INFO ncaa_identity: contest_id=3959697 teams 2222/2222 matched, players 5966/6018 matched
2026-08-24 03:46:25,889 INFO ncaa_identity: contest_id=3959825 teams 2450/2450 matched, players 6385/6726 matched
2026-08-24 03:46:30,981 INFO ncaa_identity: contest_id=3959882 teams 2924/2924 matched, players 7883/8058 matched
2026-08-24 03:46:47,340 INFO ncaa_identity: contest_id=3959943 teams 1426/2848 matched, players 3901/7758 matched
2026-08-24 03:46:51,139 INFO ncaa_identity: contest_id=3959957 teams 1250/2416 matched, players 3404/6623 matched
2026-08-24 03:46:57,159 INFO ncaa_identity: contest_id=3959977 teams 1319/2617 matched, players 3600/7166 matched
2026-08-24 03:47:02,278 INFO ncaa_identity: contest_id=3960005 teams 1500/2919 matched, players 4088/8032 matched
2026-08-24 03:47:43,675 INFO ncaa_identity: contest_id=3960229 teams 1168/2295 matched, players 3224/6305 matched
2026-08-24 03:47:49,519 INFO ncaa_identity: contest_id=3960275 teams 1356/2674 matched, players 3624/7308 matched
2026-08-24 03:47:54,007 INFO ncaa_identity: contest_id=3960301 teams 2536/2536 matched, players 6446/6919 matched
2026-08-24 03:48:28,716 INFO ncaa_identity: contest_id=3960511 teams 1370/2632 matched, players 3612/7194 matched
2026-08-24 03:48:32,901 INFO ncaa_identity: contest_id=3960527 teams 1286/2406 matched, players 3370/6575 matched
2026-08-24 03:48:44,315 INFO ncaa_identity: contest_id=3960565 teams 2522/2522 matched, players 5886/6880 matched
2026-08-24 03:48:55,405 INFO ncaa_identity: contest_id=3960627 teams 2925/2925 matched, players 7450/8079 matched
2026-08-24 03:49:00,794 INFO ncaa_identity: contest_id=3960681 teams 1443/2825 matched, players 3936/7700 matched
2026-08-24 03:49:06,464 INFO ncaa_identity: contest_id=3960700 teams 2696/2696 matched, players 6947/7433 matched
2026-08-24 03:49:15,818 INFO ncaa_identity: contest_id=3960746 teams 1354/2592 matched, players 3550/7101 matched
2026-08-24 03:49:34,040 INFO ncaa_identity: contest_id=3960894 teams 2419/2419 matched, players 6205/6575 matched
2026-08-24 03:49:53,920 INFO ncaa_identity: contest_id=3960977 teams 2555/2555 matched, players 7011/7013 matched
2026-08-24 03:50:14,912 INFO ncaa_identity: contest_id=3961039 teams 2281/2281 matched, players 5936/6209 matched
2026-08-24 03:50:40,818 INFO ncaa_identity: contest_id=3961100 teams 2531/2531 matched, players 6612/6943 matched
2026-08-24 03:50:52,132 INFO ncaa_identity: contest_id=3961121 teams 2368/2368 matched, players 6256/6472 matched
2026-08-24 03:51:08,163 INFO ncaa_identity: contest_id=3961202 teams 2331/2331 matched, players 6172/6362 matched
2026-08-24 03:51:15,056 INFO ncaa_identity: contest_id=3961329 teams 2925/2925 matched, players 7682/8015 matched
2026-08-24 03:51:16,772 INFO ncaa_identity: contest_id=3961341 teams 2471/2471 matched, players 6396/6816 matched
2026-08-24 03:51:18,139 INFO ncaa_identity: contest_id=3961355 teams 1241/2476 matched, players 3390/6818 matched
2026-08-24 03:51:26,929 INFO ncaa_identity: contest_id=3961594 teams 2527/2527 matched, players 6758/6904 matched
2026-08-24 03:51:30,699 INFO ncaa_identity: contest_id=3961651 teams 1431/2817 matched, players 3863/7662 matched
2026-08-24 03:51:36,498 INFO ncaa_identity: contest_id=3961705 teams 1337/2672 matched, players 3656/7277 matched
2026-08-24 03:51:37,747 INFO ncaa_identity: contest_id=3961732 teams 1247/2420 matched, players 3338/6597 matched
2026-08-24 03:51:43,755 INFO ncaa_identity: contest_id=3961793 teams 3634/3634 matched, players 9436/10115 matched
2026-08-24 03:51:49,101 INFO ncaa_identity: contest_id=3961948 teams 2728/2728 matched, players 7434/7505 matched
2026-08-24 03:52:05,444 INFO ncaa_identity: contest_id=3962219 teams 2811/2811 matched, players 6853/7739 matched
2026-08-24 03:52:19,755 INFO ncaa_identity: contest_id=3962586 teams 3346/3346 matched, players 8533/9288 matched
2026-08-24 03:52:21,330 INFO ncaa_identity: contest_id=3962610 teams 2877/2877 matched, players 7915/7921 matched
2026-08-24 03:52:25,337 INFO ncaa_identity: contest_id=3962641 teams 2650/2650 matched, players 6920/7297 matched
2026-08-24 03:52:29,235 WARNING ncaa_parse: family=shots contest_id=3962684 team=South Carolina St. SKIPPED (1 parse error(s)): No shot events found [<!DOCTYPE html> <html lang="en"> <head> <meta content="text/html; charset=utf-8" http-equiv="CONTENT-TYPE"/> <meta charset="utf-8"/> <meta...
2026-08-24 03:52:31,455 INFO ncaa_identity: contest_id=3962711 teams 2777/2777 matched, players 7649/7675 matched
2026-08-24 03:52:51,424 INFO ncaa_identity: contest_id=3963136 teams 2595/2595 matched, players 6835/7119 matched
2026-08-24 03:52:56,027 INFO ncaa_identity: contest_id=3963220 teams 2323/2323 matched, players 6269/6346 matched
2026-08-24 03:53:09,570 INFO ncaa_identity: contest_id=3963529 teams 2451/2451 matched, players 6666/6676 matched
2026-08-24 03:53:17,229 INFO ncaa_identity: contest_id=3963677 teams 1282/2582 matched, players 3053/7089 matched
2026-08-24 03:53:27,535 INFO ncaa_identity: contest_id=3963808 teams 2685/2685 matched, players 6777/7373 matched
2026-08-24 03:54:01,982 INFO ncaa_identity: contest_id=3964664 teams 2629/2629 matched, players 6924/7205 matched
2026-08-24 03:54:03,807 INFO ncaa_identity: contest_id=3964681 teams 2502/2502 matched, players 6319/6886 matched
2026-08-24 03:54:07,356 INFO ncaa_identity: contest_id=3964719 teams 2866/2866 matched, players 7714/7909 matched
2026-08-24 03:54:20,697 INFO ncaa_identity: contest_id=3965020 teams 1248/2462 matched, players 3373/6744 matched
2026-08-24 03:54:24,598 INFO ncaa_identity: contest_id=3965046 teams 1262/2580 matched, players 3534/7064 matched
2026-08-24 03:54:29,039 INFO ncaa_identity: contest_id=3965124 teams 2509/2509 matched, players 6008/6852 matched
2026-08-24 03:54:31,681 INFO ncaa_identity: contest_id=3965221 teams 2319/2319 matched, players 6042/6342 matched
2026-08-24 03:54:33,115 INFO ncaa_identity: contest_id=3965231 teams 2556/2556 matched, players 6760/7034 matched
2026-08-24 03:54:36,006 INFO ncaa_identity: contest_id=3965252 teams 2476/2476 matched, players 6117/6732 matched
2026-08-24 03:54:43,930 INFO ncaa_identity: contest_id=3965445 teams 2666/2666 matched, players 6972/7368 matched
2026-08-24 03:54:45,352 INFO ncaa_identity: contest_id=3965529 teams 2526/2526 matched, players 6450/6955 matched
2026-08-24 03:54:47,227 INFO ncaa_identity: contest_id=3965585 teams 3342/3342 matched, players 9271/9279 matched
2026-08-24 03:54:57,883 INFO ncaa_identity: contest_id=3965730 teams 2262/2262 matched, players 6015/6231 matched
2026-08-24 03:55:07,734 INFO ncaa_identity: contest_id=3965899 teams 2641/2641 matched, players 6713/7269 matched
2026-08-24 03:55:22,581 INFO ncaa_identity: contest_id=3966245 teams 2102/2102 matched, players 5690/5692 matched
2026-08-24 03:55:27,784 INFO ncaa_identity: contest_id=3966278 teams 2634/2634 matched, players 7242/7247 matched
2026-08-24 03:55:33,810 INFO ncaa_identity: contest_id=3966475 teams 1227/2522 matched, players 3416/6891 matched
2026-08-24 03:55:42,431 INFO ncaa_identity: contest_id=3966679 teams 1206/2497 matched, players 3360/6825 matched
2026-08-24 03:55:47,966 INFO ncaa_identity: contest_id=3966744 teams 2720/2720 matched, players 6803/7410 matched
2026-08-24 03:55:54,971 INFO 5 starters not found for period 3; using estimate
2026-08-24 03:55:58,202 INFO ncaa_identity: contest_id=3966855 teams 2639/2639 matched, players 7249/7250 matched
2026-08-24 03:56:37,069 INFO ncaa_identity: contest_id=3967727 teams 2494/2494 matched, players 5895/6821 matched
2026-08-24 03:56:38,331 INFO ncaa_identity: contest_id=3967747 teams 2719/2719 matched, players 7444/7446 matched
2026-08-24 03:56:48,632 INFO ncaa_identity: contest_id=3968002 teams 2582/2582 matched, players 6866/7054 matched
2026-08-24 03:56:57,709 INFO ncaa_identity: contest_id=3968070 teams 2586/2586 matched, players 6826/7088 matched
2026-08-24 03:57:01,387 INFO ncaa_identity: contest_id=3968149 teams 2648/2648 matched, players 6553/7283 matched
2026-08-24 03:57:02,966 INFO ncaa_identity: contest_id=3968204 teams 2573/2573 matched, players 7078/7083 matched
2026-08-24 03:57:26,137 INFO ncaa_identity: contest_id=3968625 teams 2769/2769 matched, players 7568/7569 matched
2026-08-24 03:57:27,592 INFO ncaa_identity: contest_id=3968642 teams 2392/2392 matched, players 5981/6486 matched
2026-08-24 03:57:32,333 INFO ncaa_identity: contest_id=3968679 teams 2416/2416 matched, players 6322/6599 matched
2026-08-24 03:57:35,418 INFO ncaa_identity: contest_id=3968713 teams 2708/2708 matched, players 7082/7426 matched
2026-08-24 03:57:46,036 INFO ncaa_identity: contest_id=3968840 teams 2441/2441 matched, players 6197/6715 matched
2026-08-24 03:57:53,810 INFO ncaa_identity: contest_id=3968955 teams 2734/2734 matched, players 7054/7523 matched
2026-08-24 03:58:06,946 INFO ncaa_identity: contest_id=3969159 teams 2460/2460 matched, players 6321/6743 matched
2026-08-24 03:58:13,007 INFO ncaa_identity: contest_id=3969234 teams 2568/2568 matched, players 6265/7048 matched
2026-08-24 03:58:18,798 INFO ncaa_identity: contest_id=3969273 teams 2326/2326 matched, players 6063/6370 matched
2026-08-24 03:58:31,696 INFO ncaa_identity: contest_id=3969409 teams 2657/2657 matched, players 6744/7344 matched
2026-08-24 03:58:36,754 INFO ncaa_identity: contest_id=3969441 teams 1322/2758 matched, players 3752/7578 matched
2026-08-24 03:58:44,223 INFO ncaa_identity: contest_id=3969547 teams 2351/2351 matched, players 6065/6484 matched
2026-08-24 03:59:04,489 INFO ncaa_identity: contest_id=3969773 teams 1172/2389 matched, players 3111/6550 matched
2026-08-24 03:59:07,322 INFO ncaa_identity: contest_id=3969793 teams 2287/2287 matched, players 5944/6257 matched
2026-08-24 03:59:08,876 INFO ncaa_identity: contest_id=3969803 teams 2441/2441 matched, players 6400/6627 matched
2026-08-24 03:59:12,141 INFO ncaa_identity: contest_id=3969823 teams 2173/2173 matched, players 5473/5968 matched
2026-08-24 03:59:20,674 INFO ncaa_identity: contest_id=3969874 teams 2743/2743 matched, players 7127/7510 matched
2026-08-24 03:59:23,257 INFO ncaa_identity: contest_id=3969894 teams 2532/2532 matched, players 6571/6947 matched
2026-08-24 03:59:24,989 INFO ncaa_identity: contest_id=3969904 teams 2998/2998 matched, players 7367/8267 matched
2026-08-24 03:59:28,106 INFO ncaa_identity: contest_id=3969924 teams 2187/2187 matched, players 5107/5994 matched
2026-08-24 03:59:53,566 INFO ncaa_identity: contest_id=3996212 teams 1354/2660 matched, players 3572/7211 matched
2026-08-24 03:59:58,852 INFO ncaa_identity: contest_id=3996640 teams 2540/2540 matched, players 6442/6987 matched
2026-08-24 04:00:00,340 INFO ncaa_identity: contest_id=3996672 teams 2477/2477 matched, players 6254/6772 matched
2026-08-24 04:00:05,831 INFO ncaa_identity: contest_id=4446660 teams 2649/2649 matched, players 6750/7258 matched
2026-08-24 04:00:13,848 INFO ncaa_identity: contest_id=4469333 teams 1222/2432 matched, players 3310/6603 matched
2026-08-24 04:00:17,244 INFO ncaa_identity: contest_id=4470305 teams 2845/2845 matched, players 7477/7826 matched
2026-08-24 04:00:19,157 INFO ncaa_identity: contest_id=4470477 teams 1431/2812 matched, players 3946/7759 matched
2026-08-24 04:00:20,870 WARNING ncaa_parse: family=shots contest_id=4470656 team=South Carolina St. SKIPPED (1 parse error(s)): No shot events found [<!DOCTYPE html> <html lang="en"> <head> <meta content="text/html; charset=utf-8" http-equiv="CONTENT-TYPE"/> <meta charset="utf-8"/> <meta...
2026-08-24 04:00:20,912 INFO ncaa_identity: contest_id=4470656 teams 1336/2579 matched, players 2903/7260 matched
2026-08-24 04:00:23,064 INFO ncaa_identity: contest_id=4489354 teams 1335/2640 matched, players 3109/7192 matched
2026-08-24 04:00:30,975 INFO ncaa_identity: contest_id=5250793 teams 2357/2357 matched, players 6120/6121 matched
2026-08-24 04:00:34,226 INFO ncaa_identity: contest_id=5250851 teams 1195/2388 matched, players 3238/6520 matched
2026-08-24 04:00:37,599 INFO 5 starters not found for period 3; using estimate
2026-08-24 04:00:43,310 INFO ncaa_identity: contest_id=5251293 teams 2760/2760 matched, players 7512/7604 matched
2026-08-24 04:00:55,284 INFO ncaa_identity: contest_id=5252304 teams 2475/2475 matched, players 5781/6838 matched
2026-08-24 04:00:57,394 INFO ncaa_identity: contest_id=5252338 teams 3658/3658 matched, players 9271/10128 matched
2026-08-24 04:00:59,037 INFO ncaa_identity: contest_id=5252379 teams 2545/2545 matched, players 6935/6959 matched
2026-08-24 04:01:03,083 INFO ncaa_identity: contest_id=5252407 teams 3030/3030 matched, players 7967/8305 matched
2026-08-24 04:01:17,103 INFO ncaa_identity: contest_id=5252672 teams 2644/2644 matched, players 6954/7268 matched
2026-08-24 04:01:19,915 INFO ncaa_identity: contest_id=5253534 teams 2310/2310 matched, players 6288/6289 matched
2026-08-24 04:01:22,191 INFO ncaa_identity: contest_id=5253548 teams 2595/2595 matched, players 6852/7134 matched
2026-08-24 04:01:26,161 INFO ncaa_identity: contest_id=5254088 teams 2400/2400 matched, players 6218/6620 matched
2026-08-24 04:01:33,320 INFO ncaa_identity: contest_id=5254118 teams 2350/2350 matched, players 5974/6373 matched
2026-08-24 04:01:47,317 INFO ncaa_identity: contest_id=5722011 teams 1644/3189 matched, players 4354/8738 matched
2026-08-24 04:02:13,167 INFO ncaa_identity: contest_id=5722572 teams 2708/2708 matched, players 6783/7411 matched
2026-08-24 04:02:17,352 INFO ncaa_identity: contest_id=5722706 teams 2683/2683 matched, players 6734/7334 matched
2026-08-24 04:02:19,936 INFO ncaa_identity: contest_id=5722717 teams 2356/2356 matched, players 5606/6482 matched
2026-08-24 04:02:21,571 INFO ncaa_identity: contest_id=5722732 teams 1424/2818 matched, players 3885/7720 matched
2026-08-24 04:02:24,204 INFO ncaa_identity: contest_id=5722750 teams 2647/2647 matched, players 6797/7257 matched
2026-08-24 04:02:25,636 INFO ncaa_identity: contest_id=5722768 teams 1095/2197 matched, players 2620/5984 matched
2026-08-24 04:02:29,914 INFO ncaa_identity: contest_id=5722807 teams 2415/2415 matched, players 6640/6641 matched
2026-08-24 04:02:32,077 INFO ncaa_identity: contest_id=5722826 teams 2587/2587 matched, players 6972/7070 matched
2026-08-24 04:02:33,498 INFO ncaa_identity: contest_id=5722841 teams 2311/2311 matched, players 6179/6294 matched
2026-08-24 04:02:37,829 INFO ncaa_identity: contest_id=5722874 teams 2616/2616 matched, players 6695/7184 matched
2026-08-24 04:02:40,223 INFO ncaa_identity: contest_id=5722898 teams 1286/2558 matched, players 3484/6970 matched
2026-08-24 04:02:44,400 INFO ncaa_identity: contest_id=5722939 teams 2440/2440 matched, players 6483/6643 matched
2026-08-24 04:02:45,722 INFO ncaa_identity: contest_id=5722969 teams 2157/2157 matched, players 5634/5881 matched
2026-08-24 04:02:57,412 INFO ncaa_identity: contest_id=5723108 teams 2645/2645 matched, players 7295/7301 matched
2026-08-24 04:03:09,774 INFO ncaa_identity: contest_id=5723246 teams 1394/2705 matched, players 3748/7458 matched
2026-08-24 04:03:18,058 INFO ncaa_identity: contest_id=5723317 teams 3062/3062 matched, players 8093/8094 matched
2026-08-24 04:03:22,244 INFO ncaa_identity: contest_id=5723380 teams 1361/2730 matched, players 3692/7449 matched
2026-08-24 04:03:30,502 INFO ncaa_identity: contest_id=5723510 teams 2930/2930 matched, players 8019/8034 matched
2026-08-24 04:03:34,616 INFO ncaa_identity: contest_id=5723553 teams 1463/2820 matched, players 3926/7742 matched
2026-08-24 04:03:42,255 INFO ncaa_identity: contest_id=5723615 teams 3108/3108 matched, players 7852/8561 matched
2026-08-24 04:03:47,827 INFO ncaa_identity: contest_id=5723685 teams 2702/2702 matched, players 6865/7471 matched
2026-08-24 04:03:54,953 INFO ncaa_identity: contest_id=5723822 teams 2466/2466 matched, players 6237/6793 matched
2026-08-24 04:03:58,910 INFO ncaa_identity: contest_id=5723858 teams 2735/2735 matched, players 7442/7544 matched
2026-08-24 04:04:02,737 INFO ncaa_identity: contest_id=5723898 teams 2674/2674 matched, players 6778/7366 matched
2026-08-24 04:04:12,083 INFO ncaa_identity: contest_id=5724017 teams 2323/2323 matched, players 5908/6326 matched
2026-08-24 04:04:13,993 INFO ncaa_identity: contest_id=5724034 teams 1445/2839 matched, players 2570/7756 matched
2026-08-24 04:04:19,770 INFO ncaa_identity: contest_id=5725819 teams 2290/2290 matched, players 5015/6259 matched
2026-08-24 04:04:21,187 INFO ncaa_identity: contest_id=5725834 teams 2134/2134 matched, players 4386/5824 matched
2026-08-24 04:04:24,430 INFO ncaa_identity: contest_id=5725862 teams 1218/2343 matched, players 3245/6406 matched
2026-08-24 04:04:27,712 INFO ncaa_identity: contest_id=5725906 teams 2632/2632 matched, players 6581/7208 matched
2026-08-24 04:04:42,818 INFO ncaa_identity: contest_id=5728233 teams 2874/2874 matched, players 7315/7941 matched
2026-08-24 04:04:44,204 INFO ncaa_identity: contest_id=5728251 teams 2980/2980 matched, players 7912/8270 matched
2026-08-24 04:04:52,049 INFO ncaa_identity: contest_id=5728326 teams 1305/2432 matched, players 3430/6670 matched
2026-08-24 04:05:12,796 INFO ncaa_identity: contest_id=5728571 teams 2521/2521 matched, players 6309/6876 matched
2026-08-24 04:05:20,962 INFO ncaa_identity: contest_id=5728640 teams 2361/2361 matched, players 6176/6438 matched
2026-08-24 04:05:22,504 INFO ncaa_identity: contest_id=5728655 teams 2835/2835 matched, players 7364/7819 matched
2026-08-24 04:05:24,581 INFO ncaa_identity: contest_id=5728673 teams 2922/2922 matched, players 7514/8117 matched
2026-08-24 04:05:25,976 INFO ncaa_identity: contest_id=5728686 teams 3037/3037 matched, players 7999/8384 matched
2026-08-24 04:05:27,601 INFO ncaa_identity: contest_id=5728696 teams 2721/2721 matched, players 6902/7495 matched
2026-08-24 04:05:34,863 INFO ncaa_identity: contest_id=5728822 teams 1208/2385 matched, players 3268/6478 matched
2026-08-24 04:05:41,447 INFO ncaa_identity: contest_id=5729012 teams 2756/2756 matched, players 7447/7550 matched
2026-08-24 04:05:43,282 INFO ncaa_identity: contest_id=5729056 teams 3001/3001 matched, players 7817/8270 matched
2026-08-24 04:05:44,700 INFO ncaa_identity: contest_id=5729106 teams 1422/2805 matched, players 3881/7645 matched
2026-08-24 04:06:02,185 INFO ncaa_identity: contest_id=5729365 teams 2387/2387 matched, players 5961/6534 matched
2026-08-24 04:06:11,072 INFO ncaa_identity: contest_id=5729450 teams 2459/2459 matched, players 6661/6728 matched
2026-08-24 04:06:12,491 INFO ncaa_identity: contest_id=5729460 teams 2475/2475 matched, players 6615/6808 matched
2026-08-24 04:06:51,213 INFO ncaa_identity: contest_id=5729925 teams 1392/2666 matched, players 3687/7277 matched
2026-08-24 04:06:54,688 INFO ncaa_identity: contest_id=5729946 teams 3023/3023 matched, players 7843/8323 matched
2026-08-24 04:07:04,917 INFO ncaa_identity: contest_id=5730031 teams 1347/2594 matched, players 3634/7085 matched
2026-08-24 04:07:10,414 INFO ncaa_identity: contest_id=5730113 teams 2510/2510 matched, players 6522/6854 matched
2026-08-24 04:07:11,649 INFO ncaa_identity: contest_id=5730132 teams 1055/2155 matched, players 2986/5920 matched
2026-08-24 04:07:37,022 INFO ncaa_identity: contest_id=5730475 teams 2698/2698 matched, players 7404/7411 matched
2026-08-24 04:07:56,759 INFO ncaa_identity: contest_id=5730693 teams 2883/2883 matched, players 7343/7949 matched
2026-08-24 04:07:58,177 INFO ncaa_identity: contest_id=5730708 teams 2713/2713 matched, players 7240/7483 matched
2026-08-24 04:08:09,464 INFO ncaa_identity: contest_id=5730883 teams 1498/2908 matched, players 4024/7986 matched
2026-08-24 04:08:16,004 INFO ncaa_identity: contest_id=5730929 teams 1193/2440 matched, players 3329/6636 matched
2026-08-24 04:08:24,194 INFO ncaa_identity: contest_id=5731014 teams 2640/2640 matched, players 7282/7283 matched
2026-08-24 04:08:26,073 INFO ncaa_identity: contest_id=5731024 teams 2774/2774 matched, players 7650/7651 matched
2026-08-24 04:08:27,311 INFO ncaa_identity: contest_id=5731041 teams 2336/2336 matched, players 6394/6400 matched
2026-08-24 04:08:30,925 INFO ncaa_identity: contest_id=5731115 teams 2617/2617 matched, players 6580/7126 matched
2026-08-24 04:08:48,052 INFO ncaa_identity: contest_id=5731306 teams 2903/2903 matched, players 7735/7937 matched
2026-08-24 04:08:56,486 INFO ncaa_identity: contest_id=5731380 teams 2523/2523 matched, players 6435/6913 matched
2026-08-24 04:08:59,061 INFO ncaa_identity: contest_id=5731429 teams 2150/2150 matched, players 5054/5847 matched
2026-08-24 04:09:00,878 INFO ncaa_identity: contest_id=5731439 teams 2255/2255 matched, players 5773/6168 matched
2026-08-24 04:09:02,509 INFO ncaa_identity: contest_id=5731542 teams 1591/3020 matched, players 4203/8271 matched
2026-08-24 04:09:05,494 INFO ncaa_identity: contest_id=5731590 teams 2951/2951 matched, players 8068/8133 matched
2026-08-24 04:09:08,379 INFO ncaa_identity: contest_id=5731631 teams 2482/2482 matched, players 6696/6817 matched
2026-08-24 04:09:21,166 INFO ncaa_identity: contest_id=5731886 teams 1420/2719 matched, players 3799/7433 matched
2026-08-24 04:09:44,022 INFO ncaa_identity: contest_id=5732180 teams 2721/2721 matched, players 7397/7462 matched
2026-08-24 04:09:53,402 INFO ncaa_identity: contest_id=5732360 teams 2553/2553 matched, players 6945/6977 matched
2026-08-24 04:09:58,082 INFO ncaa_identity: contest_id=5732392 teams 1216/2487 matched, players 3344/6757 matched
2026-08-24 04:10:20,160 INFO ncaa_identity: contest_id=5732563 teams 2125/2125 matched, players 5402/5789 matched
2026-08-24 04:10:31,003 INFO ncaa_identity: contest_id=5732654 teams 1676/3232 matched, players 4596/8958 matched
2026-08-24 04:10:34,025 INFO ncaa_identity: contest_id=5732678 teams 1671/3314 matched, players 4573/9113 matched
2026-08-24 04:10:38,067 INFO ncaa_identity: contest_id=5732715 teams 1410/2745 matched, players 3836/7572 matched
2026-08-24 04:10:43,445 INFO ncaa_identity: contest_id=5732758 teams 2646/2646 matched, players 7088/7245 matched
2026-08-24 04:10:45,352 INFO ncaa_identity: contest_id=5732769 teams 1629/3120 matched, players 4319/8600 matched
2026-08-24 04:10:46,563 INFO ncaa_identity: contest_id=5732780 teams 2339/2339 matched, players 5994/6435 matched
2026-08-24 04:11:12,852 INFO ncaa_identity: contest_id=5732981 teams 1355/2681 matched, players 3683/7327 matched
2026-08-24 04:11:16,446 INFO ncaa_identity: contest_id=5733004 teams 2802/2802 matched, players 7050/7646 matched
2026-08-24 04:11:25,879 INFO ncaa_identity: contest_id=5733066 teams 1077/2162 matched, players 2970/5927 matched
2026-08-24 04:11:54,108 INFO ncaa_identity: contest_id=5733300 teams 1265/2505 matched, players 3458/6810 matched
2026-08-24 04:12:01,814 INFO ncaa_identity: contest_id=5733591 teams 1311/2521 matched, players 3497/6895 matched
2026-08-24 04:12:24,366 INFO ncaa_identity: contest_id=5733977 teams 1335/2646 matched, players 3642/7227 matched
2026-08-24 04:12:25,977 INFO ncaa_identity: contest_id=5734000 teams 1427/2843 matched, players 3926/7789 matched
2026-08-24 04:12:57,104 INFO ncaa_identity: contest_id=5734464 teams 1267/2443 matched, players 3462/6669 matched
2026-08-24 04:13:05,199 INFO ncaa_identity: contest_id=5734609 teams 1619/3194 matched, players 4432/8874 matched
2026-08-24 04:13:06,838 INFO ncaa_identity: contest_id=5734621 teams 1446/2922 matched, players 3985/8069 matched
2026-08-24 04:13:20,534 INFO ncaa_identity: contest_id=5734778 teams 1380/2587 matched, players 3599/7075 matched
2026-08-24 04:13:33,640 INFO ncaa_identity: contest_id=5735084 teams 1462/2823 matched, players 3905/7735 matched
2026-08-24 04:13:36,502 INFO ncaa_identity: contest_id=5735109 teams 2782/2782 matched, players 7563/7665 matched
2026-08-24 04:13:48,633 INFO ncaa_identity: contest_id=5735304 teams 2470/2470 matched, players 6752/6767 matched
2026-08-24 04:13:55,149 INFO ncaa_identity: contest_id=5735365 teams 2368/2368 matched, players 6055/6433 matched
2026-08-24 04:13:56,624 INFO ncaa_identity: contest_id=5735389 teams 1184/2353 matched, players 3306/6447 matched
2026-08-24 04:14:10,463 INFO ncaa_identity: contest_id=5735507 teams 1399/2794 matched, players 3807/7667 matched
2026-08-24 04:14:12,587 INFO ncaa_identity: contest_id=5735519 teams 1277/2553 matched, players 3476/6918 matched
2026-08-24 04:14:14,080 INFO ncaa_identity: contest_id=5735529 teams 1119/2179 matched, players 3024/5938 matched
2026-08-24 04:14:20,268 INFO ncaa_identity: contest_id=5735586 teams 2274/2274 matched, players 6185/6221 matched
2026-08-24 04:14:25,845 INFO ncaa_identity: contest_id=5735717 teams 1210/2368 matched, players 3254/6458 matched
2026-08-24 04:14:51,805 INFO ncaa_identity: contest_id=5736320 teams 2315/2315 matched, players 6315/6316 matched
2026-08-24 04:14:59,069 INFO ncaa_identity: contest_id=5736719 teams 2431/2431 matched, players 6652/6653 matched
2026-08-24 04:15:02,148 INFO ncaa_identity: contest_id=5736790 teams 1404/2730 matched, players 3723/7367 matched
2026-08-24 04:15:07,837 INFO ncaa_identity: contest_id=5736888 teams 2580/2580 matched, players 6468/7105 matched
2026-08-24 04:15:10,484 INFO ncaa_identity: contest_id=5736914 teams 1325/2658 matched, players 3698/7331 matched
2026-08-24 04:15:14,561 INFO ncaa_identity: contest_id=5737021 teams 2330/2330 matched, players 5600/6407 matched
2026-08-24 04:15:21,447 INFO ncaa_identity: contest_id=5737373 teams 2172/2172 matched, players 5916/5949 matched
2026-08-24 04:15:22,768 INFO ncaa_identity: contest_id=5737387 teams 2379/2379 matched, players 5651/6454 matched
2026-08-24 04:15:33,608 INFO ncaa_identity: contest_id=5737486 teams 1306/2657 matched, players 3657/7248 matched
2026-08-24 04:15:35,191 INFO ncaa_identity: contest_id=5737550 teams 2881/2881 matched, players 7888/7901 matched
2026-08-24 04:15:39,249 INFO ncaa_identity: contest_id=5737602 teams 2639/2639 matched, players 6732/7229 matched
2026-08-24 04:15:46,430 INFO ncaa_identity: contest_id=5737797 teams 1465/2895 matched, players 3998/7912 matched
2026-08-24 04:15:49,729 INFO ncaa_identity: contest_id=5737830 teams 1448/2987 matched, players 4145/8173 matched
2026-08-24 04:15:50,888 INFO ncaa_identity: contest_id=5737846 teams 1173/2334 matched, players 3198/6364 matched
2026-08-24 04:15:52,500 INFO ncaa_identity: contest_id=5737866 teams 2634/2634 matched, players 7057/7211 matched
2026-08-24 04:15:58,071 INFO ncaa_identity: contest_id=5737976 teams 2555/2555 matched, players 6856/6983 matched
2026-08-24 04:16:04,108 INFO ncaa_identity: contest_id=5738041 teams 3190/3190 matched, players 8744/8762 matched
2026-08-24 04:16:14,193 INFO ncaa_identity: contest_id=5738166 teams 1466/2912 matched, players 3995/7981 matched
2026-08-24 04:16:17,485 INFO ncaa_identity: contest_id=5738186 teams 1742/3309 matched, players 4679/9043 matched
2026-08-24 04:16:21,049 INFO ncaa_identity: contest_id=5738207 teams 2721/2721 matched, players 7301/7451 matched
2026-08-24 04:16:28,395 INFO ncaa_identity: contest_id=5738265 teams 2557/2557 matched, players 6963/7014 matched
2026-08-24 04:16:31,406 INFO ncaa_identity: contest_id=5738641 teams 2472/2472 matched, players 6358/6772 matched
2026-08-24 04:16:33,161 INFO ncaa_identity: contest_id=5738659 teams 1612/3083 matched, players 4193/8453 matched
2026-08-24 04:16:36,032 INFO ncaa_identity: contest_id=5740566 teams 2752/2752 matched, players 7195/7601 matched
2026-08-24 04:16:40,129 INFO ncaa_identity: contest_id=5740627 teams 1368/2689 matched, players 3736/7369 matched
2026-08-24 04:16:42,243 INFO ncaa_identity: contest_id=5740643 teams 2811/2811 matched, players 7109/7729 matched
2026-08-24 04:16:43,648 INFO ncaa_identity: contest_id=5740656 teams 3147/3147 matched, players 6927/8661 matched
2026-08-24 04:16:45,191 INFO ncaa_identity: contest_id=5740666 teams 2397/2397 matched, players 6118/6639 matched
2026-08-24 04:16:46,563 INFO ncaa_identity: contest_id=5740676 teams 1257/2512 matched, players 3428/6816 matched
2026-08-24 04:16:50,993 INFO ncaa_identity: contest_id=5740710 teams 2309/2309 matched, players 6021/6302 matched
2026-08-24 04:16:52,421 INFO ncaa_identity: contest_id=5740720 teams 1474/2933 matched, players 4047/7975 matched
2026-08-24 04:16:54,000 INFO ncaa_identity: contest_id=5740731 teams 1487/2850 matched, players 3914/7834 matched
2026-08-24 04:16:55,637 INFO ncaa_identity: contest_id=5740741 teams 1422/2838 matched, players 3929/7818 matched
2026-08-24 04:16:57,025 INFO ncaa_identity: contest_id=5740753 teams 1421/2712 matched, players 3332/7410 matched
2026-08-24 04:16:58,452 INFO ncaa_identity: contest_id=5740765 teams 1299/2605 matched, players 3577/7147 matched
2026-08-24 04:17:01,784 INFO ncaa_identity: contest_id=5740787 teams 3057/3057 matched, players 8145/8502 matched
2026-08-24 04:17:04,789 INFO ncaa_identity: contest_id=5756622 teams 1406/2834 matched, players 3879/7771 matched
2026-08-24 04:17:13,945 INFO ncaa_identity: contest_id=5809865 teams 1353/2656 matched, players 3677/7280 matched
2026-08-24 04:17:19,575 INFO ncaa_identity: contest_id=5810321 teams 1390/2710 matched, players 3734/7397 matched
2026-08-24 04:17:21,085 INFO ncaa_identity: contest_id=5810350 teams 2616/2616 matched, players 6974/7145 matched
2026-08-24 04:17:22,633 INFO ncaa_identity: contest_id=5810587 teams 1546/3153 matched, players 4319/8617 matched
2026-08-24 04:17:24,320 INFO ncaa_identity: contest_id=5810846 teams 1365/2653 matched, players 3644/7187 matched
2026-08-24 04:17:27,161 INFO ncaa_identity: contest_id=5811194 teams 1396/2690 matched, players 3689/7360 matched
2026-08-24 04:17:28,554 INFO ncaa_identity: contest_id=5833814 teams 1528/3032 matched, players 4171/8360 matched
2026-08-24 04:17:32,605 INFO ncaa_identity: contest_id=6080823 teams 1342/2651 matched, players 3685/7233 matched
2026-08-24 04:17:39,951 INFO ncaa_identity: contest_id=6363056 teams 3171/3171 matched, players 8218/8740 matched
2026-08-24 04:17:41,170 INFO ncaa_identity: contest_id=6363175 teams 2692/2692 matched, players 7203/7389 matched
2026-08-24 04:17:43,778 INFO ncaa_identity: contest_id=6363201 teams 2364/2364 matched, players 5862/6479 matched
2026-08-24 04:17:46,312 INFO ncaa_identity: contest_id=6363382 teams 2318/2318 matched, players 5899/6382 matched
2026-08-24 04:17:48,930 INFO ncaa_identity: contest_id=6363439 teams 2278/2278 matched, players 5950/6242 matched
2026-08-24 04:17:53,004 INFO ncaa_identity: contest_id=6363514 teams 2706/2706 matched, players 7266/7406 matched
2026-08-24 04:17:54,474 INFO ncaa_identity: contest_id=6363529 teams 2392/2392 matched, players 6572/6573 matched
2026-08-24 04:18:08,251 INFO ncaa_identity: contest_id=6364391 teams 2621/2621 matched, players 7181/7187 matched
2026-08-24 04:18:20,500 INFO ncaa_identity: contest_id=6366684 teams 2618/2618 matched, players 7109/7191 matched
2026-08-24 04:18:24,791 INFO ncaa_identity: contest_id=6366714 teams 2301/2301 matched, players 6237/6239 matched
2026-08-24 04:18:31,454 INFO ncaa_identity: contest_id=6367281 teams 2619/2619 matched, players 7034/7249 matched
2026-08-24 04:18:45,054 INFO ncaa_identity: contest_id=6407863 teams 1398/2738 matched, players 3778/7527 matched
2026-08-24 04:19:11,140 INFO ncaa_identity: contest_id=6423052 teams 1406/2777 matched, players 3877/7661 matched
2026-08-24 04:19:15,744 INFO ncaa_identity: contest_id=6425029 teams 2906/2906 matched, players 7888/8008 matched
2026-08-24 04:19:22,198 INFO ncaa_identity: contest_id=6426305 teams 2606/2606 matched, players 7159/7160 matched
2026-08-24 04:19:24,162 INFO ncaa_identity: contest_id=6426768 teams 1530/3032 matched, players 4224/8287 matched
2026-08-24 04:19:56,765 INFO 5 starters not found for period 3; using estimate
2026-08-24 04:20:00,242 INFO ncaa_identity: contest_id=6438248 teams 1471/2792 matched, players 3844/7609 matched
2026-08-24 04:20:16,569 INFO ncaa_identity: contest_id=6439227 teams 1454/2859 matched, players 3923/7840 matched
2026-08-24 04:20:31,430 INFO ncaa_identity: contest_id=6439983 teams 1418/2739 matched, players 3835/7523 matched
2026-08-24 04:20:34,453 WARNING ncaa_parse: family=lineups contest_id=6441317 team=Penn St.-Shenango produced NO good stints (19 bad, roster=10) -- parsed successfully but contributed nothing
2026-08-24 04:20:35,012 INFO ncaa_identity: contest_id=6441317 teams 1439/2780 matched, players 3944/7561 matched
2026-08-24 04:20:41,973 INFO ncaa_identity: contest_id=6455167 teams 1884/3577 matched, players 5147/9922 matched
2026-08-24 04:20:52,528 INFO ncaa_identity: contest_id=6455570 teams 1409/2707 matched, players 3746/7342 matched
2026-08-24 04:21:04,976 INFO ncaa_identity: contest_id=6456272 teams 1411/2880 matched, players 3914/7941 matched
2026-08-24 04:21:27,801 INFO ncaa_identity: contest_id=6456908 teams 1563/2948 matched, players 4058/8082 matched
2026-08-24 04:21:41,115 INFO ncaa_identity: contest_id=6457305 teams 1360/2582 matched, players 3593/7072 matched
2026-08-24 04:21:52,595 INFO ncaa_identity: contest_id=6457602 teams 1317/2580 matched, players 3472/7034 matched
2026-08-24 04:22:03,091 INFO ncaa_identity: contest_id=6458041 teams 1353/2614 matched, players 3624/7146 matched
2026-08-24 04:22:09,347 INFO ncaa_identity: contest_id=6458501 teams 1660/3167 matched, players 4418/8710 matched
2026-08-24 04:22:10,995 INFO ncaa_identity: contest_id=6458532 teams 1239/2513 matched, players 3429/6877 matched
2026-08-24 04:22:17,643 INFO ncaa_identity: contest_id=6458718 teams 3190/3190 matched, players 8400/8844 matched
2026-08-24 04:22:21,233 INFO ncaa_identity: contest_id=6458759 teams 2721/2721 matched, players 7303/7507 matched
2026-08-24 04:22:23,089 INFO ncaa_identity: contest_id=6458780 teams 2461/2461 matched, players 6604/6728 matched
2026-08-24 04:22:37,522 INFO ncaa_identity: contest_id=6459114 teams 2703/2703 matched, players 7326/7414 matched
2026-08-24 04:22:39,481 INFO ncaa_identity: contest_id=6459159 teams 1646/3122 matched, players 4342/8563 matched
2026-08-24 04:22:41,042 INFO ncaa_identity: contest_id=6459188 teams 2968/2968 matched, players 7631/8145 matched
2026-08-24 04:22:44,679 INFO ncaa_identity: contest_id=6459249 teams 2325/2325 matched, players 6338/6349 matched
2026-08-24 04:22:47,563 INFO ncaa_identity: contest_id=6459309 teams 2587/2587 matched, players 6992/7146 matched
2026-08-24 04:23:01,493 INFO ncaa_identity: contest_id=6459576 teams 1459/2758 matched, players 3857/7540 matched
2026-08-24 04:23:23,296 INFO ncaa_identity: contest_id=6460551 teams 1394/2681 matched, players 3636/7300 matched
2026-08-24 04:23:33,343 INFO ncaa_identity: contest_id=6460816 teams 2599/2599 matched, players 6467/7121 matched
2026-08-24 04:23:40,577 INFO ncaa_identity: contest_id=6460950 teams 2999/2999 matched, players 8232/8234 matched
2026-08-24 04:23:50,584 INFO ncaa_identity: contest_id=6461308 teams 2681/2681 matched, players 7111/7363 matched
2026-08-24 04:24:18,166 INFO ncaa_identity: contest_id=6462234 teams 2904/2904 matched, players 7956/7965 matched
2026-08-24 04:24:29,753 INFO ncaa_identity: contest_id=6462944 teams 1551/2946 matched, players 3844/8069 matched
2026-08-24 04:24:37,423 INFO ncaa_identity: contest_id=6463045 teams 1455/2801 matched, players 3836/7645 matched
2026-08-24 04:24:47,644 INFO ncaa_identity: contest_id=6463438 teams 1309/2588 matched, players 3595/7088 matched
2026-08-24 04:24:53,818 INFO ncaa_identity: contest_id=6464130 teams 1369/2712 matched, players 3713/7410 matched
2026-08-24 04:24:58,709 INFO ncaa_identity: contest_id=6464263 teams 1324/2490 matched, players 3438/6795 matched
2026-08-24 04:25:00,305 INFO ncaa_identity: contest_id=6464343 teams 2601/2601 matched, players 6899/7153 matched
2026-08-24 04:25:12,024 INFO ncaa_identity: contest_id=6464563 teams 1592/3088 matched, players 4294/8463 matched
2026-08-24 04:25:22,744 INFO ncaa_identity: contest_id=6464956 teams 1272/2410 matched, players 3375/6574 matched
2026-08-24 04:25:27,808 INFO ncaa_identity: contest_id=6465124 teams 1579/3155 matched, players 4281/8677 matched
2026-08-24 04:25:30,039 INFO ncaa_identity: contest_id=6465137 teams 1395/2887 matched, players 3893/7843 matched
2026-08-24 04:25:37,258 INFO 5 starters not found for period 3; using estimate
[p1_s_e_e] [WARNING] [TeamId(name='NC State')]v[TeamId(name='UAB')] Flip court for periods: [[2]] because [total_shots={1: 69, 2: 63} long_shots={2: 63}]
2026-08-24 04:25:56,197 INFO ncaa_identity: contest_id=6465662 teams 1430/2830 matched, players 3870/7754 matched
2026-08-24 04:26:27,361 INFO ncaa_identity: contest_id=6466585 teams 1224/2382 matched, players 3264/6473 matched
2026-08-24 04:26:53,870 INFO ncaa_identity: contest_id=6467391 teams 2252/2252 matched, players 6177/6178 matched
2026-08-24 04:27:09,306 INFO ncaa_identity: contest_id=6468223 teams 1474/2920 matched, players 4044/7987 matched
2026-08-24 04:27:49,764 INFO ncaa_identity: contest_id=6469730 teams 1406/2775 matched, players 3821/7645 matched
2026-08-24 04:28:01,091 INFO ncaa_identity: contest_id=6469942 teams 1386/2667 matched, players 3722/7263 matched
2026-08-24 04:28:21,227 INFO ncaa_identity: contest_id=6470417 teams 1765/3446 matched, players 4864/9440 matched
2026-08-24 04:28:28,788 INFO ncaa_identity: contest_id=6470605 teams 1284/2466 matched, players 3465/6760 matched
2026-08-24 04:28:48,853 INFO ncaa_identity: contest_id=6471116 teams 1657/3299 matched, players 4583/9117 matched
2026-08-24 04:28:50,613 INFO ncaa_identity: contest_id=6471398 teams 1285/2505 matched, players 3441/6772 matched
2026-08-24 04:28:52,122 INFO ncaa_identity: contest_id=6471929 teams 1300/2487 matched, players 3416/6723 matched
2026-08-24 04:28:53,966 INFO ncaa_identity: contest_id=6472127 teams 1373/2594 matched, players 3648/7095 matched
2026-08-24 04:28:55,366 INFO ncaa_identity: contest_id=6472580 teams 1386/2782 matched, players 3831/7621 matched
2026-08-24 04:29:10,954 INFO ncaa_identity: contest_id=6472782 teams 2324/2324 matched, players 6270/6317 matched
2026-08-24 04:29:23,489 INFO ncaa_identity: contest_id=6473219 teams 1401/2805 matched, players 3850/7721 matched
2026-08-24 04:29:40,864 INFO ncaa_identity: contest_id=6474284 teams 1299/2557 matched, players 3536/6957 matched
2026-08-24 04:29:42,371 INFO ncaa_identity: contest_id=6474327 teams 1296/2590 matched, players 3542/7067 matched
2026-08-24 04:29:49,422 INFO ncaa_identity: contest_id=6474585 teams 1222/2477 matched, players 626/1075 matched
2026-08-24 04:30:46,343 INFO ncaa_identity: contest_id=6477330 teams 2837/2837 matched, players 7129/7818 matched
2026-08-24 04:30:53,178 INFO ncaa_identity: contest_id=6477623 teams 1368/2677 matched, players 3756/7373 matched
2026-08-24 04:31:04,109 INFO ncaa_identity: contest_id=6477840 teams 1513/2976 matched, players 4162/8169 matched
2026-08-24 04:31:05,981 INFO ncaa_identity: contest_id=6477850 teams 1305/2531 matched, players 3529/6943 matched
2026-08-24 04:31:10,576 INFO ncaa_identity: contest_id=6478160 teams 1537/3010 matched, players 4200/8275 matched
2026-08-24 04:31:17,519 INFO ncaa_identity: contest_id=6478252 teams 2658/2658 matched, players 7214/7280 matched
2026-08-24 04:31:50,885 INFO ncaa_identity: contest_id=6479365 teams 3070/3070 matched, players 8179/8426 matched
2026-08-24 04:32:03,889 INFO ncaa_identity: contest_id=6479647 teams 1132/2321 matched, players 487/1060 matched
2026-08-24 04:32:11,776 INFO ncaa_identity: contest_id=6479933 teams 1317/2536 matched, players 3523/6912 matched
2026-08-24 04:32:13,629 INFO ncaa_identity: contest_id=6479956 teams 2368/2368 matched, players 6425/6465 matched
2026-08-24 04:32:18,803 INFO ncaa_identity: contest_id=6480063 teams 1614/3093 matched, players 4336/8423 matched
2026-08-24 04:32:22,073 INFO ncaa_identity: contest_id=6480084 teams 2507/2507 matched, players 6837/6863 matched
2026-08-24 04:32:26,796 INFO ncaa_identity: contest_id=6480251 teams 1356/2657 matched, players 3670/7195 matched
2026-08-24 04:32:36,501 INFO ncaa_identity: contest_id=6480506 teams 1293/2562 matched, players 3545/7033 matched
2026-08-24 04:32:48,526 INFO ncaa_identity: contest_id=6480845 teams 1166/2341 matched, players 3239/6403 matched
2026-08-24 04:33:01,940 INFO ncaa_identity: contest_id=6481084 teams 1385/2777 matched, players 3826/7617 matched
2026-08-24 04:33:05,626 INFO ncaa_identity: contest_id=6481190 teams 1462/2795 matched, players 3813/7572 matched
2026-08-24 04:33:07,349 INFO ncaa_identity: contest_id=6481212 teams 1595/3106 matched, players 4323/8520 matched
2026-08-24 04:33:18,100 INFO ncaa_identity: contest_id=6481759 teams 1338/2620 matched, players 3703/7185 matched
2026-08-24 04:33:19,794 INFO ncaa_identity: contest_id=6481769 teams 1278/2488 matched, players 3413/6830 matched
2026-08-24 04:33:32,612 INFO ncaa_identity: contest_id=6482266 teams 1844/3547 matched, players 4941/9758 matched
2026-08-24 04:33:38,255 INFO ncaa_identity: contest_id=6483012 teams 1425/2723 matched, players 3860/7443 matched
2026-08-24 04:33:43,917 INFO ncaa_identity: contest_id=6483417 teams 1209/2411 matched, players 2998/6605 matched
2026-08-24 04:33:51,278 INFO ncaa_identity: contest_id=6483670 teams 1415/2820 matched, players 3880/7715 matched
2026-08-24 04:34:04,657 INFO ncaa_identity: contest_id=6484582 teams 1335/2692 matched, players 3734/7407 matched
2026-08-24 04:34:15,103 INFO ncaa_identity: contest_id=6485070 teams 1159/2331 matched, players 3165/6318 matched
2026-08-24 04:34:23,954 INFO ncaa_identity: contest_id=6486110 teams 1352/2652 matched, players 3528/7240 matched
2026-08-24 04:34:27,710 INFO ncaa_identity: contest_id=6486816 teams 1608/3161 matched, players 4256/8627 matched
2026-08-24 04:34:31,800 INFO ncaa_identity: contest_id=6487804 teams 1452/2873 matched, players 3937/7832 matched
2026-08-24 04:34:33,866 INFO ncaa_identity: contest_id=6488216 teams 2890/2890 matched, players 7587/7588 matched
2026-08-24 04:34:41,164 INFO ncaa_identity: contest_id=6489362 teams 1087/2206 matched, players 3004/6047 matched
2026-08-24 04:34:50,333 INFO ncaa_identity: contest_id=6493716 teams 1348/2569 matched, players 3568/7004 matched
2026-08-24 04:34:52,230 INFO ncaa_identity: contest_id=6497415 teams 1261/2478 matched, players 3487/6817 matched
2026-08-24 04:34:54,382 INFO ncaa_identity: contest_id=6509084 teams 1368/2675 matched, players 3689/7307 matched
parsed=9993 failed=0
