seasons=all bundles=99932 pending=99932 force=True shard=9/10 assigned=9993
2026-08-23 23:50:16,514 INFO ncaa_identity: contest_id=1107651 teams 2564/2564 matched, players 463/1072 matched
2026-08-23 23:50:17,365 INFO ncaa_identity: contest_id=1107661 teams 2232/2232 matched, players 239/781 matched
2026-08-23 23:50:18,525 INFO ncaa_identity: contest_id=1107671 teams 989/2155 matched, players 164/684 matched
2026-08-23 23:50:19,597 INFO ncaa_identity: contest_id=1107681 teams 1289/2561 matched, players 3601/7240 matched
2026-08-23 23:50:20,611 INFO ncaa_identity: contest_id=1107691 teams 1403/2728 matched, players 3937/7698 matched
2026-08-23 23:50:21,690 INFO ncaa_identity: contest_id=1107701 teams 975/2327 matched, players 92/883 matched
2026-08-23 23:50:22,310 INFO ncaa_identity: contest_id=1107711 teams 780/1533 matched, players 193/395 matched
2026-08-23 23:50:23,044 INFO ncaa_identity: contest_id=1107721 teams 2040/2040 matched, players 326/813 matched
2026-08-23 23:50:23,940 INFO ncaa_identity: contest_id=1107731 teams 2028/2028 matched, players 342/826 matched
2026-08-23 23:50:24,656 INFO ncaa_identity: contest_id=1107741 teams 1381/2326 matched, players 203/796 matched
2026-08-23 23:50:25,543 INFO ncaa_identity: contest_id=1107751 teams 2008/2008 matched, players 202/692 matched
2026-08-23 23:50:26,450 INFO ncaa_identity: contest_id=1107762 teams 1169/2282 matched, players 75/795 matched
2026-08-23 23:50:27,063 INFO ncaa_identity: contest_id=1107772 teams 1936/1936 matched, players 340/801 matched
2026-08-23 23:50:27,706 INFO ncaa_identity: contest_id=1107783 teams 1906/1906 matched, players 226/686 matched
2026-08-23 23:50:28,822 INFO ncaa_identity: contest_id=1107793 teams 2117/2117 matched, players 238/751 matched
2026-08-23 23:50:29,339 INFO ncaa_identity: contest_id=1107803 teams 669/1414 matched, players 10/371 matched
2026-08-23 23:50:30,072 INFO ncaa_identity: contest_id=1107813 teams 1691/1691 matched, players 188/598 matched
2026-08-23 23:50:31,321 INFO ncaa_identity: contest_id=1107823 teams 2468/2468 matched, players 409/999 matched
2026-08-23 23:50:32,161 INFO ncaa_identity: contest_id=1107833 teams 1246/2550 matched, players 220/985 matched
2026-08-23 23:50:33,083 INFO ncaa_identity: contest_id=1107843 teams 2039/2039 matched, players 313/802 matched
2026-08-23 23:50:33,846 INFO ncaa_identity: contest_id=1107888 teams 2078/2078 matched, players 221/727 matched
2026-08-23 23:50:34,553 INFO ncaa_identity: contest_id=1107936 teams 2126/2126 matched, players 330/840 matched
2026-08-23 23:50:35,541 INFO ncaa_identity: contest_id=1107964 teams 2084/2084 matched, players 274/767 matched
2026-08-23 23:50:36,214 INFO ncaa_identity: contest_id=1107974 teams 1952/1952 matched, players 216/689 matched
2026-08-23 23:50:37,024 INFO ncaa_identity: contest_id=1108011 teams 2126/2126 matched, players 359/867 matched
2026-08-23 23:50:37,965 INFO ncaa_identity: contest_id=1108032 teams 695/1350 matched, players 10/393 matched
2026-08-23 23:50:38,773 INFO ncaa_identity: contest_id=1108051 teams 1217/2402 matched, players 3412/6807 matched
2026-08-23 23:50:39,556 INFO ncaa_identity: contest_id=1108062 teams 1780/1780 matched, players 157/563 matched
2026-08-23 23:50:40,563 INFO ncaa_identity: contest_id=1108090 teams 1942/1942 matched, players 262/729 matched
2026-08-23 23:50:41,429 INFO ncaa_identity: contest_id=1108109 teams 924/2170 matched, players 115/792 matched
2026-08-23 23:50:42,158 INFO ncaa_identity: contest_id=1108163 teams 1861/1861 matched, players 250/698 matched
2026-08-23 23:50:43,184 INFO ncaa_identity: contest_id=1108173 teams 2166/2166 matched, players 404/918 matched
2026-08-23 23:50:44,119 INFO ncaa_identity: contest_id=1108195 teams 1926/1926 matched, players 242/706 matched
2026-08-23 23:50:45,070 INFO ncaa_identity: contest_id=1108224 teams 2293/2293 matched, players 424/969 matched
2026-08-23 23:50:46,202 INFO ncaa_identity: contest_id=1108234 teams 2166/2166 matched, players 353/873 matched
2026-08-23 23:50:46,840 INFO ncaa_identity: contest_id=1108256 teams 2141/2141 matched, players 241/761 matched
2026-08-23 23:50:47,695 INFO ncaa_identity: contest_id=1108293 teams 2447/2447 matched, players 249/844 matched
2026-08-23 23:50:48,757 INFO ncaa_identity: contest_id=1108330 teams 1932/1932 matched, players 316/770 matched
2026-08-23 23:50:49,769 INFO ncaa_identity: contest_id=1108358 teams 1674/3252 matched, players 4691/9206 matched
2026-08-23 23:50:50,934 INFO ncaa_identity: contest_id=1108384 teams 1583/3092 matched, players 4401/8814 matched
2026-08-23 23:50:51,724 INFO ncaa_identity: contest_id=1108404 teams 2200/2200 matched, players 323/851 matched
2026-08-23 23:50:52,938 INFO ncaa_identity: contest_id=1108429 teams 3074/3074 matched, players 589/1296 matched
2026-08-23 23:50:53,687 INFO ncaa_identity: contest_id=1108464 teams 1172/2337 matched, players 2677/6578 matched
2026-08-23 23:50:54,592 INFO ncaa_identity: contest_id=1108485 teams 1198/2375 matched, players 3334/6668 matched
2026-08-23 23:50:55,611 INFO ncaa_identity: contest_id=1108498 teams 1898/1898 matched, players 236/695 matched
2026-08-23 23:50:56,274 INFO ncaa_identity: contest_id=1108524 teams 1944/1944 matched, players 265/734 matched
2026-08-23 23:50:56,998 INFO ncaa_identity: contest_id=1108539 teams 2130/2130 matched, players 374/882 matched
2026-08-23 23:50:57,977 INFO ncaa_identity: contest_id=1108585 teams 1848/1848 matched, players 194/642 matched
2026-08-23 23:50:58,853 INFO ncaa_identity: contest_id=1108627 teams 1254/2479 matched, players 3470/7019 matched
2026-08-23 23:50:59,523 INFO ncaa_identity: contest_id=1108642 teams 1979/1979 matched, players 261/739 matched
2026-08-23 23:51:00,475 INFO ncaa_identity: contest_id=1108709 teams 2157/2157 matched, players 370/885 matched
2026-08-23 23:51:01,233 INFO ncaa_identity: contest_id=1108768 teams 1953/1953 matched, players 414/874 matched
2026-08-23 23:51:01,919 INFO ncaa_identity: contest_id=1108799 teams 1708/1708 matched, players 101/521 matched
2026-08-23 23:51:02,834 INFO ncaa_identity: contest_id=1108831 teams 2120/2120 matched, players 157/676 matched
2026-08-23 23:51:03,328 INFO ncaa_identity: contest_id=1108860 teams 1422/1422 matched, players 64/414 matched
2026-08-23 23:51:03,997 INFO ncaa_identity: contest_id=1108921 teams 1998/1998 matched, players 72/566 matched
2026-08-23 23:51:04,988 INFO ncaa_identity: contest_id=1108955 teams 2026/2026 matched, players 306/793 matched
2026-08-23 23:51:05,735 INFO ncaa_identity: contest_id=1108985 teams 1886/1886 matched, players 285/737 matched
2026-08-23 23:51:06,419 INFO ncaa_identity: contest_id=1109000 teams 1858/1858 matched, players 140/594 matched
2026-08-23 23:51:07,409 INFO ncaa_identity: contest_id=1109018 teams 2473/2473 matched, players 360/957 matched
2026-08-23 23:51:08,367 INFO ncaa_identity: contest_id=1109083 teams 1739/1739 matched, players 245/662 matched
2026-08-23 23:51:09,240 INFO ncaa_identity: contest_id=1109191 teams 2404/2404 matched, players 215/801 matched
2026-08-23 23:51:10,159 INFO ncaa_identity: contest_id=1109208 teams 2132/2132 matched, players 333/844 matched
2026-08-23 23:51:10,836 INFO ncaa_identity: contest_id=1109235 teams 1785/1785 matched, players 282/709 matched
2026-08-23 23:51:11,502 INFO ncaa_identity: contest_id=1109257 teams 1944/1944 matched, players 254/724 matched
2026-08-23 23:51:12,487 INFO ncaa_identity: contest_id=1109272 teams 2522/2522 matched, players 537/1132 matched
2026-08-23 23:51:13,173 INFO ncaa_identity: contest_id=1109286 teams 1804/1804 matched, players 167/607 matched
2026-08-23 23:51:13,806 INFO ncaa_identity: contest_id=1109309 teams 2083/2083 matched, players 323/821 matched
2026-08-23 23:51:14,645 INFO ncaa_identity: contest_id=1109335 teams 2430/2430 matched, players 445/1023 matched
2026-08-23 23:51:15,369 INFO ncaa_identity: contest_id=1109356 teams 2301/2301 matched, players 320/874 matched
2026-08-23 23:51:16,071 INFO ncaa_identity: contest_id=1109366 teams 2060/2060 matched, players 335/828 matched
2026-08-23 23:51:16,965 INFO ncaa_identity: contest_id=1109410 teams 1165/2272 matched, players 3236/6405 matched
2026-08-23 23:51:17,587 INFO ncaa_identity: contest_id=1109427 teams 1744/1744 matched, players 215/636 matched
2026-08-23 23:51:18,358 INFO ncaa_identity: contest_id=1109484 teams 2138/2138 matched, players 237/755 matched
2026-08-23 23:51:19,159 INFO ncaa_identity: contest_id=1109497 teams 1148/1854 matched, players 99/652 matched
2026-08-23 23:51:19,771 INFO ncaa_identity: contest_id=1109560 teams 1968/1968 matched, players 229/705 matched
2026-08-23 23:51:20,382 INFO ncaa_identity: contest_id=1109583 teams 1913/1913 matched, players 256/717 matched
2026-08-23 23:51:21,084 INFO ncaa_identity: contest_id=1109651 teams 1510/1510 matched, players 20/395 matched
2026-08-23 23:51:21,716 INFO ncaa_identity: contest_id=1109663 teams 1787/1787 matched, players 133/571 matched
2026-08-23 23:51:22,562 INFO ncaa_identity: contest_id=1109674 teams 1289/2503 matched, players 3574/7061 matched
2026-08-23 23:51:23,399 INFO ncaa_identity: contest_id=1109686 teams 1618/1618 matched, players 147/522 matched
2026-08-23 23:51:24,376 INFO ncaa_identity: contest_id=1109708 teams 2030/2030 matched, players 223/715 matched
2026-08-23 23:51:25,170 INFO ncaa_identity: contest_id=1109728 teams 1935/1935 matched, players 205/674 matched
2026-08-23 23:51:25,788 INFO ncaa_identity: contest_id=1109738 teams 1660/1660 matched, players 79/488 matched
2026-08-23 23:51:26,485 INFO ncaa_identity: contest_id=1109748 teams 2000/2000 matched, players 269/745 matched
2026-08-23 23:51:27,518 INFO ncaa_identity: contest_id=1109766 teams 2534/2534 matched, players 431/1036 matched
2026-08-23 23:51:28,393 INFO ncaa_identity: contest_id=1109780 teams 1065/2425 matched, players 247/909 matched
2026-08-23 23:51:29,575 INFO ncaa_identity: contest_id=1109815 teams 2047/2047 matched, players 212/711 matched
2026-08-23 23:51:30,897 INFO ncaa_identity: contest_id=1109848 teams 1694/1694 matched, players 123/537 matched
2026-08-23 23:51:31,906 INFO ncaa_identity: contest_id=1109863 teams 1664/1664 matched, players 241/640 matched
2026-08-23 23:51:33,616 INFO ncaa_identity: contest_id=1109878 teams 1136/2069 matched, players 111/711 matched
2026-08-23 23:51:35,733 INFO ncaa_identity: contest_id=1109895 teams 2156/2156 matched, players 323/840 matched
2026-08-23 23:51:36,678 INFO ncaa_identity: contest_id=1109915 teams 1895/1895 matched, players 57/529 matched
2026-08-23 23:51:37,728 INFO ncaa_identity: contest_id=1109928 teams 1887/1887 matched, players 247/702 matched
2026-08-23 23:51:38,419 INFO ncaa_identity: contest_id=1109959 teams 1942/1942 matched, players 292/757 matched
2026-08-23 23:51:39,406 INFO ncaa_identity: contest_id=1109982 teams 1574/1574 matched, players 150/533 matched
2026-08-23 23:51:40,731 INFO ncaa_identity: contest_id=1110004 teams 1280/2483 matched, players 3555/7030 matched
2026-08-23 23:51:42,000 INFO ncaa_identity: contest_id=1110045 teams 1288/2503 matched, players 3464/7020 matched
2026-08-23 23:51:43,051 INFO ncaa_identity: contest_id=1110072 teams 1628/1628 matched, players 235/626 matched
2026-08-23 23:51:44,652 INFO ncaa_identity: contest_id=1110122 teams 1956/1956 matched, players 272/744 matched
2026-08-23 23:51:45,723 INFO ncaa_identity: contest_id=1110161 teams 1840/1840 matched, players 245/688 matched
2026-08-23 23:51:47,128 INFO ncaa_identity: contest_id=1110185 teams 2336/2336 matched, players 349/910 matched
2026-08-23 23:51:48,685 INFO ncaa_identity: contest_id=1110218 teams 1766/1766 matched, players 260/683 matched
2026-08-23 23:51:49,704 INFO ncaa_identity: contest_id=1110248 teams 1995/1995 matched, players 207/692 matched
2026-08-23 23:51:51,251 INFO ncaa_identity: contest_id=1110270 teams 2112/2112 matched, players 321/828 matched
2026-08-23 23:51:52,663 INFO ncaa_identity: contest_id=1110301 teams 1492/2692 matched, players 3848/7594 matched
2026-08-23 23:51:54,071 INFO ncaa_identity: contest_id=1110329 teams 1324/2635 matched, players 3738/7437 matched
2026-08-23 23:51:55,528 INFO ncaa_identity: contest_id=1110353 teams 2095/2095 matched, players 309/812 matched
2026-08-23 23:51:56,601 INFO ncaa_identity: contest_id=1110391 teams 2174/2174 matched, players 270/795 matched
2026-08-23 23:51:57,896 INFO ncaa_identity: contest_id=1110407 teams 1203/2407 matched, players 3431/6780 matched
2026-08-23 23:51:58,786 INFO ncaa_identity: contest_id=1110443 teams 1784/1784 matched, players 227/657 matched
2026-08-23 23:51:59,929 INFO ncaa_identity: contest_id=1110491 teams 2582/2582 matched, players 498/1109 matched
2026-08-23 23:52:00,845 INFO ncaa_identity: contest_id=1110528 teams 1908/1908 matched, players 193/657 matched
2026-08-23 23:52:02,173 INFO ncaa_identity: contest_id=1110565 teams 2109/2109 matched, players 235/748 matched
2026-08-23 23:52:03,493 INFO ncaa_identity: contest_id=1110593 teams 1822/1822 matched, players 177/608 matched
2026-08-23 23:52:05,029 INFO ncaa_identity: contest_id=1110610 teams 1095/2141 matched, players 3012/6017 matched
2026-08-23 23:52:06,371 INFO ncaa_identity: contest_id=1110629 teams 1237/2430 matched, players 3477/6902 matched
2026-08-23 23:52:07,391 INFO ncaa_identity: contest_id=1110679 teams 1736/1736 matched, players 197/616 matched
2026-08-23 23:52:08,183 INFO ncaa_identity: contest_id=1110713 teams 1294/1294 matched, players 20/341 matched
2026-08-23 23:52:09,606 INFO ncaa_identity: contest_id=1110723 teams 2297/2297 matched, players 458/1004 matched
2026-08-23 23:52:10,547 INFO ncaa_identity: contest_id=1110746 teams 1558/1558 matched, players 239/613 matched
2026-08-23 23:52:11,632 INFO ncaa_identity: contest_id=1110769 teams 1832/1832 matched, players 201/646 matched
2026-08-23 23:52:12,556 INFO ncaa_identity: contest_id=1110844 teams 1756/1756 matched, players 213/614 matched
2026-08-23 23:52:13,874 INFO ncaa_identity: contest_id=1110854 teams 2027/2027 matched, players 239/730 matched
2026-08-23 23:52:15,166 INFO ncaa_identity: contest_id=1110929 teams 2692/2692 matched, players 536/1156 matched
2026-08-23 23:52:16,508 INFO ncaa_identity: contest_id=1110952 teams 1972/1972 matched, players 377/843 matched
2026-08-23 23:52:18,083 INFO ncaa_identity: contest_id=1110962 teams 1039/2128 matched, players 203/931 matched
2026-08-23 23:52:19,372 INFO ncaa_identity: contest_id=1110972 teams 1923/1923 matched, players 241/705 matched
2026-08-23 23:52:20,907 INFO ncaa_identity: contest_id=1110982 teams 2602/2602 matched, players 394/1022 matched
2026-08-23 23:52:21,873 INFO ncaa_identity: contest_id=1110992 teams 1197/2087 matched, players 220/753 matched
2026-08-23 23:52:22,835 INFO ncaa_identity: contest_id=1111039 teams 1916/1916 matched, players 258/719 matched
2026-08-23 23:52:24,103 INFO ncaa_identity: contest_id=1111080 teams 1970/1970 matched, players 348/816 matched
2026-08-23 23:52:25,091 INFO ncaa_identity: contest_id=1111118 teams 1844/1844 matched, players 241/685 matched
2026-08-23 23:52:26,285 INFO ncaa_identity: contest_id=1111184 teams 2126/2126 matched, players 326/834 matched
2026-08-23 23:52:27,544 INFO ncaa_identity: contest_id=1111223 teams 1904/1904 matched, players 273/730 matched
2026-08-23 23:52:28,671 INFO ncaa_identity: contest_id=1111328 teams 2290/2290 matched, players 493/1015 matched
2026-08-23 23:52:29,586 INFO ncaa_identity: contest_id=1111360 teams 2000/2000 matched, players 283/764 matched
2026-08-23 23:52:30,945 INFO ncaa_identity: contest_id=1111375 teams 1887/1887 matched, players 194/652 matched
2026-08-23 23:52:32,001 INFO ncaa_identity: contest_id=1111387 teams 2200/2200 matched, players 339/866 matched
2026-08-23 23:52:33,465 INFO ncaa_identity: contest_id=1111411 teams 1818/1818 matched, players 217/657 matched
2026-08-23 23:52:34,679 INFO ncaa_identity: contest_id=1111447 teams 2154/2154 matched, players 294/812 matched
2026-08-23 23:52:35,723 INFO ncaa_identity: contest_id=1111471 teams 1972/1972 matched, players 365/834 matched
2026-08-23 23:52:36,869 INFO ncaa_identity: contest_id=1111514 teams 1432/1432 matched, players 51/405 matched
2026-08-23 23:52:38,071 INFO ncaa_identity: contest_id=1111542 teams 1861/1861 matched, players 287/734 matched
2026-08-23 23:52:39,234 INFO ncaa_identity: contest_id=1111578 teams 2371/2371 matched, players 415/980 matched
2026-08-23 23:52:40,793 INFO ncaa_identity: contest_id=1111598 teams 1833/1833 matched, players 148/596 matched
2026-08-23 23:52:41,983 INFO ncaa_identity: contest_id=1111622 teams 1990/1990 matched, players 315/791 matched
2026-08-23 23:52:43,332 INFO ncaa_identity: contest_id=1111661 teams 2195/2195 matched, players 371/895 matched
2026-08-23 23:52:45,088 INFO ncaa_identity: contest_id=1111674 teams 2181/2181 matched, players 187/706 matched
2026-08-23 23:52:46,077 INFO ncaa_identity: contest_id=1111709 teams 2170/2170 matched, players 401/917 matched
2026-08-23 23:52:47,205 INFO ncaa_identity: contest_id=1111784 teams 1107/2174 matched, players 152/883 matched
2026-08-23 23:52:48,690 INFO ncaa_identity: contest_id=1111837 teams 1231/2108 matched, players 193/725 matched
2026-08-23 23:52:49,706 INFO ncaa_identity: contest_id=1111851 teams 2144/2144 matched, players 333/846 matched
2026-08-23 23:52:50,816 INFO ncaa_identity: contest_id=1111877 teams 2476/2476 matched, players 469/1058 matched
2026-08-23 23:52:52,335 INFO ncaa_identity: contest_id=1111894 teams 2060/2060 matched, players 213/713 matched
2026-08-23 23:52:53,717 INFO ncaa_identity: contest_id=1111926 teams 1088/2252 matched, players 94/780 matched
2026-08-23 23:52:55,024 INFO ncaa_identity: contest_id=1111960 teams 1904/1904 matched, players 183/646 matched
2026-08-23 23:52:56,088 INFO ncaa_identity: contest_id=1111974 teams 1916/1916 matched, players 266/702 matched
2026-08-23 23:52:57,138 INFO ncaa_identity: contest_id=1112027 teams 2090/2090 matched, players 335/834 matched
2026-08-23 23:52:58,457 INFO ncaa_identity: contest_id=1112061 teams 1752/1752 matched, players 237/658 matched
2026-08-23 23:52:59,825 INFO ncaa_identity: contest_id=1112074 teams 3416/3416 matched, players 723/1530 matched
2026-08-23 23:53:01,053 INFO ncaa_identity: contest_id=1112115 teams 1595/1595 matched, players 20/384 matched
2026-08-23 23:53:02,434 INFO ncaa_identity: contest_id=1112179 teams 1800/1800 matched, players 225/659 matched
2026-08-23 23:53:03,591 INFO ncaa_identity: contest_id=1112197 teams 2393/2393 matched, players 348/923 matched
2026-08-23 23:53:04,942 INFO ncaa_identity: contest_id=1112214 teams 2308/2308 matched, players 367/919 matched
2026-08-23 23:53:06,295 INFO ncaa_identity: contest_id=1112240 teams 1882/1882 matched, players 177/635 matched
2026-08-23 23:53:07,594 INFO ncaa_identity: contest_id=1112278 teams 2314/2314 matched, players 441/991 matched
2026-08-23 23:53:09,011 INFO ncaa_identity: contest_id=1112293 teams 2038/2038 matched, players 302/791 matched
2026-08-23 23:53:10,090 INFO ncaa_identity: contest_id=1112323 teams 2237/2237 matched, players 185/732 matched
2026-08-23 23:53:11,233 INFO ncaa_identity: contest_id=1112361 teams 1800/1800 matched, players 245/679 matched
2026-08-23 23:53:12,269 INFO ncaa_identity: contest_id=1112371 teams 2353/2353 matched, players 219/765 matched
2026-08-23 23:53:13,222 INFO ncaa_identity: contest_id=1112382 teams 1818/1818 matched, players 159/603 matched
2026-08-23 23:53:14,124 INFO ncaa_identity: contest_id=1112401 teams 1615/1615 matched, players 249/635 matched
2026-08-23 23:53:15,487 INFO ncaa_identity: contest_id=1112429 teams 2373/2373 matched, players 334/875 matched
2026-08-23 23:53:16,535 INFO ncaa_identity: contest_id=1112453 teams 2360/2360 matched, players 417/978 matched
2026-08-23 23:53:17,539 INFO ncaa_identity: contest_id=1112524 teams 2126/2126 matched, players 296/808 matched
2026-08-23 23:53:18,950 INFO ncaa_identity: contest_id=1112541 teams 1910/1910 matched, players 174/639 matched
2026-08-23 23:53:19,903 INFO ncaa_identity: contest_id=1112564 teams 2236/2236 matched, players 456/957 matched
2026-08-23 23:53:21,206 INFO ncaa_identity: contest_id=1112585 teams 2122/2122 matched, players 362/868 matched
2026-08-23 23:53:22,416 INFO ncaa_identity: contest_id=1112598 teams 2316/2316 matched, players 199/766 matched
2026-08-23 23:53:23,301 INFO ncaa_identity: contest_id=1112613 teams 1822/1822 matched, players 230/669 matched
2026-08-23 23:53:24,616 INFO ncaa_identity: contest_id=1112623 teams 929/2066 matched, players 159/840 matched
2026-08-23 23:53:25,662 INFO ncaa_identity: contest_id=1112636 teams 1253/2140 matched, players 118/744 matched
2026-08-23 23:53:26,780 INFO ncaa_identity: contest_id=1112652 teams 2206/2206 matched, players 315/845 matched
2026-08-23 23:53:28,238 INFO ncaa_identity: contest_id=1112670 teams 1269/2523 matched, players 3556/7090 matched
2026-08-23 23:53:29,416 INFO ncaa_identity: contest_id=1112727 teams 1892/1892 matched, players 149/611 matched
2026-08-23 23:53:30,858 INFO ncaa_identity: contest_id=1112762 teams 2028/2028 matched, players 250/740 matched
2026-08-23 23:53:32,184 INFO ncaa_identity: contest_id=1112772 teams 2700/2700 matched, players 315/970 matched
2026-08-23 23:53:32,314 INFO 5 starters not found for period 1; using estimate
2026-08-23 23:53:32,315 INFO 5 starters not found for period 1; using estimate
2026-08-23 23:53:32,316 INFO 5 starters not found for period 2; using estimate
2026-08-23 23:53:32,316 INFO 5 starters not found for period 2; using estimate
2026-08-23 23:53:33,440 INFO ncaa_identity: contest_id=1112785 teams 2357/2357 matched, players 873/4230 matched
2026-08-23 23:53:35,089 INFO ncaa_identity: contest_id=1112825 teams 2154/2154 matched, players 232/757 matched
2026-08-23 23:53:36,125 INFO ncaa_identity: contest_id=1112836 teams 1720/1720 matched, players 89/512 matched
2026-08-23 23:53:37,285 INFO ncaa_identity: contest_id=1112853 teams 1656/1656 matched, players 209/609 matched
2026-08-23 23:53:38,320 INFO ncaa_identity: contest_id=1112886 teams 1942/1942 matched, players 214/655 matched
2026-08-23 23:53:39,511 INFO ncaa_identity: contest_id=1112902 teams 1260/2037 matched, players 121/753 matched
2026-08-23 23:53:41,021 INFO ncaa_identity: contest_id=1112912 teams 1854/1854 matched, players 231/679 matched
2026-08-23 23:53:42,148 INFO ncaa_identity: contest_id=1112926 teams 2074/2074 matched, players 373/867 matched
2026-08-23 23:53:43,405 INFO ncaa_identity: contest_id=1112938 teams 984/2140 matched, players 157/855 matched
2026-08-23 23:53:44,760 INFO ncaa_identity: contest_id=1112948 teams 1738/1738 matched, players 232/650 matched
2026-08-23 23:53:45,787 INFO ncaa_identity: contest_id=1112958 teams 1489/1489 matched, players 221/578 matched
2026-08-23 23:53:47,137 INFO ncaa_identity: contest_id=1112971 teams 912/2129 matched, players 213/739 matched
2026-08-23 23:53:48,592 INFO ncaa_identity: contest_id=1112983 teams 2174/2174 matched, players 430/946 matched
2026-08-23 23:53:49,766 INFO ncaa_identity: contest_id=1113005 teams 810/1701 matched, players 93/535 matched
2026-08-23 23:53:50,819 INFO ncaa_identity: contest_id=1113018 teams 2106/2106 matched, players 209/668 matched
2026-08-23 23:53:52,099 INFO ncaa_identity: contest_id=1113028 teams 1792/1792 matched, players 127/566 matched
2026-08-23 23:53:52,976 INFO ncaa_identity: contest_id=1113038 teams 1904/1904 matched, players 285/741 matched
2026-08-23 23:53:54,225 INFO ncaa_identity: contest_id=1113049 teams 1993/1993 matched, players 302/781 matched
2026-08-23 23:53:55,294 INFO ncaa_identity: contest_id=1113062 teams 2010/2010 matched, players 178/668 matched
2026-08-23 23:53:56,332 INFO ncaa_identity: contest_id=1113074 teams 2036/2036 matched, players 271/763 matched
2026-08-23 23:53:57,396 INFO ncaa_identity: contest_id=1113085 teams 1084/2075 matched, players 93/746 matched
2026-08-23 23:53:58,771 INFO ncaa_identity: contest_id=1113098 teams 2351/2351 matched, players 260/832 matched
2026-08-23 23:53:59,818 INFO ncaa_identity: contest_id=1113115 teams 1934/1934 matched, players 328/790 matched
2026-08-23 23:54:00,970 INFO ncaa_identity: contest_id=1113127 teams 1820/1820 matched, players 171/614 matched
2026-08-23 23:54:02,470 INFO ncaa_identity: contest_id=1113137 teams 2070/2070 matched, players 337/862 matched
2026-08-23 23:54:03,688 INFO ncaa_identity: contest_id=1113167 teams 1792/1792 matched, players 273/702 matched
2026-08-23 23:54:04,924 INFO ncaa_identity: contest_id=1113182 teams 2079/2079 matched, players 347/844 matched
2026-08-23 23:54:06,419 INFO ncaa_identity: contest_id=1113195 teams 1970/1970 matched, players 313/784 matched
2026-08-23 23:54:07,778 INFO ncaa_identity: contest_id=1113220 teams 2136/2136 matched, players 303/816 matched
2026-08-23 23:54:09,453 INFO ncaa_identity: contest_id=1113232 teams 1232/2350 matched, players 171/925 matched
2026-08-23 23:54:10,798 INFO ncaa_identity: contest_id=1113252 teams 1784/1784 matched, players 311/736 matched
2026-08-23 23:54:12,151 INFO ncaa_identity: contest_id=1113310 teams 2360/2360 matched, players 266/838 matched
2026-08-23 23:54:13,767 INFO ncaa_identity: contest_id=1113353 teams 1578/2977 matched, players 4358/8493 matched
2026-08-23 23:54:15,068 INFO ncaa_identity: contest_id=1113366 teams 1920/1920 matched, players 330/787 matched
2026-08-23 23:54:16,850 INFO ncaa_identity: contest_id=1113394 teams 1184/2157 matched, players 181/718 matched
2026-08-23 23:54:18,038 INFO ncaa_identity: contest_id=1113418 teams 2144/2144 matched, players 335/848 matched
2026-08-23 23:54:19,495 INFO ncaa_identity: contest_id=1113430 teams 1071/1999 matched, players 184/730 matched
2026-08-23 23:54:20,588 INFO ncaa_identity: contest_id=1113445 teams 1152/2335 matched, players 3078/6613 matched
2026-08-23 23:54:21,616 INFO ncaa_identity: contest_id=1113538 teams 885/1716 matched, players 46/595 matched
2026-08-23 23:54:22,863 INFO ncaa_identity: contest_id=1113550 teams 2390/2390 matched, players 395/966 matched
2026-08-23 23:54:24,233 INFO ncaa_identity: contest_id=1113561 teams 1006/2064 matched, players 162/777 matched
2026-08-23 23:54:25,107 INFO ncaa_identity: contest_id=1113572 teams 1691/1691 matched, players 269/673 matched
2026-08-23 23:54:26,551 INFO ncaa_identity: contest_id=1113588 teams 2464/2464 matched, players 461/1048 matched
2026-08-23 23:54:27,478 INFO ncaa_identity: contest_id=1113606 teams 1766/1766 matched, players 304/724 matched
2026-08-23 23:54:28,592 INFO ncaa_identity: contest_id=1113639 teams 2088/2088 matched, players 190/698 matched
2026-08-23 23:54:29,409 INFO ncaa_identity: contest_id=1113652 teams 1450/1450 matched, players 240/585 matched
2026-08-23 23:54:30,726 INFO ncaa_identity: contest_id=1113668 teams 2032/2032 matched, players 319/805 matched
2026-08-23 23:54:31,825 INFO ncaa_identity: contest_id=1113685 teams 1958/1958 matched, players 282/754 matched
2026-08-23 23:54:33,164 INFO ncaa_identity: contest_id=1113710 teams 2169/2169 matched, players 486/995 matched
2026-08-23 23:54:34,103 INFO ncaa_identity: contest_id=1113724 teams 1806/1806 matched, players 246/681 matched
2026-08-23 23:54:35,128 INFO ncaa_identity: contest_id=1113735 teams 2046/2046 matched, players 420/903 matched
2026-08-23 23:54:36,369 INFO ncaa_identity: contest_id=1113751 teams 1988/1988 matched, players 213/695 matched
2026-08-23 23:54:37,388 INFO ncaa_identity: contest_id=1113772 teams 1920/1920 matched, players 283/743 matched
2026-08-23 23:54:38,323 INFO ncaa_identity: contest_id=1113786 teams 1738/1738 matched, players 262/679 matched
2026-08-23 23:54:39,538 INFO ncaa_identity: contest_id=1113896 teams 1774/1774 matched, players 204/633 matched
2026-08-23 23:54:40,668 INFO ncaa_identity: contest_id=1113940 teams 1948/1948 matched, players 335/799 matched
2026-08-23 23:54:41,674 INFO ncaa_identity: contest_id=1113951 teams 1956/1956 matched, players 354/819 matched
2026-08-23 23:54:42,930 INFO ncaa_identity: contest_id=1114015 teams 1857/1857 matched, players 316/759 matched
2026-08-23 23:54:44,051 INFO ncaa_identity: contest_id=1114027 teams 1682/1682 matched, players 266/668 matched
2026-08-23 23:54:45,507 INFO ncaa_identity: contest_id=1114045 teams 1898/1898 matched, players 264/720 matched
2026-08-23 23:54:46,756 INFO ncaa_identity: contest_id=1114055 teams 1707/1707 matched, players 331/736 matched
2026-08-23 23:54:48,111 INFO ncaa_identity: contest_id=1114070 teams 2150/2150 matched, players 416/925 matched
2026-08-23 23:54:49,349 INFO ncaa_identity: contest_id=1114132 teams 1954/1954 matched, players 142/620 matched
2026-08-23 23:54:50,908 INFO ncaa_identity: contest_id=1114168 teams 2261/2261 matched, players 199/752 matched
2026-08-23 23:54:52,303 INFO ncaa_identity: contest_id=1114188 teams 2008/2008 matched, players 419/894 matched
2026-08-23 23:54:53,732 INFO ncaa_identity: contest_id=1114232 teams 1688/1688 matched, players 95/511 matched
2026-08-23 23:54:55,122 INFO ncaa_identity: contest_id=1114259 teams 1920/1920 matched, players 290/751 matched
2026-08-23 23:54:56,376 INFO ncaa_identity: contest_id=1114280 teams 2186/2186 matched, players 298/824 matched
2026-08-23 23:54:57,665 INFO ncaa_identity: contest_id=1114303 teams 1801/1801 matched, players 176/614 matched
2026-08-23 23:54:58,974 INFO ncaa_identity: contest_id=1114384 teams 1973/1973 matched, players 270/745 matched
2026-08-23 23:55:00,104 INFO ncaa_identity: contest_id=1114394 teams 2015/2015 matched, players 189/680 matched
2026-08-23 23:55:01,229 INFO ncaa_identity: contest_id=1114442 teams 2154/2154 matched, players 354/871 matched
2026-08-23 23:55:02,627 INFO ncaa_identity: contest_id=1114460 teams 2272/2272 matched, players 197/754 matched
2026-08-23 23:55:03,604 INFO ncaa_identity: contest_id=1114486 teams 981/1870 matched, players 164/794 matched
2026-08-23 23:55:04,764 INFO ncaa_identity: contest_id=1114528 teams 2102/2102 matched, players 324/827 matched
2026-08-23 23:55:05,826 INFO ncaa_identity: contest_id=1114555 teams 2000/2000 matched, players 325/804 matched
2026-08-23 23:55:07,374 INFO ncaa_identity: contest_id=1114603 teams 2209/2209 matched, players 292/824 matched
2026-08-23 23:55:08,832 INFO ncaa_identity: contest_id=1114624 teams 2247/2247 matched, players 255/802 matched
2026-08-23 23:55:10,259 INFO ncaa_identity: contest_id=1114648 teams 2165/2165 matched, players 338/857 matched
2026-08-23 23:55:11,316 INFO ncaa_identity: contest_id=1114663 teams 1659/1659 matched, players 119/525 matched
2026-08-23 23:55:12,651 INFO ncaa_identity: contest_id=1114680 teams 2244/2244 matched, players 340/879 matched
2026-08-23 23:55:13,914 INFO ncaa_identity: contest_id=1114712 teams 1904/1904 matched, players 197/659 matched
2026-08-23 23:55:14,819 INFO ncaa_identity: contest_id=1114752 teams 918/1806 matched, players 145/743 matched
2026-08-23 23:55:15,862 INFO ncaa_identity: contest_id=1114777 teams 2068/2068 matched, players 315/811 matched
2026-08-23 23:55:17,035 INFO ncaa_identity: contest_id=1114796 teams 1804/1804 matched, players 217/626 matched
2026-08-23 23:55:18,200 INFO ncaa_identity: contest_id=1114823 teams 1734/1734 matched, players 165/586 matched
2026-08-23 23:55:19,252 INFO ncaa_identity: contest_id=1114863 teams 2010/2010 matched, players 270/755 matched
2026-08-23 23:55:20,346 INFO ncaa_identity: contest_id=1114942 teams 1928/1928 matched, players 231/697 matched
2026-08-23 23:55:21,502 INFO ncaa_identity: contest_id=1114969 teams 1784/1784 matched, players 309/733 matched
2026-08-23 23:55:22,488 INFO ncaa_identity: contest_id=1114998 teams 2202/2202 matched, players 291/822 matched
2026-08-23 23:55:23,640 INFO ncaa_identity: contest_id=1115064 teams 2322/2322 matched, players 295/855 matched
2026-08-23 23:55:23,748 INFO 5 starters not found for period 1; using estimate
2026-08-23 23:55:23,748 INFO 5 starters not found for period 1; using estimate
2026-08-23 23:55:23,749 INFO 5 starters not found for period 2; using estimate
2026-08-23 23:55:23,749 INFO 5 starters not found for period 2; using estimate
2026-08-23 23:55:24,954 INFO ncaa_identity: contest_id=1115081 teams 2106/2106 matched, players 762/3788 matched
2026-08-23 23:55:26,025 INFO ncaa_identity: contest_id=1115103 teams 1948/1948 matched, players 282/750 matched
2026-08-23 23:55:27,071 INFO ncaa_identity: contest_id=1115131 teams 1633/1633 matched, players 72/451 matched
2026-08-23 23:55:28,525 INFO ncaa_identity: contest_id=1115157 teams 1632/1632 matched, players 153/550 matched
2026-08-23 23:55:29,552 INFO ncaa_identity: contest_id=1115176 teams 2186/2186 matched, players 161/697 matched
2026-08-23 23:55:30,586 INFO ncaa_identity: contest_id=1115230 teams 1712/1712 matched, players 261/671 matched
2026-08-23 23:55:31,984 INFO ncaa_identity: contest_id=1115294 teams 2285/2285 matched, players 252/805 matched
2026-08-23 23:55:32,956 INFO ncaa_identity: contest_id=1115310 teams 1960/1960 matched, players 159/638 matched
2026-08-23 23:55:34,064 INFO ncaa_identity: contest_id=1115345 teams 2296/2296 matched, players 481/1024 matched
2026-08-23 23:55:35,915 INFO ncaa_identity: contest_id=1115393 teams 2109/2109 matched, players 378/880 matched
2026-08-23 23:55:37,182 INFO ncaa_identity: contest_id=1115422 teams 2355/2355 matched, players 477/991 matched
2026-08-23 23:55:38,171 INFO ncaa_identity: contest_id=1115444 teams 1866/1866 matched, players 214/666 matched
2026-08-23 23:55:39,900 INFO ncaa_identity: contest_id=1115506 teams 2245/2245 matched, players 307/847 matched
2026-08-23 23:55:41,068 INFO ncaa_identity: contest_id=1115517 teams 1948/1948 matched, players 220/696 matched
2026-08-23 23:55:42,546 INFO ncaa_identity: contest_id=1115543 teams 1960/1960 matched, players 311/779 matched
2026-08-23 23:55:43,591 INFO ncaa_identity: contest_id=1115578 teams 2054/2054 matched, players 374/862 matched
2026-08-23 23:55:44,525 INFO ncaa_identity: contest_id=1115589 teams 1868/1868 matched, players 148/605 matched
2026-08-23 23:55:45,727 INFO ncaa_identity: contest_id=1115613 teams 1932/1932 matched, players 134/612 matched
2026-08-23 23:55:47,249 INFO ncaa_identity: contest_id=1115654 teams 1931/1931 matched, players 291/754 matched
2026-08-23 23:55:48,339 INFO ncaa_identity: contest_id=1115723 teams 1835/1835 matched, players 249/691 matched
2026-08-23 23:55:49,961 INFO ncaa_identity: contest_id=1115759 teams 2160/2160 matched, players 423/935 matched
2026-08-23 23:55:51,401 INFO ncaa_identity: contest_id=1115778 teams 2016/2016 matched, players 247/735 matched
2026-08-23 23:55:52,675 INFO ncaa_identity: contest_id=1115788 teams 2154/2154 matched, players 327/843 matched
2026-08-23 23:55:54,031 INFO ncaa_identity: contest_id=1115798 teams 1581/1581 matched, players 162/546 matched
2026-08-23 23:55:55,101 INFO ncaa_identity: contest_id=1115814 teams 1844/1844 matched, players 148/598 matched
2026-08-23 23:55:56,317 INFO ncaa_identity: contest_id=1115840 teams 2332/2332 matched, players 404/961 matched
2026-08-23 23:55:57,702 INFO ncaa_identity: contest_id=1115850 teams 2310/2310 matched, players 316/872 matched
2026-08-23 23:55:58,679 INFO ncaa_identity: contest_id=1115860 teams 1968/1968 matched, players 329/800 matched
2026-08-23 23:55:59,572 INFO ncaa_identity: contest_id=1115927 teams 1808/1808 matched, players 189/627 matched
2026-08-23 23:56:00,908 INFO ncaa_identity: contest_id=1115971 teams 2002/2002 matched, players 341/820 matched
2026-08-23 23:56:01,963 INFO ncaa_identity: contest_id=1115981 teams 1876/1876 matched, players 351/796 matched
2026-08-23 23:56:03,355 INFO ncaa_identity: contest_id=1116002 teams 2611/2611 matched, players 437/1066 matched
2026-08-23 23:56:04,589 INFO ncaa_identity: contest_id=1116034 teams 1930/1930 matched, players 274/737 matched
2026-08-23 23:56:05,578 INFO ncaa_identity: contest_id=1116156 teams 1936/1936 matched, players 353/813 matched
2026-08-23 23:56:06,543 INFO ncaa_identity: contest_id=1116169 teams 2370/2370 matched, players 259/834 matched
2026-08-23 23:56:07,946 INFO ncaa_identity: contest_id=1116193 teams 1900/1900 matched, players 161/626 matched
2026-08-23 23:56:09,234 INFO ncaa_identity: contest_id=1116207 teams 1995/1995 matched, players 388/860 matched
2026-08-23 23:56:09,612 WARNING ncaa_parse: family=lineups contest_id=1116219 team=Ark.-Pine Bluff produced NO good stints (2 bad, roster=15) -- parsed successfully but contributed nothing
2026-08-23 23:56:10,239 INFO ncaa_identity: contest_id=1116219 teams 1594/1594 matched, players 10/407 matched
2026-08-23 23:56:11,229 INFO ncaa_identity: contest_id=1116332 teams 1729/1729 matched, players 203/626 matched
2026-08-23 23:56:12,693 INFO ncaa_identity: contest_id=1116418 teams 2162/2162 matched, players 439/950 matched
2026-08-23 23:56:13,854 INFO ncaa_identity: contest_id=1116446 teams 1813/1813 matched, players 158/600 matched
2026-08-23 23:56:15,194 INFO ncaa_identity: contest_id=1116472 teams 1974/1974 matched, players 418/883 matched
2026-08-23 23:56:16,643 INFO ncaa_identity: contest_id=1116482 teams 1646/1646 matched, players 210/607 matched
2026-08-23 23:56:16,763 INFO 5 starters not found for period 1; using estimate
2026-08-23 23:56:16,764 INFO 5 starters not found for period 1; using estimate
2026-08-23 23:56:16,764 INFO 5 starters not found for period 2; using estimate
2026-08-23 23:56:16,765 INFO 5 starters not found for period 2; using estimate
2026-08-23 23:56:17,748 INFO ncaa_identity: contest_id=1116508 teams 1964/1964 matched, players 1102/3473 matched
2026-08-23 23:56:19,000 INFO ncaa_identity: contest_id=1116518 teams 1880/1880 matched, players 196/652 matched
2026-08-23 23:56:19,966 INFO ncaa_identity: contest_id=1116579 teams 1790/1790 matched, players 302/729 matched
2026-08-23 23:56:21,213 INFO ncaa_identity: contest_id=1116611 teams 1890/1890 matched, players 213/670 matched
2026-08-23 23:56:22,644 INFO ncaa_identity: contest_id=1116625 teams 1148/2251 matched, players 3255/6349 matched
2026-08-23 23:56:23,888 INFO ncaa_identity: contest_id=1116640 teams 2341/2341 matched, players 404/964 matched
2026-08-23 23:56:25,264 INFO ncaa_identity: contest_id=1116674 teams 2010/2010 matched, players 257/741 matched
2026-08-23 23:56:26,315 INFO ncaa_identity: contest_id=1116689 teams 2080/2080 matched, players 331/829 matched
2026-08-23 23:56:27,494 INFO ncaa_identity: contest_id=1116762 teams 2436/2436 matched, players 415/998 matched
2026-08-23 23:56:29,002 INFO ncaa_identity: contest_id=1116815 teams 2479/2479 matched, players 83/697 matched
2026-08-23 23:56:30,176 INFO ncaa_identity: contest_id=1116837 teams 2097/2097 matched, players 218/709 matched
2026-08-23 23:56:31,121 INFO ncaa_identity: contest_id=1116928 teams 1600/1600 matched, players 211/596 matched
2026-08-23 23:56:32,718 INFO ncaa_identity: contest_id=1116951 teams 2477/2477 matched, players 525/1113 matched
2026-08-23 23:56:33,978 INFO ncaa_identity: contest_id=1117005 teams 2116/2116 matched, players 373/877 matched
2026-08-23 23:56:35,402 INFO ncaa_identity: contest_id=1117021 teams 2020/2020 matched, players 249/737 matched
2026-08-23 23:56:36,629 INFO ncaa_identity: contest_id=1117031 teams 2112/2112 matched, players 284/792 matched
2026-08-23 23:56:37,769 INFO ncaa_identity: contest_id=1117047 teams 1796/1796 matched, players 222/655 matched
2026-08-23 23:56:39,182 INFO ncaa_identity: contest_id=1117061 teams 2253/2253 matched, players 516/1045 matched
2026-08-23 23:56:40,426 INFO ncaa_identity: contest_id=1117084 teams 2045/2045 matched, players 341/828 matched
2026-08-23 23:56:41,750 INFO ncaa_identity: contest_id=1117100 teams 2080/2080 matched, players 433/925 matched
2026-08-23 23:56:42,999 INFO ncaa_identity: contest_id=1117125 teams 1692/1692 matched, players 121/535 matched
2026-08-23 23:56:44,079 INFO ncaa_identity: contest_id=1117156 teams 1862/1862 matched, players 240/688 matched
2026-08-23 23:56:45,279 INFO ncaa_identity: contest_id=1117170 teams 2252/2252 matched, players 265/865 matched
2026-08-23 23:56:46,586 INFO ncaa_identity: contest_id=1117263 teams 1738/1738 matched, players 162/585 matched
2026-08-23 23:56:47,763 INFO ncaa_identity: contest_id=1117277 teams 2248/2248 matched, players 495/1025 matched
2026-08-23 23:56:49,048 INFO ncaa_identity: contest_id=1117302 teams 1900/1900 matched, players 91/559 matched
2026-08-23 23:56:50,299 INFO ncaa_identity: contest_id=1117332 teams 2136/2136 matched, players 348/860 matched
2026-08-23 23:56:51,275 INFO ncaa_identity: contest_id=1117349 teams 1996/1996 matched, players 159/648 matched
2026-08-23 23:56:52,722 INFO ncaa_identity: contest_id=1117400 teams 1470/2931 matched, players 4200/8312 matched
2026-08-23 23:56:53,911 INFO ncaa_identity: contest_id=1117424 teams 2416/2416 matched, players 387/965 matched
2026-08-23 23:56:55,181 INFO ncaa_identity: contest_id=1117474 teams 2181/2181 matched, players 270/796 matched
2026-08-23 23:56:56,267 INFO ncaa_identity: contest_id=1117523 teams 2009/2009 matched, players 311/792 matched
2026-08-23 23:56:57,204 INFO ncaa_identity: contest_id=1117561 teams 2144/2144 matched, players 373/884 matched
2026-08-23 23:56:58,451 INFO ncaa_identity: contest_id=1117584 teams 1788/1788 matched, players 261/690 matched
2026-08-23 23:56:59,490 INFO ncaa_identity: contest_id=1117594 teams 1389/1389 matched, players 20/363 matched
2026-08-23 23:57:00,680 INFO ncaa_identity: contest_id=1117642 teams 1875/1875 matched, players 223/676 matched
2026-08-23 23:57:01,639 INFO ncaa_identity: contest_id=1117653 teams 1730/1730 matched, players 84/510 matched
2026-08-23 23:57:03,059 INFO ncaa_identity: contest_id=1117692 teams 2230/2230 matched, players 352/886 matched
2026-08-23 23:57:04,032 INFO ncaa_identity: contest_id=1117716 teams 1756/1756 matched, players 104/535 matched
2026-08-23 23:57:04,992 INFO ncaa_identity: contest_id=1117751 teams 1784/1784 matched, players 231/661 matched
2026-08-23 23:57:06,426 INFO ncaa_identity: contest_id=1117763 teams 1800/1800 matched, players 177/614 matched
2026-08-23 23:57:07,553 INFO ncaa_identity: contest_id=1117778 teams 1948/1948 matched, players 285/752 matched
2026-08-23 23:57:08,095 WARNING ncaa_parse: family=lineups contest_id=1117860 team=Canisius produced NO good stints (27 bad, roster=8) -- parsed successfully but contributed nothing
2026-08-23 23:57:08,946 INFO ncaa_identity: contest_id=1117860 teams 2064/2064 matched, players 101/574 matched
2026-08-23 23:57:10,383 INFO ncaa_identity: contest_id=1117897 teams 1856/1856 matched, players 415/851 matched
2026-08-23 23:57:11,430 INFO ncaa_identity: contest_id=1117924 teams 1770/1770 matched, players 205/634 matched
2026-08-23 23:57:12,665 INFO ncaa_identity: contest_id=1117948 teams 1989/1989 matched, players 370/842 matched
2026-08-23 23:57:13,776 INFO ncaa_identity: contest_id=1117971 teams 1877/1877 matched, players 218/645 matched
2026-08-23 23:57:15,428 INFO ncaa_identity: contest_id=1118019 teams 1261/2224 matched, players 221/929 matched
2026-08-23 23:57:16,576 INFO ncaa_identity: contest_id=1118045 teams 1774/1774 matched, players 212/641 matched
2026-08-23 23:57:17,628 INFO ncaa_identity: contest_id=1118070 teams 1980/1980 matched, players 307/782 matched
2026-08-23 23:57:18,969 INFO ncaa_identity: contest_id=1118088 teams 1028/1807 matched, players 106/567 matched
2026-08-23 23:57:20,065 INFO ncaa_identity: contest_id=1118114 teams 1858/1858 matched, players 240/687 matched
2026-08-23 23:57:20,969 INFO ncaa_identity: contest_id=1118124 teams 1823/1823 matched, players 367/797 matched
2026-08-23 23:57:21,870 INFO ncaa_identity: contest_id=1118147 teams 1899/1899 matched, players 322/775 matched
2026-08-23 23:57:23,187 INFO ncaa_identity: contest_id=1118171 teams 2124/2124 matched, players 379/885 matched
2026-08-23 23:57:24,398 INFO ncaa_identity: contest_id=1118196 teams 2100/2100 matched, players 316/819 matched
2026-08-23 23:57:25,483 INFO ncaa_identity: contest_id=1118298 teams 2042/2042 matched, players 302/792 matched
2026-08-23 23:57:26,947 INFO ncaa_identity: contest_id=1118309 teams 2138/2138 matched, players 374/883 matched
2026-08-23 23:57:28,165 INFO ncaa_identity: contest_id=1118321 teams 2120/2120 matched, players 365/870 matched
2026-08-23 23:57:28,473 WARNING ncaa_parse: family=lineups contest_id=1118344 team=Ark.-Pine Bluff produced NO good stints (2 bad, roster=10) -- parsed successfully but contributed nothing
2026-08-23 23:57:29,460 INFO ncaa_identity: contest_id=1118344 teams 1573/1573 matched, players 10/402 matched
2026-08-23 23:57:30,501 INFO ncaa_identity: contest_id=1118380 teams 1027/2039 matched, players 28/747 matched
2026-08-23 23:57:31,468 INFO ncaa_identity: contest_id=1118438 teams 1713/1713 matched, players 272/682 matched
2026-08-23 23:57:32,451 INFO ncaa_identity: contest_id=1118472 teams 1863/1863 matched, players 245/694 matched
2026-08-23 23:57:33,716 INFO ncaa_identity: contest_id=1118542 teams 1904/1904 matched, players 413/862 matched
2026-08-23 23:57:34,757 INFO ncaa_identity: contest_id=1118600 teams 1818/1818 matched, players 308/742 matched
2026-08-23 23:57:35,804 INFO ncaa_identity: contest_id=1118627 teams 1732/1732 matched, players 131/554 matched
2026-08-23 23:57:36,653 INFO ncaa_identity: contest_id=1118637 teams 1724/1724 matched, players 266/679 matched
2026-08-23 23:57:38,061 INFO ncaa_identity: contest_id=1118705 teams 1732/1732 matched, players 155/577 matched
2026-08-23 23:57:39,695 INFO ncaa_identity: contest_id=1118718 teams 1926/1926 matched, players 301/763 matched
2026-08-23 23:57:41,254 INFO ncaa_identity: contest_id=1118771 teams 2114/2114 matched, players 304/813 matched
2026-08-23 23:57:42,170 INFO ncaa_identity: contest_id=1118789 teams 2072/2072 matched, players 223/726 matched
2026-08-23 23:57:43,102 INFO ncaa_identity: contest_id=1118799 teams 1899/1899 matched, players 301/729 matched
2026-08-23 23:57:44,471 INFO ncaa_identity: contest_id=1118813 teams 2271/2271 matched, players 247/791 matched
2026-08-23 23:57:45,555 INFO ncaa_identity: contest_id=1118823 teams 2163/2163 matched, players 263/758 matched
2026-08-23 23:57:47,227 INFO ncaa_identity: contest_id=1118859 teams 2414/2414 matched, players 516/1086 matched
2026-08-23 23:57:48,650 INFO ncaa_identity: contest_id=1118931 teams 2406/2406 matched, players 504/1074 matched
2026-08-23 23:57:49,741 INFO ncaa_identity: contest_id=1118952 teams 985/2149 matched, players 205/881 matched
2026-08-23 23:57:51,088 INFO ncaa_identity: contest_id=1118962 teams 1742/1742 matched, players 182/605 matched
2026-08-23 23:57:52,120 INFO ncaa_identity: contest_id=1118973 teams 1864/1864 matched, players 229/679 matched
2026-08-23 23:57:53,638 INFO ncaa_identity: contest_id=1118998 teams 2183/2183 matched, players 336/858 matched
2026-08-23 23:57:55,152 INFO ncaa_identity: contest_id=1119027 teams 2198/2198 matched, players 142/681 matched
2026-08-23 23:57:56,322 INFO ncaa_identity: contest_id=1119059 teams 1631/1631 matched, players 191/545 matched
2026-08-23 23:57:58,175 INFO ncaa_identity: contest_id=1119072 teams 2757/2757 matched, players 474/1104 matched
2026-08-23 23:57:59,172 INFO ncaa_identity: contest_id=1119083 teams 1444/1444 matched, players 175/523 matched
2026-08-23 23:58:00,647 INFO ncaa_identity: contest_id=1119110 teams 2288/2288 matched, players 306/858 matched
2026-08-23 23:58:01,813 INFO ncaa_identity: contest_id=1119128 teams 2286/2286 matched, players 438/980 matched
2026-08-23 23:58:02,968 INFO ncaa_identity: contest_id=1119152 teams 2552/2552 matched, players 310/927 matched
2026-08-23 23:58:04,297 INFO ncaa_identity: contest_id=1119179 teams 1926/1926 matched, players 182/650 matched
2026-08-23 23:58:05,643 INFO ncaa_identity: contest_id=1119204 teams 2000/2000 matched, players 190/676 matched
2026-08-23 23:58:06,791 INFO ncaa_identity: contest_id=1119247 teams 2035/2035 matched, players 277/768 matched
2026-08-23 23:58:08,083 INFO ncaa_identity: contest_id=1119334 teams 2192/2192 matched, players 443/962 matched
2026-08-23 23:58:09,465 INFO ncaa_identity: contest_id=1119365 teams 1664/1664 matched, players 121/528 matched
2026-08-23 23:58:10,589 INFO ncaa_identity: contest_id=1119375 teams 1975/1975 matched, players 243/720 matched
2026-08-23 23:58:11,669 INFO ncaa_identity: contest_id=1119389 teams 1156/1907 matched, players 103/659 matched
2026-08-23 23:58:12,924 INFO ncaa_identity: contest_id=1119446 teams 1759/1759 matched, players 162/590 matched
2026-08-23 23:58:14,355 INFO ncaa_identity: contest_id=1119456 teams 2492/2492 matched, players 423/981 matched
2026-08-23 23:58:15,527 INFO ncaa_identity: contest_id=1119538 teams 1984/1984 matched, players 228/708 matched
2026-08-23 23:58:16,943 INFO ncaa_identity: contest_id=1119550 teams 2030/2030 matched, players 349/832 matched
2026-08-23 23:58:18,181 INFO ncaa_identity: contest_id=1119560 teams 2041/2041 matched, players 328/816 matched
2026-08-23 23:58:19,117 INFO ncaa_identity: contest_id=1119570 teams 1629/1629 matched, players 198/592 matched
2026-08-23 23:58:20,343 INFO ncaa_identity: contest_id=1119580 teams 1580/1580 matched, players 264/640 matched
2026-08-23 23:58:21,533 INFO ncaa_identity: contest_id=1119675 teams 926/1916 matched, players 197/803 matched
2026-08-23 23:58:22,624 INFO ncaa_identity: contest_id=1119692 teams 1716/1716 matched, players 267/677 matched
2026-08-23 23:58:24,178 INFO ncaa_identity: contest_id=1119708 teams 1992/1992 matched, players 220/663 matched
2026-08-23 23:58:25,456 INFO ncaa_identity: contest_id=1119718 teams 2082/2082 matched, players 368/864 matched
2026-08-23 23:58:26,444 INFO ncaa_identity: contest_id=1119728 teams 2028/2028 matched, players 137/634 matched
2026-08-23 23:58:27,305 INFO ncaa_identity: contest_id=1119738 teams 889/1668 matched, players 67/491 matched
2026-08-23 23:58:28,618 INFO ncaa_identity: contest_id=1119845 teams 1934/1934 matched, players 218/686 matched
2026-08-23 23:58:29,704 INFO ncaa_identity: contest_id=1119925 teams 1838/1838 matched, players 322/760 matched
2026-08-23 23:58:30,806 INFO ncaa_identity: contest_id=1119942 teams 1860/1860 matched, players 239/687 matched
2026-08-23 23:58:31,935 INFO ncaa_identity: contest_id=1119955 teams 1827/1827 matched, players 116/564 matched
2026-08-23 23:58:32,995 INFO ncaa_identity: contest_id=1119970 teams 1900/1900 matched, players 299/753 matched
2026-08-23 23:58:33,922 INFO ncaa_identity: contest_id=1119980 teams 1876/1876 matched, players 128/588 matched
2026-08-23 23:58:35,167 INFO ncaa_identity: contest_id=1119998 teams 2082/2082 matched, players 346/843 matched
2026-08-23 23:58:36,102 INFO ncaa_identity: contest_id=1120008 teams 1896/1896 matched, players 237/695 matched
2026-08-23 23:58:37,214 INFO ncaa_identity: contest_id=1120066 teams 1738/1738 matched, players 170/586 matched
2026-08-23 23:58:38,576 INFO ncaa_identity: contest_id=1120102 teams 2118/2118 matched, players 361/821 matched
2026-08-23 23:58:39,722 INFO ncaa_identity: contest_id=1120174 teams 1978/1978 matched, players 342/813 matched
2026-08-23 23:58:39,841 INFO 5 starters not found for period 1; using estimate
2026-08-23 23:58:39,842 INFO 5 starters not found for period 1; using estimate
2026-08-23 23:58:39,843 INFO 5 starters not found for period 2; using estimate
2026-08-23 23:58:39,843 INFO 5 starters not found for period 2; using estimate
2026-08-23 23:58:40,708 INFO ncaa_identity: contest_id=1120229 teams 1668/1668 matched, players 623/2988 matched
2026-08-23 23:58:41,685 INFO ncaa_identity: contest_id=1120260 teams 1910/1910 matched, players 202/665 matched
2026-08-23 23:58:43,058 INFO ncaa_identity: contest_id=1120270 teams 2428/2428 matched, players 483/1058 matched
2026-08-23 23:58:44,045 INFO ncaa_identity: contest_id=1120329 teams 1784/1784 matched, players 75/515 matched
2026-08-23 23:58:44,960 INFO ncaa_identity: contest_id=1120369 teams 1806/1806 matched, players 250/684 matched
2026-08-23 23:58:46,416 INFO ncaa_identity: contest_id=1120388 teams 1682/1682 matched, players 200/606 matched
2026-08-23 23:58:47,818 INFO ncaa_identity: contest_id=1120402 teams 2854/2854 matched, players 476/1157 matched
2026-08-23 23:58:49,701 INFO ncaa_identity: contest_id=1120413 teams 2640/2640 matched, players 543/1169 matched
2026-08-23 23:58:50,869 INFO ncaa_identity: contest_id=1120479 teams 1856/1856 matched, players 201/650 matched
2026-08-23 23:58:52,025 INFO ncaa_identity: contest_id=1120494 teams 1830/1830 matched, players 272/710 matched
2026-08-23 23:58:53,456 INFO ncaa_identity: contest_id=1120521 teams 2092/2092 matched, players 273/778 matched
2026-08-23 23:58:54,549 INFO ncaa_identity: contest_id=1120570 teams 1031/1984 matched, players 208/745 matched
2026-08-23 23:58:56,097 INFO ncaa_identity: contest_id=1120617 teams 2462/2462 matched, players 446/1032 matched
2026-08-23 23:58:57,122 INFO ncaa_identity: contest_id=1120634 teams 1780/1780 matched, players 250/677 matched
2026-08-23 23:58:58,451 INFO ncaa_identity: contest_id=1120691 teams 2182/2182 matched, players 416/932 matched
2026-08-23 23:58:59,994 INFO ncaa_identity: contest_id=1120712 teams 2170/2170 matched, players 280/806 matched
2026-08-23 23:59:01,090 INFO ncaa_identity: contest_id=1120759 teams 1880/1880 matched, players 271/723 matched
2026-08-23 23:59:02,576 INFO ncaa_identity: contest_id=1120784 teams 1692/1692 matched, players 147/559 matched
2026-08-23 23:59:03,748 INFO ncaa_identity: contest_id=1120795 teams 2034/2034 matched, players 297/772 matched
2026-08-23 23:59:04,988 INFO ncaa_identity: contest_id=1120836 teams 2305/2305 matched, players 470/1014 matched
2026-08-23 23:59:06,152 INFO ncaa_identity: contest_id=1120868 teams 2217/2217 matched, players 248/786 matched
2026-08-23 23:59:07,472 INFO ncaa_identity: contest_id=1120889 teams 2020/2020 matched, players 325/807 matched
2026-08-23 23:59:08,746 INFO ncaa_identity: contest_id=1120923 teams 2088/2088 matched, players 253/757 matched
2026-08-23 23:59:10,118 INFO ncaa_identity: contest_id=1120992 teams 2168/2168 matched, players 412/928 matched
2026-08-23 23:59:11,735 INFO ncaa_identity: contest_id=1121052 teams 1927/1927 matched, players 191/639 matched
2026-08-23 23:59:12,906 INFO ncaa_identity: contest_id=1121080 teams 1889/1889 matched, players 282/735 matched
2026-08-23 23:59:13,805 INFO ncaa_identity: contest_id=1121106 teams 1644/1644 matched, players 115/517 matched
2026-08-23 23:59:15,018 INFO ncaa_identity: contest_id=1121140 teams 971/1801 matched, players 141/753 matched
2026-08-23 23:59:16,196 INFO ncaa_identity: contest_id=1121215 teams 1742/1742 matched, players 270/686 matched
2026-08-23 23:59:17,209 INFO ncaa_identity: contest_id=1121239 teams 1834/1834 matched, players 284/724 matched
2026-08-23 23:59:18,148 INFO ncaa_identity: contest_id=1121257 teams 1969/1969 matched, players 224/701 matched
2026-08-23 23:59:19,429 INFO ncaa_identity: contest_id=1121317 teams 2136/2136 matched, players 298/812 matched
2026-08-23 23:59:20,346 INFO ncaa_identity: contest_id=1121348 teams 1906/1906 matched, players 160/626 matched
2026-08-23 23:59:21,299 INFO ncaa_identity: contest_id=1121358 teams 1791/1791 matched, players 123/562 matched
2026-08-23 23:59:22,591 INFO ncaa_identity: contest_id=1121391 teams 1980/1980 matched, players 395/863 matched
2026-08-23 23:59:23,559 INFO ncaa_identity: contest_id=1121401 teams 1531/1531 matched, players 107/482 matched
2026-08-23 23:59:24,457 INFO ncaa_identity: contest_id=1121411 teams 1841/1841 matched, players 145/595 matched
2026-08-23 23:59:25,606 INFO ncaa_identity: contest_id=1121421 teams 2160/2160 matched, players 359/874 matched
2026-08-23 23:59:26,991 INFO ncaa_identity: contest_id=1121456 teams 2367/2367 matched, players 451/1016 matched
2026-08-23 23:59:28,153 INFO ncaa_identity: contest_id=1121482 teams 1834/1834 matched, players 192/637 matched
2026-08-23 23:59:29,803 INFO ncaa_identity: contest_id=1121500 teams 2544/2544 matched, players 444/1050 matched
2026-08-23 23:59:30,807 INFO ncaa_identity: contest_id=1121531 teams 1753/1753 matched, players 239/660 matched
2026-08-23 23:59:31,712 INFO ncaa_identity: contest_id=1121597 teams 1812/1812 matched, players 175/616 matched
2026-08-23 23:59:32,502 INFO ncaa_identity: contest_id=1121629 teams 1252/1252 matched, players 20/302 matched
2026-08-23 23:59:33,989 INFO ncaa_identity: contest_id=1121639 teams 2105/2105 matched, players 236/746 matched
2026-08-23 23:59:35,067 INFO ncaa_identity: contest_id=1121650 teams 1614/1614 matched, players 236/623 matched
2026-08-23 23:59:36,269 INFO ncaa_identity: contest_id=1121701 teams 2012/2012 matched, players 294/732 matched
2026-08-23 23:59:37,908 INFO ncaa_identity: contest_id=1121743 teams 1838/1838 matched, players 164/612 matched
2026-08-23 23:59:39,128 INFO ncaa_identity: contest_id=1121767 teams 1968/1968 matched, players 176/657 matched
2026-08-23 23:59:40,174 INFO ncaa_identity: contest_id=1121784 teams 2016/2016 matched, players 318/800 matched
2026-08-23 23:59:41,305 INFO ncaa_identity: contest_id=1121794 teams 2146/2146 matched, players 224/745 matched
2026-08-23 23:59:42,871 INFO ncaa_identity: contest_id=1121804 teams 2087/2087 matched, players 311/813 matched
2026-08-23 23:59:43,913 INFO ncaa_identity: contest_id=1121821 teams 1804/1804 matched, players 223/658 matched
2026-08-23 23:59:45,073 INFO ncaa_identity: contest_id=1121856 teams 1768/1768 matched, players 176/605 matched
2026-08-23 23:59:46,520 INFO ncaa_identity: contest_id=1121895 teams 1856/1856 matched, players 326/768 matched
2026-08-23 23:59:47,644 INFO ncaa_identity: contest_id=1121919 teams 1930/1930 matched, players 205/674 matched
2026-08-23 23:59:48,682 INFO ncaa_identity: contest_id=1121984 teams 2104/2104 matched, players 226/736 matched
2026-08-23 23:59:50,097 INFO ncaa_identity: contest_id=1121997 teams 1592/1592 matched, players 49/443 matched
2026-08-23 23:59:51,123 INFO ncaa_identity: contest_id=1122037 teams 2090/2090 matched, players 248/755 matched
2026-08-23 23:59:52,148 INFO ncaa_identity: contest_id=1122060 teams 1734/1734 matched, players 230/648 matched
2026-08-23 23:59:53,470 INFO ncaa_identity: contest_id=1122070 teams 2048/2048 matched, players 312/803 matched
2026-08-23 23:59:55,129 INFO ncaa_identity: contest_id=1122083 teams 2164/2164 matched, players 231/756 matched
2026-08-23 23:59:55,958 INFO ncaa_identity: contest_id=1122093 teams 1774/1774 matched, players 153/585 matched
2026-08-23 23:59:56,779 INFO ncaa_identity: contest_id=1122106 teams 1402/1402 matched, players 156/495 matched
2026-08-23 23:59:57,906 INFO ncaa_identity: contest_id=1122150 teams 2134/2134 matched, players 225/743 matched
2026-08-23 23:59:58,929 INFO ncaa_identity: contest_id=1122179 teams 2072/2072 matched, players 297/796 matched
2026-08-24 00:00:00,245 INFO ncaa_identity: contest_id=1122196 teams 1915/1915 matched, players 203/667 matched
2026-08-24 00:00:01,392 INFO ncaa_identity: contest_id=1122206 teams 1757/1757 matched, players 249/634 matched
2026-08-24 00:00:02,888 INFO ncaa_identity: contest_id=1122239 teams 2000/2000 matched, players 327/805 matched
2026-08-24 00:00:04,087 INFO ncaa_identity: contest_id=1122249 teams 1586/1586 matched, players 153/539 matched
2026-08-24 00:00:05,110 INFO ncaa_identity: contest_id=1122262 teams 1974/1974 matched, players 163/645 matched
2026-08-24 00:00:06,642 INFO ncaa_identity: contest_id=1122304 teams 1950/1950 matched, players 329/795 matched
2026-08-24 00:00:07,642 INFO ncaa_identity: contest_id=1122317 teams 2082/2082 matched, players 354/850 matched
2026-08-24 00:00:08,637 INFO ncaa_identity: contest_id=1122340 teams 2086/2086 matched, players 178/687 matched
2026-08-24 00:00:09,977 INFO ncaa_identity: contest_id=1122351 teams 1914/1914 matched, players 313/770 matched
2026-08-24 00:00:11,268 INFO ncaa_identity: contest_id=1122368 teams 2362/2362 matched, players 367/933 matched
2026-08-24 00:00:12,235 INFO ncaa_identity: contest_id=1122388 teams 2070/2070 matched, players 189/693 matched
2026-08-24 00:00:13,605 INFO ncaa_identity: contest_id=1122416 teams 1911/1911 matched, players 187/604 matched
2026-08-24 00:00:14,690 INFO ncaa_identity: contest_id=1122439 teams 2357/2357 matched, players 460/1018 matched
2026-08-24 00:00:15,952 INFO ncaa_identity: contest_id=1122457 teams 2195/2195 matched, players 352/877 matched
2026-08-24 00:00:16,989 INFO ncaa_identity: contest_id=1122469 teams 1736/1736 matched, players 189/610 matched
2026-08-24 00:00:17,871 INFO ncaa_identity: contest_id=1122493 teams 1851/1851 matched, players 191/640 matched
2026-08-24 00:00:18,793 INFO ncaa_identity: contest_id=1122503 teams 1914/1914 matched, players 119/589 matched
2026-08-24 00:00:19,929 INFO ncaa_identity: contest_id=1122516 teams 1045/1800 matched, players 169/642 matched
2026-08-24 00:00:20,945 INFO ncaa_identity: contest_id=1122533 teams 2067/2067 matched, players 423/912 matched
2026-08-24 00:00:21,882 INFO ncaa_identity: contest_id=1122551 teams 1986/1986 matched, players 352/784 matched
2026-08-24 00:00:23,020 INFO ncaa_identity: contest_id=1122580 teams 1777/1777 matched, players 216/619 matched
2026-08-24 00:00:24,149 INFO ncaa_identity: contest_id=1122607 teams 2066/2066 matched, players 373/865 matched
2026-08-24 00:00:25,054 INFO ncaa_identity: contest_id=1122634 teams 1568/1568 matched, players 61/448 matched
2026-08-24 00:00:26,509 INFO ncaa_identity: contest_id=1122645 teams 2066/2066 matched, players 300/796 matched
2026-08-24 00:00:27,535 INFO ncaa_identity: contest_id=1122660 teams 1902/1902 matched, players 287/744 matched
2026-08-24 00:00:28,777 INFO ncaa_identity: contest_id=1122672 teams 1922/1922 matched, players 284/745 matched
2026-08-24 00:00:30,300 INFO ncaa_identity: contest_id=1122685 teams 2199/2199 matched, players 253/755 matched
2026-08-24 00:00:31,251 INFO ncaa_identity: contest_id=1122700 teams 1783/1783 matched, players 153/588 matched
2026-08-24 00:00:32,591 INFO ncaa_identity: contest_id=1122713 teams 1938/1938 matched, players 270/736 matched
2026-08-24 00:00:33,584 INFO ncaa_identity: contest_id=1122735 teams 2082/2082 matched, players 208/713 matched
2026-08-24 00:00:34,856 INFO ncaa_identity: contest_id=1122753 teams 1856/1856 matched, players 307/750 matched
2026-08-24 00:00:36,152 INFO ncaa_identity: contest_id=1122770 teams 1926/1926 matched, players 430/840 matched
2026-08-24 00:00:37,237 INFO ncaa_identity: contest_id=1122791 teams 2124/2124 matched, players 291/801 matched
2026-08-24 00:00:38,210 INFO ncaa_identity: contest_id=1122804 teams 1940/1940 matched, players 57/538 matched
2026-08-24 00:00:40,002 INFO ncaa_identity: contest_id=1122818 teams 2063/2063 matched, players 244/743 matched
2026-08-24 00:00:41,045 INFO ncaa_identity: contest_id=1122832 teams 1974/1974 matched, players 221/699 matched
2026-08-24 00:00:41,922 INFO ncaa_identity: contest_id=1122848 teams 1950/1950 matched, players 347/812 matched
2026-08-24 00:00:42,929 INFO ncaa_identity: contest_id=1122861 teams 1546/1546 matched, players 66/447 matched
2026-08-24 00:00:43,935 INFO ncaa_identity: contest_id=1122872 teams 1762/1762 matched, players 198/624 matched
2026-08-24 00:00:44,926 INFO ncaa_identity: contest_id=1122882 teams 1926/1926 matched, players 243/679 matched
2026-08-24 00:00:45,954 INFO ncaa_identity: contest_id=1122892 teams 1801/1801 matched, players 136/577 matched
2026-08-24 00:00:46,966 INFO ncaa_identity: contest_id=1122903 teams 1492/1492 matched, players 113/477 matched
2026-08-24 00:00:47,924 INFO ncaa_identity: contest_id=1122913 teams 2047/2047 matched, players 429/913 matched
2026-08-24 00:00:48,968 INFO ncaa_identity: contest_id=1122924 teams 1923/1923 matched, players 241/705 matched
2026-08-24 00:00:50,531 INFO ncaa_identity: contest_id=1122934 teams 1866/1866 matched, players 80/540 matched
2026-08-24 00:00:51,778 INFO ncaa_identity: contest_id=1122944 teams 1982/1982 matched, players 274/752 matched
2026-08-24 00:00:52,952 INFO ncaa_identity: contest_id=1122960 teams 1804/1804 matched, players 346/774 matched
2026-08-24 00:00:54,467 INFO ncaa_identity: contest_id=1122975 teams 2243/2243 matched, players 365/877 matched
2026-08-24 00:00:55,795 INFO ncaa_identity: contest_id=1122985 teams 2121/2121 matched, players 336/843 matched
2026-08-24 00:00:56,928 INFO ncaa_identity: contest_id=1122998 teams 1664/1664 matched, players 169/572 matched
2026-08-24 00:00:58,383 INFO ncaa_identity: contest_id=1123028 teams 2020/2020 matched, players 104/601 matched
2026-08-24 00:00:59,722 INFO ncaa_identity: contest_id=1123049 teams 1944/1944 matched, players 261/728 matched
2026-08-24 00:01:00,926 INFO ncaa_identity: contest_id=1123078 teams 1939/1939 matched, players 222/692 matched
2026-08-24 00:01:01,999 WARNING ncaa_parse: family=lineups contest_id=1123095 team=Stony Brook produced NO good stints (23 bad, roster=10) -- parsed successfully but contributed nothing
2026-08-24 00:01:02,352 INFO ncaa_identity: contest_id=1123095 teams 1887/1887 matched, players 5/476 matched
2026-08-24 00:01:03,567 INFO ncaa_identity: contest_id=1123105 teams 2032/2032 matched, players 227/720 matched
2026-08-24 00:01:03,696 INFO 5 starters not found for period 1; using estimate
2026-08-24 00:01:03,697 INFO 5 starters not found for period 1; using estimate
2026-08-24 00:01:03,697 INFO 5 starters not found for period 2; using estimate
2026-08-24 00:01:03,697 INFO 5 starters not found for period 2; using estimate
2026-08-24 00:01:04,866 INFO ncaa_identity: contest_id=1123117 teams 1881/1881 matched, players 711/2934 matched
2026-08-24 00:01:06,285 INFO ncaa_identity: contest_id=1123129 teams 1648/1648 matched, players 115/518 matched
2026-08-24 00:01:07,554 INFO ncaa_identity: contest_id=1123141 teams 1828/1828 matched, players 267/705 matched
2026-08-24 00:01:09,043 INFO ncaa_identity: contest_id=1123155 teams 1835/1835 matched, players 154/606 matched
2026-08-24 00:01:10,616 INFO ncaa_identity: contest_id=1123169 teams 2026/2026 matched, players 362/845 matched
2026-08-24 00:01:11,952 INFO ncaa_identity: contest_id=1123180 teams 2308/2308 matched, players 309/873 matched
2026-08-24 00:01:13,324 INFO ncaa_identity: contest_id=1123190 teams 2120/2120 matched, players 92/615 matched
2026-08-24 00:01:15,158 INFO ncaa_identity: contest_id=1123204 teams 1901/1901 matched, players 286/742 matched
2026-08-24 00:01:16,829 INFO ncaa_identity: contest_id=1123217 teams 2272/2272 matched, players 306/851 matched
2026-08-24 00:01:18,553 INFO ncaa_identity: contest_id=1123228 teams 1832/1832 matched, players 233/675 matched
2026-08-24 00:01:25,659 INFO ncaa_identity: contest_id=844210 teams 1444/2819 matched, players 3999/7934 matched
2026-08-24 00:01:27,233 INFO ncaa_identity: contest_id=844221 teams 2818/2818 matched, players 7473/7937 matched
2026-08-24 00:01:31,067 INFO ncaa_identity: contest_id=844246 teams 2750/2750 matched, players 7385/7751 matched
2026-08-24 00:01:34,351 INFO ncaa_identity: contest_id=844268 teams 635/1263 matched, players 172/333 matched
2026-08-24 00:01:35,973 INFO ncaa_identity: contest_id=844278 teams 1337/2559 matched, players 3710/7217 matched
2026-08-24 00:01:37,633 INFO ncaa_identity: contest_id=844289 teams 1408/2780 matched, players 3933/7868 matched
2026-08-24 00:01:41,057 INFO ncaa_identity: contest_id=844309 teams 1263/2466 matched, players 3468/6900 matched
2026-08-24 00:01:44,505 INFO ncaa_identity: contest_id=844364 teams 2511/2511 matched, players 6222/7070 matched
2026-08-24 00:01:46,005 INFO ncaa_identity: contest_id=844380 teams 1904/1904 matched, players 745/769 matched
2026-08-24 00:01:47,833 INFO ncaa_identity: contest_id=844390 teams 1516/2972 matched, players 4208/8350 matched
2026-08-24 00:01:49,503 INFO ncaa_identity: contest_id=844416 teams 1321/2597 matched, players 3672/7290 matched
2026-08-24 00:01:50,910 INFO ncaa_identity: contest_id=844433 teams 1028/2120 matched, players 2960/5889 matched
2026-08-24 00:01:53,782 INFO ncaa_identity: contest_id=844487 teams 2308/2308 matched, players 6143/6536 matched
2026-08-24 00:01:55,506 INFO ncaa_identity: contest_id=844499 teams 1400/2661 matched, players 3733/7432 matched
2026-08-24 00:01:58,914 INFO ncaa_identity: contest_id=844522 teams 1258/2455 matched, players 3483/6918 matched
2026-08-24 00:02:00,032 INFO ncaa_identity: contest_id=844541 teams 2475/2475 matched, players 6692/6942 matched
2026-08-24 00:02:01,926 INFO ncaa_identity: contest_id=844589 teams 2410/2410 matched, players 874/903 matched
2026-08-24 00:02:03,581 INFO ncaa_identity: contest_id=844630 teams 1420/2807 matched, players 3980/7882 matched
2026-08-24 00:02:06,824 INFO ncaa_identity: contest_id=844668 teams 2226/2226 matched, players 5949/6239 matched
2026-08-24 00:02:08,713 INFO ncaa_identity: contest_id=844708 teams 2413/2413 matched, players 6390/6773 matched
2026-08-24 00:02:11,700 INFO ncaa_identity: contest_id=844767 teams 1326/2685 matched, players 3412/7573 matched
2026-08-24 00:02:15,059 INFO ncaa_identity: contest_id=844816 teams 2774/2774 matched, players 7471/7856 matched
2026-08-24 00:02:16,757 INFO ncaa_identity: contest_id=844829 teams 2183/2183 matched, players 5626/6164 matched
2026-08-24 00:02:18,142 INFO ncaa_identity: contest_id=844861 teams 2354/2354 matched, players 6436/6679 matched
2026-08-24 00:02:19,790 INFO ncaa_identity: contest_id=844877 teams 2569/2569 matched, players 6875/7199 matched
2026-08-24 00:02:22,688 INFO ncaa_identity: contest_id=844956 teams 2487/2487 matched, players 6449/7012 matched
2026-08-24 00:02:26,527 INFO ncaa_identity: contest_id=845008 teams 1086/2153 matched, players 2998/6070 matched
2026-08-24 00:02:27,955 INFO ncaa_identity: contest_id=845041 teams 2124/2124 matched, players 5871/6008 matched
2026-08-24 00:02:29,565 INFO ncaa_identity: contest_id=845063 teams 2599/2599 matched, players 7004/7330 matched
2026-08-24 00:02:31,313 INFO ncaa_identity: contest_id=845078 teams 2332/2332 matched, players 6091/6584 matched
2026-08-24 00:02:33,130 INFO ncaa_identity: contest_id=845093 teams 2692/2692 matched, players 7283/7540 matched
2026-08-24 00:02:34,954 INFO ncaa_identity: contest_id=845106 teams 2769/2769 matched, players 7767/7861 matched
2026-08-24 00:02:39,320 INFO ncaa_identity: contest_id=845232 teams 2263/2263 matched, players 6099/6330 matched
2026-08-24 00:02:40,913 INFO ncaa_identity: contest_id=845266 teams 2301/2301 matched, players 6136/6446 matched
2026-08-24 00:02:42,388 INFO ncaa_identity: contest_id=845333 teams 2474/2474 matched, players 6581/6960 matched
2026-08-24 00:02:45,425 INFO ncaa_identity: contest_id=845431 teams 1551/3129 matched, players 4333/8903 matched
2026-08-24 00:02:46,765 INFO ncaa_identity: contest_id=845457 teams 1092/2157 matched, players 3054/6108 matched
2026-08-24 00:02:48,262 INFO ncaa_identity: contest_id=845496 teams 3274/3274 matched, players 8508/9300 matched
2026-08-24 00:02:49,837 INFO ncaa_identity: contest_id=845536 teams 2314/2314 matched, players 6166/6491 matched
2026-08-24 00:02:51,736 INFO ncaa_identity: contest_id=845574 teams 1367/2701 matched, players 3921/7660 matched
2026-08-24 00:02:53,579 INFO ncaa_identity: contest_id=845605 teams 1237/2443 matched, players 3424/6854 matched
2026-08-24 00:02:56,476 INFO ncaa_identity: contest_id=845696 teams 2377/2377 matched, players 6169/6718 matched
2026-08-24 00:02:57,638 INFO ncaa_identity: contest_id=845772 teams 1175/2274 matched, players 3274/6403 matched
2026-08-24 00:03:00,751 INFO ncaa_identity: contest_id=845804 teams 2496/2496 matched, players 6712/7041 matched
2026-08-24 00:03:03,292 INFO ncaa_identity: contest_id=845839 teams 886/1764 matched, players 2472/4941 matched
2026-08-24 00:03:06,087 INFO ncaa_identity: contest_id=845863 teams 2464/2464 matched, players 6501/6916 matched
2026-08-24 00:03:07,683 INFO ncaa_identity: contest_id=845882 teams 2646/2646 matched, players 7317/7490 matched
2026-08-24 00:03:10,419 INFO ncaa_identity: contest_id=845933 teams 2217/2217 matched, players 5832/6226 matched
2026-08-24 00:03:13,538 INFO ncaa_identity: contest_id=845972 teams 2074/2074 matched, players 5623/5787 matched
2026-08-24 00:03:19,770 INFO ncaa_identity: contest_id=846174 teams 2804/2804 matched, players 7624/7934 matched
2026-08-24 00:03:22,709 INFO ncaa_identity: contest_id=846222 teams 2544/2544 matched, players 6877/7197 matched
2026-08-24 00:03:23,866 INFO ncaa_identity: contest_id=846233 teams 2040/2040 matched, players 5327/5723 matched
2026-08-24 00:03:28,205 INFO ncaa_identity: contest_id=846285 teams 2235/2235 matched, players 6092/6285 matched
2026-08-24 00:03:29,548 INFO ncaa_identity: contest_id=846296 teams 916/1795 matched, players 2569/5023 matched
2026-08-24 00:03:33,882 INFO ncaa_identity: contest_id=846341 teams 1333/2598 matched, players 3732/7341 matched
2026-08-24 00:03:35,516 INFO ncaa_identity: contest_id=846373 teams 2442/2442 matched, players 5923/6840 matched
2026-08-24 00:03:36,878 INFO ncaa_identity: contest_id=846384 teams 2055/2055 matched, players 5727/5770 matched
2026-08-24 00:03:38,581 INFO ncaa_identity: contest_id=846409 teams 2451/2451 matched, players 6537/6912 matched
2026-08-24 00:03:39,826 INFO ncaa_identity: contest_id=846432 teams 2439/2439 matched, players 6648/6868 matched
2026-08-24 00:03:41,453 INFO ncaa_identity: contest_id=846457 teams 2699/2699 matched, players 7605/7617 matched
2026-08-24 00:03:48,764 INFO ncaa_identity: contest_id=846621 teams 2428/2428 matched, players 6785/6809 matched
2026-08-24 00:03:50,021 INFO ncaa_identity: contest_id=846637 teams 1261/2511 matched, players 3555/7087 matched
2026-08-24 00:03:51,242 INFO ncaa_identity: contest_id=846650 teams 2399/2399 matched, players 6309/6715 matched
2026-08-24 00:03:54,363 INFO ncaa_identity: contest_id=846710 teams 2244/2244 matched, players 5984/6316 matched
2026-08-24 00:04:01,803 INFO ncaa_identity: contest_id=846868 teams 3055/3055 matched, players 7954/8650 matched
2026-08-24 00:04:04,776 INFO ncaa_identity: contest_id=846918 teams 2371/2371 matched, players 6603/6696 matched
2026-08-24 00:04:06,285 INFO ncaa_identity: contest_id=846944 teams 1335/2713 matched, players 3797/7685 matched
2026-08-24 00:04:07,844 INFO ncaa_identity: contest_id=846977 teams 2138/2138 matched, players 5891/5993 matched
2026-08-24 00:04:09,156 INFO ncaa_identity: contest_id=847007 teams 2337/2337 matched, players 6492/6594 matched
2026-08-24 00:04:12,061 INFO ncaa_identity: contest_id=847080 teams 2818/2818 matched, players 7564/7868 matched
2026-08-24 00:04:13,432 INFO ncaa_identity: contest_id=847099 teams 2488/2488 matched, players 6501/7005 matched
2026-08-24 00:04:17,971 INFO ncaa_identity: contest_id=847168 teams 1238/2430 matched, players 3415/6882 matched
2026-08-24 00:04:20,868 INFO ncaa_identity: contest_id=847241 teams 2693/2693 matched, players 7194/7602 matched
2026-08-24 00:04:22,173 INFO ncaa_identity: contest_id=847273 teams 0/2247 matched, players 0/6285 matched
2026-08-24 00:04:26,922 INFO ncaa_identity: contest_id=847351 teams 2429/2429 matched, players 1035/1052 matched
2026-08-24 00:04:28,198 INFO ncaa_identity: contest_id=847418 teams 1944/1944 matched, players 5048/5450 matched
2026-08-24 00:04:32,348 INFO ncaa_identity: contest_id=847573 teams 1160/2308 matched, players 2972/6536 matched
2026-08-24 00:04:33,536 INFO ncaa_identity: contest_id=847606 teams 2434/2434 matched, players 6762/6913 matched
2026-08-24 00:04:34,743 INFO ncaa_identity: contest_id=847636 teams 2189/2189 matched, players 5863/6166 matched
2026-08-24 00:04:36,129 INFO ncaa_identity: contest_id=847656 teams 1127/2285 matched, players 3242/6443 matched
2026-08-24 00:04:40,939 INFO ncaa_identity: contest_id=847765 teams 1065/2183 matched, players 2705/6139 matched
2026-08-24 00:04:42,440 INFO ncaa_identity: contest_id=847788 teams 2152/2152 matched, players 5135/6052 matched
2026-08-24 00:04:56,350 WARNING ncaa_parse: family=lineups contest_id=848097 team=CSUN SKIPPED (1 parse error(s)): Could not find parse time [MM:SS] from [54H05] in [<tr> <td>54H05</td> <td></td> <td align="center">31-33</td> <td>3I 3:54V01</td> </tr>]
2026-08-24 00:04:56,469 WARNING ncaa_parse: family=lineups contest_id=848097 team=Cal Lutheran SKIPPED (1 parse error(s)): Could not find parse time [MM:SS] from [54H05] in [<tr> <td>54H05</td> <td></td> <td align="center">31-33</td> <td>3I 3:54V01</td> </tr>]
2026-08-24 00:04:56,759 INFO ncaa_identity: contest_id=848097 teams 494/906 matched, players 99/236 matched
2026-08-24 00:04:58,102 INFO ncaa_identity: contest_id=848132 teams 1285/2456 matched, players 3572/6924 matched
2026-08-24 00:04:59,690 INFO ncaa_identity: contest_id=848154 teams 1225/2348 matched, players 3180/6590 matched
2026-08-24 00:05:01,344 INFO ncaa_identity: contest_id=848186 teams 2819/2819 matched, players 7930/7969 matched
2026-08-24 00:05:04,231 INFO ncaa_identity: contest_id=848252 teams 2427/2427 matched, players 6840/6864 matched
2026-08-24 00:05:07,255 INFO ncaa_identity: contest_id=848308 teams 1179/2341 matched, players 3332/6615 matched
2026-08-24 00:05:08,293 INFO ncaa_identity: contest_id=848351 teams 898/1730 matched, players 2432/4887 matched
2026-08-24 00:05:09,682 INFO ncaa_identity: contest_id=848385 teams 1308/2689 matched, players 3746/7533 matched
2026-08-24 00:05:11,072 INFO ncaa_identity: contest_id=848447 teams 2587/2587 matched, players 6237/7254 matched
2026-08-24 00:05:17,366 INFO ncaa_identity: contest_id=848555 teams 1938/1938 matched, players 5080/5427 matched
2026-08-24 00:05:20,112 INFO ncaa_identity: contest_id=848622 teams 1924/1924 matched, players 5361/5435 matched
2026-08-24 00:05:21,119 INFO ncaa_identity: contest_id=848654 teams 1233/2413 matched, players 3462/6801 matched
2026-08-24 00:05:24,180 INFO ncaa_identity: contest_id=848720 teams 2417/2417 matched, players 6296/6837 matched
2026-08-24 00:05:29,487 INFO ncaa_identity: contest_id=848810 teams 2317/2317 matched, players 6105/6506 matched
2026-08-24 00:05:32,439 INFO ncaa_identity: contest_id=848853 teams 2397/2397 matched, players 6509/6713 matched
2026-08-24 00:05:36,641 INFO ncaa_identity: contest_id=848933 teams 2068/2068 matched, players 5673/5778 matched
2026-08-24 00:05:39,775 INFO ncaa_identity: contest_id=848976 teams 1227/2443 matched, players 3128/6894 matched
2026-08-24 00:05:41,874 INFO ncaa_identity: contest_id=849006 teams 1213/2490 matched, players 3126/7009 matched
2026-08-24 00:05:43,595 INFO ncaa_identity: contest_id=849020 teams 2845/2845 matched, players 7987/7988 matched
2026-08-24 00:05:47,181 INFO ncaa_identity: contest_id=849108 teams 2722/2722 matched, players 7338/7706 matched
2026-08-24 00:05:56,146 INFO ncaa_identity: contest_id=849273 teams 2480/2480 matched, players 6570/6990 matched
2026-08-24 00:05:57,658 INFO ncaa_identity: contest_id=849286 teams 960/1898 matched, players 2685/5350 matched
2026-08-24 00:05:59,052 INFO ncaa_identity: contest_id=849313 teams 1959/1959 matched, players 649/670 matched
2026-08-24 00:06:01,913 INFO ncaa_identity: contest_id=849361 teams 2371/2371 matched, players 6399/6637 matched
2026-08-24 00:06:04,718 INFO ncaa_identity: contest_id=849423 teams 2219/2219 matched, players 5901/6238 matched
2026-08-24 00:06:21,797 INFO ncaa_identity: contest_id=849595 teams 2771/2771 matched, players 7426/7846 matched
2026-08-24 00:06:23,329 INFO ncaa_identity: contest_id=849607 teams 1319/2630 matched, players 3597/7373 matched
2026-08-24 00:06:26,310 INFO ncaa_identity: contest_id=849627 teams 2760/2760 matched, players 7252/7794 matched
2026-08-24 00:06:28,977 INFO ncaa_identity: contest_id=849650 teams 1956/1956 matched, players 5052/5503 matched
2026-08-24 00:06:42,697 INFO ncaa_identity: contest_id=849746 teams 2628/2628 matched, players 6851/7395 matched
2026-08-24 00:06:44,481 INFO ncaa_identity: contest_id=849762 teams 1356/2698 matched, players 3637/7583 matched
2026-08-24 00:06:46,290 INFO ncaa_identity: contest_id=849774 teams 1281/2584 matched, players 3638/7275 matched
2026-08-24 00:06:47,890 INFO ncaa_identity: contest_id=849785 teams 1168/2355 matched, players 3336/6654 matched
2026-08-24 00:06:58,970 INFO ncaa_identity: contest_id=849925 teams 1464/2824 matched, players 3967/7971 matched
2026-08-24 00:07:00,373 INFO ncaa_identity: contest_id=849961 teams 2034/2034 matched, players 5726/5753 matched
2026-08-24 00:07:01,939 INFO ncaa_identity: contest_id=849990 teams 1457/2834 matched, players 4117/8052 matched
2026-08-24 00:07:05,205 INFO ncaa_identity: contest_id=850017 teams 1388/2737 matched, players 3807/7728 matched
2026-08-24 00:07:13,081 INFO ncaa_identity: contest_id=850206 teams 2557/2557 matched, players 6977/7202 matched
2026-08-24 00:07:14,441 INFO ncaa_identity: contest_id=850225 teams 1923/1923 matched, players 5320/5401 matched
2026-08-24 00:07:20,908 INFO ncaa_identity: contest_id=850295 teams 1025/2024 matched, players 2900/5708 matched
2026-08-24 00:07:22,331 INFO ncaa_identity: contest_id=850314 teams 2414/2414 matched, players 6418/6763 matched
2026-08-24 00:07:25,279 INFO ncaa_identity: contest_id=850348 teams 2138/2138 matched, players 5487/5991 matched
2026-08-24 00:07:26,532 INFO ncaa_identity: contest_id=850380 teams 2107/2107 matched, players 5642/5957 matched
2026-08-24 00:07:29,303 INFO ncaa_identity: contest_id=850436 teams 1750/1750 matched, players 4542/4954 matched
2026-08-24 00:07:33,849 INFO ncaa_identity: contest_id=850543 teams 2321/2321 matched, players 5589/6525 matched
2026-08-24 00:07:36,497 INFO ncaa_identity: contest_id=850596 teams 2679/2679 matched, players 6958/7552 matched
2026-08-24 00:07:45,196 INFO ncaa_identity: contest_id=850831 teams 1945/1945 matched, players 5079/5468 matched
2026-08-24 00:07:47,034 INFO ncaa_identity: contest_id=850866 teams 2361/2361 matched, players 5964/6666 matched
2026-08-24 00:07:49,813 INFO ncaa_identity: contest_id=850952 teams 2400/2400 matched, players 6438/6775 matched
2026-08-24 00:07:51,291 INFO ncaa_identity: contest_id=850982 teams 2243/2243 matched, players 5752/6316 matched
2026-08-24 00:07:52,792 INFO ncaa_identity: contest_id=850993 teams 2317/2317 matched, players 6415/6503 matched
2026-08-24 00:07:55,699 INFO ncaa_identity: contest_id=851046 teams 2228/2228 matched, players 6092/6322 matched
2026-08-24 00:08:00,220 INFO ncaa_identity: contest_id=851147 teams 2125/2125 matched, players 5880/5964 matched
2026-08-24 00:08:07,812 INFO ncaa_identity: contest_id=851309 teams 1222/2391 matched, players 3421/6739 matched
2026-08-24 00:08:12,172 INFO ncaa_identity: contest_id=851397 teams 1165/2367 matched, players 3322/6631 matched
2026-08-24 00:08:17,084 INFO ncaa_identity: contest_id=851497 teams 2563/2563 matched, players 7222/7244 matched
2026-08-24 00:08:21,560 INFO ncaa_identity: contest_id=851572 teams 2384/2384 matched, players 6480/6714 matched
2026-08-24 00:08:24,123 INFO ncaa_identity: contest_id=851633 teams 2254/2254 matched, players 6374/6377 matched
2026-08-24 00:08:25,187 INFO ncaa_identity: contest_id=851655 teams 2470/2470 matched, players 5709/6936 matched
2026-08-24 00:08:28,755 INFO ncaa_identity: contest_id=851786 teams 1918/1918 matched, players 4901/5378 matched
2026-08-24 00:08:30,318 INFO ncaa_identity: contest_id=851804 teams 2703/2703 matched, players 7032/7645 matched
2026-08-24 00:08:31,606 INFO ncaa_identity: contest_id=851849 teams 2617/2617 matched, players 7048/7429 matched
2026-08-24 00:08:35,288 INFO ncaa_identity: contest_id=851951 teams 2097/2097 matched, players 5785/5911 matched
2026-08-24 00:08:36,915 INFO ncaa_identity: contest_id=851979 teams 2815/2815 matched, players 7757/7910 matched
2026-08-24 00:08:38,468 INFO ncaa_identity: contest_id=852002 teams 1276/2487 matched, players 3548/7002 matched
2026-08-24 00:08:39,916 INFO ncaa_identity: contest_id=852046 teams 2227/2227 matched, players 6264/6284 matched
2026-08-24 00:08:42,635 INFO ncaa_identity: contest_id=852068 teams 2162/2162 matched, players 5982/6085 matched
2026-08-24 00:08:44,193 INFO ncaa_identity: contest_id=852102 teams 2616/2616 matched, players 6955/7409 matched
2026-08-24 00:08:51,314 INFO ncaa_identity: contest_id=852278 teams 2642/2642 matched, players 7027/7435 matched
2026-08-24 00:08:52,417 INFO ncaa_identity: contest_id=852298 teams 2392/2392 matched, players 6300/6688 matched
2026-08-24 00:08:53,829 INFO ncaa_identity: contest_id=852354 teams 2148/2148 matched, players 5916/6046 matched
2026-08-24 00:08:57,021 INFO ncaa_identity: contest_id=852386 teams 2385/2385 matched, players 5770/6719 matched
2026-08-24 00:09:02,767 INFO ncaa_identity: contest_id=852572 teams 1913/1913 matched, players 5261/5365 matched
2026-08-24 00:09:06,698 INFO ncaa_identity: contest_id=852642 teams 1404/1404 matched, players 358/386 matched
2026-08-24 00:09:14,995 INFO ncaa_identity: contest_id=852829 teams 2432/2432 matched, players 6310/6866 matched
2026-08-24 00:09:25,259 INFO ncaa_identity: contest_id=853057 teams 2303/2303 matched, players 6451/6490 matched
2026-08-24 00:09:26,634 INFO ncaa_identity: contest_id=853075 teams 2328/2328 matched, players 6300/6567 matched
2026-08-24 00:09:33,343 INFO ncaa_identity: contest_id=853273 teams 2349/2349 matched, players 5997/6593 matched
2026-08-24 00:09:35,063 INFO ncaa_identity: contest_id=853326 teams 2085/2085 matched, players 5405/5884 matched
2026-08-24 00:09:37,696 INFO ncaa_identity: contest_id=853385 teams 2113/2113 matched, players 5909/5925 matched
2026-08-24 00:09:39,251 INFO ncaa_identity: contest_id=853403 teams 2305/2305 matched, players 6060/6485 matched
2026-08-24 00:09:47,602 INFO ncaa_identity: contest_id=853575 teams 2386/2386 matched, players 6416/6660 matched
2026-08-24 00:09:51,334 INFO ncaa_identity: contest_id=853682 teams 2054/2054 matched, players 5532/5775 matched
2026-08-24 00:09:53,026 INFO ncaa_identity: contest_id=853713 teams 1092/2175 matched, players 3037/6056 matched
2026-08-24 00:09:55,547 INFO ncaa_identity: contest_id=853758 teams 2279/2279 matched, players 5759/6434 matched
2026-08-24 00:10:05,588 INFO ncaa_identity: contest_id=853980 teams 2087/2087 matched, players 5056/5910 matched
2026-08-24 00:10:11,489 INFO ncaa_identity: contest_id=854084 teams 2209/2209 matched, players 5436/6247 matched
2026-08-24 00:10:13,435 INFO ncaa_identity: contest_id=854116 teams 2316/2316 matched, players 6000/6527 matched
2026-08-24 00:10:15,130 INFO ncaa_identity: contest_id=854153 teams 2720/2720 matched, players 7120/7693 matched
2026-08-24 00:10:18,573 INFO ncaa_identity: contest_id=854199 teams 2272/2272 matched, players 6071/6408 matched
2026-08-24 00:10:21,361 INFO ncaa_identity: contest_id=854311 teams 2592/2592 matched, players 7013/7322 matched
2026-08-24 00:10:24,244 INFO ncaa_identity: contest_id=854372 teams 2160/2160 matched, players 5243/6070 matched
2026-08-24 00:10:27,870 INFO ncaa_identity: contest_id=854499 teams 2574/2574 matched, players 6723/7242 matched
2026-08-24 00:10:29,309 INFO ncaa_identity: contest_id=854527 teams 2416/2416 matched, players 6408/6788 matched
2026-08-24 00:10:30,531 INFO ncaa_identity: contest_id=854553 teams 1167/2474 matched, players 3479/6955 matched
2026-08-24 00:10:34,977 INFO ncaa_identity: contest_id=854611 teams 2021/2021 matched, players 5224/5698 matched
2026-08-24 00:10:39,495 INFO ncaa_identity: contest_id=854685 teams 2395/2395 matched, players 6650/6766 matched
2026-08-24 00:10:43,550 INFO ncaa_identity: contest_id=854791 teams 2441/2441 matched, players 6616/6883 matched
2026-08-24 00:10:45,046 INFO ncaa_identity: contest_id=854820 teams 2279/2279 matched, players 6335/6428 matched
2026-08-24 00:10:50,653 INFO ncaa_identity: contest_id=854929 teams 2263/2263 matched, players 5884/6388 matched
2026-08-24 00:10:52,181 INFO ncaa_identity: contest_id=854957 teams 2173/2173 matched, players 5809/6128 matched
2026-08-24 00:10:57,378 INFO ncaa_identity: contest_id=855101 teams 2117/2117 matched, players 5892/5910 matched
2026-08-24 00:11:00,417 INFO 5 starters not found for period 3; using estimate
2026-08-24 00:11:02,668 INFO ncaa_identity: contest_id=855178 teams 2278/2278 matched, players 6374/6384 matched
2026-08-24 00:11:04,390 INFO ncaa_identity: contest_id=855228 teams 1275/2540 matched, players 3584/7192 matched
2026-08-24 00:11:05,822 INFO ncaa_identity: contest_id=855305 teams 2265/2265 matched, players 6141/6360 matched
2026-08-24 00:11:10,253 INFO ncaa_identity: contest_id=855397 teams 2301/2301 matched, players 875/947 matched
2026-08-24 00:11:11,621 INFO ncaa_identity: contest_id=855430 teams 2022/2022 matched, players 5087/5690 matched
2026-08-24 00:11:16,079 INFO ncaa_identity: contest_id=855510 teams 2150/2150 matched, players 5890/6075 matched
2026-08-24 00:11:20,159 INFO ncaa_identity: contest_id=855572 teams 1203/2494 matched, players 3538/7081 matched
2026-08-24 00:11:27,744 INFO ncaa_identity: contest_id=855769 teams 2475/2475 matched, players 6449/7008 matched
2026-08-24 00:11:28,303 WARNING ncaa_parse: family=lineups contest_id=855793 team=Ohio St. produced NO good stints (2 bad, roster=9) -- parsed successfully but contributed nothing
2026-08-24 00:11:28,751 INFO ncaa_identity: contest_id=855793 teams 1478/1478 matched, players 357/402 matched
2026-08-24 00:11:30,661 INFO ncaa_identity: contest_id=855833 teams 2623/2623 matched, players 7096/7436 matched
2026-08-24 00:11:33,463 INFO ncaa_identity: contest_id=855891 teams 2155/2155 matched, players 5938/6030 matched
2026-08-24 00:11:35,188 INFO ncaa_identity: contest_id=855937 teams 2462/2462 matched, players 6473/6930 matched
2026-08-24 00:11:36,429 INFO ncaa_identity: contest_id=856000 teams 2117/2117 matched, players 5522/6003 matched
2026-08-24 00:11:37,606 INFO ncaa_identity: contest_id=856033 teams 2145/2145 matched, players 5937/6085 matched
2026-08-24 00:11:47,795 INFO ncaa_identity: contest_id=856238 teams 2394/2394 matched, players 5985/6744 matched
2026-08-24 00:11:49,753 INFO ncaa_identity: contest_id=856265 teams 1278/2615 matched, players 3494/7272 matched
2026-08-24 00:11:52,678 INFO ncaa_identity: contest_id=856330 teams 2274/2274 matched, players 6249/6392 matched
2026-08-24 00:11:54,036 INFO ncaa_identity: contest_id=856385 teams 2627/2627 matched, players 7059/7434 matched
2026-08-24 00:11:56,867 INFO ncaa_identity: contest_id=856436 teams 2287/2287 matched, players 6345/6479 matched
2026-08-24 00:11:58,772 INFO ncaa_identity: contest_id=856489 teams 1365/1365 matched, players 343/360 matched
2026-08-24 00:12:00,866 INFO ncaa_identity: contest_id=856538 teams 2459/2459 matched, players 6637/6889 matched
2026-08-24 00:12:04,898 INFO ncaa_identity: contest_id=856611 teams 2002/2002 matched, players 5385/5680 matched
2026-08-24 00:12:12,011 INFO ncaa_identity: contest_id=856783 teams 2193/2193 matched, players 5707/6198 matched
2026-08-24 00:12:14,349 INFO ncaa_identity: contest_id=856815 teams 2553/2553 matched, players 7156/7193 matched
2026-08-24 00:12:19,772 INFO ncaa_identity: contest_id=856914 teams 2115/2115 matched, players 5804/5935 matched
2026-08-24 00:12:24,081 INFO ncaa_identity: contest_id=857016 teams 1911/1911 matched, players 4982/5386 matched
2026-08-24 00:12:25,586 INFO ncaa_identity: contest_id=857034 teams 1110/2218 matched, players 3112/6211 matched
2026-08-24 00:12:31,078 INFO ncaa_identity: contest_id=857192 teams 2015/2015 matched, players 4801/5694 matched
2026-08-24 00:12:34,042 INFO ncaa_identity: contest_id=857228 teams 2101/2101 matched, players 5588/5876 matched
2026-08-24 00:12:35,306 INFO ncaa_identity: contest_id=857263 teams 2422/2422 matched, players 6819/6835 matched
2026-08-24 00:12:36,942 INFO ncaa_identity: contest_id=857303 teams 2951/2951 matched, players 8296/8353 matched
2026-08-24 00:12:39,672 INFO ncaa_identity: contest_id=857371 teams 2240/2240 matched, players 6051/6297 matched
2026-08-24 00:12:41,427 INFO ncaa_identity: contest_id=857386 teams 2487/2487 matched, players 6522/6991 matched
2026-08-24 00:12:44,427 INFO ncaa_identity: contest_id=857486 teams 2340/2340 matched, players 6560/6610 matched
2026-08-24 00:12:47,443 INFO ncaa_identity: contest_id=857580 teams 2318/2318 matched, players 6468/6544 matched
2026-08-24 00:12:48,969 INFO 5 starters not found for period 3; using estimate
2026-08-24 00:12:54,129 INFO ncaa_identity: contest_id=857665 teams 2680/2680 matched, players 7543/7557 matched
2026-08-24 00:13:02,745 INFO ncaa_identity: contest_id=857744 teams 2172/2172 matched, players 5953/6077 matched
2026-08-24 00:13:10,658 INFO ncaa_identity: contest_id=857805 teams 2219/2219 matched, players 5894/6216 matched
2026-08-24 00:13:27,450 INFO ncaa_identity: contest_id=857926 teams 2174/2174 matched, players 5981/6110 matched
2026-08-24 00:13:34,702 INFO ncaa_identity: contest_id=857963 teams 2173/2173 matched, players 5624/6106 matched
2026-08-24 00:13:38,604 INFO ncaa_identity: contest_id=858013 teams 2213/2213 matched, players 5546/6211 matched
2026-08-24 00:13:50,138 INFO ncaa_identity: contest_id=858263 teams 1255/2565 matched, players 3634/7220 matched
2026-08-24 00:13:51,712 INFO ncaa_identity: contest_id=858288 teams 1306/2520 matched, players 3099/7144 matched
2026-08-24 00:13:52,744 INFO ncaa_identity: contest_id=858301 teams 1092/2190 matched, players 3080/6153 matched
2026-08-24 00:13:55,464 INFO ncaa_identity: contest_id=858324 teams 2312/2312 matched, players 6095/6465 matched
2026-08-24 00:14:01,370 INFO ncaa_identity: contest_id=858474 teams 2232/2232 matched, players 6246/6269 matched
2026-08-24 00:14:05,480 INFO ncaa_identity: contest_id=858545 teams 2331/2331 matched, players 6019/6573 matched
2026-08-24 00:14:09,705 INFO ncaa_identity: contest_id=858609 teams 2133/2133 matched, players 5500/6021 matched
2026-08-24 00:14:11,163 INFO ncaa_identity: contest_id=858620 teams 2155/2155 matched, players 5697/6106 matched
2026-08-24 00:14:13,856 INFO ncaa_identity: contest_id=858656 teams 2203/2203 matched, players 5323/6187 matched
2026-08-24 00:14:19,844 INFO ncaa_identity: contest_id=858764 teams 2215/2215 matched, players 5970/6244 matched
2026-08-24 00:14:21,338 INFO ncaa_identity: contest_id=858776 teams 2167/2167 matched, players 5570/6083 matched
2026-08-24 00:14:22,488 INFO ncaa_identity: contest_id=858791 teams 2348/2348 matched, players 6110/6603 matched
2026-08-24 00:14:23,706 INFO ncaa_identity: contest_id=858816 teams 2389/2389 matched, players 6194/6719 matched
2026-08-24 00:14:27,491 INFO ncaa_identity: contest_id=858880 teams 2228/2228 matched, players 5960/6282 matched
2026-08-24 00:14:35,773 INFO ncaa_identity: contest_id=858990 teams 2466/2466 matched, players 6504/6992 matched
2026-08-24 00:14:38,323 INFO ncaa_identity: contest_id=859014 teams 2305/2305 matched, players 5611/6450 matched
2026-08-24 00:14:44,384 INFO ncaa_identity: contest_id=859118 teams 2455/2455 matched, players 6442/6941 matched
2026-08-24 00:14:48,295 INFO ncaa_identity: contest_id=859165 teams 2301/2301 matched, players 5935/6462 matched
2026-08-24 00:14:49,310 INFO ncaa_identity: contest_id=859176 teams 1951/1951 matched, players 5437/5500 matched
2026-08-24 00:14:50,708 INFO ncaa_identity: contest_id=859190 teams 2369/2369 matched, players 6406/6666 matched
2026-08-24 00:14:53,416 INFO ncaa_identity: contest_id=859218 teams 2540/2540 matched, players 6901/7172 matched
2026-08-24 00:15:04,716 INFO ncaa_identity: contest_id=859353 teams 2442/2442 matched, players 6552/6883 matched
2026-08-24 00:15:08,958 INFO ncaa_identity: contest_id=859388 teams 1893/1893 matched, players 795/799 matched
2026-08-24 00:15:12,906 INFO ncaa_identity: contest_id=859421 teams 3185/3185 matched, players 8973/9040 matched
2026-08-24 00:15:21,727 INFO ncaa_identity: contest_id=859492 teams 2251/2251 matched, players 5990/6311 matched
2026-08-24 00:15:22,991 INFO ncaa_identity: contest_id=859502 teams 2235/2235 matched, players 6151/6270 matched
2026-08-24 00:15:24,231 INFO ncaa_identity: contest_id=859530 teams 2106/2106 matched, players 5484/5873 matched
2026-08-24 00:15:29,152 INFO ncaa_identity: contest_id=859615 teams 2177/2177 matched, players 5897/6126 matched
2026-08-24 00:15:31,506 INFO ncaa_identity: contest_id=859639 teams 1784/1784 matched, players 4542/5029 matched
2026-08-24 00:15:34,412 INFO ncaa_identity: contest_id=859664 teams 2137/2137 matched, players 5041/6012 matched
2026-08-24 00:15:36,977 INFO ncaa_identity: contest_id=859687 teams 1969/1969 matched, players 5363/5560 matched
2026-08-24 00:15:38,047 INFO ncaa_identity: contest_id=859700 teams 2055/2055 matched, players 5474/5811 matched
2026-08-24 00:15:40,688 INFO ncaa_identity: contest_id=859720 teams 2263/2263 matched, players 5963/6409 matched
2026-08-24 00:15:45,484 INFO ncaa_identity: contest_id=820704 teams 2079/2079 matched, players 5822/5834 matched
2026-08-24 00:15:47,012 INFO ncaa_identity: contest_id=820716 teams 2733/2733 matched, players 7285/7702 matched
2026-08-24 00:15:52,972 INFO ncaa_identity: contest_id=820760 teams 2739/2739 matched, players 7566/7692 matched
2026-08-24 00:15:54,372 INFO ncaa_identity: contest_id=820771 teams 2198/2198 matched, players 5457/6162 matched
2026-08-24 00:15:55,862 INFO ncaa_identity: contest_id=820784 teams 2386/2386 matched, players 5607/6758 matched
2026-08-24 00:16:00,163 INFO ncaa_identity: contest_id=820826 teams 1208/2441 matched, players 3028/6850 matched
2026-08-24 00:16:01,671 INFO ncaa_identity: contest_id=820843 teams 1185/2360 matched, players 3317/6620 matched
2026-08-24 00:16:03,547 INFO ncaa_identity: contest_id=820862 teams 1577/3120 matched, players 4454/8841 matched
2026-08-24 00:16:04,918 INFO ncaa_identity: contest_id=820912 teams 2845/2845 matched, players 7899/8033 matched
2026-08-24 00:16:06,275 INFO ncaa_identity: contest_id=820924 teams 2363/2363 matched, players 6216/6658 matched
2026-08-24 00:16:07,824 INFO ncaa_identity: contest_id=820938 teams 1361/2687 matched, players 3781/7564 matched
2026-08-24 00:16:09,726 INFO ncaa_identity: contest_id=820955 teams 1398/2830 matched, players 4008/7984 matched
2026-08-24 00:16:11,065 INFO ncaa_identity: contest_id=820979 teams 1482/2908 matched, players 4195/8174 matched
2026-08-24 00:16:12,194 INFO ncaa_identity: contest_id=821051 teams 2142/2142 matched, players 5320/6054 matched
2026-08-24 00:16:15,343 INFO ncaa_identity: contest_id=821078 teams 2518/2518 matched, players 6883/7110 matched
2026-08-24 00:16:17,258 INFO ncaa_identity: contest_id=821089 teams 2067/2067 matched, players 5613/5801 matched
2026-08-24 00:16:18,922 INFO ncaa_identity: contest_id=821102 teams 2294/2294 matched, players 5502/6441 matched
2026-08-24 00:16:25,060 INFO ncaa_identity: contest_id=821158 teams 2675/2675 matched, players 7178/7489 matched
2026-08-24 00:16:27,953 INFO ncaa_identity: contest_id=821180 teams 2183/2183 matched, players 6044/6059 matched
2026-08-24 00:16:30,722 INFO ncaa_identity: contest_id=821214 teams 1168/2287 matched, players 3253/6398 matched
2026-08-24 00:16:32,559 INFO ncaa_identity: contest_id=821241 teams 2486/2486 matched, players 6520/7056 matched
2026-08-24 00:16:35,244 INFO ncaa_identity: contest_id=821302 teams 2244/2244 matched, players 5974/6346 matched
2026-08-24 00:16:37,817 INFO ncaa_identity: contest_id=821388 teams 1151/2191 matched, players 3129/6124 matched
2026-08-24 00:16:39,224 INFO ncaa_identity: contest_id=821440 teams 2524/2524 matched, players 6518/7116 matched
2026-08-24 00:16:40,680 INFO ncaa_identity: contest_id=821493 teams 2117/2117 matched, players 5864/5870 matched
2026-08-24 00:16:42,535 INFO ncaa_identity: contest_id=821508 teams 3199/3199 matched, players 8293/9066 matched
2026-08-24 00:16:46,536 INFO ncaa_identity: contest_id=821581 teams 1029/1954 matched, players 394/785 matched
2026-08-24 00:16:49,759 INFO ncaa_identity: contest_id=821611 teams 2362/2362 matched, players 6607/6641 matched
2026-08-24 00:16:50,798 INFO ncaa_identity: contest_id=821622 teams 2221/2221 matched, players 5425/6224 matched
2026-08-24 00:16:52,247 INFO ncaa_identity: contest_id=821646 teams 1160/2302 matched, players 2802/6446 matched
2026-08-24 00:16:55,267 INFO ncaa_identity: contest_id=821684 teams 2600/2600 matched, players 7202/7317 matched
2026-08-24 00:16:57,831 INFO ncaa_identity: contest_id=821766 teams 1214/2426 matched, players 3439/6792 matched
2026-08-24 00:17:04,924 INFO ncaa_identity: contest_id=821993 teams 2731/2731 matched, players 7108/7724 matched
2026-08-24 00:17:14,752 INFO ncaa_identity: contest_id=822341 teams 2335/2335 matched, players 6301/6583 matched
2026-08-24 00:17:16,585 INFO ncaa_identity: contest_id=822355 teams 2148/2148 matched, players 5660/6037 matched
2026-08-24 00:17:18,033 INFO ncaa_identity: contest_id=822389 teams 2303/2303 matched, players 738/821 matched
2026-08-24 00:17:21,252 INFO ncaa_identity: contest_id=822414 teams 1363/2751 matched, players 3893/7682 matched
2026-08-24 00:17:23,812 INFO ncaa_identity: contest_id=822444 teams 1117/2199 matched, players 3157/6196 matched
2026-08-24 00:17:25,044 INFO ncaa_identity: contest_id=822474 teams 1276/2544 matched, players 3527/7177 matched
2026-08-24 00:17:27,563 INFO ncaa_identity: contest_id=822508 teams 2369/2369 matched, players 6527/6641 matched
2026-08-24 00:17:28,690 INFO ncaa_identity: contest_id=822532 teams 1390/2651 matched, players 3868/7515 matched
2026-08-24 00:17:31,045 INFO ncaa_identity: contest_id=822594 teams 2437/2437 matched, players 6652/6890 matched
2026-08-24 00:17:32,198 INFO ncaa_identity: contest_id=822617 teams 2403/2403 matched, players 6318/6762 matched
2026-08-24 00:17:33,603 INFO ncaa_identity: contest_id=822699 teams 1091/2160 matched, players 3060/6042 matched
2026-08-24 00:17:35,716 INFO ncaa_identity: contest_id=822789 teams 2223/2223 matched, players 5756/6235 matched
2026-08-24 00:17:38,376 INFO ncaa_identity: contest_id=822815 teams 2554/2554 matched, players 6645/7190 matched
2026-08-24 00:17:41,252 INFO ncaa_identity: contest_id=822842 teams 1062/2042 matched, players 2907/5737 matched
2026-08-24 00:17:43,930 INFO ncaa_identity: contest_id=822870 teams 2366/2366 matched, players 6407/6730 matched
2026-08-24 00:17:53,846 INFO ncaa_identity: contest_id=823030 teams 2080/2080 matched, players 5113/5839 matched
2026-08-24 00:17:56,594 INFO ncaa_identity: contest_id=823069 teams 2552/2552 matched, players 6870/7232 matched
2026-08-24 00:17:59,341 INFO ncaa_identity: contest_id=823111 teams 2506/2506 matched, players 6520/7070 matched
2026-08-24 00:18:00,753 INFO ncaa_identity: contest_id=823126 teams 2533/2533 matched, players 6973/7133 matched
2026-08-24 00:18:03,276 INFO ncaa_identity: contest_id=823239 teams 1258/2530 matched, players 3583/7174 matched
2026-08-24 00:18:06,907 INFO ncaa_identity: contest_id=823330 teams 1981/1981 matched, players 5414/5572 matched
2026-08-24 00:18:11,204 INFO ncaa_identity: contest_id=823415 teams 2316/2316 matched, players 6394/6519 matched
2026-08-24 00:18:13,687 INFO ncaa_identity: contest_id=823459 teams 2058/2058 matched, players 5357/5797 matched
2026-08-24 00:18:14,919 INFO ncaa_identity: contest_id=823470 teams 1196/2379 matched, players 3339/6709 matched
2026-08-24 00:18:17,837 INFO ncaa_identity: contest_id=823536 teams 1507/1507 matched, players 554/556 matched
2026-08-24 00:18:20,411 INFO ncaa_identity: contest_id=823590 teams 1110/2311 matched, players 3235/6534 matched
2026-08-24 00:18:23,219 INFO ncaa_identity: contest_id=823669 teams 1565/3102 matched, players 4277/8705 matched
2026-08-24 00:18:26,240 INFO ncaa_identity: contest_id=823719 teams 2592/2592 matched, players 6946/7267 matched
2026-08-24 00:18:29,134 INFO ncaa_identity: contest_id=823801 teams 1297/2548 matched, players 3698/7170 matched
2026-08-24 00:18:37,079 INFO ncaa_identity: contest_id=823974 teams 2360/2360 matched, players 6453/6666 matched
2026-08-24 00:18:38,485 INFO ncaa_identity: contest_id=824042 teams 1112/2231 matched, players 2892/6279 matched
2026-08-24 00:18:40,314 INFO ncaa_identity: contest_id=824080 teams 2518/2518 matched, players 6784/7063 matched
2026-08-24 00:18:43,219 INFO ncaa_identity: contest_id=824147 teams 2749/2749 matched, players 7355/7755 matched
2026-08-24 00:18:45,607 INFO ncaa_identity: contest_id=824198 teams 1908/1908 matched, players 5113/5369 matched
2026-08-24 00:18:48,328 INFO ncaa_identity: contest_id=824242 teams 2467/2467 matched, players 6697/6961 matched
2026-08-24 00:18:49,765 INFO ncaa_identity: contest_id=824264 teams 2291/2291 matched, players 6309/6492 matched
2026-08-24 00:18:52,931 INFO ncaa_identity: contest_id=824295 teams 2659/2659 matched, players 7314/7497 matched
2026-08-24 00:18:54,168 INFO ncaa_identity: contest_id=824394 teams 2552/2552 matched, players 6682/7213 matched
2026-08-24 00:18:55,828 INFO ncaa_identity: contest_id=824491 teams 2561/2561 matched, players 7066/7170 matched
2026-08-24 00:19:06,085 INFO ncaa_identity: contest_id=824669 teams 2633/2633 matched, players 7406/7457 matched
2026-08-24 00:19:07,257 INFO ncaa_identity: contest_id=824732 teams 1121/2129 matched, players 2836/5990 matched
2026-08-24 00:19:14,812 INFO ncaa_identity: contest_id=824878 teams 2192/2192 matched, players 5896/6188 matched
2026-08-24 00:19:16,497 INFO ncaa_identity: contest_id=824944 teams 2757/2757 matched, players 7713/7728 matched
2026-08-24 00:19:17,864 INFO ncaa_identity: contest_id=825042 teams 1215/2504 matched, players 3515/7043 matched
2026-08-24 00:19:19,451 INFO ncaa_identity: contest_id=825074 teams 1263/2424 matched, players 3481/6849 matched
2026-08-24 00:19:20,614 INFO ncaa_identity: contest_id=825089 teams 2322/2322 matched, players 6452/6610 matched
2026-08-24 00:19:23,239 INFO ncaa_identity: contest_id=825132 teams 2485/2485 matched, players 6289/6965 matched
2026-08-24 00:19:25,997 INFO ncaa_identity: contest_id=825173 teams 2523/2523 matched, players 7125/7130 matched
2026-08-24 00:19:31,387 INFO ncaa_identity: contest_id=825263 teams 2483/2483 matched, players 6611/6989 matched
2026-08-24 00:19:32,990 INFO ncaa_identity: contest_id=825348 teams 1154/2266 matched, players 3278/6343 matched
2026-08-24 00:19:37,622 INFO ncaa_identity: contest_id=825483 teams 2204/2204 matched, players 5576/6237 matched
2026-08-24 00:19:38,875 INFO ncaa_identity: contest_id=825505 teams 1125/2128 matched, players 2917/5996 matched
2026-08-24 00:19:41,234 INFO ncaa_identity: contest_id=825567 teams 1150/2256 matched, players 3133/6357 matched
2026-08-24 00:19:43,894 INFO ncaa_identity: contest_id=825603 teams 2490/2490 matched, players 6956/7032 matched
2026-08-24 00:19:45,346 INFO ncaa_identity: contest_id=825637 teams 2424/2424 matched, players 6364/6871 matched
2026-08-24 00:19:48,150 INFO ncaa_identity: contest_id=825673 teams 1270/2561 matched, players 3592/7208 matched
2026-08-24 00:19:49,165 INFO ncaa_identity: contest_id=825708 teams 1040/2070 matched, players 2953/5831 matched
2026-08-24 00:19:50,216 INFO ncaa_identity: contest_id=825761 teams 1907/1907 matched, players 4634/5353 matched
2026-08-24 00:19:56,927 INFO ncaa_identity: contest_id=825846 teams 2432/2432 matched, players 6739/6822 matched
2026-08-24 00:19:59,642 INFO ncaa_identity: contest_id=825910 teams 2788/2788 matched, players 7711/7842 matched
2026-08-24 00:20:00,848 INFO ncaa_identity: contest_id=825953 teams 1248/2462 matched, players 3500/6971 matched
2026-08-24 00:20:02,294 INFO ncaa_identity: contest_id=826003 teams 2320/2320 matched, players 5745/6540 matched
2026-08-24 00:20:04,296 INFO ncaa_identity: contest_id=826042 teams 2085/2085 matched, players 5838/5870 matched
2026-08-24 00:20:05,592 INFO ncaa_identity: contest_id=826097 teams 2178/2178 matched, players 5657/6122 matched
2026-08-24 00:20:06,753 INFO ncaa_identity: contest_id=826117 teams 2270/2270 matched, players 6127/6388 matched
2026-08-24 00:20:13,679 INFO ncaa_identity: contest_id=826205 teams 1373/2751 matched, players 3830/7759 matched
2026-08-24 00:20:18,770 INFO ncaa_identity: contest_id=826275 teams 2308/2308 matched, players 5978/6496 matched
2026-08-24 00:20:23,223 INFO ncaa_identity: contest_id=826330 teams 2393/2393 matched, players 6615/6770 matched
2026-08-24 00:20:24,416 INFO ncaa_identity: contest_id=826341 teams 1900/1900 matched, players 723/737 matched
2026-08-24 00:20:25,852 INFO ncaa_identity: contest_id=826357 teams 2231/2231 matched, players 5888/6281 matched
2026-08-24 00:20:27,068 INFO ncaa_identity: contest_id=826374 teams 2330/2330 matched, players 6238/6564 matched
2026-08-24 00:20:31,997 INFO ncaa_identity: contest_id=826405 teams 2464/2464 matched, players 6659/6873 matched
2026-08-24 00:20:36,363 INFO ncaa_identity: contest_id=826439 teams 2216/2216 matched, players 5674/6145 matched
2026-08-24 00:20:37,784 INFO ncaa_identity: contest_id=826449 teams 2736/2736 matched, players 7506/7721 matched
2026-08-24 00:20:39,270 INFO ncaa_identity: contest_id=826464 teams 2148/2148 matched, players 5721/6041 matched
2026-08-24 00:20:40,793 INFO ncaa_identity: contest_id=826478 teams 2057/2057 matched, players 5466/5799 matched
2026-08-24 00:20:42,283 INFO ncaa_identity: contest_id=826488 teams 2650/2650 matched, players 7146/7485 matched
2026-08-24 00:20:46,554 INFO ncaa_identity: contest_id=826518 teams 2204/2204 matched, players 5626/6152 matched
2026-08-24 00:20:48,078 INFO ncaa_identity: contest_id=826530 teams 2721/2721 matched, players 6490/7718 matched
2026-08-24 00:20:52,639 INFO ncaa_identity: contest_id=826561 teams 2581/2581 matched, players 6792/7268 matched
2026-08-24 00:20:54,015 INFO ncaa_identity: contest_id=826572 teams 2593/2593 matched, players 6788/7273 matched
2026-08-24 00:20:55,485 INFO ncaa_identity: contest_id=826596 teams 2674/2674 matched, players 6969/7495 matched
2026-08-24 00:20:57,160 INFO ncaa_identity: contest_id=826619 teams 2074/2074 matched, players 5510/5857 matched
2026-08-24 00:20:58,384 INFO ncaa_identity: contest_id=826634 teams 2200/2200 matched, players 5800/6203 matched
2026-08-24 00:21:03,196 INFO ncaa_identity: contest_id=826678 teams 2315/2315 matched, players 5797/6491 matched
2026-08-24 00:21:04,458 INFO ncaa_identity: contest_id=826702 teams 1259/2472 matched, players 3475/6964 matched
2026-08-24 00:21:05,669 INFO ncaa_identity: contest_id=826798 teams 1913/1913 matched, players 4953/5328 matched
2026-08-24 00:21:07,358 INFO ncaa_identity: contest_id=826818 teams 2658/2658 matched, players 6905/7530 matched
2026-08-24 00:21:08,725 INFO ncaa_identity: contest_id=826833 teams 1384/2764 matched, players 3856/7819 matched
2026-08-24 00:21:22,432 INFO ncaa_identity: contest_id=827124 teams 1137/2270 matched, players 3199/6402 matched
2026-08-24 00:21:23,972 INFO ncaa_identity: contest_id=827147 teams 2496/2496 matched, players 6565/7012 matched
2026-08-24 00:21:25,668 INFO ncaa_identity: contest_id=827165 teams 2176/2176 matched, players 5957/6130 matched
2026-08-24 00:21:30,860 INFO ncaa_identity: contest_id=827232 teams 1229/2426 matched, players 3456/6849 matched
2026-08-24 00:21:34,821 INFO ncaa_identity: contest_id=827317 teams 2161/2161 matched, players 6003/6069 matched
2026-08-24 00:21:40,184 INFO ncaa_identity: contest_id=827469 teams 2051/2051 matched, players 5392/5794 matched
2026-08-24 00:21:42,595 INFO ncaa_identity: contest_id=827573 teams 2087/2087 matched, players 4638/5804 matched
2026-08-24 00:21:45,161 INFO ncaa_identity: contest_id=827605 teams 2583/2583 matched, players 6636/7301 matched
2026-08-24 00:22:01,365 INFO ncaa_identity: contest_id=827952 teams 2423/2423 matched, players 6293/6838 matched
2026-08-24 00:22:02,506 INFO ncaa_identity: contest_id=827969 teams 2237/2237 matched, players 6121/6312 matched
2026-08-24 00:22:09,203 INFO ncaa_identity: contest_id=828075 teams 2206/2206 matched, players 6167/6202 matched
2026-08-24 00:22:10,501 INFO ncaa_identity: contest_id=828150 teams 1183/2327 matched, players 3323/6560 matched
2026-08-24 00:22:11,780 INFO ncaa_identity: contest_id=828243 teams 2845/2845 matched, players 7482/8096 matched
2026-08-24 00:22:13,470 INFO ncaa_identity: contest_id=828264 teams 2468/2468 matched, players 6553/6947 matched
2026-08-24 00:22:15,020 INFO ncaa_identity: contest_id=828291 teams 2968/2968 matched, players 8021/8418 matched
2026-08-24 00:22:16,486 INFO ncaa_identity: contest_id=828308 teams 2195/2195 matched, players 5558/6175 matched
2026-08-24 00:22:18,955 INFO ncaa_identity: contest_id=828369 teams 2273/2273 matched, players 5910/6404 matched
2026-08-24 00:22:20,838 INFO ncaa_identity: contest_id=828413 teams 3598/3598 matched, players 10097/10245 matched
2026-08-24 00:22:23,043 INFO ncaa_identity: contest_id=828511 teams 2013/2013 matched, players 5379/5649 matched
2026-08-24 00:22:24,291 INFO ncaa_identity: contest_id=828538 teams 2411/2411 matched, players 6770/6802 matched
2026-08-24 00:22:25,471 INFO ncaa_identity: contest_id=828562 teams 2340/2340 matched, players 6483/6567 matched
2026-08-24 00:22:26,781 INFO ncaa_identity: contest_id=828635 teams 1943/1943 matched, players 4655/5478 matched
2026-08-24 00:22:30,992 INFO ncaa_identity: contest_id=828697 teams 2360/2360 matched, players 6421/6668 matched
2026-08-24 00:22:32,056 INFO ncaa_identity: contest_id=828712 teams 2064/2064 matched, players 5616/5812 matched
2026-08-24 00:22:46,395 INFO ncaa_identity: contest_id=829052 teams 2514/2514 matched, players 6971/7116 matched
2026-08-24 00:22:51,890 INFO ncaa_identity: contest_id=829131 teams 2148/2148 matched, players 5352/6031 matched
2026-08-24 00:22:56,932 INFO ncaa_identity: contest_id=829304 teams 1344/2685 matched, players 3770/7621 matched
2026-08-24 00:22:59,586 INFO ncaa_identity: contest_id=829360 teams 2371/2371 matched, players 6600/6650 matched
2026-08-24 00:23:01,060 INFO ncaa_identity: contest_id=829395 teams 1212/2419 matched, players 3413/6858 matched
2026-08-24 00:23:03,722 INFO ncaa_identity: contest_id=829463 teams 2313/2313 matched, players 6180/6554 matched
2026-08-24 00:23:05,494 INFO ncaa_identity: contest_id=829559 teams 1931/1931 matched, players 5331/5423 matched
2026-08-24 00:23:09,409 INFO ncaa_identity: contest_id=829636 teams 2481/2481 matched, players 6524/6988 matched
2026-08-24 00:23:14,363 INFO ncaa_identity: contest_id=829779 teams 2533/2533 matched, players 6685/7152 matched
2026-08-24 00:23:17,296 INFO ncaa_identity: contest_id=829821 teams 1164/2305 matched, players 2923/6475 matched
2026-08-24 00:23:21,614 INFO ncaa_identity: contest_id=829976 teams 2317/2317 matched, players 6191/6527 matched
2026-08-24 00:23:26,384 INFO ncaa_identity: contest_id=830083 teams 2272/2272 matched, players 6276/6420 matched
2026-08-24 00:23:30,587 INFO ncaa_identity: contest_id=830151 teams 1260/2597 matched, players 3633/7340 matched
2026-08-24 00:23:33,467 INFO ncaa_identity: contest_id=830189 teams 2831/2831 matched, players 7664/7970 matched
2026-08-24 00:23:35,270 INFO ncaa_identity: contest_id=830226 teams 2680/2680 matched, players 6925/7558 matched
2026-08-24 00:23:36,687 INFO ncaa_identity: contest_id=830236 teams 2211/2211 matched, players 5669/6248 matched
2026-08-24 00:23:40,489 INFO ncaa_identity: contest_id=830375 teams 2201/2201 matched, players 5667/6208 matched
2026-08-24 00:23:43,191 INFO ncaa_identity: contest_id=830464 teams 2133/2133 matched, players 4558/5978 matched
2026-08-24 00:23:44,715 INFO ncaa_identity: contest_id=830481 teams 2620/2620 matched, players 6760/7384 matched
2026-08-24 00:23:51,569 INFO ncaa_identity: contest_id=830658 teams 2103/2103 matched, players 5138/5870 matched
2026-08-24 00:23:53,082 INFO ncaa_identity: contest_id=830692 teams 2297/2297 matched, players 6455/6495 matched
2026-08-24 00:23:57,549 INFO ncaa_identity: contest_id=830819 teams 1218/2454 matched, players 3204/6925 matched
2026-08-24 00:23:59,094 INFO ncaa_identity: contest_id=830842 teams 2111/2111 matched, players 5618/5959 matched
2026-08-24 00:24:00,387 INFO ncaa_identity: contest_id=830857 teams 1987/1987 matched, players 5388/5606 matched
2026-08-24 00:24:06,075 INFO ncaa_identity: contest_id=830943 teams 1854/1854 matched, players 5102/5249 matched
2026-08-24 00:24:08,890 INFO ncaa_identity: contest_id=831065 teams 2015/2015 matched, players 5463/5674 matched
2026-08-24 00:24:12,684 INFO ncaa_identity: contest_id=831129 teams 1043/2081 matched, players 2972/5868 matched
2026-08-24 00:24:18,490 INFO ncaa_identity: contest_id=831236 teams 2482/2482 matched, players 690/790 matched
2026-08-24 00:24:25,658 INFO ncaa_identity: contest_id=831347 teams 2202/2202 matched, players 5883/6224 matched
2026-08-24 00:24:27,309 INFO ncaa_identity: contest_id=831486 teams 2441/2441 matched, players 6677/6919 matched
2026-08-24 00:24:28,581 INFO ncaa_identity: contest_id=831518 teams 2263/2263 matched, players 6112/6371 matched
2026-08-24 00:24:31,554 INFO ncaa_identity: contest_id=831563 teams 2141/2141 matched, players 5514/6044 matched
2026-08-24 00:24:40,323 INFO ncaa_identity: contest_id=831769 teams 2620/2620 matched, players 7313/7433 matched
2026-08-24 00:24:43,298 INFO ncaa_identity: contest_id=831866 teams 2032/2032 matched, players 5200/5698 matched
2026-08-24 00:24:44,969 INFO ncaa_identity: contest_id=831904 teams 2383/2383 matched, players 6476/6752 matched
2026-08-24 00:24:51,880 INFO ncaa_identity: contest_id=832008 teams 2292/2292 matched, players 6218/6475 matched
2026-08-24 00:25:02,393 INFO ncaa_identity: contest_id=832231 teams 2115/2115 matched, players 5613/6000 matched
2026-08-24 00:25:08,033 INFO ncaa_identity: contest_id=832321 teams 2215/2215 matched, players 5815/6133 matched
2026-08-24 00:25:16,454 INFO ncaa_identity: contest_id=832486 teams 2697/2697 matched, players 7087/7607 matched
2026-08-24 00:25:19,222 INFO ncaa_identity: contest_id=832603 teams 2353/2353 matched, players 5973/6599 matched
2026-08-24 00:25:23,296 INFO ncaa_identity: contest_id=832674 teams 2471/2471 matched, players 6507/7006 matched
2026-08-24 00:25:24,777 INFO ncaa_identity: contest_id=832741 teams 2221/2221 matched, players 5720/6193 matched
2026-08-24 00:25:26,697 INFO ncaa_identity: contest_id=832783 teams 2541/2541 matched, players 7099/7191 matched
2026-08-24 00:25:28,103 INFO ncaa_identity: contest_id=832808 teams 2534/2534 matched, players 6717/7175 matched
2026-08-24 00:25:29,667 INFO ncaa_identity: contest_id=832832 teams 2094/2094 matched, players 5483/5885 matched
2026-08-24 00:25:32,244 INFO ncaa_identity: contest_id=832877 teams 2192/2192 matched, players 5976/6236 matched
2026-08-24 00:25:34,101 INFO ncaa_identity: contest_id=832960 teams 2756/2756 matched, players 7524/7753 matched
2026-08-24 00:25:37,926 INFO ncaa_identity: contest_id=833008 teams 1311/1311 matched, players 355/358 matched
2026-08-24 00:25:43,540 INFO ncaa_identity: contest_id=833164 teams 1840/1840 matched, players 5096/5129 matched
2026-08-24 00:25:44,639 INFO ncaa_identity: contest_id=833190 teams 2182/2182 matched, players 5711/6170 matched
2026-08-24 00:25:49,327 INFO ncaa_identity: contest_id=833251 teams 2344/2344 matched, players 6310/6638 matched
2026-08-24 00:25:52,350 INFO ncaa_identity: contest_id=833289 teams 1965/1965 matched, players 5440/5485 matched
2026-08-24 00:25:57,139 INFO ncaa_identity: contest_id=833365 teams 2704/2704 matched, players 7255/7628 matched
2026-08-24 00:25:58,584 INFO ncaa_identity: contest_id=833393 teams 2611/2611 matched, players 7218/7359 matched
2026-08-24 00:26:00,619 INFO ncaa_identity: contest_id=833410 teams 2552/2552 matched, players 6920/7222 matched
2026-08-24 00:26:08,228 INFO ncaa_identity: contest_id=833675 teams 2461/2461 matched, players 5786/6940 matched
2026-08-24 00:26:18,549 INFO ncaa_identity: contest_id=833899 teams 1955/1955 matched, players 5316/5534 matched
2026-08-24 00:26:21,261 INFO ncaa_identity: contest_id=833944 teams 955/1934 matched, players 2670/5435 matched
2026-08-24 00:26:29,361 INFO ncaa_identity: contest_id=834086 teams 1837/1837 matched, players 5035/5165 matched
2026-08-24 00:26:36,417 INFO ncaa_identity: contest_id=834292 teams 1760/1760 matched, players 4614/4942 matched
2026-08-24 00:26:45,394 INFO ncaa_identity: contest_id=834551 teams 1966/1966 matched, players 5091/5559 matched
2026-08-24 00:26:50,684 INFO ncaa_identity: contest_id=834591 teams 1974/1974 matched, players 5134/5557 matched
2026-08-24 00:26:54,223 INFO ncaa_identity: contest_id=834666 teams 2422/2422 matched, players 6752/6783 matched
2026-08-24 00:26:56,083 INFO ncaa_identity: contest_id=834689 teams 2439/2439 matched, players 5359/6865 matched
2026-08-24 00:27:01,758 INFO ncaa_identity: contest_id=834846 teams 2400/2400 matched, players 6672/6726 matched
2026-08-24 00:27:05,963 INFO 5 starters not found for period 3; using estimate
2026-08-24 00:27:11,632 INFO 5 starters not found for period 3; using estimate
2026-08-24 00:27:13,160 INFO ncaa_identity: contest_id=835014 teams 2361/2361 matched, players 6418/6627 matched
2026-08-24 00:27:19,945 INFO ncaa_identity: contest_id=835181 teams 1959/1959 matched, players 5425/5534 matched
2026-08-24 00:27:24,004 INFO ncaa_identity: contest_id=835232 teams 2176/2176 matched, players 5700/6113 matched
2026-08-24 00:27:29,909 INFO ncaa_identity: contest_id=835283 teams 2606/2606 matched, players 7117/7343 matched
2026-08-24 00:27:31,397 INFO 5 starters not found for period 3; using estimate
2026-08-24 00:27:31,397 INFO 5 starters not found for period 3; using estimate
2026-08-24 00:27:35,680 INFO ncaa_identity: contest_id=835332 teams 2209/2209 matched, players 6006/6231 matched
2026-08-24 00:27:37,062 INFO ncaa_identity: contest_id=835343 teams 2343/2343 matched, players 6573/6595 matched
2026-08-24 00:27:44,026 INFO ncaa_identity: contest_id=835527 teams 2500/2500 matched, players 6841/7046 matched
2026-08-24 00:27:50,785 INFO ncaa_identity: contest_id=835607 teams 1910/1910 matched, players 5230/5378 matched
2026-08-24 00:27:56,303 INFO ncaa_identity: contest_id=835692 teams 2091/2091 matched, players 5199/5897 matched
2026-08-24 00:27:57,721 INFO ncaa_identity: contest_id=835702 teams 1915/1915 matched, players 5046/5373 matched
2026-08-24 00:27:59,015 INFO ncaa_identity: contest_id=835712 teams 2277/2277 matched, players 6201/6420 matched
2026-08-24 00:28:05,988 INFO ncaa_identity: contest_id=835854 teams 2213/2213 matched, players 6058/6244 matched
2026-08-24 00:28:13,365 INFO ncaa_identity: contest_id=835904 teams 1960/1960 matched, players 5021/5501 matched
2026-08-24 00:28:14,902 INFO ncaa_identity: contest_id=835914 teams 2294/2294 matched, players 6357/6508 matched
2026-08-24 00:28:16,543 INFO ncaa_identity: contest_id=835937 teams 2193/2193 matched, players 6005/6139 matched
2026-08-24 00:28:17,900 INFO ncaa_identity: contest_id=835982 teams 2309/2309 matched, players 5943/6491 matched
2026-08-24 00:28:25,064 INFO ncaa_identity: contest_id=836059 teams 1836/1836 matched, players 4976/5168 matched
2026-08-24 00:28:30,251 INFO ncaa_identity: contest_id=836102 teams 2763/2763 matched, players 7333/7786 matched
2026-08-24 00:28:31,769 INFO ncaa_identity: contest_id=836113 teams 2270/2270 matched, players 6104/6391 matched
2026-08-24 00:28:51,625 INFO ncaa_identity: contest_id=836330 teams 2398/2398 matched, players 6643/6669 matched
2026-08-24 00:28:56,334 INFO ncaa_identity: contest_id=836362 teams 2168/2168 matched, players 5762/6085 matched
2026-08-24 00:29:08,952 INFO ncaa_identity: contest_id=836466 teams 2247/2247 matched, players 5987/6333 matched
2026-08-24 00:29:12,403 INFO ncaa_identity: contest_id=736177 teams 2507/2507 matched, players 6376/7029 matched
2026-08-24 00:29:13,861 INFO ncaa_identity: contest_id=736188 teams 2799/2799 matched, players 6949/7912 matched
2026-08-24 00:29:15,753 INFO ncaa_identity: contest_id=736199 teams 3174/3174 matched, players 8428/9019 matched
2026-08-24 00:29:17,597 INFO ncaa_identity: contest_id=736210 teams 1314/2614 matched, players 3411/7349 matched
2026-08-24 00:29:19,645 INFO ncaa_identity: contest_id=736221 teams 2740/2740 matched, players 7601/7736 matched
2026-08-24 00:29:20,954 INFO ncaa_identity: contest_id=736232 teams 1162/2220 matched, players 2864/6245 matched
2026-08-24 00:29:22,738 INFO ncaa_identity: contest_id=736242 teams 2686/2686 matched, players 7076/7590 matched
2026-08-24 00:29:25,354 INFO ncaa_identity: contest_id=736273 teams 1187/2237 matched, players 3165/6242 matched
2026-08-24 00:29:27,163 INFO ncaa_identity: contest_id=736293 teams 1201/2438 matched, players 3499/6871 matched
2026-08-24 00:29:28,619 INFO ncaa_identity: contest_id=736314 teams 1196/2374 matched, players 3329/6652 matched
2026-08-24 00:29:31,642 INFO ncaa_identity: contest_id=736373 teams 1816/1816 matched, players 682/736 matched
2026-08-24 00:29:33,555 INFO ncaa_identity: contest_id=736387 teams 1312/2599 matched, players 3683/7327 matched
2026-08-24 00:29:35,092 INFO ncaa_identity: contest_id=736402 teams 1269/2510 matched, players 2538/7064 matched
2026-08-24 00:29:36,564 INFO ncaa_identity: contest_id=736443 teams 1336/2771 matched, players 3870/7823 matched
2026-08-24 00:29:39,457 INFO ncaa_identity: contest_id=736506 teams 1086/2119 matched, players 399/801 matched
2026-08-24 00:29:41,125 INFO ncaa_identity: contest_id=736516 teams 2375/2375 matched, players 6147/6686 matched
2026-08-24 00:29:42,648 INFO ncaa_identity: contest_id=736531 teams 2322/2322 matched, players 5823/6528 matched
2026-08-24 00:29:44,012 INFO ncaa_identity: contest_id=736559 teams 2188/2188 matched, players 5289/6140 matched
2026-08-24 00:29:47,152 INFO ncaa_identity: contest_id=736580 teams 1299/2522 matched, players 3509/7063 matched
2026-08-24 00:29:48,866 INFO ncaa_identity: contest_id=736590 teams 2500/2500 matched, players 6814/7030 matched
2026-08-24 00:29:50,020 INFO ncaa_identity: contest_id=736603 teams 2191/2191 matched, players 5762/6158 matched
2026-08-24 00:29:51,828 INFO ncaa_identity: contest_id=736618 teams 1532/2881 matched, players 4057/8088 matched
2026-08-24 00:29:53,173 INFO ncaa_identity: contest_id=736639 teams 2119/2119 matched, players 5588/5955 matched
2026-08-24 00:29:56,587 INFO ncaa_identity: contest_id=736660 teams 2502/2502 matched, players 6419/7081 matched
2026-08-24 00:29:59,840 INFO ncaa_identity: contest_id=736687 teams 2204/2204 matched, players 717/797 matched
2026-08-24 00:30:01,297 INFO ncaa_identity: contest_id=736705 teams 1343/2619 matched, players 3685/7340 matched
2026-08-24 00:30:02,958 INFO ncaa_identity: contest_id=736728 teams 1195/2411 matched, players 3387/6788 matched
2026-08-24 00:30:06,049 INFO ncaa_identity: contest_id=736763 teams 2217/2217 matched, players 5821/6245 matched
2026-08-24 00:30:07,938 INFO ncaa_identity: contest_id=736788 teams 1370/2695 matched, players 3905/7610 matched
2026-08-24 00:30:09,843 INFO ncaa_identity: contest_id=736823 teams 1188/2453 matched, players 3448/6906 matched
2026-08-24 00:30:10,967 INFO ncaa_identity: contest_id=736844 teams 2025/2025 matched, players 5514/5715 matched
2026-08-24 00:30:12,502 INFO ncaa_identity: contest_id=736865 teams 1965/1965 matched, players 773/796 matched
2026-08-24 00:30:15,679 INFO ncaa_identity: contest_id=736923 teams 1344/2661 matched, players 3768/7517 matched
2026-08-24 00:30:17,078 INFO ncaa_identity: contest_id=736940 teams 2066/2066 matched, players 5528/5821 matched
2026-08-24 00:30:20,180 INFO ncaa_identity: contest_id=736983 teams 2488/2488 matched, players 6865/7030 matched
2026-08-24 00:30:21,736 INFO 5 starters not found for period 3; using estimate
2026-08-24 00:30:24,745 INFO ncaa_identity: contest_id=737113 teams 2134/2134 matched, players 5197/5999 matched
2026-08-24 00:30:26,747 INFO ncaa_identity: contest_id=737173 teams 2299/2299 matched, players 5968/6456 matched
2026-08-24 00:30:28,390 INFO ncaa_identity: contest_id=737208 teams 2911/2911 matched, players 7868/8188 matched
2026-08-24 00:30:29,992 INFO ncaa_identity: contest_id=737242 teams 2422/2422 matched, players 6744/6831 matched
2026-08-24 00:30:32,774 INFO ncaa_identity: contest_id=737289 teams 2352/2352 matched, players 6571/6573 matched
2026-08-24 00:30:35,680 INFO ncaa_identity: contest_id=737387 teams 1137/2274 matched, players 3263/6405 matched
2026-08-24 00:30:37,712 INFO ncaa_identity: contest_id=737530 teams 3109/3109 matched, players 8245/8770 matched
2026-08-24 00:30:42,073 INFO ncaa_identity: contest_id=737589 teams 1127/2179 matched, players 3103/6140 matched
2026-08-24 00:30:43,246 INFO ncaa_identity: contest_id=737602 teams 2427/2427 matched, players 6613/6830 matched
2026-08-24 00:30:44,455 INFO ncaa_identity: contest_id=737617 teams 1139/2162 matched, players 3137/6115 matched
2026-08-24 00:30:45,990 INFO ncaa_identity: contest_id=737640 teams 1086/2152 matched, players 3043/6011 matched
2026-08-24 00:30:51,412 INFO ncaa_identity: contest_id=737718 teams 2306/2306 matched, players 6379/6547 matched
2026-08-24 00:30:53,393 INFO ncaa_identity: contest_id=737730 teams 1452/2932 matched, players 4111/8288 matched
2026-08-24 00:30:57,584 INFO ncaa_identity: contest_id=737806 teams 2366/2366 matched, players 6067/6646 matched
2026-08-24 00:31:00,895 INFO ncaa_identity: contest_id=737898 teams 1115/2229 matched, players 3126/6247 matched
2026-08-24 00:31:02,438 INFO ncaa_identity: contest_id=737988 teams 1337/2656 matched, players 3268/7490 matched
2026-08-24 00:31:08,934 INFO ncaa_identity: contest_id=738066 teams 2509/2509 matched, players 6641/7065 matched
2026-08-24 00:31:11,548 INFO ncaa_identity: contest_id=738087 teams 2526/2526 matched, players 6907/7112 matched
2026-08-24 00:31:13,096 INFO ncaa_identity: contest_id=738110 teams 1313/2578 matched, players 3678/7276 matched
2026-08-24 00:31:14,946 INFO ncaa_identity: contest_id=738125 teams 1319/2565 matched, players 3274/7242 matched
2026-08-24 00:31:16,338 INFO ncaa_identity: contest_id=738136 teams 2108/2108 matched, players 5601/5916 matched
2026-08-24 00:31:17,978 INFO ncaa_identity: contest_id=738146 teams 2129/2129 matched, players 5779/5989 matched
2026-08-24 00:31:19,204 INFO ncaa_identity: contest_id=738161 teams 1712/1712 matched, players 4090/4800 matched
2026-08-24 00:31:20,644 INFO ncaa_identity: contest_id=738177 teams 2415/2415 matched, players 6619/6833 matched
2026-08-24 00:31:28,503 INFO ncaa_identity: contest_id=738315 teams 1987/1987 matched, players 5343/5588 matched
2026-08-24 00:31:36,100 INFO ncaa_identity: contest_id=738470 teams 1091/2212 matched, players 3033/6166 matched
2026-08-24 00:31:41,129 INFO ncaa_identity: contest_id=738577 teams 2446/2446 matched, players 6899/6919 matched
2026-08-24 00:31:42,954 INFO ncaa_identity: contest_id=738605 teams 2374/2374 matched, players 6496/6665 matched
2026-08-24 00:31:45,977 INFO ncaa_identity: contest_id=738672 teams 2387/2387 matched, players 6521/6712 matched
2026-08-24 00:31:48,138 INFO ncaa_identity: contest_id=738696 teams 2327/2327 matched, players 1021/1023 matched
2026-08-24 00:31:54,615 INFO ncaa_identity: contest_id=738826 teams 929/1840 matched, players 361/810 matched
2026-08-24 00:31:56,385 INFO ncaa_identity: contest_id=738884 teams 2816/2816 matched, players 6975/7977 matched
2026-08-24 00:31:59,334 INFO ncaa_identity: contest_id=738922 teams 2752/2752 matched, players 7546/7802 matched
2026-08-24 00:32:06,604 INFO ncaa_identity: contest_id=739038 teams 2893/2893 matched, players 6947/8163 matched
2026-08-24 00:32:09,655 INFO ncaa_identity: contest_id=739119 teams 2163/2163 matched, players 5926/6077 matched
2026-08-24 00:32:11,704 INFO ncaa_identity: contest_id=739138 teams 2181/2181 matched, players 6034/6124 matched
2026-08-24 00:32:20,104 INFO ncaa_identity: contest_id=739343 teams 2119/2119 matched, players 5521/5993 matched
2026-08-24 00:32:26,056 INFO ncaa_identity: contest_id=739437 teams 2379/2379 matched, players 6319/6694 matched
2026-08-24 00:32:29,720 INFO ncaa_identity: contest_id=739487 teams 2585/2585 matched, players 6948/7302 matched
2026-08-24 00:32:37,876 INFO ncaa_identity: contest_id=739762 teams 2294/2294 matched, players 6291/6498 matched
2026-08-24 00:32:47,532 INFO ncaa_identity: contest_id=739936 teams 1008/2000 matched, players 408/785 matched
2026-08-24 00:32:52,815 INFO ncaa_identity: contest_id=740020 teams 2021/2021 matched, players 5529/5674 matched
2026-08-24 00:32:54,367 INFO ncaa_identity: contest_id=740040 teams 2415/2415 matched, players 5717/6827 matched
2026-08-24 00:32:55,815 INFO ncaa_identity: contest_id=740070 teams 1111/2155 matched, players 3109/6030 matched
2026-08-24 00:32:57,524 INFO ncaa_identity: contest_id=740118 teams 2496/2496 matched, players 6441/6984 matched
2026-08-24 00:33:02,147 INFO ncaa_identity: contest_id=740256 teams 1345/2696 matched, players 3321/7589 matched
2026-08-24 00:33:03,553 INFO ncaa_identity: contest_id=740316 teams 2545/2545 matched, players 6815/7187 matched
2026-08-24 00:33:04,957 INFO ncaa_identity: contest_id=740337 teams 2047/2047 matched, players 5354/5774 matched
2026-08-24 00:33:08,348 INFO ncaa_identity: contest_id=740396 teams 2584/2584 matched, players 6901/7301 matched
2026-08-24 00:33:09,644 INFO ncaa_identity: contest_id=740416 teams 2391/2391 matched, players 6484/6753 matched
2026-08-24 00:33:11,609 INFO ncaa_identity: contest_id=740438 teams 2384/2384 matched, players 6683/6765 matched
2026-08-24 00:33:14,497 INFO ncaa_identity: contest_id=740474 teams 2180/2180 matched, players 5722/6127 matched
2026-08-24 00:33:16,379 INFO ncaa_identity: contest_id=740501 teams 2615/2615 matched, players 7241/7399 matched
2026-08-24 00:33:19,930 INFO ncaa_identity: contest_id=740651 teams 1009/2022 matched, players 2803/5686 matched
2026-08-24 00:33:27,772 INFO ncaa_identity: contest_id=740806 teams 2053/2053 matched, players 5682/5776 matched
2026-08-24 00:33:29,614 INFO ncaa_identity: contest_id=740829 teams 2588/2588 matched, players 6923/7338 matched
2026-08-24 00:33:30,990 INFO ncaa_identity: contest_id=740868 teams 1206/2340 matched, players 3335/6607 matched
2026-08-24 00:33:32,905 INFO ncaa_identity: contest_id=740885 teams 2721/2721 matched, players 7356/7617 matched
2026-08-24 00:33:37,785 INFO ncaa_identity: contest_id=740987 teams 2074/2074 matched, players 830/842 matched
2026-08-24 00:33:39,379 INFO ncaa_identity: contest_id=741003 teams 2288/2288 matched, players 5875/6436 matched
2026-08-24 00:33:42,671 INFO ncaa_identity: contest_id=741049 teams 2432/2432 matched, players 6543/6873 matched
2026-08-24 00:33:44,053 INFO ncaa_identity: contest_id=741072 teams 2274/2274 matched, players 6231/6444 matched
2026-08-24 00:33:47,497 INFO ncaa_identity: contest_id=741189 teams 2949/2949 matched, players 7907/8324 matched
2026-08-24 00:33:49,334 INFO ncaa_identity: contest_id=741207 teams 2639/2639 matched, players 5216/7478 matched
2026-08-24 00:33:50,889 INFO ncaa_identity: contest_id=741225 teams 1358/2592 matched, players 3435/7267 matched
2026-08-24 00:33:54,176 INFO ncaa_identity: contest_id=741274 teams 1067/2168 matched, players 2981/6023 matched
2026-08-24 00:33:59,143 INFO ncaa_identity: contest_id=741384 teams 2260/2260 matched, players 6012/6368 matched
2026-08-24 00:34:01,770 INFO ncaa_identity: contest_id=741417 teams 1799/1799 matched, players 4619/5061 matched
2026-08-24 00:34:04,819 INFO ncaa_identity: contest_id=741455 teams 2645/2645 matched, players 7243/7474 matched
2026-08-24 00:34:06,136 INFO ncaa_identity: contest_id=741501 teams 2048/2048 matched, players 4896/5755 matched
2026-08-24 00:34:07,998 INFO ncaa_identity: contest_id=741517 teams 2319/2319 matched, players 6405/6504 matched
2026-08-24 00:34:11,219 INFO ncaa_identity: contest_id=741548 teams 2386/2386 matched, players 6316/6697 matched
2026-08-24 00:34:12,803 INFO ncaa_identity: contest_id=741564 teams 2242/2242 matched, players 5858/6346 matched
2026-08-24 00:34:14,894 INFO ncaa_identity: contest_id=741592 teams 2637/2637 matched, players 7303/7445 matched
2026-08-24 00:34:16,292 INFO ncaa_identity: contest_id=741646 teams 2051/2051 matched, players 5205/5756 matched
2026-08-24 00:34:17,811 INFO ncaa_identity: contest_id=741660 teams 1095/2141 matched, players 3068/5976 matched
2026-08-24 00:34:23,392 INFO ncaa_identity: contest_id=741709 teams 1169/2314 matched, players 3201/6515 matched
2026-08-24 00:34:24,981 INFO ncaa_identity: contest_id=741723 teams 1198/2306 matched, players 3132/6433 matched
2026-08-24 00:34:27,512 INFO ncaa_identity: contest_id=741757 teams 2137/2137 matched, players 5645/6002 matched
2026-08-24 00:34:29,041 INFO ncaa_identity: contest_id=741769 teams 982/1925 matched, players 2716/5442 matched
2026-08-24 00:34:32,252 INFO ncaa_identity: contest_id=741790 teams 2362/2362 matched, players 6152/6665 matched
2026-08-24 00:34:34,145 INFO ncaa_identity: contest_id=741801 teams 2538/2538 matched, players 6842/7122 matched
2026-08-24 00:34:38,936 INFO ncaa_identity: contest_id=741837 teams 1571/3133 matched, players 4507/8859 matched
2026-08-24 00:34:42,345 INFO ncaa_identity: contest_id=741869 teams 2431/2431 matched, players 6700/6827 matched
2026-08-24 00:34:43,896 INFO ncaa_identity: contest_id=741879 teams 2541/2541 matched, players 6985/7160 matched
2026-08-24 00:34:48,876 INFO ncaa_identity: contest_id=741911 teams 2325/2325 matched, players 6165/6561 matched
2026-08-24 00:34:51,829 INFO ncaa_identity: contest_id=741941 teams 2194/2194 matched, players 5740/6186 matched
2026-08-24 00:34:53,332 INFO ncaa_identity: contest_id=741965 teams 1818/1818 matched, players 5012/5142 matched
2026-08-24 00:34:54,918 INFO ncaa_identity: contest_id=742000 teams 2135/2135 matched, players 5421/6036 matched
2026-08-24 00:34:56,477 INFO ncaa_identity: contest_id=742014 teams 2444/2444 matched, players 4286/6897 matched
2026-08-24 00:35:01,343 INFO ncaa_identity: contest_id=742054 teams 2407/2407 matched, players 6454/6763 matched
2026-08-24 00:35:07,924 INFO ncaa_identity: contest_id=742133 teams 1156/2161 matched, players 3119/6079 matched
2026-08-24 00:35:09,404 INFO ncaa_identity: contest_id=742201 teams 2315/2315 matched, players 6469/6519 matched
2026-08-24 00:35:11,111 INFO ncaa_identity: contest_id=742247 teams 1267/2547 matched, players 3515/7144 matched
2026-08-24 00:35:14,205 INFO ncaa_identity: contest_id=742304 teams 1239/2423 matched, players 3108/6825 matched
2026-08-24 00:35:15,805 INFO ncaa_identity: contest_id=742370 teams 1971/1971 matched, players 5414/5472 matched
2026-08-24 00:35:19,971 INFO ncaa_identity: contest_id=742411 teams 2293/2293 matched, players 5527/6469 matched
2026-08-24 00:35:21,180 INFO ncaa_identity: contest_id=742434 teams 1073/2048 matched, players 2981/5778 matched
2026-08-24 00:35:22,742 INFO ncaa_identity: contest_id=742461 teams 2118/2118 matched, players 5650/5968 matched
2026-08-24 00:35:25,856 INFO ncaa_identity: contest_id=742497 teams 2418/2418 matched, players 6731/6817 matched
2026-08-24 00:35:27,655 INFO ncaa_identity: contest_id=742514 teams 2461/2461 matched, players 6918/6985 matched
2026-08-24 00:35:29,179 INFO ncaa_identity: contest_id=742530 teams 2429/2429 matched, players 6313/6850 matched
2026-08-24 00:35:30,575 INFO ncaa_identity: contest_id=742549 teams 2220/2220 matched, players 5867/6260 matched
2026-08-24 00:35:42,352 INFO ncaa_identity: contest_id=742868 teams 2123/2123 matched, players 5931/5973 matched
2026-08-24 00:35:49,699 INFO ncaa_identity: contest_id=743000 teams 2305/2305 matched, players 6051/6462 matched
2026-08-24 00:35:51,036 INFO ncaa_identity: contest_id=743019 teams 2337/2337 matched, players 6529/6563 matched
2026-08-24 00:35:57,493 INFO ncaa_identity: contest_id=743110 teams 2251/2251 matched, players 6281/6301 matched
2026-08-24 00:36:00,673 INFO ncaa_identity: contest_id=743287 teams 2375/2375 matched, players 6317/6712 matched
2026-08-24 00:36:05,483 INFO ncaa_identity: contest_id=743353 teams 1880/1880 matched, players 5006/5305 matched
2026-08-24 00:36:06,740 INFO ncaa_identity: contest_id=743403 teams 2036/2036 matched, players 5273/5734 matched
2026-08-24 00:36:08,897 INFO ncaa_identity: contest_id=743438 teams 2765/2765 matched, players 7741/7812 matched
2026-08-24 00:36:10,283 INFO ncaa_identity: contest_id=743498 teams 2351/2351 matched, players 6598/6622 matched
2026-08-24 00:36:13,764 INFO ncaa_identity: contest_id=743543 teams 2137/2137 matched, players 5590/6010 matched
2026-08-24 00:36:16,844 INFO ncaa_identity: contest_id=743599 teams 2355/2355 matched, players 6554/6619 matched
2026-08-24 00:36:21,443 INFO ncaa_identity: contest_id=743717 teams 2278/2278 matched, players 6031/6380 matched
2026-08-24 00:36:23,044 INFO ncaa_identity: contest_id=743739 teams 2481/2481 matched, players 6711/7027 matched
2026-08-24 00:36:24,245 INFO ncaa_identity: contest_id=743757 teams 2024/2024 matched, players 5433/5679 matched
2026-08-24 00:36:25,624 INFO ncaa_identity: contest_id=743774 teams 1091/2108 matched, players 2795/5954 matched
2026-08-24 00:36:31,875 INFO ncaa_identity: contest_id=743975 teams 1979/1979 matched, players 5111/5560 matched
2026-08-24 00:36:33,374 INFO ncaa_identity: contest_id=743993 teams 2116/2116 matched, players 5684/5997 matched
2026-08-24 00:36:41,325 INFO ncaa_identity: contest_id=744122 teams 2435/2435 matched, players 6812/6849 matched
2026-08-24 00:36:46,621 INFO ncaa_identity: contest_id=744190 teams 2732/2732 matched, players 7507/7747 matched
2026-08-24 00:36:55,100 INFO ncaa_identity: contest_id=744410 teams 1107/2169 matched, players 3080/6086 matched
2026-08-24 00:37:01,165 INFO ncaa_identity: contest_id=744533 teams 2536/2536 matched, players 7010/7171 matched
2026-08-24 00:37:04,471 INFO ncaa_identity: contest_id=744655 teams 2548/2548 matched, players 5335/7222 matched
2026-08-24 00:37:09,252 INFO ncaa_identity: contest_id=744733 teams 2308/2308 matched, players 6010/6522 matched
2026-08-24 00:37:13,284 INFO ncaa_identity: contest_id=744840 teams 2298/2298 matched, players 6401/6453 matched
2026-08-24 00:37:19,453 INFO ncaa_identity: contest_id=744907 teams 2447/2447 matched, players 6112/6901 matched
2026-08-24 00:37:24,004 INFO ncaa_identity: contest_id=745070 teams 2052/2052 matched, players 5556/5771 matched
2026-08-24 00:37:25,512 INFO ncaa_identity: contest_id=745100 teams 2497/2497 matched, players 6600/7004 matched
2026-08-24 00:37:27,307 INFO ncaa_identity: contest_id=745121 teams 2455/2455 matched, players 6574/6915 matched
2026-08-24 00:37:28,670 INFO ncaa_identity: contest_id=745148 teams 2196/2196 matched, players 5548/6170 matched
2026-08-24 00:37:32,112 INFO ncaa_identity: contest_id=745200 teams 2397/2397 matched, players 6699/6756 matched
2026-08-24 00:37:36,882 INFO ncaa_identity: contest_id=745263 teams 2252/2252 matched, players 5864/6340 matched
2026-08-24 00:37:38,516 INFO ncaa_identity: contest_id=745284 teams 2403/2403 matched, players 6630/6741 matched
2026-08-24 00:37:39,891 INFO ncaa_identity: contest_id=745307 teams 2293/2293 matched, players 5938/6473 matched
2026-08-24 00:37:41,339 INFO ncaa_identity: contest_id=745323 teams 2155/2155 matched, players 5161/6078 matched
2026-08-24 00:37:43,185 INFO ncaa_identity: contest_id=745337 teams 2190/2190 matched, players 710/720 matched
2026-08-24 00:37:47,247 INFO ncaa_identity: contest_id=745544 teams 1875/1875 matched, players 4782/5278 matched
2026-08-24 00:37:48,668 INFO ncaa_identity: contest_id=745576 teams 2689/2689 matched, players 6959/7542 matched
2026-08-24 00:37:52,978 INFO ncaa_identity: contest_id=745707 teams 2251/2251 matched, players 6117/6314 matched
2026-08-24 00:37:56,242 INFO ncaa_identity: contest_id=745773 teams 2683/2683 matched, players 7142/7574 matched
2026-08-24 00:38:05,168 INFO ncaa_identity: contest_id=745957 teams 2228/2228 matched, players 5854/6267 matched
2026-08-24 00:38:11,208 INFO ncaa_identity: contest_id=746091 teams 2752/2752 matched, players 7762/7797 matched
2026-08-24 00:38:12,856 INFO ncaa_identity: contest_id=746145 teams 2221/2221 matched, players 6272/6279 matched
2026-08-24 00:38:13,983 INFO ncaa_identity: contest_id=746160 teams 2255/2255 matched, players 6246/6362 matched
2026-08-24 00:38:17,363 INFO ncaa_identity: contest_id=746213 teams 1268/2427 matched, players 3469/6837 matched
2026-08-24 00:38:22,201 INFO ncaa_identity: contest_id=746296 teams 2818/2818 matched, players 7707/7986 matched
2026-08-24 00:38:31,641 INFO ncaa_identity: contest_id=746335 teams 2216/2216 matched, players 6202/6229 matched
2026-08-24 00:38:44,058 INFO ncaa_identity: contest_id=746409 teams 1105/2199 matched, players 3105/6168 matched
2026-08-24 00:38:52,330 INFO ncaa_identity: contest_id=746534 teams 2359/2359 matched, players 6366/6667 matched
2026-08-24 00:39:04,929 INFO ncaa_identity: contest_id=746641 teams 2032/2032 matched, players 5089/5701 matched
2026-08-24 00:39:09,336 INFO ncaa_identity: contest_id=746662 teams 2318/2318 matched, players 6298/6503 matched
2026-08-24 00:39:20,638 INFO ncaa_identity: contest_id=746782 teams 2278/2278 matched, players 6095/6384 matched
2026-08-24 00:39:25,616 INFO ncaa_identity: contest_id=746801 teams 2727/2727 matched, players 7594/7654 matched
2026-08-24 00:40:09,289 INFO ncaa_identity: contest_id=747041 teams 1901/1901 matched, players 4922/5325 matched
2026-08-24 00:40:36,902 INFO ncaa_identity: contest_id=747320 teams 2503/2503 matched, players 6121/7121 matched
2026-08-24 00:40:45,749 INFO ncaa_identity: contest_id=747427 teams 2322/2322 matched, players 5180/6510 matched
2026-08-24 00:40:47,184 INFO ncaa_identity: contest_id=747459 teams 2170/2170 matched, players 5677/6124 matched
2026-08-24 00:40:48,780 INFO ncaa_identity: contest_id=747481 teams 2212/2212 matched, players 6236/6263 matched
2026-08-24 00:40:50,182 INFO ncaa_identity: contest_id=747497 teams 2110/2110 matched, players 5731/5946 matched
2026-08-24 00:40:54,828 INFO ncaa_identity: contest_id=747688 teams 1983/1983 matched, players 5256/5563 matched
2026-08-24 00:41:02,177 INFO ncaa_identity: contest_id=747794 teams 2101/2101 matched, players 5815/5936 matched
2026-08-24 00:41:03,407 INFO ncaa_identity: contest_id=747846 teams 2243/2243 matched, players 6022/6290 matched
2026-08-24 00:41:08,756 INFO ncaa_identity: contest_id=747939 teams 2259/2259 matched, players 5962/6345 matched
2026-08-24 00:41:10,698 INFO ncaa_identity: contest_id=747974 teams 1967/1967 matched, players 5533/5550 matched
2026-08-24 00:41:12,525 INFO ncaa_identity: contest_id=748058 teams 2664/2664 matched, players 6838/7480 matched
2026-08-24 00:41:14,042 INFO ncaa_identity: contest_id=748072 teams 2240/2240 matched, players 6207/6318 matched
2026-08-24 00:41:19,288 INFO ncaa_identity: contest_id=748119 teams 2222/2222 matched, players 6244/6256 matched
2026-08-24 00:41:21,025 INFO ncaa_identity: contest_id=748130 teams 2428/2428 matched, players 6391/6872 matched
2026-08-24 00:41:22,621 INFO ncaa_identity: contest_id=748165 teams 2228/2228 matched, players 5767/6302 matched
2026-08-24 00:41:24,491 INFO ncaa_identity: contest_id=748256 teams 2136/2136 matched, players 5355/5995 matched
2026-08-24 00:41:25,959 INFO ncaa_identity: contest_id=748281 teams 2427/2427 matched, players 6296/6865 matched
2026-08-24 00:41:27,335 INFO ncaa_identity: contest_id=748307 teams 1901/1901 matched, players 5040/5346 matched
2026-08-24 00:41:29,305 INFO ncaa_identity: contest_id=748324 teams 2249/2249 matched, players 6036/6309 matched
2026-08-24 00:41:35,090 INFO ncaa_identity: contest_id=748424 teams 1940/1940 matched, players 5186/5467 matched
2026-08-24 00:41:36,989 INFO ncaa_identity: contest_id=748441 teams 2535/2535 matched, players 6842/7123 matched
2026-08-24 00:41:46,731 INFO ncaa_identity: contest_id=748670 teams 2361/2361 matched, players 6336/6692 matched
2026-08-24 00:41:48,198 INFO ncaa_identity: contest_id=748689 teams 1390/2722 matched, players 3786/7659 matched
2026-08-24 00:41:49,813 INFO ncaa_identity: contest_id=748708 teams 2157/2157 matched, players 5687/6108 matched
2026-08-24 00:41:51,336 INFO ncaa_identity: contest_id=748749 teams 1977/1977 matched, players 5460/5554 matched
2026-08-24 00:41:52,595 INFO ncaa_identity: contest_id=748789 teams 2259/2259 matched, players 5909/6371 matched
2026-08-24 00:41:54,535 INFO ncaa_identity: contest_id=748836 teams 2478/2478 matched, players 6496/6986 matched
2026-08-24 00:41:55,962 INFO ncaa_identity: contest_id=748891 teams 2662/2662 matched, players 7475/7510 matched
2026-08-24 00:42:03,761 INFO ncaa_identity: contest_id=748997 teams 2006/2006 matched, players 5208/5642 matched
2026-08-24 00:42:06,746 INFO ncaa_identity: contest_id=749102 teams 2685/2685 matched, players 7228/7607 matched
2026-08-24 00:42:13,051 INFO ncaa_identity: contest_id=749158 teams 2260/2260 matched, players 5860/6361 matched
2026-08-24 00:42:17,432 INFO ncaa_identity: contest_id=749285 teams 2466/2466 matched, players 6591/6954 matched
2026-08-24 00:42:27,339 INFO ncaa_identity: contest_id=749467 teams 2263/2263 matched, players 6296/6373 matched
2026-08-24 00:42:28,739 INFO ncaa_identity: contest_id=749485 teams 2139/2139 matched, players 4352/6074 matched
2026-08-24 00:42:31,834 INFO ncaa_identity: contest_id=749528 teams 1141/2111 matched, players 3006/5872 matched
2026-08-24 00:42:36,829 INFO ncaa_identity: contest_id=749585 teams 2280/2280 matched, players 5923/6416 matched
2026-08-24 00:42:38,232 INFO ncaa_identity: contest_id=749669 teams 986/1955 matched, players 2777/5503 matched
2026-08-24 00:42:42,921 INFO ncaa_identity: contest_id=749808 teams 1908/1908 matched, players 5237/5354 matched
2026-08-24 00:42:44,335 INFO ncaa_identity: contest_id=749825 teams 2247/2247 matched, players 5823/6212 matched
2026-08-24 00:42:48,971 INFO ncaa_identity: contest_id=749881 teams 2159/2159 matched, players 5329/6061 matched
2026-08-24 00:42:54,752 INFO ncaa_identity: contest_id=750005 teams 2084/2084 matched, players 5471/5855 matched
2026-08-24 00:42:57,959 INFO ncaa_identity: contest_id=750071 teams 2442/2442 matched, players 6771/6889 matched
2026-08-24 00:42:59,629 INFO ncaa_identity: contest_id=750085 teams 2552/2552 matched, players 6680/7196 matched
2026-08-24 00:43:01,282 INFO ncaa_identity: contest_id=750105 teams 2203/2203 matched, players 5669/6194 matched
2026-08-24 00:43:02,531 INFO ncaa_identity: contest_id=750136 teams 2137/2137 matched, players 5606/6015 matched
2026-08-24 00:43:09,451 INFO ncaa_identity: contest_id=750351 teams 2282/2282 matched, players 6115/6452 matched
2026-08-24 00:43:10,955 INFO ncaa_identity: contest_id=750364 teams 2550/2550 matched, players 6609/7232 matched
2026-08-24 00:43:12,518 INFO ncaa_identity: contest_id=750384 teams 2390/2390 matched, players 6283/6778 matched
2026-08-24 00:43:16,974 INFO ncaa_identity: contest_id=750497 teams 2656/2656 matched, players 7450/7543 matched
2026-08-24 00:43:21,743 INFO ncaa_identity: contest_id=750527 teams 2936/2936 matched, players 8115/8284 matched
2026-08-24 00:43:24,593 INFO ncaa_identity: contest_id=750560 teams 2453/2453 matched, players 6876/6901 matched
2026-08-24 00:43:29,058 INFO ncaa_identity: contest_id=750637 teams 3050/3050 matched, players 8600/8635 matched
2026-08-24 00:43:30,468 INFO ncaa_identity: contest_id=750658 teams 2234/2234 matched, players 6113/6318 matched
2026-08-24 00:43:33,438 INFO ncaa_identity: contest_id=750709 teams 2192/2192 matched, players 6068/6120 matched
2026-08-24 00:43:35,197 INFO ncaa_identity: contest_id=750722 teams 2421/2421 matched, players 5223/6864 matched
2026-08-24 00:43:41,882 INFO ncaa_identity: contest_id=750818 teams 2419/2419 matched, players 6459/6819 matched
2026-08-24 00:43:50,578 INFO ncaa_identity: contest_id=750897 teams 2235/2235 matched, players 5789/6304 matched
2026-08-24 00:43:51,913 INFO ncaa_identity: contest_id=750955 teams 2305/2305 matched, players 6373/6501 matched
2026-08-24 00:43:53,343 INFO ncaa_identity: contest_id=750970 teams 2605/2605 matched, players 7266/7318 matched
2026-08-24 00:43:56,631 INFO ncaa_identity: contest_id=750991 teams 2361/2361 matched, players 6485/6617 matched
2026-08-24 00:43:59,848 INFO ncaa_identity: contest_id=751014 teams 2132/2132 matched, players 5936/6008 matched
2026-08-24 00:44:01,000 INFO ncaa_identity: contest_id=751025 teams 2122/2122 matched, players 5066/5997 matched
2026-08-24 00:44:08,009 INFO ncaa_identity: contest_id=751082 teams 2362/2362 matched, players 6201/6603 matched
2026-08-24 00:44:17,583 INFO ncaa_identity: contest_id=751279 teams 1971/1971 matched, players 5389/5545 matched
2026-08-24 00:44:18,956 INFO ncaa_identity: contest_id=751289 teams 2427/2427 matched, players 6354/6850 matched
2026-08-24 00:44:20,080 INFO ncaa_identity: contest_id=751315 teams 2263/2263 matched, players 6320/6402 matched
2026-08-24 00:44:21,615 INFO ncaa_identity: contest_id=751325 teams 2745/2745 matched, players 7674/7764 matched
2026-08-24 00:44:22,740 INFO ncaa_identity: contest_id=751335 teams 2179/2179 matched, players 5904/6129 matched
2026-08-24 00:44:24,312 INFO ncaa_identity: contest_id=751356 teams 2398/2398 matched, players 6640/6733 matched
2026-08-24 00:44:25,901 INFO ncaa_identity: contest_id=751369 teams 2779/2779 matched, players 7378/7837 matched
2026-08-24 00:44:30,071 INFO ncaa_identity: contest_id=751400 teams 2415/2415 matched, players 6542/6794 matched
2026-08-24 00:44:32,031 INFO ncaa_identity: contest_id=751434 teams 2653/2653 matched, players 7137/7510 matched
2026-08-24 00:44:33,641 INFO ncaa_identity: contest_id=751444 teams 2475/2475 matched, players 6481/7013 matched
2026-08-24 00:44:35,375 INFO ncaa_identity: contest_id=751478 teams 2256/2256 matched, players 6144/6390 matched
2026-08-24 00:44:38,326 INFO ncaa_identity: contest_id=751511 teams 2211/2211 matched, players 5888/6180 matched
2026-08-24 00:44:44,705 INFO ncaa_identity: contest_id=751551 teams 2184/2184 matched, players 5944/6163 matched
2026-08-24 00:44:47,420 INFO ncaa_identity: contest_id=751571 teams 2724/2724 matched, players 7217/7693 matched
2026-08-24 00:44:49,533 INFO ncaa_identity: contest_id=751603 teams 2724/2724 matched, players 7070/7660 matched
2026-08-24 00:44:52,264 INFO ncaa_identity: contest_id=751645 teams 2278/2278 matched, players 6314/6374 matched
2026-08-24 00:44:55,574 INFO ncaa_identity: contest_id=751668 teams 2541/2541 matched, players 6697/7127 matched
2026-08-24 00:44:56,745 INFO ncaa_identity: contest_id=751686 teams 2282/2282 matched, players 6422/6423 matched
2026-08-24 00:44:57,992 INFO ncaa_identity: contest_id=751696 teams 2191/2191 matched, players 5657/6175 matched
2026-08-24 00:45:03,449 INFO ncaa_identity: contest_id=751739 teams 2731/2731 matched, players 7660/7718 matched
2026-08-24 00:45:04,876 INFO ncaa_identity: contest_id=751752 teams 2318/2318 matched, players 6242/6556 matched
2026-08-24 00:45:09,247 INFO ncaa_identity: contest_id=751782 teams 2130/2130 matched, players 5650/6038 matched
2026-08-24 00:45:10,582 INFO ncaa_identity: contest_id=751792 teams 2061/2061 matched, players 4930/5791 matched
2026-08-24 00:45:11,167 WARNING ncaa_parse: family=lineups contest_id=751807 team=Colorado St. produced NO good stints (31 bad, roster=9) -- parsed successfully but contributed nothing
2026-08-24 00:45:11,741 WARNING ncaa_parse: family=lineups contest_id=751807 team=UNLV produced NO good stints (18 bad, roster=12) -- parsed successfully but contributed nothing
2026-08-24 00:45:12,193 INFO ncaa_identity: contest_id=751807 teams 2394/2394 matched, players 6227/6646 matched
2026-08-24 00:45:18,775 INFO ncaa_identity: contest_id=751882 teams 1937/1937 matched, players 5358/5404 matched
2026-08-24 00:45:20,103 INFO ncaa_identity: contest_id=751902 teams 2147/2147 matched, players 5972/6036 matched
2026-08-24 00:45:30,657 INFO ncaa_identity: contest_id=752014 teams 2706/2706 matched, players 7204/7670 matched
2026-08-24 00:45:33,269 INFO ncaa_identity: contest_id=752040 teams 2338/2338 matched, players 6377/6565 matched
2026-08-24 00:45:34,760 INFO ncaa_identity: contest_id=752050 teams 2503/2503 matched, players 7062/7103 matched
2026-08-24 00:45:35,918 INFO ncaa_identity: contest_id=752060 teams 2054/2054 matched, players 5309/5752 matched
2026-08-24 00:45:37,417 INFO ncaa_identity: contest_id=752074 teams 2218/2218 matched, players 5609/6225 matched
2026-08-24 00:45:39,893 INFO ncaa_identity: contest_id=752096 teams 2070/2070 matched, players 5288/5837 matched
2026-08-24 00:45:43,358 INFO ncaa_identity: contest_id=717523 teams 1220/2443 matched, players 3435/6859 matched
2026-08-24 00:45:47,778 INFO ncaa_identity: contest_id=717555 teams 2749/2749 matched, players 7482/7740 matched
2026-08-24 00:45:54,384 INFO ncaa_identity: contest_id=717597 teams 1176/2281 matched, players 3207/6401 matched
2026-08-24 00:45:56,247 INFO ncaa_identity: contest_id=717609 teams 1472/2771 matched, players 3649/7808 matched
2026-08-24 00:45:58,664 INFO ncaa_identity: contest_id=717645 teams 1374/2722 matched, players 3669/7697 matched
2026-08-24 00:46:00,529 INFO ncaa_identity: contest_id=717671 teams 2671/2671 matched, players 7059/7468 matched
2026-08-24 00:46:02,845 WARNING ncaa_parse: family=lineups contest_id=717719 team=Lamar University SKIPPED (1 parse error(s)): Duplicate players after widening: NimrodHilliard <- ['Hilliard, Nimrod', 'Hilliard, Nimrod'] (roster of 12)
2026-08-24 00:46:03,381 INFO ncaa_identity: contest_id=717719 teams 2149/2149 matched, players 5070/5980 matched
2026-08-24 00:46:06,191 INFO ncaa_identity: contest_id=717751 teams 2116/2116 matched, players 5913/5966 matched
2026-08-24 00:46:08,058 INFO ncaa_identity: contest_id=717790 teams 1294/2501 matched, players 3557/7072 matched
2026-08-24 00:46:09,649 INFO ncaa_identity: contest_id=717821 teams 2550/2550 matched, players 6944/7173 matched
2026-08-24 00:46:11,372 INFO ncaa_identity: contest_id=717875 teams 2195/2195 matched, players 6101/6132 matched
2026-08-24 00:46:13,111 INFO ncaa_identity: contest_id=717889 teams 2688/2688 matched, players 6930/7555 matched
2026-08-24 00:46:14,429 INFO ncaa_identity: contest_id=717908 teams 1081/2110 matched, players 2484/5925 matched
2026-08-24 00:46:16,595 INFO ncaa_identity: contest_id=717943 teams 2526/2526 matched, players 6409/7106 matched
2026-08-24 00:46:21,241 INFO ncaa_identity: contest_id=717976 teams 1212/2405 matched, players 3449/6821 matched
2026-08-24 00:46:22,837 INFO ncaa_identity: contest_id=717998 teams 1281/2540 matched, players 2443/7140 matched
2026-08-24 00:46:27,417 INFO ncaa_identity: contest_id=718033 teams 2443/2443 matched, players 6496/6883 matched
2026-08-24 00:46:28,630 INFO ncaa_identity: contest_id=718043 teams 2457/2457 matched, players 6908/6935 matched
2026-08-24 00:46:30,151 INFO ncaa_identity: contest_id=718054 teams 2817/2817 matched, players 7714/8031 matched
2026-08-24 00:46:33,291 INFO ncaa_identity: contest_id=718080 teams 2120/2120 matched, players 5131/5916 matched
2026-08-24 00:46:34,939 INFO ncaa_identity: contest_id=718115 teams 2578/2578 matched, players 7169/7286 matched
2026-08-24 00:46:36,537 INFO ncaa_identity: contest_id=718130 teams 2923/2923 matched, players 8054/8283 matched
2026-08-24 00:46:42,282 INFO ncaa_identity: contest_id=718170 teams 1738/3597 matched, players 4929/10259 matched
2026-08-24 00:46:43,695 INFO ncaa_identity: contest_id=718194 teams 1215/2383 matched, players 3435/6732 matched
2026-08-24 00:46:45,467 INFO ncaa_identity: contest_id=718213 teams 2810/2810 matched, players 6579/7909 matched
2026-08-24 00:46:46,732 INFO ncaa_identity: contest_id=718224 teams 2544/2544 matched, players 7104/7173 matched
2026-08-24 00:46:48,388 INFO ncaa_identity: contest_id=718238 teams 2491/2491 matched, players 6492/7025 matched
2026-08-24 00:46:49,436 INFO ncaa_identity: contest_id=718274 teams 2178/2178 matched, players 6119/6124 matched
2026-08-24 00:46:50,728 INFO ncaa_identity: contest_id=718301 teams 2596/2596 matched, players 7298/7321 matched
2026-08-24 00:46:55,725 INFO ncaa_identity: contest_id=718520 teams 2143/2143 matched, players 5597/6015 matched
2026-08-24 00:47:04,319 INFO ncaa_identity: contest_id=718813 teams 1328/2631 matched, players 3245/7431 matched
2026-08-24 00:47:05,848 INFO ncaa_identity: contest_id=718846 teams 2405/2405 matched, players 6635/6758 matched
2026-08-24 00:47:07,005 INFO ncaa_identity: contest_id=718859 teams 2243/2243 matched, players 6247/6303 matched
2026-08-24 00:47:09,973 INFO ncaa_identity: contest_id=718886 teams 2594/2594 matched, players 7271/7332 matched
2026-08-24 00:47:11,499 INFO ncaa_identity: contest_id=718923 teams 2381/2381 matched, players 5856/6742 matched
2026-08-24 00:47:12,821 INFO ncaa_identity: contest_id=718948 teams 1207/2432 matched, players 3366/6836 matched
2026-08-24 00:47:14,635 INFO ncaa_identity: contest_id=718962 teams 2495/2495 matched, players 6649/6994 matched
2026-08-24 00:47:17,673 INFO ncaa_identity: contest_id=718990 teams 1200/2381 matched, players 3280/6683 matched
2026-08-24 00:47:19,131 INFO ncaa_identity: contest_id=719015 teams 2310/2310 matched, players 6428/6468 matched
2026-08-24 00:47:20,648 INFO ncaa_identity: contest_id=719041 teams 2292/2292 matched, players 6384/6424 matched
2026-08-24 00:47:21,962 INFO ncaa_identity: contest_id=719065 teams 2511/2511 matched, players 7007/7068 matched
2026-08-24 00:47:23,544 INFO ncaa_identity: contest_id=719087 teams 2600/2600 matched, players 7239/7309 matched
2026-08-24 00:47:25,202 INFO ncaa_identity: contest_id=719133 teams 1184/2350 matched, players 3349/6590 matched
2026-08-24 00:47:26,415 INFO ncaa_identity: contest_id=719180 teams 1151/2304 matched, players 3262/6497 matched
2026-08-24 00:47:29,035 INFO ncaa_identity: contest_id=719235 teams 2951/2951 matched, players 8152/8348 matched
2026-08-24 00:47:31,894 INFO ncaa_identity: contest_id=719309 teams 1253/2457 matched, players 3139/6928 matched
2026-08-24 00:47:33,119 INFO ncaa_identity: contest_id=719359 teams 1064/2065 matched, players 2543/5755 matched
2026-08-24 00:47:35,002 INFO ncaa_identity: contest_id=719374 teams 3244/3244 matched, players 8573/9218 matched
2026-08-24 00:47:40,065 INFO ncaa_identity: contest_id=719454 teams 2473/2473 matched, players 6316/6891 matched
2026-08-24 00:47:41,785 INFO ncaa_identity: contest_id=719477 teams 2747/2747 matched, players 6527/7727 matched
2026-08-24 00:47:43,252 INFO ncaa_identity: contest_id=719493 teams 2764/2764 matched, players 7316/7724 matched
2026-08-24 00:47:46,080 INFO ncaa_identity: contest_id=719555 teams 2312/2312 matched, players 6471/6480 matched
2026-08-24 00:47:48,172 INFO ncaa_identity: contest_id=719580 teams 2328/2328 matched, players 6103/6586 matched
2026-08-24 00:47:50,755 INFO ncaa_identity: contest_id=719628 teams 2451/2451 matched, players 6480/6900 matched
2026-08-24 00:47:54,596 INFO ncaa_identity: contest_id=719694 teams 2890/2890 matched, players 7788/8108 matched
2026-08-24 00:47:56,079 INFO ncaa_identity: contest_id=719717 teams 937/1912 matched, players 2374/5401 matched
2026-08-24 00:47:57,459 INFO ncaa_identity: contest_id=719750 teams 2822/2822 matched, players 7457/7959 matched
2026-08-24 00:47:59,149 INFO ncaa_identity: contest_id=719831 teams 1117/2159 matched, players 3052/6086 matched
2026-08-24 00:48:02,232 INFO ncaa_identity: contest_id=719920 teams 2367/2367 matched, players 971/973 matched
2026-08-24 00:48:09,002 INFO ncaa_identity: contest_id=720034 teams 3129/3129 matched, players 8129/8879 matched
2026-08-24 00:48:10,175 INFO ncaa_identity: contest_id=720047 teams 1883/1883 matched, players 4944/5280 matched
2026-08-24 00:48:13,088 INFO ncaa_identity: contest_id=720087 teams 1246/2456 matched, players 3502/6951 matched
2026-08-24 00:48:15,868 INFO ncaa_identity: contest_id=720123 teams 1201/2460 matched, players 3419/6922 matched
2026-08-24 00:48:19,950 INFO ncaa_identity: contest_id=720199 teams 2346/2346 matched, players 6076/6609 matched
2026-08-24 00:48:21,732 INFO ncaa_identity: contest_id=720232 teams 2672/2672 matched, players 7516/7559 matched
2026-08-24 00:48:22,913 INFO ncaa_identity: contest_id=720278 teams 1082/2161 matched, players 3067/6096 matched
2026-08-24 00:48:24,280 INFO ncaa_identity: contest_id=720340 teams 1142/2246 matched, players 3149/6295 matched
2026-08-24 00:48:27,120 INFO ncaa_identity: contest_id=720368 teams 1242/2431 matched, players 3518/6880 matched
2026-08-24 00:48:28,611 INFO ncaa_identity: contest_id=720402 teams 1116/2225 matched, players 3101/6221 matched
2026-08-24 00:48:30,943 INFO ncaa_identity: contest_id=720434 teams 2055/2055 matched, players 5506/5799 matched
2026-08-24 00:48:33,725 INFO ncaa_identity: contest_id=720457 teams 2120/2120 matched, players 5807/5920 matched
2026-08-24 00:48:43,534 INFO ncaa_identity: contest_id=720577 teams 2421/2421 matched, players 6236/6825 matched
2026-08-24 00:48:46,921 INFO ncaa_identity: contest_id=720641 teams 1924/1924 matched, players 5331/5415 matched
2026-08-24 00:48:51,038 INFO ncaa_identity: contest_id=720730 teams 2329/2329 matched, players 5958/6516 matched
2026-08-24 00:48:52,135 INFO ncaa_identity: contest_id=720774 teams 934/1875 matched, players 2724/5314 matched
2026-08-24 00:48:54,963 INFO ncaa_identity: contest_id=720835 teams 1160/2359 matched, players 3374/6604 matched
2026-08-24 00:49:00,049 INFO ncaa_identity: contest_id=720936 teams 2039/2039 matched, players 768/770 matched
2026-08-24 00:49:02,675 INFO ncaa_identity: contest_id=720974 teams 2365/2365 matched, players 6279/6649 matched
2026-08-24 00:49:04,292 INFO ncaa_identity: contest_id=720990 teams 1020/2011 matched, players 2776/5592 matched
2026-08-24 00:49:08,178 INFO ncaa_identity: contest_id=721072 teams 2534/2534 matched, players 6664/7114 matched
2026-08-24 00:49:09,530 INFO ncaa_identity: contest_id=721102 teams 1185/2334 matched, players 2950/6608 matched
2026-08-24 00:49:13,683 INFO ncaa_identity: contest_id=721193 teams 2441/2441 matched, players 6421/6858 matched
2026-08-24 00:49:18,042 INFO ncaa_identity: contest_id=721283 teams 1388/2566 matched, players 3744/7238 matched
2026-08-24 00:49:19,538 INFO ncaa_identity: contest_id=721329 teams 1276/2459 matched, players 3494/6923 matched
2026-08-24 00:49:21,216 INFO ncaa_identity: contest_id=721373 teams 1159/2317 matched, players 3244/6465 matched
2026-08-24 00:49:22,617 INFO ncaa_identity: contest_id=721401 teams 2028/2028 matched, players 5675/5696 matched
2026-08-24 00:49:23,904 INFO ncaa_identity: contest_id=721463 teams 2621/2621 matched, players 7214/7377 matched
2026-08-24 00:49:25,379 INFO ncaa_identity: contest_id=721517 teams 2299/2299 matched, players 6101/6502 matched
2026-08-24 00:49:26,644 INFO ncaa_identity: contest_id=721540 teams 1976/1976 matched, players 5020/5562 matched
2026-08-24 00:49:29,662 INFO ncaa_identity: contest_id=721584 teams 2128/2128 matched, players 5290/5981 matched
2026-08-24 00:49:30,779 INFO ncaa_identity: contest_id=721602 teams 2227/2227 matched, players 5406/6245 matched
2026-08-24 00:49:32,024 INFO ncaa_identity: contest_id=721631 teams 2376/2376 matched, players 6186/6674 matched
2026-08-24 00:49:36,513 INFO ncaa_identity: contest_id=721705 teams 2277/2277 matched, players 6315/6457 matched
2026-08-24 00:49:38,917 INFO ncaa_identity: contest_id=721861 teams 1139/2286 matched, players 3258/6452 matched
2026-08-24 00:49:43,646 INFO ncaa_identity: contest_id=721944 teams 1451/2855 matched, players 4077/8077 matched
2026-08-24 00:49:46,216 INFO ncaa_identity: contest_id=722009 teams 2341/2341 matched, players 6260/6618 matched
2026-08-24 00:49:47,856 INFO ncaa_identity: contest_id=722026 teams 2308/2308 matched, players 6408/6513 matched
2026-08-24 00:49:49,384 INFO ncaa_identity: contest_id=722062 teams 1509/2975 matched, players 4243/8401 matched
2026-08-24 00:49:50,660 INFO ncaa_identity: contest_id=722093 teams 2493/2493 matched, players 6579/6997 matched
2026-08-24 00:49:51,766 INFO ncaa_identity: contest_id=722126 teams 1101/2209 matched, players 3120/6183 matched
2026-08-24 00:49:52,927 INFO ncaa_identity: contest_id=722182 teams 2481/2481 matched, players 6118/7021 matched
2026-08-24 00:49:54,457 INFO ncaa_identity: contest_id=722240 teams 2278/2278 matched, players 6192/6408 matched
2026-08-24 00:49:55,478 INFO ncaa_identity: contest_id=722256 teams 2111/2111 matched, players 5805/5928 matched
2026-08-24 00:50:01,437 INFO ncaa_identity: contest_id=722333 teams 2722/2722 matched, players 7341/7641 matched
2026-08-24 00:50:02,672 INFO ncaa_identity: contest_id=722358 teams 2173/2173 matched, players 6104/6106 matched
2026-08-24 00:50:04,393 INFO ncaa_identity: contest_id=722437 teams 1275/2543 matched, players 3575/7198 matched
2026-08-24 00:50:07,052 INFO ncaa_identity: contest_id=722498 teams 2507/2507 matched, players 6661/7068 matched
2026-08-24 00:50:08,714 INFO ncaa_identity: contest_id=722515 teams 2423/2423 matched, players 6387/6775 matched
2026-08-24 00:50:08,927 WARNING ncaa_parse: family=lineups contest_id=722525 team=Lamar University SKIPPED (1 parse error(s)): Duplicate players after widening: NimrodHilliard <- ['Hilliard, Nimrod', 'Hilliard, Nimrod'] (roster of 10)
2026-08-24 00:50:09,735 WARNING ncaa_parse: family=shots contest_id=722525 team=Lamar University SKIPPED (1 parse error(s)): Duplicate players after widening: NimrodHilliard <- ['Hilliard, Nimrod', 'Hilliard, Nimrod'] (roster of 10)
2026-08-24 00:50:09,844 INFO ncaa_identity: contest_id=722525 teams 2284/2284 matched, players 5283/6431 matched
2026-08-24 00:50:11,700 INFO ncaa_identity: contest_id=722546 teams 2713/2713 matched, players 3977/7633 matched
2026-08-24 00:50:14,625 INFO ncaa_identity: contest_id=722614 teams 1173/2338 matched, players 3096/6610 matched
2026-08-24 00:50:17,676 INFO ncaa_identity: contest_id=722667 teams 2474/2474 matched, players 6931/6989 matched
2026-08-24 00:50:20,723 INFO ncaa_identity: contest_id=722714 teams 1252/2445 matched, players 3138/6836 matched
2026-08-24 00:50:24,854 INFO ncaa_identity: contest_id=722783 teams 2591/2591 matched, players 6748/7297 matched
2026-08-24 00:50:26,610 INFO ncaa_identity: contest_id=722800 teams 3177/3177 matched, players 8478/8974 matched
2026-08-24 00:50:27,736 INFO ncaa_identity: contest_id=722835 teams 1126/2209 matched, players 3127/6217 matched
2026-08-24 00:50:29,154 INFO ncaa_identity: contest_id=722877 teams 2882/2882 matched, players 7938/8163 matched
2026-08-24 00:50:32,128 INFO ncaa_identity: contest_id=722923 teams 1451/2876 matched, players 4093/8093 matched
2026-08-24 00:50:34,946 INFO ncaa_identity: contest_id=722987 teams 1011/1953 matched, players 390/709 matched
2026-08-24 00:50:37,654 INFO ncaa_identity: contest_id=723026 teams 3242/3242 matched, players 8713/9181 matched
2026-08-24 00:50:39,176 INFO ncaa_identity: contest_id=723043 teams 1338/2665 matched, players 3796/7464 matched
2026-08-24 00:50:46,024 INFO ncaa_identity: contest_id=723156 teams 1253/2440 matched, players 3488/6918 matched
2026-08-24 00:50:51,668 INFO ncaa_identity: contest_id=723240 teams 2493/2493 matched, players 6812/6965 matched
2026-08-24 00:50:53,795 INFO ncaa_identity: contest_id=723263 teams 947/1853 matched, players 2595/5215 matched
2026-08-24 00:50:57,716 INFO ncaa_identity: contest_id=723320 teams 2157/2157 matched, players 5575/6013 matched
2026-08-24 00:50:59,063 INFO ncaa_identity: contest_id=723330 teams 2251/2251 matched, players 5752/6283 matched
2026-08-24 00:51:00,327 INFO ncaa_identity: contest_id=723340 teams 2654/2654 matched, players 7293/7478 matched
2026-08-24 00:51:01,911 INFO ncaa_identity: contest_id=723353 teams 1408/2695 matched, players 3817/7583 matched
2026-08-24 00:51:03,054 INFO ncaa_identity: contest_id=723372 teams 2290/2290 matched, players 6202/6460 matched
2026-08-24 00:51:04,419 INFO ncaa_identity: contest_id=723382 teams 2616/2616 matched, players 6931/7404 matched
2026-08-24 00:51:05,805 INFO ncaa_identity: contest_id=723392 teams 2213/2213 matched, players 5865/6231 matched
2026-08-24 00:51:08,871 INFO ncaa_identity: contest_id=723412 teams 2665/2665 matched, players 7011/7537 matched
2026-08-24 00:51:10,223 INFO ncaa_identity: contest_id=723428 teams 1231/2435 matched, players 3465/6848 matched
2026-08-24 00:51:11,847 INFO ncaa_identity: contest_id=723442 teams 2614/2614 matched, players 3995/7415 matched
2026-08-24 00:51:13,236 INFO ncaa_identity: contest_id=723472 teams 2339/2339 matched, players 6447/6621 matched
2026-08-24 00:51:14,670 INFO ncaa_identity: contest_id=723484 teams 2692/2692 matched, players 7465/7570 matched
2026-08-24 00:51:20,001 INFO ncaa_identity: contest_id=723584 teams 1886/1886 matched, players 644/650 matched
2026-08-24 00:51:23,776 INFO ncaa_identity: contest_id=723632 teams 1217/2352 matched, players 3337/6566 matched
2026-08-24 00:51:25,066 INFO ncaa_identity: contest_id=723653 teams 1163/2376 matched, players 3313/6714 matched
2026-08-24 00:51:26,232 INFO ncaa_identity: contest_id=723698 teams 2600/2600 matched, players 6749/7323 matched
2026-08-24 00:51:27,935 INFO ncaa_identity: contest_id=723710 teams 2513/2513 matched, players 6602/7033 matched
2026-08-24 00:51:29,253 INFO ncaa_identity: contest_id=723725 teams 1145/2231 matched, players 3099/6227 matched
2026-08-24 00:51:34,789 INFO ncaa_identity: contest_id=723805 teams 2903/2903 matched, players 7712/8185 matched
2026-08-24 00:51:37,534 INFO ncaa_identity: contest_id=723834 teams 2603/2603 matched, players 7007/7348 matched
2026-08-24 00:51:40,214 INFO ncaa_identity: contest_id=723859 teams 2231/2231 matched, players 5878/6289 matched
2026-08-24 00:51:41,594 INFO ncaa_identity: contest_id=723907 teams 1162/2315 matched, players 3284/6505 matched
2026-08-24 00:51:42,713 INFO ncaa_identity: contest_id=723951 teams 2472/2472 matched, players 6424/6959 matched
2026-08-24 00:51:55,279 INFO ncaa_identity: contest_id=724199 teams 2194/2194 matched, players 6106/6179 matched
2026-08-24 00:51:57,833 INFO ncaa_identity: contest_id=724297 teams 1131/2222 matched, players 3109/6207 matched
2026-08-24 00:51:58,898 INFO ncaa_identity: contest_id=724395 teams 1027/2027 matched, players 2873/5718 matched
2026-08-24 00:52:00,543 INFO ncaa_identity: contest_id=724423 teams 3069/3069 matched, players 8394/8693 matched
2026-08-24 00:52:01,987 INFO ncaa_identity: contest_id=724439 teams 2620/2620 matched, players 7312/7392 matched
2026-08-24 00:52:15,687 INFO ncaa_identity: contest_id=724820 teams 2620/2620 matched, players 7286/7372 matched
2026-08-24 00:52:17,121 INFO ncaa_identity: contest_id=724836 teams 2528/2528 matched, players 6631/7116 matched
2026-08-24 00:52:18,615 INFO ncaa_identity: contest_id=724854 teams 2976/2976 matched, players 8302/8377 matched
2026-08-24 00:52:25,623 INFO ncaa_identity: contest_id=725016 teams 2155/2155 matched, players 986/988 matched
2026-08-24 00:52:27,113 INFO ncaa_identity: contest_id=725074 teams 1808/1808 matched, players 518/564 matched
2026-08-24 00:52:28,516 INFO ncaa_identity: contest_id=725095 teams 2348/2348 matched, players 6650/6658 matched
2026-08-24 00:52:31,113 INFO ncaa_identity: contest_id=725145 teams 2288/2288 matched, players 5264/6419 matched
2026-08-24 00:52:34,028 INFO ncaa_identity: contest_id=725206 teams 2136/2136 matched, players 5524/5977 matched
2026-08-24 00:52:35,379 INFO ncaa_identity: contest_id=725223 teams 2630/2630 matched, players 6969/7463 matched
2026-08-24 00:52:36,912 INFO ncaa_identity: contest_id=725241 teams 2532/2532 matched, players 6840/7195 matched
2026-08-24 00:52:38,130 INFO ncaa_identity: contest_id=725266 teams 2399/2399 matched, players 6318/6739 matched
2026-08-24 00:52:43,243 INFO ncaa_identity: contest_id=725397 teams 2424/2424 matched, players 6764/6850 matched
2026-08-24 00:52:48,361 INFO ncaa_identity: contest_id=725569 teams 2610/2610 matched, players 6555/7373 matched
2026-08-24 00:52:49,887 INFO ncaa_identity: contest_id=725591 teams 2140/2140 matched, players 5703/5944 matched
2026-08-24 00:52:54,880 INFO ncaa_identity: contest_id=725748 teams 2188/2188 matched, players 5709/6174 matched
2026-08-24 00:53:02,736 INFO ncaa_identity: contest_id=725942 teams 2007/2007 matched, players 5474/5645 matched
2026-08-24 00:53:06,903 INFO ncaa_identity: contest_id=725981 teams 2083/2083 matched, players 5692/5902 matched
2026-08-24 00:53:08,028 INFO ncaa_identity: contest_id=726030 teams 2062/2062 matched, players 5482/5825 matched
2026-08-24 00:53:09,213 INFO ncaa_identity: contest_id=726087 teams 2328/2328 matched, players 6247/6605 matched
2026-08-24 00:53:11,746 INFO ncaa_identity: contest_id=726174 teams 2549/2549 matched, players 7060/7170 matched
2026-08-24 00:53:15,523 INFO ncaa_identity: contest_id=726234 teams 2186/2186 matched, players 5324/6179 matched
2026-08-24 00:53:16,891 INFO ncaa_identity: contest_id=726251 teams 2558/2558 matched, players 6579/7227 matched
2026-08-24 00:53:22,721 INFO ncaa_identity: contest_id=726354 teams 2384/2384 matched, players 6591/6719 matched
2026-08-24 00:53:30,332 INFO ncaa_identity: contest_id=726629 teams 2426/2426 matched, players 6427/6821 matched
2026-08-24 00:53:34,538 INFO ncaa_identity: contest_id=726716 teams 2554/2554 matched, players 7034/7207 matched
2026-08-24 00:53:36,826 INFO ncaa_identity: contest_id=726789 teams 2126/2126 matched, players 5693/5989 matched
2026-08-24 00:53:45,430 INFO ncaa_identity: contest_id=726988 teams 2158/2158 matched, players 5866/6065 matched
2026-08-24 00:53:49,470 INFO ncaa_identity: contest_id=727032 teams 2310/2310 matched, players 5800/6467 matched
2026-08-24 00:53:50,977 INFO ncaa_identity: contest_id=727076 teams 2687/2687 matched, players 7170/7619 matched
2026-08-24 00:53:51,965 INFO ncaa_identity: contest_id=727142 teams 2156/2156 matched, players 5807/6071 matched
2026-08-24 00:53:57,075 INFO ncaa_identity: contest_id=727300 teams 2275/2275 matched, players 6071/6407 matched
2026-08-24 00:53:59,790 INFO ncaa_identity: contest_id=727354 teams 2609/2609 matched, players 6284/7294 matched
2026-08-24 00:54:01,445 INFO ncaa_identity: contest_id=727370 teams 2878/2878 matched, players 7403/8125 matched
2026-08-24 00:54:12,562 INFO ncaa_identity: contest_id=727651 teams 2323/2323 matched, players 5964/6449 matched
2026-08-24 00:54:15,254 INFO ncaa_identity: contest_id=727684 teams 2340/2340 matched, players 6504/6538 matched
2026-08-24 00:54:16,703 INFO ncaa_identity: contest_id=727708 teams 2442/2442 matched, players 6270/6826 matched
2026-08-24 00:54:24,371 INFO ncaa_identity: contest_id=727918 teams 2376/2376 matched, players 6228/6677 matched
2026-08-24 00:54:28,422 INFO ncaa_identity: contest_id=728018 teams 2292/2292 matched, players 6047/6497 matched
2026-08-24 00:54:30,028 INFO ncaa_identity: contest_id=728040 teams 2505/2505 matched, players 6995/7020 matched
2026-08-24 00:54:32,681 INFO ncaa_identity: contest_id=728065 teams 2692/2692 matched, players 6553/7602 matched
2026-08-24 00:54:33,915 INFO ncaa_identity: contest_id=728106 teams 2759/2759 matched, players 7820/7845 matched
2026-08-24 00:54:36,795 INFO ncaa_identity: contest_id=728222 teams 2452/2452 matched, players 6115/6872 matched
2026-08-24 00:54:38,158 INFO ncaa_identity: contest_id=728253 teams 2116/2116 matched, players 5820/5988 matched
2026-08-24 00:54:43,562 INFO ncaa_identity: contest_id=728338 teams 2378/2378 matched, players 6533/6681 matched
2026-08-24 00:54:46,543 INFO ncaa_identity: contest_id=728381 teams 2254/2254 matched, players 6245/6335 matched
2026-08-24 00:54:47,862 INFO ncaa_identity: contest_id=728402 teams 2515/2515 matched, players 7042/7063 matched
2026-08-24 00:54:49,319 INFO ncaa_identity: contest_id=728415 teams 2180/2180 matched, players 5731/6043 matched
2026-08-24 00:54:51,817 INFO ncaa_identity: contest_id=728461 teams 2508/2508 matched, players 6917/7086 matched
2026-08-24 00:54:59,402 INFO ncaa_identity: contest_id=728718 teams 2721/2721 matched, players 7034/7655 matched
2026-08-24 00:55:01,725 INFO ncaa_identity: contest_id=728760 teams 1996/1996 matched, players 4864/5608 matched
2026-08-24 00:55:03,118 INFO ncaa_identity: contest_id=728804 teams 2453/2453 matched, players 6251/6917 matched
2026-08-24 00:55:07,531 INFO ncaa_identity: contest_id=728900 teams 2187/2187 matched, players 6043/6141 matched
2026-08-24 00:55:14,642 INFO ncaa_identity: contest_id=729044 teams 1309/2639 matched, players 3494/7463 matched
2026-08-24 00:55:17,738 INFO ncaa_identity: contest_id=729087 teams 2350/2350 matched, players 6105/6622 matched
2026-08-24 00:55:19,978 INFO ncaa_identity: contest_id=729150 teams 1049/2116 matched, players 3002/5984 matched
2026-08-24 00:55:22,888 INFO ncaa_identity: contest_id=729251 teams 2217/2217 matched, players 5814/6277 matched
2026-08-24 00:55:25,458 INFO ncaa_identity: contest_id=729327 teams 2119/2119 matched, players 5105/5971 matched
2026-08-24 00:55:26,629 INFO ncaa_identity: contest_id=729353 teams 2188/2188 matched, players 5648/6140 matched
2026-08-24 00:55:28,064 INFO ncaa_identity: contest_id=729378 teams 2514/2514 matched, players 6434/7100 matched
2026-08-24 00:55:34,197 INFO ncaa_identity: contest_id=729498 teams 1075/2059 matched, players 2978/5834 matched
2026-08-24 00:55:35,703 INFO ncaa_identity: contest_id=729522 teams 2272/2272 matched, players 6011/6372 matched
2026-08-24 00:55:38,363 INFO ncaa_identity: contest_id=729563 teams 2404/2404 matched, players 6482/6787 matched
2026-08-24 00:55:45,670 INFO ncaa_identity: contest_id=729820 teams 2256/2256 matched, players 5821/6371 matched
2026-08-24 00:55:46,695 INFO ncaa_identity: contest_id=729860 teams 2203/2203 matched, players 5888/6220 matched
2026-08-24 00:55:47,684 INFO ncaa_identity: contest_id=729918 teams 1783/1783 matched, players 653/683 matched
2026-08-24 00:55:49,733 INFO ncaa_identity: contest_id=729936 teams 2613/2613 matched, players 7337/7394 matched
2026-08-24 00:55:52,425 INFO ncaa_identity: contest_id=730010 teams 2538/2538 matched, players 7090/7187 matched
2026-08-24 00:55:56,797 INFO ncaa_identity: contest_id=730118 teams 2125/2125 matched, players 5396/5959 matched
2026-08-24 00:55:59,615 INFO ncaa_identity: contest_id=730148 teams 2606/2606 matched, players 7045/7394 matched
2026-08-24 00:56:03,648 INFO ncaa_identity: contest_id=730226 teams 2687/2687 matched, players 6975/7589 matched
2026-08-24 00:56:07,924 INFO ncaa_identity: contest_id=730353 teams 2268/2268 matched, players 6305/6382 matched
2026-08-24 00:56:10,382 INFO ncaa_identity: contest_id=730397 teams 2039/2039 matched, players 5249/5771 matched
2026-08-24 00:56:14,464 INFO ncaa_identity: contest_id=730466 teams 2327/2327 matched, players 6080/6571 matched
2026-08-24 00:56:15,573 INFO ncaa_identity: contest_id=730483 teams 2064/2064 matched, players 5616/5712 matched
2026-08-24 00:56:18,583 INFO ncaa_identity: contest_id=730529 teams 2406/2406 matched, players 6404/6779 matched
2026-08-24 00:56:25,195 INFO ncaa_identity: contest_id=730777 teams 2521/2521 matched, players 7069/7111 matched
2026-08-24 00:56:33,519 INFO ncaa_identity: contest_id=730967 teams 2208/2208 matched, players 5704/6234 matched
2026-08-24 00:56:41,960 INFO ncaa_identity: contest_id=731203 teams 2331/2331 matched, players 6487/6596 matched
2026-08-24 00:56:47,121 INFO ncaa_identity: contest_id=731248 teams 2179/2179 matched, players 5829/6164 matched
2026-08-24 00:56:51,709 INFO ncaa_identity: contest_id=731259 teams 2189/2189 matched, players 6123/6140 matched
2026-08-24 00:57:01,090 INFO ncaa_identity: contest_id=731343 teams 2721/2721 matched, players 7268/7622 matched
2026-08-24 00:57:13,064 INFO ncaa_identity: contest_id=731456 teams 2138/2138 matched, players 6014/6017 matched
2026-08-24 00:57:28,502 INFO ncaa_identity: contest_id=731556 teams 2691/2691 matched, players 7501/7611 matched
2026-08-24 00:57:35,962 INFO ncaa_identity: contest_id=731606 teams 2318/2318 matched, players 5997/6505 matched
2026-08-24 00:57:45,732 INFO ncaa_identity: contest_id=731638 teams 2747/2747 matched, players 7359/7748 matched
2026-08-24 00:57:48,717 INFO ncaa_identity: contest_id=731665 teams 1885/1885 matched, players 4794/5291 matched
2026-08-24 00:57:52,405 INFO ncaa_identity: contest_id=731775 teams 1176/2335 matched, players 3304/6570 matched
2026-08-24 00:58:00,695 INFO ncaa_identity: contest_id=731865 teams 2357/2357 matched, players 6246/6659 matched
2026-08-24 00:58:33,466 INFO ncaa_identity: contest_id=732069 teams 2702/2702 matched, players 7100/7645 matched
2026-08-24 00:58:40,510 INFO ncaa_identity: contest_id=732102 teams 1071/2189 matched, players 3109/6177 matched
2026-08-24 00:58:51,196 INFO ncaa_identity: contest_id=732181 teams 2105/2105 matched, players 5490/5935 matched
2026-08-24 00:58:55,301 INFO ncaa_identity: contest_id=732194 teams 2438/2438 matched, players 6232/6851 matched
2026-08-24 00:59:03,344 INFO ncaa_identity: contest_id=732217 teams 2142/2142 matched, players 5521/6036 matched
2026-08-24 00:59:06,869 INFO ncaa_identity: contest_id=732238 teams 2334/2334 matched, players 6227/6573 matched
2026-08-24 00:59:14,430 INFO ncaa_identity: contest_id=732378 teams 2334/2334 matched, players 5585/6538 matched
2026-08-24 00:59:18,138 INFO ncaa_identity: contest_id=732390 teams 1994/1994 matched, players 5463/5608 matched
2026-08-24 00:59:27,430 INFO ncaa_identity: contest_id=732415 teams 2193/2193 matched, players 5968/6151 matched
2026-08-24 00:59:35,916 INFO ncaa_identity: contest_id=732440 teams 2400/2400 matched, players 6307/6787 matched
2026-08-24 00:59:47,194 INFO ncaa_identity: contest_id=732473 teams 2442/2442 matched, players 6722/6855 matched
2026-08-24 01:00:03,382 INFO ncaa_identity: contest_id=732524 teams 2528/2528 matched, players 6648/7169 matched
2026-08-24 01:00:06,940 INFO ncaa_identity: contest_id=732648 teams 2010/2010 matched, players 5568/5579 matched
2026-08-24 01:00:15,231 INFO ncaa_identity: contest_id=732671 teams 2268/2268 matched, players 6135/6413 matched
2026-08-24 01:00:24,011 INFO ncaa_identity: contest_id=732712 teams 2184/2184 matched, players 5867/6155 matched
2026-08-24 01:00:34,926 INFO ncaa_identity: contest_id=732778 teams 2411/2411 matched, players 6147/6803 matched
2026-08-24 01:00:37,296 INFO ncaa_identity: contest_id=732819 teams 865/1795 matched, players 2523/5039 matched
2026-08-24 01:00:39,753 INFO ncaa_identity: contest_id=732851 teams 1956/1956 matched, players 5053/5471 matched
2026-08-24 01:00:41,581 INFO ncaa_identity: contest_id=732861 teams 2493/2493 matched, players 6630/7025 matched
2026-08-24 01:00:44,249 INFO ncaa_identity: contest_id=732881 teams 2137/2137 matched, players 3840/5976 matched
2026-08-24 01:00:45,899 INFO ncaa_identity: contest_id=732892 teams 2489/2489 matched, players 6531/7053 matched
2026-08-24 01:00:51,688 INFO ncaa_identity: contest_id=733022 teams 2327/2327 matched, players 6198/6549 matched
2026-08-24 01:00:53,004 INFO ncaa_identity: contest_id=733032 teams 2508/2508 matched, players 6960/7047 matched
2026-08-24 01:00:54,424 INFO ncaa_identity: contest_id=733042 teams 2310/2310 matched, players 5612/6474 matched
2026-08-24 01:00:56,752 INFO ncaa_identity: contest_id=733062 teams 2558/2558 matched, players 6421/7265 matched
2026-08-24 01:00:56,913 INFO 5 starters not found for period 3; using estimate
2026-08-24 01:00:59,598 INFO ncaa_identity: contest_id=733082 teams 2593/2593 matched, players 6796/7328 matched
2026-08-24 01:01:00,995 INFO ncaa_identity: contest_id=733092 teams 2161/2161 matched, players 5760/6104 matched
2026-08-24 01:01:04,575 INFO ncaa_identity: contest_id=733175 teams 2596/2596 matched, players 7326/7328 matched
2026-08-24 01:01:09,655 INFO ncaa_identity: contest_id=733231 teams 2516/2516 matched, players 6269/7026 matched
2026-08-24 01:01:11,305 INFO ncaa_identity: contest_id=733241 teams 2782/2782 matched, players 7351/7832 matched
2026-08-24 01:01:14,223 INFO ncaa_identity: contest_id=733261 teams 2599/2599 matched, players 6055/7268 matched
2026-08-24 01:01:15,785 INFO ncaa_identity: contest_id=733271 teams 2137/2137 matched, players 5713/6011 matched
2026-08-24 01:01:20,274 INFO ncaa_identity: contest_id=733304 teams 2318/2318 matched, players 6438/6491 matched
2026-08-24 01:01:21,589 INFO ncaa_identity: contest_id=733314 teams 2453/2453 matched, players 6028/6962 matched
2026-08-24 01:01:24,369 INFO ncaa_identity: contest_id=733334 teams 2242/2242 matched, players 6059/6313 matched
2026-08-24 01:01:24,853 WARNING ncaa_parse: family=lineups contest_id=733350 team=San Diego St. produced NO good stints (17 bad, roster=9) -- parsed successfully but contributed nothing
2026-08-24 01:01:25,272 WARNING ncaa_parse: family=lineups contest_id=733350 team=UNLV produced NO good stints (21 bad, roster=8) -- parsed successfully but contributed nothing
2026-08-24 01:01:28,817 INFO ncaa_identity: contest_id=733377 teams 2371/2371 matched, players 6043/6706 matched
2026-08-24 01:01:29,941 INFO ncaa_identity: contest_id=733387 teams 2106/2106 matched, players 5512/5911 matched
2026-08-24 01:01:31,467 INFO ncaa_identity: contest_id=733397 teams 2404/2404 matched, players 6386/6755 matched
2026-08-24 01:01:36,745 INFO ncaa_identity: contest_id=733498 teams 2387/2387 matched, players 6101/6759 matched
2026-08-24 01:01:42,160 INFO ncaa_identity: contest_id=733551 teams 1822/1822 matched, players 4630/5093 matched
2026-08-24 01:01:45,318 INFO ncaa_identity: contest_id=733576 teams 2407/2407 matched, players 6754/6772 matched
2026-08-24 01:01:49,500 INFO ncaa_identity: contest_id=733611 teams 2083/2083 matched, players 5854/5883 matched
2026-08-24 01:01:52,101 INFO ncaa_identity: contest_id=733631 teams 2542/2542 matched, players 7140/7159 matched
2026-08-24 01:01:55,171 INFO ncaa_identity: contest_id=733658 teams 2569/2569 matched, players 7173/7216 matched
2026-08-24 01:01:57,248 INFO ncaa_identity: contest_id=514739 teams 1499/2866 matched, players 4088/8097 matched
2026-08-24 01:01:58,462 INFO ncaa_identity: contest_id=514750 teams 1273/2474 matched, players 3477/6994 matched
2026-08-24 01:01:59,736 INFO ncaa_identity: contest_id=514762 teams 2389/2389 matched, players 6413/6716 matched
2026-08-24 01:02:01,315 INFO ncaa_identity: contest_id=514774 teams 2580/2580 matched, players 6497/7236 matched
2026-08-24 01:02:02,718 INFO ncaa_identity: contest_id=514785 teams 2813/2813 matched, players 7807/7919 matched
2026-08-24 01:02:07,308 INFO ncaa_identity: contest_id=514821 teams 2228/2228 matched, players 4958/6285 matched
2026-08-24 01:02:08,644 INFO ncaa_identity: contest_id=514837 teams 2563/2563 matched, players 6900/7200 matched
2026-08-24 01:02:10,284 INFO ncaa_identity: contest_id=514848 teams 2330/2330 matched, players 6455/6515 matched
2026-08-24 01:02:11,724 INFO ncaa_identity: contest_id=514859 teams 2609/2609 matched, players 6836/7368 matched
2026-08-24 01:02:14,582 INFO ncaa_identity: contest_id=514890 teams 1315/2530 matched, players 3482/7100 matched
2026-08-24 01:02:15,852 INFO ncaa_identity: contest_id=514915 teams 1353/2678 matched, players 3777/7536 matched
2026-08-24 01:02:17,568 INFO ncaa_identity: contest_id=514930 teams 1230/2473 matched, players 3074/6955 matched
2026-08-24 01:02:19,035 INFO ncaa_identity: contest_id=514982 teams 2631/2631 matched, players 945/1082 matched
2026-08-24 01:02:20,540 INFO ncaa_identity: contest_id=515016 teams 2287/2287 matched, players 6306/6446 matched
2026-08-24 01:02:23,508 INFO ncaa_identity: contest_id=515095 teams 2611/2611 matched, players 6515/7323 matched
2026-08-24 01:02:27,728 INFO ncaa_identity: contest_id=515383 teams 2772/2772 matched, players 7507/7807 matched
2026-08-24 01:02:31,897 INFO ncaa_identity: contest_id=515427 teams 1236/2432 matched, players 2935/6842 matched
2026-08-24 01:02:33,573 INFO ncaa_identity: contest_id=515489 teams 2773/2773 matched, players 7749/7809 matched
2026-08-24 01:02:35,079 INFO ncaa_identity: contest_id=515557 teams 1393/2691 matched, players 3790/7536 matched
2026-08-24 01:02:37,688 INFO ncaa_identity: contest_id=515578 teams 2488/2488 matched, players 6877/7008 matched
2026-08-24 01:02:42,288 INFO ncaa_identity: contest_id=515622 teams 1195/2334 matched, players 3293/6585 matched
2026-08-24 01:02:43,822 INFO ncaa_identity: contest_id=515650 teams 1944/1944 matched, players 4899/5420 matched
2026-08-24 01:02:46,780 INFO ncaa_identity: contest_id=515695 teams 2697/2697 matched, players 7158/7606 matched
2026-08-24 01:02:48,079 INFO ncaa_identity: contest_id=515713 teams 2212/2212 matched, players 5714/6172 matched
2026-08-24 01:02:51,533 INFO ncaa_identity: contest_id=515760 teams 1433/2801 matched, players 4004/7918 matched
2026-08-24 01:02:53,135 INFO ncaa_identity: contest_id=515794 teams 1339/2595 matched, players 3573/7237 matched
2026-08-24 01:02:54,891 INFO ncaa_identity: contest_id=515833 teams 2421/2421 matched, players 6750/6836 matched
2026-08-24 01:02:56,217 INFO ncaa_identity: contest_id=515851 teams 2175/2175 matched, players 4467/6111 matched
2026-08-24 01:02:58,020 INFO ncaa_identity: contest_id=515870 teams 2074/2074 matched, players 766/800 matched
2026-08-24 01:02:59,756 INFO ncaa_identity: contest_id=515895 teams 3176/3176 matched, players 8743/9045 matched
2026-08-24 01:03:01,501 INFO ncaa_identity: contest_id=515945 teams 1278/2482 matched, players 3577/6978 matched
2026-08-24 01:03:04,293 INFO ncaa_identity: contest_id=516018 teams 2265/2265 matched, players 6124/6372 matched
2026-08-24 01:03:09,152 INFO ncaa_identity: contest_id=516082 teams 1236/2442 matched, players 3462/6873 matched
2026-08-24 01:03:17,109 INFO ncaa_identity: contest_id=516214 teams 1048/2071 matched, players 2881/5796 matched
2026-08-24 01:03:20,068 INFO ncaa_identity: contest_id=516281 teams 2406/2406 matched, players 6028/6803 matched
2026-08-24 01:03:24,209 INFO ncaa_identity: contest_id=516376 teams 2370/2370 matched, players 6471/6713 matched
2026-08-24 01:03:27,303 INFO ncaa_identity: contest_id=516422 teams 1250/2509 matched, players 3415/7093 matched
2026-08-24 01:03:30,044 INFO ncaa_identity: contest_id=516543 teams 1223/2430 matched, players 3442/6827 matched
2026-08-24 01:03:31,249 INFO ncaa_identity: contest_id=516614 teams 2272/2272 matched, players 6355/6396 matched
2026-08-24 01:03:32,500 INFO ncaa_identity: contest_id=516655 teams 1814/1814 matched, players 671/678 matched
2026-08-24 01:03:36,869 INFO ncaa_identity: contest_id=516721 teams 2612/2612 matched, players 7225/7381 matched
2026-08-24 01:03:38,637 INFO ncaa_identity: contest_id=516743 teams 1234/2395 matched, players 3436/6726 matched
2026-08-24 01:03:43,233 INFO ncaa_identity: contest_id=516782 teams 2621/2621 matched, players 7134/7413 matched
2026-08-24 01:03:46,367 INFO ncaa_identity: contest_id=516811 teams 1393/2801 matched, players 3957/7908 matched
2026-08-24 01:03:47,545 INFO ncaa_identity: contest_id=516859 teams 2084/2084 matched, players 5472/5834 matched
2026-08-24 01:03:49,117 INFO ncaa_identity: contest_id=516869 teams 2607/2607 matched, players 6979/7383 matched
2026-08-24 01:03:57,205 INFO ncaa_identity: contest_id=517052 teams 1273/2486 matched, players 3584/6982 matched
2026-08-24 01:04:01,560 INFO ncaa_identity: contest_id=517155 teams 2740/2740 matched, players 7332/7738 matched
2026-08-24 01:04:04,497 INFO ncaa_identity: contest_id=517196 teams 2813/2813 matched, players 7650/7926 matched
2026-08-24 01:04:05,684 INFO ncaa_identity: contest_id=517206 teams 2358/2358 matched, players 6505/6592 matched
2026-08-24 01:04:07,346 INFO ncaa_identity: contest_id=517224 teams 1317/2615 matched, players 3514/7378 matched
2026-08-24 01:04:07,480 INFO 5 starters not found for period 3; using estimate
2026-08-24 01:04:08,681 INFO ncaa_identity: contest_id=517248 teams 2818/2818 matched, players 7444/7971 matched
2026-08-24 01:04:10,589 INFO ncaa_identity: contest_id=517259 teams 1137/2223 matched, players 2668/6245 matched
2026-08-24 01:04:13,243 INFO ncaa_identity: contest_id=517282 teams 2089/2089 matched, players 5340/5868 matched
2026-08-24 01:04:16,151 INFO ncaa_identity: contest_id=517304 teams 1926/1926 matched, players 4795/5414 matched
2026-08-24 01:04:18,012 INFO ncaa_identity: contest_id=517323 teams 2365/2365 matched, players 6421/6662 matched
2026-08-24 01:04:22,228 INFO ncaa_identity: contest_id=517394 teams 2371/2371 matched, players 6385/6655 matched
2026-08-24 01:04:23,457 INFO ncaa_identity: contest_id=517409 teams 1775/1775 matched, players 4927/4937 matched
2026-08-24 01:04:24,736 INFO ncaa_identity: contest_id=517427 teams 2276/2276 matched, players 6104/6421 matched
2026-08-24 01:04:29,321 INFO ncaa_identity: contest_id=517506 teams 2186/2186 matched, players 5954/6150 matched
2026-08-24 01:04:32,581 INFO ncaa_identity: contest_id=517574 teams 1622/3206 matched, players 4564/9060 matched
2026-08-24 01:04:33,962 INFO ncaa_identity: contest_id=517630 teams 1408/2778 matched, players 3957/7858 matched
2026-08-24 01:04:38,289 INFO ncaa_identity: contest_id=517743 teams 2219/2219 matched, players 6198/6223 matched
2026-08-24 01:04:41,061 INFO ncaa_identity: contest_id=517781 teams 2697/2697 matched, players 7400/7622 matched
2026-08-24 01:04:42,894 INFO ncaa_identity: contest_id=517803 teams 2850/2850 matched, players 8019/8081 matched
2026-08-24 01:04:44,054 INFO ncaa_identity: contest_id=517828 teams 2232/2232 matched, players 5776/6271 matched
2026-08-24 01:04:45,266 INFO ncaa_identity: contest_id=517857 teams 2299/2299 matched, players 6179/6459 matched
2026-08-24 01:04:48,329 INFO ncaa_identity: contest_id=517896 teams 1386/2616 matched, players 3766/7394 matched
2026-08-24 01:04:49,850 INFO ncaa_identity: contest_id=517935 teams 1791/1791 matched, players 4890/4986 matched
2026-08-24 01:04:51,327 INFO ncaa_identity: contest_id=517955 teams 2360/2360 matched, players 6552/6631 matched
2026-08-24 01:04:52,577 INFO ncaa_identity: contest_id=517971 teams 2372/2372 matched, players 6423/6683 matched
2026-08-24 01:04:54,433 INFO ncaa_identity: contest_id=517985 teams 2625/2625 matched, players 7405/7447 matched
2026-08-24 01:04:56,125 INFO ncaa_identity: contest_id=518025 teams 1748/3412 matched, players 4920/9697 matched
2026-08-24 01:05:00,515 INFO ncaa_identity: contest_id=518102 teams 2589/2589 matched, players 6770/7235 matched
2026-08-24 01:05:05,721 INFO ncaa_identity: contest_id=518221 teams 1311/2563 matched, players 3621/7206 matched
2026-08-24 01:05:11,185 INFO ncaa_identity: contest_id=518411 teams 2422/2422 matched, players 6562/6817 matched
2026-08-24 01:05:12,436 INFO ncaa_identity: contest_id=518435 teams 1905/1905 matched, players 4724/5368 matched
2026-08-24 01:05:24,607 INFO ncaa_identity: contest_id=518687 teams 2277/2277 matched, players 5951/6425 matched
2026-08-24 01:05:26,158 INFO ncaa_identity: contest_id=518743 teams 1222/2444 matched, players 3162/6905 matched
2026-08-24 01:05:27,355 INFO ncaa_identity: contest_id=518836 teams 1072/2060 matched, players 2898/5766 matched
2026-08-24 01:05:29,008 INFO ncaa_identity: contest_id=518902 teams 1244/2457 matched, players 3367/6909 matched
2026-08-24 01:05:30,520 INFO ncaa_identity: contest_id=518915 teams 2687/2687 matched, players 7230/7579 matched
2026-08-24 01:05:32,114 INFO ncaa_identity: contest_id=518928 teams 953/1903 matched, players 2626/5286 matched
2026-08-24 01:05:33,604 INFO ncaa_identity: contest_id=518939 teams 2363/2363 matched, players 6175/6625 matched
2026-08-24 01:05:34,842 INFO ncaa_identity: contest_id=518970 teams 2195/2195 matched, players 5882/6187 matched
2026-08-24 01:05:42,558 INFO ncaa_identity: contest_id=519091 teams 2335/2335 matched, players 6254/6551 matched
2026-08-24 01:05:44,513 INFO ncaa_identity: contest_id=519108 teams 1083/2269 matched, players 3131/6386 matched
2026-08-24 01:05:47,345 INFO ncaa_identity: contest_id=519165 teams 1307/2591 matched, players 3705/7298 matched
2026-08-24 01:05:48,504 INFO ncaa_identity: contest_id=519202 teams 2365/2365 matched, players 6052/6657 matched
2026-08-24 01:05:49,969 INFO ncaa_identity: contest_id=519233 teams 2435/2435 matched, players 6407/6805 matched
2026-08-24 01:05:53,247 INFO ncaa_identity: contest_id=519350 teams 2119/2119 matched, players 5596/5953 matched
2026-08-24 01:05:57,226 INFO ncaa_identity: contest_id=519398 teams 2308/2308 matched, players 6475/6518 matched
2026-08-24 01:06:00,776 INFO ncaa_identity: contest_id=519541 teams 2363/2363 matched, players 6459/6654 matched
2026-08-24 01:06:02,111 INFO ncaa_identity: contest_id=519581 teams 2436/2436 matched, players 6790/6796 matched
2026-08-24 01:06:06,060 INFO ncaa_identity: contest_id=519613 teams 2439/2439 matched, players 6633/6854 matched
2026-08-24 01:06:07,559 INFO ncaa_identity: contest_id=519644 teams 2455/2455 matched, players 6829/6859 matched
2026-08-24 01:06:10,271 INFO ncaa_identity: contest_id=519710 teams 2005/2005 matched, players 5487/5621 matched
2026-08-24 01:06:11,522 INFO ncaa_identity: contest_id=519739 teams 2530/2530 matched, players 6880/7134 matched
2026-08-24 01:06:14,181 INFO ncaa_identity: contest_id=519800 teams 1048/2048 matched, players 2917/5778 matched
2026-08-24 01:06:18,301 INFO ncaa_identity: contest_id=519869 teams 2545/2545 matched, players 6832/7179 matched
2026-08-24 01:06:20,785 INFO ncaa_identity: contest_id=519915 teams 1181/2319 matched, players 3298/6524 matched
2026-08-24 01:06:21,994 INFO ncaa_identity: contest_id=519949 teams 2427/2427 matched, players 5762/6814 matched
2026-08-24 01:06:23,438 INFO ncaa_identity: contest_id=519964 teams 2450/2450 matched, players 6457/6937 matched
2026-08-24 01:06:24,516 INFO ncaa_identity: contest_id=520013 teams 1224/2388 matched, players 3393/6727 matched
2026-08-24 01:06:25,884 INFO ncaa_identity: contest_id=520050 teams 2224/2224 matched, players 6080/6286 matched
2026-08-24 01:06:27,447 INFO ncaa_identity: contest_id=520065 teams 2169/2169 matched, players 5849/6105 matched
2026-08-24 01:06:28,725 INFO ncaa_identity: contest_id=520085 teams 2594/2594 matched, players 7119/7356 matched
2026-08-24 01:06:29,930 INFO ncaa_identity: contest_id=520116 teams 1226/2381 matched, players 3385/6722 matched
2026-08-24 01:06:34,330 INFO ncaa_identity: contest_id=520188 teams 2499/2499 matched, players 6522/7035 matched
2026-08-24 01:06:36,851 INFO ncaa_identity: contest_id=520227 teams 1206/2469 matched, players 3401/6951 matched
2026-08-24 01:06:41,511 INFO ncaa_identity: contest_id=520326 teams 1091/2254 matched, players 3113/6297 matched
2026-08-24 01:06:42,650 INFO ncaa_identity: contest_id=520355 teams 2077/2077 matched, players 5540/5862 matched
2026-08-24 01:06:46,634 INFO ncaa_identity: contest_id=520418 teams 2102/2102 matched, players 5167/5917 matched
2026-08-24 01:06:49,257 INFO ncaa_identity: contest_id=520466 teams 1887/1887 matched, players 4262/5301 matched
2026-08-24 01:06:52,081 INFO ncaa_identity: contest_id=520488 teams 2413/2413 matched, players 6554/6830 matched
2026-08-24 01:06:54,804 INFO ncaa_identity: contest_id=520508 teams 2311/2311 matched, players 6357/6498 matched
2026-08-24 01:06:55,972 INFO ncaa_identity: contest_id=520518 teams 1931/1931 matched, players 4907/5364 matched
2026-08-24 01:06:57,257 INFO ncaa_identity: contest_id=520529 teams 2496/2496 matched, players 6767/7062 matched
2026-08-24 01:06:59,919 INFO ncaa_identity: contest_id=520556 teams 2764/2764 matched, players 7069/7791 matched
2026-08-24 01:07:01,545 INFO ncaa_identity: contest_id=520566 teams 2715/2715 matched, players 7361/7629 matched
2026-08-24 01:07:08,629 INFO ncaa_identity: contest_id=520618 teams 3130/3130 matched, players 8784/8827 matched
2026-08-24 01:07:13,627 INFO ncaa_identity: contest_id=520662 teams 2090/2090 matched, players 5620/5913 matched
2026-08-24 01:07:15,073 INFO ncaa_identity: contest_id=520672 teams 1317/2468 matched, players 3498/6936 matched
2026-08-24 01:07:16,242 INFO ncaa_identity: contest_id=520685 teams 1287/2519 matched, players 3538/7104 matched
2026-08-24 01:07:17,675 INFO ncaa_identity: contest_id=520706 teams 1168/2230 matched, players 3264/6323 matched
2026-08-24 01:07:19,129 INFO ncaa_identity: contest_id=520724 teams 2281/2281 matched, players 6287/6446 matched
2026-08-24 01:07:22,085 INFO ncaa_identity: contest_id=520752 teams 1227/2360 matched, players 3340/6639 matched
2026-08-24 01:07:23,293 INFO ncaa_identity: contest_id=520809 teams 1963/1963 matched, players 4218/5487 matched
2026-08-24 01:07:24,898 INFO ncaa_identity: contest_id=520824 teams 2181/2181 matched, players 5983/6111 matched
2026-08-24 01:07:26,033 INFO ncaa_identity: contest_id=520839 teams 2309/2309 matched, players 6512/6517 matched
2026-08-24 01:07:28,850 INFO ncaa_identity: contest_id=520863 teams 2378/2378 matched, players 6499/6730 matched
2026-08-24 01:07:32,223 INFO ncaa_identity: contest_id=520900 teams 1274/2466 matched, players 2823/6915 matched
2026-08-24 01:07:33,402 INFO ncaa_identity: contest_id=520958 teams 1987/1987 matched, players 5316/5576 matched
2026-08-24 01:07:37,196 INFO ncaa_identity: contest_id=520998 teams 2200/2200 matched, players 5891/6202 matched
2026-08-24 01:07:39,995 INFO ncaa_identity: contest_id=521029 teams 1368/2629 matched, players 3769/7428 matched
2026-08-24 01:07:41,194 INFO ncaa_identity: contest_id=521074 teams 2028/2028 matched, players 5203/5700 matched
2026-08-24 01:07:43,770 INFO ncaa_identity: contest_id=521133 teams 2231/2231 matched, players 6169/6256 matched
2026-08-24 01:07:45,078 INFO ncaa_identity: contest_id=521152 teams 2308/2308 matched, players 5937/6456 matched
2026-08-24 01:07:47,504 INFO ncaa_identity: contest_id=521233 teams 2409/2409 matched, players 6755/6756 matched
2026-08-24 01:07:49,182 INFO ncaa_identity: contest_id=521256 teams 2367/2367 matched, players 6192/6624 matched
2026-08-24 01:07:50,522 INFO ncaa_identity: contest_id=521278 teams 2272/2272 matched, players 6347/6363 matched
2026-08-24 01:07:58,040 INFO ncaa_identity: contest_id=521398 teams 2030/2030 matched, players 5527/5709 matched
2026-08-24 01:08:00,702 INFO ncaa_identity: contest_id=521515 teams 1262/2513 matched, players 3521/7073 matched
2026-08-24 01:08:02,195 INFO ncaa_identity: contest_id=521593 teams 2417/2417 matched, players 6108/6827 matched
2026-08-24 01:08:03,832 INFO ncaa_identity: contest_id=521618 teams 2659/2659 matched, players 7302/7513 matched
2026-08-24 01:08:08,168 INFO ncaa_identity: contest_id=521687 teams 1984/1984 matched, players 4644/5517 matched
2026-08-24 01:08:12,788 INFO ncaa_identity: contest_id=521766 teams 1244/2450 matched, players 2934/6927 matched
2026-08-24 01:08:14,080 INFO ncaa_identity: contest_id=521799 teams 2292/2292 matched, players 6258/6401 matched
2026-08-24 01:08:14,179 INFO 5 starters not found for period 3; using estimate
2026-08-24 01:08:17,288 INFO ncaa_identity: contest_id=521852 teams 2201/2201 matched, players 5924/6199 matched
2026-08-24 01:08:20,294 INFO ncaa_identity: contest_id=521920 teams 2486/2486 matched, players 5927/7009 matched
2026-08-24 01:08:24,514 INFO ncaa_identity: contest_id=522009 teams 2307/2307 matched, players 6333/6507 matched
2026-08-24 01:08:28,821 INFO ncaa_identity: contest_id=522117 teams 2162/2162 matched, players 5514/6048 matched
2026-08-24 01:08:33,290 INFO ncaa_identity: contest_id=522168 teams 1816/1816 matched, players 777/779 matched
2026-08-24 01:08:34,528 INFO ncaa_identity: contest_id=522305 teams 1968/1968 matched, players 4323/5497 matched
2026-08-24 01:08:38,732 INFO ncaa_identity: contest_id=522376 teams 2662/2662 matched, players 6793/7492 matched
2026-08-24 01:08:40,232 INFO ncaa_identity: contest_id=522396 teams 2195/2195 matched, players 6085/6163 matched
2026-08-24 01:08:45,042 INFO ncaa_identity: contest_id=522459 teams 2256/2256 matched, players 6144/6377 matched
2026-08-24 01:08:50,985 INFO ncaa_identity: contest_id=522540 teams 3012/3012 matched, players 8393/8520 matched
2026-08-24 01:08:52,432 INFO ncaa_identity: contest_id=522560 teams 2326/2326 matched, players 6175/6587 matched
2026-08-24 01:08:53,830 INFO ncaa_identity: contest_id=522641 teams 1073/2123 matched, players 2761/5964 matched
2026-08-24 01:08:55,420 INFO ncaa_identity: contest_id=522762 teams 2230/2230 matched, players 5786/6286 matched
2026-08-24 01:08:56,759 INFO ncaa_identity: contest_id=522786 teams 2335/2335 matched, players 6243/6579 matched
2026-08-24 01:09:01,057 INFO ncaa_identity: contest_id=522872 teams 1929/1929 matched, players 4934/5383 matched
2026-08-24 01:09:09,386 INFO ncaa_identity: contest_id=523055 teams 1988/1988 matched, players 4592/5610 matched
2026-08-24 01:09:14,084 INFO ncaa_identity: contest_id=523138 teams 1194/2358 matched, players 3317/6649 matched
2026-08-24 01:09:16,945 INFO ncaa_identity: contest_id=523213 teams 2153/2153 matched, players 6059/6076 matched
2026-08-24 01:09:18,675 INFO ncaa_identity: contest_id=523231 teams 2294/2294 matched, players 6407/6467 matched
2026-08-24 01:09:20,238 INFO ncaa_identity: contest_id=523249 teams 2151/2151 matched, players 5570/6071 matched
2026-08-24 01:09:21,989 INFO ncaa_identity: contest_id=523262 teams 2632/2632 matched, players 6829/7452 matched
2026-08-24 01:09:23,358 INFO ncaa_identity: contest_id=523349 teams 1098/2215 matched, players 3111/6256 matched
2026-08-24 01:09:26,258 INFO ncaa_identity: contest_id=523430 teams 2791/2791 matched, players 7501/7846 matched
2026-08-24 01:09:29,180 INFO ncaa_identity: contest_id=523483 teams 2515/2515 matched, players 6890/7109 matched
2026-08-24 01:09:32,758 INFO ncaa_identity: contest_id=523535 teams 2699/2699 matched, players 7594/7599 matched
2026-08-24 01:09:37,850 INFO ncaa_identity: contest_id=523622 teams 2418/2418 matched, players 6488/6789 matched
2026-08-24 01:09:40,320 INFO ncaa_identity: contest_id=523657 teams 2203/2203 matched, players 5188/6205 matched
2026-08-24 01:09:41,818 INFO ncaa_identity: contest_id=523674 teams 2424/2424 matched, players 6153/6804 matched
2026-08-24 01:09:44,519 INFO ncaa_identity: contest_id=523869 teams 1978/1978 matched, players 5317/5549 matched
2026-08-24 01:09:45,899 INFO ncaa_identity: contest_id=523887 teams 892/1800 matched, players 2236/5032 matched
2026-08-24 01:09:55,631 INFO ncaa_identity: contest_id=524118 teams 2371/2371 matched, players 6255/6653 matched
2026-08-24 01:09:58,608 INFO ncaa_identity: contest_id=524184 teams 2503/2503 matched, players 6535/7049 matched
2026-08-24 01:10:00,252 INFO ncaa_identity: contest_id=524264 teams 2283/2283 matched, players 6219/6378 matched
2026-08-24 01:10:01,672 INFO ncaa_identity: contest_id=524276 teams 2435/2435 matched, players 6623/6852 matched
2026-08-24 01:10:05,281 INFO ncaa_identity: contest_id=524306 teams 2233/2233 matched, players 5232/6251 matched
2026-08-24 01:10:08,738 INFO ncaa_identity: contest_id=524331 teams 2613/2613 matched, players 7131/7364 matched
2026-08-24 01:10:12,816 INFO ncaa_identity: contest_id=524458 teams 2747/2747 matched, players 7644/7714 matched
2026-08-24 01:10:15,684 INFO ncaa_identity: contest_id=524552 teams 2212/2212 matched, players 5944/6180 matched
2026-08-24 01:10:17,194 INFO ncaa_identity: contest_id=524578 teams 2112/2112 matched, players 5775/5876 matched
2026-08-24 01:10:21,198 INFO ncaa_identity: contest_id=524624 teams 2388/2388 matched, players 6474/6699 matched
2026-08-24 01:10:22,706 INFO ncaa_identity: contest_id=524642 teams 1503/2954 matched, players 4149/8345 matched
2026-08-24 01:10:25,356 INFO ncaa_identity: contest_id=524685 teams 2203/2203 matched, players 5833/6246 matched
2026-08-24 01:10:28,248 INFO ncaa_identity: contest_id=524736 teams 2487/2487 matched, players 6608/7025 matched
2026-08-24 01:10:31,523 INFO ncaa_identity: contest_id=524771 teams 2415/2415 matched, players 6155/6808 matched
2026-08-24 01:10:36,164 INFO ncaa_identity: contest_id=524969 teams 2302/2302 matched, players 5257/6457 matched
2026-08-24 01:10:39,407 INFO ncaa_identity: contest_id=525016 teams 2279/2279 matched, players 6157/6394 matched
2026-08-24 01:10:42,792 INFO ncaa_identity: contest_id=525044 teams 2397/2397 matched, players 6675/6758 matched
2026-08-24 01:10:45,703 INFO ncaa_identity: contest_id=525086 teams 2253/2253 matched, players 6004/6347 matched
2026-08-24 01:10:49,084 INFO ncaa_identity: contest_id=525156 teams 2139/2139 matched, players 5474/6004 matched
2026-08-24 01:10:55,190 INFO ncaa_identity: contest_id=525313 teams 2339/2339 matched, players 6369/6557 matched
2026-08-24 01:10:56,737 INFO ncaa_identity: contest_id=525328 teams 2219/2219 matched, players 6046/6234 matched
2026-08-24 01:10:57,919 INFO ncaa_identity: contest_id=525345 teams 2316/2316 matched, players 6354/6487 matched
2026-08-24 01:11:01,355 INFO ncaa_identity: contest_id=525390 teams 2286/2286 matched, players 6051/6479 matched
2026-08-24 01:11:10,389 INFO ncaa_identity: contest_id=525618 teams 2370/2370 matched, players 6219/6720 matched
2026-08-24 01:11:13,385 INFO ncaa_identity: contest_id=525665 teams 2482/2482 matched, players 6592/6988 matched
2026-08-24 01:11:33,633 INFO ncaa_identity: contest_id=526135 teams 2649/2649 matched, players 6407/7508 matched
2026-08-24 01:11:34,941 INFO ncaa_identity: contest_id=526154 teams 2713/2713 matched, players 7211/7653 matched
2026-08-24 01:11:45,554 INFO ncaa_identity: contest_id=526441 teams 2374/2374 matched, players 6242/6686 matched
2026-08-24 01:11:46,802 INFO ncaa_identity: contest_id=526457 teams 0/2303 matched, players 0/6488 matched
2026-08-24 01:11:52,574 INFO ncaa_identity: contest_id=526634 teams 1854/1854 matched, players 4749/5116 matched
2026-08-24 01:11:55,383 INFO ncaa_identity: contest_id=526693 teams 2519/2519 matched, players 6134/7071 matched
2026-08-24 01:11:56,856 INFO ncaa_identity: contest_id=526721 teams 2098/2098 matched, players 5794/5913 matched
2026-08-24 01:12:02,557 INFO ncaa_identity: contest_id=526800 teams 3003/3003 matched, players 8457/8533 matched
2026-08-24 01:12:04,132 INFO ncaa_identity: contest_id=526820 teams 2397/2397 matched, players 6668/6735 matched
2026-08-24 01:12:06,830 INFO ncaa_identity: contest_id=526861 teams 2232/2232 matched, players 5549/6251 matched
2026-08-24 01:12:12,252 INFO ncaa_identity: contest_id=527094 teams 1996/1996 matched, players 5218/5638 matched
2026-08-24 01:12:13,726 INFO ncaa_identity: contest_id=527110 teams 2208/2208 matched, players 5946/6241 matched
2026-08-24 01:12:15,713 INFO ncaa_identity: contest_id=527135 teams 2382/2382 matched, players 6468/6699 matched
2026-08-24 01:12:18,651 INFO ncaa_identity: contest_id=527173 teams 2087/2087 matched, players 4619/5804 matched
2026-08-24 01:12:25,561 INFO ncaa_identity: contest_id=527315 teams 2365/2365 matched, players 6380/6620 matched
2026-08-24 01:12:29,696 INFO ncaa_identity: contest_id=527489 teams 1046/2114 matched, players 2990/5966 matched
2026-08-24 01:12:31,656 INFO 5 starters not found for period 4; using estimate
2026-08-24 01:12:33,118 INFO ncaa_identity: contest_id=527519 teams 2595/2595 matched, players 7298/7318 matched
2026-08-24 01:12:36,110 INFO ncaa_identity: contest_id=527549 teams 2521/2521 matched, players 6937/7148 matched
2026-08-24 01:12:39,170 INFO ncaa_identity: contest_id=527625 teams 2217/2217 matched, players 5277/6246 matched
2026-08-24 01:12:48,337 INFO ncaa_identity: contest_id=527835 teams 1323/2659 matched, players 3834/7524 matched
2026-08-24 01:12:49,694 INFO ncaa_identity: contest_id=527855 teams 2446/2446 matched, players 6104/6897 matched
2026-08-24 01:12:50,082 INFO 5 starters not found for period 3; using estimate
2026-08-24 01:12:54,311 INFO ncaa_identity: contest_id=527908 teams 2656/2656 matched, players 7022/7471 matched
2026-08-24 01:12:58,400 INFO ncaa_identity: contest_id=527981 teams 2495/2495 matched, players 6198/6999 matched
2026-08-24 01:13:00,970 INFO ncaa_identity: contest_id=528172 teams 2313/2313 matched, players 6498/6531 matched
2026-08-24 01:13:03,375 INFO ncaa_identity: contest_id=528200 teams 2482/2482 matched, players 6738/6955 matched
2026-08-24 01:13:05,022 INFO ncaa_identity: contest_id=528234 teams 2585/2585 matched, players 6615/7233 matched
2026-08-24 01:13:07,813 INFO ncaa_identity: contest_id=528280 teams 2485/2485 matched, players 6479/6978 matched
2026-08-24 01:13:21,302 INFO ncaa_identity: contest_id=528598 teams 2132/2132 matched, players 5942/5977 matched
2026-08-24 01:13:22,355 INFO ncaa_identity: contest_id=528611 teams 2117/2117 matched, players 5988/5989 matched
2026-08-24 01:13:30,579 INFO ncaa_identity: contest_id=528823 teams 2089/2089 matched, players 5434/5875 matched
2026-08-24 01:13:32,068 INFO ncaa_identity: contest_id=528842 teams 2212/2212 matched, players 5486/6196 matched
2026-08-24 01:13:34,954 INFO ncaa_identity: contest_id=528885 teams 2283/2283 matched, players 6389/6394 matched
2026-08-24 01:13:36,339 INFO ncaa_identity: contest_id=528914 teams 2059/2059 matched, players 5265/5773 matched
2026-08-24 01:13:37,669 INFO ncaa_identity: contest_id=528936 teams 2047/2047 matched, players 5433/5738 matched
2026-08-24 01:13:47,538 INFO ncaa_identity: contest_id=529121 teams 2438/2438 matched, players 6777/6910 matched
2026-08-24 01:13:48,809 INFO ncaa_identity: contest_id=529213 teams 1941/1941 matched, players 5150/5435 matched
2026-08-24 01:13:50,359 INFO ncaa_identity: contest_id=529225 teams 2234/2234 matched, players 6111/6300 matched
2026-08-24 01:14:03,688 INFO ncaa_identity: contest_id=529469 teams 2046/2046 matched, players 5425/5768 matched
2026-08-24 01:14:10,064 INFO ncaa_identity: contest_id=529567 teams 2442/2442 matched, players 6378/6887 matched
2026-08-24 01:14:18,048 INFO ncaa_identity: contest_id=529756 teams 2202/2202 matched, players 6117/6210 matched
2026-08-24 01:14:22,091 INFO ncaa_identity: contest_id=529795 teams 1608/1608 matched, players 4223/4457 matched
2026-08-24 01:14:24,747 INFO ncaa_identity: contest_id=529817 teams 1959/1959 matched, players 5319/5524 matched
2026-08-24 01:14:26,169 INFO ncaa_identity: contest_id=529828 teams 2302/2302 matched, players 6159/6499 matched
2026-08-24 01:14:28,784 INFO ncaa_identity: contest_id=529848 teams 2049/2049 matched, players 5632/5761 matched
2026-08-24 01:14:38,088 INFO ncaa_identity: contest_id=530041 teams 2166/2166 matched, players 6041/6079 matched
2026-08-24 01:14:39,497 INFO ncaa_identity: contest_id=530051 teams 1970/1970 matched, players 5256/5513 matched
2026-08-24 01:14:40,991 INFO ncaa_identity: contest_id=530087 teams 1920/1920 matched, players 4896/5391 matched
2026-08-24 01:14:44,284 INFO ncaa_identity: contest_id=530117 teams 2372/2372 matched, players 6137/6711 matched
2026-08-24 01:14:47,024 INFO ncaa_identity: contest_id=530155 teams 2087/2087 matched, players 5461/5845 matched
2026-08-24 01:14:56,273 INFO ncaa_identity: contest_id=530256 teams 2269/2269 matched, players 5829/6328 matched
2026-08-24 01:14:57,507 INFO ncaa_identity: contest_id=530266 teams 2093/2093 matched, players 5373/5879 matched
2026-08-24 01:14:59,079 INFO ncaa_identity: contest_id=530278 teams 2526/2526 matched, players 6592/7137 matched
2026-08-24 01:15:06,102 INFO ncaa_identity: contest_id=530405 teams 2797/2797 matched, players 7906/7944 matched
2026-08-24 01:15:08,826 INFO ncaa_identity: contest_id=530425 teams 2347/2347 matched, players 6403/6608 matched
2026-08-24 01:15:10,237 INFO ncaa_identity: contest_id=530435 teams 2026/2026 matched, players 5584/5671 matched
2026-08-24 01:15:13,142 INFO ncaa_identity: contest_id=530455 teams 1959/1959 matched, players 5245/5502 matched
2026-08-24 01:15:14,451 INFO ncaa_identity: contest_id=530465 teams 2448/2448 matched, players 6471/6959 matched
2026-08-24 01:15:15,644 INFO ncaa_identity: contest_id=530480 teams 1171/2278 matched, players 3199/6416 matched
2026-08-24 01:15:18,932 INFO ncaa_identity: contest_id=530544 teams 2228/2228 matched, players 6132/6252 matched
2026-08-24 01:15:26,170 INFO ncaa_identity: contest_id=530619 teams 2063/2063 matched, players 5451/5790 matched
2026-08-24 01:15:30,778 INFO ncaa_identity: contest_id=530650 teams 2013/2013 matched, players 5236/5644 matched
2026-08-24 01:15:36,864 INFO ncaa_identity: contest_id=530695 teams 2447/2447 matched, players 6696/6886 matched
2026-08-24 01:15:38,556 INFO ncaa_identity: contest_id=530705 teams 2579/2579 matched, players 7237/7289 matched
2026-08-24 01:15:43,918 INFO ncaa_identity: contest_id=530761 teams 2170/2170 matched, players 5532/6102 matched
2026-08-24 01:15:45,269 INFO ncaa_identity: contest_id=530772 teams 2272/2272 matched, players 5936/6401 matched
2026-08-24 01:15:45,715 WARNING ncaa_parse: family=lineups contest_id=530784 team=Tulsa produced NO good stints (16 bad, roster=8) -- parsed successfully but contributed nothing
2026-08-24 01:15:46,064 WARNING ncaa_parse: family=lineups contest_id=530784 team=UConn produced NO good stints (24 bad, roster=8) -- parsed successfully but contributed nothing
2026-08-24 01:15:46,423 INFO ncaa_identity: contest_id=530784 teams 1771/1771 matched, players 4876/4911 matched
2026-08-24 01:15:49,419 INFO ncaa_identity: contest_id=530828 teams 2095/2095 matched, players 5245/5865 matched
2026-08-24 01:15:51,018 INFO ncaa_identity: contest_id=530868 teams 2375/2375 matched, players 6010/6760 matched
2026-08-24 01:15:55,649 WARNING ncaa_parse: family=lineups contest_id=530911 team=Boise St. produced NO good stints (18 bad, roster=9) -- parsed successfully but contributed nothing
2026-08-24 01:15:55,971 WARNING ncaa_parse: family=lineups contest_id=530911 team=Dayton produced NO good stints (17 bad, roster=7) -- parsed successfully but contributed nothing
2026-08-24 01:15:56,329 INFO ncaa_identity: contest_id=530911 teams 1732/1732 matched, players 4557/4825 matched
2026-08-24 01:16:05,800 INFO ncaa_identity: contest_id=530991 teams 2524/2524 matched, players 6842/7075 matched
2026-08-24 01:16:07,261 INFO ncaa_identity: contest_id=531005 teams 2147/2147 matched, players 6022/6092 matched
2026-08-24 01:16:08,326 INFO ncaa_identity: contest_id=531018 teams 2146/2146 matched, players 5459/6052 matched
2026-08-24 01:16:13,929 INFO ncaa_identity: contest_id=239490 teams 2458/2458 matched, players 6870/6893 matched
2026-08-24 01:16:15,294 INFO ncaa_identity: contest_id=239502 teams 2824/2824 matched, players 6937/7969 matched
2026-08-24 01:16:17,139 INFO ncaa_identity: contest_id=239517 teams 1353/2708 matched, players 3888/7612 matched
2026-08-24 01:16:18,818 INFO ncaa_identity: contest_id=239539 teams 2257/2257 matched, players 6143/6389 matched
2026-08-24 01:16:20,801 INFO ncaa_identity: contest_id=239552 teams 1419/2807 matched, players 3947/7817 matched
2026-08-24 01:16:22,074 INFO ncaa_identity: contest_id=239566 teams 1179/2288 matched, players 3299/6460 matched
2026-08-24 01:16:25,291 INFO ncaa_identity: contest_id=239607 teams 1223/2384 matched, players 3210/6685 matched
2026-08-24 01:16:28,528 INFO ncaa_identity: contest_id=239644 teams 2644/2644 matched, players 935/940 matched
2026-08-24 01:16:29,788 INFO ncaa_identity: contest_id=239665 teams 2011/2011 matched, players 5408/5648 matched
2026-08-24 01:16:31,448 INFO ncaa_identity: contest_id=239679 teams 2854/2854 matched, players 7521/8066 matched
2026-08-24 01:16:32,860 INFO ncaa_identity: contest_id=239732 teams 2001/2001 matched, players 5476/5631 matched
2026-08-24 01:16:38,711 INFO ncaa_identity: contest_id=239917 teams 1295/2644 matched, players 3502/7411 matched
2026-08-24 01:16:40,355 INFO ncaa_identity: contest_id=239969 teams 1470/2924 matched, players 3866/8210 matched
2026-08-24 01:16:43,638 INFO ncaa_identity: contest_id=240104 teams 2793/2793 matched, players 7531/7914 matched
2026-08-24 01:16:44,882 INFO ncaa_identity: contest_id=240128 teams 2050/2050 matched, players 5692/5698 matched
2026-08-24 01:16:46,285 INFO ncaa_identity: contest_id=240144 teams 2562/2562 matched, players 6978/7199 matched
2026-08-24 01:16:49,479 INFO ncaa_identity: contest_id=240193 teams 2811/2811 matched, players 7620/7929 matched
2026-08-24 01:16:52,933 INFO ncaa_identity: contest_id=240216 teams 2516/2516 matched, players 6643/7090 matched
2026-08-24 01:16:54,756 INFO ncaa_identity: contest_id=240228 teams 2617/2617 matched, players 7253/7370 matched
2026-08-24 01:16:56,177 INFO ncaa_identity: contest_id=240241 teams 1339/2630 matched, players 3726/7413 matched
2026-08-24 01:16:59,642 INFO ncaa_identity: contest_id=240265 teams 2498/2498 matched, players 6662/7038 matched
2026-08-24 01:17:01,514 INFO ncaa_identity: contest_id=240277 teams 2489/2489 matched, players 6746/6997 matched
2026-08-24 01:17:02,858 INFO ncaa_identity: contest_id=240307 teams 2437/2437 matched, players 6426/6876 matched
2026-08-24 01:17:09,036 INFO ncaa_identity: contest_id=240435 teams 1206/2351 matched, players 3440/6614 matched
2026-08-24 01:17:10,778 INFO ncaa_identity: contest_id=240459 teams 2684/2684 matched, players 7503/7610 matched
2026-08-24 01:17:12,256 INFO ncaa_identity: contest_id=240483 teams 1203/2414 matched, players 2808/6816 matched
2026-08-24 01:17:13,860 INFO ncaa_identity: contest_id=240509 teams 1282/2501 matched, players 3368/7051 matched
2026-08-24 01:17:17,148 INFO ncaa_identity: contest_id=240580 teams 1669/3193 matched, players 4543/9014 matched
2026-08-24 01:17:18,900 INFO ncaa_identity: contest_id=240607 teams 1269/2427 matched, players 2765/6789 matched
2026-08-24 01:17:23,622 INFO ncaa_identity: contest_id=240666 teams 2434/2434 matched, players 6640/6820 matched
2026-08-24 01:17:25,057 INFO ncaa_identity: contest_id=240694 teams 1158/2246 matched, players 3125/6280 matched
2026-08-24 01:17:29,780 INFO ncaa_identity: contest_id=240750 teams 2782/2782 matched, players 7274/7809 matched
2026-08-24 01:17:32,990 INFO ncaa_identity: contest_id=240810 teams 1468/2849 matched, players 4060/7964 matched
2026-08-24 01:17:35,562 INFO ncaa_identity: contest_id=240920 teams 2249/2249 matched, players 6062/6362 matched
2026-08-24 01:17:37,391 INFO ncaa_identity: contest_id=240943 teams 1188/2327 matched, players 3299/6578 matched
2026-08-24 01:17:40,175 INFO ncaa_identity: contest_id=241012 teams 2572/2572 matched, players 6791/7252 matched
2026-08-24 01:17:41,672 INFO ncaa_identity: contest_id=241052 teams 2815/2815 matched, players 7515/7966 matched
2026-08-24 01:17:46,308 INFO ncaa_identity: contest_id=241157 teams 2436/2436 matched, players 6578/6864 matched
2026-08-24 01:17:55,982 INFO ncaa_identity: contest_id=241411 teams 2334/2334 matched, players 6101/6587 matched
2026-08-24 01:17:58,239 INFO ncaa_identity: contest_id=241425 teams 2792/2792 matched, players 7803/7840 matched
2026-08-24 01:17:59,681 INFO ncaa_identity: contest_id=241442 teams 2300/2300 matched, players 5709/6475 matched
2026-08-24 01:18:01,281 INFO ncaa_identity: contest_id=241469 teams 2387/2387 matched, players 6525/6674 matched
2026-08-24 01:18:05,694 INFO ncaa_identity: contest_id=241521 teams 2342/2342 matched, players 6269/6562 matched
2026-08-24 01:18:07,078 INFO ncaa_identity: contest_id=241531 teams 1005/2026 matched, players 2882/5668 matched
2026-08-24 01:18:08,725 INFO ncaa_identity: contest_id=241585 teams 2325/2325 matched, players 6120/6510 matched
2026-08-24 01:18:11,664 INFO ncaa_identity: contest_id=241686 teams 2605/2605 matched, players 6939/7353 matched
2026-08-24 01:18:15,918 INFO ncaa_identity: contest_id=241799 teams 2022/2022 matched, players 5518/5706 matched
2026-08-24 01:18:17,701 INFO ncaa_identity: contest_id=241811 teams 2403/2403 matched, players 6508/6810 matched
2026-08-24 01:18:19,462 INFO ncaa_identity: contest_id=241832 teams 1371/2643 matched, players 3783/7467 matched
2026-08-24 01:18:23,710 INFO ncaa_identity: contest_id=241879 teams 2560/2560 matched, players 6913/7233 matched
2026-08-24 01:18:28,128 INFO ncaa_identity: contest_id=241915 teams 2698/2698 matched, players 7446/7646 matched
2026-08-24 01:18:31,283 INFO ncaa_identity: contest_id=241935 teams 2312/2312 matched, players 6311/6534 matched
2026-08-24 01:18:32,861 INFO ncaa_identity: contest_id=241945 teams 2681/2681 matched, players 7296/7607 matched
2026-08-24 01:18:37,224 INFO ncaa_identity: contest_id=242016 teams 2563/2563 matched, players 6275/7267 matched
2026-08-24 01:18:38,484 INFO ncaa_identity: contest_id=242040 teams 2116/2116 matched, players 5831/5929 matched
2026-08-24 01:18:40,270 INFO ncaa_identity: contest_id=242059 teams 2389/2389 matched, players 6165/6747 matched
2026-08-24 01:18:41,712 INFO ncaa_identity: contest_id=242075 teams 2539/2539 matched, players 7107/7165 matched
2026-08-24 01:18:43,012 INFO ncaa_identity: contest_id=242098 teams 2258/2258 matched, players 6203/6332 matched
2026-08-24 01:18:44,909 INFO ncaa_identity: contest_id=242131 teams 2595/2595 matched, players 6554/7320 matched
2026-08-24 01:18:46,235 INFO ncaa_identity: contest_id=242160 teams 2566/2566 matched, players 6750/7233 matched
2026-08-24 01:18:49,149 INFO ncaa_identity: contest_id=242232 teams 1207/2405 matched, players 3354/6776 matched
2026-08-24 01:18:52,243 INFO ncaa_identity: contest_id=242288 teams 1000/2052 matched, players 2854/5810 matched
2026-08-24 01:18:55,596 INFO ncaa_identity: contest_id=242334 teams 3052/3052 matched, players 7873/8625 matched
2026-08-24 01:18:56,822 INFO ncaa_identity: contest_id=242389 teams 1081/2176 matched, players 3061/6103 matched
2026-08-24 01:18:58,239 INFO ncaa_identity: contest_id=242423 teams 2085/2085 matched, players 5855/5857 matched
2026-08-24 01:19:00,656 INFO ncaa_identity: contest_id=242473 teams 2092/2092 matched, players 5667/5869 matched
2026-08-24 01:19:02,156 INFO ncaa_identity: contest_id=242498 teams 2342/2342 matched, players 5943/6642 matched
2026-08-24 01:19:05,351 INFO ncaa_identity: contest_id=242542 teams 1420/2832 matched, players 4032/8047 matched
2026-08-24 01:19:06,530 INFO ncaa_identity: contest_id=242561 teams 1171/2309 matched, players 3294/6506 matched
2026-08-24 01:19:12,604 INFO ncaa_identity: contest_id=242665 teams 2284/2284 matched, players 6212/6436 matched
2026-08-24 01:19:13,941 INFO ncaa_identity: contest_id=242695 teams 1212/2358 matched, players 3384/6610 matched
2026-08-24 01:19:15,614 INFO ncaa_identity: contest_id=242731 teams 2539/2539 matched, players 7125/7143 matched
2026-08-24 01:19:17,062 INFO ncaa_identity: contest_id=242754 teams 2217/2217 matched, players 5719/6239 matched
2026-08-24 01:19:19,148 INFO ncaa_identity: contest_id=242796 teams 1306/2498 matched, players 3559/7021 matched
2026-08-24 01:19:22,067 INFO ncaa_identity: contest_id=242846 teams 2123/2123 matched, players 5593/5988 matched
2026-08-24 01:19:25,027 INFO ncaa_identity: contest_id=242886 teams 1180/2343 matched, players 3248/6493 matched
2026-08-24 01:19:27,368 INFO ncaa_identity: contest_id=242904 teams 1559/3126 matched, players 4481/8816 matched
2026-08-24 01:19:28,704 INFO ncaa_identity: contest_id=242937 teams 2227/2227 matched, players 5881/6246 matched
2026-08-24 01:19:30,391 INFO ncaa_identity: contest_id=242993 teams 2242/2242 matched, players 6078/6352 matched
2026-08-24 01:19:34,164 INFO ncaa_identity: contest_id=243090 teams 2974/2974 matched, players 6851/8442 matched
2026-08-24 01:19:36,830 INFO ncaa_identity: contest_id=243146 teams 2374/2374 matched, players 6179/6706 matched
2026-08-24 01:19:39,695 INFO ncaa_identity: contest_id=243225 teams 2185/2185 matched, players 5841/6136 matched
2026-08-24 01:19:42,697 INFO ncaa_identity: contest_id=243300 teams 2214/2214 matched, players 6222/6258 matched
2026-08-24 01:19:45,962 INFO ncaa_identity: contest_id=243384 teams 2097/2097 matched, players 5444/5891 matched
2026-08-24 01:19:49,022 INFO ncaa_identity: contest_id=243443 teams 2185/2185 matched, players 6111/6159 matched
2026-08-24 01:19:52,105 INFO ncaa_identity: contest_id=243538 teams 1140/2295 matched, players 3239/6475 matched
2026-08-24 01:19:55,165 INFO ncaa_identity: contest_id=243589 teams 2151/2151 matched, players 5543/6071 matched
2026-08-24 01:19:56,763 INFO ncaa_identity: contest_id=243603 teams 2422/2422 matched, players 6700/6858 matched
2026-08-24 01:20:03,988 INFO ncaa_identity: contest_id=243713 teams 1404/2749 matched, players 3916/7788 matched
2026-08-24 01:20:05,382 INFO ncaa_identity: contest_id=243744 teams 2269/2269 matched, players 6152/6379 matched
2026-08-24 01:20:06,998 INFO ncaa_identity: contest_id=243772 teams 1172/2299 matched, players 3210/6462 matched
2026-08-24 01:20:08,411 INFO ncaa_identity: contest_id=243800 teams 2128/2128 matched, players 5359/5912 matched
2026-08-24 01:20:09,921 INFO ncaa_identity: contest_id=243828 teams 2365/2365 matched, players 6597/6691 matched
2026-08-24 01:20:19,370 INFO ncaa_identity: contest_id=244081 teams 2392/2392 matched, players 6474/6785 matched
2026-08-24 01:20:22,391 INFO ncaa_identity: contest_id=244127 teams 2356/2356 matched, players 6055/6490 matched
2026-08-24 01:20:23,887 INFO ncaa_identity: contest_id=244180 teams 2876/2876 matched, players 7657/8095 matched
2026-08-24 01:20:25,612 INFO ncaa_identity: contest_id=244218 teams 2342/2342 matched, players 6491/6499 matched
2026-08-24 01:20:34,151 INFO ncaa_identity: contest_id=244383 teams 2492/2492 matched, players 6189/7013 matched
2026-08-24 01:20:35,874 INFO ncaa_identity: contest_id=244395 teams 2627/2627 matched, players 7276/7409 matched
2026-08-24 01:20:37,526 INFO ncaa_identity: contest_id=244415 teams 2265/2265 matched, players 5762/6375 matched
2026-08-24 01:20:38,897 INFO ncaa_identity: contest_id=244432 teams 1142/2258 matched, players 3258/6361 matched
2026-08-24 01:20:40,686 INFO ncaa_identity: contest_id=244471 teams 2504/2504 matched, players 7024/7089 matched
2026-08-24 01:20:45,354 INFO ncaa_identity: contest_id=244538 teams 2515/2515 matched, players 6210/7047 matched
2026-08-24 01:20:46,831 INFO ncaa_identity: contest_id=244564 teams 1300/2575 matched, players 3339/7243 matched
2026-08-24 01:20:49,732 INFO ncaa_identity: contest_id=244609 teams 2159/2159 matched, players 5727/6143 matched
2026-08-24 01:20:53,206 INFO ncaa_identity: contest_id=244649 teams 2524/2524 matched, players 6061/7110 matched
2026-08-24 01:20:54,951 INFO ncaa_identity: contest_id=244679 teams 2189/2189 matched, players 5724/6170 matched
2026-08-24 01:20:58,497 INFO ncaa_identity: contest_id=244745 teams 2413/2413 matched, players 6532/6770 matched
2026-08-24 01:21:03,634 INFO ncaa_identity: contest_id=244804 teams 2040/2040 matched, players 5587/5779 matched
2026-08-24 01:21:05,385 INFO ncaa_identity: contest_id=244852 teams 2539/2539 matched, players 6921/7171 matched
2026-08-24 01:21:06,968 INFO ncaa_identity: contest_id=244873 teams 2366/2366 matched, players 6443/6691 matched
2026-08-24 01:21:08,363 INFO ncaa_identity: contest_id=244906 teams 2241/2241 matched, players 5679/6354 matched
2026-08-24 01:21:09,963 INFO ncaa_identity: contest_id=244931 teams 2574/2574 matched, players 5965/7229 matched
2026-08-24 01:21:14,564 INFO ncaa_identity: contest_id=245002 teams 2398/2398 matched, players 6459/6793 matched
2026-08-24 01:21:15,998 INFO ncaa_identity: contest_id=245034 teams 2269/2269 matched, players 6325/6406 matched
2026-08-24 01:21:19,395 INFO ncaa_identity: contest_id=245099 teams 1482/2838 matched, players 4005/8000 matched
2026-08-24 01:21:27,160 INFO ncaa_identity: contest_id=245219 teams 2285/2285 matched, players 6306/6446 matched
2026-08-24 01:21:30,130 INFO ncaa_identity: contest_id=245248 teams 2480/2480 matched, players 6152/6990 matched
2026-08-24 01:21:31,588 INFO ncaa_identity: contest_id=245260 teams 2690/2690 matched, players 7172/7635 matched
2026-08-24 01:21:33,698 INFO ncaa_identity: contest_id=245270 teams 2495/2495 matched, players 6097/7045 matched
2026-08-24 01:21:35,742 INFO ncaa_identity: contest_id=245280 teams 2550/2550 matched, players 6749/7170 matched
2026-08-24 01:21:39,049 INFO ncaa_identity: contest_id=245305 teams 1193/2349 matched, players 3337/6607 matched
2026-08-24 01:21:45,601 INFO ncaa_identity: contest_id=245348 teams 2479/2479 matched, players 6654/6930 matched
2026-08-24 01:21:46,940 INFO ncaa_identity: contest_id=245358 teams 2602/2602 matched, players 6916/7357 matched
2026-08-24 01:21:48,800 INFO ncaa_identity: contest_id=245370 teams 2462/2462 matched, players 6885/6930 matched
2026-08-24 01:21:50,105 INFO ncaa_identity: contest_id=245380 teams 2679/2679 matched, players 7517/7546 matched
2026-08-24 01:21:51,580 INFO ncaa_identity: contest_id=245390 teams 1972/1972 matched, players 5051/5540 matched
2026-08-24 01:21:52,820 INFO ncaa_identity: contest_id=245400 teams 2446/2446 matched, players 3634/6912 matched
2026-08-24 01:21:55,607 INFO ncaa_identity: contest_id=245420 teams 1195/2332 matched, players 3322/6552 matched
2026-08-24 01:21:58,339 INFO ncaa_identity: contest_id=245444 teams 2444/2444 matched, players 6431/6897 matched
2026-08-24 01:21:59,909 INFO ncaa_identity: contest_id=245454 teams 2192/2192 matched, players 6127/6154 matched
2026-08-24 01:22:07,354 INFO ncaa_identity: contest_id=245539 teams 1523/3012 matched, players 4178/8457 matched
2026-08-24 01:22:09,016 INFO ncaa_identity: contest_id=245556 teams 2566/2566 matched, players 6781/7264 matched
2026-08-24 01:22:10,814 INFO ncaa_identity: contest_id=245567 teams 1503/2855 matched, players 4039/8027 matched
2026-08-24 01:22:12,002 INFO ncaa_identity: contest_id=245638 teams 1187/2332 matched, players 3330/6554 matched
2026-08-24 01:22:17,884 INFO ncaa_identity: contest_id=245706 teams 1487/2840 matched, players 3734/8028 matched
2026-08-24 01:22:19,635 INFO ncaa_identity: contest_id=245728 teams 2080/2080 matched, players 5538/5870 matched
2026-08-24 01:22:24,729 INFO ncaa_identity: contest_id=245852 teams 1182/2242 matched, players 3150/6258 matched
2026-08-24 01:22:27,935 INFO ncaa_identity: contest_id=245896 teams 1243/2490 matched, players 2950/7010 matched
2026-08-24 01:22:29,584 INFO ncaa_identity: contest_id=245931 teams 2351/2351 matched, players 6557/6607 matched
2026-08-24 01:22:31,205 INFO ncaa_identity: contest_id=245955 teams 1182/2275 matched, players 3266/6403 matched
2026-08-24 01:22:33,569 INFO ncaa_identity: contest_id=245988 teams 2394/2394 matched, players 6650/6784 matched
2026-08-24 01:22:33,687 INFO 5 starters not found for period 3; using estimate
2026-08-24 01:22:35,188 INFO ncaa_identity: contest_id=246020 teams 2621/2621 matched, players 7204/7424 matched
2026-08-24 01:22:37,692 INFO ncaa_identity: contest_id=246054 teams 2318/2318 matched, players 6017/6565 matched
2026-08-24 01:22:39,009 INFO ncaa_identity: contest_id=246093 teams 2495/2495 matched, players 6817/6992 matched
2026-08-24 01:22:42,415 INFO ncaa_identity: contest_id=246130 teams 2526/2526 matched, players 7088/7118 matched
2026-08-24 01:22:45,578 INFO ncaa_identity: contest_id=246178 teams 2357/2357 matched, players 6510/6630 matched
2026-08-24 01:22:47,172 INFO ncaa_identity: contest_id=246205 teams 1293/2511 matched, players 3182/7073 matched
2026-08-24 01:22:51,345 INFO ncaa_identity: contest_id=246311 teams 2178/2178 matched, players 5588/6143 matched
2026-08-24 01:22:52,879 INFO ncaa_identity: contest_id=246356 teams 2191/2191 matched, players 5414/6190 matched
2026-08-24 01:22:55,712 INFO ncaa_identity: contest_id=246424 teams 2908/2908 matched, players 8049/8245 matched
2026-08-24 01:22:57,141 INFO ncaa_identity: contest_id=246460 teams 2316/2316 matched, players 6492/6547 matched
2026-08-24 01:23:01,233 INFO ncaa_identity: contest_id=246545 teams 2442/2442 matched, players 6790/6895 matched
2026-08-24 01:23:02,927 INFO ncaa_identity: contest_id=246577 teams 2345/2345 matched, players 5853/6570 matched
2026-08-24 01:23:07,522 INFO ncaa_identity: contest_id=246678 teams 2066/2066 matched, players 5680/5844 matched
2026-08-24 01:23:08,995 INFO ncaa_identity: contest_id=246710 teams 2009/2009 matched, players 5011/5672 matched
2026-08-24 01:23:10,326 INFO ncaa_identity: contest_id=246758 teams 1271/2558 matched, players 3596/7240 matched
2026-08-24 01:23:14,958 INFO ncaa_identity: contest_id=246860 teams 2534/2534 matched, players 6859/7157 matched
2026-08-24 01:23:17,606 INFO ncaa_identity: contest_id=246905 teams 1182/2418 matched, players 3445/6853 matched
2026-08-24 01:23:22,111 INFO ncaa_identity: contest_id=247069 teams 2321/2321 matched, players 6330/6528 matched
2026-08-24 01:23:26,922 INFO ncaa_identity: contest_id=247157 teams 2709/2709 matched, players 7546/7650 matched
2026-08-24 01:23:28,346 INFO ncaa_identity: contest_id=247187 teams 2565/2565 matched, players 6792/7237 matched
2026-08-24 01:23:31,385 INFO ncaa_identity: contest_id=247283 teams 2578/2578 matched, players 6455/7315 matched
2026-08-24 01:23:33,064 INFO ncaa_identity: contest_id=247308 teams 2258/2258 matched, players 6158/6362 matched
2026-08-24 01:23:34,561 INFO ncaa_identity: contest_id=247324 teams 2170/2170 matched, players 5972/6027 matched
2026-08-24 01:23:36,454 INFO ncaa_identity: contest_id=247351 teams 2307/2307 matched, players 5891/6466 matched
2026-08-24 01:23:38,198 INFO ncaa_identity: contest_id=247375 teams 3024/3024 matched, players 7923/8547 matched
2026-08-24 01:23:39,567 INFO ncaa_identity: contest_id=247410 teams 1229/2470 matched, players 3455/6966 matched
2026-08-24 01:23:41,588 INFO ncaa_identity: contest_id=247434 teams 1354/2611 matched, players 3730/7349 matched
2026-08-24 01:23:45,984 INFO ncaa_identity: contest_id=247532 teams 2477/2477 matched, players 6691/7030 matched
2026-08-24 01:23:53,468 INFO ncaa_identity: contest_id=247637 teams 2758/2758 matched, players 7476/7773 matched
2026-08-24 01:24:05,356 INFO ncaa_identity: contest_id=247929 teams 2156/2156 matched, players 5964/6082 matched
2026-08-24 01:24:12,429 INFO ncaa_identity: contest_id=248122 teams 2638/2638 matched, players 7272/7448 matched
2026-08-24 01:24:14,033 INFO ncaa_identity: contest_id=248146 teams 2508/2508 matched, players 6463/6975 matched
2026-08-24 01:24:15,413 INFO ncaa_identity: contest_id=248173 teams 2965/2965 matched, players 8303/8470 matched
2026-08-24 01:24:16,706 INFO ncaa_identity: contest_id=248203 teams 2362/2362 matched, players 5799/6622 matched
2026-08-24 01:24:19,373 INFO ncaa_identity: contest_id=248276 teams 2153/2153 matched, players 5716/6129 matched
2026-08-24 01:24:22,312 INFO ncaa_identity: contest_id=248350 teams 2670/2670 matched, players 7205/7596 matched
2026-08-24 01:24:23,518 INFO ncaa_identity: contest_id=248392 teams 1137/2264 matched, players 3206/6353 matched
2026-08-24 01:24:30,982 INFO ncaa_identity: contest_id=248574 teams 1989/1989 matched, players 5206/5631 matched
2026-08-24 01:24:32,768 INFO ncaa_identity: contest_id=248590 teams 2657/2657 matched, players 7282/7464 matched
2026-08-24 01:24:34,166 INFO ncaa_identity: contest_id=248621 teams 2502/2502 matched, players 6748/7077 matched
2026-08-24 01:24:35,399 INFO ncaa_identity: contest_id=248667 teams 1984/1984 matched, players 5221/5568 matched
2026-08-24 01:24:38,932 INFO ncaa_identity: contest_id=248711 teams 1009/1974 matched, players 2799/5553 matched
2026-08-24 01:24:41,483 INFO ncaa_identity: contest_id=248751 teams 1774/1774 matched, players 4923/5000 matched
2026-08-24 01:24:43,404 INFO ncaa_identity: contest_id=248800 teams 2914/2914 matched, players 7244/8200 matched
2026-08-24 01:24:45,073 INFO ncaa_identity: contest_id=248846 teams 2271/2271 matched, players 853/887 matched
2026-08-24 01:24:48,068 INFO ncaa_identity: contest_id=248948 teams 2306/2306 matched, players 6304/6502 matched
2026-08-24 01:24:51,354 INFO ncaa_identity: contest_id=249014 teams 2190/2190 matched, players 5829/6175 matched
2026-08-24 01:24:57,013 INFO ncaa_identity: contest_id=249107 teams 2086/2086 matched, players 5728/5905 matched
2026-08-24 01:25:01,266 INFO ncaa_identity: contest_id=249267 teams 2510/2510 matched, players 6682/7079 matched
2026-08-24 01:25:03,761 INFO ncaa_identity: contest_id=249321 teams 2018/2018 matched, players 5291/5728 matched
2026-08-24 01:25:09,455 INFO ncaa_identity: contest_id=249451 teams 2284/2284 matched, players 6273/6454 matched
2026-08-24 01:25:10,892 INFO ncaa_identity: contest_id=249476 teams 2019/2019 matched, players 5676/5705 matched
2026-08-24 01:25:15,442 INFO ncaa_identity: contest_id=249509 teams 2348/2348 matched, players 6441/6554 matched
2026-08-24 01:25:25,328 INFO ncaa_identity: contest_id=249559 teams 2152/2152 matched, players 5577/6079 matched
2026-08-24 01:25:29,660 INFO ncaa_identity: contest_id=249580 teams 2489/2489 matched, players 7015/7035 matched
2026-08-24 01:25:40,177 INFO ncaa_identity: contest_id=249608 teams 2242/2242 matched, players 5777/6310 matched
2026-08-24 01:25:43,825 INFO ncaa_identity: contest_id=249619 teams 2385/2385 matched, players 6663/6741 matched
2026-08-24 01:25:47,980 INFO ncaa_identity: contest_id=249644 teams 2732/2732 matched, players 7595/7720 matched
2026-08-24 01:26:02,086 INFO ncaa_identity: contest_id=249747 teams 2581/2581 matched, players 6840/7328 matched
2026-08-24 01:26:24,738 INFO ncaa_identity: contest_id=249961 teams 2406/2406 matched, players 6415/6809 matched
2026-08-24 01:26:46,230 INFO ncaa_identity: contest_id=250093 teams 2537/2537 matched, players 6724/7133 matched
2026-08-24 01:26:50,252 INFO ncaa_identity: contest_id=250114 teams 2495/2495 matched, players 6875/7056 matched
2026-08-24 01:26:59,184 INFO ncaa_identity: contest_id=250213 teams 1129/2276 matched, players 3266/6461 matched
2026-08-24 01:27:09,024 INFO ncaa_identity: contest_id=250280 teams 2352/2352 matched, players 5880/6627 matched
2026-08-24 01:27:13,490 INFO ncaa_identity: contest_id=250305 teams 2535/2535 matched, players 6770/7117 matched
2026-08-24 01:27:25,926 INFO ncaa_identity: contest_id=250415 teams 2654/2654 matched, players 7402/7471 matched
2026-08-24 01:27:41,976 INFO ncaa_identity: contest_id=250559 teams 2453/2453 matched, players 6448/6892 matched
2026-08-24 01:27:59,448 INFO ncaa_identity: contest_id=250663 teams 2062/2062 matched, players 5731/5807 matched
2026-08-24 01:28:12,163 INFO ncaa_identity: contest_id=250748 teams 2161/2161 matched, players 5650/6082 matched
2026-08-24 01:28:21,475 INFO ncaa_identity: contest_id=250805 teams 3136/3136 matched, players 8557/8867 matched
2026-08-24 01:28:24,443 INFO ncaa_identity: contest_id=250833 teams 2220/2220 matched, players 6067/6268 matched
2026-08-24 01:28:37,757 INFO ncaa_identity: contest_id=250907 teams 2577/2577 matched, players 7122/7273 matched
2026-08-24 01:28:41,461 INFO ncaa_identity: contest_id=250954 teams 1959/1959 matched, players 5234/5481 matched
2026-08-24 01:28:50,063 INFO ncaa_identity: contest_id=251065 teams 2518/2518 matched, players 7041/7124 matched
2026-08-24 01:28:53,750 INFO ncaa_identity: contest_id=251120 teams 2309/2309 matched, players 6054/6507 matched
2026-08-24 01:28:57,576 INFO ncaa_identity: contest_id=251139 teams 2005/2005 matched, players 5124/5646 matched
2026-08-24 01:29:11,531 INFO ncaa_identity: contest_id=251207 teams 1083/2158 matched, players 2991/6060 matched
2026-08-24 01:29:19,706 INFO ncaa_identity: contest_id=251378 teams 1244/2448 matched, players 3480/6888 matched
2026-08-24 01:29:30,078 INFO ncaa_identity: contest_id=251613 teams 2284/2284 matched, players 5996/6436 matched
2026-08-24 01:29:31,566 INFO ncaa_identity: contest_id=251644 teams 2192/2192 matched, players 6059/6158 matched
2026-08-24 01:29:35,009 INFO ncaa_identity: contest_id=251741 teams 1064/2164 matched, players 3069/6103 matched
2026-08-24 01:29:37,494 INFO ncaa_identity: contest_id=251804 teams 2602/2602 matched, players 6836/7356 matched
2026-08-24 01:29:40,158 INFO ncaa_identity: contest_id=251870 teams 2293/2293 matched, players 5950/6477 matched
2026-08-24 01:29:43,151 INFO ncaa_identity: contest_id=251898 teams 2754/2754 matched, players 7412/7745 matched
2026-08-24 01:29:44,168 INFO ncaa_identity: contest_id=251916 teams 2076/2076 matched, players 5472/5812 matched
2026-08-24 01:29:48,201 INFO ncaa_identity: contest_id=252030 teams 2448/2448 matched, players 6406/6874 matched
2026-08-24 01:29:49,559 INFO ncaa_identity: contest_id=252070 teams 2686/2686 matched, players 6988/7548 matched
2026-08-24 01:30:00,447 INFO ncaa_identity: contest_id=252327 teams 2122/2122 matched, players 5573/6007 matched
2026-08-24 01:30:03,435 INFO ncaa_identity: contest_id=252418 teams 2230/2230 matched, players 5774/6302 matched
2026-08-24 01:30:07,437 INFO ncaa_identity: contest_id=252520 teams 2326/2326 matched, players 6019/6536 matched
2026-08-24 01:30:15,275 INFO ncaa_identity: contest_id=252725 teams 2938/2938 matched, players 8059/8323 matched
2026-08-24 01:30:16,750 INFO ncaa_identity: contest_id=252757 teams 2058/2058 matched, players 5817/5822 matched
2026-08-24 01:30:19,581 INFO ncaa_identity: contest_id=252794 teams 2798/2798 matched, players 7552/7901 matched
2026-08-24 01:30:21,930 INFO ncaa_identity: contest_id=252857 teams 1156/2285 matched, players 3213/6490 matched
2026-08-24 01:30:23,313 INFO ncaa_identity: contest_id=252876 teams 2308/2308 matched, players 6241/6514 matched
2026-08-24 01:30:24,419 INFO ncaa_identity: contest_id=252922 teams 2357/2357 matched, players 5646/6648 matched
2026-08-24 01:30:27,009 INFO ncaa_identity: contest_id=252956 teams 1922/1922 matched, players 746/783 matched
2026-08-24 01:30:27,982 INFO ncaa_identity: contest_id=252977 teams 1791/1791 matched, players 4518/5039 matched
2026-08-24 01:30:29,381 INFO ncaa_identity: contest_id=252997 teams 2202/2202 matched, players 5772/6182 matched
2026-08-24 01:30:33,172 INFO ncaa_identity: contest_id=253086 teams 2433/2433 matched, players 6435/6903 matched
2026-08-24 01:30:40,445 INFO ncaa_identity: contest_id=253324 teams 1875/1875 matched, players 4789/5283 matched
2026-08-24 01:30:41,822 INFO ncaa_identity: contest_id=253351 teams 2268/2268 matched, players 6192/6385 matched
2026-08-24 01:30:43,416 INFO ncaa_identity: contest_id=253370 teams 2562/2562 matched, players 7044/7256 matched
2026-08-24 01:30:48,689 INFO ncaa_identity: contest_id=253500 teams 2192/2192 matched, players 6128/6228 matched
2026-08-24 01:30:49,859 INFO ncaa_identity: contest_id=253535 teams 2228/2228 matched, players 6287/6311 matched
2026-08-24 01:30:52,952 INFO ncaa_identity: contest_id=253591 teams 2346/2346 matched, players 6294/6583 matched
2026-08-24 01:30:57,554 INFO ncaa_identity: contest_id=253687 teams 2378/2378 matched, players 5985/6708 matched
2026-08-24 01:31:04,599 INFO ncaa_identity: contest_id=253857 teams 2592/2592 matched, players 7168/7303 matched
2026-08-24 01:31:04,704 INFO 5 starters not found for period 3; using estimate
2026-08-24 01:31:05,809 INFO ncaa_identity: contest_id=253893 teams 1291/2558 matched, players 3622/7271 matched
2026-08-24 01:31:08,518 INFO ncaa_identity: contest_id=253972 teams 2031/2031 matched, players 5658/5714 matched
2026-08-24 01:31:09,603 INFO ncaa_identity: contest_id=253993 teams 2329/2329 matched, players 6240/6608 matched
2026-08-24 01:31:12,241 INFO ncaa_identity: contest_id=254024 teams 2240/2240 matched, players 5820/6249 matched
2026-08-24 01:31:13,747 INFO ncaa_identity: contest_id=254041 teams 2456/2456 matched, players 6356/6945 matched
2026-08-24 01:31:14,738 INFO ncaa_identity: contest_id=254067 teams 2095/2095 matched, players 5498/5910 matched
2026-08-24 01:31:16,176 INFO ncaa_identity: contest_id=254088 teams 2808/2808 matched, players 7696/7933 matched
2026-08-24 01:31:18,898 INFO ncaa_identity: contest_id=254179 teams 2421/2421 matched, players 6681/6825 matched
2026-08-24 01:31:20,670 INFO ncaa_identity: contest_id=254200 teams 2415/2415 matched, players 5927/6841 matched
2026-08-24 01:31:23,113 INFO ncaa_identity: contest_id=254230 teams 2588/2588 matched, players 6700/7350 matched
2026-08-24 01:31:24,633 INFO ncaa_identity: contest_id=254284 teams 2658/2658 matched, players 7098/7539 matched
2026-08-24 01:31:29,644 INFO ncaa_identity: contest_id=254356 teams 2522/2522 matched, players 6745/7067 matched
2026-08-24 01:31:31,919 INFO ncaa_identity: contest_id=254429 teams 2233/2233 matched, players 6004/6324 matched
2026-08-24 01:31:33,024 INFO ncaa_identity: contest_id=254504 teams 2351/2351 matched, players 6193/6633 matched
2026-08-24 01:31:47,365 INFO ncaa_identity: contest_id=254674 teams 2078/2078 matched, players 5810/5831 matched
2026-08-24 01:31:48,849 INFO ncaa_identity: contest_id=254688 teams 2396/2396 matched, players 5919/6718 matched
2026-08-24 01:31:53,681 INFO ncaa_identity: contest_id=254803 teams 1984/1984 matched, players 5048/5545 matched
2026-08-24 01:31:55,085 INFO ncaa_identity: contest_id=254835 teams 2508/2508 matched, players 6745/7014 matched
2026-08-24 01:32:00,507 INFO ncaa_identity: contest_id=254909 teams 2166/2166 matched, players 6098/6118 matched
2026-08-24 01:32:03,158 INFO ncaa_identity: contest_id=254938 teams 2083/2083 matched, players 4890/5898 matched
2026-08-24 01:32:04,305 INFO ncaa_identity: contest_id=254971 teams 2151/2151 matched, players 5191/6029 matched
2026-08-24 01:32:12,053 INFO ncaa_identity: contest_id=255048 teams 2805/2805 matched, players 7488/7942 matched
2026-08-24 01:32:24,238 INFO ncaa_identity: contest_id=255203 teams 2365/2365 matched, players 6195/6662 matched
2026-08-24 01:32:25,877 INFO ncaa_identity: contest_id=255213 teams 2743/2743 matched, players 7473/7781 matched
2026-08-24 01:32:31,538 INFO ncaa_identity: contest_id=255287 teams 2391/2391 matched, players 6171/6733 matched
2026-08-24 01:32:36,023 INFO ncaa_identity: contest_id=255354 teams 2481/2481 matched, players 6849/7033 matched
2026-08-24 01:32:38,854 INFO ncaa_identity: contest_id=255374 teams 2284/2284 matched, players 5826/6354 matched
2026-08-24 01:32:43,210 INFO ncaa_identity: contest_id=255404 teams 2463/2463 matched, players 6273/6952 matched
2026-08-24 01:32:49,165 INFO ncaa_identity: contest_id=255448 teams 2272/2272 matched, players 5934/6387 matched
2026-08-24 01:32:51,983 INFO ncaa_identity: contest_id=255468 teams 2390/2390 matched, players 6689/6747 matched
2026-08-24 01:32:55,950 INFO ncaa_identity: contest_id=255505 teams 2442/2442 matched, players 6017/6892 matched
2026-08-24 01:32:58,362 INFO ncaa_identity: contest_id=255530 teams 2187/2187 matched, players 5334/6129 matched
2026-08-24 01:33:05,474 INFO ncaa_identity: contest_id=255657 teams 2161/2161 matched, players 5982/6124 matched
2026-08-24 01:33:08,691 INFO ncaa_identity: contest_id=255678 teams 3182/3182 matched, players 8353/9050 matched
2026-08-24 01:33:12,196 INFO ncaa_identity: contest_id=255711 teams 2434/2434 matched, players 6472/6894 matched
2026-08-24 01:33:13,569 INFO ncaa_identity: contest_id=255721 teams 2132/2132 matched, players 5892/6002 matched
2026-08-24 01:33:14,854 INFO ncaa_identity: contest_id=255733 teams 2242/2242 matched, players 6240/6333 matched
2026-08-24 01:33:16,231 INFO ncaa_identity: contest_id=255743 teams 2726/2726 matched, players 7670/7678 matched
2026-08-24 01:33:20,945 INFO ncaa_identity: contest_id=255780 teams 2802/2802 matched, players 6370/7918 matched
2026-08-24 01:33:22,291 INFO ncaa_identity: contest_id=255790 teams 2162/2162 matched, players 5961/6055 matched
2026-08-24 01:33:27,159 INFO ncaa_identity: contest_id=176583 teams 1336/2539 matched, players 3535/7110 matched
2026-08-24 01:33:32,385 INFO ncaa_identity: contest_id=176624 teams 1341/2731 matched, players 3838/7626 matched
2026-08-24 01:33:33,782 INFO ncaa_identity: contest_id=176638 teams 1213/2450 matched, players 3459/6917 matched
2026-08-24 01:33:37,066 INFO ncaa_identity: contest_id=176668 teams 2299/2299 matched, players 5913/6408 matched
2026-08-24 01:33:38,750 INFO ncaa_identity: contest_id=176681 teams 1203/2413 matched, players 3414/6813 matched
2026-08-24 01:33:40,423 INFO ncaa_identity: contest_id=176696 teams 1500/2955 matched, players 4137/8338 matched
2026-08-24 01:33:42,042 INFO ncaa_identity: contest_id=176713 teams 1236/2381 matched, players 3363/6695 matched
2026-08-24 01:33:43,452 INFO ncaa_identity: contest_id=176728 teams 2912/2912 matched, players 8119/8222 matched
2026-08-24 01:33:48,730 INFO ncaa_identity: contest_id=176786 teams 2319/2319 matched, players 6007/6515 matched
2026-08-24 01:33:52,870 INFO ncaa_identity: contest_id=176908 teams 2607/2607 matched, players 6828/7368 matched
2026-08-24 01:33:54,368 INFO ncaa_identity: contest_id=176962 teams 2885/2885 matched, players 7702/8155 matched
2026-08-24 01:33:57,381 INFO ncaa_identity: contest_id=177028 teams 2330/2330 matched, players 6514/6553 matched
2026-08-24 01:34:00,646 INFO ncaa_identity: contest_id=177055 teams 1246/2465 matched, players 3507/6993 matched
2026-08-24 01:34:06,707 INFO ncaa_identity: contest_id=177115 teams 1279/2502 matched, players 3587/7027 matched
2026-08-24 01:34:08,218 INFO ncaa_identity: contest_id=177126 teams 1147/2283 matched, players 3191/6444 matched
2026-08-24 01:34:09,998 INFO ncaa_identity: contest_id=177138 teams 1246/2446 matched, players 3421/6853 matched
2026-08-24 01:34:11,385 INFO ncaa_identity: contest_id=177149 teams 2489/2489 matched, players 6026/7025 matched
2026-08-24 01:34:12,961 INFO ncaa_identity: contest_id=177159 teams 2269/2269 matched, players 6103/6380 matched
2026-08-24 01:34:14,249 INFO ncaa_identity: contest_id=177172 teams 2629/2629 matched, players 6778/7412 matched
2026-08-24 01:34:15,664 INFO ncaa_identity: contest_id=177205 teams 1267/2534 matched, players 3543/7136 matched
2026-08-24 01:34:20,721 INFO ncaa_identity: contest_id=177348 teams 1169/2291 matched, players 3304/6415 matched
2026-08-24 01:34:23,731 INFO ncaa_identity: contest_id=177424 teams 2447/2447 matched, players 6297/6910 matched
2026-08-24 01:34:25,160 INFO ncaa_identity: contest_id=177444 teams 2162/2162 matched, players 5468/6037 matched
2026-08-24 01:34:26,815 INFO ncaa_identity: contest_id=177474 teams 2577/2577 matched, players 6688/7265 matched
2026-08-24 01:34:36,469 INFO ncaa_identity: contest_id=177596 teams 1240/2434 matched, players 3448/6792 matched
2026-08-24 01:34:40,911 INFO ncaa_identity: contest_id=177648 teams 2393/2393 matched, players 6610/6670 matched
2026-08-24 01:34:44,346 INFO ncaa_identity: contest_id=177720 teams 2461/2461 matched, players 6342/6947 matched
2026-08-24 01:34:48,568 INFO ncaa_identity: contest_id=177802 teams 1360/2657 matched, players 3863/7546 matched
2026-08-24 01:34:51,651 INFO ncaa_identity: contest_id=177903 teams 2467/2467 matched, players 6704/6984 matched
2026-08-24 01:34:54,274 INFO ncaa_identity: contest_id=177967 teams 1244/2444 matched, players 3133/6858 matched
2026-08-24 01:34:56,308 INFO ncaa_identity: contest_id=178018 teams 2350/2350 matched, players 6012/6643 matched
2026-08-24 01:34:57,632 INFO ncaa_identity: contest_id=178089 teams 2381/2381 matched, players 6119/6741 matched
2026-08-24 01:34:59,652 INFO ncaa_identity: contest_id=178136 teams 2560/2560 matched, players 7107/7214 matched
2026-08-24 01:35:03,057 INFO ncaa_identity: contest_id=178298 teams 2317/2317 matched, players 6519/6521 matched
2026-08-24 01:35:04,582 INFO ncaa_identity: contest_id=178321 teams 2474/2474 matched, players 6884/7035 matched
2026-08-24 01:35:08,005 INFO ncaa_identity: contest_id=178352 teams 2689/2689 matched, players 7265/7541 matched
2026-08-24 01:35:12,850 INFO ncaa_identity: contest_id=178401 teams 2446/2446 matched, players 6509/6900 matched
2026-08-24 01:35:15,102 INFO ncaa_identity: contest_id=178417 teams 2299/2299 matched, players 5820/6448 matched
2026-08-24 01:35:16,619 INFO ncaa_identity: contest_id=178443 teams 2440/2440 matched, players 6373/6844 matched
2026-08-24 01:35:20,080 INFO ncaa_identity: contest_id=178480 teams 2556/2556 matched, players 6504/7222 matched
2026-08-24 01:35:21,656 INFO ncaa_identity: contest_id=178490 teams 2730/2730 matched, players 6819/7701 matched
2026-08-24 01:35:23,079 INFO ncaa_identity: contest_id=178529 teams 1336/2693 matched, players 3846/7628 matched
2026-08-24 01:35:24,281 INFO ncaa_identity: contest_id=178579 teams 2178/2178 matched, players 5979/6160 matched
2026-08-24 01:35:29,035 INFO ncaa_identity: contest_id=178739 teams 1122/2226 matched, players 3017/6285 matched
2026-08-24 01:35:30,366 INFO ncaa_identity: contest_id=178781 teams 2501/2501 matched, players 6546/7045 matched
2026-08-24 01:35:32,033 INFO ncaa_identity: contest_id=178792 teams 2754/2754 matched, players 7102/7787 matched
2026-08-24 01:35:36,115 INFO ncaa_identity: contest_id=178839 teams 1346/2708 matched, players 3413/7641 matched
2026-08-24 01:35:38,809 INFO ncaa_identity: contest_id=178871 teams 2828/2828 matched, players 7604/7982 matched
2026-08-24 01:35:40,001 INFO ncaa_identity: contest_id=178887 teams 2272/2272 matched, players 6013/6399 matched
2026-08-24 01:35:42,609 INFO ncaa_identity: contest_id=178910 teams 2114/2114 matched, players 5346/5950 matched
2026-08-24 01:35:43,861 INFO ncaa_identity: contest_id=178920 teams 2741/2741 matched, players 7115/7740 matched
2026-08-24 01:35:46,391 INFO ncaa_identity: contest_id=178949 teams 2281/2281 matched, players 5766/6408 matched
2026-08-24 01:35:48,917 INFO ncaa_identity: contest_id=178993 teams 1325/2657 matched, players 3745/7513 matched
2026-08-24 01:35:50,079 INFO ncaa_identity: contest_id=179017 teams 2057/2057 matched, players 5593/5775 matched
2026-08-24 01:35:55,250 INFO ncaa_identity: contest_id=179088 teams 2351/2351 matched, players 6031/6555 matched
2026-08-24 01:35:57,973 INFO ncaa_identity: contest_id=179170 teams 1169/2316 matched, players 2891/6547 matched
2026-08-24 01:36:00,772 INFO ncaa_identity: contest_id=179250 teams 1280/2667 matched, players 3456/7547 matched
2026-08-24 01:36:05,647 INFO ncaa_identity: contest_id=179353 teams 1023/2125 matched, players 2646/5938 matched
2026-08-24 01:36:07,068 INFO ncaa_identity: contest_id=179381 teams 2136/2136 matched, players 5881/6038 matched
2026-08-24 01:36:11,255 INFO ncaa_identity: contest_id=179472 teams 2697/2697 matched, players 7189/7655 matched
2026-08-24 01:36:14,935 INFO ncaa_identity: contest_id=179541 teams 1155/2303 matched, players 3270/6484 matched
2026-08-24 01:36:16,763 INFO ncaa_identity: contest_id=179565 teams 1468/2873 matched, players 4066/8112 matched
2026-08-24 01:36:18,446 INFO ncaa_identity: contest_id=179591 teams 1293/2612 matched, players 3719/7378 matched
2026-08-24 01:36:20,327 INFO ncaa_identity: contest_id=179611 teams 1098/2152 matched, players 3074/6047 matched
2026-08-24 01:36:22,335 INFO ncaa_identity: contest_id=179631 teams 2183/2183 matched, players 5591/6101 matched
2026-08-24 01:36:29,567 INFO ncaa_identity: contest_id=179777 teams 2309/2309 matched, players 6187/6542 matched
2026-08-24 01:36:32,677 INFO ncaa_identity: contest_id=179835 teams 2541/2541 matched, players 6961/7216 matched
2026-08-24 01:36:33,995 INFO ncaa_identity: contest_id=179863 teams 1133/2236 matched, players 3142/6268 matched
2026-08-24 01:36:38,493 INFO ncaa_identity: contest_id=179936 teams 2108/2108 matched, players 5844/5931 matched
2026-08-24 01:36:40,106 INFO ncaa_identity: contest_id=179969 teams 1111/2143 matched, players 3008/5974 matched
2026-08-24 01:36:41,405 INFO ncaa_identity: contest_id=180002 teams 2263/2263 matched, players 5851/6344 matched
2026-08-24 01:36:43,034 INFO ncaa_identity: contest_id=180057 teams 2146/2146 matched, players 5593/6042 matched
2026-08-24 01:36:50,162 INFO ncaa_identity: contest_id=180252 teams 2653/2653 matched, players 7449/7521 matched
2026-08-24 01:36:51,344 INFO ncaa_identity: contest_id=180277 teams 2395/2395 matched, players 6209/6769 matched
2026-08-24 01:36:56,109 INFO ncaa_identity: contest_id=180397 teams 2727/2727 matched, players 7132/7690 matched
2026-08-24 01:36:58,999 INFO ncaa_identity: contest_id=180479 teams 2264/2264 matched, players 5319/6404 matched
2026-08-24 01:37:02,253 INFO ncaa_identity: contest_id=180549 teams 2454/2454 matched, players 6468/6943 matched
2026-08-24 01:37:05,431 INFO ncaa_identity: contest_id=180596 teams 2484/2484 matched, players 6017/7000 matched
2026-08-24 01:37:11,893 INFO ncaa_identity: contest_id=180691 teams 2432/2432 matched, players 6464/6838 matched
2026-08-24 01:37:13,334 INFO ncaa_identity: contest_id=180718 teams 2409/2409 matched, players 6739/6784 matched
2026-08-24 01:37:16,585 INFO ncaa_identity: contest_id=180771 teams 1965/1965 matched, players 5196/5552 matched
2026-08-24 01:37:24,013 INFO ncaa_identity: contest_id=180917 teams 2229/2229 matched, players 6026/6301 matched
2026-08-24 01:37:27,241 INFO ncaa_identity: contest_id=180986 teams 2339/2339 matched, players 5902/6595 matched
2026-08-24 01:37:28,846 INFO ncaa_identity: contest_id=181009 teams 2818/2818 matched, players 7936/7966 matched
2026-08-24 01:37:34,429 INFO ncaa_identity: contest_id=181152 teams 1346/2614 matched, players 3722/7398 matched
2026-08-24 01:37:35,860 INFO ncaa_identity: contest_id=181192 teams 2648/2648 matched, players 7300/7474 matched
2026-08-24 01:37:38,981 INFO ncaa_identity: contest_id=181244 teams 2641/2641 matched, players 7100/7405 matched
2026-08-24 01:37:42,504 INFO ncaa_identity: contest_id=181292 teams 1555/2995 matched, players 3813/8415 matched
2026-08-24 01:37:45,558 INFO ncaa_identity: contest_id=181352 teams 2407/2407 matched, players 6304/6822 matched
2026-08-24 01:37:48,539 INFO ncaa_identity: contest_id=181430 teams 1175/2376 matched, players 3331/6728 matched
2026-08-24 01:37:49,816 INFO ncaa_identity: contest_id=181475 teams 2270/2270 matched, players 6366/6386 matched
2026-08-24 01:37:53,100 INFO ncaa_identity: contest_id=181532 teams 2540/2540 matched, players 6536/7137 matched
2026-08-24 01:37:56,316 INFO ncaa_identity: contest_id=181578 teams 1146/2247 matched, players 3179/6298 matched
2026-08-24 01:37:59,119 INFO ncaa_identity: contest_id=181623 teams 2212/2212 matched, players 5101/6198 matched
2026-08-24 01:38:02,316 INFO ncaa_identity: contest_id=181676 teams 1201/2440 matched, players 3059/6836 matched
2026-08-24 01:38:06,290 INFO ncaa_identity: contest_id=181744 teams 1267/2483 matched, players 3517/7044 matched
2026-08-24 01:38:09,319 INFO ncaa_identity: contest_id=181783 teams 1302/2525 matched, players 3152/7133 matched
2026-08-24 01:38:10,578 INFO ncaa_identity: contest_id=181821 teams 1334/2579 matched, players 3737/7259 matched
2026-08-24 01:38:11,757 INFO ncaa_identity: contest_id=181841 teams 2542/2542 matched, players 6921/7208 matched
2026-08-24 01:38:13,514 INFO ncaa_identity: contest_id=181883 teams 2696/2696 matched, players 7169/7639 matched
2026-08-24 01:38:14,848 INFO ncaa_identity: contest_id=181914 teams 2056/2056 matched, players 5735/5810 matched
2026-08-24 01:38:16,664 INFO ncaa_identity: contest_id=181945 teams 2250/2250 matched, players 5926/6348 matched
2026-08-24 01:38:17,879 INFO ncaa_identity: contest_id=181969 teams 1911/1911 matched, players 4982/5400 matched
2026-08-24 01:38:19,274 INFO ncaa_identity: contest_id=182009 teams 1255/2512 matched, players 3519/7092 matched
2026-08-24 01:38:23,928 INFO ncaa_identity: contest_id=182094 teams 2316/2316 matched, players 6139/6538 matched
2026-08-24 01:38:25,516 INFO ncaa_identity: contest_id=182118 teams 1441/2869 matched, players 4067/8184 matched
2026-08-24 01:38:27,065 INFO ncaa_identity: contest_id=182130 teams 2118/2118 matched, players 5785/5959 matched
2026-08-24 01:38:32,403 INFO ncaa_identity: contest_id=182220 teams 1160/2357 matched, players 3278/6649 matched
2026-08-24 01:38:36,477 INFO ncaa_identity: contest_id=182305 teams 2305/2305 matched, players 6353/6534 matched
2026-08-24 01:38:37,966 INFO ncaa_identity: contest_id=182331 teams 1138/2291 matched, players 3199/6479 matched
2026-08-24 01:38:41,270 INFO ncaa_identity: contest_id=182387 teams 2194/2194 matched, players 5170/6157 matched
2026-08-24 01:38:42,603 INFO ncaa_identity: contest_id=182422 teams 2501/2501 matched, players 6614/7067 matched
2026-08-24 01:38:43,785 INFO ncaa_identity: contest_id=182436 teams 2407/2407 matched, players 6189/6794 matched
2026-08-24 01:38:47,953 INFO ncaa_identity: contest_id=182495 teams 2254/2254 matched, players 5928/6387 matched
2026-08-24 01:38:49,293 INFO ncaa_identity: contest_id=182509 teams 2459/2459 matched, players 6876/6953 matched
2026-08-24 01:38:55,035 INFO ncaa_identity: contest_id=182555 teams 2477/2477 matched, players 6814/6979 matched
2026-08-24 01:38:56,458 INFO ncaa_identity: contest_id=182576 teams 2470/2470 matched, players 6910/6934 matched
2026-08-24 01:38:58,429 INFO ncaa_identity: contest_id=182587 teams 2380/2380 matched, players 5807/6691 matched
2026-08-24 01:39:00,180 INFO ncaa_identity: contest_id=182598 teams 2306/2306 matched, players 5739/6499 matched
2026-08-24 01:39:01,448 INFO ncaa_identity: contest_id=182608 teams 906/1864 matched, players 2494/5245 matched
2026-08-24 01:39:03,137 INFO ncaa_identity: contest_id=182618 teams 2364/2364 matched, players 6390/6649 matched
2026-08-24 01:39:06,021 INFO ncaa_identity: contest_id=182645 teams 2658/2658 matched, players 7283/7503 matched
2026-08-24 01:39:08,999 INFO ncaa_identity: contest_id=182667 teams 2633/2633 matched, players 7016/7419 matched
2026-08-24 01:39:10,320 INFO ncaa_identity: contest_id=182677 teams 2493/2493 matched, players 6898/6996 matched
2026-08-24 01:39:11,537 INFO ncaa_identity: contest_id=182688 teams 1157/2292 matched, players 3204/6468 matched
2026-08-24 01:39:13,043 INFO ncaa_identity: contest_id=182698 teams 2351/2351 matched, players 6529/6597 matched
2026-08-24 01:39:14,714 INFO ncaa_identity: contest_id=182708 teams 1319/2587 matched, players 3315/7260 matched
2026-08-24 01:39:17,215 INFO ncaa_identity: contest_id=182729 teams 2002/2002 matched, players 5019/5609 matched
2026-08-24 01:39:18,375 INFO ncaa_identity: contest_id=182739 teams 2340/2340 matched, players 6013/6591 matched
2026-08-24 01:39:19,911 INFO ncaa_identity: contest_id=182750 teams 2175/2175 matched, players 6105/6118 matched
2026-08-24 01:39:21,135 INFO ncaa_identity: contest_id=182765 teams 2548/2548 matched, players 6681/7202 matched
2026-08-24 01:39:25,376 INFO ncaa_identity: contest_id=182815 teams 2593/2593 matched, players 7227/7305 matched
2026-08-24 01:39:28,166 INFO ncaa_identity: contest_id=182868 teams 1272/2527 matched, players 3566/7170 matched
2026-08-24 01:39:29,661 INFO ncaa_identity: contest_id=182896 teams 2653/2653 matched, players 6921/7480 matched
2026-08-24 01:39:32,089 INFO ncaa_identity: contest_id=182974 teams 1110/2188 matched, players 2128/6194 matched
2026-08-24 01:39:35,087 INFO ncaa_identity: contest_id=183061 teams 2377/2377 matched, players 6298/6721 matched
2026-08-24 01:39:38,159 INFO ncaa_identity: contest_id=183183 teams 1419/2872 matched, players 4025/8137 matched
2026-08-24 01:39:40,730 INFO ncaa_identity: contest_id=183229 teams 2238/2238 matched, players 5787/6284 matched
2026-08-24 01:39:45,285 INFO ncaa_identity: contest_id=183298 teams 1197/2389 matched, players 3397/6752 matched
2026-08-24 01:39:49,902 INFO ncaa_identity: contest_id=183362 teams 1160/2292 matched, players 3236/6444 matched
2026-08-24 01:39:54,420 INFO ncaa_identity: contest_id=183414 teams 2290/2290 matched, players 6292/6471 matched
2026-08-24 01:39:56,141 INFO ncaa_identity: contest_id=183438 teams 2532/2532 matched, players 6313/7178 matched
2026-08-24 01:40:00,260 INFO ncaa_identity: contest_id=183506 teams 2412/2412 matched, players 6301/6789 matched
2026-08-24 01:40:01,788 INFO ncaa_identity: contest_id=183531 teams 2174/2174 matched, players 5778/6161 matched
2026-08-24 01:40:07,218 INFO ncaa_identity: contest_id=183670 teams 2693/2693 matched, players 6754/7637 matched
2026-08-24 01:40:09,989 INFO ncaa_identity: contest_id=183746 teams 2171/2171 matched, players 5694/6130 matched
2026-08-24 01:40:13,076 INFO ncaa_identity: contest_id=183809 teams 2018/2018 matched, players 5206/5680 matched
2026-08-24 01:40:14,465 INFO ncaa_identity: contest_id=183844 teams 2323/2323 matched, players 6449/6575 matched
2026-08-24 01:40:21,796 INFO ncaa_identity: contest_id=183952 teams 2286/2286 matched, players 5959/6462 matched
2026-08-24 01:40:23,246 INFO ncaa_identity: contest_id=183986 teams 1104/2230 matched, players 3180/6313 matched
2026-08-24 01:40:26,479 INFO ncaa_identity: contest_id=184094 teams 2398/2398 matched, players 6731/6753 matched
2026-08-24 01:40:28,232 INFO ncaa_identity: contest_id=184117 teams 2778/2778 matched, players 7745/7860 matched
2026-08-24 01:40:29,802 INFO ncaa_identity: contest_id=184149 teams 2340/2340 matched, players 6296/6640 matched
2026-08-24 01:40:29,942 INFO 5 starters not found for period 3; using estimate
2026-08-24 01:40:31,726 INFO ncaa_identity: contest_id=184183 teams 2681/2681 matched, players 7135/7570 matched
2026-08-24 01:40:32,914 INFO ncaa_identity: contest_id=184214 teams 2075/2075 matched, players 5341/5875 matched
2026-08-24 01:40:35,204 INFO ncaa_identity: contest_id=184271 teams 2064/2064 matched, players 5261/5799 matched
2026-08-24 01:40:37,810 INFO ncaa_identity: contest_id=184338 teams 2349/2349 matched, players 6093/6616 matched
2026-08-24 01:40:40,553 INFO ncaa_identity: contest_id=184416 teams 2273/2273 matched, players 5672/6421 matched
2026-08-24 01:40:45,836 INFO ncaa_identity: contest_id=184526 teams 2155/2155 matched, players 5615/6065 matched
2026-08-24 01:40:49,603 INFO ncaa_identity: contest_id=184602 teams 2434/2434 matched, players 6270/6866 matched
2026-08-24 01:40:50,773 INFO ncaa_identity: contest_id=184657 teams 2341/2341 matched, players 6084/6605 matched
2026-08-24 01:40:52,205 INFO ncaa_identity: contest_id=184683 teams 2467/2467 matched, players 6145/6949 matched
2026-08-24 01:40:53,369 INFO ncaa_identity: contest_id=184717 teams 2452/2452 matched, players 6330/6949 matched
2026-08-24 01:40:57,195 INFO ncaa_identity: contest_id=184852 teams 2533/2533 matched, players 6915/7196 matched
2026-08-24 01:40:58,645 INFO ncaa_identity: contest_id=184885 teams 2315/2315 matched, players 6064/6572 matched
2026-08-24 01:41:05,273 INFO ncaa_identity: contest_id=185031 teams 2401/2401 matched, players 6631/6794 matched
2026-08-24 01:41:10,088 INFO ncaa_identity: contest_id=185183 teams 2261/2261 matched, players 5799/6380 matched
2026-08-24 01:41:11,467 INFO ncaa_identity: contest_id=185210 teams 2075/2075 matched, players 5790/5847 matched
2026-08-24 01:41:12,611 INFO ncaa_identity: contest_id=185253 teams 2424/2424 matched, players 6709/6841 matched
2026-08-24 01:41:14,013 INFO ncaa_identity: contest_id=185279 teams 1923/1923 matched, players 5320/5390 matched
2026-08-24 01:41:15,234 INFO ncaa_identity: contest_id=185317 teams 2058/2058 matched, players 5522/5793 matched
2026-08-24 01:41:27,356 INFO ncaa_identity: contest_id=185577 teams 2457/2457 matched, players 6444/6951 matched
2026-08-24 01:41:30,975 INFO ncaa_identity: contest_id=185629 teams 2979/2979 matched, players 7931/8470 matched
2026-08-24 01:41:33,750 INFO ncaa_identity: contest_id=185683 teams 2578/2578 matched, players 7218/7233 matched
2026-08-24 01:41:36,380 INFO ncaa_identity: contest_id=185733 teams 2349/2349 matched, players 6062/6625 matched
2026-08-24 01:41:37,955 INFO ncaa_identity: contest_id=185764 teams 2650/2650 matched, players 6984/7454 matched
2026-08-24 01:41:39,306 INFO ncaa_identity: contest_id=185801 teams 2103/2103 matched, players 5534/5922 matched
2026-08-24 01:41:41,968 INFO ncaa_identity: contest_id=185868 teams 2213/2213 matched, players 6077/6260 matched
2026-08-24 01:41:48,909 INFO ncaa_identity: contest_id=186093 teams 2353/2353 matched, players 6467/6604 matched
2026-08-24 01:41:51,921 INFO ncaa_identity: contest_id=186142 teams 2403/2403 matched, players 6697/6781 matched
2026-08-24 01:41:54,901 INFO ncaa_identity: contest_id=186182 teams 2137/2137 matched, players 5959/5965 matched
2026-08-24 01:41:56,197 INFO ncaa_identity: contest_id=186211 teams 1326/2620 matched, players 3586/7404 matched
2026-08-24 01:41:58,867 INFO ncaa_identity: contest_id=186307 teams 2556/2556 matched, players 6683/7251 matched
2026-08-24 01:42:01,392 INFO ncaa_identity: contest_id=186365 teams 2062/2062 matched, players 5384/5828 matched
2026-08-24 01:42:02,847 INFO ncaa_identity: contest_id=186392 teams 2312/2312 matched, players 5724/6493 matched
2026-08-24 01:42:04,093 INFO ncaa_identity: contest_id=186436 teams 2160/2160 matched, players 5926/6077 matched
2026-08-24 01:42:09,782 INFO ncaa_identity: contest_id=186577 teams 1870/1870 matched, players 4913/5280 matched
2026-08-24 01:42:12,656 INFO ncaa_identity: contest_id=186671 teams 2328/2328 matched, players 6506/6567 matched
2026-08-24 01:42:18,150 INFO ncaa_identity: contest_id=186768 teams 2182/2182 matched, players 6144/6166 matched
2026-08-24 01:42:21,153 INFO ncaa_identity: contest_id=186816 teams 2042/2042 matched, players 5312/5742 matched
2026-08-24 01:42:22,433 INFO ncaa_identity: contest_id=186840 teams 2825/2825 matched, players 6878/7993 matched
2026-08-24 01:42:23,450 INFO ncaa_identity: contest_id=186860 teams 2090/2090 matched, players 5393/5897 matched
2026-08-24 01:42:24,999 INFO ncaa_identity: contest_id=186881 teams 2433/2433 matched, players 6775/6849 matched
2026-08-24 01:42:26,266 INFO ncaa_identity: contest_id=186911 teams 2287/2287 matched, players 6081/6458 matched
2026-08-24 01:42:27,894 INFO ncaa_identity: contest_id=186961 teams 2411/2411 matched, players 6550/6809 matched
2026-08-24 01:42:30,605 INFO ncaa_identity: contest_id=187023 teams 2358/2358 matched, players 6136/6651 matched
2026-08-24 01:42:32,123 INFO ncaa_identity: contest_id=187081 teams 3240/3240 matched, players 8281/9186 matched
2026-08-24 01:42:36,258 INFO ncaa_identity: contest_id=187185 teams 1150/2323 matched, players 3026/6573 matched
2026-08-24 01:42:41,988 INFO ncaa_identity: contest_id=187294 teams 2001/2001 matched, players 5294/5650 matched
2026-08-24 01:42:45,387 INFO ncaa_identity: contest_id=187382 teams 2509/2509 matched, players 6759/7094 matched
2026-08-24 01:42:52,739 INFO ncaa_identity: contest_id=187540 teams 1005/2012 matched, players 2800/5686 matched
2026-08-24 01:42:54,428 INFO ncaa_identity: contest_id=187567 teams 2279/2279 matched, players 5809/6439 matched
2026-08-24 01:42:55,632 INFO ncaa_identity: contest_id=187611 teams 2021/2021 matched, players 5173/5700 matched
2026-08-24 01:42:57,296 INFO ncaa_identity: contest_id=187640 teams 1316/2646 matched, players 3781/7500 matched
2026-08-24 01:43:01,254 INFO ncaa_identity: contest_id=187760 teams 2090/2090 matched, players 5534/5841 matched
2026-08-24 01:43:02,622 INFO ncaa_identity: contest_id=187807 teams 2335/2335 matched, players 6453/6588 matched
2026-08-24 01:43:04,397 INFO ncaa_identity: contest_id=187834 teams 2382/2382 matched, players 6369/6722 matched
2026-08-24 01:43:07,332 INFO ncaa_identity: contest_id=187871 teams 2575/2575 matched, players 6745/7259 matched
2026-08-24 01:43:08,599 INFO ncaa_identity: contest_id=187896 teams 2300/2300 matched, players 5194/6442 matched
2026-08-24 01:43:12,326 INFO ncaa_identity: contest_id=187940 teams 2350/2350 matched, players 6147/6633 matched
2026-08-24 01:43:13,566 INFO ncaa_identity: contest_id=187968 teams 2085/2085 matched, players 5021/5864 matched
2026-08-24 01:43:18,779 INFO ncaa_identity: contest_id=188054 teams 2850/2850 matched, players 7793/8074 matched
2026-08-24 01:43:23,070 INFO ncaa_identity: contest_id=188179 teams 2467/2467 matched, players 6517/6922 matched
2026-08-24 01:43:26,776 INFO ncaa_identity: contest_id=188289 teams 2008/2008 matched, players 5631/5675 matched
2026-08-24 01:43:29,864 INFO ncaa_identity: contest_id=188343 teams 2551/2551 matched, players 6758/7233 matched
2026-08-24 01:43:35,621 INFO ncaa_identity: contest_id=188496 teams 2529/2529 matched, players 6825/7214 matched
2026-08-24 01:43:40,279 INFO ncaa_identity: contest_id=188575 teams 2528/2528 matched, players 7089/7145 matched
2026-08-24 01:43:43,686 INFO ncaa_identity: contest_id=188643 teams 2240/2240 matched, players 5937/6310 matched
2026-08-24 01:43:48,063 INFO ncaa_identity: contest_id=188744 teams 2027/2027 matched, players 5366/5695 matched
2026-08-24 01:43:53,207 INFO ncaa_identity: contest_id=188864 teams 2827/2827 matched, players 7420/7942 matched
2026-08-24 01:43:56,625 INFO ncaa_identity: contest_id=188921 teams 2477/2477 matched, players 6971/6994 matched
2026-08-24 01:44:00,886 INFO ncaa_identity: contest_id=189010 teams 2351/2351 matched, players 5927/6658 matched
2026-08-24 01:44:04,196 INFO ncaa_identity: contest_id=189055 teams 2014/2014 matched, players 5321/5638 matched
2026-08-24 01:44:07,316 INFO ncaa_identity: contest_id=189107 teams 2399/2399 matched, players 6448/6801 matched
2026-08-24 01:44:18,385 INFO ncaa_identity: contest_id=189389 teams 2043/2043 matched, players 5234/5782 matched
2026-08-24 01:44:19,731 INFO ncaa_identity: contest_id=189408 teams 2807/2807 matched, players 7404/7995 matched
2026-08-24 01:44:26,731 INFO ncaa_identity: contest_id=189559 teams 2374/2374 matched, players 6152/6724 matched
2026-08-24 01:44:29,643 INFO ncaa_identity: contest_id=189607 teams 2110/2110 matched, players 5361/5959 matched
2026-08-24 01:44:32,012 INFO ncaa_identity: contest_id=189667 teams 2248/2248 matched, players 5546/6257 matched
2026-08-24 01:44:36,736 INFO ncaa_identity: contest_id=189767 teams 2434/2434 matched, players 6426/6878 matched
2026-08-24 01:44:38,068 INFO ncaa_identity: contest_id=189801 teams 2451/2451 matched, players 6756/6917 matched
2026-08-24 01:44:42,141 INFO ncaa_identity: contest_id=189936 teams 2456/2456 matched, players 6230/6907 matched
2026-08-24 01:44:45,099 INFO ncaa_identity: contest_id=190000 teams 2617/2617 matched, players 7384/7385 matched
2026-08-24 01:44:48,467 INFO ncaa_identity: contest_id=190049 teams 2340/2340 matched, players 6457/6630 matched
2026-08-24 01:44:51,331 INFO ncaa_identity: contest_id=190093 teams 2504/2504 matched, players 6159/7003 matched
2026-08-24 01:44:54,123 INFO ncaa_identity: contest_id=190141 teams 2077/2077 matched, players 5437/5855 matched
2026-08-24 01:44:55,736 INFO ncaa_identity: contest_id=190168 teams 2526/2526 matched, players 6316/7135 matched
2026-08-24 01:44:57,333 INFO ncaa_identity: contest_id=190214 teams 1992/1992 matched, players 5143/5640 matched
2026-08-24 01:45:03,216 INFO ncaa_identity: contest_id=190365 teams 2376/2376 matched, players 6310/6721 matched
2026-08-24 01:45:07,239 INFO ncaa_identity: contest_id=190471 teams 2478/2478 matched, players 6633/7006 matched
2026-08-24 01:45:08,714 INFO ncaa_identity: contest_id=190504 teams 963/1899 matched, players 2657/5361 matched
2026-08-24 01:45:10,159 INFO ncaa_identity: contest_id=190530 teams 2362/2362 matched, players 6320/6665 matched
2026-08-24 01:45:14,311 INFO ncaa_identity: contest_id=190626 teams 2229/2229 matched, players 5935/6282 matched
2026-08-24 01:45:15,899 INFO ncaa_identity: contest_id=190654 teams 2278/2278 matched, players 5779/6380 matched
2026-08-24 01:45:17,443 INFO ncaa_identity: contest_id=190693 teams 2626/2626 matched, players 7382/7411 matched
2026-08-24 01:45:18,990 INFO ncaa_identity: contest_id=190718 teams 2065/2065 matched, players 5611/5810 matched
2026-08-24 01:45:24,688 INFO ncaa_identity: contest_id=190836 teams 2547/2547 matched, players 6278/7203 matched
2026-08-24 01:45:26,066 INFO ncaa_identity: contest_id=190880 teams 2235/2235 matched, players 5861/6323 matched
2026-08-24 01:45:27,878 INFO ncaa_identity: contest_id=190928 teams 2892/2892 matched, players 7301/8157 matched
2026-08-24 01:45:30,793 INFO ncaa_identity: contest_id=191008 teams 2306/2306 matched, players 6054/6514 matched
2026-08-24 01:45:32,258 INFO ncaa_identity: contest_id=191040 teams 2157/2157 matched, players 5240/6062 matched
2026-08-24 01:45:33,532 INFO ncaa_identity: contest_id=191066 teams 2146/2146 matched, players 5521/6020 matched
2026-08-24 01:45:36,244 INFO ncaa_identity: contest_id=191116 teams 1823/1823 matched, players 4677/5132 matched
2026-08-24 01:45:37,731 INFO ncaa_identity: contest_id=191131 teams 1993/1993 matched, players 5396/5605 matched
2026-08-24 01:45:40,507 INFO ncaa_identity: contest_id=191169 teams 2517/2517 matched, players 6721/7106 matched
2026-08-24 01:45:42,306 INFO ncaa_identity: contest_id=191197 teams 1910/1910 matched, players 5267/5383 matched
2026-08-24 01:45:49,278 INFO ncaa_identity: contest_id=191344 teams 1974/1974 matched, players 796/815 matched
2026-08-24 01:45:50,915 INFO ncaa_identity: contest_id=191357 teams 2223/2223 matched, players 5908/6252 matched
2026-08-24 01:45:52,260 INFO ncaa_identity: contest_id=191375 teams 2478/2478 matched, players 6582/7010 matched
2026-08-24 01:46:04,293 INFO ncaa_identity: contest_id=191613 teams 2534/2534 matched, players 7142/7166 matched
2026-08-24 01:46:07,173 INFO ncaa_identity: contest_id=191691 teams 2127/2127 matched, players 5871/6006 matched
2026-08-24 01:46:08,306 INFO ncaa_identity: contest_id=191706 teams 2356/2356 matched, players 6063/6700 matched
2026-08-24 01:46:08,444 INFO 5 starters not found for period 3; using estimate
2026-08-24 01:46:10,063 INFO ncaa_identity: contest_id=191725 teams 2771/2771 matched, players 7109/7826 matched
2026-08-24 01:46:16,131 INFO ncaa_identity: contest_id=191792 teams 2383/2383 matched, players 6043/6741 matched
2026-08-24 01:46:17,333 INFO ncaa_identity: contest_id=191811 teams 2203/2203 matched, players 5813/6247 matched
2026-08-24 01:46:18,452 INFO ncaa_identity: contest_id=191828 teams 2216/2216 matched, players 5702/6254 matched
2026-08-24 01:46:20,236 INFO ncaa_identity: contest_id=191846 teams 2408/2408 matched, players 5766/6790 matched
2026-08-24 01:46:21,709 INFO ncaa_identity: contest_id=191860 teams 2103/2103 matched, players 5381/5903 matched
2026-08-24 01:46:24,778 INFO ncaa_identity: contest_id=191947 teams 2254/2254 matched, players 6128/6322 matched
2026-08-24 01:46:25,865 INFO ncaa_identity: contest_id=191957 teams 2147/2147 matched, players 5744/6062 matched
2026-08-24 01:46:28,854 INFO ncaa_identity: contest_id=191999 teams 2770/2770 matched, players 7418/7847 matched
2026-08-24 01:46:33,016 INFO ncaa_identity: contest_id=192042 teams 1936/1936 matched, players 5301/5476 matched
2026-08-24 01:46:34,286 INFO ncaa_identity: contest_id=192052 teams 2068/2068 matched, players 5363/5868 matched
2026-08-24 01:46:35,804 INFO ncaa_identity: contest_id=192085 teams 2112/2112 matched, players 5711/5987 matched
2026-08-24 01:46:37,108 INFO ncaa_identity: contest_id=192095 teams 2278/2278 matched, players 6318/6400 matched
2026-08-24 01:46:40,449 INFO ncaa_identity: contest_id=192141 teams 2754/2754 matched, players 7317/7816 matched
2026-08-24 01:46:41,712 INFO ncaa_identity: contest_id=192152 teams 2154/2154 matched, players 5263/6083 matched
2026-08-24 01:46:45,045 INFO ncaa_identity: contest_id=192172 teams 2625/2625 matched, players 6720/7373 matched
2026-08-24 01:46:46,659 INFO ncaa_identity: contest_id=192182 teams 2344/2344 matched, players 6091/6660 matched
2026-08-24 01:46:55,431 INFO ncaa_identity: contest_id=192325 teams 2364/2364 matched, players 6431/6660 matched
2026-08-24 01:46:59,306 INFO ncaa_identity: contest_id=192355 teams 2366/2366 matched, players 6265/6681 matched
2026-08-24 01:47:02,101 INFO ncaa_identity: contest_id=192375 teams 2161/2161 matched, players 5268/6111 matched
2026-08-24 01:47:03,668 INFO ncaa_identity: contest_id=192385 teams 2226/2226 matched, players 5312/6322 matched
2026-08-24 01:47:06,140 INFO ncaa_identity: contest_id=192432 teams 2208/2208 matched, players 5582/6233 matched
2026-08-24 01:47:09,004 INFO ncaa_identity: contest_id=192481 teams 2080/2080 matched, players 5822/5842 matched
2026-08-24 01:47:12,208 INFO ncaa_identity: contest_id=192515 teams 2042/2042 matched, players 5310/5773 matched
2026-08-24 01:47:13,482 INFO ncaa_identity: contest_id=192527 teams 2204/2204 matched, players 6101/6232 matched
2026-08-24 01:47:14,619 INFO ncaa_identity: contest_id=192537 teams 2397/2397 matched, players 5593/6743 matched
2026-08-24 01:47:16,117 INFO ncaa_identity: contest_id=192547 teams 2326/2326 matched, players 6000/6570 matched
2026-08-24 01:47:17,177 INFO ncaa_identity: contest_id=192557 teams 2383/2383 matched, players 6415/6760 matched
2026-08-24 01:47:20,692 INFO ncaa_identity: contest_id=192577 teams 2316/2316 matched, players 6301/6533 matched
2026-08-24 01:47:21,408 WARNING ncaa_parse: family=lineups contest_id=192587 team=Villanova produced NO good stints (22 bad, roster=10) -- parsed successfully but contributed nothing
2026-08-24 01:47:21,939 WARNING ncaa_parse: family=lineups contest_id=192587 team=St. John's (NY) produced NO good stints (25 bad, roster=13) -- parsed successfully but contributed nothing
2026-08-24 01:47:23,937 INFO ncaa_identity: contest_id=192598 teams 2108/2108 matched, players 5774/5942 matched
2026-08-24 01:47:25,354 INFO ncaa_identity: contest_id=192608 teams 2436/2436 matched, players 5834/6901 matched
2026-08-24 01:47:26,565 INFO ncaa_identity: contest_id=192618 teams 2583/2583 matched, players 6413/7328 matched
2026-08-24 01:47:29,287 INFO ncaa_identity: contest_id=192638 teams 2416/2416 matched, players 6765/6798 matched
2026-08-24 01:47:32,659 INFO ncaa_identity: contest_id=192666 teams 2051/2051 matched, players 4997/5728 matched
2026-08-24 01:47:35,614 INFO ncaa_identity: contest_id=192687 teams 2332/2332 matched, players 6272/6566 matched
2026-08-24 01:47:36,985 INFO ncaa_identity: contest_id=192697 teams 2156/2156 matched, players 5703/6072 matched
2026-08-24 01:47:38,492 INFO ncaa_identity: contest_id=192723 teams 2008/2008 matched, players 5275/5668 matched
2026-08-24 01:47:41,181 INFO ncaa_identity: contest_id=192770 teams 1960/1960 matched, players 4913/5494 matched
2026-08-24 01:47:52,366 INFO ncaa_identity: contest_id=192861 teams 2404/2404 matched, players 6172/6813 matched
2026-08-24 01:47:55,504 INFO ncaa_identity: contest_id=192884 teams 2202/2202 matched, players 5741/6235 matched
2026-08-24 01:47:57,043 INFO ncaa_identity: contest_id=192894 teams 2881/2881 matched, players 7751/8181 matched
2026-08-24 01:47:59,536 INFO ncaa_identity: contest_id=192920 teams 1836/1836 matched, players 4547/5199 matched
2026-08-24 01:48:02,702 INFO ncaa_identity: contest_id=192941 teams 2461/2461 matched, players 6601/6910 matched
2026-08-24 01:48:06,161 INFO ncaa_identity: contest_id=10058 teams 2219/2219 matched, players 5674/6227 matched
2026-08-24 01:48:07,586 INFO ncaa_identity: contest_id=10069 teams 1293/2522 matched, players 3579/7114 matched
2026-08-24 01:48:11,197 INFO ncaa_identity: contest_id=10093 teams 1399/2742 matched, players 3894/7723 matched
2026-08-24 01:48:14,618 INFO ncaa_identity: contest_id=10130 teams 2775/2775 matched, players 7466/7832 matched
2026-08-24 01:48:16,494 INFO ncaa_identity: contest_id=10140 teams 1317/2661 matched, players 3851/7539 matched
2026-08-24 01:48:18,262 INFO ncaa_identity: contest_id=10153 teams 1474/2968 matched, players 4174/8425 matched
2026-08-24 01:48:21,273 INFO ncaa_identity: contest_id=10179 teams 2471/2471 matched, players 6385/6934 matched
2026-08-24 01:48:23,892 INFO ncaa_identity: contest_id=10208 teams 2284/2284 matched, players 6442/6455 matched
2026-08-24 01:48:30,454 INFO ncaa_identity: contest_id=10330 teams 1136/2155 matched, players 2436/6060 matched
2026-08-24 01:48:32,155 INFO ncaa_identity: contest_id=10351 teams 1337/2549 matched, players 3290/7211 matched
2026-08-24 01:48:35,577 INFO ncaa_identity: contest_id=10417 teams 3144/3144 matched, players 8651/8879 matched
2026-08-24 01:48:37,325 INFO ncaa_identity: contest_id=10500 teams 1355/2706 matched, players 3423/7649 matched
2026-08-24 01:48:39,179 INFO ncaa_identity: contest_id=10511 teams 2284/2284 matched, players 6369/6444 matched
2026-08-24 01:48:43,974 INFO ncaa_identity: contest_id=10549 teams 1212/2327 matched, players 3260/6551 matched
2026-08-24 01:48:45,676 INFO ncaa_identity: contest_id=10582 teams 2615/2615 matched, players 7174/7385 matched
2026-08-24 01:48:50,741 INFO ncaa_identity: contest_id=10616 teams 2849/2849 matched, players 7912/7989 matched
2026-08-24 01:48:52,215 INFO ncaa_identity: contest_id=10626 teams 1224/2362 matched, players 2840/6634 matched
2026-08-24 01:48:53,630 INFO ncaa_identity: contest_id=10637 teams 1236/2426 matched, players 3412/6811 matched
2026-08-24 01:48:55,919 INFO ncaa_identity: contest_id=10649 teams 2760/2760 matched, players 7542/7739 matched
2026-08-24 01:48:59,551 INFO ncaa_identity: contest_id=10671 teams 1711/3449 matched, players 4765/9771 matched
2026-08-24 01:49:00,846 INFO ncaa_identity: contest_id=10685 teams 2379/2379 matched, players 6581/6737 matched
2026-08-24 01:49:02,607 INFO ncaa_identity: contest_id=10716 teams 1292/2500 matched, players 3566/7049 matched
2026-08-24 01:49:03,759 INFO ncaa_identity: contest_id=10731 teams 2012/2012 matched, players 5223/5679 matched
2026-08-24 01:49:07,041 INFO ncaa_identity: contest_id=10764 teams 2181/2181 matched, players 6141/6152 matched
2026-08-24 01:49:08,486 INFO ncaa_identity: contest_id=10794 teams 2327/2327 matched, players 6197/6579 matched
2026-08-24 01:49:11,510 INFO ncaa_identity: contest_id=10849 teams 1995/1995 matched, players 5191/5633 matched
2026-08-24 01:49:12,918 INFO ncaa_identity: contest_id=10883 teams 1207/2423 matched, players 3453/6778 matched
2026-08-24 01:49:19,332 INFO ncaa_identity: contest_id=11053 teams 1619/1619 matched, players 4109/4512 matched
2026-08-24 01:49:20,572 INFO ncaa_identity: contest_id=11073 teams 2108/2108 matched, players 5735/5957 matched
2026-08-24 01:49:22,051 INFO ncaa_identity: contest_id=11084 teams 2191/2191 matched, players 6143/6147 matched
2026-08-24 01:49:24,308 INFO ncaa_identity: contest_id=11128 teams 1984/1984 matched, players 5266/5619 matched
2026-08-24 01:49:28,459 INFO ncaa_identity: contest_id=11240 teams 2313/2313 matched, players 6010/6554 matched
2026-08-24 01:49:30,081 INFO ncaa_identity: contest_id=11267 teams 2312/2312 matched, players 6215/6511 matched
2026-08-24 01:49:31,339 INFO ncaa_identity: contest_id=11338 teams 2419/2419 matched, players 6504/6774 matched
2026-08-24 01:49:33,250 INFO ncaa_identity: contest_id=11364 teams 1050/2024 matched, players 2268/5694 matched
2026-08-24 01:49:36,394 INFO ncaa_identity: contest_id=11430 teams 1374/2799 matched, players 3912/7864 matched
2026-08-24 01:49:37,457 INFO ncaa_identity: contest_id=11456 teams 2103/2103 matched, players 5861/5924 matched
2026-08-24 01:49:39,163 INFO ncaa_identity: contest_id=11496 teams 2605/2605 matched, players 6932/7324 matched
2026-08-24 01:49:40,602 INFO ncaa_identity: contest_id=11577 teams 1214/2319 matched, players 3355/6602 matched
2026-08-24 01:49:43,711 INFO ncaa_identity: contest_id=11725 teams 2578/2578 matched, players 7225/7251 matched
2026-08-24 01:49:45,065 INFO ncaa_identity: contest_id=11740 teams 2432/2432 matched, players 6843/6867 matched
2026-08-24 01:49:47,020 INFO ncaa_identity: contest_id=11754 teams 2792/2792 matched, players 7489/7897 matched
2026-08-24 01:49:48,312 INFO ncaa_identity: contest_id=11773 teams 2104/2104 matched, players 4969/5906 matched
2026-08-24 01:49:49,899 INFO ncaa_identity: contest_id=11787 teams 2090/2090 matched, players 5439/5901 matched
2026-08-24 01:49:53,648 INFO ncaa_identity: contest_id=11830 teams 3112/3112 matched, players 8577/8832 matched
2026-08-24 01:49:55,330 INFO ncaa_identity: contest_id=11850 teams 2423/2423 matched, players 6760/6832 matched
2026-08-24 01:50:04,781 INFO ncaa_identity: contest_id=11960 teams 1426/2740 matched, players 3506/7736 matched
2026-08-24 01:50:06,383 INFO ncaa_identity: contest_id=11998 teams 0/2704 matched, players 0/7544 matched
2026-08-24 01:50:08,134 INFO ncaa_identity: contest_id=12041 teams 1585/3072 matched, players 3553/8657 matched
2026-08-24 01:50:09,480 INFO ncaa_identity: contest_id=12133 teams 1028/2009 matched, players 389/788 matched
2026-08-24 01:50:12,748 INFO ncaa_identity: contest_id=12205 teams 2302/2302 matched, players 6055/6483 matched
2026-08-24 01:50:13,928 INFO ncaa_identity: contest_id=12219 teams 2266/2266 matched, players 5950/6427 matched
2026-08-24 01:50:18,305 INFO ncaa_identity: contest_id=12288 teams 2514/2514 matched, players 7037/7043 matched
2026-08-24 01:50:24,297 INFO ncaa_identity: contest_id=12343 teams 2159/2159 matched, players 5772/6117 matched
2026-08-24 01:50:25,601 INFO ncaa_identity: contest_id=12359 teams 2168/2168 matched, players 5613/6118 matched
2026-08-24 01:50:27,550 INFO ncaa_identity: contest_id=12369 teams 2749/2749 matched, players 7650/7784 matched
2026-08-24 01:50:31,663 INFO ncaa_identity: contest_id=12405 teams 2591/2591 matched, players 6761/7300 matched
2026-08-24 01:50:32,832 INFO ncaa_identity: contest_id=12424 teams 2452/2452 matched, players 6542/6957 matched
2026-08-24 01:50:34,060 INFO ncaa_identity: contest_id=12441 teams 2435/2435 matched, players 6310/6855 matched
2026-08-24 01:50:35,918 INFO ncaa_identity: contest_id=12462 teams 2441/2441 matched, players 5974/6893 matched
2026-08-24 01:50:41,957 INFO ncaa_identity: contest_id=12528 teams 2227/2227 matched, players 5960/6325 matched
2026-08-24 01:50:45,182 INFO ncaa_identity: contest_id=12587 teams 2349/2349 matched, players 6131/6613 matched
2026-08-24 01:50:47,073 INFO ncaa_identity: contest_id=12619 teams 2299/2299 matched, players 5944/6494 matched
2026-08-24 01:50:53,457 INFO ncaa_identity: contest_id=12785 teams 2865/2865 matched, players 7906/8105 matched
2026-08-24 01:50:55,292 INFO ncaa_identity: contest_id=12823 teams 2781/2781 matched, players 7584/7848 matched
2026-08-24 01:50:57,034 INFO ncaa_identity: contest_id=12841 teams 2293/2293 matched, players 6245/6469 matched
2026-08-24 01:51:08,271 INFO ncaa_identity: contest_id=13014 teams 1359/2638 matched, players 3740/7461 matched
2026-08-24 01:51:11,209 INFO ncaa_identity: contest_id=13079 teams 1266/2491 matched, players 3506/6988 matched
2026-08-24 01:51:12,606 INFO ncaa_identity: contest_id=13095 teams 2148/2148 matched, players 6059/6074 matched
2026-08-24 01:51:15,222 INFO ncaa_identity: contest_id=13142 teams 1141/2293 matched, players 3245/6471 matched
2026-08-24 01:51:16,629 INFO ncaa_identity: contest_id=13199 teams 1287/2505 matched, players 3194/7076 matched
2026-08-24 01:51:18,324 INFO ncaa_identity: contest_id=13219 teams 1194/2501 matched, players 3447/6989 matched
2026-08-24 01:51:22,984 INFO ncaa_identity: contest_id=13284 teams 2397/2397 matched, players 6542/6794 matched
2026-08-24 01:51:26,386 INFO ncaa_identity: contest_id=13337 teams 2730/2730 matched, players 7175/7695 matched
2026-08-24 01:51:29,652 INFO ncaa_identity: contest_id=13418 teams 2218/2218 matched, players 6170/6257 matched
2026-08-24 01:51:31,474 INFO ncaa_identity: contest_id=13449 teams 1597/3080 matched, players 4429/8730 matched
2026-08-24 01:51:38,137 INFO ncaa_identity: contest_id=13591 teams 2211/2211 matched, players 5676/6253 matched
2026-08-24 01:51:41,386 INFO ncaa_identity: contest_id=13669 teams 2504/2504 matched, players 6789/7066 matched
2026-08-24 01:51:44,987 INFO ncaa_identity: contest_id=13706 teams 3561/3561 matched, players 9315/10073 matched
2026-08-24 01:51:48,206 INFO ncaa_identity: contest_id=13777 teams 2470/2470 matched, players 6742/6949 matched
2026-08-24 01:51:56,132 INFO ncaa_identity: contest_id=13993 teams 1032/2028 matched, players 2884/5682 matched
2026-08-24 01:51:57,920 INFO ncaa_identity: contest_id=14035 teams 2209/2209 matched, players 5706/6221 matched
2026-08-24 01:52:00,914 INFO ncaa_identity: contest_id=14088 teams 2463/2463 matched, players 6699/6895 matched
2026-08-24 01:52:02,386 INFO ncaa_identity: contest_id=14107 teams 2307/2307 matched, players 6154/6485 matched
2026-08-24 01:52:05,439 INFO ncaa_identity: contest_id=14154 teams 1278/2492 matched, players 3563/7028 matched
2026-08-24 01:52:06,664 INFO ncaa_identity: contest_id=14181 teams 2228/2228 matched, players 6001/6329 matched
2026-08-24 01:52:08,445 INFO ncaa_identity: contest_id=14194 teams 1126/2239 matched, players 3167/6288 matched
2026-08-24 01:52:09,740 INFO ncaa_identity: contest_id=14216 teams 2309/2309 matched, players 6018/6504 matched
2026-08-24 01:52:14,271 INFO ncaa_identity: contest_id=14317 teams 2354/2354 matched, players 6424/6672 matched
2026-08-24 01:52:15,819 INFO ncaa_identity: contest_id=14341 teams 1843/1843 matched, players 4392/5196 matched
2026-08-24 01:52:17,080 INFO ncaa_identity: contest_id=14356 teams 2193/2193 matched, players 6024/6176 matched
2026-08-24 01:52:20,032 INFO ncaa_identity: contest_id=14397 teams 1987/1987 matched, players 4853/5571 matched
2026-08-24 01:52:24,093 INFO ncaa_identity: contest_id=14509 teams 1107/2275 matched, players 2919/6427 matched
2026-08-24 01:52:30,092 INFO ncaa_identity: contest_id=14706 teams 1160/2294 matched, players 3201/6402 matched
2026-08-24 01:52:33,120 INFO ncaa_identity: contest_id=14769 teams 1328/2563 matched, players 3541/7180 matched
2026-08-24 01:52:35,588 INFO ncaa_identity: contest_id=14809 teams 2149/2149 matched, players 5614/6071 matched
2026-08-24 01:52:43,244 INFO ncaa_identity: contest_id=14988 teams 2185/2185 matched, players 6004/6155 matched
2026-08-24 01:52:44,724 INFO ncaa_identity: contest_id=15012 teams 2388/2388 matched, players 6601/6753 matched
2026-08-24 01:52:46,204 INFO ncaa_identity: contest_id=15052 teams 1120/2075 matched, players 2941/5897 matched
2026-08-24 01:52:49,245 INFO ncaa_identity: contest_id=15089 teams 1233/2388 matched, players 3326/6646 matched
2026-08-24 01:52:51,158 INFO ncaa_identity: contest_id=15114 teams 2455/2455 matched, players 6378/6944 matched
2026-08-24 01:52:52,583 INFO ncaa_identity: contest_id=15145 teams 2182/2182 matched, players 5787/6165 matched
2026-08-24 01:52:54,455 INFO ncaa_identity: contest_id=15158 teams 2551/2551 matched, players 6555/7144 matched
2026-08-24 01:52:55,809 INFO ncaa_identity: contest_id=15175 teams 2478/2478 matched, players 6339/6978 matched
2026-08-24 01:52:57,099 INFO ncaa_identity: contest_id=15217 teams 1133/2257 matched, players 3227/6386 matched
2026-08-24 01:52:59,814 INFO ncaa_identity: contest_id=15265 teams 2512/2512 matched, players 6479/7064 matched
2026-08-24 01:53:01,496 INFO ncaa_identity: contest_id=15305 teams 1464/2843 matched, players 4065/8066 matched
2026-08-24 01:53:02,951 INFO ncaa_identity: contest_id=15329 teams 1336/2596 matched, players 3693/7327 matched
2026-08-24 01:53:04,698 INFO ncaa_identity: contest_id=15370 teams 1510/2946 matched, players 3699/8306 matched
2026-08-24 01:53:09,398 INFO ncaa_identity: contest_id=15442 teams 2103/2103 matched, players 5861/5953 matched
2026-08-24 01:53:10,835 INFO ncaa_identity: contest_id=15473 teams 2312/2312 matched, players 5662/6479 matched
2026-08-24 01:53:13,889 INFO ncaa_identity: contest_id=15522 teams 2263/2263 matched, players 6376/6378 matched
2026-08-24 01:53:18,218 INFO ncaa_identity: contest_id=15628 teams 2578/2578 matched, players 6822/7270 matched
2026-08-24 01:53:19,886 INFO ncaa_identity: contest_id=15646 teams 2248/2248 matched, players 6210/6309 matched
2026-08-24 01:53:21,253 INFO ncaa_identity: contest_id=15673 teams 2285/2285 matched, players 6053/6411 matched
2026-08-24 01:53:24,032 INFO ncaa_identity: contest_id=15715 teams 2696/2696 matched, players 7132/7643 matched
2026-08-24 01:53:26,981 INFO ncaa_identity: contest_id=15773 teams 1145/2303 matched, players 3284/6506 matched
2026-08-24 01:53:28,391 INFO ncaa_identity: contest_id=15797 teams 1160/2374 matched, players 3280/6665 matched
2026-08-24 01:53:30,064 INFO ncaa_identity: contest_id=15820 teams 2742/2742 matched, players 7440/7719 matched
2026-08-24 01:53:31,222 INFO ncaa_identity: contest_id=15885 teams 2025/2025 matched, players 5167/5706 matched
2026-08-24 01:53:34,315 INFO ncaa_identity: contest_id=15924 teams 2707/2707 matched, players 7074/7674 matched
2026-08-24 01:53:35,962 INFO ncaa_identity: contest_id=15950 teams 2418/2418 matched, players 6630/6862 matched
2026-08-24 01:53:37,187 INFO ncaa_identity: contest_id=15975 teams 2269/2269 matched, players 6028/6346 matched
2026-08-24 01:53:38,331 INFO ncaa_identity: contest_id=15998 teams 2145/2145 matched, players 5653/6042 matched
2026-08-24 01:53:44,479 INFO ncaa_identity: contest_id=16095 teams 2398/2398 matched, players 6248/6755 matched
2026-08-24 01:53:47,233 INFO ncaa_identity: contest_id=16139 teams 1006/2005 matched, players 2818/5617 matched
2026-08-24 01:53:49,969 INFO ncaa_identity: contest_id=16163 teams 1149/2344 matched, players 3282/6587 matched
2026-08-24 01:53:54,569 INFO ncaa_identity: contest_id=16205 teams 1139/2269 matched, players 2824/6404 matched
2026-08-24 01:53:58,981 INFO ncaa_identity: contest_id=16239 teams 1109/2170 matched, players 3114/6136 matched
2026-08-24 01:54:00,096 INFO ncaa_identity: contest_id=16249 teams 2201/2201 matched, players 5712/6212 matched
2026-08-24 01:54:01,300 INFO ncaa_identity: contest_id=16260 teams 2377/2377 matched, players 6231/6680 matched
2026-08-24 01:54:03,885 INFO ncaa_identity: contest_id=16280 teams 1105/2330 matched, players 3246/6573 matched
2026-08-24 01:54:05,671 INFO ncaa_identity: contest_id=16292 teams 2195/2195 matched, players 5650/6231 matched
2026-08-24 01:54:08,091 INFO ncaa_identity: contest_id=16314 teams 2201/2201 matched, players 5796/6240 matched
2026-08-24 01:54:12,443 INFO ncaa_identity: contest_id=16344 teams 2775/2775 matched, players 7473/7813 matched
2026-08-24 01:54:16,711 INFO ncaa_identity: contest_id=16379 teams 2311/2311 matched, players 6239/6531 matched
2026-08-24 01:54:24,377 INFO ncaa_identity: contest_id=16476 teams 3079/3079 matched, players 8125/8722 matched
2026-08-24 01:54:25,708 INFO ncaa_identity: contest_id=16493 teams 2669/2669 matched, players 7466/7484 matched
2026-08-24 01:54:27,143 INFO ncaa_identity: contest_id=16512 teams 2047/2047 matched, players 5608/5768 matched
2026-08-24 01:54:29,577 INFO ncaa_identity: contest_id=16620 teams 2259/2259 matched, players 5937/6396 matched
2026-08-24 01:54:34,049 INFO ncaa_identity: contest_id=16679 teams 1777/1777 matched, players 4930/5011 matched
2026-08-24 01:54:35,368 INFO ncaa_identity: contest_id=16700 teams 2467/2467 matched, players 6852/6967 matched
2026-08-24 01:54:36,942 INFO ncaa_identity: contest_id=16717 teams 2788/2788 matched, players 7100/7878 matched
2026-08-24 01:54:38,739 INFO ncaa_identity: contest_id=16744 teams 2388/2388 matched, players 6171/6749 matched
2026-08-24 01:54:40,106 INFO ncaa_identity: contest_id=16780 teams 2385/2385 matched, players 6423/6689 matched
2026-08-24 01:54:41,598 INFO ncaa_identity: contest_id=16823 teams 2324/2324 matched, players 5947/6579 matched
2026-08-24 01:54:43,965 INFO ncaa_identity: contest_id=16951 teams 2127/2127 matched, players 5699/6023 matched
2026-08-24 01:54:46,825 INFO ncaa_identity: contest_id=16988 teams 2308/2308 matched, players 6155/6420 matched
2026-08-24 01:54:48,236 INFO ncaa_identity: contest_id=17007 teams 1987/1987 matched, players 5252/5595 matched
2026-08-24 01:54:49,948 INFO ncaa_identity: contest_id=17029 teams 1212/2326 matched, players 3385/6606 matched
2026-08-24 01:54:53,016 INFO ncaa_identity: contest_id=17063 teams 2213/2213 matched, players 5701/6246 matched
2026-08-24 01:54:55,982 INFO ncaa_identity: contest_id=17102 teams 2486/2486 matched, players 6459/7043 matched
2026-08-24 01:54:57,610 INFO ncaa_identity: contest_id=17126 teams 1217/2443 matched, players 3435/6874 matched
2026-08-24 01:54:59,157 INFO ncaa_identity: contest_id=17155 teams 1967/1967 matched, players 5068/5553 matched
2026-08-24 01:55:05,541 INFO ncaa_identity: contest_id=17313 teams 2536/2536 matched, players 6753/7186 matched
2026-08-24 01:55:06,814 INFO ncaa_identity: contest_id=17366 teams 2310/2310 matched, players 6358/6541 matched
2026-08-24 01:55:08,385 INFO ncaa_identity: contest_id=17387 teams 2250/2250 matched, players 6302/6348 matched
2026-08-24 01:55:12,319 INFO ncaa_identity: contest_id=17443 teams 1956/1956 matched, players 5425/5527 matched
2026-08-24 01:55:15,865 INFO ncaa_identity: contest_id=17555 teams 2265/2265 matched, players 6356/6385 matched
2026-08-24 01:55:16,974 INFO ncaa_identity: contest_id=17601 teams 2217/2217 matched, players 5662/6250 matched
2026-08-24 01:55:24,046 INFO ncaa_identity: contest_id=17713 teams 2217/2217 matched, players 5484/6216 matched
2026-08-24 01:55:26,905 INFO ncaa_identity: contest_id=17764 teams 2136/2136 matched, players 4577/5988 matched
2026-08-24 01:55:28,603 INFO ncaa_identity: contest_id=17777 teams 2127/2127 matched, players 5464/5975 matched
2026-08-24 01:55:34,087 INFO ncaa_identity: contest_id=17938 teams 2091/2091 matched, players 5580/5879 matched
2026-08-24 01:55:35,578 INFO ncaa_identity: contest_id=17996 teams 2321/2321 matched, players 6025/6524 matched
2026-08-24 01:55:36,848 INFO ncaa_identity: contest_id=18045 teams 2365/2365 matched, players 5831/6675 matched
2026-08-24 01:55:38,359 INFO ncaa_identity: contest_id=18062 teams 1999/1999 matched, players 5216/5588 matched
2026-08-24 01:55:39,971 INFO ncaa_identity: contest_id=18088 teams 2693/2693 matched, players 6491/7644 matched
2026-08-24 01:55:42,868 INFO ncaa_identity: contest_id=18153 teams 2438/2438 matched, players 6755/6908 matched
2026-08-24 01:55:44,343 INFO ncaa_identity: contest_id=18171 teams 2542/2542 matched, players 6683/7192 matched
2026-08-24 01:55:45,915 INFO ncaa_identity: contest_id=18205 teams 1145/2296 matched, players 3227/6448 matched
2026-08-24 01:55:50,820 INFO ncaa_identity: contest_id=18341 teams 2348/2348 matched, players 6375/6643 matched
2026-08-24 01:55:52,510 INFO ncaa_identity: contest_id=18428 teams 2235/2235 matched, players 5790/6319 matched
2026-08-24 01:55:53,981 INFO ncaa_identity: contest_id=18472 teams 2334/2334 matched, players 6045/6577 matched
2026-08-24 01:55:55,555 INFO ncaa_identity: contest_id=18490 teams 2339/2339 matched, players 5764/6631 matched
2026-08-24 01:55:57,162 INFO ncaa_identity: contest_id=18510 teams 1924/1924 matched, players 5366/5427 matched
2026-08-24 01:56:01,239 INFO ncaa_identity: contest_id=18591 teams 2135/2135 matched, players 5706/6007 matched
2026-08-24 01:56:04,359 INFO ncaa_identity: contest_id=18636 teams 2543/2543 matched, players 7052/7214 matched
2026-08-24 01:56:05,702 INFO ncaa_identity: contest_id=18670 teams 2360/2360 matched, players 6079/6628 matched
2026-08-24 01:56:19,571 INFO ncaa_identity: contest_id=18949 teams 2447/2447 matched, players 6261/6887 matched
2026-08-24 01:56:30,873 INFO ncaa_identity: contest_id=19244 teams 2288/2288 matched, players 5984/6440 matched
2026-08-24 01:56:35,946 INFO ncaa_identity: contest_id=19367 teams 2467/2467 matched, players 6814/6972 matched
2026-08-24 01:56:37,177 INFO ncaa_identity: contest_id=19390 teams 2601/2601 matched, players 6868/7358 matched
2026-08-24 01:56:40,103 INFO ncaa_identity: contest_id=19445 teams 2746/2746 matched, players 7050/7720 matched
2026-08-24 01:56:41,338 INFO ncaa_identity: contest_id=19498 teams 2362/2362 matched, players 6296/6674 matched
2026-08-24 01:56:45,113 INFO ncaa_identity: contest_id=19615 teams 2110/2110 matched, players 5330/5982 matched
2026-08-24 01:56:47,458 INFO ncaa_identity: contest_id=19654 teams 2247/2247 matched, players 6085/6387 matched
2026-08-24 01:56:50,039 INFO ncaa_identity: contest_id=19708 teams 2010/2010 matched, players 5138/5645 matched
2026-08-24 01:56:51,242 INFO ncaa_identity: contest_id=19741 teams 2056/2056 matched, players 5314/5819 matched
2026-08-24 01:57:00,904 INFO ncaa_identity: contest_id=19953 teams 2410/2410 matched, players 6428/6834 matched
2026-08-24 01:57:04,113 INFO ncaa_identity: contest_id=20005 teams 2363/2363 matched, players 6437/6689 matched
2026-08-24 01:57:05,366 INFO ncaa_identity: contest_id=20047 teams 2383/2383 matched, players 6710/6738 matched
2026-08-24 01:57:07,375 INFO ncaa_identity: contest_id=20077 teams 2593/2593 matched, players 6749/7343 matched
2026-08-24 01:57:07,477 INFO 5 starters not found for period 3; using estimate
2026-08-24 01:57:12,035 INFO ncaa_identity: contest_id=20224 teams 2220/2220 matched, players 5490/6280 matched
2026-08-24 01:57:13,733 INFO ncaa_identity: contest_id=20277 teams 2172/2172 matched, players 5948/6111 matched
2026-08-24 01:57:14,838 INFO ncaa_identity: contest_id=20292 teams 2124/2124 matched, players 5843/5996 matched
2026-08-24 01:57:17,417 INFO ncaa_identity: contest_id=20348 teams 2215/2215 matched, players 5739/6266 matched
2026-08-24 01:57:18,412 INFO ncaa_identity: contest_id=20382 teams 1668/1668 matched, players 4316/4705 matched
2026-08-24 01:57:21,263 INFO 5 starters not found for period 3; using estimate
2026-08-24 01:57:22,393 INFO ncaa_identity: contest_id=20481 teams 2493/2493 matched, players 6546/7025 matched
2026-08-24 01:57:23,830 INFO ncaa_identity: contest_id=20500 teams 2580/2580 matched, players 6780/7325 matched
2026-08-24 01:57:25,034 INFO ncaa_identity: contest_id=20539 teams 2359/2359 matched, players 6275/6666 matched
2026-08-24 01:57:28,600 INFO ncaa_identity: contest_id=20707 teams 2512/2512 matched, players 6684/7083 matched
2026-08-24 01:57:30,988 INFO ncaa_identity: contest_id=20746 teams 1701/1701 matched, players 641/687 matched
2026-08-24 01:57:35,767 INFO ncaa_identity: contest_id=20904 teams 1990/1990 matched, players 4899/5626 matched
2026-08-24 01:57:37,077 INFO ncaa_identity: contest_id=20934 teams 2273/2273 matched, players 5419/6436 matched
2026-08-24 01:57:38,503 INFO ncaa_identity: contest_id=20962 teams 2269/2269 matched, players 5691/6374 matched
2026-08-24 01:57:39,922 INFO ncaa_identity: contest_id=20979 teams 2373/2373 matched, players 6735/6739 matched
2026-08-24 01:57:41,254 INFO ncaa_identity: contest_id=21018 teams 2298/2298 matched, players 6440/6489 matched
2026-08-24 01:57:42,941 INFO ncaa_identity: contest_id=21048 teams 2208/2208 matched, players 5907/6246 matched
2026-08-24 01:57:45,385 INFO ncaa_identity: contest_id=21090 teams 2316/2316 matched, players 6183/6550 matched
2026-08-24 01:57:47,987 INFO ncaa_identity: contest_id=21139 teams 2338/2338 matched, players 6300/6637 matched
2026-08-24 01:57:49,460 INFO ncaa_identity: contest_id=21166 teams 1961/1961 matched, players 5328/5527 matched
2026-08-24 01:57:51,584 INFO ncaa_identity: contest_id=21295 teams 1918/1918 matched, players 5241/5413 matched
2026-08-24 01:57:52,895 INFO ncaa_identity: contest_id=21326 teams 1815/1815 matched, players 4612/5100 matched
2026-08-24 01:57:58,433 INFO ncaa_identity: contest_id=21430 teams 2464/2464 matched, players 6654/7015 matched
2026-08-24 01:58:00,181 INFO ncaa_identity: contest_id=21448 teams 2781/2781 matched, players 7300/7857 matched
2026-08-24 01:58:05,393 INFO ncaa_identity: contest_id=21583 teams 2391/2391 matched, players 6471/6753 matched
2026-08-24 01:58:06,357 INFO ncaa_identity: contest_id=21603 teams 1721/1721 matched, players 4524/4869 matched
2026-08-24 01:58:15,648 INFO ncaa_identity: contest_id=21851 teams 2177/2177 matched, players 5788/6125 matched
2026-08-24 01:58:17,282 INFO ncaa_identity: contest_id=21873 teams 2773/2773 matched, players 7441/7871 matched
2026-08-24 01:58:18,563 INFO ncaa_identity: contest_id=21902 teams 2521/2521 matched, players 6864/7125 matched
2026-08-24 01:58:23,222 INFO ncaa_identity: contest_id=22023 teams 2668/2668 matched, players 6114/7503 matched
2026-08-24 01:58:24,722 INFO ncaa_identity: contest_id=22042 teams 1922/1922 matched, players 5123/5396 matched
2026-08-24 01:58:25,826 INFO ncaa_identity: contest_id=22056 teams 2072/2072 matched, players 5774/5859 matched
2026-08-24 01:58:27,604 INFO ncaa_identity: contest_id=22075 teams 3011/3011 matched, players 7537/8510 matched
2026-08-24 01:58:31,155 INFO ncaa_identity: contest_id=22135 teams 2521/2521 matched, players 6733/7094 matched
2026-08-24 01:58:33,574 INFO ncaa_identity: contest_id=22183 teams 2189/2189 matched, players 5700/6134 matched
2026-08-24 01:58:36,102 INFO ncaa_identity: contest_id=22257 teams 2210/2210 matched, players 5653/6197 matched
2026-08-24 01:58:38,621 INFO ncaa_identity: contest_id=22325 teams 2902/2902 matched, players 7890/8234 matched
2026-08-24 01:58:43,787 INFO ncaa_identity: contest_id=22509 teams 2060/2060 matched, players 4809/5727 matched
2026-08-24 01:58:47,732 INFO ncaa_identity: contest_id=22583 teams 2496/2496 matched, players 6465/7029 matched
2026-08-24 01:58:52,631 INFO ncaa_identity: contest_id=22717 teams 2035/2035 matched, players 5561/5769 matched
2026-08-24 01:59:05,058 INFO ncaa_identity: contest_id=22997 teams 1087/2129 matched, players 2984/6022 matched
2026-08-24 01:59:07,746 INFO ncaa_identity: contest_id=23094 teams 1251/2527 matched, players 3610/7149 matched
2026-08-24 01:59:09,033 INFO ncaa_identity: contest_id=23115 teams 2491/2491 matched, players 6503/7044 matched
2026-08-24 01:59:12,760 INFO ncaa_identity: contest_id=23201 teams 2314/2314 matched, players 6403/6500 matched
2026-08-24 01:59:15,252 INFO ncaa_identity: contest_id=23244 teams 2288/2288 matched, players 6113/6457 matched
2026-08-24 01:59:16,451 INFO ncaa_identity: contest_id=23273 teams 2670/2670 matched, players 6912/7573 matched
2026-08-24 01:59:31,787 INFO ncaa_identity: contest_id=23657 teams 1106/2190 matched, players 3138/6189 matched
2026-08-24 01:59:33,017 INFO ncaa_identity: contest_id=23696 teams 2396/2396 matched, players 6638/6723 matched
2026-08-24 01:59:35,822 INFO ncaa_identity: contest_id=23755 teams 2376/2376 matched, players 5872/6696 matched
2026-08-24 01:59:36,956 INFO ncaa_identity: contest_id=23782 teams 1760/1760 matched, players 4561/4951 matched
2026-08-24 01:59:43,903 INFO ncaa_identity: contest_id=23993 teams 2293/2293 matched, players 6061/6500 matched
2026-08-24 01:59:46,303 INFO ncaa_identity: contest_id=24026 teams 2110/2110 matched, players 5626/5939 matched
2026-08-24 01:59:47,857 INFO ncaa_identity: contest_id=24043 teams 2273/2273 matched, players 6028/6376 matched
2026-08-24 01:59:53,130 INFO ncaa_identity: contest_id=24171 teams 2120/2120 matched, players 5176/5967 matched
2026-08-24 01:59:57,726 INFO ncaa_identity: contest_id=24228 teams 2327/2327 matched, players 5465/6532 matched
2026-08-24 02:00:00,265 INFO ncaa_identity: contest_id=24296 teams 2396/2396 matched, players 6316/6766 matched
2026-08-24 02:00:02,050 INFO ncaa_identity: contest_id=24315 teams 2453/2453 matched, players 6478/6900 matched
2026-08-24 02:00:07,984 INFO ncaa_identity: contest_id=24467 teams 2430/2430 matched, players 6303/6847 matched
2026-08-24 02:00:09,177 INFO ncaa_identity: contest_id=24513 teams 2236/2236 matched, players 5913/6304 matched
2026-08-24 02:00:10,744 INFO ncaa_identity: contest_id=24585 teams 1218/2467 matched, players 3529/7000 matched
2026-08-24 02:00:12,954 INFO ncaa_identity: contest_id=24624 teams 2052/2052 matched, players 5373/5796 matched
2026-08-24 02:00:14,667 INFO ncaa_identity: contest_id=24641 teams 3369/3369 matched, players 8354/9619 matched
2026-08-24 02:00:17,277 INFO ncaa_identity: contest_id=24680 teams 2047/2047 matched, players 5338/5755 matched
2026-08-24 02:00:28,043 INFO ncaa_identity: contest_id=24931 teams 1910/1910 matched, players 5020/5398 matched
2026-08-24 02:00:31,888 INFO ncaa_identity: contest_id=24984 teams 2403/2403 matched, players 6222/6755 matched
2026-08-24 02:00:50,904 INFO ncaa_identity: contest_id=25150 teams 2483/2483 matched, players 6422/6986 matched
2026-08-24 02:00:56,908 INFO ncaa_identity: contest_id=25173 teams 2235/2235 matched, players 5434/6294 matched
2026-08-24 02:01:02,518 INFO ncaa_identity: contest_id=25193 teams 2088/2088 matched, players 5701/5849 matched
2026-08-24 02:01:14,044 INFO ncaa_identity: contest_id=25227 teams 1079/2130 matched, players 3010/6012 matched
2026-08-24 02:01:27,194 INFO ncaa_identity: contest_id=25258 teams 2398/2398 matched, players 6128/6763 matched
2026-08-24 02:02:12,625 INFO ncaa_identity: contest_id=25459 teams 2190/2190 matched, players 5746/6223 matched
2026-08-24 02:02:17,222 INFO ncaa_identity: contest_id=25470 teams 2115/2115 matched, players 5413/5937 matched
2026-08-24 02:02:27,566 INFO ncaa_identity: contest_id=25507 teams 2181/2181 matched, players 5668/6186 matched
2026-08-24 02:02:36,983 INFO ncaa_identity: contest_id=25535 teams 2101/2101 matched, players 5153/5924 matched
2026-08-24 02:02:51,198 INFO ncaa_identity: contest_id=25595 teams 2144/2144 matched, players 5589/6041 matched
2026-08-24 02:03:18,475 INFO ncaa_identity: contest_id=25695 teams 2241/2241 matched, players 5625/6337 matched
2026-08-24 02:03:26,945 INFO ncaa_identity: contest_id=25727 teams 2218/2218 matched, players 5964/6264 matched
2026-08-24 02:03:31,652 INFO ncaa_identity: contest_id=25741 teams 2468/2468 matched, players 6608/6958 matched
2026-08-24 02:03:37,952 INFO ncaa_identity: contest_id=25798 teams 2344/2344 matched, players 5985/6550 matched
2026-08-24 02:03:42,835 INFO ncaa_identity: contest_id=25821 teams 2611/2611 matched, players 7129/7364 matched
2026-08-24 02:04:06,703 INFO ncaa_identity: contest_id=25880 teams 2227/2227 matched, players 6093/6311 matched
2026-08-24 02:04:11,768 INFO ncaa_identity: contest_id=25890 teams 2401/2401 matched, players 6625/6840 matched
2026-08-24 02:04:15,446 INFO ncaa_identity: contest_id=25900 teams 1854/1854 matched, players 5103/5178 matched
2026-08-24 02:04:28,512 INFO ncaa_identity: contest_id=25984 teams 2277/2277 matched, players 6091/6442 matched
2026-08-24 02:04:56,571 INFO ncaa_identity: contest_id=26062 teams 2222/2222 matched, players 5180/6265 matched
2026-08-24 02:05:05,709 INFO ncaa_identity: contest_id=26082 teams 2266/2266 matched, players 6016/6422 matched
2026-08-24 02:05:10,682 INFO ncaa_identity: contest_id=26092 teams 2349/2349 matched, players 6340/6605 matched
2026-08-24 02:05:19,329 INFO ncaa_identity: contest_id=26112 teams 2271/2271 matched, players 5831/6420 matched
2026-08-24 02:05:51,745 INFO ncaa_identity: contest_id=26191 teams 2087/2087 matched, players 5541/5899 matched
2026-08-24 02:05:57,786 INFO ncaa_identity: contest_id=26201 teams 2383/2383 matched, players 6616/6743 matched
2026-08-24 02:06:02,295 INFO ncaa_identity: contest_id=26217 teams 2185/2185 matched, players 6110/6145 matched
2026-08-24 02:06:12,466 INFO ncaa_identity: contest_id=26261 teams 2197/2197 matched, players 6053/6185 matched
2026-08-24 02:06:31,229 INFO ncaa_identity: contest_id=26338 teams 2243/2243 matched, players 5832/6349 matched
2026-08-24 02:06:33,221 INFO ncaa_identity: contest_id=26348 teams 2331/2331 matched, players 5999/6581 matched
2026-08-24 02:06:34,545 INFO ncaa_identity: contest_id=26358 teams 2463/2463 matched, players 6093/6953 matched
2026-08-24 02:06:37,675 INFO ncaa_identity: contest_id=26380 teams 2045/2045 matched, players 5660/5786 matched
2026-08-24 02:06:39,701 INFO ncaa_identity: contest_id=26390 teams 2433/2433 matched, players 6567/6848 matched
2026-08-24 02:06:41,049 INFO ncaa_identity: contest_id=26401 teams 2152/2152 matched, players 5797/6009 matched
2026-08-24 02:06:42,283 INFO ncaa_identity: contest_id=26411 teams 2144/2144 matched, players 5623/6047 matched
2026-08-24 02:06:45,389 INFO ncaa_identity: contest_id=26437 teams 2417/2417 matched, players 6333/6834 matched
2026-08-24 02:06:46,854 INFO ncaa_identity: contest_id=26448 teams 2431/2431 matched, players 6348/6868 matched
2026-08-24 02:06:48,515 INFO ncaa_identity: contest_id=1602665 teams 1213/2349 matched, players 2425/6584 matched
2026-08-24 02:06:51,923 INFO ncaa_identity: contest_id=1602685 teams 1391/2693 matched, players 3665/7636 matched
2026-08-24 02:06:57,835 INFO ncaa_identity: contest_id=1602726 teams 1272/2495 matched, players 3428/7057 matched
2026-08-24 02:07:03,576 INFO ncaa_identity: contest_id=1602757 teams 0/3400 matched, players 0/9300 matched
2026-08-24 02:07:04,993 INFO ncaa_identity: contest_id=1602767 teams 1131/2225 matched, players 3130/6283 matched
2026-08-24 02:07:06,759 INFO ncaa_identity: contest_id=1602777 teams 1312/1312 matched, players 352/361 matched
2026-08-24 02:07:10,957 INFO ncaa_identity: contest_id=1602797 teams 2504/2504 matched, players 6185/7089 matched
2026-08-24 02:07:14,882 INFO ncaa_identity: contest_id=1602819 teams 3154/3154 matched, players 7796/8664 matched
2026-08-24 02:07:16,672 INFO ncaa_identity: contest_id=1602829 teams 2295/2295 matched, players 6473/6510 matched
2026-08-24 02:07:18,958 INFO ncaa_identity: contest_id=1602846 teams 1492/2936 matched, players 3793/8102 matched
2026-08-24 02:07:20,483 INFO ncaa_identity: contest_id=1602863 teams 2588/2588 matched, players 6427/6687 matched
2026-08-24 02:07:27,523 INFO ncaa_identity: contest_id=1603015 teams 2216/2216 matched, players 6111/6246 matched
2026-08-24 02:07:29,303 INFO ncaa_identity: contest_id=1603032 teams 1395/2727 matched, players 3891/7694 matched
2026-08-24 02:07:37,483 INFO ncaa_identity: contest_id=1603136 teams 3281/3281 matched, players 8185/9331 matched
2026-08-24 02:07:41,366 INFO ncaa_identity: contest_id=1603201 teams 2344/2344 matched, players 5444/6581 matched
2026-08-24 02:07:42,516 INFO ncaa_identity: contest_id=1603277 teams 1122/2279 matched, players 3186/6415 matched
2026-08-24 02:07:43,890 INFO ncaa_identity: contest_id=1603345 teams 2433/2433 matched, players 6155/6876 matched
2026-08-24 02:07:45,340 INFO ncaa_identity: contest_id=1603373 teams 2071/2071 matched, players 235/409 matched
2026-08-24 02:07:46,609 INFO ncaa_identity: contest_id=1603387 teams 2206/2206 matched, players 220/404 matched
2026-08-24 02:07:49,502 INFO ncaa_identity: contest_id=1603449 teams 2206/2206 matched, players 5867/6054 matched
2026-08-24 02:07:54,349 INFO ncaa_identity: contest_id=1603509 teams 1503/3031 matched, players 3968/8586 matched
2026-08-24 02:07:55,901 INFO ncaa_identity: contest_id=1603527 teams 1145/2285 matched, players 3160/6432 matched
2026-08-24 02:07:57,654 INFO ncaa_identity: contest_id=1603540 teams 2333/2333 matched, players 6202/6599 matched
2026-08-24 02:08:03,736 INFO ncaa_identity: contest_id=1603623 teams 1475/2980 matched, players 4127/8048 matched
2026-08-24 02:08:05,223 INFO ncaa_identity: contest_id=1603648 teams 1352/2712 matched, players 3707/7420 matched
2026-08-24 02:08:07,340 INFO ncaa_identity: contest_id=1603671 teams 1779/3551 matched, players 5105/10085 matched
2026-08-24 02:08:10,693 INFO ncaa_identity: contest_id=1603735 teams 1035/2065 matched, players 2894/5839 matched
2026-08-24 02:08:12,181 INFO ncaa_identity: contest_id=1603771 teams 1245/2423 matched, players 3145/6800 matched
2026-08-24 02:08:14,064 INFO ncaa_identity: contest_id=1603786 teams 2892/2892 matched, players 7797/7800 matched
2026-08-24 02:08:15,344 INFO ncaa_identity: contest_id=1603807 teams 2373/2373 matched, players 6394/6715 matched
2026-08-24 02:08:19,895 INFO ncaa_identity: contest_id=1603895 teams 1419/2763 matched, players 3528/7780 matched
2026-08-24 02:08:27,144 INFO ncaa_identity: contest_id=1604090 teams 1247/2506 matched, players 3597/7085 matched
2026-08-24 02:08:29,835 INFO ncaa_identity: contest_id=1604130 teams 2699/2699 matched, players 7210/7586 matched
2026-08-24 02:08:31,179 INFO ncaa_identity: contest_id=1604153 teams 2551/2551 matched, players 6021/7240 matched
2026-08-24 02:08:32,551 INFO ncaa_identity: contest_id=1604195 teams 2511/2511 matched, players 6485/7079 matched
2026-08-24 02:08:34,249 INFO ncaa_identity: contest_id=1604235 teams 2504/2504 matched, players 6400/6791 matched
2026-08-24 02:08:37,060 INFO ncaa_identity: contest_id=1604414 teams 2907/2907 matched, players 7290/8240 matched
2026-08-24 02:08:41,468 INFO ncaa_identity: contest_id=1604620 teams 2606/2606 matched, players 6845/7151 matched
2026-08-24 02:08:44,263 INFO ncaa_identity: contest_id=1604728 teams 2931/2931 matched, players 8022/8343 matched
2026-08-24 02:08:45,700 INFO ncaa_identity: contest_id=1604753 teams 2505/2505 matched, players 6856/7065 matched
2026-08-24 02:08:50,342 INFO ncaa_identity: contest_id=1604804 teams 1315/2601 matched, players 3442/7323 matched
2026-08-24 02:08:52,008 INFO ncaa_identity: contest_id=1604825 teams 2735/2735 matched, players 7051/7060 matched
2026-08-24 02:08:53,865 INFO ncaa_identity: contest_id=1604843 teams 1577/3115 matched, players 4416/8825 matched
2026-08-24 02:08:58,181 INFO ncaa_identity: contest_id=1604956 teams 2234/2234 matched, players 6187/6280 matched
2026-08-24 02:09:01,341 INFO ncaa_identity: contest_id=1605050 teams 2404/2404 matched, players 6313/6787 matched
2026-08-24 02:09:05,228 INFO ncaa_identity: contest_id=1605206 teams 1447/2793 matched, players 3983/7852 matched
2026-08-24 02:09:09,705 INFO ncaa_identity: contest_id=1605273 teams 2057/2057 matched, players 3028/5805 matched
2026-08-24 02:09:11,340 INFO ncaa_identity: contest_id=1605293 teams 2275/2275 matched, players 5990/6219 matched
2026-08-24 02:09:12,710 INFO ncaa_identity: contest_id=1605324 teams 1471/2873 matched, players 2564/8208 matched
2026-08-24 02:09:16,996 INFO ncaa_identity: contest_id=1605404 teams 2159/2159 matched, players 6043/6076 matched
2026-08-24 02:09:18,270 INFO ncaa_identity: contest_id=1605428 teams 2271/2271 matched, players 6339/6426 matched
2026-08-24 02:09:21,613 INFO ncaa_identity: contest_id=1605476 teams 2195/2195 matched, players 6144/6221 matched
2026-08-24 02:09:24,955 INFO ncaa_identity: contest_id=1605562 teams 1105/2261 matched, players 3197/6377 matched
2026-08-24 02:09:27,865 INFO ncaa_identity: contest_id=1605674 teams 2763/2763 matched, players 7388/7840 matched
2026-08-24 02:09:29,421 INFO ncaa_identity: contest_id=1605696 teams 2472/2472 matched, players 6936/6970 matched
2026-08-24 02:09:32,318 INFO ncaa_identity: contest_id=1605762 teams 2253/2253 matched, players 5486/6352 matched
2026-08-24 02:09:38,509 INFO ncaa_identity: contest_id=1605884 teams 1115/2197 matched, players 3135/6190 matched
2026-08-24 02:09:47,539 INFO ncaa_identity: contest_id=1605992 teams 2877/2877 matched, players 7322/7964 matched
2026-08-24 02:09:48,877 INFO ncaa_identity: contest_id=1606009 teams 2015/2015 matched, players 5612/5649 matched
2026-08-24 02:09:50,788 INFO ncaa_identity: contest_id=1606034 teams 2828/2828 matched, players 7594/7742 matched
2026-08-24 02:09:55,752 INFO ncaa_identity: contest_id=1606135 teams 2823/2823 matched, players 7684/7730 matched
2026-08-24 02:09:58,977 INFO ncaa_identity: contest_id=1606216 teams 1181/2367 matched, players 3384/6682 matched
2026-08-24 02:10:00,685 INFO ncaa_identity: contest_id=1606291 teams 1246/2396 matched, players 3455/6795 matched
2026-08-24 02:10:02,021 INFO ncaa_identity: contest_id=1606319 teams 2727/2727 matched, players 6823/7730 matched
2026-08-24 02:10:04,811 INFO ncaa_identity: contest_id=1606390 teams 2604/2604 matched, players 7094/7162 matched
2026-08-24 02:10:05,931 INFO ncaa_identity: contest_id=1606416 teams 2177/2177 matched, players 5811/6115 matched
2026-08-24 02:10:12,477 INFO ncaa_identity: contest_id=1606613 teams 2320/2320 matched, players 6445/6481 matched
2026-08-24 02:10:13,787 INFO ncaa_identity: contest_id=1606645 teams 2512/2512 matched, players 6760/7154 matched
2026-08-24 02:10:22,419 INFO ncaa_identity: contest_id=1606776 teams 1533/2875 matched, players 4218/8187 matched
2026-08-24 02:10:24,673 INFO ncaa_identity: contest_id=1606810 teams 2927/2927 matched, players 7661/8100 matched
2026-08-24 02:10:31,221 INFO ncaa_identity: contest_id=1606912 teams 1052/2044 matched, players 2615/5787 matched
2026-08-24 02:10:34,739 INFO ncaa_identity: contest_id=1606948 teams 2582/2582 matched, players 6707/7363 matched
2026-08-24 02:10:44,084 INFO ncaa_identity: contest_id=1607094 teams 2518/2518 matched, players 6538/6548 matched
2026-08-24 02:10:45,699 INFO ncaa_identity: contest_id=1607120 teams 2399/2399 matched, players 6300/6790 matched
2026-08-24 02:10:56,324 INFO ncaa_identity: contest_id=1607388 teams 1425/2819 matched, players 3769/7556 matched
2026-08-24 02:11:00,817 INFO ncaa_identity: contest_id=1607569 teams 2178/2178 matched, players 6122/6128 matched
2026-08-24 02:11:09,768 INFO ncaa_identity: contest_id=1607719 teams 2552/2552 matched, players 6568/6966 matched
2026-08-24 02:11:18,976 INFO ncaa_identity: contest_id=1607797 teams 1125/2197 matched, players 3114/6181 matched
2026-08-24 02:11:22,740 INFO ncaa_identity: contest_id=1607862 teams 1343/2665 matched, players 3757/7489 matched
2026-08-24 02:11:24,795 INFO ncaa_identity: contest_id=1607892 teams 1544/3030 matched, players 4274/8385 matched
2026-08-24 02:11:28,843 INFO ncaa_identity: contest_id=1607954 teams 2021/2021 matched, players 5691/5711 matched
2026-08-24 02:11:32,591 INFO ncaa_identity: contest_id=1608026 teams 2752/2752 matched, players 7546/7753 matched
2026-08-24 02:11:34,140 INFO ncaa_identity: contest_id=1608057 teams 2677/2677 matched, players 7168/7625 matched
2026-08-24 02:11:38,738 INFO ncaa_identity: contest_id=1608181 teams 2523/2523 matched, players 6708/7170 matched
2026-08-24 02:11:41,715 INFO ncaa_identity: contest_id=1608253 teams 2472/2472 matched, players 5371/6939 matched
2026-08-24 02:11:43,089 INFO ncaa_identity: contest_id=1608265 teams 2198/2198 matched, players 5835/6207 matched
2026-08-24 02:11:46,250 INFO ncaa_identity: contest_id=1608306 teams 2573/2573 matched, players 6703/7073 matched
2026-08-24 02:11:47,956 INFO ncaa_identity: contest_id=1608334 teams 2121/2121 matched, players 5605/5979 matched
2026-08-24 02:11:49,397 INFO ncaa_identity: contest_id=1608352 teams 1991/1991 matched, players 5538/5593 matched
2026-08-24 02:11:55,184 INFO ncaa_identity: contest_id=1608470 teams 3189/3189 matched, players 8209/8808 matched
2026-08-24 02:11:56,693 INFO ncaa_identity: contest_id=1608515 teams 2546/2546 matched, players 7023/7197 matched
2026-08-24 02:11:58,442 INFO ncaa_identity: contest_id=1608576 teams 2419/2419 matched, players 6445/6804 matched
2026-08-24 02:12:01,948 INFO ncaa_identity: contest_id=1608609 teams 2621/2621 matched, players 7099/7146 matched
2026-08-24 02:12:07,129 INFO ncaa_identity: contest_id=1608726 teams 2326/2326 matched, players 6438/6521 matched
2026-08-24 02:12:11,857 INFO ncaa_identity: contest_id=1608773 teams 1345/2663 matched, players 3447/7499 matched
2026-08-24 02:12:13,149 INFO ncaa_identity: contest_id=1608815 teams 2860/2860 matched, players 7202/7894 matched
2026-08-24 02:12:15,202 INFO ncaa_identity: contest_id=1608852 teams 2872/2872 matched, players 7687/7857 matched
2026-08-24 02:12:18,213 INFO ncaa_identity: contest_id=1608885 teams 2118/2118 matched, players 5454/5930 matched
2026-08-24 02:12:19,630 INFO ncaa_identity: contest_id=1608901 teams 1126/2268 matched, players 3198/6406 matched
2026-08-24 02:12:22,787 INFO ncaa_identity: contest_id=1608927 teams 2660/2660 matched, players 7320/7338 matched
2026-08-24 02:12:25,655 INFO ncaa_identity: contest_id=1608950 teams 2432/2432 matched, players 6557/6907 matched
2026-08-24 02:12:27,130 INFO 5 starters not found for period 3; using estimate
2026-08-24 02:12:28,846 INFO ncaa_identity: contest_id=1608976 teams 3507/3507 matched, players 9707/9719 matched
2026-08-24 02:12:36,998 INFO ncaa_identity: contest_id=1609032 teams 2080/2080 matched, players 5614/5894 matched
2026-08-24 02:12:38,472 INFO ncaa_identity: contest_id=1609048 teams 2261/2261 matched, players 6007/6413 matched
2026-08-24 02:12:39,975 INFO ncaa_identity: contest_id=1609059 teams 1983/1983 matched, players 5133/5615 matched
2026-08-24 02:12:41,355 INFO ncaa_identity: contest_id=1609069 teams 2310/2310 matched, players 6483/6540 matched
2026-08-24 02:12:44,556 INFO ncaa_identity: contest_id=1609133 teams 2370/2370 matched, players 6361/6682 matched
2026-08-24 02:12:48,072 INFO ncaa_identity: contest_id=1609207 teams 2734/2734 matched, players 7331/7747 matched
2026-08-24 02:12:53,005 INFO ncaa_identity: contest_id=1609262 teams 2790/2790 matched, players 7827/7927 matched
2026-08-24 02:12:56,027 INFO ncaa_identity: contest_id=1609341 teams 1259/2482 matched, players 3493/6982 matched
2026-08-24 02:12:57,595 INFO ncaa_identity: contest_id=1609364 teams 2612/2612 matched, players 7009/7147 matched
2026-08-24 02:12:59,136 INFO ncaa_identity: contest_id=1609389 teams 2714/2714 matched, players 6914/7685 matched
2026-08-24 02:13:02,903 INFO ncaa_identity: contest_id=1609429 teams 2688/2688 matched, players 7290/7403 matched
2026-08-24 02:13:04,605 INFO ncaa_identity: contest_id=1609497 teams 1228/2398 matched, players 3422/6769 matched
2026-08-24 02:13:06,071 INFO ncaa_identity: contest_id=1609532 teams 2634/2634 matched, players 6682/6700 matched
2026-08-24 02:13:13,439 INFO 5 starters not found for period 3; using estimate
2026-08-24 02:13:17,668 INFO ncaa_identity: contest_id=1609750 teams 1923/1923 matched, players 4918/5392 matched
2026-08-24 02:13:19,647 INFO ncaa_identity: contest_id=1609777 teams 1388/2778 matched, players 3389/7819 matched
2026-08-24 02:13:25,806 INFO ncaa_identity: contest_id=1609898 teams 2764/2764 matched, players 7254/7618 matched
2026-08-24 02:13:27,506 INFO ncaa_identity: contest_id=1609912 teams 2704/2704 matched, players 6590/7466 matched
2026-08-24 02:13:30,557 INFO ncaa_identity: contest_id=1609944 teams 2579/2579 matched, players 7256/7258 matched
2026-08-24 02:13:34,027 INFO ncaa_identity: contest_id=1610088 teams 2420/2420 matched, players 6565/6795 matched
2026-08-24 02:13:35,706 INFO ncaa_identity: contest_id=1610104 teams 2687/2687 matched, players 7183/7550 matched
2026-08-24 02:13:37,436 INFO ncaa_identity: contest_id=1610122 teams 3169/3169 matched, players 8363/8374 matched
2026-08-24 02:13:44,413 INFO ncaa_identity: contest_id=1610335 teams 2523/2523 matched, players 6550/7125 matched
2026-08-24 02:13:46,325 INFO ncaa_identity: contest_id=1610387 teams 1209/2419 matched, players 3423/6829 matched
2026-08-24 02:13:48,115 INFO ncaa_identity: contest_id=1610423 teams 2119/2119 matched, players 5736/5997 matched
2026-08-24 02:13:50,023 INFO ncaa_identity: contest_id=1610442 teams 2466/2466 matched, players 6723/6945 matched
2026-08-24 02:13:53,374 INFO ncaa_identity: contest_id=1610488 teams 2811/2811 matched, players 7102/7717 matched
2026-08-24 02:14:01,604 INFO ncaa_identity: contest_id=1610590 teams 2168/2168 matched, players 5915/6121 matched
2026-08-24 02:14:07,495 INFO ncaa_identity: contest_id=1610724 teams 2402/2402 matched, players 6376/6820 matched
2026-08-24 02:14:10,675 INFO ncaa_identity: contest_id=1610773 teams 2120/2120 matched, players 5724/5997 matched
2026-08-24 02:14:12,908 INFO ncaa_identity: contest_id=1610810 teams 2520/2520 matched, players 6816/7105 matched
2026-08-24 02:14:14,893 INFO ncaa_identity: contest_id=1610892 teams 2109/2109 matched, players 5791/5947 matched
2026-08-24 02:14:16,631 INFO ncaa_identity: contest_id=1610930 teams 0/2397 matched, players 0/6779 matched
2026-08-24 02:14:19,185 INFO ncaa_identity: contest_id=1610947 teams 1582/3198 matched, players 4444/8838 matched
2026-08-24 02:14:30,922 INFO ncaa_identity: contest_id=1611164 teams 1452/2984 matched, players 4073/8451 matched
2026-08-24 02:14:31,304 INFO 5 starters not found for period 4; using estimate
2026-08-24 02:14:39,281 INFO ncaa_identity: contest_id=1611241 teams 2338/2338 matched, players 6140/6574 matched
2026-08-24 02:14:45,019 INFO ncaa_identity: contest_id=1611436 teams 2273/2273 matched, players 6015/6448 matched
2026-08-24 02:14:51,171 INFO ncaa_identity: contest_id=1611541 teams 2188/2188 matched, players 5777/6157 matched
2026-08-24 02:14:54,665 INFO ncaa_identity: contest_id=1611587 teams 2286/2286 matched, players 6055/6411 matched
2026-08-24 02:14:56,182 INFO ncaa_identity: contest_id=1611600 teams 2165/2165 matched, players 5555/6101 matched
2026-08-24 02:14:58,516 INFO ncaa_identity: contest_id=1611616 teams 2265/2265 matched, players 5891/6386 matched
2026-08-24 02:15:03,422 INFO ncaa_identity: contest_id=1611694 teams 2337/2337 matched, players 5781/6606 matched
2026-08-24 02:15:06,927 INFO ncaa_identity: contest_id=1611743 teams 1997/1997 matched, players 5183/5639 matched
2026-08-24 02:15:08,776 INFO ncaa_identity: contest_id=1611775 teams 2705/2705 matched, players 7135/7672 matched
2026-08-24 02:15:10,462 INFO ncaa_identity: contest_id=1611805 teams 2131/2131 matched, players 5941/5971 matched
2026-08-24 02:15:12,003 INFO ncaa_identity: contest_id=1611830 teams 2116/2116 matched, players 5690/5952 matched
2026-08-24 02:15:35,251 INFO ncaa_identity: contest_id=1612280 teams 2674/2674 matched, players 7048/7597 matched
2026-08-24 02:15:36,778 INFO ncaa_identity: contest_id=1612297 teams 2992/2992 matched, players 8238/8518 matched
2026-08-24 02:15:38,947 INFO ncaa_identity: contest_id=1612385 teams 2621/2621 matched, players 7048/7192 matched
2026-08-24 02:15:43,530 INFO 5 starters not found for period 3; using estimate
2026-08-24 02:15:45,197 INFO ncaa_identity: contest_id=1612569 teams 2662/2662 matched, players 6681/7300 matched
2026-08-24 02:15:47,153 INFO ncaa_identity: contest_id=1612587 teams 2679/2679 matched, players 6771/7592 matched
2026-08-24 02:15:48,708 INFO ncaa_identity: contest_id=1612606 teams 2072/2072 matched, players 5710/5846 matched
2026-08-24 02:15:55,665 INFO ncaa_identity: contest_id=1612690 teams 2654/2654 matched, players 6844/7471 matched
2026-08-24 02:15:58,982 INFO ncaa_identity: contest_id=1612736 teams 2548/2548 matched, players 7018/7034 matched
2026-08-24 02:16:02,259 INFO ncaa_identity: contest_id=1612775 teams 2255/2255 matched, players 5482/6377 matched
2026-08-24 02:16:03,610 INFO ncaa_identity: contest_id=1612798 teams 2489/2489 matched, players 6660/7033 matched
2026-08-24 02:16:06,763 INFO ncaa_identity: contest_id=1612862 teams 2338/2338 matched, players 6168/6640 matched
2026-08-24 02:16:09,617 INFO ncaa_identity: contest_id=1612909 teams 2109/2109 matched, players 5393/5931 matched
2026-08-24 02:16:11,050 INFO ncaa_identity: contest_id=1612936 teams 2305/2305 matched, players 6184/6311 matched
2026-08-24 02:16:12,593 INFO ncaa_identity: contest_id=1613037 teams 2186/2186 matched, players 5662/6179 matched
2026-08-24 02:16:16,560 INFO ncaa_identity: contest_id=1613105 teams 2138/2138 matched, players 5432/6049 matched
2026-08-24 02:16:17,896 INFO ncaa_identity: contest_id=1613119 teams 2838/2838 matched, players 7707/8085 matched
2026-08-24 02:16:28,800 INFO ncaa_identity: contest_id=1613363 teams 2261/2261 matched, players 904/951 matched
2026-08-24 02:16:33,467 INFO ncaa_identity: contest_id=1613590 teams 2475/2475 matched, players 6956/6981 matched
2026-08-24 02:16:36,631 INFO ncaa_identity: contest_id=1613658 teams 3013/3013 matched, players 8193/8559 matched
2026-08-24 02:16:38,471 INFO ncaa_identity: contest_id=1613686 teams 2937/2937 matched, players 7623/8039 matched
2026-08-24 02:16:42,472 INFO ncaa_identity: contest_id=1613736 teams 2302/2302 matched, players 5838/6528 matched
2026-08-24 02:16:44,083 INFO ncaa_identity: contest_id=1613757 teams 2446/2446 matched, players 6391/6945 matched
2026-08-24 02:16:48,456 INFO ncaa_identity: contest_id=1613819 teams 2123/2123 matched, players 5798/5979 matched
2026-08-24 02:16:57,669 INFO ncaa_identity: contest_id=1613985 teams 1356/2681 matched, players 3728/7402 matched
2026-08-24 02:16:59,211 INFO ncaa_identity: contest_id=1614003 teams 2167/2167 matched, players 6064/6135 matched
2026-08-24 02:17:02,212 INFO ncaa_identity: contest_id=1614157 teams 2259/2259 matched, players 5959/6402 matched
2026-08-24 02:17:09,582 INFO ncaa_identity: contest_id=1614282 teams 2060/2060 matched, players 5471/5618 matched
2026-08-24 02:17:20,651 INFO ncaa_identity: contest_id=1614674 teams 2240/2240 matched, players 850/921 matched
2026-08-24 02:17:22,145 INFO ncaa_identity: contest_id=1614705 teams 2280/2280 matched, players 5883/6452 matched
2026-08-24 02:17:26,551 INFO ncaa_identity: contest_id=1614766 teams 2392/2392 matched, players 6319/6670 matched
2026-08-24 02:17:29,765 INFO ncaa_identity: contest_id=1614794 teams 2887/2887 matched, players 7711/8200 matched
2026-08-24 02:17:31,295 INFO ncaa_identity: contest_id=1614816 teams 2412/2412 matched, players 6319/6803 matched
2026-08-24 02:17:35,758 INFO ncaa_identity: contest_id=1614862 teams 2538/2538 matched, players 6501/6986 matched
2026-08-24 02:17:37,694 INFO ncaa_identity: contest_id=1614886 teams 2212/2212 matched, players 5897/6229 matched
2026-08-24 02:17:46,245 INFO ncaa_identity: contest_id=1615019 teams 2379/2379 matched, players 6536/6537 matched
2026-08-24 02:17:52,606 INFO ncaa_identity: contest_id=1615211 teams 2387/2387 matched, players 6473/6541 matched
2026-08-24 02:17:54,535 INFO ncaa_identity: contest_id=1615224 teams 2503/2503 matched, players 6627/7119 matched
2026-08-24 02:17:56,280 INFO ncaa_identity: contest_id=1615235 teams 2114/2114 matched, players 5814/5937 matched
2026-08-24 02:17:58,201 INFO ncaa_identity: contest_id=1615246 teams 2249/2249 matched, players 6140/6364 matched
2026-08-24 02:18:01,103 INFO ncaa_identity: contest_id=1615338 teams 2108/2108 matched, players 5890/5942 matched
2026-08-24 02:18:02,705 INFO ncaa_identity: contest_id=1615400 teams 2439/2439 matched, players 6841/6897 matched
2026-08-24 02:18:09,698 INFO ncaa_identity: contest_id=1615473 teams 2504/2504 matched, players 6909/7092 matched
2026-08-24 02:18:11,355 INFO ncaa_identity: contest_id=1615524 teams 2115/2115 matched, players 749/825 matched
2026-08-24 02:18:21,885 INFO ncaa_identity: contest_id=1615833 teams 2438/2438 matched, players 6367/6864 matched
2026-08-24 02:18:28,499 INFO ncaa_identity: contest_id=1615915 teams 2484/2484 matched, players 6604/7009 matched
2026-08-24 02:18:29,968 INFO ncaa_identity: contest_id=1615935 teams 2968/2968 matched, players 8023/8400 matched
2026-08-24 02:18:31,361 INFO ncaa_identity: contest_id=1615956 teams 2117/2117 matched, players 5285/5739 matched
2026-08-24 02:18:32,552 INFO ncaa_identity: contest_id=1615990 teams 2130/2130 matched, players 5414/5827 matched
2026-08-24 02:18:41,189 INFO ncaa_identity: contest_id=1616264 teams 1989/1989 matched, players 5354/5599 matched
2026-08-24 02:18:44,534 INFO ncaa_identity: contest_id=1616291 teams 1156/2306 matched, players 3316/6495 matched
2026-08-24 02:18:50,948 INFO ncaa_identity: contest_id=1616434 teams 2648/2648 matched, players 6887/7278 matched
2026-08-24 02:18:56,255 INFO ncaa_identity: contest_id=1616501 teams 2821/2821 matched, players 7571/7735 matched
2026-08-24 02:18:57,541 INFO ncaa_identity: contest_id=1616584 teams 1859/1859 matched, players 5113/5247 matched
2026-08-24 02:19:01,807 INFO ncaa_identity: contest_id=1616773 teams 2271/2271 matched, players 5670/6420 matched
2026-08-24 02:19:05,853 INFO ncaa_identity: contest_id=1616831 teams 2311/2311 matched, players 6040/6558 matched
2026-08-24 02:19:09,081 INFO ncaa_identity: contest_id=1616862 teams 2141/2141 matched, players 5133/6048 matched
2026-08-24 02:19:14,913 INFO ncaa_identity: contest_id=1616939 teams 2060/2060 matched, players 5778/5780 matched
2026-08-24 02:19:16,424 INFO ncaa_identity: contest_id=1616956 teams 1274/2539 matched, players 3248/6976 matched
2026-08-24 02:19:26,083 INFO ncaa_identity: contest_id=1617089 teams 2279/2279 matched, players 6183/6258 matched
2026-08-24 02:19:29,251 INFO ncaa_identity: contest_id=1617115 teams 2409/2409 matched, players 6394/6578 matched
2026-08-24 02:19:36,116 INFO ncaa_identity: contest_id=1617242 teams 2811/2811 matched, players 7335/7722 matched
2026-08-24 02:19:40,388 INFO ncaa_identity: contest_id=1617275 teams 3157/3157 matched, players 8764/8993 matched
2026-08-24 02:19:43,354 INFO ncaa_identity: contest_id=1617364 teams 2077/2077 matched, players 5388/5866 matched
2026-08-24 02:19:53,162 INFO ncaa_identity: contest_id=1617488 teams 2445/2445 matched, players 6405/6700 matched
2026-08-24 02:19:54,993 INFO ncaa_identity: contest_id=1617510 teams 2704/2704 matched, players 7359/7421 matched
2026-08-24 02:19:59,242 INFO ncaa_identity: contest_id=1617543 teams 2356/2356 matched, players 5595/6631 matched
2026-08-24 02:20:06,572 INFO ncaa_identity: contest_id=1617614 teams 2125/2125 matched, players 5951/6001 matched
2026-08-24 02:20:10,792 INFO ncaa_identity: contest_id=1617686 teams 2501/2501 matched, players 6507/6876 matched
2026-08-24 02:20:12,394 INFO ncaa_identity: contest_id=1617697 teams 1245/2485 matched, players 3550/7017 matched
2026-08-24 02:20:13,563 INFO ncaa_identity: contest_id=1617708 teams 2172/2172 matched, players 5868/6158 matched
2026-08-24 02:20:14,632 INFO ncaa_identity: contest_id=1617719 teams 2038/2038 matched, players 5673/5743 matched
2026-08-24 02:20:16,224 INFO ncaa_identity: contest_id=1617734 teams 1969/1969 matched, players 5299/5549 matched
2026-08-24 02:20:19,541 INFO ncaa_identity: contest_id=1617798 teams 2220/2220 matched, players 5805/5807 matched
2026-08-24 02:20:25,377 INFO ncaa_identity: contest_id=1617848 teams 2703/2703 matched, players 7003/7479 matched
2026-08-24 02:20:31,795 INFO ncaa_identity: contest_id=1617944 teams 2349/2349 matched, players 6331/6657 matched
2026-08-24 02:20:33,251 INFO ncaa_identity: contest_id=1617971 teams 2836/2836 matched, players 6993/8068 matched
2026-08-24 02:20:34,659 INFO ncaa_identity: contest_id=1617982 teams 2260/2260 matched, players 6360/6362 matched
2026-08-24 02:20:36,056 INFO ncaa_identity: contest_id=1617992 teams 2443/2443 matched, players 6521/6924 matched
2026-08-24 02:20:37,512 INFO ncaa_identity: contest_id=1618004 teams 2148/2148 matched, players 5544/6076 matched
2026-08-24 02:20:38,631 INFO ncaa_identity: contest_id=1618015 teams 2206/2206 matched, players 6211/6246 matched
2026-08-24 02:20:39,853 INFO ncaa_identity: contest_id=1618038 teams 2529/2529 matched, players 6077/7158 matched
2026-08-24 02:20:49,669 INFO ncaa_identity: contest_id=1618112 teams 2646/2646 matched, players 7158/7296 matched
2026-08-24 02:20:51,402 INFO ncaa_identity: contest_id=1618122 teams 2607/2607 matched, players 6688/7136 matched
2026-08-24 02:20:55,536 INFO ncaa_identity: contest_id=1618153 teams 2446/2446 matched, players 6364/6935 matched
2026-08-24 02:21:02,006 INFO ncaa_identity: contest_id=1618193 teams 2239/2239 matched, players 6250/6279 matched
2026-08-24 02:21:04,235 INFO ncaa_identity: contest_id=1618203 teams 2511/2511 matched, players 6468/6843 matched
2026-08-24 02:21:09,652 INFO 5 starters not found for period 3; using estimate
2026-08-24 02:21:15,005 INFO ncaa_identity: contest_id=1637223 teams 1288/2547 matched, players 3552/7196 matched
2026-08-24 02:21:17,023 INFO ncaa_identity: contest_id=1638321 teams 2597/2597 matched, players 6761/7341 matched
2026-08-24 02:21:18,402 INFO ncaa_identity: contest_id=1638496 teams 2360/2360 matched, players 6074/6463 matched
2026-08-24 02:21:20,339 INFO ncaa_identity: contest_id=1638561 teams 2628/2628 matched, players 6861/7445 matched
2026-08-24 02:21:27,175 INFO ncaa_identity: contest_id=1639587 teams 2162/2162 matched, players 5099/6075 matched
2026-08-24 02:21:29,166 INFO ncaa_identity: contest_id=1639701 teams 2207/2207 matched, players 5680/6238 matched
2026-08-24 02:21:30,481 INFO ncaa_identity: contest_id=1639723 teams 1776/1776 matched, players 4753/5015 matched
2026-08-24 02:21:31,994 INFO ncaa_identity: contest_id=1639917 teams 2308/2308 matched, players 6246/6486 matched
2026-08-24 02:21:33,495 INFO ncaa_identity: contest_id=1639937 teams 2379/2379 matched, players 3322/6686 matched
2026-08-24 02:21:35,418 INFO ncaa_identity: contest_id=1640027 teams 2687/2687 matched, players 7284/7603 matched
2026-08-24 02:21:37,297 INFO ncaa_identity: contest_id=1640165 teams 1544/3000 matched, players 4324/8530 matched
2026-08-24 02:21:39,197 INFO ncaa_identity: contest_id=1641742 teams 1298/2485 matched, players 3582/7020 matched
2026-08-24 02:21:40,510 INFO ncaa_identity: contest_id=1644685 teams 2153/2153 matched, players 5640/6096 matched
2026-08-24 02:21:42,195 INFO ncaa_identity: contest_id=1644782 teams 2466/2466 matched, players 6409/6947 matched
2026-08-24 02:21:44,233 INFO ncaa_identity: contest_id=1645583 teams 2480/2480 matched, players 6852/6970 matched
2026-08-24 02:21:47,310 INFO ncaa_identity: contest_id=1707725 teams 1962/1962 matched, players 5200/5541 matched
2026-08-24 02:21:48,576 INFO ncaa_identity: contest_id=1708134 teams 2383/2383 matched, players 5144/6742 matched
2026-08-24 02:21:51,989 INFO ncaa_identity: contest_id=1708922 teams 2389/2389 matched, players 6232/6741 matched
2026-08-24 02:21:53,456 INFO ncaa_identity: contest_id=1716346 teams 1085/2200 matched, players 3083/6190 matched
2026-08-24 02:21:54,633 INFO ncaa_identity: contest_id=1716401 teams 2284/2284 matched, players 6058/6443 matched
2026-08-24 02:22:04,547 INFO ncaa_identity: contest_id=1716806 teams 2144/2144 matched, players 5862/5999 matched
2026-08-24 02:22:07,346 INFO ncaa_identity: contest_id=1717111 teams 1039/2074 matched, players 2978/5856 matched
2026-08-24 02:22:15,268 INFO ncaa_identity: contest_id=1718079 teams 2642/2642 matched, players 7026/7433 matched
2026-08-24 02:22:16,518 INFO ncaa_identity: contest_id=1718115 teams 2337/2337 matched, players 6057/6380 matched
2026-08-24 02:22:27,414 INFO ncaa_identity: contest_id=1718459 teams 1977/1977 matched, players 4727/5599 matched
2026-08-24 02:22:30,409 INFO ncaa_identity: contest_id=1718498 teams 2109/2109 matched, players 5223/5932 matched
2026-08-24 02:22:34,811 INFO ncaa_identity: contest_id=1718666 teams 1979/1979 matched, players 5396/5542 matched
2026-08-24 02:22:39,761 INFO ncaa_identity: contest_id=1719461 teams 2553/2553 matched, players 6883/7024 matched
2026-08-24 02:22:45,793 INFO 5 starters not found for period 3; using estimate
2026-08-24 02:22:45,793 INFO 5 starters not found for period 3; using estimate
2026-08-24 02:22:52,974 INFO ncaa_identity: contest_id=1719631 teams 2273/2273 matched, players 5659/6424 matched
2026-08-24 02:22:56,323 INFO ncaa_identity: contest_id=1720571 teams 2511/2511 matched, players 6854/6878 matched
2026-08-24 02:23:02,229 INFO ncaa_identity: contest_id=1797121 teams 1547/3132 matched, players 3920/8640 matched
2026-08-24 02:23:13,587 INFO ncaa_identity: contest_id=1797191 teams 1357/2699 matched, players 3263/7343 matched
2026-08-24 02:23:15,295 INFO ncaa_identity: contest_id=1797203 teams 1274/2567 matched, players 3557/6986 matched
2026-08-24 02:23:18,596 INFO ncaa_identity: contest_id=1797223 teams 1352/2663 matched, players 3367/7279 matched
2026-08-24 02:23:20,293 INFO ncaa_identity: contest_id=1797233 teams 1400/2764 matched, players 3813/7530 matched
2026-08-24 02:23:22,137 INFO ncaa_identity: contest_id=1797243 teams 1386/2729 matched, players 3751/7474 matched
2026-08-24 02:23:25,421 INFO ncaa_identity: contest_id=1797263 teams 1535/3033 matched, players 3517/8390 matched
2026-08-24 02:23:25,593 INFO 5 starters not found for period 1; using estimate
2026-08-24 02:23:25,593 INFO 5 starters not found for period 2; using estimate
2026-08-24 02:23:27,608 INFO ncaa_identity: contest_id=1797273 teams 1271/2475 matched, players 3356/3566 matched
2026-08-24 02:23:29,503 INFO ncaa_identity: contest_id=1797283 teams 1484/2918 matched, players 3871/7920 matched
2026-08-24 02:23:31,825 INFO ncaa_identity: contest_id=1797293 teams 2766/2766 matched, players 7594/7600 matched
2026-08-24 02:23:33,362 INFO ncaa_identity: contest_id=1797304 teams 1285/2492 matched, players 3506/6837 matched
2026-08-24 02:23:37,013 INFO ncaa_identity: contest_id=1797405 teams 1355/2654 matched, players 3689/7269 matched
2026-08-24 02:23:40,177 INFO ncaa_identity: contest_id=1797456 teams 2601/2601 matched, players 6872/7352 matched
2026-08-24 02:23:45,342 INFO ncaa_identity: contest_id=1797543 teams 2329/2329 matched, players 5688/6340 matched
2026-08-24 02:23:46,829 INFO ncaa_identity: contest_id=1797570 teams 2998/2998 matched, players 7713/8243 matched
2026-08-24 02:23:48,780 INFO ncaa_identity: contest_id=1797599 teams 3084/3084 matched, players 7902/8488 matched
2026-08-24 02:23:52,581 INFO ncaa_identity: contest_id=1797670 teams 3053/3053 matched, players 8073/8428 matched
2026-08-24 02:23:54,331 INFO ncaa_identity: contest_id=1797721 teams 3056/3056 matched, players 8025/8396 matched
2026-08-24 02:23:58,392 INFO ncaa_identity: contest_id=1797818 teams 2972/2972 matched, players 7614/8166 matched
2026-08-24 02:24:07,326 INFO ncaa_identity: contest_id=1797973 teams 2185/2185 matched, players 5813/5960 matched
2026-08-24 02:24:10,283 INFO ncaa_identity: contest_id=1798013 teams 2469/2469 matched, players 3340/6774 matched
2026-08-24 02:24:13,845 INFO ncaa_identity: contest_id=1798050 teams 2730/2730 matched, players 7304/7461 matched
2026-08-24 02:24:15,727 INFO ncaa_identity: contest_id=1798090 teams 1224/2486 matched, players 3368/6722 matched
2026-08-24 02:24:17,195 INFO ncaa_identity: contest_id=1798110 teams 1513/2962 matched, players 3644/8155 matched
2026-08-24 02:24:22,292 INFO ncaa_identity: contest_id=1798187 teams 2889/2889 matched, players 7916/7960 matched
2026-08-24 02:24:25,209 INFO ncaa_identity: contest_id=1798226 teams 2245/2245 matched, players 5873/6100 matched
2026-08-24 02:24:26,979 INFO ncaa_identity: contest_id=1798262 teams 1288/2543 matched, players 3452/6986 matched
2026-08-24 02:24:28,613 INFO ncaa_identity: contest_id=1798280 teams 1301/2591 matched, players 3094/7297 matched
2026-08-24 02:24:33,644 INFO ncaa_identity: contest_id=1798382 teams 3112/3112 matched, players 8127/8510 matched
2026-08-24 02:24:35,269 INFO ncaa_identity: contest_id=1798393 teams 2004/2004 matched, players 5308/5636 matched
2026-08-24 02:24:36,927 INFO ncaa_identity: contest_id=1798449 teams 2983/2983 matched, players 7682/8207 matched
2026-08-24 02:24:45,213 INFO ncaa_identity: contest_id=1798629 teams 2274/2274 matched, players 6201/6400 matched
2026-08-24 02:24:51,298 INFO ncaa_identity: contest_id=1798875 teams 2497/2497 matched, players 6474/6885 matched
2026-08-24 02:24:52,736 INFO ncaa_identity: contest_id=1798920 teams 2491/2491 matched, players 6533/7045 matched
2026-08-24 02:24:54,511 INFO ncaa_identity: contest_id=1798947 teams 2691/2691 matched, players 7089/7391 matched
2026-08-24 02:24:55,999 INFO ncaa_identity: contest_id=1798983 teams 2662/2662 matched, players 7111/7316 matched
2026-08-24 02:24:57,907 INFO ncaa_identity: contest_id=1799018 teams 1407/2818 matched, players 3091/7732 matched
2026-08-24 02:25:01,492 INFO ncaa_identity: contest_id=1799076 teams 3175/3175 matched, players 7718/8696 matched
2026-08-24 02:25:03,558 INFO ncaa_identity: contest_id=1799091 teams 1512/2998 matched, players 4190/8220 matched
2026-08-24 02:25:05,628 INFO ncaa_identity: contest_id=1799109 teams 1447/2821 matched, players 3902/7728 matched
2026-08-24 02:25:07,065 INFO ncaa_identity: contest_id=1799133 teams 2574/2574 matched, players 6407/7037 matched
2026-08-24 02:25:08,982 INFO ncaa_identity: contest_id=1799148 teams 1298/2585 matched, players 3371/7259 matched
2026-08-24 02:25:18,831 INFO ncaa_identity: contest_id=1799256 teams 2592/2592 matched, players 6746/7169 matched
2026-08-24 02:25:20,676 INFO ncaa_identity: contest_id=1799284 teams 2646/2646 matched, players 7093/7244 matched
2026-08-24 02:25:25,842 INFO ncaa_identity: contest_id=1799367 teams 1102/2202 matched, players 3115/6192 matched
2026-08-24 02:25:27,752 INFO ncaa_identity: contest_id=1799423 teams 1212/2371 matched, players 3391/6699 matched
2026-08-24 02:25:31,220 INFO ncaa_identity: contest_id=1799486 teams 2351/2351 matched, players 6440/6441 matched
2026-08-24 02:25:33,243 INFO ncaa_identity: contest_id=1799503 teams 2885/2885 matched, players 7973/7974 matched
2026-08-24 02:25:35,966 INFO ncaa_identity: contest_id=1799526 teams 2483/2483 matched, players 6798/6810 matched
2026-08-24 02:25:37,780 INFO ncaa_identity: contest_id=1799544 teams 2565/2565 matched, players 6766/7265 matched
2026-08-24 02:25:41,568 INFO ncaa_identity: contest_id=1799607 teams 3134/3134 matched, players 8554/8655 matched
2026-08-24 02:26:01,118 INFO ncaa_identity: contest_id=1799787 teams 3034/3034 matched, players 8014/8339 matched
2026-08-24 02:26:07,241 INFO ncaa_identity: contest_id=1799843 teams 2531/2531 matched, players 6468/6947 matched
2026-08-24 02:26:18,427 INFO ncaa_identity: contest_id=1800044 teams 2258/2258 matched, players 5690/6198 matched
2026-08-24 02:26:24,781 INFO ncaa_identity: contest_id=1800079 teams 2320/2320 matched, players 6176/6309 matched
2026-08-24 02:26:38,748 INFO ncaa_identity: contest_id=1800147 teams 1306/2478 matched, players 3459/6756 matched
2026-08-24 02:26:45,671 INFO ncaa_identity: contest_id=1800158 teams 3039/3039 matched, players 7834/8369 matched
2026-08-24 02:26:53,412 INFO ncaa_identity: contest_id=1800176 teams 1404/2823 matched, players 3806/7742 matched
2026-08-24 02:26:59,245 INFO ncaa_identity: contest_id=1800187 teams 2767/2767 matched, players 7430/7640 matched
2026-08-24 02:27:06,904 INFO ncaa_identity: contest_id=1800209 teams 1246/2368 matched, players 3264/6409 matched
2026-08-24 02:27:12,038 INFO ncaa_identity: contest_id=1800241 teams 2256/2256 matched, players 5985/6368 matched
2026-08-24 02:27:36,286 INFO ncaa_identity: contest_id=1800414 teams 1180/2325 matched, players 3173/6321 matched
2026-08-24 02:27:42,260 INFO ncaa_identity: contest_id=1800439 teams 1555/3088 matched, players 4289/8535 matched
2026-08-24 02:28:19,663 INFO ncaa_identity: contest_id=1800637 teams 1415/2818 matched, players 4007/7936 matched
2026-08-24 02:28:41,903 INFO ncaa_identity: contest_id=1800740 teams 1215/2451 matched, players 3349/6700 matched
2026-08-24 02:28:47,673 INFO ncaa_identity: contest_id=1800779 teams 1366/2665 matched, players 3735/7303 matched
2026-08-24 02:28:57,853 INFO ncaa_identity: contest_id=1800888 teams 3130/3130 matched, players 8174/8632 matched
2026-08-24 02:29:11,554 INFO ncaa_identity: contest_id=1800985 teams 2641/2641 matched, players 6622/7268 matched
2026-08-24 02:29:24,676 INFO ncaa_identity: contest_id=1801043 teams 1568/3006 matched, players 4209/8288 matched
2026-08-24 02:29:58,062 INFO ncaa_identity: contest_id=1801154 teams 2982/2982 matched, players 7652/8217 matched
2026-08-24 02:30:03,144 INFO ncaa_identity: contest_id=1801165 teams 2633/2633 matched, players 6199/7224 matched
2026-08-24 02:30:09,066 INFO ncaa_identity: contest_id=1801207 teams 2753/2753 matched, players 7452/7577 matched
2026-08-24 02:30:36,588 INFO ncaa_identity: contest_id=1801339 teams 2369/2369 matched, players 6164/6678 matched
2026-08-24 02:30:42,641 INFO ncaa_identity: contest_id=1801357 teams 1396/2716 matched, players 3761/7452 matched
2026-08-24 02:30:54,237 INFO ncaa_identity: contest_id=1801525 teams 1281/2537 matched, players 3491/6964 matched
2026-08-24 02:30:56,826 INFO ncaa_identity: contest_id=1801571 teams 2620/2620 matched, players 7052/7188 matched
2026-08-24 02:31:00,220 INFO ncaa_identity: contest_id=1801597 teams 2283/2283 matched, players 6088/6462 matched
2026-08-24 02:31:03,513 INFO ncaa_identity: contest_id=1801643 teams 1222/2475 matched, players 3055/6798 matched
2026-08-24 02:31:05,052 INFO ncaa_identity: contest_id=1801692 teams 2790/2790 matched, players 7457/7691 matched
2026-08-24 02:31:09,375 INFO ncaa_identity: contest_id=1801907 teams 2035/2035 matched, players 5089/5715 matched
2026-08-24 02:31:17,139 INFO ncaa_identity: contest_id=1801997 teams 1295/2549 matched, players 3312/7202 matched
2026-08-24 02:31:27,157 INFO ncaa_identity: contest_id=1802054 teams 2805/2805 matched, players 7288/7757 matched
2026-08-24 02:31:29,989 INFO ncaa_identity: contest_id=1802074 teams 0/2771 matched, players 0/7560 matched
2026-08-24 02:31:31,779 INFO ncaa_identity: contest_id=1802097 teams 2265/2265 matched, players 5843/6176 matched
2026-08-24 02:31:38,717 INFO ncaa_identity: contest_id=1802251 teams 1476/2859 matched, players 3763/7773 matched
2026-08-24 02:31:49,328 INFO ncaa_identity: contest_id=1802479 teams 2815/2815 matched, players 7771/7772 matched
2026-08-24 02:31:56,167 INFO ncaa_identity: contest_id=1802585 teams 2718/2718 matched, players 7123/7466 matched
2026-08-24 02:31:58,653 INFO ncaa_identity: contest_id=1802612 teams 1535/3007 matched, players 4193/8253 matched
2026-08-24 02:32:00,730 INFO ncaa_identity: contest_id=1802635 teams 1373/2639 matched, players 3657/7209 matched
2026-08-24 02:32:04,407 INFO ncaa_identity: contest_id=1802697 teams 1452/2833 matched, players 3942/7748 matched
2026-08-24 02:32:06,348 INFO ncaa_identity: contest_id=1802727 teams 1300/2582 matched, players 3492/7097 matched
2026-08-24 02:32:07,887 INFO ncaa_identity: contest_id=1802769 teams 2339/2339 matched, players 6040/6374 matched
2026-08-24 02:32:09,851 INFO ncaa_identity: contest_id=1802791 teams 1297/2565 matched, players 3510/7017 matched
2026-08-24 02:32:15,503 INFO ncaa_identity: contest_id=1802868 teams 2996/2996 matched, players 8060/8224 matched
2026-08-24 02:32:17,499 INFO ncaa_identity: contest_id=1802880 teams 2236/2236 matched, players 6291/6326 matched
2026-08-24 02:32:28,114 INFO ncaa_identity: contest_id=1802993 teams 2888/2888 matched, players 7463/7940 matched
2026-08-24 02:32:36,842 INFO ncaa_identity: contest_id=1803134 teams 1278/2577 matched, players 3518/7031 matched
2026-08-24 02:32:43,060 INFO ncaa_identity: contest_id=1803178 teams 2459/2459 matched, players 6583/6768 matched
2026-08-24 02:32:44,867 INFO ncaa_identity: contest_id=1803191 teams 2363/2363 matched, players 6163/6728 matched
2026-08-24 02:32:50,478 INFO ncaa_identity: contest_id=1803288 teams 2599/2599 matched, players 6544/7116 matched
2026-08-24 02:32:54,034 INFO ncaa_identity: contest_id=1803337 teams 1501/3048 matched, players 4180/8395 matched
2026-08-24 02:32:55,600 INFO ncaa_identity: contest_id=1803357 teams 2658/2658 matched, players 7036/7315 matched
2026-08-24 02:32:57,619 INFO ncaa_identity: contest_id=1803373 teams 1299/2571 matched, players 3618/7116 matched
2026-08-24 02:33:00,175 INFO ncaa_identity: contest_id=1803387 teams 2668/2668 matched, players 7050/7337 matched
2026-08-24 02:33:13,869 INFO ncaa_identity: contest_id=1803434 teams 2387/2387 matched, players 6652/6730 matched
2026-08-24 02:33:24,086 INFO ncaa_identity: contest_id=1803480 teams 1283/2614 matched, players 3136/7184 matched
2026-08-24 02:33:28,516 INFO ncaa_identity: contest_id=1803492 teams 1204/2349 matched, players 2674/6573 matched
2026-08-24 02:33:34,466 INFO ncaa_identity: contest_id=1803506 teams 2765/2765 matched, players 7474/7653 matched
2026-08-24 02:33:39,432 INFO ncaa_identity: contest_id=1803525 teams 1408/2750 matched, players 3795/7529 matched
2026-08-24 02:34:04,566 INFO ncaa_identity: contest_id=1803622 teams 3036/3036 matched, players 7839/8359 matched
2026-08-24 02:34:28,575 INFO ncaa_identity: contest_id=1803752 teams 0/2863 matched, players 0/7855 matched
2026-08-24 02:34:36,309 INFO ncaa_identity: contest_id=1803788 teams 1434/2810 matched, players 3310/7716 matched
2026-08-24 02:34:40,205 INFO ncaa_identity: contest_id=1803800 teams 2503/2503 matched, players 6386/6902 matched
2026-08-24 02:34:49,411 INFO ncaa_identity: contest_id=1803838 teams 2548/2548 matched, players 6942/6989 matched
2026-08-24 02:35:03,194 INFO ncaa_identity: contest_id=1803904 teams 2422/2422 matched, players 6605/6835 matched
2026-08-24 02:35:10,302 INFO ncaa_identity: contest_id=1803915 teams 2863/2863 matched, players 7282/7934 matched
2026-08-24 02:35:30,525 INFO ncaa_identity: contest_id=1803990 teams 2563/2563 matched, players 6655/7075 matched
2026-08-24 02:35:36,098 INFO ncaa_identity: contest_id=1804020 teams 2648/2648 matched, players 7208/7305 matched
2026-08-24 02:36:02,398 INFO ncaa_identity: contest_id=1804170 teams 2276/2276 matched, players 6215/6411 matched
2026-08-24 02:36:06,773 INFO ncaa_identity: contest_id=1804183 teams 2872/2872 matched, players 7761/7866 matched
2026-08-24 02:36:28,204 INFO ncaa_identity: contest_id=1804386 teams 2800/2800 matched, players 7170/7764 matched
2026-08-24 02:36:32,789 INFO ncaa_identity: contest_id=1804417 teams 2459/2459 matched, players 6887/6949 matched
2026-08-24 02:36:38,107 INFO ncaa_identity: contest_id=1804462 teams 2153/2153 matched, players 5870/5873 matched
2026-08-24 02:37:01,699 INFO ncaa_identity: contest_id=1804579 teams 2566/2566 matched, players 6829/6832 matched
2026-08-24 02:37:09,520 INFO ncaa_identity: contest_id=1804621 teams 2486/2486 matched, players 5806/7032 matched
2026-08-24 02:37:17,436 INFO ncaa_identity: contest_id=1804671 teams 3328/3328 matched, players 9105/9162 matched
2026-08-24 02:37:21,880 INFO ncaa_identity: contest_id=1804709 teams 2457/2457 matched, players 6475/6754 matched
2026-08-24 02:37:45,339 INFO ncaa_identity: contest_id=1804836 teams 2976/2976 matched, players 7467/8159 matched
2026-08-24 02:37:57,649 INFO ncaa_identity: contest_id=1804980 teams 1976/1976 matched, players 5451/5566 matched
2026-08-24 02:37:59,607 INFO ncaa_identity: contest_id=1804991 teams 2756/2756 matched, players 7542/7587 matched
2026-08-24 02:38:02,912 INFO ncaa_identity: contest_id=1805015 teams 2242/2242 matched, players 5850/6111 matched
2026-08-24 02:38:07,217 INFO ncaa_identity: contest_id=1805041 teams 2454/2454 matched, players 6155/6736 matched
2026-08-24 02:38:10,933 INFO ncaa_identity: contest_id=1805196 teams 2455/2455 matched, players 6541/6738 matched
2026-08-24 02:38:18,439 INFO ncaa_identity: contest_id=1805302 teams 2349/2349 matched, players 4554/6444 matched
2026-08-24 02:38:20,233 INFO ncaa_identity: contest_id=1805322 teams 2673/2673 matched, players 7213/7366 matched
2026-08-24 02:38:31,798 INFO ncaa_identity: contest_id=1805594 teams 2972/2972 matched, players 7711/8210 matched
2026-08-24 02:38:33,659 INFO ncaa_identity: contest_id=1805615 teams 1232/2474 matched, players 3371/6771 matched
2026-08-24 02:38:38,219 INFO ncaa_identity: contest_id=1805648 teams 2561/2561 matched, players 6582/6975 matched
2026-08-24 02:38:44,309 INFO ncaa_identity: contest_id=1805707 teams 2473/2473 matched, players 6343/6801 matched
2026-08-24 02:38:51,827 INFO ncaa_identity: contest_id=1805798 teams 2351/2351 matched, players 6249/6449 matched
2026-08-24 02:38:53,706 INFO ncaa_identity: contest_id=1805852 teams 2229/2229 matched, players 5786/6085 matched
2026-08-24 02:38:55,236 INFO ncaa_identity: contest_id=1805872 teams 2704/2704 matched, players 6555/7483 matched
2026-08-24 02:39:02,381 INFO ncaa_identity: contest_id=1806052 teams 2745/2745 matched, players 7386/7787 matched
2026-08-24 02:39:10,045 INFO ncaa_identity: contest_id=1806104 teams 2714/2714 matched, players 7103/7446 matched
2026-08-24 02:39:13,755 INFO ncaa_identity: contest_id=1806199 teams 2218/2218 matched, players 5232/6067 matched
2026-08-24 02:39:16,770 INFO ncaa_identity: contest_id=1806275 teams 1880/1880 matched, players 668/752 matched
2026-08-24 02:39:20,544 INFO ncaa_identity: contest_id=1806301 teams 3124/3124 matched, players 8463/8642 matched
2026-08-24 02:39:24,538 INFO ncaa_identity: contest_id=1806370 teams 2638/2638 matched, players 6223/7209 matched
2026-08-24 02:39:29,574 INFO ncaa_identity: contest_id=1806559 teams 2299/2299 matched, players 5604/6523 matched
2026-08-24 02:39:32,947 INFO ncaa_identity: contest_id=1806647 teams 2032/2032 matched, players 5386/5714 matched
2026-08-24 02:39:36,126 INFO ncaa_identity: contest_id=1806689 teams 1188/2401 matched, players 3320/6562 matched
2026-08-24 02:39:40,067 INFO ncaa_identity: contest_id=1806720 teams 2768/2768 matched, players 6751/7600 matched
2026-08-24 02:39:41,596 INFO ncaa_identity: contest_id=1806746 teams 2625/2625 matched, players 6288/7200 matched
2026-08-24 02:39:46,685 INFO ncaa_identity: contest_id=1806821 teams 2314/2314 matched, players 6227/6534 matched
2026-08-24 02:39:55,604 INFO ncaa_identity: contest_id=1806963 teams 2613/2613 matched, players 6582/7189 matched
2026-08-24 02:39:57,284 INFO ncaa_identity: contest_id=1806994 teams 2541/2541 matched, players 6009/7007 matched
2026-08-24 02:39:59,198 INFO ncaa_identity: contest_id=1807013 teams 2455/2455 matched, players 6393/6744 matched
2026-08-24 02:40:07,558 INFO ncaa_identity: contest_id=1807168 teams 2558/2558 matched, players 6862/7031 matched
2026-08-24 02:40:08,924 INFO ncaa_identity: contest_id=1807211 teams 2557/2557 matched, players 6652/7244 matched
2026-08-24 02:40:14,525 INFO ncaa_identity: contest_id=1807327 teams 2390/2390 matched, players 6017/6533 matched
2026-08-24 02:40:23,666 INFO ncaa_identity: contest_id=1807551 teams 3377/3377 matched, players 8539/9322 matched
2026-08-24 02:40:30,486 INFO ncaa_identity: contest_id=1807709 teams 2214/2214 matched, players 5864/6095 matched
2026-08-24 02:40:34,059 INFO ncaa_identity: contest_id=1807749 teams 2320/2320 matched, players 6047/6399 matched
2026-08-24 02:40:40,659 INFO ncaa_identity: contest_id=1807822 teams 2415/2415 matched, players 6489/6618 matched
2026-08-24 02:40:47,791 INFO ncaa_identity: contest_id=1807953 teams 2422/2422 matched, players 5878/6859 matched
2026-08-24 02:40:47,919 INFO 5 starters not found for period 3; using estimate
2026-08-24 02:40:52,399 INFO ncaa_identity: contest_id=1808033 teams 2637/2637 matched, players 6719/7284 matched
2026-08-24 02:40:58,362 INFO ncaa_identity: contest_id=1808181 teams 1209/2337 matched, players 3339/6605 matched
2026-08-24 02:41:00,165 INFO ncaa_identity: contest_id=1808193 teams 2569/2569 matched, players 7022/7037 matched
2026-08-24 02:41:03,716 INFO ncaa_identity: contest_id=1808252 teams 2682/2682 matched, players 6989/7347 matched
2026-08-24 02:41:14,114 INFO ncaa_identity: contest_id=1808420 teams 1457/2901 matched, players 3969/7945 matched
2026-08-24 02:41:25,686 INFO ncaa_identity: contest_id=1808734 teams 2759/2759 matched, players 7384/7574 matched
2026-08-24 02:41:27,466 INFO ncaa_identity: contest_id=1808746 teams 2613/2613 matched, players 6663/7182 matched
2026-08-24 02:41:35,427 INFO ncaa_identity: contest_id=1808819 teams 2323/2323 matched, players 5968/6369 matched
2026-08-24 02:41:45,962 INFO ncaa_identity: contest_id=1808984 teams 2345/2345 matched, players 6304/6439 matched
2026-08-24 02:41:56,854 INFO ncaa_identity: contest_id=1809197 teams 1133/2292 matched, players 3114/6270 matched
2026-08-24 02:42:01,707 INFO ncaa_identity: contest_id=1809231 teams 2526/2526 matched, players 6840/7121 matched
2026-08-24 02:42:03,555 INFO ncaa_identity: contest_id=1809282 teams 2335/2335 matched, players 6040/6358 matched
2026-08-24 02:42:05,111 INFO ncaa_identity: contest_id=1809332 teams 2364/2364 matched, players 6193/6456 matched
2026-08-24 02:42:06,937 INFO ncaa_identity: contest_id=1809387 teams 2377/2377 matched, players 6647/6699 matched
2026-08-24 02:42:21,705 INFO ncaa_identity: contest_id=1809744 teams 2591/2591 matched, players 6738/7347 matched
2026-08-24 02:42:34,506 INFO ncaa_identity: contest_id=1809899 teams 2873/2873 matched, players 8084/8164 matched
2026-08-24 02:42:37,838 INFO ncaa_identity: contest_id=1809940 teams 0/2801 matched, players 0/7713 matched
2026-08-24 02:42:48,498 INFO ncaa_identity: contest_id=1810186 teams 2417/2417 matched, players 6273/6616 matched
2026-08-24 02:42:51,550 INFO ncaa_identity: contest_id=1810230 teams 2637/2637 matched, players 7042/7267 matched
2026-08-24 02:42:54,936 INFO ncaa_identity: contest_id=1810251 teams 1320/2643 matched, players 3617/7260 matched
2026-08-24 02:42:58,093 INFO ncaa_identity: contest_id=1810276 teams 2229/2229 matched, players 5790/6118 matched
2026-08-24 02:43:01,574 INFO ncaa_identity: contest_id=1810370 teams 1386/2715 matched, players 3788/7465 matched
2026-08-24 02:43:09,743 INFO ncaa_identity: contest_id=1810525 teams 2613/2613 matched, players 6525/7187 matched
2026-08-24 02:43:13,193 INFO ncaa_identity: contest_id=1810695 teams 2147/2147 matched, players 5836/6066 matched
2026-08-24 02:43:16,920 INFO ncaa_identity: contest_id=1810771 teams 3145/3145 matched, players 7995/8712 matched
2026-08-24 02:43:18,266 INFO ncaa_identity: contest_id=1810796 teams 2110/2110 matched, players 5905/5946 matched
2026-08-24 02:43:21,926 INFO ncaa_identity: contest_id=1810837 teams 2635/2635 matched, players 7023/7367 matched
2026-08-24 02:43:25,401 INFO ncaa_identity: contest_id=1810867 teams 2338/2338 matched, players 5832/6586 matched
2026-08-24 02:43:28,926 INFO ncaa_identity: contest_id=1810909 teams 1270/2502 matched, players 3579/7077 matched
2026-08-24 02:43:45,929 INFO ncaa_identity: contest_id=1811246 teams 2305/2305 matched, players 5959/6327 matched
2026-08-24 02:43:47,528 INFO ncaa_identity: contest_id=1811260 teams 1139/2395 matched, players 3237/6548 matched
2026-08-24 02:43:49,495 INFO ncaa_identity: contest_id=1811271 teams 2381/2381 matched, players 6248/6534 matched
2026-08-24 02:44:09,968 INFO ncaa_identity: contest_id=1811656 teams 2120/2120 matched, players 5678/6000 matched
2026-08-24 02:44:15,718 INFO ncaa_identity: contest_id=1811784 teams 2407/2407 matched, players 6039/6609 matched
2026-08-24 02:44:17,923 INFO ncaa_identity: contest_id=1811801 teams 2584/2584 matched, players 6823/7070 matched
2026-08-24 02:44:23,791 INFO ncaa_identity: contest_id=1811875 teams 1238/2415 matched, players 3266/6585 matched
2026-08-24 02:44:30,050 INFO ncaa_identity: contest_id=1811912 teams 2696/2696 matched, players 6885/7585 matched
2026-08-24 02:44:34,020 INFO ncaa_identity: contest_id=1811937 teams 2130/2130 matched, players 5904/6002 matched
2026-08-24 02:44:45,768 INFO ncaa_identity: contest_id=1812024 teams 1298/2623 matched, players 3226/7220 matched
2026-08-24 02:44:49,614 INFO ncaa_identity: contest_id=1812090 teams 2500/2500 matched, players 6548/6861 matched
2026-08-24 02:44:56,671 INFO ncaa_identity: contest_id=1812176 teams 1812/1812 matched, players 5070/5072 matched
2026-08-24 02:45:06,692 INFO ncaa_identity: contest_id=1812253 teams 2491/2491 matched, players 6776/7084 matched
2026-08-24 02:45:08,397 INFO ncaa_identity: contest_id=1812266 teams 2543/2543 matched, players 6379/6977 matched
2026-08-24 02:45:13,610 INFO ncaa_identity: contest_id=1812367 teams 2443/2443 matched, players 6638/6717 matched
2026-08-24 02:45:20,318 INFO ncaa_identity: contest_id=1812424 teams 2595/2595 matched, players 6650/7142 matched
2026-08-24 02:45:20,481 INFO 5 starters not found for period 3; using estimate
2026-08-24 02:45:21,898 INFO ncaa_identity: contest_id=1812434 teams 1343/2689 matched, players 3731/7386 matched
2026-08-24 02:45:26,711 INFO ncaa_identity: contest_id=1812473 teams 2153/2153 matched, players 5756/6022 matched
2026-08-24 02:45:38,715 INFO ncaa_identity: contest_id=1812545 teams 2431/2431 matched, players 6278/6683 matched
2026-08-24 02:45:45,195 INFO ncaa_identity: contest_id=1812586 teams 2514/2514 matched, players 6831/6860 matched
2026-08-24 02:45:48,783 INFO ncaa_identity: contest_id=1812608 teams 2453/2453 matched, players 6236/6716 matched
2026-08-24 02:45:53,924 INFO ncaa_identity: contest_id=1812639 teams 2351/2351 matched, players 6183/6577 matched
2026-08-24 02:46:00,684 INFO ncaa_identity: contest_id=1813802 teams 1464/2791 matched, players 4018/7958 matched
2026-08-24 02:46:01,882 INFO ncaa_identity: contest_id=1816577 teams 2146/2146 matched, players 5631/5818 matched
2026-08-24 02:46:03,332 INFO ncaa_identity: contest_id=1816763 teams 2653/2653 matched, players 7330/7332 matched
2026-08-24 02:46:06,084 INFO ncaa_identity: contest_id=1816850 teams 1896/1896 matched, players 4875/5316 matched
2026-08-24 02:46:07,902 INFO ncaa_identity: contest_id=1816882 teams 2467/2467 matched, players 6745/6783 matched
2026-08-24 02:46:09,365 INFO ncaa_identity: contest_id=1816980 teams 2513/2513 matched, players 6775/6939 matched
2026-08-24 02:46:11,190 INFO ncaa_identity: contest_id=1816997 teams 2373/2373 matched, players 6218/6706 matched
2026-08-24 02:46:15,860 INFO ncaa_identity: contest_id=1817143 teams 1027/2091 matched, players 2909/5902 matched
2026-08-24 02:46:22,422 INFO ncaa_identity: contest_id=1820967 teams 1182/2363 matched, players 3093/6486 matched
2026-08-24 02:46:24,145 INFO ncaa_identity: contest_id=1967663 teams 2371/2371 matched, players 6074/6731 matched
2026-08-24 02:46:27,269 INFO ncaa_identity: contest_id=1969113 teams 2238/2238 matched, players 5686/6314 matched
2026-08-24 02:46:32,879 INFO ncaa_identity: contest_id=1970282 teams 1226/2423 matched, players 3317/6627 matched
2026-08-24 02:46:34,594 INFO ncaa_identity: contest_id=1970364 teams 2236/2236 matched, players 6039/6292 matched
2026-08-24 02:47:04,722 INFO ncaa_identity: contest_id=1982678 teams 1284/2499 matched, players 3469/6840 matched
2026-08-24 02:47:08,678 INFO ncaa_identity: contest_id=1982701 teams 2885/2885 matched, players 7474/7959 matched
2026-08-24 02:47:14,957 INFO ncaa_identity: contest_id=1982771 teams 2887/2887 matched, players 7873/7890 matched
2026-08-24 02:47:16,556 INFO ncaa_identity: contest_id=1982793 teams 1389/2712 matched, players 3523/7410 matched
2026-08-24 02:47:26,129 INFO ncaa_identity: contest_id=1982896 teams 2968/2968 matched, players 8102/8155 matched
2026-08-24 02:47:29,740 INFO ncaa_identity: contest_id=1982932 teams 2954/2954 matched, players 7635/8051 matched
2026-08-24 02:47:35,680 INFO ncaa_identity: contest_id=1983001 teams 1336/2664 matched, players 3499/7270 matched
2026-08-24 02:47:39,932 INFO ncaa_identity: contest_id=1983070 teams 2480/2480 matched, players 6382/6807 matched
2026-08-24 02:47:43,947 INFO ncaa_identity: contest_id=1983105 teams 2580/2580 matched, players 6957/7074 matched
2026-08-24 02:47:46,896 WARNING ncaa_parse: family=shots contest_id=1983142 team=Bradley SKIPPED (1 parse error(s)): No shot events found [<!DOCTYPE html> <html lang="en"> <head> <meta content="text/html; charset=utf-8" http-equiv="CONTENT-TYPE"/> <meta charset="utf-8"/> <meta...
2026-08-24 02:47:50,688 INFO ncaa_identity: contest_id=1983182 teams 1367/2710 matched, players 3709/7361 matched
2026-08-24 02:47:58,791 INFO ncaa_identity: contest_id=1983278 teams 3039/3039 matched, players 7927/8344 matched
2026-08-24 02:48:00,772 INFO ncaa_identity: contest_id=1983302 teams 2888/2888 matched, players 7463/7938 matched
2026-08-24 02:48:11,883 INFO ncaa_identity: contest_id=1983420 teams 1293/2568 matched, players 3592/7031 matched
2026-08-24 02:48:13,670 INFO ncaa_identity: contest_id=1983444 teams 2656/2656 matched, players 6968/7287 matched
2026-08-24 02:48:15,663 INFO ncaa_identity: contest_id=1983457 teams 2753/2753 matched, players 7301/7546 matched
2026-08-24 02:48:19,163 INFO ncaa_identity: contest_id=1983504 teams 2728/2728 matched, players 7172/7467 matched
2026-08-24 02:48:23,661 INFO ncaa_identity: contest_id=1983533 teams 1384/2739 matched, players 3781/7522 matched
2026-08-24 02:48:27,550 WARNING ncaa_parse: family=shots contest_id=1983565 team=Marshall SKIPPED (1 parse error(s)): No shot events found [<!DOCTYPE html> <html lang="en"> <head> <meta content="text/html; charset=utf-8" http-equiv="CONTENT-TYPE"/> <meta charset="utf-8"/> <meta...
2026-08-24 02:48:27,669 INFO ncaa_identity: contest_id=1983565 teams 2362/2362 matched, players 5920/6649 matched
2026-08-24 02:48:34,477 INFO ncaa_identity: contest_id=1983627 teams 2273/2273 matched, players 5756/6185 matched
2026-08-24 02:48:37,938 WARNING ncaa_parse: family=shots contest_id=1983666 team=Eastern Ky. SKIPPED (1 parse error(s)): No shot events found [<!DOCTYPE html> <html lang="en"> <head> <meta content="text/html; charset=utf-8" http-equiv="CONTENT-TYPE"/> <meta charset="utf-8"/> <meta...
2026-08-24 02:48:38,052 INFO ncaa_identity: contest_id=1983666 teams 2835/2835 matched, players 7612/8037 matched
2026-08-24 02:48:39,998 INFO ncaa_identity: contest_id=1983680 teams 2526/2526 matched, players 6642/6925 matched
2026-08-24 02:48:47,954 INFO ncaa_identity: contest_id=1983743 teams 2680/2680 matched, players 6973/7345 matched
2026-08-24 02:48:49,795 INFO ncaa_identity: contest_id=1983757 teams 2647/2647 matched, players 6874/7244 matched
2026-08-24 02:48:51,561 INFO ncaa_identity: contest_id=1983771 teams 2718/2718 matched, players 6829/7512 matched
2026-08-24 02:48:58,707 INFO ncaa_identity: contest_id=1983839 teams 2643/2643 matched, players 6948/7257 matched
2026-08-24 02:49:02,454 INFO ncaa_identity: contest_id=1983890 teams 1840/3559 matched, players 4992/9879 matched
2026-08-24 02:49:06,011 INFO ncaa_identity: contest_id=1983951 teams 2710/2710 matched, players 7477/7483 matched
2026-08-24 02:49:09,913 INFO ncaa_identity: contest_id=1983995 teams 1384/2776 matched, players 3833/7651 matched
2026-08-24 02:49:21,086 WARNING ncaa_parse: family=shots contest_id=1984156 team=Hampton SKIPPED (1 parse error(s)): No shot events found [<!DOCTYPE html> <html lang="en"> <head> <meta content="text/html; charset=utf-8" http-equiv="CONTENT-TYPE"/> <meta charset="utf-8"/> <meta...
2026-08-24 02:49:21,242 INFO ncaa_identity: contest_id=1984156 teams 2457/2457 matched, players 6033/6945 matched
2026-08-24 02:49:26,732 INFO ncaa_identity: contest_id=1984246 teams 2844/2844 matched, players 7068/7805 matched
2026-08-24 02:49:28,129 INFO ncaa_identity: contest_id=1984256 teams 2308/2308 matched, players 6305/6327 matched
2026-08-24 02:49:31,559 INFO ncaa_identity: contest_id=1984309 teams 2681/2681 matched, players 7289/7355 matched
2026-08-24 02:49:35,541 INFO ncaa_identity: contest_id=1984345 teams 2952/2952 matched, players 7435/8157 matched
2026-08-24 02:49:36,769 WARNING ncaa_parse: family=shots contest_id=1984363 team=Furman SKIPPED (1 parse error(s)): No shot events found [<!DOCTYPE html> <html lang="en"> <head> <meta content="text/html; charset=utf-8" http-equiv="CONTENT-TYPE"/> <meta charset="utf-8"/> <meta...
2026-08-24 02:49:39,935 INFO ncaa_identity: contest_id=1984397 teams 2355/2355 matched, players 6404/6418 matched
2026-08-24 02:49:46,964 INFO ncaa_identity: contest_id=1984506 teams 2443/2443 matched, players 6680/6684 matched
2026-08-24 02:49:52,207 INFO ncaa_identity: contest_id=1984580 teams 2773/2773 matched, players 7590/7600 matched
2026-08-24 02:49:55,916 INFO ncaa_identity: contest_id=1984621 teams 3089/3089 matched, players 8129/8506 matched
2026-08-24 02:49:57,675 INFO ncaa_identity: contest_id=1984660 teams 2646/2646 matched, players 7215/7280 matched
2026-08-24 02:50:05,010 INFO ncaa_identity: contest_id=1984729 teams 3087/3087 matched, players 8257/8443 matched
2026-08-24 02:50:13,761 INFO ncaa_identity: contest_id=1984869 teams 2556/2556 matched, players 6898/7051 matched
2026-08-24 02:50:15,297 INFO ncaa_identity: contest_id=1984898 teams 2772/2772 matched, players 6520/7577 matched
2026-08-24 02:50:24,237 INFO ncaa_identity: contest_id=1985063 teams 3004/3004 matched, players 8017/8265 matched
2026-08-24 02:50:27,821 INFO ncaa_identity: contest_id=1985114 teams 2774/2774 matched, players 7236/7237 matched
2026-08-24 02:50:29,244 INFO ncaa_identity: contest_id=1985126 teams 2393/2393 matched, players 5949/6526 matched
2026-08-24 02:50:31,225 INFO ncaa_identity: contest_id=1985150 teams 2792/2792 matched, players 7394/7686 matched
2026-08-24 02:50:40,600 WARNING ncaa_parse: family=shots contest_id=1985358 team=Winthrop SKIPPED (1 parse error(s)): No shot events found [<!DOCTYPE html> <html lang="en"> <head> <meta content="text/html; charset=utf-8" http-equiv="CONTENT-TYPE"/> <meta charset="utf-8"/> <meta...
2026-08-24 02:50:43,930 INFO ncaa_identity: contest_id=1985412 teams 2522/2522 matched, players 6927/6928 matched
2026-08-24 02:50:45,564 INFO ncaa_identity: contest_id=1985430 teams 2545/2545 matched, players 6372/6988 matched
2026-08-24 02:50:52,290 INFO ncaa_identity: contest_id=1985523 teams 2573/2573 matched, players 6667/7032 matched
2026-08-24 02:50:53,478 WARNING ncaa_parse: family=shots contest_id=1985535 team=Eastern Ky. SKIPPED (1 parse error(s)): No shot events found [<!DOCTYPE html> <html lang="en"> <head> <meta content="text/html; charset=utf-8" http-equiv="CONTENT-TYPE"/> <meta charset="utf-8"/> <meta...
2026-08-24 02:50:53,560 INFO ncaa_identity: contest_id=1985535 teams 2189/2189 matched, players 5703/6213 matched
2026-08-24 02:50:59,204 INFO ncaa_identity: contest_id=1985643 teams 2812/2812 matched, players 7155/7690 matched
2026-08-24 02:51:02,143 WARNING ncaa_parse: family=shots contest_id=1985725 team=Hampton SKIPPED (1 parse error(s)): No shot events found [<!DOCTYPE html> <html lang="en"> <head> <meta content="text/html; charset=utf-8" http-equiv="CONTENT-TYPE"/> <meta charset="utf-8"/> <meta...
2026-08-24 02:51:02,226 INFO ncaa_identity: contest_id=1985725 teams 2049/2049 matched, players 4488/5822 matched
2026-08-24 02:51:08,991 INFO ncaa_identity: contest_id=1985831 teams 2425/2425 matched, players 6196/6618 matched
2026-08-24 02:51:10,880 INFO ncaa_identity: contest_id=1985852 teams 2454/2454 matched, players 6762/6772 matched
2026-08-24 02:51:17,580 INFO ncaa_identity: contest_id=1985988 teams 2207/2207 matched, players 5994/6043 matched
2026-08-24 02:51:19,445 INFO ncaa_identity: contest_id=1986017 teams 2746/2746 matched, players 7293/7546 matched
2026-08-24 02:51:23,121 WARNING ncaa_parse: family=shots contest_id=1986099 team=Lipscomb SKIPPED (1 parse error(s)): No shot events found [<!DOCTYPE html> <html lang="en"> <head> <meta content="text/html; charset=utf-8" http-equiv="CONTENT-TYPE"/> <meta charset="utf-8"/> <meta...
2026-08-24 02:51:30,728 INFO ncaa_identity: contest_id=1986189 teams 2692/2692 matched, players 6858/7377 matched
2026-08-24 02:51:36,369 INFO ncaa_identity: contest_id=1986246 teams 2014/2014 matched, players 5342/5464 matched
2026-08-24 02:51:43,923 INFO ncaa_identity: contest_id=1986402 teams 2907/2907 matched, players 8015/8024 matched
2026-08-24 02:51:46,147 INFO ncaa_identity: contest_id=1986435 teams 2365/2365 matched, players 6451/6478 matched
2026-08-24 02:51:54,148 INFO ncaa_identity: contest_id=1986511 teams 2658/2658 matched, players 6137/7312 matched
2026-08-24 02:52:04,922 INFO ncaa_identity: contest_id=1986645 teams 2402/2402 matched, players 6262/6562 matched
2026-08-24 02:52:14,485 INFO ncaa_identity: contest_id=1986688 teams 2238/2238 matched, players 5620/6059 matched
2026-08-24 02:52:19,194 INFO ncaa_identity: contest_id=1986748 teams 2892/2892 matched, players 7813/7901 matched
2026-08-24 02:52:30,810 INFO ncaa_identity: contest_id=1986852 teams 2949/2949 matched, players 7861/8135 matched
2026-08-24 02:52:32,777 INFO ncaa_identity: contest_id=1986872 teams 2391/2391 matched, players 6495/6577 matched
2026-08-24 02:52:34,595 WARNING ncaa_parse: family=shots contest_id=1986946 team=Old Dominion SKIPPED (1 parse error(s)): No shot events found [<!DOCTYPE html> <html lang="en"> <head> <meta content="text/html; charset=utf-8" http-equiv="CONTENT-TYPE"/> <meta charset="utf-8"/> <meta...
2026-08-24 02:52:49,102 WARNING ncaa_parse: family=shots contest_id=1987228 team=Loyola Maryland SKIPPED (1 parse error(s)): No shot events found [<!DOCTYPE html> <html lang="en"> <head> <meta content="text/html; charset=utf-8" http-equiv="CONTENT-TYPE"/> <meta charset="utf-8"/> <meta...
2026-08-24 02:52:53,247 INFO ncaa_identity: contest_id=1987509 teams 1235/2360 matched, players 3263/6430 matched
2026-08-24 02:53:19,774 INFO ncaa_identity: contest_id=1987932 teams 2769/2769 matched, players 7611/7612 matched
2026-08-24 02:53:26,994 INFO ncaa_identity: contest_id=1988208 teams 2483/2483 matched, players 5964/6861 matched
2026-08-24 02:53:28,592 INFO ncaa_identity: contest_id=1988991 teams 1425/2740 matched, players 3461/7452 matched
2026-08-24 02:53:31,908 WARNING ncaa_parse: family=shots contest_id=1989061 team=Furman SKIPPED (1 parse error(s)): No shot events found [<!DOCTYPE html> <html lang="en"> <head> <meta content="text/html; charset=utf-8" http-equiv="CONTENT-TYPE"/> <meta charset="utf-8"/> <meta...
2026-08-24 02:53:36,203 INFO ncaa_identity: contest_id=1989122 teams 2985/2985 matched, players 8009/8233 matched
2026-08-24 02:53:53,116 INFO ncaa_identity: contest_id=1989493 teams 2557/2557 matched, players 6566/7021 matched
2026-08-24 02:53:57,252 INFO ncaa_identity: contest_id=1989635 teams 2669/2669 matched, players 6894/7384 matched
2026-08-24 02:54:03,707 INFO ncaa_identity: contest_id=1989718 teams 1261/2478 matched, players 3429/6743 matched
2026-08-24 02:54:05,240 INFO ncaa_identity: contest_id=1989780 teams 1390/2829 matched, players 3551/7765 matched
2026-08-24 02:54:07,691 INFO ncaa_identity: contest_id=1989793 teams 2785/2785 matched, players 7325/7631 matched
2026-08-24 02:54:17,749 INFO ncaa_identity: contest_id=1990074 teams 1417/2804 matched, players 3856/7705 matched
2026-08-24 02:54:19,795 INFO ncaa_identity: contest_id=1990129 teams 2637/2637 matched, players 7257/7258 matched
2026-08-24 02:54:21,390 INFO ncaa_identity: contest_id=1990242 teams 1301/2604 matched, players 3537/7095 matched
2026-08-24 02:54:23,213 INFO ncaa_identity: contest_id=1990284 teams 1272/2635 matched, players 3595/7242 matched
2026-08-24 02:54:26,400 INFO ncaa_identity: contest_id=1990365 teams 2365/2365 matched, players 5877/6460 matched
2026-08-24 02:54:32,626 INFO ncaa_identity: contest_id=1990492 teams 2218/2218 matched, players 5832/6028 matched
2026-08-24 02:54:34,449 INFO ncaa_identity: contest_id=1990514 teams 2541/2541 matched, players 6681/6993 matched
2026-08-24 02:54:39,468 INFO ncaa_identity: contest_id=1990656 teams 2186/2186 matched, players 5632/5916 matched
2026-08-24 02:54:43,651 INFO ncaa_identity: contest_id=1990695 teams 2069/4490 matched, players 6180/12530 matched
2026-08-24 02:54:45,227 INFO ncaa_identity: contest_id=1990717 teams 1408/2844 matched, players 3339/7835 matched
2026-08-24 02:55:05,264 INFO ncaa_identity: contest_id=1991012 teams 990/1978 matched, players 2748/5401 matched
2026-08-24 02:55:06,992 INFO ncaa_identity: contest_id=1991050 teams 2267/2267 matched, players 5912/6212 matched
2026-08-24 02:55:08,471 INFO ncaa_identity: contest_id=1991062 teams 2819/2819 matched, players 7274/7784 matched
2026-08-24 02:55:13,484 INFO ncaa_identity: contest_id=1991109 teams 2224/2224 matched, players 5697/6079 matched
2026-08-24 02:55:17,151 INFO ncaa_identity: contest_id=1991164 teams 2163/2163 matched, players 5540/5904 matched
2026-08-24 02:55:19,017 INFO ncaa_identity: contest_id=1991188 teams 2835/2835 matched, players 7801/7818 matched
2026-08-24 02:55:26,303 INFO ncaa_identity: contest_id=1991301 teams 2507/2507 matched, players 6843/6866 matched
2026-08-24 02:55:38,113 INFO ncaa_identity: contest_id=1991603 teams 2736/2736 matched, players 7484/7543 matched
2026-08-24 02:55:40,189 INFO ncaa_identity: contest_id=1991653 teams 3649/3649 matched, players 9677/10153 matched
2026-08-24 02:55:41,536 INFO ncaa_identity: contest_id=1991676 teams 2451/2451 matched, players 6448/6748 matched
2026-08-24 02:55:43,898 INFO ncaa_identity: contest_id=1991687 teams 1301/2567 matched, players 3534/7029 matched
2026-08-24 02:55:45,165 WARNING ncaa_parse: family=shots contest_id=1991709 team=Utah St. SKIPPED (1 parse error(s)): No shot events found [<!DOCTYPE html> <html lang="en"> <head> <meta content="text/html; charset=utf-8" http-equiv="CONTENT-TYPE"/> <meta charset="utf-8"/> <meta...
2026-08-24 02:55:49,369 INFO ncaa_identity: contest_id=1991759 teams 2675/2675 matched, players 7243/7311 matched
2026-08-24 02:55:52,944 INFO ncaa_identity: contest_id=1991787 teams 2716/2716 matched, players 7449/7473 matched
2026-08-24 02:55:59,222 INFO ncaa_identity: contest_id=1991989 teams 2545/2545 matched, players 6485/6926 matched
2026-08-24 02:56:02,693 INFO ncaa_identity: contest_id=1992132 teams 0/3168 matched, players 0/8701 matched
2026-08-24 02:56:04,173 INFO ncaa_identity: contest_id=1992192 teams 2393/2393 matched, players 6582/6607 matched
2026-08-24 02:56:05,932 INFO ncaa_identity: contest_id=1992411 teams 1133/2269 matched, players 3079/6212 matched
2026-08-24 02:56:09,534 WARNING ncaa_parse: family=shots contest_id=1992680 team=Utah St. SKIPPED (1 parse error(s)): No shot events found [<!DOCTYPE html> <html lang="en"> <head> <meta content="text/html; charset=utf-8" http-equiv="CONTENT-TYPE"/> <meta charset="utf-8"/> <meta...
2026-08-24 02:56:11,509 INFO ncaa_identity: contest_id=1992804 teams 3015/3015 matched, players 7748/8282 matched
2026-08-24 02:56:13,601 INFO ncaa_identity: contest_id=1992842 teams 1422/2732 matched, players 3522/7514 matched
2026-08-24 02:56:14,871 WARNING ncaa_parse: family=shots contest_id=1992994 team=Marshall SKIPPED (1 parse error(s)): No shot events found [<!DOCTYPE html> <html lang="en"> <head> <meta content="text/html; charset=utf-8" http-equiv="CONTENT-TYPE"/> <meta charset="utf-8"/> <meta...
2026-08-24 02:56:15,074 INFO ncaa_identity: contest_id=1992994 teams 2338/2338 matched, players 6214/6603 matched
2026-08-24 02:56:16,314 WARNING ncaa_parse: family=shots contest_id=1993036 team=Fresno St. SKIPPED (1 parse error(s)): No shot events found [<!DOCTYPE html> <html lang="en"> <head> <meta content="text/html; charset=utf-8" http-equiv="CONTENT-TYPE"/> <meta charset="utf-8"/> <meta...
2026-08-24 02:56:33,688 INFO ncaa_identity: contest_id=1993361 teams 2335/2335 matched, players 5988/6410 matched
2026-08-24 02:56:37,433 INFO ncaa_identity: contest_id=1993408 teams 1344/2626 matched, players 3626/7189 matched
2026-08-24 02:56:38,794 INFO ncaa_identity: contest_id=1993608 teams 1378/2709 matched, players 3749/7478 matched
2026-08-24 02:56:49,049 INFO ncaa_identity: contest_id=1993962 teams 1372/2743 matched, players 3752/7496 matched
2026-08-24 02:56:50,740 INFO ncaa_identity: contest_id=1994111 teams 1287/2535 matched, players 3187/6964 matched
2026-08-24 02:56:54,333 WARNING ncaa_parse: family=shots contest_id=1994250 team=Loyola Chicago SKIPPED (1 parse error(s)): No shot events found [<!DOCTYPE html> <html lang="en"> <head> <meta content="text/html; charset=utf-8" http-equiv="CONTENT-TYPE"/> <meta charset="utf-8"/> <meta...
2026-08-24 02:56:54,400 INFO ncaa_identity: contest_id=1994250 teams 2110/2110 matched, players 5615/5963 matched
2026-08-24 02:56:55,894 WARNING ncaa_parse: family=shots contest_id=1994260 team=Loyola Chicago SKIPPED (1 parse error(s)): No shot events found [<!DOCTYPE html> <html lang="en"> <head> <meta content="text/html; charset=utf-8" http-equiv="CONTENT-TYPE"/> <meta charset="utf-8"/> <meta...
2026-08-24 02:56:57,650 INFO ncaa_identity: contest_id=1994280 teams 2563/2563 matched, players 6553/7054 matched
2026-08-24 02:56:59,888 INFO ncaa_identity: contest_id=1994309 teams 1383/2679 matched, players 3756/7361 matched
2026-08-24 02:57:03,343 INFO ncaa_identity: contest_id=1994394 teams 2770/2770 matched, players 7313/7631 matched
2026-08-24 02:57:04,668 WARNING ncaa_parse: family=shots contest_id=1994519 team=Texas Southern SKIPPED (1 parse error(s)): No shot events found [<!DOCTYPE html> <html lang="en"> <head> <meta content="text/html; charset=utf-8" http-equiv="CONTENT-TYPE"/> <meta charset="utf-8"/> <meta...
2026-08-24 02:57:04,758 INFO ncaa_identity: contest_id=1994519 teams 1326/2617 matched, players 3204/7357 matched
2026-08-24 02:57:06,579 INFO ncaa_identity: contest_id=1994568 teams 1546/2977 matched, players 4205/8220 matched
2026-08-24 02:57:08,719 INFO ncaa_identity: contest_id=1994966 teams 1478/2873 matched, players 3851/7884 matched
2026-08-24 02:57:13,039 INFO ncaa_identity: contest_id=1995073 teams 1429/2898 matched, players 4014/7974 matched
2026-08-24 02:57:15,826 WARNING ncaa_parse: family=shots contest_id=1995194 team=Morgan St. SKIPPED (1 parse error(s)): No shot events found [<!DOCTYPE html> <html lang="en"> <head> <meta content="text/html; charset=utf-8" http-equiv="CONTENT-TYPE"/> <meta charset="utf-8"/> <meta...
2026-08-24 02:57:15,907 INFO ncaa_identity: contest_id=1995194 teams 1115/2225 matched, players 2677/6318 matched
2026-08-24 02:57:17,315 WARNING ncaa_parse: family=shots contest_id=1995204 team=Bradley SKIPPED (1 parse error(s)): No shot events found [<!DOCTYPE html> <html lang="en"> <head> <meta content="text/html; charset=utf-8" http-equiv="CONTENT-TYPE"/> <meta charset="utf-8"/> <meta...
2026-08-24 02:57:17,357 INFO ncaa_identity: contest_id=1995204 teams 2231/2231 matched, players 6048/6333 matched
2026-08-24 02:57:18,854 INFO ncaa_identity: contest_id=1995219 teams 2053/2053 matched, players 5373/5626 matched
2026-08-24 02:57:20,511 INFO ncaa_identity: contest_id=1995233 teams 2555/2555 matched, players 6490/6932 matched
2026-08-24 02:57:22,341 INFO ncaa_identity: contest_id=1995300 teams 1260/2511 matched, players 3274/6832 matched
2026-08-24 02:57:26,786 INFO ncaa_identity: contest_id=1995421 teams 1284/2566 matched, players 3522/7037 matched
2026-08-24 02:57:29,140 INFO ncaa_identity: contest_id=1995450 teams 1499/2899 matched, players 3660/7922 matched
2026-08-24 02:57:30,544 INFO ncaa_identity: contest_id=1995547 teams 1373/2680 matched, players 3687/7389 matched
2026-08-24 02:57:34,395 INFO ncaa_identity: contest_id=1995611 teams 1452/2755 matched, players 3863/7528 matched
2026-08-24 02:57:36,389 INFO ncaa_identity: contest_id=1995649 teams 1443/2759 matched, players 3755/7546 matched
2026-08-24 02:57:39,021 INFO ncaa_identity: contest_id=1995673 teams 1479/2922 matched, players 4043/7973 matched
2026-08-24 02:57:42,149 INFO ncaa_identity: contest_id=1995735 teams 2660/2660 matched, players 6683/7304 matched
2026-08-24 02:57:45,509 INFO ncaa_identity: contest_id=1995810 teams 1366/2721 matched, players 3373/7416 matched
2026-08-24 02:57:50,614 INFO ncaa_identity: contest_id=1996040 teams 2881/2881 matched, players 6885/7904 matched
2026-08-24 02:57:57,028 INFO ncaa_identity: contest_id=1996364 teams 2412/2412 matched, players 6271/6605 matched
2026-08-24 02:58:01,484 INFO ncaa_identity: contest_id=1996528 teams 2990/2990 matched, players 7352/8213 matched
2026-08-24 02:58:05,095 WARNING ncaa_parse: family=shots contest_id=1997294 team=South Carolina St. SKIPPED (1 parse error(s)): No shot events found [<!DOCTYPE html> <html lang="en"> <head> <meta content="text/html; charset=utf-8" http-equiv="CONTENT-TYPE"/> <meta charset="utf-8"/> <meta...
2026-08-24 02:58:05,225 INFO ncaa_identity: contest_id=1997294 teams 2149/2149 matched, players 5656/6039 matched
2026-08-24 02:58:07,122 INFO ncaa_identity: contest_id=1998357 teams 2358/2358 matched, players 6045/6474 matched
2026-08-24 02:58:20,603 INFO ncaa_identity: contest_id=2004776 teams 1378/2725 matched, players 3809/7498 matched
2026-08-24 02:58:22,973 INFO ncaa_identity: contest_id=2007799 teams 2514/2514 matched, players 6503/6906 matched
2026-08-24 02:58:24,408 WARNING ncaa_parse: family=shots contest_id=2027009 team=Navy SKIPPED (1 parse error(s)): No shot events found [<!DOCTYPE html> <html lang="en"> <head> <meta content="text/html; charset=utf-8" http-equiv="CONTENT-TYPE"/> <meta charset="utf-8"/> <meta...
2026-08-24 02:58:26,531 INFO ncaa_identity: contest_id=2027235 teams 2656/2656 matched, players 6614/7287 matched
2026-08-24 02:58:29,711 INFO ncaa_identity: contest_id=2030596 teams 1369/2722 matched, players 3762/7478 matched
2026-08-24 02:58:33,999 WARNING ncaa_parse: family=shots contest_id=2035711 team=Morgan St. SKIPPED (1 parse error(s)): No shot events found [<!DOCTYPE html> <html lang="en"> <head> <meta content="text/html; charset=utf-8" http-equiv="CONTENT-TYPE"/> <meta charset="utf-8"/> <meta...
2026-08-24 02:58:34,097 INFO ncaa_identity: contest_id=2035711 teams 2315/2315 matched, players 5584/6507 matched
2026-08-24 02:58:35,986 INFO ncaa_identity: contest_id=2036355 teams 2230/2230 matched, players 4889/6100 matched
2026-08-24 02:58:41,756 WARNING ncaa_parse: family=shots contest_id=2040396 team=Hampton SKIPPED (1 parse error(s)): No shot events found [<!DOCTYPE html> <html lang="en"> <head> <meta content="text/html; charset=utf-8" http-equiv="CONTENT-TYPE"/> <meta charset="utf-8"/> <meta...
2026-08-24 02:58:41,897 INFO ncaa_identity: contest_id=2040396 teams 1812/1812 matched, players 4509/5130 matched
2026-08-24 02:58:47,850 INFO ncaa_identity: contest_id=2047577 teams 2332/2332 matched, players 5872/6389 matched
2026-08-24 02:58:49,732 WARNING ncaa_parse: family=shots contest_id=2047865 team=Southeast Mo. St. SKIPPED (1 parse error(s)): No shot events found [<!DOCTYPE html> <html lang="en"> <head> <meta content="text/html; charset=utf-8" http-equiv="CONTENT-TYPE"/> <meta charset="utf-8"/> <meta...
2026-08-24 02:58:49,870 INFO ncaa_identity: contest_id=2047865 teams 2439/2439 matched, players 6001/6886 matched
2026-08-24 02:58:52,021 INFO ncaa_identity: contest_id=2048278 teams 1123/2193 matched, players 3017/5966 matched
2026-08-24 02:59:01,605 WARNING ncaa_parse: family=shots contest_id=2052428 team=Winthrop SKIPPED (1 parse error(s)): No shot events found [<!DOCTYPE html> <html lang="en"> <head> <meta content="text/html; charset=utf-8" http-equiv="CONTENT-TYPE"/> <meta charset="utf-8"/> <meta...
2026-08-24 02:59:01,757 INFO ncaa_identity: contest_id=2052428 teams 3029/3029 matched, players 8186/8520 matched
2026-08-24 02:59:07,020 INFO ncaa_identity: contest_id=2054106 teams 2148/2148 matched, players 5209/5897 matched
2026-08-24 02:59:09,454 INFO ncaa_identity: contest_id=2054238 teams 2409/2409 matched, players 6038/6608 matched
2026-08-24 02:59:16,653 INFO ncaa_identity: contest_id=2054824 teams 2629/2629 matched, players 6606/7229 matched
2026-08-24 02:59:20,731 INFO ncaa_identity: contest_id=2055337 teams 2520/2520 matched, players 6660/6917 matched
2026-08-24 02:59:22,502 WARNING ncaa_parse: family=shots contest_id=2055783 team=Norfolk St. SKIPPED (1 parse error(s)): No shot events found [<!DOCTYPE html> <html lang="en"> <head> <meta content="text/html; charset=utf-8" http-equiv="CONTENT-TYPE"/> <meta charset="utf-8"/> <meta...
2026-08-24 02:59:22,792 INFO ncaa_identity: contest_id=2055783 teams 2360/2360 matched, players 6161/6645 matched
2026-08-24 02:59:24,262 INFO ncaa_identity: contest_id=2056109 teams 2441/2441 matched, players 6650/6664 matched
2026-08-24 02:59:38,686 INFO ncaa_identity: contest_id=2057333 teams 2401/2401 matched, players 6216/6581 matched
2026-08-24 02:59:41,463 INFO ncaa_identity: contest_id=2057589 teams 2275/2275 matched, players 5845/6218 matched
2026-08-24 02:59:43,135 INFO ncaa_identity: contest_id=2057637 teams 3053/3053 matched, players 7705/8401 matched
2026-08-24 02:59:59,999 INFO ncaa_identity: contest_id=2060575 teams 2475/2475 matched, players 6663/6724 matched
2026-08-24 03:00:03,648 INFO ncaa_identity: contest_id=2139634 teams 1418/2789 matched, players 3819/7687 matched
2026-08-24 03:00:05,278 INFO ncaa_identity: contest_id=2139904 teams 1454/2905 matched, players 4032/7982 matched
2026-08-24 03:00:07,137 INFO ncaa_identity: contest_id=2139914 teams 2505/2505 matched, players 6585/6811 matched
2026-08-24 03:00:23,369 INFO ncaa_identity: contest_id=2140018 teams 2715/2715 matched, players 7345/7464 matched
2026-08-24 03:00:24,722 INFO ncaa_identity: contest_id=2140040 teams 1407/2743 matched, players 3500/7513 matched
2026-08-24 03:00:28,174 INFO ncaa_identity: contest_id=2140069 teams 1364/2680 matched, players 3615/7281 matched
2026-08-24 03:00:29,485 INFO ncaa_identity: contest_id=2140084 teams 2399/2399 matched, players 6021/6576 matched
2026-08-24 03:00:31,119 INFO ncaa_identity: contest_id=2140103 teams 1317/2613 matched, players 3573/7125 matched
2026-08-24 03:00:32,797 INFO ncaa_identity: contest_id=2140117 teams 2902/2902 matched, players 7501/7952 matched
2026-08-24 03:00:38,174 INFO ncaa_identity: contest_id=2140155 teams 1598/3055 matched, players 4240/8360 matched
2026-08-24 03:00:43,240 INFO ncaa_identity: contest_id=2140244 teams 1341/2653 matched, players 3642/7242 matched
2026-08-24 03:00:44,880 INFO ncaa_identity: contest_id=2140261 teams 2588/2588 matched, players 7119/7123 matched
2026-08-24 03:00:48,080 INFO ncaa_identity: contest_id=2140284 teams 2581/2581 matched, players 6617/7044 matched
2026-08-24 03:00:49,882 INFO ncaa_identity: contest_id=2140297 teams 1471/2858 matched, players 3951/7820 matched
2026-08-24 03:00:55,095 INFO ncaa_identity: contest_id=2140440 teams 2436/2436 matched, players 6434/6670 matched
2026-08-24 03:01:03,653 WARNING ncaa_parse: family=shots contest_id=2140591 team=Virgin Islands SKIPPED (1 parse error(s)): No shot events found [<!DOCTYPE html> <html lang="en"> <head> <meta content="text/html; charset=utf-8" http-equiv="CONTENT-TYPE"/> <meta charset="utf-8"/> <meta...
2026-08-24 03:01:03,724 INFO ncaa_identity: contest_id=2140591 teams 1243/2574 matched, players 3444/7284 matched
2026-08-24 03:01:07,123 INFO ncaa_identity: contest_id=2140685 teams 2123/2123 matched, players 5542/5785 matched
2026-08-24 03:01:14,706 INFO ncaa_identity: contest_id=2140943 teams 2781/2781 matched, players 7601/7612 matched
2026-08-24 03:01:15,629 WARNING ncaa_parse: family=lineups contest_id=2140974 team=Paul Quinn produced NO good stints (19 bad, roster=9) -- parsed successfully but contributed nothing
2026-08-24 03:01:16,252 INFO ncaa_identity: contest_id=2140974 teams 1287/2503 matched, players 3494/6789 matched
2026-08-24 03:01:18,371 INFO ncaa_identity: contest_id=2141009 teams 2695/2695 matched, players 6764/7399 matched
2026-08-24 03:01:22,623 INFO ncaa_identity: contest_id=2141048 teams 1292/2554 matched, players 3513/6965 matched
2026-08-24 03:01:24,276 INFO ncaa_identity: contest_id=2141061 teams 1372/2671 matched, players 3626/7305 matched
2026-08-24 03:01:27,538 WARNING ncaa_parse: family=shots contest_id=2141093 team=Morehead St. SKIPPED (1 parse error(s)): No shot events found [<!DOCTYPE html> <html lang="en"> <head> <meta content="text/html; charset=utf-8" http-equiv="CONTENT-TYPE"/> <meta charset="utf-8"/> <meta...
2026-08-24 03:01:27,638 INFO ncaa_identity: contest_id=2141093 teams 1267/2391 matched, players 3490/6771 matched
2026-08-24 03:01:29,551 WARNING ncaa_parse: family=shots contest_id=2141113 team=Loyola Chicago SKIPPED (1 parse error(s)): No shot events found [<!DOCTYPE html> <html lang="en"> <head> <meta content="text/html; charset=utf-8" http-equiv="CONTENT-TYPE"/> <meta charset="utf-8"/> <meta...
2026-08-24 03:01:29,610 INFO ncaa_identity: contest_id=2141113 teams 2552/2552 matched, players 7089/7221 matched
2026-08-24 03:01:34,484 INFO ncaa_identity: contest_id=2141169 teams 1145/2341 matched, players 3265/6358 matched
2026-08-24 03:01:38,005 INFO ncaa_identity: contest_id=2141218 teams 1283/2581 matched, players 3573/7065 matched
2026-08-24 03:01:39,888 INFO ncaa_identity: contest_id=2141248 teams 1433/2790 matched, players 3298/7659 matched
2026-08-24 03:01:45,010 INFO ncaa_identity: contest_id=2141307 teams 1231/2348 matched, players 3263/6398 matched
2026-08-24 03:01:46,870 INFO ncaa_identity: contest_id=2141358 teams 1518/2944 matched, players 4048/8099 matched
2026-08-24 03:01:48,717 INFO ncaa_identity: contest_id=2141396 teams 2773/2773 matched, players 7171/7621 matched
2026-08-24 03:01:50,261 INFO ncaa_identity: contest_id=2141466 teams 1352/2584 matched, players 3605/7053 matched
2026-08-24 03:01:55,625 INFO ncaa_identity: contest_id=2141507 teams 2862/2862 matched, players 7017/7872 matched
2026-08-24 03:01:59,631 INFO ncaa_identity: contest_id=2141558 teams 2428/2428 matched, players 6145/6648 matched
2026-08-24 03:02:04,228 WARNING ncaa_parse: family=shots contest_id=2141660 team=Southeast Mo. St. SKIPPED (1 parse error(s)): No shot events found [<!DOCTYPE html> <html lang="en"> <head> <meta content="text/html; charset=utf-8" http-equiv="CONTENT-TYPE"/> <meta charset="utf-8"/> <meta...
2026-08-24 03:02:04,299 INFO ncaa_identity: contest_id=2141660 teams 2268/2268 matched, players 5872/6396 matched
2026-08-24 03:02:10,279 INFO ncaa_identity: contest_id=2141747 teams 3533/3533 matched, players 9130/9778 matched
2026-08-24 03:02:15,528 INFO ncaa_identity: contest_id=2141877 teams 1376/2825 matched, players 3831/7732 matched
2026-08-24 03:02:18,930 INFO ncaa_identity: contest_id=2142074 teams 1279/2491 matched, players 3447/6793 matched
2026-08-24 03:02:23,913 INFO ncaa_identity: contest_id=2142204 teams 1400/2710 matched, players 3809/7419 matched
2026-08-24 03:02:27,475 INFO ncaa_identity: contest_id=2142232 teams 2954/2954 matched, players 7693/8097 matched
2026-08-24 03:02:37,392 WARNING ncaa_parse: family=shots contest_id=2142334 team=South Carolina St. SKIPPED (1 parse error(s)): No shot events found [<!DOCTYPE html> <html lang="en"> <head> <meta content="text/html; charset=utf-8" http-equiv="CONTENT-TYPE"/> <meta charset="utf-8"/> <meta...
2026-08-24 03:02:37,477 INFO ncaa_identity: contest_id=2142334 teams 2788/2788 matched, players 6354/7910 matched
2026-08-24 03:02:40,740 INFO ncaa_identity: contest_id=2142487 teams 2343/2343 matched, players 6303/6426 matched
2026-08-24 03:02:42,756 INFO ncaa_identity: contest_id=2142596 teams 1493/3007 matched, players 4199/8228 matched
2026-08-24 03:02:45,705 INFO ncaa_identity: contest_id=2142652 teams 2409/2409 matched, players 6230/6574 matched
2026-08-24 03:02:47,094 INFO ncaa_identity: contest_id=2142672 teams 1347/2716 matched, players 3239/7446 matched
2026-08-24 03:02:48,857 INFO ncaa_identity: contest_id=2142700 teams 1331/2604 matched, players 3659/7138 matched
2026-08-24 03:02:56,955 INFO ncaa_identity: contest_id=2142804 teams 2692/2692 matched, players 6995/7412 matched
2026-08-24 03:02:59,023 INFO ncaa_identity: contest_id=2142851 teams 2638/2638 matched, players 7189/7205 matched
2026-08-24 03:03:03,584 INFO ncaa_identity: contest_id=2142904 teams 2319/2319 matched, players 6077/6331 matched
2026-08-24 03:03:05,417 INFO ncaa_identity: contest_id=2142936 teams 1333/2536 matched, players 3481/6893 matched
2026-08-24 03:03:07,344 INFO ncaa_identity: contest_id=2142962 teams 2825/2825 matched, players 7378/7778 matched
2026-08-24 03:03:09,791 INFO ncaa_identity: contest_id=2143051 teams 1668/3251 matched, players 4456/8927 matched
2026-08-24 03:03:11,462 INFO ncaa_identity: contest_id=2143080 teams 1298/2526 matched, players 3519/6899 matched
2026-08-24 03:03:13,202 INFO ncaa_identity: contest_id=2143123 teams 2407/2407 matched, players 6443/6570 matched
2026-08-24 03:03:14,900 WARNING ncaa_parse: family=shots contest_id=2143140 team=South Carolina St. SKIPPED (1 parse error(s)): No shot events found [<!DOCTYPE html> <html lang="en"> <head> <meta content="text/html; charset=utf-8" http-equiv="CONTENT-TYPE"/> <meta charset="utf-8"/> <meta...
2026-08-24 03:03:14,967 INFO ncaa_identity: contest_id=2143140 teams 2694/2694 matched, players 6218/7648 matched
2026-08-24 03:03:16,911 INFO ncaa_identity: contest_id=2143183 teams 1217/2358 matched, players 3272/6413 matched
2026-08-24 03:03:24,346 INFO ncaa_identity: contest_id=2143279 teams 2303/2303 matched, players 6291/6313 matched
2026-08-24 03:03:34,558 INFO ncaa_identity: contest_id=2143406 teams 2896/2896 matched, players 7530/7996 matched
2026-08-24 03:03:36,487 INFO ncaa_identity: contest_id=2143433 teams 1309/2638 matched, players 3597/7219 matched
2026-08-24 03:03:44,498 INFO ncaa_identity: contest_id=2143483 teams 2677/2677 matched, players 7096/7361 matched
2026-08-24 03:04:00,451 INFO ncaa_identity: contest_id=2143651 teams 2449/2449 matched, players 6167/6733 matched
2026-08-24 03:04:06,529 INFO ncaa_identity: contest_id=2143682 teams 1470/2941 matched, players 4044/8020 matched
2026-08-24 03:04:36,165 INFO ncaa_identity: contest_id=2143860 teams 2384/2455 matched, players 6690/6690 matched
2026-08-24 03:04:53,628 INFO ncaa_identity: contest_id=2143899 teams 2593/2593 matched, players 6525/7109 matched
2026-08-24 03:05:11,079 WARNING ncaa_parse: family=shots contest_id=2143987 team=Southeast Mo. St. SKIPPED (1 parse error(s)): No shot events found [<!DOCTYPE html> <html lang="en"> <head> <meta content="text/html; charset=utf-8" http-equiv="CONTENT-TYPE"/> <meta charset="utf-8"/> <meta...
2026-08-24 03:05:11,477 INFO ncaa_identity: contest_id=2143987 teams 1201/2457 matched, players 2937/6910 matched
2026-08-24 03:05:22,958 INFO ncaa_identity: contest_id=2144227 teams 1320/2603 matched, players 3579/7107 matched
2026-08-24 03:05:32,610 INFO ncaa_identity: contest_id=2144273 teams 2544/2544 matched, players 6993/6995 matched
2026-08-24 03:05:37,999 INFO ncaa_identity: contest_id=2144284 teams 2640/2640 matched, players 6501/7220 matched
[p1_s_e_e] [WARNING] [TeamId(name='Bellarmine')]v[TeamId(name='Defiance')] Flip court for periods: [[2]] because [total_shots={1: 54, 2: 50} long_shots={2: 50}]
2026-08-24 03:05:49,314 INFO ncaa_identity: contest_id=2144308 teams 1117/2190 matched, players 3026/5969 matched
2026-08-24 03:06:27,852 INFO ncaa_identity: contest_id=2144440 teams 2547/2547 matched, players 6932/6942 matched
2026-08-24 03:06:34,366 INFO ncaa_identity: contest_id=2144462 teams 2406/2406 matched, players 5923/6597 matched
2026-08-24 03:07:03,210 INFO ncaa_identity: contest_id=2144565 teams 1239/2458 matched, players 3375/6750 matched
2026-08-24 03:07:19,597 INFO ncaa_identity: contest_id=2144729 teams 2550/2550 matched, players 6733/7007 matched
2026-08-24 03:07:36,420 INFO ncaa_identity: contest_id=2144785 teams 2737/2737 matched, players 7192/7519 matched
2026-08-24 03:07:54,616 INFO ncaa_identity: contest_id=2144861 teams 1265/2590 matched, players 3486/7114 matched
2026-08-24 03:08:03,256 INFO ncaa_identity: contest_id=2145008 teams 2286/2286 matched, players 5963/6265 matched
2026-08-24 03:08:12,058 INFO ncaa_identity: contest_id=2145051 teams 1269/2456 matched, players 3402/6741 matched
2026-08-24 03:08:51,541 INFO ncaa_identity: contest_id=2145198 teams 2860/2860 matched, players 7819/7833 matched
2026-08-24 03:09:09,287 INFO ncaa_identity: contest_id=2145254 teams 1212/2412 matched, players 3310/6616 matched
2026-08-24 03:09:36,703 INFO ncaa_identity: contest_id=2145525 teams 2224/2224 matched, players 5758/6044 matched
2026-08-24 03:09:38,499 INFO ncaa_identity: contest_id=2145537 teams 2740/2740 matched, players 6842/7225 matched
2026-08-24 03:09:51,002 INFO ncaa_identity: contest_id=2145756 teams 2596/2596 matched, players 6875/7136 matched
2026-08-24 03:09:59,036 INFO ncaa_identity: contest_id=2145887 teams 2706/2706 matched, players 6867/7426 matched
2026-08-24 03:10:03,750 INFO ncaa_identity: contest_id=2145981 teams 1332/2643 matched, players 3624/7202 matched
2026-08-24 03:10:07,051 INFO ncaa_identity: contest_id=2145999 teams 1241/2492 matched, players 3360/6791 matched
2026-08-24 03:10:09,016 INFO ncaa_identity: contest_id=2146017 teams 1458/2861 matched, players 3978/7839 matched
2026-08-24 03:10:13,380 INFO ncaa_identity: contest_id=2146062 teams 2820/2820 matched, players 7213/7731 matched
2026-08-24 03:10:17,445 INFO ncaa_identity: contest_id=2146090 teams 2762/2762 matched, players 7366/7553 matched
2026-08-24 03:10:31,045 INFO ncaa_identity: contest_id=2146199 teams 1142/2250 matched, players 3085/6132 matched
2026-08-24 03:10:49,020 INFO ncaa_identity: contest_id=2146467 teams 1297/2610 matched, players 3602/7173 matched
2026-08-24 03:10:51,956 INFO ncaa_identity: contest_id=2146538 teams 1628/3126 matched, players 4360/8631 matched
2026-08-24 03:10:56,383 INFO ncaa_identity: contest_id=2146582 teams 1464/2881 matched, players 3814/7947 matched
2026-08-24 03:10:59,002 INFO ncaa_identity: contest_id=2146612 teams 0/2775 matched, players 0/7648 matched
2026-08-24 03:11:01,317 INFO ncaa_identity: contest_id=2146644 teams 1177/2306 matched, players 3246/6310 matched
2026-08-24 03:11:15,764 INFO ncaa_identity: contest_id=2146784 teams 2856/2856 matched, players 7863/7879 matched
2026-08-24 03:11:19,025 INFO ncaa_identity: contest_id=2146818 teams 2727/2727 matched, players 6910/7469 matched
2026-08-24 03:11:30,067 INFO ncaa_identity: contest_id=2146970 teams 1537/2971 matched, players 3800/8152 matched
2026-08-24 03:11:31,830 INFO ncaa_identity: contest_id=2147009 teams 2262/2262 matched, players 6106/6144 matched
2026-08-24 03:11:41,942 INFO ncaa_identity: contest_id=2147157 teams 2924/2924 matched, players 7676/8085 matched
2026-08-24 03:11:48,082 INFO ncaa_identity: contest_id=2147249 teams 2049/2049 matched, players 5295/5595 matched
2026-08-24 03:12:00,758 INFO ncaa_identity: contest_id=2147539 teams 2848/2848 matched, players 7046/7861 matched
2026-08-24 03:12:07,655 INFO ncaa_identity: contest_id=2147623 teams 2850/2850 matched, players 7489/7490 matched
2026-08-24 03:12:11,559 INFO ncaa_identity: contest_id=2147651 teams 2652/2652 matched, players 6787/7304 matched
2026-08-24 03:12:13,319 INFO ncaa_identity: contest_id=2147664 teams 2422/2422 matched, players 6066/6669 matched
2026-08-24 03:12:18,995 INFO ncaa_identity: contest_id=2147902 teams 3051/3051 matched, players 7733/8399 matched
2026-08-24 03:12:20,482 INFO ncaa_identity: contest_id=2147991 teams 2749/2749 matched, players 7243/7588 matched
2026-08-24 03:12:26,112 INFO ncaa_identity: contest_id=2148052 teams 3070/3070 matched, players 7903/8411 matched
2026-08-24 03:12:29,309 INFO ncaa_identity: contest_id=2148091 teams 2596/2596 matched, players 6570/7170 matched
2026-08-24 03:12:30,647 INFO ncaa_identity: contest_id=2148123 teams 2379/2379 matched, players 6007/6496 matched
2026-08-24 03:12:34,441 INFO ncaa_identity: contest_id=2148152 teams 2776/2776 matched, players 7063/7595 matched
2026-08-24 03:12:43,175 INFO ncaa_identity: contest_id=2148280 teams 2407/2407 matched, players 6070/6602 matched
2026-08-24 03:12:48,061 INFO ncaa_identity: contest_id=2148460 teams 2538/2538 matched, players 6456/7018 matched
2026-08-24 03:13:04,135 INFO ncaa_identity: contest_id=2148711 teams 2724/2724 matched, players 7469/7504 matched
2026-08-24 03:13:20,595 INFO ncaa_identity: contest_id=2149123 teams 2691/2691 matched, players 6831/7431 matched
2026-08-24 03:13:22,124 INFO ncaa_identity: contest_id=2149139 teams 2650/2650 matched, players 7200/7214 matched
2026-08-24 03:13:35,530 INFO ncaa_identity: contest_id=2149335 teams 2185/2185 matched, players 5921/5963 matched
2026-08-24 03:13:51,137 INFO ncaa_identity: contest_id=2149711 teams 2130/2130 matched, players 5395/5808 matched
2026-08-24 03:14:06,473 INFO ncaa_identity: contest_id=2149969 teams 2725/2725 matched, players 7129/7524 matched
2026-08-24 03:14:08,390 WARNING ncaa_parse: family=shots contest_id=2150053 team=UMES SKIPPED (1 parse error(s)): No shot events found [<!DOCTYPE html> <html lang="en"> <head> <meta content="text/html; charset=utf-8" http-equiv="CONTENT-TYPE"/> <meta charset="utf-8"/> <meta...
2026-08-24 03:14:08,439 INFO ncaa_identity: contest_id=2150053 teams 3167/3167 matched, players 7925/9034 matched
2026-08-24 03:14:19,899 WARNING ncaa_parse: family=shots contest_id=2150240 team=UMES SKIPPED (1 parse error(s)): No shot events found [<!DOCTYPE html> <html lang="en"> <head> <meta content="text/html; charset=utf-8" http-equiv="CONTENT-TYPE"/> <meta charset="utf-8"/> <meta...
2026-08-24 03:14:20,055 INFO ncaa_identity: contest_id=2150240 teams 2615/2615 matched, players 6938/7460 matched
2026-08-24 03:14:33,048 INFO ncaa_identity: contest_id=2150536 teams 2213/2213 matched, players 5759/6075 matched
2026-08-24 03:14:39,288 INFO ncaa_identity: contest_id=2150584 teams 1435/2873 matched, players 3575/7904 matched
2026-08-24 03:14:46,469 INFO ncaa_identity: contest_id=2150751 teams 2613/2613 matched, players 7130/7132 matched
2026-08-24 03:14:54,999 INFO ncaa_identity: contest_id=2150799 teams 2584/2584 matched, players 6823/7108 matched
2026-08-24 03:14:58,538 INFO ncaa_identity: contest_id=2150826 teams 2647/2647 matched, players 7099/7282 matched
2026-08-24 03:15:00,755 INFO 5 starters not found for period 4; using estimate
2026-08-24 03:15:04,775 INFO ncaa_identity: contest_id=2150979 teams 2884/2884 matched, players 7815/7934 matched
2026-08-24 03:15:09,529 INFO ncaa_identity: contest_id=2151154 teams 2382/2382 matched, players 6520/6526 matched
2026-08-24 03:15:27,618 INFO ncaa_identity: contest_id=2151377 teams 2470/2470 matched, players 5933/6790 matched
2026-08-24 03:15:29,345 INFO ncaa_identity: contest_id=2151437 teams 2769/2769 matched, players 7112/7606 matched
2026-08-24 03:15:30,979 INFO ncaa_identity: contest_id=2151559 teams 2524/2524 matched, players 6896/6944 matched
2026-08-24 03:15:39,132 INFO ncaa_identity: contest_id=2151616 teams 2653/2653 matched, players 6791/7276 matched
2026-08-24 03:15:40,961 INFO ncaa_identity: contest_id=2151644 teams 3253/3253 matched, players 8743/8966 matched
2026-08-24 03:15:43,842 INFO ncaa_identity: contest_id=2151724 teams 2000/2000 matched, players 4969/5469 matched
2026-08-24 03:15:45,727 INFO ncaa_identity: contest_id=2151782 teams 1422/2947 matched, players 4030/8101 matched
2026-08-24 03:15:47,443 INFO ncaa_identity: contest_id=2151792 teams 2630/2630 matched, players 6641/7282 matched
2026-08-24 03:15:53,440 INFO ncaa_identity: contest_id=2151841 teams 2438/2438 matched, players 6635/6636 matched
2026-08-24 03:15:56,606 INFO ncaa_identity: contest_id=2151880 teams 2226/2226 matched, players 5400/5808 matched
2026-08-24 03:16:02,448 INFO ncaa_identity: contest_id=2152152 teams 2445/2445 matched, players 6323/6701 matched
2026-08-24 03:16:23,649 INFO ncaa_identity: contest_id=2152457 teams 2143/2143 matched, players 5588/5853 matched
2026-08-24 03:16:26,561 INFO 5 starters not found for period 3; using estimate
2026-08-24 03:16:28,313 INFO ncaa_identity: contest_id=2152618 teams 3255/3255 matched, players 8641/8975 matched
2026-08-24 03:16:35,525 INFO ncaa_identity: contest_id=2152667 teams 2769/2769 matched, players 7437/7606 matched
2026-08-24 03:16:37,192 INFO ncaa_identity: contest_id=2152747 teams 2187/2187 matched, players 5468/5990 matched
2026-08-24 03:16:56,214 WARNING ncaa_parse: family=shots contest_id=2153221 team=Hampton SKIPPED (1 parse error(s)): No shot events found [<!DOCTYPE html> <html lang="en"> <head> <meta content="text/html; charset=utf-8" http-equiv="CONTENT-TYPE"/> <meta charset="utf-8"/> <meta...
2026-08-24 03:16:56,263 INFO ncaa_identity: contest_id=2153221 teams 2249/2249 matched, players 5481/6351 matched
2026-08-24 03:17:03,586 WARNING ncaa_parse: family=shots contest_id=2153319 team=Alabama A&M SKIPPED (1 parse error(s)): No shot events found [<!DOCTYPE html> <html lang="en"> <head> <meta content="text/html; charset=utf-8" http-equiv="CONTENT-TYPE"/> <meta charset="utf-8"/> <meta...
2026-08-24 03:17:03,640 INFO ncaa_identity: contest_id=2153319 teams 2725/2725 matched, players 7671/7761 matched
2026-08-24 03:17:05,230 WARNING ncaa_parse: family=shots contest_id=2153337 team=UMES SKIPPED (1 parse error(s)): No shot events found [<!DOCTYPE html> <html lang="en"> <head> <meta content="text/html; charset=utf-8" http-equiv="CONTENT-TYPE"/> <meta charset="utf-8"/> <meta...
2026-08-24 03:17:05,287 INFO ncaa_identity: contest_id=2153337 teams 2796/2796 matched, players 6585/7972 matched
2026-08-24 03:17:16,214 INFO ncaa_identity: contest_id=2153526 teams 1980/1980 matched, players 4935/5422 matched
2026-08-24 03:17:17,929 INFO ncaa_identity: contest_id=2153643 teams 1154/2390 matched, players 3212/6493 matched
2026-08-24 03:17:19,880 INFO ncaa_identity: contest_id=2153654 teams 2431/2431 matched, players 6637/6653 matched
2026-08-24 03:17:25,201 INFO ncaa_identity: contest_id=2153692 teams 2065/2065 matched, players 5177/5654 matched
2026-08-24 03:17:29,648 INFO ncaa_identity: contest_id=2153776 teams 2641/2641 matched, players 7191/7212 matched
2026-08-24 03:17:31,438 INFO ncaa_identity: contest_id=2153797 teams 2465/2465 matched, players 6268/6736 matched
2026-08-24 03:17:41,821 INFO ncaa_identity: contest_id=2153902 teams 2647/2647 matched, players 6964/7266 matched
2026-08-24 03:17:43,525 INFO ncaa_identity: contest_id=2153913 teams 2615/2615 matched, players 7082/7169 matched
2026-08-24 03:17:45,528 INFO ncaa_identity: contest_id=2153930 teams 2601/2601 matched, players 7166/7167 matched
2026-08-24 03:18:23,964 INFO ncaa_identity: contest_id=2154586 teams 3123/3123 matched, players 8567/8601 matched
2026-08-24 03:18:33,060 INFO ncaa_identity: contest_id=2154660 teams 2425/2425 matched, players 6111/6634 matched
2026-08-24 03:18:42,987 INFO ncaa_identity: contest_id=2154827 teams 2710/2710 matched, players 6864/7459 matched
2026-08-24 03:18:52,521 INFO ncaa_identity: contest_id=2154901 teams 2192/2192 matched, players 5504/5985 matched
2026-08-24 03:19:09,531 INFO ncaa_identity: contest_id=2155013 teams 2971/2971 matched, players 7964/8177 matched
2026-08-24 03:19:12,313 INFO ncaa_identity: contest_id=2155033 teams 2246/2246 matched, players 5795/6142 matched
2026-08-24 03:19:20,570 INFO ncaa_identity: contest_id=2155093 teams 2398/2398 matched, players 6575/6596 matched
2026-08-24 03:19:21,996 INFO ncaa_identity: contest_id=2155103 teams 2520/2520 matched, players 6903/6904 matched
2026-08-24 03:19:23,644 INFO ncaa_identity: contest_id=2155352 teams 1499/3025 matched, players 4155/8249 matched
2026-08-24 03:19:25,069 INFO ncaa_identity: contest_id=2157058 teams 1561/3066 matched, players 4190/8457 matched
2026-08-24 03:19:27,907 INFO ncaa_identity: contest_id=2157331 teams 2445/2445 matched, players 6479/6737 matched
2026-08-24 03:19:38,378 INFO ncaa_identity: contest_id=2159026 teams 2603/2603 matched, players 7050/7136 matched
2026-08-24 03:19:41,442 INFO ncaa_identity: contest_id=2159316 teams 2370/2370 matched, players 6377/6492 matched
2026-08-24 03:19:45,579 WARNING ncaa_parse: family=shots contest_id=2160971 team=Grambling SKIPPED (1 parse error(s)): No shot events found [<!DOCTYPE html> <html lang="en"> <head> <meta content="text/html; charset=utf-8" http-equiv="CONTENT-TYPE"/> <meta charset="utf-8"/> <meta...
2026-08-24 03:19:45,615 INFO ncaa_identity: contest_id=2160971 teams 1154/2326 matched, players 3246/6577 matched
2026-08-24 03:19:49,170 INFO ncaa_identity: contest_id=2163373 teams 2628/2628 matched, players 7159/7187 matched
2026-08-24 03:19:52,242 INFO ncaa_identity: contest_id=2163537 teams 1494/2913 matched, players 4081/8015 matched
2026-08-24 03:19:54,851 INFO ncaa_identity: contest_id=2163789 teams 1048/2088 matched, players 2846/5696 matched
2026-08-24 03:19:56,127 INFO ncaa_identity: contest_id=2164052 teams 1316/2640 matched, players 3650/7245 matched
2026-08-24 03:19:58,011 INFO ncaa_identity: contest_id=2218407 teams 1300/2640 matched, players 3576/7262 matched
2026-08-24 03:19:58,154 INFO 5 starters not found for period 3; using estimate
2026-08-24 03:19:59,615 INFO ncaa_identity: contest_id=2259699 teams 2823/2823 matched, players 7195/7825 matched
2026-08-24 03:20:01,227 INFO ncaa_identity: contest_id=2259765 teams 2371/2371 matched, players 6042/6494 matched
2026-08-24 03:20:05,502 INFO ncaa_identity: contest_id=2259839 teams 1236/2446 matched, players 3433/6694 matched
2026-08-24 03:20:06,991 INFO ncaa_identity: contest_id=2259852 teams 2543/2543 matched, players 6978/6979 matched
2026-08-24 03:20:30,457 INFO ncaa_identity: contest_id=2261408 teams 3091/3091 matched, players 8201/8539 matched
2026-08-24 03:20:32,110 INFO ncaa_identity: contest_id=2261418 teams 2834/2834 matched, players 7473/7787 matched
2026-08-24 03:20:35,333 INFO ncaa_identity: contest_id=2261464 teams 2531/2531 matched, players 6911/6943 matched
2026-08-24 03:20:56,494 INFO ncaa_identity: contest_id=2263054 teams 2843/2843 matched, players 7755/7763 matched
2026-08-24 03:21:01,748 WARNING ncaa_parse: family=shots contest_id=2263231 team=UNC Asheville SKIPPED (1 parse error(s)): No shot events found [<!DOCTYPE html> <html lang="en"> <head> <meta content="text/html; charset=utf-8" http-equiv="CONTENT-TYPE"/> <meta charset="utf-8"/> <meta...
2026-08-24 03:21:05,589 INFO ncaa_identity: contest_id=2335228 teams 2446/2446 matched, players 6645/6673 matched
2026-08-24 03:21:08,958 INFO ncaa_identity: contest_id=2335248 teams 3156/3156 matched, players 8293/8674 matched
2026-08-24 03:21:10,896 INFO ncaa_identity: contest_id=2335258 teams 1482/2989 matched, players 4091/8220 matched
2026-08-24 03:21:14,517 INFO ncaa_identity: contest_id=2335278 teams 1389/2644 matched, players 3735/7196 matched
2026-08-24 03:21:16,380 INFO ncaa_identity: contest_id=2335289 teams 2655/2655 matched, players 7252/7258 matched
2026-08-24 03:21:21,519 INFO ncaa_identity: contest_id=2335319 teams 1455/2849 matched, players 3883/7758 matched
2026-08-24 03:21:23,142 INFO ncaa_identity: contest_id=2335329 teams 1465/2870 matched, players 4053/7811 matched
2026-08-24 03:21:24,902 INFO ncaa_identity: contest_id=2335339 teams 1282/2514 matched, players 3373/6871 matched
2026-08-24 03:21:30,807 INFO ncaa_identity: contest_id=2335379 teams 1277/2541 matched, players 3117/6968 matched
2026-08-24 03:21:33,784 INFO ncaa_identity: contest_id=2335399 teams 1609/3190 matched, players 4418/8797 matched
2026-08-24 03:21:35,888 INFO ncaa_identity: contest_id=2335409 teams 1238/2391 matched, players 3290/6492 matched
2026-08-24 03:21:38,247 INFO ncaa_identity: contest_id=2335419 teams 1723/3404 matched, players 4293/9298 matched
2026-08-24 03:21:42,026 INFO ncaa_identity: contest_id=2335540 teams 0/3155 matched, players 0/8707 matched
2026-08-24 03:21:43,873 INFO ncaa_identity: contest_id=2335560 teams 1329/2622 matched, players 3584/7194 matched
2026-08-24 03:21:45,321 INFO ncaa_identity: contest_id=2335590 teams 1529/3028 matched, players 4154/8314 matched
2026-08-24 03:21:47,752 INFO ncaa_identity: contest_id=2335606 teams 1612/3177 matched, players 4369/8705 matched
2026-08-24 03:21:49,232 INFO ncaa_identity: contest_id=2335617 teams 1437/2779 matched, players 3888/7613 matched
2026-08-24 03:21:50,956 INFO ncaa_identity: contest_id=2335636 teams 1259/2461 matched, players 3442/6704 matched
2026-08-24 03:21:52,323 INFO ncaa_identity: contest_id=2335651 teams 1284/2566 matched, players 3505/7009 matched
2026-08-24 03:21:54,231 INFO ncaa_identity: contest_id=2335665 teams 1345/2643 matched, players 3626/7209 matched
2026-08-24 03:21:56,407 INFO ncaa_identity: contest_id=2335677 teams 1476/2930 matched, players 3888/7947 matched
2026-08-24 03:21:59,465 INFO ncaa_identity: contest_id=2335699 teams 2760/2760 matched, players 7024/7600 matched
2026-08-24 03:22:02,431 INFO ncaa_identity: contest_id=2335804 teams 2443/2443 matched, players 6352/6671 matched
2026-08-24 03:22:05,883 INFO ncaa_identity: contest_id=2335857 teams 2937/2937 matched, players 7717/8147 matched
2026-08-24 03:22:09,460 INFO ncaa_identity: contest_id=2335931 teams 2489/2489 matched, players 6442/6860 matched
2026-08-24 03:22:13,019 INFO ncaa_identity: contest_id=2336003 teams 1480/2900 matched, players 4020/7919 matched
2026-08-24 03:22:14,791 INFO ncaa_identity: contest_id=2336106 teams 1399/2707 matched, players 3783/7374 matched
2026-08-24 03:22:16,958 INFO ncaa_identity: contest_id=2336196 teams 2826/2826 matched, players 7377/7766 matched
2026-08-24 03:22:18,468 INFO ncaa_identity: contest_id=2336260 teams 1344/2618 matched, players 3628/7163 matched
2026-08-24 03:22:22,070 INFO ncaa_identity: contest_id=2336367 teams 1381/2726 matched, players 3149/7449 matched
2026-08-24 03:22:28,386 INFO ncaa_identity: contest_id=2336470 teams 1442/2962 matched, players 4110/8159 matched
2026-08-24 03:22:30,322 INFO ncaa_identity: contest_id=2336480 teams 1296/2514 matched, players 3518/6868 matched
2026-08-24 03:22:31,817 INFO ncaa_identity: contest_id=2336494 teams 1292/2476 matched, players 3432/6748 matched
2026-08-24 03:22:33,492 INFO ncaa_identity: contest_id=2336506 teams 1385/2745 matched, players 3770/7462 matched
2026-08-24 03:22:38,235 INFO ncaa_identity: contest_id=2336549 teams 2816/2816 matched, players 7361/7710 matched
2026-08-24 03:22:40,197 INFO ncaa_identity: contest_id=2336559 teams 3183/3183 matched, players 8755/8758 matched
2026-08-24 03:22:43,581 INFO ncaa_identity: contest_id=2336611 teams 1492/2886 matched, players 4019/7888 matched
2026-08-24 03:22:45,750 INFO ncaa_identity: contest_id=2336649 teams 2857/2857 matched, players 7851/7856 matched
2026-08-24 03:22:54,742 INFO ncaa_identity: contest_id=2336823 teams 2810/2810 matched, players 7082/7697 matched
2026-08-24 03:22:58,645 INFO ncaa_identity: contest_id=2336906 teams 2299/2299 matched, players 6274/6276 matched
2026-08-24 03:23:05,953 INFO ncaa_identity: contest_id=2337002 teams 2525/2525 matched, players 6714/6913 matched
2026-08-24 03:23:15,920 WARNING ncaa_parse: family=shots contest_id=2337168 team=Manhattan SKIPPED (1 parse error(s)): No shot events found [<!DOCTYPE html> <html lang="en"> <head> <meta content="text/html; charset=utf-8" http-equiv="CONTENT-TYPE"/> <meta charset="utf-8"/> <meta...
2026-08-24 03:23:16,029 INFO ncaa_identity: contest_id=2337168 teams 1237/2379 matched, players 3396/6646 matched
2026-08-24 03:23:17,343 INFO ncaa_identity: contest_id=2337203 teams 1330/2649 matched, players 3619/7273 matched
2026-08-24 03:23:21,336 INFO ncaa_identity: contest_id=2337286 teams 1097/2241 matched, players 3038/6074 matched
2026-08-24 03:23:22,922 INFO ncaa_identity: contest_id=2337364 teams 1182/2309 matched, players 3151/6270 matched
2026-08-24 03:23:24,391 INFO ncaa_identity: contest_id=2337463 teams 1173/2344 matched, players 3209/6408 matched
2026-08-24 03:23:31,990 INFO ncaa_identity: contest_id=2337633 teams 1312/2544 matched, players 3476/6906 matched
2026-08-24 03:23:33,904 INFO ncaa_identity: contest_id=2337653 teams 2495/2495 matched, players 6577/6808 matched
2026-08-24 03:23:35,094 INFO ncaa_identity: contest_id=2337675 teams 2448/2448 matched, players 6481/6706 matched
2026-08-24 03:23:38,477 INFO ncaa_identity: contest_id=2337707 teams 2860/2860 matched, players 7271/7846 matched
2026-08-24 03:23:47,465 INFO ncaa_identity: contest_id=2337871 teams 1336/2700 matched, players 3733/7394 matched
2026-08-24 03:23:49,046 INFO ncaa_identity: contest_id=2337927 teams 1222/2481 matched, players 3379/6767 matched
2026-08-24 03:23:51,098 INFO ncaa_identity: contest_id=2337997 teams 1380/2788 matched, players 3821/7624 matched
2026-08-24 03:23:57,483 INFO ncaa_identity: contest_id=2338169 teams 1591/3134 matched, players 4342/8586 matched
2026-08-24 03:23:59,011 INFO ncaa_identity: contest_id=2338189 teams 1290/2570 matched, players 3633/7094 matched
2026-08-24 03:24:17,509 INFO ncaa_identity: contest_id=2338468 teams 2708/2708 matched, players 6901/7462 matched
2026-08-24 03:24:20,482 INFO ncaa_identity: contest_id=2338589 teams 2643/2643 matched, players 6770/7269 matched
2026-08-24 03:24:23,848 INFO ncaa_identity: contest_id=2338633 teams 1248/2482 matched, players 3095/6748 matched
2026-08-24 03:24:27,029 INFO ncaa_identity: contest_id=2338709 teams 1314/2653 matched, players 3596/7215 matched
2026-08-24 03:24:33,053 INFO ncaa_identity: contest_id=2338822 teams 1133/2207 matched, players 3043/6008 matched
2026-08-24 03:24:36,218 INFO ncaa_identity: contest_id=2338884 teams 1349/2634 matched, players 3606/7191 matched
2026-08-24 03:24:39,066 INFO ncaa_identity: contest_id=2338928 teams 1518/2938 matched, players 4105/8075 matched
2026-08-24 03:24:44,920 INFO ncaa_identity: contest_id=2339011 teams 1270/2524 matched, players 3297/6905 matched
2026-08-24 03:24:46,189 INFO ncaa_identity: contest_id=2339035 teams 2451/2451 matched, players 6705/6706 matched
2026-08-24 03:24:47,915 INFO ncaa_identity: contest_id=2339074 teams 2352/2352 matched, players 6443/6477 matched
2026-08-24 03:24:49,296 INFO ncaa_identity: contest_id=2339092 teams 2838/2838 matched, players 7350/7801 matched
2026-08-24 03:24:50,816 INFO ncaa_identity: contest_id=2339136 teams 2257/2257 matched, players 6049/6192 matched
2026-08-24 03:24:58,236 INFO ncaa_identity: contest_id=2339291 teams 2447/2447 matched, players 6647/6671 matched
2026-08-24 03:25:10,039 INFO ncaa_identity: contest_id=2339464 teams 2899/2899 matched, players 7636/7983 matched
2026-08-24 03:25:11,935 INFO ncaa_identity: contest_id=2339489 teams 1508/2937 matched, players 4069/8101 matched
2026-08-24 03:25:13,811 INFO ncaa_identity: contest_id=2339511 teams 2386/2386 matched, players 6254/6585 matched
2026-08-24 03:25:17,424 INFO ncaa_identity: contest_id=2339726 teams 2630/2630 matched, players 6858/7216 matched
2026-08-24 03:25:19,051 INFO ncaa_identity: contest_id=2339760 teams 1227/2399 matched, players 3319/6590 matched
2026-08-24 03:25:20,735 INFO ncaa_identity: contest_id=2339795 teams 2683/2683 matched, players 6967/7370 matched
2026-08-24 03:25:22,204 INFO ncaa_identity: contest_id=2339806 teams 2403/2403 matched, players 6287/6563 matched
2026-08-24 03:25:31,689 INFO ncaa_identity: contest_id=2339911 teams 2529/2529 matched, players 6654/6946 matched
2026-08-24 03:25:33,237 INFO ncaa_identity: contest_id=2339924 teams 1196/2368 matched, players 3246/6463 matched
2026-08-24 03:25:34,968 INFO ncaa_identity: contest_id=2339949 teams 1251/2442 matched, players 3336/6653 matched
2026-08-24 03:25:45,669 INFO ncaa_identity: contest_id=2340108 teams 2813/2813 matched, players 7516/7762 matched
2026-08-24 03:25:53,294 INFO ncaa_identity: contest_id=2340301 teams 1554/3121 matched, players 4229/8625 matched
2026-08-24 03:26:15,923 INFO ncaa_identity: contest_id=2340697 teams 2275/2275 matched, players 5862/6240 matched
2026-08-24 03:26:17,603 INFO ncaa_identity: contest_id=2340714 teams 2832/2832 matched, players 7828/7839 matched
2026-08-24 03:26:19,395 INFO ncaa_identity: contest_id=2340749 teams 2343/2343 matched, players 6357/6405 matched
2026-08-24 03:26:24,377 INFO ncaa_identity: contest_id=2340813 teams 1389/2732 matched, players 3726/7415 matched
2026-08-24 03:26:26,097 INFO ncaa_identity: contest_id=2340826 teams 2891/2891 matched, players 7652/7658 matched
2026-08-24 03:26:33,318 INFO ncaa_identity: contest_id=2340926 teams 3035/3035 matched, players 7577/8412 matched
2026-08-24 03:26:34,871 INFO ncaa_identity: contest_id=2340959 teams 2936/2936 matched, players 8035/8068 matched
2026-08-24 03:26:40,204 INFO ncaa_identity: contest_id=2341053 teams 2484/2484 matched, players 6406/6779 matched
2026-08-24 03:26:44,233 INFO ncaa_identity: contest_id=2341098 teams 1516/3006 matched, players 4064/8255 matched
2026-08-24 03:26:49,936 INFO ncaa_identity: contest_id=2341153 teams 2764/2764 matched, players 7602/7608 matched
2026-08-24 03:26:57,030 INFO ncaa_identity: contest_id=2341306 teams 1467/2874 matched, players 3916/7873 matched
2026-08-24 03:27:00,543 INFO ncaa_identity: contest_id=2341352 teams 2865/2865 matched, players 7727/7846 matched
2026-08-24 03:27:03,868 INFO ncaa_identity: contest_id=2341388 teams 2655/2655 matched, players 7304/7333 matched
2026-08-24 03:27:05,404 INFO ncaa_identity: contest_id=2341428 teams 2740/2740 matched, players 7342/7480 matched
2026-08-24 03:27:08,336 INFO ncaa_identity: contest_id=2341534 teams 1438/2809 matched, players 3894/7658 matched
2026-08-24 03:27:11,615 INFO ncaa_identity: contest_id=2341576 teams 2655/2655 matched, players 7055/7250 matched
2026-08-24 03:27:22,351 INFO ncaa_identity: contest_id=2341699 teams 1204/2416 matched, players 3301/6563 matched
2026-08-24 03:27:27,338 INFO ncaa_identity: contest_id=2341740 teams 1337/2669 matched, players 3667/7339 matched
2026-08-24 03:27:30,783 INFO ncaa_identity: contest_id=2341772 teams 1082/2185 matched, players 3002/5953 matched
2026-08-24 03:27:39,852 INFO ncaa_identity: contest_id=2341834 teams 1461/2839 matched, players 3913/7767 matched
2026-08-24 03:27:41,257 INFO ncaa_identity: contest_id=2341847 teams 2882/2882 matched, players 7637/7950 matched
2026-08-24 03:27:45,490 INFO ncaa_identity: contest_id=2341896 teams 2431/2431 matched, players 6195/6662 matched
2026-08-24 03:27:53,998 INFO ncaa_identity: contest_id=2341971 teams 1372/2752 matched, players 3792/7611 matched
2026-08-24 03:27:55,727 INFO ncaa_identity: contest_id=2341982 teams 3013/3013 matched, players 7669/8309 matched
2026-08-24 03:28:06,073 INFO ncaa_identity: contest_id=2342146 teams 2111/2111 matched, players 5455/5732 matched
2026-08-24 03:28:09,581 INFO ncaa_identity: contest_id=2342304 teams 2740/2740 matched, players 7441/7476 matched
2026-08-24 03:28:15,292 INFO ncaa_identity: contest_id=2342359 teams 0/2823 matched, players 0/7667 matched
2026-08-24 03:28:20,142 INFO ncaa_identity: contest_id=2342404 teams 2521/2521 matched, players 6709/6904 matched
2026-08-24 03:28:28,824 INFO ncaa_identity: contest_id=2342538 teams 1237/2514 matched, players 2928/6930 matched
2026-08-24 03:28:33,973 INFO ncaa_identity: contest_id=2342609 teams 2944/2944 matched, players 8053/8082 matched
2026-08-24 03:28:37,383 INFO ncaa_identity: contest_id=2342660 teams 2830/2830 matched, players 7253/7809 matched
2026-08-24 03:28:43,811 INFO ncaa_identity: contest_id=2342767 teams 3102/3102 matched, players 8037/8564 matched
2026-08-24 03:28:45,270 INFO ncaa_identity: contest_id=2342808 teams 2365/2365 matched, players 6350/6516 matched
2026-08-24 03:28:49,083 INFO ncaa_identity: contest_id=2342875 teams 2707/2707 matched, players 6990/7410 matched
2026-08-24 03:28:54,150 WARNING ncaa_parse: family=shots contest_id=2342981 team=Hampton SKIPPED (1 parse error(s)): No shot events found [<!DOCTYPE html> <html lang="en"> <head> <meta content="text/html; charset=utf-8" http-equiv="CONTENT-TYPE"/> <meta charset="utf-8"/> <meta...
2026-08-24 03:28:54,239 INFO ncaa_identity: contest_id=2342981 teams 2042/2042 matched, players 4611/5732 matched
2026-08-24 03:29:11,867 INFO ncaa_identity: contest_id=2343231 teams 2601/2601 matched, players 6133/7128 matched
2026-08-24 03:29:22,028 INFO ncaa_identity: contest_id=2343346 teams 1211/2492 matched, players 3021/6820 matched
2026-08-24 03:29:24,516 INFO ncaa_identity: contest_id=2343536 teams 2388/2388 matched, players 5798/6517 matched
2026-08-24 03:29:37,074 INFO ncaa_identity: contest_id=2343712 teams 1484/2903 matched, players 4022/7951 matched
2026-08-24 03:29:39,025 INFO ncaa_identity: contest_id=2343746 teams 3212/3212 matched, players 8625/8960 matched
2026-08-24 03:30:00,752 INFO ncaa_identity: contest_id=2344099 teams 3001/3001 matched, players 8069/8311 matched
2026-08-24 03:30:07,316 INFO ncaa_identity: contest_id=2344263 teams 2372/2372 matched, players 6187/6479 matched
2026-08-24 03:30:10,738 INFO ncaa_identity: contest_id=2344283 teams 2390/2390 matched, players 6507/6553 matched
2026-08-24 03:30:24,667 INFO ncaa_identity: contest_id=2344541 teams 2615/2615 matched, players 6530/7171 matched
2026-08-24 03:30:26,491 INFO ncaa_identity: contest_id=2344611 teams 2859/2859 matched, players 7895/7896 matched
2026-08-24 03:30:33,129 INFO ncaa_identity: contest_id=2344730 teams 2960/2960 matched, players 7848/8189 matched
2026-08-24 03:30:43,361 INFO ncaa_identity: contest_id=2344846 teams 2607/2607 matched, players 6945/7127 matched
2026-08-24 03:30:48,309 INFO ncaa_identity: contest_id=2344923 teams 2538/2538 matched, players 6528/7020 matched
2026-08-24 03:30:51,943 INFO ncaa_identity: contest_id=2344993 teams 3052/3052 matched, players 8274/8421 matched
2026-08-24 03:31:07,838 INFO ncaa_identity: contest_id=2345272 teams 2650/2650 matched, players 6721/7295 matched
2026-08-24 03:31:09,718 INFO ncaa_identity: contest_id=2345346 teams 2309/2309 matched, players 5768/6308 matched
2026-08-24 03:31:13,189 INFO ncaa_identity: contest_id=2345366 teams 2843/2843 matched, players 7236/7823 matched
2026-08-24 03:31:26,200 INFO ncaa_identity: contest_id=2345643 teams 2607/2607 matched, players 6818/7156 matched
2026-08-24 03:31:29,798 INFO ncaa_identity: contest_id=2345758 teams 3441/3441 matched, players 9202/9507 matched
2026-08-24 03:31:31,860 INFO ncaa_identity: contest_id=2345783 teams 2876/2876 matched, players 7500/7931 matched
2026-08-24 03:31:35,068 INFO ncaa_identity: contest_id=2345819 teams 1301/2688 matched, players 3028/7396 matched
2026-08-24 03:31:39,572 INFO ncaa_identity: contest_id=2345873 teams 3200/3200 matched, players 8493/8838 matched
2026-08-24 03:31:41,019 INFO ncaa_identity: contest_id=2345902 teams 2312/2312 matched, players 6291/6339 matched
2026-08-24 03:31:49,585 INFO ncaa_identity: contest_id=2346051 teams 2990/2990 matched, players 7622/8262 matched
2026-08-24 03:31:50,936 INFO ncaa_identity: contest_id=2346091 teams 2550/2550 matched, players 6462/7016 matched
2026-08-24 03:32:01,809 INFO ncaa_identity: contest_id=2346286 teams 2593/2593 matched, players 6255/7062 matched
2026-08-24 03:32:07,349 INFO ncaa_identity: contest_id=2346428 teams 2339/2339 matched, players 5965/6418 matched
2026-08-24 03:32:13,593 INFO ncaa_identity: contest_id=2346483 teams 2503/2503 matched, players 6875/6886 matched
2026-08-24 03:32:24,989 INFO ncaa_identity: contest_id=2346828 teams 2697/2697 matched, players 6887/7353 matched
2026-08-24 03:32:45,414 INFO ncaa_identity: contest_id=2347207 teams 2871/2871 matched, players 7852/7859 matched
2026-08-24 03:32:51,392 INFO ncaa_identity: contest_id=2347246 teams 2307/2307 matched, players 5462/6307 matched
2026-08-24 03:32:54,487 INFO ncaa_identity: contest_id=2347273 teams 2312/2312 matched, players 6023/6322 matched
2026-08-24 03:32:56,511 INFO ncaa_identity: contest_id=2347287 teams 2466/2466 matched, players 6833/6834 matched
2026-08-24 03:32:58,545 INFO ncaa_identity: contest_id=2347298 teams 2599/2599 matched, players 6693/7151 matched
2026-08-24 03:33:05,086 INFO ncaa_identity: contest_id=2347464 teams 2471/2471 matched, players 6780/6791 matched
2026-08-24 03:33:06,618 INFO ncaa_identity: contest_id=2347474 teams 2306/2306 matched, players 6248/6293 matched
2026-08-24 03:33:08,130 INFO ncaa_identity: contest_id=2347487 teams 2488/2488 matched, players 6801/6808 matched
2026-08-24 03:33:09,992 INFO ncaa_identity: contest_id=2347500 teams 2612/2612 matched, players 6775/7213 matched
2026-08-24 03:33:12,749 INFO ncaa_identity: contest_id=2347540 teams 2124/2124 matched, players 5572/5735 matched
2026-08-24 03:33:17,190 INFO ncaa_identity: contest_id=2347739 teams 2697/2697 matched, players 5978/7392 matched
2026-08-24 03:33:24,945 INFO ncaa_identity: contest_id=2347903 teams 2530/2530 matched, players 6572/6884 matched
2026-08-24 03:33:28,689 INFO ncaa_identity: contest_id=2347942 teams 3048/3048 matched, players 8368/8423 matched
2026-08-24 03:33:30,625 INFO ncaa_identity: contest_id=2347961 teams 2556/2556 matched, players 5827/7020 matched
2026-08-24 03:33:33,897 INFO ncaa_identity: contest_id=2348009 teams 2586/2586 matched, players 6731/7094 matched
2026-08-24 03:33:40,788 INFO ncaa_identity: contest_id=2348121 teams 2583/2583 matched, players 7083/7091 matched
2026-08-24 03:33:42,249 INFO ncaa_identity: contest_id=2348150 teams 2542/2542 matched, players 6407/6994 matched
2026-08-24 03:33:43,966 INFO ncaa_identity: contest_id=2348181 teams 1326/2652 matched, players 3616/7268 matched
2026-08-24 03:33:47,081 INFO ncaa_identity: contest_id=2348288 teams 2575/2575 matched, players 6597/7070 matched
2026-08-24 03:34:00,846 INFO ncaa_identity: contest_id=2348496 teams 3254/3254 matched, players 8201/8997 matched
2026-08-24 03:34:17,028 INFO ncaa_identity: contest_id=2348851 teams 2792/2792 matched, players 6588/7723 matched
2026-08-24 03:34:18,717 INFO ncaa_identity: contest_id=2348883 teams 2486/2486 matched, players 6820/6843 matched
2026-08-24 03:34:18,856 INFO 5 starters not found for period 3; using estimate
2026-08-24 03:34:22,206 INFO ncaa_identity: contest_id=2348920 teams 2387/2387 matched, players 6467/6537 matched
2026-08-24 03:34:25,194 INFO ncaa_identity: contest_id=2348956 teams 1155/2262 matched, players 3117/6170 matched
2026-08-24 03:34:28,614 INFO ncaa_identity: contest_id=2348990 teams 3137/3137 matched, players 8616/8662 matched
2026-08-24 03:34:30,114 WARNING ncaa_parse: family=shots contest_id=2349010 team=South Carolina St. SKIPPED (1 parse error(s)): No shot events found [<!DOCTYPE html> <html lang="en"> <head> <meta content="text/html; charset=utf-8" http-equiv="CONTENT-TYPE"/> <meta charset="utf-8"/> <meta...
2026-08-24 03:34:30,225 INFO ncaa_identity: contest_id=2349010 teams 2804/2804 matched, players 7328/7989 matched
2026-08-24 03:34:41,422 INFO ncaa_identity: contest_id=2349200 teams 2611/2611 matched, players 7080/7207 matched
2026-08-24 03:34:46,138 INFO ncaa_identity: contest_id=2349324 teams 1295/2512 matched, players 3429/6883 matched
2026-08-24 03:34:49,371 INFO ncaa_identity: contest_id=2349355 teams 2371/2371 matched, players 6267/6539 matched
2026-08-24 03:34:52,524 INFO ncaa_identity: contest_id=2349415 teams 2950/2950 matched, players 7952/8164 matched
2026-08-24 03:34:56,343 INFO ncaa_identity: contest_id=2349465 teams 3229/3229 matched, players 8848/8878 matched
2026-08-24 03:35:01,754 INFO ncaa_identity: contest_id=2349529 teams 2421/2421 matched, players 6617/6649 matched
2026-08-24 03:35:03,321 INFO ncaa_identity: contest_id=2349543 teams 2410/2410 matched, players 6638/6639 matched
2026-08-24 03:35:21,898 INFO ncaa_identity: contest_id=2349958 teams 2163/2163 matched, players 5256/5924 matched
2026-08-24 03:35:26,729 INFO ncaa_identity: contest_id=2350003 teams 2236/2236 matched, players 6061/6113 matched
2026-08-24 03:35:46,751 INFO ncaa_identity: contest_id=2350215 teams 1374/2770 matched, players 3816/7605 matched
2026-08-24 03:35:56,185 INFO ncaa_identity: contest_id=2350313 teams 2474/2474 matched, players 6753/6772 matched
2026-08-24 03:35:57,933 INFO ncaa_identity: contest_id=2350324 teams 2427/2427 matched, players 6395/6618 matched
2026-08-24 03:36:24,832 INFO ncaa_identity: contest_id=2350599 teams 2697/2697 matched, players 6880/7408 matched
2026-08-24 03:36:31,729 INFO ncaa_identity: contest_id=2350639 teams 2492/2492 matched, players 6755/6814 matched
2026-08-24 03:36:34,487 INFO ncaa_identity: contest_id=2350660 teams 2238/2238 matched, players 5589/6111 matched
2026-08-24 03:36:36,217 INFO ncaa_identity: contest_id=2350671 teams 2595/2595 matched, players 6899/7122 matched
2026-08-24 03:36:44,429 INFO ncaa_identity: contest_id=2350721 teams 2442/2442 matched, players 6691/6708 matched
2026-08-24 03:36:48,763 INFO ncaa_identity: contest_id=2350777 teams 1610/3179 matched, players 4418/8767 matched
2026-08-24 03:36:51,953 INFO ncaa_identity: contest_id=2350949 teams 2719/2719 matched, players 7175/7459 matched
2026-08-24 03:36:54,695 INFO ncaa_identity: contest_id=2351375 teams 2539/2539 matched, players 6513/6955 matched
2026-08-24 03:36:57,507 WARNING ncaa_parse: family=shots contest_id=2352671 team=UAB SKIPPED (1 parse error(s)): No shot events found [<!DOCTYPE html> <html lang="en"> <head> <meta content="text/html; charset=utf-8" http-equiv="CONTENT-TYPE"/> <meta charset="utf-8"/> <meta...
2026-08-24 03:36:57,569 INFO ncaa_identity: contest_id=2352671 teams 2292/2292 matched, players 5731/6481 matched
2026-08-24 03:37:02,465 INFO ncaa_identity: contest_id=2352813 teams 2666/2666 matched, players 6838/7291 matched
2026-08-24 03:37:02,625 INFO 5 starters not found for period 3; using estimate
2026-08-24 03:37:05,494 INFO ncaa_identity: contest_id=2353578 teams 2531/2531 matched, players 6834/6931 matched
2026-08-24 03:37:13,175 INFO ncaa_identity: contest_id=2354222 teams 2504/2504 matched, players 6528/6876 matched
2026-08-24 03:37:14,453 INFO ncaa_identity: contest_id=2354517 teams 1270/2521 matched, players 3463/6924 matched
2026-08-24 03:37:28,317 INFO ncaa_identity: contest_id=2421252 teams 3071/3071 matched, players 8213/8463 matched
2026-08-24 03:37:41,267 INFO ncaa_identity: contest_id=2422438 teams 1196/2448 matched, players 3306/6708 matched
2026-08-24 03:37:47,411 INFO ncaa_identity: contest_id=2422524 teams 2360/2360 matched, players 6345/6451 matched
2026-08-24 03:37:53,987 INFO ncaa_identity: contest_id=2422659 teams 3038/3038 matched, players 7941/8403 matched
2026-08-24 03:38:00,722 INFO ncaa_identity: contest_id=2422778 teams 2611/2611 matched, players 7108/7134 matched
2026-08-24 03:38:07,764 INFO ncaa_identity: contest_id=2422897 teams 2286/2286 matched, players 6239/6242 matched
2026-08-24 03:38:21,362 WARNING ncaa_parse: family=shots contest_id=2424289 team=Milwaukee SKIPPED (1 parse error(s)): No shot events found [<!DOCTYPE html> <html lang="en"> <head> <meta content="text/html; charset=utf-8" http-equiv="CONTENT-TYPE"/> <meta charset="utf-8"/> <meta...
2026-08-24 03:39:04,604 INFO ncaa_identity: contest_id=3954362 teams 1443/2822 matched, players 3849/7725 matched
2026-08-24 03:39:12,282 INFO ncaa_identity: contest_id=3954913 teams 3094/3094 matched, players 8153/8494 matched
2026-08-24 03:39:15,914 INFO ncaa_identity: contest_id=3954933 teams 2711/2711 matched, players 7193/7491 matched
2026-08-24 03:39:18,027 INFO ncaa_identity: contest_id=3954943 teams 1573/3097 matched, players 4240/8490 matched
2026-08-24 03:39:19,891 INFO ncaa_identity: contest_id=3954953 teams 1478/2745 matched, players 3935/7566 matched
2026-08-24 03:39:22,393 INFO ncaa_identity: contest_id=3954963 teams 1601/3247 matched, players 4400/8920 matched
2026-08-24 03:39:24,112 INFO ncaa_identity: contest_id=3954973 teams 2980/2980 matched, players 7448/8167 matched
2026-08-24 03:39:27,954 INFO ncaa_identity: contest_id=3954993 teams 1681/3287 matched, players 4624/9032 matched
2026-08-24 03:39:29,740 INFO ncaa_identity: contest_id=3955003 teams 2645/2645 matched, players 7094/7193 matched
2026-08-24 03:39:31,255 INFO ncaa_identity: contest_id=3955013 teams 1620/3159 matched, players 4111/8646 matched
2026-08-24 03:39:33,439 INFO ncaa_identity: contest_id=3955023 teams 1444/2806 matched, players 3931/7684 matched
2026-08-24 03:39:37,015 INFO ncaa_identity: contest_id=3955044 teams 1414/2795 matched, players 3842/7569 matched
2026-08-24 03:39:39,197 INFO ncaa_identity: contest_id=3955054 teams 1618/3264 matched, players 4478/9052 matched
2026-08-24 03:39:40,887 INFO ncaa_identity: contest_id=3955064 teams 1378/2722 matched, players 3663/7510 matched
2026-08-24 03:39:45,951 INFO ncaa_identity: contest_id=3955096 teams 1496/2909 matched, players 3992/7947 matched
2026-08-24 03:39:47,525 INFO ncaa_identity: contest_id=3955108 teams 1688/3295 matched, players 4313/9043 matched
2026-08-24 03:39:49,251 INFO ncaa_identity: contest_id=3955119 teams 1329/2549 matched, players 3551/6967 matched
2026-08-24 03:39:50,941 INFO ncaa_identity: contest_id=3955164 teams 1411/2810 matched, players 3907/7660 matched
2026-08-24 03:39:52,801 INFO ncaa_identity: contest_id=3955211 teams 1474/2971 matched, players 3788/8105 matched
2026-08-24 03:39:58,285 INFO ncaa_identity: contest_id=3955282 teams 3117/3117 matched, players 7943/8556 matched
2026-08-24 03:39:59,925 INFO ncaa_identity: contest_id=3955293 teams 1532/3155 matched, players 4317/8644 matched
2026-08-24 03:40:01,858 INFO ncaa_identity: contest_id=3955306 teams 2624/2624 matched, players 6583/7210 matched
2026-08-24 03:40:03,467 INFO ncaa_identity: contest_id=3955316 teams 1528/3034 matched, players 4173/8324 matched
2026-08-24 03:40:05,859 INFO ncaa_identity: contest_id=3955330 teams 1754/3435 matched, players 4770/9439 matched
2026-08-24 03:40:13,226 INFO ncaa_identity: contest_id=3955551 teams 2878/2878 matched, players 7652/7899 matched
2026-08-24 03:40:15,304 INFO ncaa_identity: contest_id=3955586 teams 2692/2692 matched, players 7378/7397 matched
2026-08-24 03:40:21,244 INFO ncaa_identity: contest_id=3955789 teams 1528/3114 matched, players 4147/8549 matched
2026-08-24 03:40:24,816 INFO ncaa_identity: contest_id=3955903 teams 1189/2378 matched, players 3245/6475 matched
2026-08-24 03:40:26,159 WARNING ncaa_parse: family=shots contest_id=3955954 team=Morgan St. SKIPPED (1 parse error(s)): No shot events found [<!DOCTYPE html> <html lang="en"> <head> <meta content="text/html; charset=utf-8" http-equiv="CONTENT-TYPE"/> <meta charset="utf-8"/> <meta...
2026-08-24 03:40:26,222 INFO ncaa_identity: contest_id=3955954 teams 1114/2236 matched, players 2624/6331 matched
2026-08-24 03:40:32,652 INFO ncaa_identity: contest_id=3956051 teams 1465/2975 matched, players 4039/8134 matched
2026-08-24 03:40:34,179 INFO ncaa_identity: contest_id=3956068 teams 2661/2661 matched, players 6515/7282 matched
2026-08-24 03:40:40,163 INFO ncaa_identity: contest_id=3956108 teams 1504/2937 matched, players 4081/8042 matched
2026-08-24 03:40:42,138 INFO ncaa_identity: contest_id=3956119 teams 1504/3012 matched, players 3500/8177 matched
2026-08-24 03:40:44,325 INFO ncaa_identity: contest_id=3956130 teams 2740/2740 matched, players 7230/7486 matched
2026-08-24 03:40:46,070 INFO ncaa_identity: contest_id=3956154 teams 1365/2835 matched, players 3884/7775 matched
2026-08-24 03:40:53,258 INFO ncaa_identity: contest_id=3956274 teams 2713/2713 matched, players 7222/7443 matched
2026-08-24 03:40:57,183 INFO ncaa_identity: contest_id=3956371 teams 1451/2871 matched, players 3907/7851 matched
2026-08-24 03:40:59,043 INFO ncaa_identity: contest_id=3956439 teams 3178/3178 matched, players 8010/8763 matched
2026-08-24 03:41:08,335 INFO ncaa_identity: contest_id=3956552 teams 2953/2953 matched, players 7777/8157 matched
2026-08-24 03:41:11,729 INFO ncaa_identity: contest_id=3956607 teams 1286/2489 matched, players 3466/6784 matched
2026-08-24 03:41:15,685 INFO ncaa_identity: contest_id=3956666 teams 1500/3000 matched, players 4151/8234 matched
2026-08-24 03:41:17,226 INFO ncaa_identity: contest_id=3956708 teams 2606/2606 matched, players 6631/7127 matched
2026-08-24 03:41:19,454 INFO ncaa_identity: contest_id=3956723 teams 0/3029 matched, players 0/8297 matched
2026-08-24 03:41:24,621 INFO ncaa_identity: contest_id=3957002 teams 1444/2831 matched, players 3951/7772 matched
2026-08-24 03:41:33,101 INFO ncaa_identity: contest_id=3957176 teams 2440/2440 matched, players 6699/6702 matched
2026-08-24 03:41:40,711 INFO ncaa_identity: contest_id=3957270 teams 2537/2537 matched, players 6515/6982 matched
2026-08-24 03:41:42,140 INFO ncaa_identity: contest_id=3957285 teams 2371/2371 matched, players 6525/6526 matched
2026-08-24 03:41:43,833 WARNING ncaa_parse: family=shots contest_id=3957326 team=Northeastern SKIPPED (1 parse error(s)): No shot events found [<!DOCTYPE html> <html lang="en"> <head> <meta content="text/html; charset=utf-8" http-equiv="CONTENT-TYPE"/> <meta charset="utf-8"/> <meta...
2026-08-24 03:41:47,276 INFO ncaa_identity: contest_id=3957538 teams 1315/2643 matched, players 3702/7281 matched
2026-08-24 03:41:50,604 INFO ncaa_identity: contest_id=3957591 teams 2880/2880 matched, players 7921/7935 matched
2026-08-24 03:41:54,364 INFO ncaa_identity: contest_id=3957643 teams 1052/2140 matched, players 2911/5824 matched
2026-08-24 03:42:01,285 INFO ncaa_identity: contest_id=3957705 teams 2808/2808 matched, players 7292/7722 matched
2026-08-24 03:42:03,220 INFO ncaa_identity: contest_id=3957732 teams 1359/2701 matched, players 3744/7423 matched
2026-08-24 03:42:05,087 INFO ncaa_identity: contest_id=3957754 teams 2651/2651 matched, players 6678/7261 matched
2026-08-24 03:42:08,889 INFO ncaa_identity: contest_id=3957791 teams 2840/2840 matched, players 7094/7754 matched
[p1_s_e_e] [WARNING] [TeamId(name='Little Rock')]v[TeamId(name='Tulsa')] Flip court for periods: [[2, 3]] because [total_shots={1: 59, 2: 69, 3: 13} long_shots={1: 1, 2: 69, 3: 13}]
2026-08-24 03:42:12,420 INFO ncaa_identity: contest_id=3957843 teams 2864/2864 matched, players 7314/7857 matched
2026-08-24 03:42:16,689 INFO ncaa_identity: contest_id=3957955 teams 1423/2827 matched, players 3913/7744 matched
2026-08-24 03:42:21,554 INFO ncaa_identity: contest_id=3958043 teams 2398/2398 matched, players 6221/6594 matched
2026-08-24 03:42:27,288 INFO ncaa_identity: contest_id=3958150 teams 2988/2988 matched, players 8209/8266 matched
2026-08-24 03:42:28,724 INFO ncaa_identity: contest_id=3958177 teams 1359/2625 matched, players 3649/7194 matched
2026-08-24 03:42:42,132 INFO ncaa_identity: contest_id=3958349 teams 1340/2766 matched, players 3701/7512 matched
2026-08-24 03:42:45,662 INFO ncaa_identity: contest_id=3958403 teams 1531/3064 matched, players 4232/8393 matched
2026-08-24 03:42:52,716 INFO ncaa_identity: contest_id=3958568 teams 2275/2275 matched, players 5844/6166 matched
2026-08-24 03:42:54,176 INFO ncaa_identity: contest_id=3958604 teams 2619/2619 matched, players 6899/7229 matched
2026-08-24 03:42:55,860 INFO ncaa_identity: contest_id=3958619 teams 2052/2052 matched, players 5285/5556 matched
2026-08-24 03:42:59,205 INFO ncaa_identity: contest_id=3958676 teams 2809/2809 matched, players 7492/7754 matched
2026-08-24 03:43:05,662 INFO ncaa_identity: contest_id=3958787 teams 2452/2452 matched, players 6420/6701 matched
2026-08-24 03:43:09,350 INFO ncaa_identity: contest_id=3959013 teams 2585/2585 matched, players 6916/7102 matched
2026-08-24 03:43:11,079 INFO ncaa_identity: contest_id=3959045 teams 3100/3100 matched, players 7880/8552 matched
2026-08-24 03:43:12,857 INFO ncaa_identity: contest_id=3959067 teams 2457/2457 matched, players 6559/6753 matched
2026-08-24 03:43:16,405 INFO ncaa_identity: contest_id=3959094 teams 2621/2621 matched, players 7079/7156 matched
2026-08-24 03:43:25,253 INFO ncaa_identity: contest_id=3959202 teams 2726/2726 matched, players 6823/7487 matched
2026-08-24 03:43:27,128 INFO ncaa_identity: contest_id=3959213 teams 1300/2580 matched, players 3511/7022 matched
2026-08-24 03:43:28,627 INFO ncaa_identity: contest_id=3959235 teams 1380/2724 matched, players 3755/7443 matched
2026-08-24 03:43:33,796 INFO ncaa_identity: contest_id=3959309 teams 1407/2744 matched, players 3815/7549 matched
2026-08-24 03:43:35,462 INFO ncaa_identity: contest_id=3959329 teams 1601/3043 matched, players 4230/8340 matched
2026-08-24 03:43:39,009 INFO ncaa_identity: contest_id=3959390 teams 3134/3134 matched, players 8443/8667 matched
2026-08-24 03:43:43,488 INFO ncaa_identity: contest_id=3959560 teams 1345/2712 matched, players 3579/7430 matched
2026-08-24 03:43:44,822 INFO ncaa_identity: contest_id=3959589 teams 2504/2504 matched, players 6826/6851 matched
2026-08-24 03:43:59,337 INFO ncaa_identity: contest_id=3959640 teams 2641/2641 matched, players 6899/7273 matched
2026-08-24 03:44:08,379 WARNING ncaa_parse: family=shots contest_id=3959717 team=South Carolina St. SKIPPED (1 parse error(s)): No shot events found [<!DOCTYPE html> <html lang="en"> <head> <meta content="text/html; charset=utf-8" http-equiv="CONTENT-TYPE"/> <meta charset="utf-8"/> <meta...
2026-08-24 03:44:08,945 INFO ncaa_identity: contest_id=3959717 teams 2845/2845 matched, players 6406/8008 matched
2026-08-24 03:44:18,401 INFO ncaa_identity: contest_id=3959895 teams 1338/2605 matched, players 3600/7122 matched
2026-08-24 03:44:44,438 INFO ncaa_identity: contest_id=3959997 teams 2891/2891 matched, players 7558/7957 matched
2026-08-24 03:44:55,057 INFO ncaa_identity: contest_id=3960044 teams 1355/2642 matched, players 3610/7215 matched
2026-08-24 03:45:00,003 INFO ncaa_identity: contest_id=3960055 teams 1615/3088 matched, players 4296/8475 matched
2026-08-24 03:45:10,939 INFO ncaa_identity: contest_id=3960113 teams 1168/2337 matched, players 3228/6354 matched
2026-08-24 03:45:26,498 INFO ncaa_identity: contest_id=3960212 teams 3366/3366 matched, players 9055/9056 matched
2026-08-24 03:45:38,719 INFO ncaa_identity: contest_id=3960296 teams 2758/2758 matched, players 7162/7590 matched
2026-08-24 03:46:01,750 INFO ncaa_identity: contest_id=3960397 teams 1346/2697 matched, players 3704/7342 matched
2026-08-24 03:46:28,522 INFO ncaa_identity: contest_id=3960556 teams 1169/2418 matched, players 3279/6602 matched
2026-08-24 03:46:45,816 INFO ncaa_identity: contest_id=3960636 teams 0/2931 matched, players 0/7997 matched
2026-08-24 03:46:51,544 INFO ncaa_identity: contest_id=3960690 teams 3080/3080 matched, players 8286/8511 matched
2026-08-24 03:46:56,770 INFO ncaa_identity: contest_id=3960708 teams 2832/2832 matched, players 7604/7806 matched
2026-08-24 03:47:02,367 INFO ncaa_identity: contest_id=3960741 teams 2816/2816 matched, players 7489/7727 matched
2026-08-24 03:47:12,859 INFO ncaa_identity: contest_id=3960845 teams 3330/3330 matched, players 8491/9146 matched
2026-08-24 03:47:17,643 INFO ncaa_identity: contest_id=3960860 teams 1403/2768 matched, players 3769/7576 matched
2026-08-24 03:47:37,396 INFO ncaa_identity: contest_id=3960961 teams 1401/2764 matched, players 3841/7531 matched
2026-08-24 03:47:42,079 INFO ncaa_identity: contest_id=3960972 teams 2586/2586 matched, players 6672/7067 matched
2026-08-24 03:48:13,457 INFO ncaa_identity: contest_id=3961056 teams 2553/2553 matched, players 7017/7025 matched
2026-08-24 03:48:18,449 INFO ncaa_identity: contest_id=3961067 teams 2956/2956 matched, players 8125/8135 matched
2026-08-24 03:48:32,081 WARNING ncaa_parse: family=shots contest_id=3961105 team=South Carolina St. SKIPPED (1 parse error(s)): No shot events found [<!DOCTYPE html> <html lang="en"> <head> <meta content="text/html; charset=utf-8" http-equiv="CONTENT-TYPE"/> <meta charset="utf-8"/> <meta...
2026-08-24 03:48:32,499 INFO ncaa_identity: contest_id=3961105 teams 1418/2814 matched, players 3779/7991 matched
2026-08-24 03:48:41,089 INFO ncaa_identity: contest_id=3961127 teams 2347/2347 matched, players 5983/6466 matched
2026-08-24 03:48:52,149 INFO ncaa_identity: contest_id=3961153 teams 2279/2279 matched, players 5705/6222 matched
2026-08-24 03:49:02,175 INFO ncaa_identity: contest_id=3961196 teams 1588/3023 matched, players 4188/8250 matched
2026-08-24 03:49:13,476 INFO ncaa_identity: contest_id=3961278 teams 2351/2351 matched, players 5883/6424 matched
2026-08-24 03:49:17,887 INFO ncaa_identity: contest_id=3961299 teams 2309/2309 matched, players 6023/6317 matched
2026-08-24 03:49:32,294 INFO ncaa_identity: contest_id=3961348 teams 2585/2585 matched, players 6787/7090 matched
2026-08-24 03:49:39,110 INFO ncaa_identity: contest_id=3961367 teams 1600/3369 matched, players 4282/9330 matched
2026-08-24 03:49:50,456 INFO ncaa_identity: contest_id=3961452 teams 2750/2750 matched, players 7233/7540 matched
2026-08-24 03:49:55,495 INFO ncaa_identity: contest_id=3961466 teams 1249/2520 matched, players 3430/6866 matched
2026-08-24 03:50:01,038 INFO ncaa_identity: contest_id=3961487 teams 1216/2446 matched, players 3383/6699 matched
2026-08-24 03:50:37,395 INFO ncaa_identity: contest_id=3961710 teams 2513/2513 matched, players 6575/6847 matched
2026-08-24 03:50:47,667 INFO ncaa_identity: contest_id=3961774 teams 2512/2512 matched, players 6722/6905 matched
2026-08-24 03:51:04,624 INFO ncaa_identity: contest_id=3961909 teams 2336/2336 matched, players 5940/6380 matched
2026-08-24 03:51:06,512 INFO ncaa_identity: contest_id=3961991 teams 2585/2585 matched, players 6665/7073 matched
2026-08-24 03:51:10,046 INFO ncaa_identity: contest_id=3962014 teams 1370/2658 matched, players 3631/7226 matched
2026-08-24 03:51:15,084 INFO ncaa_identity: contest_id=3962120 teams 2565/2565 matched, players 6855/7063 matched
2026-08-24 03:51:22,819 INFO ncaa_identity: contest_id=3962225 teams 3307/3307 matched, players 9118/9172 matched
2026-08-24 03:51:32,046 WARNING ncaa_parse: family=shots contest_id=3962524 team=Delaware St. SKIPPED (1 parse error(s)): No shot events found [<!DOCTYPE html> <html lang="en"> <head> <meta content="text/html; charset=utf-8" http-equiv="CONTENT-TYPE"/> <meta charset="utf-8"/> <meta...
2026-08-24 03:51:32,154 INFO ncaa_identity: contest_id=3962524 teams 2013/2013 matched, players 5333/5666 matched
2026-08-24 03:51:37,156 INFO ncaa_identity: contest_id=3962617 teams 2707/2707 matched, players 7050/7410 matched
2026-08-24 03:51:54,936 INFO ncaa_identity: contest_id=3962880 teams 2744/2744 matched, players 7464/7490 matched
2026-08-24 03:52:12,793 INFO ncaa_identity: contest_id=3963237 teams 2695/2695 matched, players 7443/7444 matched
2026-08-24 03:52:21,161 INFO ncaa_identity: contest_id=3963396 teams 2394/2394 matched, players 6224/6593 matched
2026-08-24 03:52:25,540 INFO ncaa_identity: contest_id=3963584 teams 2717/2717 matched, players 6799/7449 matched
2026-08-24 03:52:30,903 INFO ncaa_identity: contest_id=3963643 teams 2395/2395 matched, players 6381/6566 matched
2026-08-24 03:52:43,226 INFO ncaa_identity: contest_id=3963803 teams 2454/2454 matched, players 6624/6703 matched
2026-08-24 03:52:44,848 INFO ncaa_identity: contest_id=3963815 teams 2698/2698 matched, players 7200/7416 matched
2026-08-24 03:52:50,012 INFO ncaa_identity: contest_id=3964011 teams 2626/2626 matched, players 6677/7211 matched
2026-08-24 03:52:58,101 INFO ncaa_identity: contest_id=3964129 teams 2551/2551 matched, players 6668/7011 matched
2026-08-24 03:52:59,909 INFO ncaa_identity: contest_id=3964155 teams 2541/2541 matched, players 6218/6984 matched
2026-08-24 03:53:03,229 INFO ncaa_identity: contest_id=3964219 teams 2621/2621 matched, players 6867/7196 matched
2026-08-24 03:53:04,579 INFO ncaa_identity: contest_id=3964230 teams 2467/2467 matched, players 6455/6736 matched
2026-08-24 03:53:09,205 INFO ncaa_identity: contest_id=3964261 teams 2637/2637 matched, players 6917/6923 matched
2026-08-24 03:53:17,597 INFO ncaa_identity: contest_id=3964554 teams 2526/2526 matched, players 6495/6943 matched
2026-08-24 03:53:24,838 INFO ncaa_identity: contest_id=3964674 teams 1042/2169 matched, players 2917/5898 matched
2026-08-24 03:53:26,526 INFO ncaa_identity: contest_id=3964693 teams 2714/2714 matched, players 7435/7437 matched
2026-08-24 03:53:35,542 INFO ncaa_identity: contest_id=3964814 teams 2940/2940 matched, players 7930/8100 matched
2026-08-24 03:53:39,737 INFO ncaa_identity: contest_id=3965014 teams 2537/2537 matched, players 6394/6945 matched
2026-08-24 03:53:42,712 INFO ncaa_identity: contest_id=3965039 teams 2447/2447 matched, players 6716/6717 matched
2026-08-24 03:53:54,642 INFO ncaa_identity: contest_id=3965246 teams 2633/2633 matched, players 7045/7248 matched
2026-08-24 03:53:57,789 INFO ncaa_identity: contest_id=3965269 teams 2316/2316 matched, players 6303/6305 matched
2026-08-24 03:54:13,573 INFO ncaa_identity: contest_id=3965671 teams 3311/3311 matched, players 8883/9196 matched
2026-08-24 03:54:15,662 INFO ncaa_identity: contest_id=3965697 teams 1490/2873 matched, players 3516/7911 matched
2026-08-24 03:54:17,181 INFO ncaa_identity: contest_id=3965722 teams 2741/2741 matched, players 7448/7532 matched
2026-08-24 03:54:18,858 INFO ncaa_identity: contest_id=3965736 teams 2110/2110 matched, players 5726/5764 matched
2026-08-24 03:54:24,423 INFO 5 starters not found for period 3; using estimate
2026-08-24 03:54:30,306 INFO ncaa_identity: contest_id=3966036 teams 2556/2556 matched, players 6608/6996 matched
2026-08-24 03:54:41,358 INFO ncaa_identity: contest_id=3966230 teams 2437/2437 matched, players 6385/6714 matched
2026-08-24 03:54:55,754 INFO ncaa_identity: contest_id=3966526 teams 2500/2500 matched, players 6516/6517 matched
2026-08-24 03:55:02,846 INFO ncaa_identity: contest_id=3966673 teams 2261/2261 matched, players 6052/6217 matched
2026-08-24 03:55:11,750 INFO ncaa_identity: contest_id=3966788 teams 2626/2626 matched, players 6701/7184 matched
2026-08-24 03:55:13,165 INFO ncaa_identity: contest_id=3966827 teams 2177/2177 matched, players 5487/5929 matched
2026-08-24 03:55:16,436 INFO ncaa_identity: contest_id=3966850 teams 2462/2462 matched, players 6576/6785 matched
2026-08-24 03:55:21,112 INFO ncaa_identity: contest_id=3967047 teams 2446/2446 matched, players 6236/6709 matched
2026-08-24 03:55:26,038 INFO ncaa_identity: contest_id=3967081 teams 2615/2615 matched, players 6758/7177 matched
2026-08-24 03:55:29,319 INFO ncaa_identity: contest_id=3967104 teams 2765/2765 matched, players 6981/7615 matched
2026-08-24 03:55:33,533 INFO ncaa_identity: contest_id=3967259 teams 2257/2257 matched, players 6049/6185 matched
2026-08-24 03:55:36,607 INFO ncaa_identity: contest_id=3967283 teams 2502/2502 matched, players 6756/6878 matched
2026-08-24 03:55:43,920 INFO ncaa_identity: contest_id=3967386 teams 2702/2702 matched, players 7327/7452 matched
2026-08-24 03:55:49,133 INFO ncaa_identity: contest_id=3967611 teams 2479/2479 matched, players 6783/6787 matched
2026-08-24 03:55:56,105 INFO ncaa_identity: contest_id=3967707 teams 2950/2950 matched, players 7679/8118 matched
2026-08-24 03:55:59,750 INFO ncaa_identity: contest_id=3967754 teams 2284/2284 matched, players 6106/6275 matched
2026-08-24 03:56:04,718 INFO ncaa_identity: contest_id=3967843 teams 2775/2775 matched, players 7519/7603 matched
2026-08-24 03:56:12,749 INFO ncaa_identity: contest_id=3968037 teams 2593/2593 matched, players 6690/7102 matched
2026-08-24 03:56:17,905 INFO ncaa_identity: contest_id=3968076 teams 1448/3005 matched, players 4084/8285 matched
2026-08-24 03:56:19,369 INFO ncaa_identity: contest_id=3968136 teams 2798/2798 matched, players 7268/7710 matched
2026-08-24 03:56:30,614 INFO ncaa_identity: contest_id=3968266 teams 2062/2062 matched, players 5233/5599 matched
2026-08-24 03:56:33,404 INFO ncaa_identity: contest_id=3968317 teams 2368/2368 matched, players 6440/6504 matched
2026-08-24 03:56:37,888 INFO ncaa_identity: contest_id=3968549 teams 2812/2812 matched, players 7683/7686 matched
2026-08-24 03:56:39,465 INFO ncaa_identity: contest_id=3968576 teams 2694/2694 matched, players 6982/7413 matched
2026-08-24 03:56:46,370 INFO ncaa_identity: contest_id=3968650 teams 1539/3055 matched, players 4208/8348 matched
2026-08-24 03:57:33,901 INFO ncaa_identity: contest_id=3969218 teams 2806/2806 matched, players 7493/7699 matched
2026-08-24 03:57:51,296 INFO ncaa_identity: contest_id=3969404 teams 2225/2225 matched, players 6022/6036 matched
2026-08-24 03:57:52,746 INFO ncaa_identity: contest_id=3969414 teams 2136/2136 matched, players 5303/5795 matched
2026-08-24 03:58:02,206 INFO ncaa_identity: contest_id=3969542 teams 2417/2417 matched, players 6045/6632 matched
2026-08-24 03:58:11,552 INFO ncaa_identity: contest_id=3969624 teams 1163/2282 matched, players 3136/6248 matched
2026-08-24 03:58:14,875 INFO ncaa_identity: contest_id=3969699 teams 1137/2225 matched, players 3022/6088 matched
2026-08-24 03:58:23,249 INFO ncaa_identity: contest_id=3969768 teams 2026/2026 matched, players 5326/5511 matched
2026-08-24 03:58:29,639 INFO ncaa_identity: contest_id=3969808 teams 2574/2574 matched, players 7090/7094 matched
2026-08-24 03:58:33,448 INFO ncaa_identity: contest_id=3969828 teams 1846/3718 matched, players 5086/10226 matched
2026-08-24 03:58:38,148 INFO ncaa_identity: contest_id=3969859 teams 2495/2495 matched, players 6609/6864 matched
2026-08-24 03:58:39,589 INFO ncaa_identity: contest_id=3969869 teams 2706/2706 matched, players 6234/7433 matched
2026-08-24 03:58:45,825 INFO ncaa_identity: contest_id=3969909 teams 2160/2160 matched, players 5170/5884 matched
2026-08-24 03:58:47,529 INFO ncaa_identity: contest_id=3969919 teams 2788/2788 matched, players 7248/7648 matched
2026-08-24 03:58:53,959 INFO ncaa_identity: contest_id=3969973 teams 2369/2369 matched, players 6470/6481 matched
2026-08-24 03:59:16,306 INFO ncaa_identity: contest_id=3996519 teams 2543/2543 matched, players 6815/6966 matched
2026-08-24 03:59:24,370 INFO ncaa_identity: contest_id=4213747 teams 2268/2268 matched, players 5646/6202 matched
2026-08-24 03:59:31,122 INFO ncaa_identity: contest_id=4469253 teams 1321/2530 matched, players 3481/6908 matched
2026-08-24 03:59:34,617 INFO ncaa_identity: contest_id=4469341 teams 1341/2615 matched, players 3609/7158 matched
2026-08-24 03:59:41,836 INFO ncaa_identity: contest_id=4472466 teams 1487/2927 matched, players 3919/8006 matched
2026-08-24 03:59:48,809 INFO ncaa_identity: contest_id=5250680 teams 2721/2721 matched, players 7071/7514 matched
2026-08-24 03:59:51,996 INFO ncaa_identity: contest_id=5250801 teams 2636/2636 matched, players 6607/7249 matched
2026-08-24 03:59:53,298 INFO ncaa_identity: contest_id=5250820 teams 1024/2036 matched, players 2769/5569 matched
2026-08-24 03:59:58,791 INFO ncaa_identity: contest_id=5250907 teams 2545/2545 matched, players 6879/6980 matched
2026-08-24 04:00:04,993 INFO ncaa_identity: contest_id=5251724 teams 2526/2526 matched, players 6335/6898 matched
2026-08-24 04:00:08,103 INFO ncaa_identity: contest_id=5251834 teams 2448/2448 matched, players 6165/6709 matched
2026-08-24 04:00:15,052 INFO ncaa_identity: contest_id=5252318 teams 2362/2362 matched, players 6097/6460 matched
2026-08-24 04:00:16,761 INFO ncaa_identity: contest_id=5252346 teams 2207/2207 matched, players 5540/6025 matched
2026-08-24 04:00:56,084 INFO ncaa_identity: contest_id=5722016 teams 2166/2166 matched, players 5535/5940 matched
2026-08-24 04:00:57,775 INFO ncaa_identity: contest_id=5722293 teams 2358/2358 matched, players 6056/6467 matched
2026-08-24 04:00:59,755 INFO ncaa_identity: contest_id=5722303 teams 2767/2767 matched, players 7165/7635 matched
2026-08-24 04:01:03,145 INFO ncaa_identity: contest_id=5722331 teams 1331/2616 matched, players 3620/7185 matched
2026-08-24 04:01:34,991 INFO ncaa_identity: contest_id=5722798 teams 3062/3062 matched, players 7416/8462 matched
2026-08-24 04:01:48,639 INFO ncaa_identity: contest_id=5722909 teams 2311/2311 matched, players 6092/6303 matched
2026-08-24 04:01:52,487 INFO ncaa_identity: contest_id=5722952 teams 2489/2489 matched, players 6629/6816 matched
2026-08-24 04:01:54,465 INFO ncaa_identity: contest_id=5722984 teams 1161/2334 matched, players 3193/6313 matched
2026-08-24 04:02:07,405 INFO ncaa_identity: contest_id=5723098 teams 3021/3021 matched, players 8347/8350 matched
2026-08-24 04:02:09,062 INFO ncaa_identity: contest_id=5723117 teams 2796/2796 matched, players 7251/7696 matched
2026-08-24 04:02:11,447 INFO ncaa_identity: contest_id=5723146 teams 2626/2626 matched, players 7145/7235 matched
2026-08-24 04:02:40,516 INFO ncaa_identity: contest_id=5723528 teams 1411/2671 matched, players 3267/7301 matched
2026-08-24 04:02:42,414 INFO ncaa_identity: contest_id=5723543 teams 1358/2723 matched, players 3687/7525 matched
2026-08-24 04:02:46,985 INFO ncaa_identity: contest_id=5723574 teams 2675/2675 matched, players 7382/7383 matched
2026-08-24 04:02:49,139 INFO ncaa_identity: contest_id=5723585 teams 1468/2839 matched, players 3912/7756 matched
2026-08-24 04:02:58,526 INFO ncaa_identity: contest_id=5723701 teams 2433/2433 matched, players 6093/6659 matched
2026-08-24 04:03:00,638 INFO ncaa_identity: contest_id=5723729 teams 2899/2899 matched, players 7398/7979 matched
2026-08-24 04:03:08,352 INFO ncaa_identity: contest_id=5723848 teams 1264/2410 matched, players 3359/6575 matched
2026-08-24 04:03:31,298 INFO ncaa_identity: contest_id=5724058 teams 2495/2495 matched, players 6780/6815 matched
2026-08-24 04:03:33,129 INFO ncaa_identity: contest_id=5724071 teams 2276/2276 matched, players 5260/6197 matched
2026-08-24 04:03:35,044 INFO ncaa_identity: contest_id=5725828 teams 2353/2353 matched, players 4986/6429 matched
2026-08-24 04:03:53,729 INFO ncaa_identity: contest_id=5726017 teams 1257/2581 matched, players 3504/7080 matched
2026-08-24 04:03:55,571 INFO ncaa_identity: contest_id=5726058 teams 1497/2833 matched, players 3876/7693 matched
2026-08-24 04:04:01,165 INFO ncaa_identity: contest_id=5728256 teams 2500/2500 matched, players 6777/6810 matched
2026-08-24 04:04:11,453 INFO ncaa_identity: contest_id=5728345 teams 2963/2963 matched, players 7542/8163 matched
2026-08-24 04:04:14,575 INFO ncaa_identity: contest_id=5728367 teams 2594/2594 matched, players 6983/7103 matched
2026-08-24 04:04:30,335 INFO ncaa_identity: contest_id=5728524 teams 2412/2412 matched, players 6186/6618 matched
2026-08-24 04:04:34,411 INFO ncaa_identity: contest_id=5728561 teams 2841/2841 matched, players 7620/7782 matched
2026-08-24 04:04:36,030 INFO ncaa_identity: contest_id=5728578 teams 1213/2396 matched, players 3275/6485 matched
2026-08-24 04:04:37,790 INFO ncaa_identity: contest_id=5728591 teams 2878/2878 matched, players 7373/7922 matched
2026-08-24 04:04:41,144 INFO ncaa_identity: contest_id=5728620 teams 3075/3075 matched, players 7298/8458 matched
2026-08-24 04:04:42,536 INFO ncaa_identity: contest_id=5728633 teams 2826/2826 matched, players 7470/7746 matched
2026-08-24 04:04:47,559 INFO ncaa_identity: contest_id=5728681 teams 2774/2774 matched, players 7038/7649 matched
2026-08-24 04:04:50,477 INFO ncaa_identity: contest_id=5728703 teams 2401/2401 matched, players 5983/6584 matched
2026-08-24 04:05:00,340 INFO ncaa_identity: contest_id=5728839 teams 2957/2957 matched, players 8111/8133 matched
2026-08-24 04:05:10,943 INFO ncaa_identity: contest_id=5729211 teams 2646/2646 matched, players 7222/7223 matched
2026-08-24 04:05:16,144 INFO ncaa_identity: contest_id=5729254 teams 2940/2940 matched, players 7287/8063 matched
2026-08-24 04:05:19,625 INFO ncaa_identity: contest_id=5729287 teams 2342/2342 matched, players 5937/6422 matched
2026-08-24 04:05:29,402 INFO ncaa_identity: contest_id=5729395 teams 1604/3179 matched, players 4355/8696 matched
2026-08-24 04:05:35,528 INFO ncaa_identity: contest_id=5729455 teams 2595/2595 matched, players 6686/7097 matched
2026-08-24 04:05:44,981 INFO ncaa_identity: contest_id=5729585 teams 2512/2512 matched, players 6681/6901 matched
2026-08-24 04:05:59,333 INFO ncaa_identity: contest_id=5729773 teams 1334/2626 matched, players 3435/7241 matched
2026-08-24 04:06:02,516 INFO ncaa_identity: contest_id=5729840 teams 2662/2662 matched, players 7220/7296 matched
2026-08-24 04:06:05,506 INFO ncaa_identity: contest_id=5729863 teams 2655/2655 matched, players 6757/7220 matched
2026-08-24 04:06:13,978 INFO ncaa_identity: contest_id=5729941 teams 2689/2689 matched, players 7233/7354 matched
2026-08-24 04:06:17,357 INFO ncaa_identity: contest_id=5729965 teams 2393/2393 matched, players 6479/6504 matched
2026-08-24 04:06:27,523 INFO ncaa_identity: contest_id=5730067 teams 1166/2233 matched, players 3116/6137 matched
2026-08-24 04:06:45,899 INFO ncaa_identity: contest_id=5730320 teams 2259/2259 matched, players 6102/6155 matched
2026-08-24 04:06:54,027 INFO ncaa_identity: contest_id=5730388 teams 2895/2895 matched, players 7536/7989 matched
2026-08-24 04:06:57,509 INFO ncaa_identity: contest_id=5730480 teams 1459/2863 matched, players 4017/7804 matched
2026-08-24 04:07:04,346 INFO ncaa_identity: contest_id=5730540 teams 2828/2828 matched, players 7811/7815 matched
2026-08-24 04:07:05,962 INFO ncaa_identity: contest_id=5730574 teams 1216/2379 matched, players 3294/6508 matched
2026-08-24 04:07:10,411 INFO ncaa_identity: contest_id=5730641 teams 2592/2592 matched, players 6554/7101 matched
2026-08-24 04:07:17,211 INFO ncaa_identity: contest_id=5730702 teams 3108/3108 matched, players 8395/8605 matched
2026-08-24 04:07:19,133 INFO ncaa_identity: contest_id=5730726 teams 3528/3528 matched, players 8952/9789 matched
2026-08-24 04:07:26,721 INFO ncaa_identity: contest_id=5730857 teams 1516/3022 matched, players 4143/8264 matched
2026-08-24 04:07:36,793 INFO ncaa_identity: contest_id=5730922 teams 3294/3294 matched, players 8474/9130 matched
2026-08-24 04:07:38,149 INFO ncaa_identity: contest_id=5730934 teams 1282/2597 matched, players 3585/7143 matched
2026-08-24 04:07:39,857 INFO ncaa_identity: contest_id=5730945 teams 2885/2885 matched, players 7877/7948 matched
2026-08-24 04:07:41,116 INFO ncaa_identity: contest_id=5730956 teams 2760/2760 matched, players 7156/7565 matched
2026-08-24 04:07:45,975 INFO ncaa_identity: contest_id=5731019 teams 2429/2429 matched, players 6627/6629 matched
2026-08-24 04:07:47,690 INFO ncaa_identity: contest_id=5731033 teams 3086/3086 matched, players 8044/8508 matched
2026-08-24 04:08:18,943 INFO ncaa_identity: contest_id=5731434 teams 2248/2248 matched, players 5933/6139 matched
2026-08-24 04:08:20,718 INFO ncaa_identity: contest_id=5731444 teams 2382/2382 matched, players 6294/6536 matched
2026-08-24 04:08:22,223 INFO ncaa_identity: contest_id=5731550 teams 2713/2713 matched, players 6890/7506 matched
2026-08-24 04:08:24,199 INFO ncaa_identity: contest_id=5731581 teams 1737/3438 matched, players 4351/9460 matched
2026-08-24 04:08:27,496 INFO ncaa_identity: contest_id=5731626 teams 1426/2722 matched, players 3518/7426 matched
2026-08-24 04:08:37,421 INFO ncaa_identity: contest_id=5731792 teams 2364/2364 matched, players 5873/6440 matched
2026-08-24 04:08:38,705 INFO ncaa_identity: contest_id=5731836 teams 1269/2457 matched, players 3388/6699 matched
2026-08-24 04:09:01,340 INFO ncaa_identity: contest_id=5732140 teams 2375/2375 matched, players 5969/6489 matched
2026-08-24 04:09:03,291 INFO ncaa_identity: contest_id=5732150 teams 1366/2656 matched, players 3611/7282 matched
2026-08-24 04:09:25,696 INFO ncaa_identity: contest_id=5732443 teams 2735/2735 matched, players 7139/7539 matched
2026-08-24 04:09:27,373 INFO ncaa_identity: contest_id=5732455 teams 2571/2571 matched, players 6801/7038 matched
2026-08-24 04:09:32,774 INFO ncaa_identity: contest_id=5732506 teams 1365/2656 matched, players 3643/7306 matched
2026-08-24 04:09:40,521 INFO ncaa_identity: contest_id=5732558 teams 2294/2294 matched, players 5906/6247 matched
2026-08-24 04:10:09,052 INFO ncaa_identity: contest_id=5732775 teams 2797/2797 matched, players 7078/7697 matched
2026-08-24 04:10:13,763 INFO ncaa_identity: contest_id=5732807 teams 2830/2830 matched, players 7252/7781 matched
2026-08-24 04:10:16,601 INFO ncaa_identity: contest_id=5732831 teams 1444/2816 matched, players 3812/7737 matched
2026-08-24 04:10:23,445 INFO ncaa_identity: contest_id=5732908 teams 1362/2743 matched, players 3754/7530 matched
2026-08-24 04:10:44,434 INFO ncaa_identity: contest_id=5733061 teams 4300/4300 matched, players 11695/11916 matched
2026-08-24 04:10:45,670 INFO ncaa_identity: contest_id=5733071 teams 2279/2279 matched, players 5666/6233 matched
2026-08-24 04:10:49,366 INFO ncaa_identity: contest_id=5733101 teams 2171/2171 matched, players 5831/5877 matched
2026-08-24 04:10:56,777 INFO ncaa_identity: contest_id=5733171 teams 1391/2673 matched, players 3656/7255 matched
2026-08-24 04:11:05,937 INFO ncaa_identity: contest_id=5733242 teams 2592/2592 matched, players 6521/7109 matched
2026-08-24 04:11:17,558 INFO ncaa_identity: contest_id=5733545 teams 1195/2317 matched, players 3223/6295 matched
2026-08-24 04:11:19,268 INFO ncaa_identity: contest_id=5733583 teams 1337/2624 matched, players 3643/7156 matched
2026-08-24 04:11:21,227 INFO ncaa_identity: contest_id=5733600 teams 3378/3378 matched, players 9339/9380 matched
2026-08-24 04:11:30,795 INFO ncaa_identity: contest_id=5733840 teams 1122/2313 matched, players 3133/6315 matched
2026-08-24 04:11:42,079 INFO ncaa_identity: contest_id=5733969 teams 2994/2994 matched, players 7958/8231 matched
2026-08-24 04:11:57,868 INFO ncaa_identity: contest_id=5734205 teams 1212/2421 matched, players 3336/6667 matched
2026-08-24 04:12:02,131 INFO ncaa_identity: contest_id=5734324 teams 1283/2632 matched, players 3604/7189 matched
2026-08-24 04:12:03,835 INFO ncaa_identity: contest_id=5734371 teams 1416/2898 matched, players 3929/7985 matched
2026-08-24 04:12:09,388 INFO ncaa_identity: contest_id=5734448 teams 1257/2441 matched, players 3402/6633 matched
2026-08-24 04:12:17,657 INFO ncaa_identity: contest_id=5734603 teams 2879/2879 matched, players 7330/7935 matched
2026-08-24 04:12:18,953 INFO ncaa_identity: contest_id=5734614 teams 1123/2369 matched, players 3199/6477 matched
2026-08-24 04:12:21,778 INFO ncaa_identity: contest_id=5734640 teams 1227/2441 matched, players 3273/6715 matched
2026-08-24 04:12:29,814 INFO ncaa_identity: contest_id=5734753 teams 2534/2534 matched, players 6424/6937 matched
2026-08-24 04:12:36,057 INFO ncaa_identity: contest_id=5734846 teams 1421/2748 matched, players 3761/7504 matched
2026-08-24 04:12:45,645 INFO ncaa_identity: contest_id=5735078 teams 2907/2907 matched, players 7568/7951 matched
2026-08-24 04:12:50,567 INFO ncaa_identity: contest_id=5735132 teams 1152/2253 matched, players 3058/6113 matched
2026-08-24 04:13:12,168 INFO ncaa_identity: contest_id=5735394 teams 1572/3129 matched, players 4309/8597 matched
2026-08-24 04:13:19,505 INFO ncaa_identity: contest_id=5735451 teams 2579/2579 matched, players 7089/7100 matched
2026-08-24 04:13:22,334 INFO ncaa_identity: contest_id=5735499 teams 2566/2566 matched, players 6895/7005 matched
2026-08-24 04:13:23,823 INFO ncaa_identity: contest_id=5735512 teams 1368/2676 matched, players 3626/7325 matched
2026-08-24 04:13:31,452 INFO ncaa_identity: contest_id=5735574 teams 3275/3275 matched, players 8448/9072 matched
2026-08-24 04:13:34,504 INFO ncaa_identity: contest_id=5735657 teams 2667/2667 matched, players 7090/7322 matched
2026-08-24 04:13:57,612 INFO ncaa_identity: contest_id=5736266 teams 2485/2485 matched, players 6819/6823 matched
2026-08-24 04:14:07,107 INFO ncaa_identity: contest_id=5736441 teams 2947/2947 matched, players 7973/8156 matched
2026-08-24 04:14:17,297 INFO ncaa_identity: contest_id=5736801 teams 2407/2407 matched, players 6092/6588 matched
2026-08-24 04:14:21,857 INFO ncaa_identity: contest_id=5736879 teams 1379/2592 matched, players 3577/7100 matched
2026-08-24 04:14:32,704 INFO ncaa_identity: contest_id=5737047 teams 2347/2347 matched, players 5855/6375 matched
2026-08-24 04:14:36,710 INFO ncaa_identity: contest_id=5737364 teams 1352/2685 matched, players 3223/7351 matched
2026-08-24 04:14:38,602 INFO ncaa_identity: contest_id=5737382 teams 2559/2559 matched, players 6230/6939 matched
2026-08-24 04:14:40,018 INFO ncaa_identity: contest_id=5737392 teams 3030/3030 matched, players 7876/8379 matched
2026-08-24 04:14:41,663 INFO ncaa_identity: contest_id=5737403 teams 2653/2653 matched, players 6876/7299 matched
2026-08-24 04:14:42,806 INFO ncaa_identity: contest_id=5737417 teams 2176/2176 matched, players 5420/5957 matched
2026-08-24 04:14:44,422 INFO ncaa_identity: contest_id=5737440 teams 1262/2430 matched, players 3422/6671 matched
2026-08-24 04:14:45,958 INFO 5 starters not found for period 4; using estimate
2026-08-24 04:14:48,916 INFO ncaa_identity: contest_id=5737478 teams 2886/2886 matched, players 7350/7903 matched
2026-08-24 04:14:56,570 INFO ncaa_identity: contest_id=5737609 teams 1250/2470 matched, players 3443/6768 matched
2026-08-24 04:14:57,948 INFO ncaa_identity: contest_id=5737702 teams 2777/2777 matched, players 7453/7583 matched
2026-08-24 04:15:03,752 INFO ncaa_identity: contest_id=5737804 teams 1231/2392 matched, players 3227/6462 matched
2026-08-24 04:15:09,345 INFO ncaa_identity: contest_id=5737888 teams 1486/2923 matched, players 3785/8011 matched
2026-08-24 04:15:10,853 INFO ncaa_identity: contest_id=5737918 teams 2809/2809 matched, players 7703/7730 matched
2026-08-24 04:15:29,267 INFO ncaa_identity: contest_id=5738161 teams 2510/2510 matched, players 6612/6918 matched
2026-08-24 04:15:39,147 INFO ncaa_identity: contest_id=5738238 teams 1445/2751 matched, players 3804/7516 matched
2026-08-24 04:15:42,983 INFO ncaa_identity: contest_id=5738280 teams 1210/2391 matched, players 3267/6505 matched
2026-08-24 04:15:50,128 INFO ncaa_identity: contest_id=5740571 teams 1181/2357 matched, players 3193/6390 matched
2026-08-24 04:15:51,394 INFO ncaa_identity: contest_id=5740585 teams 2750/2750 matched, players 7068/7536 matched
2026-08-24 04:15:54,257 INFO ncaa_identity: contest_id=5740637 teams 3288/3288 matched, players 8683/9143 matched
2026-08-24 04:15:55,793 INFO ncaa_identity: contest_id=5740649 teams 2680/2680 matched, players 6624/7353 matched
2026-08-24 04:15:57,169 INFO ncaa_identity: contest_id=5740661 teams 2620/2620 matched, players 6668/7177 matched
2026-08-24 04:15:58,616 INFO ncaa_identity: contest_id=5740671 teams 2573/2573 matched, players 6488/7084 matched
2026-08-24 04:16:01,436 INFO ncaa_identity: contest_id=5740691 teams 1179/2454 matched, players 3293/6715 matched
2026-08-24 04:16:05,422 INFO ncaa_identity: contest_id=5740726 teams 2741/2741 matched, players 7403/7548 matched
2026-08-24 04:16:09,816 INFO ncaa_identity: contest_id=5740759 teams 1552/2989 matched, players 4203/8231 matched
2026-08-24 04:16:11,066 INFO ncaa_identity: contest_id=5740770 teams 1178/2453 matched, players 3008/6712 matched
2026-08-24 04:16:15,613 INFO ncaa_identity: contest_id=5756616 teams 1231/2480 matched, players 3348/6758 matched
2026-08-24 04:16:16,888 INFO ncaa_identity: contest_id=5756631 teams 2820/2820 matched, players 7496/7791 matched
2026-08-24 04:16:18,288 INFO ncaa_identity: contest_id=5785417 teams 2214/2214 matched, players 6020/6057 matched
2026-08-24 04:16:25,473 INFO ncaa_identity: contest_id=5809649 teams 1252/2471 matched, players 3465/6788 matched
2026-08-24 04:16:27,902 INFO ncaa_identity: contest_id=5810024 teams 2368/2368 matched, players 6035/6456 matched
2026-08-24 04:16:33,482 INFO ncaa_identity: contest_id=5810378 teams 1401/2801 matched, players 3832/7634 matched
2026-08-24 04:16:37,919 INFO ncaa_identity: contest_id=5810924 teams 1366/2625 matched, players 3329/7191 matched
2026-08-24 04:16:39,501 INFO ncaa_identity: contest_id=5811370 teams 1319/2560 matched, players 3002/6974 matched
2026-08-24 04:16:43,135 INFO ncaa_identity: contest_id=5833995 teams 2662/2662 matched, players 6598/7285 matched
2026-08-24 04:16:44,530 INFO ncaa_identity: contest_id=5835646 teams 2953/2953 matched, players 7678/8123 matched
2026-08-24 04:16:46,331 INFO ncaa_identity: contest_id=6081548 teams 0/2619 matched, players 0/7106 matched
2026-08-24 04:16:53,227 INFO ncaa_identity: contest_id=6363062 teams 2991/2991 matched, players 7974/8281 matched
2026-08-24 04:17:08,737 INFO 5 starters not found for period 3; using estimate
2026-08-24 04:17:11,353 INFO ncaa_identity: contest_id=6363674 teams 2150/2150 matched, players 5358/5887 matched
2026-08-24 04:17:39,398 INFO ncaa_identity: contest_id=6366857 teams 2841/2841 matched, players 7397/7832 matched
2026-08-24 04:17:55,082 INFO ncaa_identity: contest_id=6406525 teams 2854/2854 matched, players 7853/7861 matched
2026-08-24 04:18:36,135 INFO ncaa_identity: contest_id=6427673 teams 1712/3326 matched, players 4650/9175 matched
2026-08-24 04:18:40,727 INFO ncaa_identity: contest_id=6428346 teams 1729/3460 matched, players 4857/9555 matched
2026-08-24 04:18:42,585 INFO ncaa_identity: contest_id=6428821 teams 1548/2987 matched, players 4144/8220 matched
2026-08-24 04:19:40,395 INFO ncaa_identity: contest_id=6451262 teams 2399/2399 matched, players 6532/6533 matched
2026-08-24 04:20:05,856 INFO ncaa_identity: contest_id=6456233 teams 1192/2353 matched, players 3197/6398 matched
2026-08-24 04:20:07,859 INFO ncaa_identity: contest_id=6456353 teams 1408/2710 matched, players 3717/7398 matched
2026-08-24 04:20:12,344 INFO ncaa_identity: contest_id=6456481 teams 1327/2680 matched, players 3670/7273 matched
2026-08-24 04:20:25,487 INFO ncaa_identity: contest_id=6456858 teams 1341/2602 matched, players 3576/7059 matched
2026-08-24 04:20:33,368 INFO ncaa_identity: contest_id=6457045 teams 1401/2755 matched, players 3777/7542 matched
2026-08-24 04:20:50,871 INFO ncaa_identity: contest_id=6457565 teams 2198/2198 matched, players 5952/5954 matched
2026-08-24 04:20:54,552 INFO ncaa_identity: contest_id=6457597 teams 2703/2703 matched, players 7401/7418 matched
2026-08-24 04:20:58,112 INFO ncaa_identity: contest_id=6457644 teams 1530/2980 matched, players 4145/8184 matched
2026-08-24 04:21:05,062 INFO ncaa_identity: contest_id=6458036 teams 1746/3401 matched, players 4759/9336 matched
2026-08-24 04:21:19,531 INFO ncaa_identity: contest_id=6458727 teams 1192/2273 matched, players 2765/6236 matched
2026-08-24 04:21:38,149 INFO ncaa_identity: contest_id=6459131 teams 3013/3013 matched, players 7756/8218 matched
2026-08-24 04:21:49,006 WARNING ncaa_parse: family=lineups contest_id=6459367 team=Penn St.-Shenango produced NO good stints (21 bad, roster=10) -- parsed successfully but contributed nothing
2026-08-24 04:21:49,927 INFO ncaa_identity: contest_id=6459367 teams 1552/2937 matched, players 4147/8021 matched
2026-08-24 04:21:54,518 INFO ncaa_identity: contest_id=6459479 teams 1137/2266 matched, players 3135/6137 matched
2026-08-24 04:22:21,016 INFO ncaa_identity: contest_id=6460442 teams 2797/2797 matched, players 6897/7655 matched
2026-08-24 04:22:24,281 INFO ncaa_identity: contest_id=6460537 teams 1376/2762 matched, players 3797/7548 matched
2026-08-24 04:22:30,324 INFO ncaa_identity: contest_id=6460648 teams 2692/2692 matched, players 7348/7349 matched
2026-08-24 04:22:41,380 INFO ncaa_identity: contest_id=6460878 teams 1460/2913 matched, players 4034/8055 matched
2026-08-24 04:22:43,484 INFO ncaa_identity: contest_id=6460903 teams 1521/2992 matched, players 4213/8241 matched
2026-08-24 04:22:46,660 INFO ncaa_identity: contest_id=6460955 teams 1368/2652 matched, players 3634/7235 matched
2026-08-24 04:22:50,186 INFO ncaa_identity: contest_id=6461063 teams 3181/3181 matched, players 8738/8739 matched
2026-08-24 04:22:51,971 INFO ncaa_identity: contest_id=6461239 teams 1123/2179 matched, players 2997/5872 matched
2026-08-24 04:22:59,133 INFO ncaa_identity: contest_id=6461426 teams 1166/2350 matched, players 3215/6392 matched
2026-08-24 04:24:03,951 INFO ncaa_identity: contest_id=6464338 teams 2986/2986 matched, players 7834/8244 matched
2026-08-24 04:24:48,650 INFO ncaa_identity: contest_id=6465390 teams 1390/2725 matched, players 3758/7405 matched
2026-08-24 04:25:20,662 INFO ncaa_identity: contest_id=6466558 teams 1604/3042 matched, players 4216/8330 matched
2026-08-24 04:25:23,973 INFO ncaa_identity: contest_id=6466579 teams 2696/2696 matched, players 7092/7372 matched
2026-08-24 04:25:46,333 INFO ncaa_identity: contest_id=6467109 teams 1492/2818 matched, players 4016/7770 matched
2026-08-24 04:25:47,801 INFO ncaa_identity: contest_id=6467226 teams 2385/2385 matched, players 6534/6535 matched
2026-08-24 04:26:19,718 INFO ncaa_identity: contest_id=6468425 teams 1256/2556 matched, players 3497/6986 matched
2026-08-24 04:27:05,558 INFO ncaa_identity: contest_id=6470341 teams 1526/2880 matched, players 3989/7842 matched
2026-08-24 04:27:37,872 INFO ncaa_identity: contest_id=6470819 teams 1385/2729 matched, players 3762/7465 matched
2026-08-24 04:27:52,167 INFO ncaa_identity: contest_id=6472468 teams 1437/2856 matched, players 3865/7828 matched
2026-08-24 04:28:01,192 INFO ncaa_identity: contest_id=6472664 teams 1499/2961 matched, players 4056/8062 matched
2026-08-24 04:28:46,444 INFO ncaa_identity: contest_id=6474548 teams 1227/2388 matched, players 3299/6547 matched
2026-08-24 04:28:49,859 INFO ncaa_identity: contest_id=6474628 teams 1338/2603 matched, players 3595/7086 matched
2026-08-24 04:28:55,169 INFO ncaa_identity: contest_id=6474736 teams 1318/2583 matched, players 3542/7078 matched
2026-08-24 04:29:05,242 INFO ncaa_identity: contest_id=6475042 teams 1467/2931 matched, players 4082/8033 matched
2026-08-24 04:29:08,564 INFO ncaa_identity: contest_id=6475260 teams 1616/3149 matched, players 4407/8615 matched
2026-08-24 04:29:20,677 INFO ncaa_identity: contest_id=6475966 teams 1340/2549 matched, players 3525/6945 matched
2026-08-24 04:29:22,025 INFO ncaa_identity: contest_id=6476071 teams 1106/2202 matched, players 3028/6006 matched
2026-08-24 04:30:24,180 INFO ncaa_identity: contest_id=6478394 teams 2335/2335 matched, players 6342/6367 matched
2026-08-24 04:30:25,542 INFO ncaa_identity: contest_id=6478429 teams 1401/2833 matched, players 3913/7739 matched
2026-08-24 04:30:30,295 INFO ncaa_identity: contest_id=6478473 teams 2755/2755 matched, players 7569/7570 matched
2026-08-24 04:30:43,898 INFO ncaa_identity: contest_id=6479123 teams 1346/2635 matched, players 3641/7186 matched
2026-08-24 04:31:05,086 INFO ncaa_identity: contest_id=6479666 teams 1479/2909 matched, players 3992/7962 matched
2026-08-24 04:31:18,802 INFO ncaa_identity: contest_id=6480068 teams 1681/3234 matched, players 4466/8866 matched
2026-08-24 04:31:25,510 INFO ncaa_identity: contest_id=6480245 teams 1519/2897 matched, players 4111/7992 matched
2026-08-24 04:31:44,651 INFO ncaa_identity: contest_id=6480680 teams 1298/2568 matched, players 3560/6951 matched
2026-08-24 04:31:49,414 INFO ncaa_identity: contest_id=6480828 teams 1606/3215 matched, players 4413/8826 matched
2026-08-24 04:32:00,545 INFO ncaa_identity: contest_id=6481079 teams 1547/2951 matched, players 4114/8148 matched
2026-08-24 04:32:03,607 INFO ncaa_identity: contest_id=6481181 teams 1295/2530 matched, players 3458/6876 matched
2026-08-24 04:32:11,211 INFO ncaa_identity: contest_id=6481528 teams 1472/2962 matched, players 4126/8134 matched
2026-08-24 04:32:26,790 INFO ncaa_identity: contest_id=6482257 teams 1505/2830 matched, players 4019/7783 matched
2026-08-24 04:32:34,538 INFO ncaa_identity: contest_id=6483138 teams 2812/2812 matched, players 7387/7727 matched
2026-08-24 04:32:40,225 INFO ncaa_identity: contest_id=6483515 teams 1160/2248 matched, players 3111/6065 matched
2026-08-24 04:32:52,337 INFO ncaa_identity: contest_id=6484371 teams 1437/2844 matched, players 3921/7765 matched
2026-08-24 04:32:59,616 INFO ncaa_identity: contest_id=6484689 teams 2508/2508 matched, players 6862/6863 matched
2026-08-24 04:33:01,830 INFO ncaa_identity: contest_id=6484731 teams 1471/2807 matched, players 3917/7642 matched
2026-08-24 04:33:17,619 INFO ncaa_identity: contest_id=6486102 teams 2190/2190 matched, players 5952/5953 matched
2026-08-24 04:33:22,913 INFO ncaa_identity: contest_id=6487092 teams 1444/2897 matched, players 3968/7903 matched
2026-08-24 04:33:27,707 INFO ncaa_identity: contest_id=6489152 teams 1332/2665 matched, players 3645/7312 matched
2026-08-24 04:33:34,765 INFO ncaa_identity: contest_id=6490010 teams 1474/2963 matched, players 4055/8106 matched
2026-08-24 04:33:42,855 INFO ncaa_identity: contest_id=6491024 teams 1645/3304 matched, players 4468/9071 matched
2026-08-24 04:33:44,999 INFO ncaa_identity: contest_id=6497354 teams 1532/2933 matched, players 4042/8013 matched
2026-08-24 04:33:47,152 INFO ncaa_identity: contest_id=6502000 teams 1303/2539 matched, players 3520/6906 matched
2026-08-24 04:34:47,428 INFO ncaa_identity: contest_id=6558918 teams 2509/2509 matched, players 6898/6901 matched
parsed=9993 failed=0
