seasons=all bundles=99932 pending=99932 force=True shard=7/10 assigned=9993
2026-08-23 23:50:16,437 INFO ncaa_identity: contest_id=1107649 teams 2141/2141 matched, players 357/869 matched
2026-08-23 23:50:16,543 INFO 5 starters not found for period 1; using estimate
2026-08-23 23:50:16,544 INFO 5 starters not found for period 1; using estimate
2026-08-23 23:50:16,544 INFO 5 starters not found for period 2; using estimate
2026-08-23 23:50:16,544 INFO 5 starters not found for period 2; using estimate
2026-08-23 23:50:17,299 INFO ncaa_identity: contest_id=1107659 teams 1090/2192 matched, players 175/2893 matched
2026-08-23 23:50:18,109 INFO ncaa_identity: contest_id=1107669 teams 2169/2169 matched, players 205/733 matched
2026-08-23 23:50:19,175 INFO ncaa_identity: contest_id=1107679 teams 2329/2329 matched, players 246/783 matched
2026-08-23 23:50:20,078 INFO ncaa_identity: contest_id=1107689 teams 1234/2430 matched, players 220/917 matched
2026-08-23 23:50:20,862 INFO ncaa_identity: contest_id=1107699 teams 2135/2135 matched, players 232/749 matched
2026-08-23 23:50:21,840 INFO ncaa_identity: contest_id=1107709 teams 2081/2081 matched, players 193/672 matched
2026-08-23 23:50:22,516 INFO ncaa_identity: contest_id=1107719 teams 1912/1912 matched, players 251/713 matched
2026-08-23 23:50:23,360 INFO ncaa_identity: contest_id=1107729 teams 2091/2091 matched, players 288/764 matched
2026-08-23 23:50:24,247 INFO ncaa_identity: contest_id=1107739 teams 1974/1974 matched, players 372/840 matched
2026-08-23 23:50:24,963 INFO ncaa_identity: contest_id=1107749 teams 2576/2576 matched, players 356/976 matched
2026-08-23 23:50:25,645 INFO ncaa_identity: contest_id=1107760 teams 1866/1866 matched, players 296/727 matched
2026-08-23 23:50:26,658 INFO ncaa_identity: contest_id=1107770 teams 2110/2110 matched, players 206/720 matched
2026-08-23 23:50:27,390 INFO ncaa_identity: contest_id=1107781 teams 1974/1974 matched, players 242/692 matched
2026-08-23 23:50:28,385 INFO ncaa_identity: contest_id=1107791 teams 2386/2386 matched, players 430/999 matched
2026-08-23 23:50:29,059 INFO ncaa_identity: contest_id=1107801 teams 1020/2151 matched, players 129/859 matched
2026-08-23 23:50:29,816 INFO ncaa_identity: contest_id=1107811 teams 1301/2212 matched, players 198/958 matched
2026-08-23 23:50:30,914 INFO ncaa_identity: contest_id=1107821 teams 2027/2027 matched, players 338/821 matched
2026-08-23 23:50:31,688 INFO ncaa_identity: contest_id=1107831 teams 1997/1997 matched, players 274/727 matched
2026-08-23 23:50:32,322 INFO ncaa_identity: contest_id=1107841 teams 1674/1674 matched, players 144/552 matched
2026-08-23 23:50:32,936 INFO ncaa_identity: contest_id=1107867 teams 1780/1780 matched, players 257/685 matched
2026-08-23 23:50:34,066 INFO ncaa_identity: contest_id=1107929 teams 2340/2340 matched, players 311/875 matched
2026-08-23 23:50:34,841 INFO ncaa_identity: contest_id=1107962 teams 1961/1961 matched, players 284/755 matched
2026-08-23 23:50:35,770 INFO ncaa_identity: contest_id=1107972 teams 1798/1798 matched, players 130/570 matched
2026-08-23 23:50:36,411 INFO ncaa_identity: contest_id=1108006 teams 1386/1386 matched, players 20/364 matched
2026-08-23 23:50:37,293 INFO ncaa_identity: contest_id=1108026 teams 2208/2208 matched, players 444/965 matched
2026-08-23 23:50:38,346 INFO ncaa_identity: contest_id=1108049 teams 2336/2336 matched, players 359/918 matched
2026-08-23 23:50:39,248 INFO ncaa_identity: contest_id=1108059 teams 2420/2420 matched, players 399/979 matched
2026-08-23 23:50:39,977 INFO ncaa_identity: contest_id=1108075 teams 1324/1324 matched, players 20/322 matched
2026-08-23 23:50:40,778 INFO ncaa_identity: contest_id=1108106 teams 2311/2311 matched, players 423/940 matched
2026-08-23 23:50:41,920 INFO ncaa_identity: contest_id=1108158 teams 2514/2514 matched, players 353/1013 matched
2026-08-23 23:50:42,866 INFO ncaa_identity: contest_id=1108171 teams 2510/2510 matched, players 328/934 matched
2026-08-23 23:50:44,116 INFO ncaa_identity: contest_id=1108192 teams 2342/2342 matched, players 273/841 matched
2026-08-23 23:50:45,065 INFO ncaa_identity: contest_id=1108218 teams 2177/2177 matched, players 298/822 matched
2026-08-23 23:50:46,206 INFO ncaa_identity: contest_id=1108232 teams 2377/2377 matched, players 370/939 matched
2026-08-23 23:50:46,886 INFO ncaa_identity: contest_id=1108250 teams 2223/2223 matched, players 435/961 matched
2026-08-23 23:50:47,537 INFO ncaa_identity: contest_id=1108291 teams 1117/2204 matched, players 3157/6189 matched
2026-08-23 23:50:48,833 INFO ncaa_identity: contest_id=1108328 teams 2748/2748 matched, players 382/1105 matched
2026-08-23 23:50:49,591 INFO ncaa_identity: contest_id=1108346 teams 2318/2318 matched, players 277/838 matched
2026-08-23 23:50:50,688 INFO ncaa_identity: contest_id=1108382 teams 2020/2020 matched, players 322/807 matched
2026-08-23 23:50:51,438 INFO ncaa_identity: contest_id=1108399 teams 1190/2348 matched, players 3317/6625 matched
2026-08-23 23:50:52,296 INFO ncaa_identity: contest_id=1108424 teams 1265/2213 matched, players 170/802 matched
2026-08-23 23:50:53,212 INFO ncaa_identity: contest_id=1108459 teams 1925/1925 matched, players 236/701 matched
2026-08-23 23:50:54,051 INFO ncaa_identity: contest_id=1108480 teams 2178/2178 matched, players 358/879 matched
2026-08-23 23:50:54,918 INFO ncaa_identity: contest_id=1108496 teams 1083/2181 matched, players 293/905 matched
2026-08-23 23:50:55,883 INFO ncaa_identity: contest_id=1108508 teams 1167/2294 matched, players 3045/6481 matched
2026-08-23 23:50:56,564 INFO ncaa_identity: contest_id=1108536 teams 1884/1884 matched, players 277/729 matched
2026-08-23 23:50:57,580 INFO ncaa_identity: contest_id=1108579 teams 2068/2068 matched, players 369/861 matched
2026-08-23 23:50:58,399 INFO ncaa_identity: contest_id=1108612 teams 1397/2702 matched, players 3827/7604 matched
2026-08-23 23:50:59,401 INFO ncaa_identity: contest_id=1108640 teams 2446/2446 matched, players 470/1050 matched
2026-08-23 23:51:00,441 INFO ncaa_identity: contest_id=1108697 teams 2098/2098 matched, players 116/632 matched
2026-08-23 23:51:01,245 INFO ncaa_identity: contest_id=1108761 teams 2574/2574 matched, players 554/1161 matched
2026-08-23 23:51:02,117 INFO ncaa_identity: contest_id=1108797 teams 2226/2226 matched, players 426/918 matched
2026-08-23 23:51:02,865 INFO ncaa_identity: contest_id=1108824 teams 2410/2410 matched, players 460/1030 matched
2026-08-23 23:51:03,590 INFO ncaa_identity: contest_id=1108857 teams 2306/2306 matched, players 429/976 matched
2026-08-23 23:51:04,299 INFO ncaa_identity: contest_id=1108917 teams 1769/1769 matched, players 156/588 matched
2026-08-23 23:51:04,937 INFO ncaa_identity: contest_id=1108946 teams 1844/1844 matched, players 301/741 matched
2026-08-23 23:51:05,757 INFO ncaa_identity: contest_id=1108981 teams 2440/2440 matched, players 446/1005 matched
2026-08-23 23:51:06,939 INFO ncaa_identity: contest_id=1108998 teams 1980/1980 matched, players 218/698 matched
2026-08-23 23:51:07,962 INFO ncaa_identity: contest_id=1109008 teams 1214/2513 matched, players 260/981 matched
2026-08-23 23:51:08,828 INFO ncaa_identity: contest_id=1109039 teams 1960/1960 matched, players 279/716 matched
2026-08-23 23:51:09,708 INFO ncaa_identity: contest_id=1109171 teams 1990/1990 matched, players 306/783 matched
2026-08-23 23:51:10,407 INFO ncaa_identity: contest_id=1109206 teams 2461/2461 matched, players 570/1149 matched
2026-08-23 23:51:10,980 INFO ncaa_identity: contest_id=1109231 teams 1745/1745 matched, players 200/622 matched
2026-08-23 23:51:12,026 INFO ncaa_identity: contest_id=1109253 teams 2566/2566 matched, players 451/1063 matched
2026-08-23 23:51:12,869 INFO ncaa_identity: contest_id=1109269 teams 2293/2293 matched, players 339/889 matched
2026-08-23 23:51:13,593 INFO ncaa_identity: contest_id=1109284 teams 1745/1745 matched, players 269/688 matched
2026-08-23 23:51:14,276 INFO ncaa_identity: contest_id=1109306 teams 2205/2205 matched, players 389/969 matched
2026-08-23 23:51:14,959 INFO ncaa_identity: contest_id=1109328 teams 2043/2043 matched, players 237/732 matched
2026-08-23 23:51:16,085 INFO ncaa_identity: contest_id=1109354 teams 2472/2472 matched, players 498/1083 matched
2026-08-23 23:51:16,915 INFO ncaa_identity: contest_id=1109364 teams 1214/2401 matched, players 3388/6755 matched
2026-08-23 23:51:17,578 INFO ncaa_identity: contest_id=1109376 teams 2021/2021 matched, players 320/803 matched
2026-08-23 23:51:18,674 INFO ncaa_identity: contest_id=1109419 teams 2539/2539 matched, players 301/918 matched
2026-08-23 23:51:19,396 INFO ncaa_identity: contest_id=1109482 teams 2120/2120 matched, players 207/723 matched
2026-08-23 23:51:20,128 INFO ncaa_identity: contest_id=1109495 teams 2116/2116 matched, players 371/875 matched
2026-08-23 23:51:21,076 INFO ncaa_identity: contest_id=1109558 teams 920/1984 matched, players 121/780 matched
2026-08-23 23:51:21,791 INFO ncaa_identity: contest_id=1109581 teams 2256/2256 matched, players 364/903 matched
2026-08-23 23:51:23,005 INFO ncaa_identity: contest_id=1109609 teams 2234/2234 matched, players 238/780 matched
2026-08-23 23:51:23,735 INFO ncaa_identity: contest_id=1109660 teams 1617/1617 matched, players 322/704 matched
2026-08-23 23:51:24,479 INFO ncaa_identity: contest_id=1109672 teams 2059/2059 matched, players 290/785 matched
2026-08-23 23:51:25,369 INFO ncaa_identity: contest_id=1109684 teams 2051/2051 matched, players 375/863 matched
2026-08-23 23:51:26,111 INFO ncaa_identity: contest_id=1109706 teams 2252/2252 matched, players 465/997 matched
2026-08-23 23:51:26,901 INFO ncaa_identity: contest_id=1109721 teams 1049/2394 matched, players 179/902 matched
2026-08-23 23:51:28,017 INFO ncaa_identity: contest_id=1109736 teams 2519/2519 matched, players 495/1093 matched
2026-08-23 23:51:28,853 INFO ncaa_identity: contest_id=1109746 teams 2341/2341 matched, players 260/794 matched
2026-08-23 23:51:30,429 INFO ncaa_identity: contest_id=1109758 teams 2302/2302 matched, players 386/936 matched
2026-08-23 23:51:31,714 INFO ncaa_identity: contest_id=1109777 teams 2088/2088 matched, players 284/787 matched
2026-08-23 23:51:32,866 INFO ncaa_identity: contest_id=1109813 teams 2102/2102 matched, players 230/689 matched
2026-08-23 23:51:35,132 INFO ncaa_identity: contest_id=1109830 teams 1958/1958 matched, players 391/853 matched
2026-08-23 23:51:36,085 INFO ncaa_identity: contest_id=1109857 teams 2011/2011 matched, players 234/722 matched
2026-08-23 23:51:36,944 INFO ncaa_identity: contest_id=1109875 teams 1768/1768 matched, players 242/667 matched
2026-08-23 23:51:38,090 INFO ncaa_identity: contest_id=1109893 teams 2328/2328 matched, players 444/995 matched
2026-08-23 23:51:39,371 INFO ncaa_identity: contest_id=1109913 teams 1217/2322 matched, players 147/854 matched
2026-08-23 23:51:40,526 INFO ncaa_identity: contest_id=1109926 teams 2062/2062 matched, players 224/723 matched
2026-08-23 23:51:41,718 INFO ncaa_identity: contest_id=1109947 teams 1835/1835 matched, players 239/681 matched
2026-08-23 23:51:42,981 INFO ncaa_identity: contest_id=1109980 teams 2178/2178 matched, players 208/711 matched
2026-08-23 23:51:44,404 INFO ncaa_identity: contest_id=1109999 teams 2050/2050 matched, players 320/810 matched
2026-08-23 23:51:46,135 INFO ncaa_identity: contest_id=1110039 teams 1980/1980 matched, players 194/676 matched
2026-08-23 23:51:47,549 INFO ncaa_identity: contest_id=1110056 teams 1988/1988 matched, players 273/752 matched
2026-08-23 23:51:48,756 INFO ncaa_identity: contest_id=1110120 teams 1739/1739 matched, players 179/601 matched
2026-08-23 23:51:49,943 INFO ncaa_identity: contest_id=1110148 teams 1975/1975 matched, players 286/760 matched
2026-08-23 23:51:51,199 INFO ncaa_identity: contest_id=1110177 teams 1873/1873 matched, players 267/718 matched
2026-08-23 23:51:52,526 INFO ncaa_identity: contest_id=1110213 teams 2712/2712 matched, players 520/1162 matched
2026-08-23 23:51:54,009 INFO ncaa_identity: contest_id=1110242 teams 1784/1784 matched, players 217/648 matched
2026-08-23 23:51:55,139 INFO ncaa_identity: contest_id=1110268 teams 1866/1866 matched, players 234/685 matched
2026-08-23 23:51:56,285 INFO ncaa_identity: contest_id=1110299 teams 2254/2254 matched, players 480/1012 matched
2026-08-23 23:51:57,513 INFO ncaa_identity: contest_id=1110319 teams 1894/1894 matched, players 241/698 matched
2026-08-23 23:51:58,571 INFO ncaa_identity: contest_id=1110351 teams 1974/1974 matched, players 124/611 matched
2026-08-23 23:51:59,578 INFO ncaa_identity: contest_id=1110372 teams 1941/1941 matched, players 280/746 matched
2026-08-23 23:52:00,670 INFO ncaa_identity: contest_id=1110399 teams 2407/2407 matched, players 425/957 matched
2026-08-23 23:52:02,062 INFO ncaa_identity: contest_id=1110438 teams 1961/1961 matched, players 150/630 matched
2026-08-23 23:52:03,413 INFO ncaa_identity: contest_id=1110489 teams 2171/2171 matched, players 341/861 matched
2026-08-23 23:52:04,688 INFO ncaa_identity: contest_id=1110526 teams 1714/1714 matched, players 106/527 matched
2026-08-23 23:52:05,769 INFO ncaa_identity: contest_id=1110557 teams 2135/2135 matched, players 203/722 matched
2026-08-23 23:52:07,074 INFO ncaa_identity: contest_id=1110591 teams 2386/2386 matched, players 254/833 matched
2026-08-23 23:52:08,588 INFO ncaa_identity: contest_id=1110607 teams 2239/2239 matched, players 377/912 matched
2026-08-23 23:52:09,528 INFO ncaa_identity: contest_id=1110623 teams 1956/1956 matched, players 268/740 matched
2026-08-23 23:52:10,982 INFO ncaa_identity: contest_id=1110677 teams 2070/2070 matched, players 343/837 matched
2026-08-23 23:52:11,069 INFO 5 starters not found for period 1; using estimate
2026-08-23 23:52:11,070 INFO 5 starters not found for period 1; using estimate
2026-08-23 23:52:11,070 INFO 5 starters not found for period 2; using estimate
2026-08-23 23:52:11,071 INFO 5 starters not found for period 2; using estimate
2026-08-23 23:52:11,829 INFO ncaa_identity: contest_id=1110711 teams 1495/1495 matched, players 618/2371 matched
2026-08-23 23:52:12,797 INFO ncaa_identity: contest_id=1110721 teams 1914/1914 matched, players 37/513 matched
2026-08-23 23:52:14,213 INFO ncaa_identity: contest_id=1110744 teams 2290/2290 matched, players 478/1018 matched
2026-08-23 23:52:15,611 INFO ncaa_identity: contest_id=1110763 teams 2260/2260 matched, players 272/819 matched
2026-08-23 23:52:16,954 INFO ncaa_identity: contest_id=1110816 teams 962/2283 matched, players 130/714 matched
2026-08-23 23:52:18,372 INFO ncaa_identity: contest_id=1110852 teams 2369/2369 matched, players 441/1008 matched
2026-08-23 23:52:19,502 INFO ncaa_identity: contest_id=1110902 teams 2056/2056 matched, players 392/880 matched
2026-08-23 23:52:21,019 INFO ncaa_identity: contest_id=1110950 teams 2478/2478 matched, players 396/990 matched
2026-08-23 23:52:21,617 WARNING ncaa_parse: family=lineups contest_id=1110960 team=Monmouth produced NO good stints (16 bad, roster=8) -- parsed successfully but contributed nothing
2026-08-23 23:52:21,896 INFO ncaa_identity: contest_id=1110960 teams 1878/1878 matched, players 94/557 matched
2026-08-23 23:52:22,887 INFO ncaa_identity: contest_id=1110970 teams 2143/2143 matched, players 323/836 matched
2026-08-23 23:52:24,338 INFO ncaa_identity: contest_id=1110980 teams 2166/2166 matched, players 288/810 matched
2026-08-23 23:52:25,293 INFO ncaa_identity: contest_id=1110990 teams 1724/1724 matched, players 188/606 matched
2026-08-23 23:52:26,367 INFO ncaa_identity: contest_id=1111037 teams 1886/1886 matched, players 276/728 matched
2026-08-23 23:52:27,834 INFO ncaa_identity: contest_id=1111078 teams 2110/2110 matched, players 240/750 matched
2026-08-23 23:52:28,724 INFO ncaa_identity: contest_id=1111108 teams 1839/1839 matched, players 207/653 matched
2026-08-23 23:52:29,713 INFO ncaa_identity: contest_id=1111156 teams 2216/2216 matched, players 385/913 matched
2026-08-23 23:52:30,513 INFO ncaa_identity: contest_id=1111210 teams 1602/1602 matched, players 20/418 matched
2026-08-23 23:52:31,687 INFO ncaa_identity: contest_id=1111259 teams 2100/2100 matched, players 395/894 matched
2026-08-23 23:52:32,572 INFO ncaa_identity: contest_id=1111357 teams 2074/2074 matched, players 367/860 matched
2026-08-23 23:52:33,883 INFO ncaa_identity: contest_id=1111373 teams 1910/1910 matched, players 143/610 matched
2026-08-23 23:52:34,923 INFO ncaa_identity: contest_id=1111385 teams 1767/1767 matched, players 224/650 matched
2026-08-23 23:52:36,065 INFO ncaa_identity: contest_id=1111409 teams 1361/2640 matched, players 3715/7451 matched
2026-08-23 23:52:37,500 INFO ncaa_identity: contest_id=1111432 teams 2443/2443 matched, players 247/843 matched
2026-08-23 23:52:38,648 INFO ncaa_identity: contest_id=1111469 teams 1776/1776 matched, players 200/630 matched
2026-08-23 23:52:40,196 INFO ncaa_identity: contest_id=1111488 teams 1186/2594 matched, players 250/1098 matched
2026-08-23 23:52:41,521 INFO ncaa_identity: contest_id=1111533 teams 1780/1780 matched, players 349/771 matched
2026-08-23 23:52:42,708 INFO ncaa_identity: contest_id=1111576 teams 2120/2120 matched, players 395/899 matched
2026-08-23 23:52:43,878 INFO ncaa_identity: contest_id=1111591 teams 2364/2364 matched, players 279/852 matched
2026-08-23 23:52:45,471 INFO ncaa_identity: contest_id=1111620 teams 2622/2622 matched, players 452/1078 matched
2026-08-23 23:52:46,376 INFO ncaa_identity: contest_id=1111657 teams 974/1790 matched, players 33/601 matched
2026-08-23 23:52:47,590 INFO ncaa_identity: contest_id=1111669 teams 1254/2513 matched, players 3464/7072 matched
2026-08-23 23:52:48,969 INFO ncaa_identity: contest_id=1111707 teams 1065/1998 matched, players 109/767 matched
2026-08-23 23:52:49,986 INFO ncaa_identity: contest_id=1111752 teams 1207/2211 matched, players 144/812 matched
2026-08-23 23:52:51,314 INFO ncaa_identity: contest_id=1111831 teams 2264/2264 matched, players 387/928 matched
2026-08-23 23:52:52,458 INFO ncaa_identity: contest_id=1111849 teams 2189/2189 matched, players 345/868 matched
2026-08-23 23:52:53,609 INFO ncaa_identity: contest_id=1111875 teams 1934/1934 matched, players 235/673 matched
2026-08-23 23:52:54,651 INFO ncaa_identity: contest_id=1111890 teams 1722/1722 matched, players 165/584 matched
2026-08-23 23:52:55,958 INFO ncaa_identity: contest_id=1111906 teams 1123/2235 matched, players 2789/6340 matched
2026-08-23 23:52:57,240 INFO ncaa_identity: contest_id=1111948 teams 1997/1997 matched, players 247/716 matched
2026-08-23 23:52:58,412 INFO ncaa_identity: contest_id=1111972 teams 1770/1770 matched, players 94/529 matched
2026-08-23 23:52:59,615 INFO ncaa_identity: contest_id=1111995 teams 1291/2589 matched, players 3653/7347 matched
2026-08-23 23:53:01,183 INFO ncaa_identity: contest_id=1112053 teams 2004/2004 matched, players 401/874 matched
2026-08-23 23:53:02,348 INFO ncaa_identity: contest_id=1112070 teams 2397/2397 matched, players 31/629 matched
2026-08-23 23:53:03,789 INFO ncaa_identity: contest_id=1112105 teams 1199/2383 matched, players 3042/6653 matched
2026-08-23 23:53:05,129 INFO ncaa_identity: contest_id=1112177 teams 2872/2872 matched, players 533/1216 matched
2026-08-23 23:53:06,744 INFO ncaa_identity: contest_id=1112195 teams 2094/2094 matched, players 307/808 matched
2026-08-23 23:53:07,673 INFO ncaa_identity: contest_id=1112212 teams 1638/1638 matched, players 20/427 matched
2026-08-23 23:53:08,863 INFO ncaa_identity: contest_id=1112224 teams 1911/1911 matched, players 290/748 matched
2026-08-23 23:53:10,480 INFO ncaa_identity: contest_id=1112263 teams 1499/2920 matched, players 4160/8292 matched
2026-08-23 23:53:11,703 INFO ncaa_identity: contest_id=1112289 teams 2361/2361 matched, players 293/863 matched
2026-08-23 23:53:12,935 INFO ncaa_identity: contest_id=1112321 teams 2043/2043 matched, players 294/784 matched
2026-08-23 23:53:13,982 INFO ncaa_identity: contest_id=1112357 teams 2240/2240 matched, players 307/846 matched
2026-08-23 23:53:14,396 WARNING ncaa_parse: family=lineups contest_id=1112369 team=UAB produced NO good stints (18 bad, roster=10) -- parsed successfully but contributed nothing
2026-08-23 23:53:14,971 INFO ncaa_identity: contest_id=1112369 teams 1968/1968 matched, players 147/630 matched
2026-08-23 23:53:15,997 INFO ncaa_identity: contest_id=1112380 teams 1966/1966 matched, players 304/774 matched
2026-08-23 23:53:17,192 INFO ncaa_identity: contest_id=1112399 teams 1897/1897 matched, players 371/817 matched
2026-08-23 23:53:18,051 INFO ncaa_identity: contest_id=1112424 teams 1842/1842 matched, players 230/674 matched
2026-08-23 23:53:19,028 INFO ncaa_identity: contest_id=1112446 teams 1997/1997 matched, players 256/739 matched
2026-08-23 23:53:20,014 INFO ncaa_identity: contest_id=1112492 teams 2042/2042 matched, players 287/780 matched
2026-08-23 23:53:21,424 INFO ncaa_identity: contest_id=1112539 teams 1762/1762 matched, players 121/552 matched
2026-08-23 23:53:22,686 INFO ncaa_identity: contest_id=1112562 teams 2154/2154 matched, players 394/908 matched
2026-08-23 23:53:23,619 INFO ncaa_identity: contest_id=1112574 teams 1754/1754 matched, players 222/645 matched
2026-08-23 23:53:25,032 INFO ncaa_identity: contest_id=1112596 teams 2292/2292 matched, players 495/1037 matched
2026-08-23 23:53:26,194 INFO ncaa_identity: contest_id=1112611 teams 2236/2236 matched, players 300/839 matched
2026-08-23 23:53:27,518 INFO ncaa_identity: contest_id=1112621 teams 1163/2313 matched, players 2979/6499 matched
2026-08-23 23:53:28,677 INFO ncaa_identity: contest_id=1112634 teams 2162/2162 matched, players 348/864 matched
2026-08-23 23:53:29,655 INFO ncaa_identity: contest_id=1112648 teams 1793/1793 matched, players 242/673 matched
2026-08-23 23:53:30,548 INFO ncaa_identity: contest_id=1112668 teams 1870/1870 matched, players 274/723 matched
2026-08-23 23:53:32,048 INFO ncaa_identity: contest_id=1112724 teams 2077/2077 matched, players 328/826 matched
2026-08-23 23:53:33,081 INFO ncaa_identity: contest_id=1112753 teams 1988/1988 matched, players 300/775 matched
2026-08-23 23:53:34,851 INFO ncaa_identity: contest_id=1112770 teams 2211/2211 matched, players 403/929 matched
2026-08-23 23:53:36,021 INFO ncaa_identity: contest_id=1112783 teams 2274/2274 matched, players 331/876 matched
2026-08-23 23:53:37,073 INFO ncaa_identity: contest_id=1112821 teams 1752/1752 matched, players 219/641 matched
2026-08-23 23:53:38,367 INFO ncaa_identity: contest_id=1112834 teams 1956/1956 matched, players 379/843 matched
2026-08-23 23:53:39,562 INFO ncaa_identity: contest_id=1112851 teams 2133/2133 matched, players 432/938 matched
2026-08-23 23:53:40,592 INFO ncaa_identity: contest_id=1112867 teams 2090/2090 matched, players 310/811 matched
2026-08-23 23:53:42,075 INFO ncaa_identity: contest_id=1112900 teams 1880/1880 matched, players 406/848 matched
2026-08-23 23:53:43,180 INFO ncaa_identity: contest_id=1112910 teams 886/2269 matched, players 104/795 matched
2026-08-23 23:53:44,414 INFO ncaa_identity: contest_id=1112924 teams 1912/1912 matched, players 174/639 matched
2026-08-23 23:53:45,837 INFO ncaa_identity: contest_id=1112936 teams 2252/2252 matched, players 439/973 matched
2026-08-23 23:53:47,047 INFO ncaa_identity: contest_id=1112946 teams 2044/2044 matched, players 397/883 matched
2026-08-23 23:53:48,508 INFO ncaa_identity: contest_id=1112956 teams 2108/2108 matched, players 275/784 matched
2026-08-23 23:53:49,739 INFO ncaa_identity: contest_id=1112966 teams 1906/1906 matched, players 332/785 matched
2026-08-23 23:53:50,756 INFO ncaa_identity: contest_id=1112981 teams 2306/2306 matched, players 334/888 matched
2026-08-23 23:53:52,031 INFO ncaa_identity: contest_id=1113003 teams 1744/1744 matched, players 298/713 matched
2026-08-23 23:53:53,178 INFO ncaa_identity: contest_id=1113016 teams 2132/2132 matched, players 274/789 matched
2026-08-23 23:53:54,329 INFO ncaa_identity: contest_id=1113026 teams 2030/2030 matched, players 68/570 matched
2026-08-23 23:53:55,678 INFO ncaa_identity: contest_id=1113036 teams 1249/2121 matched, players 138/804 matched
2026-08-23 23:53:56,714 INFO ncaa_identity: contest_id=1113047 teams 2018/2018 matched, players 217/706 matched
2026-08-23 23:53:58,113 INFO ncaa_identity: contest_id=1113060 teams 2356/2356 matched, players 536/1060 matched
2026-08-23 23:53:59,404 INFO ncaa_identity: contest_id=1113070 teams 2028/2028 matched, players 236/727 matched
2026-08-23 23:54:00,358 INFO ncaa_identity: contest_id=1113082 teams 1708/1708 matched, players 203/617 matched
2026-08-23 23:54:01,419 INFO ncaa_identity: contest_id=1113096 teams 1892/1892 matched, players 207/665 matched
2026-08-23 23:54:02,888 INFO ncaa_identity: contest_id=1113112 teams 2216/2216 matched, players 308/841 matched
2026-08-23 23:54:03,996 INFO ncaa_identity: contest_id=1113123 teams 1070/2088 matched, players 2933/5886 matched
2026-08-23 23:54:05,432 INFO ncaa_identity: contest_id=1113135 teams 2455/2455 matched, players 441/1025 matched
2026-08-23 23:54:06,582 INFO ncaa_identity: contest_id=1113158 teams 2122/2122 matched, players 309/818 matched
2026-08-23 23:54:07,779 INFO ncaa_identity: contest_id=1113179 teams 2363/2363 matched, players 327/898 matched
2026-08-23 23:54:09,396 INFO ncaa_identity: contest_id=1113193 teams 2108/2108 matched, players 264/773 matched
2026-08-23 23:54:10,669 INFO ncaa_identity: contest_id=1113218 teams 1978/1978 matched, players 124/577 matched
2026-08-23 23:54:11,869 INFO ncaa_identity: contest_id=1113230 teams 956/1820 matched, players 127/707 matched
2026-08-23 23:54:13,289 INFO ncaa_identity: contest_id=1113249 teams 1876/1876 matched, players 255/707 matched
2026-08-23 23:54:14,387 INFO ncaa_identity: contest_id=1113299 teams 1137/2251 matched, players 3182/6334 matched
2026-08-23 23:54:15,337 INFO ncaa_identity: contest_id=1113344 teams 1866/1866 matched, players 206/658 matched
2026-08-23 23:54:17,247 INFO ncaa_identity: contest_id=1113362 teams 2820/2820 matched, players 571/1240 matched
2026-08-23 23:54:18,252 INFO ncaa_identity: contest_id=1113392 teams 1212/2299 matched, players 2953/6520 matched
2026-08-23 23:54:19,419 INFO ncaa_identity: contest_id=1113416 teams 2249/2249 matched, players 374/912 matched
2026-08-23 23:54:20,701 INFO ncaa_identity: contest_id=1113428 teams 2069/2069 matched, players 167/673 matched
2026-08-23 23:54:21,681 INFO ncaa_identity: contest_id=1113443 teams 875/1911 matched, players 59/641 matched
2026-08-23 23:54:22,765 INFO ncaa_identity: contest_id=1113534 teams 1992/1992 matched, players 249/730 matched
2026-08-23 23:54:24,153 INFO ncaa_identity: contest_id=1113546 teams 2134/2134 matched, players 325/837 matched
2026-08-23 23:54:25,167 INFO ncaa_identity: contest_id=1113559 teams 810/1845 matched, players 161/748 matched
2026-08-23 23:54:26,093 INFO ncaa_identity: contest_id=1113570 teams 1833/1833 matched, players 284/723 matched
2026-08-23 23:54:27,304 INFO ncaa_identity: contest_id=1113583 teams 2030/2030 matched, players 63/566 matched
2026-08-23 23:54:28,411 INFO ncaa_identity: contest_id=1113603 teams 1830/1830 matched, players 191/635 matched
2026-08-23 23:54:28,509 INFO 5 starters not found for period 1; using estimate
2026-08-23 23:54:28,509 INFO 5 starters not found for period 1; using estimate
2026-08-23 23:54:28,510 INFO 5 starters not found for period 2; using estimate
2026-08-23 23:54:28,510 INFO 5 starters not found for period 2; using estimate
2026-08-23 23:54:29,458 INFO ncaa_identity: contest_id=1113637 teams 1897/1897 matched, players 607/2903 matched
2026-08-23 23:54:30,485 INFO ncaa_identity: contest_id=1113650 teams 2070/2070 matched, players 122/631 matched
2026-08-23 23:54:31,892 INFO ncaa_identity: contest_id=1113665 teams 2066/2066 matched, players 326/819 matched
2026-08-23 23:54:32,873 INFO ncaa_identity: contest_id=1113683 teams 2203/2203 matched, players 376/901 matched
2026-08-23 23:54:34,228 INFO ncaa_identity: contest_id=1113708 teams 2060/2060 matched, players 365/854 matched
2026-08-23 23:54:35,341 INFO ncaa_identity: contest_id=1113722 teams 2112/2112 matched, players 324/826 matched
2026-08-23 23:54:36,443 INFO ncaa_identity: contest_id=1113733 teams 1917/1917 matched, players 217/681 matched
2026-08-23 23:54:37,855 INFO ncaa_identity: contest_id=1113743 teams 1960/1960 matched, players 273/744 matched
2026-08-23 23:54:38,852 INFO ncaa_identity: contest_id=1113770 teams 2005/2005 matched, players 279/761 matched
2026-08-23 23:54:39,299 WARNING ncaa_parse: family=lineups contest_id=1113784 team=UT Dallas SKIPPED (1 parse error(s)): Could not find/match team names (target=[TeamId(UT Dallas)]): Texas-Dallas/UT Arlington
2026-08-23 23:54:39,626 INFO ncaa_identity: contest_id=1113784 teams 1057/1892 matched, players 178/612 matched
2026-08-23 23:54:40,999 INFO ncaa_identity: contest_id=1113881 teams 2107/2107 matched, players 222/736 matched
2026-08-23 23:54:41,878 INFO ncaa_identity: contest_id=1113922 teams 1558/1558 matched, players 76/460 matched
2026-08-23 23:54:42,966 INFO ncaa_identity: contest_id=1113949 teams 995/1761 matched, players 128/597 matched
2026-08-23 23:54:44,497 INFO ncaa_identity: contest_id=1113979 teams 2092/2092 matched, players 189/698 matched
2026-08-23 23:54:45,753 INFO ncaa_identity: contest_id=1114025 teams 1919/1919 matched, players 314/772 matched
2026-08-23 23:54:47,104 INFO ncaa_identity: contest_id=1114043 teams 2126/2126 matched, players 337/846 matched
2026-08-23 23:54:48,438 INFO ncaa_identity: contest_id=1114053 teams 1930/1930 matched, players 314/775 matched
2026-08-23 23:54:49,838 INFO ncaa_identity: contest_id=1114068 teams 2466/2466 matched, players 367/1012 matched
2026-08-23 23:54:51,302 INFO ncaa_identity: contest_id=1114130 teams 1950/1950 matched, players 332/797 matched
2026-08-23 23:54:52,588 INFO ncaa_identity: contest_id=1114166 teams 1130/2247 matched, players 3202/6277 matched
2026-08-23 23:54:53,732 INFO ncaa_identity: contest_id=1114185 teams 2216/2216 matched, players 390/905 matched
2026-08-23 23:54:55,394 INFO ncaa_identity: contest_id=1114230 teams 2466/2466 matched, players 459/1019 matched
2026-08-23 23:54:56,587 INFO ncaa_identity: contest_id=1114254 teams 1738/1738 matched, players 20/452 matched
2026-08-23 23:54:57,654 INFO ncaa_identity: contest_id=1114278 teams 1621/1621 matched, players 216/606 matched
2026-08-23 23:54:59,396 INFO ncaa_identity: contest_id=1114301 teams 2272/2272 matched, players 352/896 matched
2026-08-23 23:55:00,806 INFO ncaa_identity: contest_id=1114382 teams 2102/2102 matched, players 278/784 matched
2026-08-23 23:55:01,771 INFO ncaa_identity: contest_id=1114392 teams 1418/1418 matched, players 157/500 matched
2026-08-23 23:55:03,072 INFO ncaa_identity: contest_id=1114429 teams 1950/1950 matched, players 173/623 matched
2026-08-23 23:55:04,213 INFO ncaa_identity: contest_id=1114458 teams 1736/1736 matched, players 258/676 matched
2026-08-23 23:55:05,387 INFO ncaa_identity: contest_id=1114476 teams 1294/2426 matched, players 157/853 matched
2026-08-23 23:55:06,672 INFO ncaa_identity: contest_id=1114526 teams 1740/1740 matched, players 293/707 matched
2026-08-23 23:55:07,864 INFO ncaa_identity: contest_id=1114553 teams 1163/2353 matched, players 3302/6612 matched
2026-08-23 23:55:09,349 INFO ncaa_identity: contest_id=1114590 teams 2106/2106 matched, players 392/892 matched
2026-08-23 23:55:10,336 INFO ncaa_identity: contest_id=1114622 teams 2078/2078 matched, players 260/762 matched
2026-08-23 23:55:11,802 INFO ncaa_identity: contest_id=1114639 teams 2136/2136 matched, players 306/820 matched
2026-08-23 23:55:12,899 INFO ncaa_identity: contest_id=1114661 teams 1894/1894 matched, players 150/613 matched
2026-08-23 23:55:13,838 INFO ncaa_identity: contest_id=1114674 teams 1883/1883 matched, players 124/586 matched
2026-08-23 23:55:15,280 INFO ncaa_identity: contest_id=1114710 teams 2026/2026 matched, players 242/732 matched
2026-08-23 23:55:16,581 INFO ncaa_identity: contest_id=1114739 teams 2400/2400 matched, players 399/974 matched
2026-08-23 23:55:17,782 INFO ncaa_identity: contest_id=1114775 teams 1900/1900 matched, players 243/701 matched
2026-08-23 23:55:18,783 INFO ncaa_identity: contest_id=1114794 teams 2021/2021 matched, players 228/717 matched
2026-08-23 23:55:19,734 INFO ncaa_identity: contest_id=1114820 teams 1709/1709 matched, players 161/575 matched
2026-08-23 23:55:20,653 INFO ncaa_identity: contest_id=1114860 teams 1888/1888 matched, players 213/669 matched
2026-08-23 23:55:21,795 INFO ncaa_identity: contest_id=1114940 teams 2039/2039 matched, players 318/765 matched
2026-08-23 23:55:22,789 INFO ncaa_identity: contest_id=1114950 teams 1932/1932 matched, players 114/588 matched
2026-08-23 23:55:23,706 INFO ncaa_identity: contest_id=1114996 teams 1951/1951 matched, players 126/605 matched
2026-08-23 23:55:24,613 INFO ncaa_identity: contest_id=1115060 teams 1511/1511 matched, players 259/619 matched
2026-08-23 23:55:26,026 INFO ncaa_identity: contest_id=1115079 teams 1642/1642 matched, players 170/568 matched
2026-08-23 23:55:27,114 INFO ncaa_identity: contest_id=1115101 teams 2312/2312 matched, players 333/889 matched
2026-08-23 23:55:28,591 INFO ncaa_identity: contest_id=1115118 teams 1085/1898 matched, players 105/671 matched
2026-08-23 23:55:29,529 INFO ncaa_identity: contest_id=1115153 teams 1751/1751 matched, players 221/646 matched
2026-08-23 23:55:30,614 INFO ncaa_identity: contest_id=1115174 teams 1886/1886 matched, players 232/687 matched
2026-08-23 23:55:31,628 INFO ncaa_identity: contest_id=1115228 teams 1982/1982 matched, players 370/840 matched
2026-08-23 23:55:32,769 INFO ncaa_identity: contest_id=1115277 teams 1730/1730 matched, players 308/719 matched
2026-08-23 23:55:33,990 INFO ncaa_identity: contest_id=1115308 teams 2073/2073 matched, players 274/773 matched
2026-08-23 23:55:35,346 INFO ncaa_identity: contest_id=1115343 teams 2011/2011 matched, players 405/881 matched
2026-08-23 23:55:37,248 INFO ncaa_identity: contest_id=1115389 teams 2950/2950 matched, players 707/1402 matched
2026-08-23 23:55:38,425 INFO ncaa_identity: contest_id=1115413 teams 2458/2458 matched, players 274/870 matched
2026-08-23 23:55:39,831 INFO ncaa_identity: contest_id=1115430 teams 2059/2059 matched, players 333/800 matched
2026-08-23 23:55:41,173 INFO ncaa_identity: contest_id=1115504 teams 2334/2334 matched, players 344/905 matched
2026-08-23 23:55:42,073 INFO ncaa_identity: contest_id=1115515 teams 1825/1825 matched, players 258/697 matched
2026-08-23 23:55:43,610 INFO ncaa_identity: contest_id=1115541 teams 2258/2258 matched, players 444/979 matched
2026-08-23 23:55:44,582 INFO ncaa_identity: contest_id=1115576 teams 2085/2085 matched, players 302/802 matched
2026-08-23 23:55:45,874 INFO ncaa_identity: contest_id=1115587 teams 1720/1720 matched, players 303/711 matched
2026-08-23 23:55:47,209 INFO ncaa_identity: contest_id=1115611 teams 1844/1844 matched, players 279/721 matched
2026-08-23 23:55:48,189 INFO ncaa_identity: contest_id=1115651 teams 1962/1962 matched, players 350/817 matched
2026-08-23 23:55:49,826 INFO ncaa_identity: contest_id=1115721 teams 2750/2750 matched, players 632/1279 matched
2026-08-23 23:55:51,375 INFO ncaa_identity: contest_id=1115757 teams 1941/1941 matched, players 128/604 matched
2026-08-23 23:55:52,667 INFO ncaa_identity: contest_id=1115776 teams 1972/1972 matched, players 229/706 matched
2026-08-23 23:55:53,867 INFO ncaa_identity: contest_id=1115786 teams 2256/2256 matched, players 446/981 matched
2026-08-23 23:55:55,236 INFO ncaa_identity: contest_id=1115796 teams 2098/2098 matched, players 322/824 matched
2026-08-23 23:55:56,517 INFO ncaa_identity: contest_id=1115812 teams 2104/2104 matched, players 341/844 matched
2026-08-23 23:55:57,886 INFO ncaa_identity: contest_id=1115833 teams 2090/2090 matched, players 232/739 matched
2026-08-23 23:55:58,825 INFO ncaa_identity: contest_id=1115848 teams 2052/2052 matched, players 231/727 matched
2026-08-23 23:55:59,749 INFO ncaa_identity: contest_id=1115858 teams 2026/2026 matched, players 222/713 matched
2026-08-23 23:56:00,993 INFO ncaa_identity: contest_id=1115912 teams 1976/1976 matched, players 282/756 matched
2026-08-23 23:56:02,072 INFO ncaa_identity: contest_id=1115969 teams 2169/2169 matched, players 431/945 matched
2026-08-23 23:56:02,932 INFO ncaa_identity: contest_id=1115979 teams 1819/1819 matched, players 319/751 matched
2026-08-23 23:56:04,474 INFO ncaa_identity: contest_id=1116000 teams 2312/2312 matched, players 348/904 matched
2026-08-23 23:56:05,451 INFO ncaa_identity: contest_id=1116028 teams 1776/1776 matched, players 187/618 matched
2026-08-23 23:56:06,491 INFO ncaa_identity: contest_id=1116154 teams 2079/2079 matched, players 317/816 matched
2026-08-23 23:56:07,860 INFO ncaa_identity: contest_id=1116167 teams 1422/1422 matched, players 20/373 matched
2026-08-23 23:56:08,958 INFO ncaa_identity: contest_id=1116191 teams 1884/1884 matched, players 184/642 matched
2026-08-23 23:56:09,940 INFO ncaa_identity: contest_id=1116205 teams 1881/1881 matched, players 320/768 matched
2026-08-23 23:56:11,377 INFO ncaa_identity: contest_id=1116217 teams 2106/2106 matched, players 312/817 matched
2026-08-23 23:56:12,473 INFO ncaa_identity: contest_id=1116330 teams 2154/2154 matched, players 418/928 matched
2026-08-23 23:56:13,550 INFO ncaa_identity: contest_id=1116352 teams 2064/2064 matched, players 238/737 matched
2026-08-23 23:56:15,355 INFO ncaa_identity: contest_id=1116441 teams 2068/2068 matched, players 320/816 matched
2026-08-23 23:56:16,592 INFO ncaa_identity: contest_id=1116470 teams 1711/1711 matched, players 184/600 matched
2026-08-23 23:56:17,598 INFO ncaa_identity: contest_id=1116480 teams 2178/2178 matched, players 276/803 matched
2026-08-23 23:56:18,979 INFO ncaa_identity: contest_id=1116506 teams 1939/1939 matched, players 329/792 matched
2026-08-23 23:56:19,092 INFO 5 starters not found for period 1; using estimate
2026-08-23 23:56:19,093 INFO 5 starters not found for period 1; using estimate
2026-08-23 23:56:19,093 INFO 5 starters not found for period 2; using estimate
2026-08-23 23:56:19,094 INFO 5 starters not found for period 2; using estimate
2026-08-23 23:56:20,068 INFO ncaa_identity: contest_id=1116516 teams 2123/2123 matched, players 345/3354 matched
2026-08-23 23:56:21,036 INFO ncaa_identity: contest_id=1116574 teams 1792/1792 matched, players 215/648 matched
2026-08-23 23:56:22,088 INFO ncaa_identity: contest_id=1116609 teams 885/1665 matched, players 53/601 matched
2026-08-23 23:56:23,468 INFO ncaa_identity: contest_id=1116623 teams 1712/1712 matched, players 108/528 matched
2026-08-23 23:56:24,431 INFO ncaa_identity: contest_id=1116634 teams 1830/1830 matched, players 347/781 matched
2026-08-23 23:56:25,680 INFO ncaa_identity: contest_id=1116666 teams 2186/2186 matched, players 236/768 matched
2026-08-23 23:56:26,919 INFO ncaa_identity: contest_id=1116687 teams 1824/1824 matched, players 355/787 matched
2026-08-23 23:56:27,991 INFO ncaa_identity: contest_id=1116760 teams 1844/1844 matched, players 295/737 matched
2026-08-23 23:56:29,167 INFO ncaa_identity: contest_id=1116813 teams 2202/2202 matched, players 377/903 matched
2026-08-23 23:56:30,694 INFO ncaa_identity: contest_id=1116835 teams 2100/2100 matched, players 366/865 matched
2026-08-23 23:56:31,716 INFO ncaa_identity: contest_id=1116926 teams 1602/1602 matched, players 246/629 matched
2026-08-23 23:56:33,012 INFO ncaa_identity: contest_id=1116949 teams 2088/2088 matched, players 265/769 matched
2026-08-23 23:56:34,415 INFO ncaa_identity: contest_id=1117003 teams 2007/2007 matched, players 325/804 matched
2026-08-23 23:56:35,543 INFO ncaa_identity: contest_id=1117016 teams 1880/1880 matched, players 279/688 matched
2026-08-23 23:56:36,728 INFO ncaa_identity: contest_id=1117029 teams 1811/1811 matched, players 255/691 matched
2026-08-23 23:56:38,172 INFO ncaa_identity: contest_id=1117045 teams 1751/1751 matched, players 175/600 matched
2026-08-23 23:56:39,229 INFO ncaa_identity: contest_id=1117059 teams 1895/1895 matched, players 327/779 matched
2026-08-23 23:56:40,204 INFO ncaa_identity: contest_id=1117082 teams 1788/1788 matched, players 218/650 matched
2026-08-23 23:56:41,539 INFO ncaa_identity: contest_id=1117098 teams 1914/1914 matched, players 289/749 matched
2026-08-23 23:56:42,984 INFO ncaa_identity: contest_id=1117123 teams 2106/2106 matched, players 112/630 matched
2026-08-23 23:56:44,129 INFO ncaa_identity: contest_id=1117150 teams 1966/1966 matched, players 260/735 matched
2026-08-23 23:56:45,359 INFO ncaa_identity: contest_id=1117168 teams 1851/1851 matched, players 269/714 matched
2026-08-23 23:56:46,344 INFO ncaa_identity: contest_id=1117261 teams 2145/2145 matched, players 442/949 matched
2026-08-23 23:56:47,202 INFO ncaa_identity: contest_id=1117275 teams 1680/1680 matched, players 119/530 matched
2026-08-23 23:56:47,328 INFO 5 starters not found for period 1; using estimate
2026-08-23 23:56:47,329 INFO 5 starters not found for period 1; using estimate
2026-08-23 23:56:47,329 INFO 5 starters not found for period 2; using estimate
2026-08-23 23:56:47,330 INFO 5 starters not found for period 2; using estimate
2026-08-23 23:56:48,553 INFO ncaa_identity: contest_id=1117292 teams 2601/2601 matched, players 599/4241 matched
2026-08-23 23:56:49,360 INFO ncaa_identity: contest_id=1117330 teams 1318/1318 matched, players 20/347 matched
2026-08-23 23:56:50,547 INFO ncaa_identity: contest_id=1117341 teams 2376/2376 matched, players 270/811 matched
2026-08-23 23:56:51,939 INFO ncaa_identity: contest_id=1117393 teams 2060/2060 matched, players 351/842 matched
2026-08-23 23:56:52,069 INFO 5 starters not found for period 1; using estimate
2026-08-23 23:56:52,070 INFO 5 starters not found for period 1; using estimate
2026-08-23 23:56:52,071 INFO 5 starters not found for period 2; using estimate
2026-08-23 23:56:52,071 INFO 5 starters not found for period 2; using estimate
2026-08-23 23:56:53,030 INFO ncaa_identity: contest_id=1117408 teams 1997/1997 matched, players 748/3119 matched
2026-08-23 23:56:54,160 INFO ncaa_identity: contest_id=1117472 teams 2018/2018 matched, players 329/810 matched
2026-08-23 23:56:55,283 INFO ncaa_identity: contest_id=1117515 teams 1720/1720 matched, players 256/669 matched
2026-08-23 23:56:56,342 INFO ncaa_identity: contest_id=1117559 teams 1941/1941 matched, players 180/653 matched
2026-08-23 23:56:57,393 INFO ncaa_identity: contest_id=1117578 teams 1934/1934 matched, players 310/761 matched
2026-08-23 23:56:58,480 INFO ncaa_identity: contest_id=1117592 teams 1859/1859 matched, players 317/726 matched
2026-08-23 23:56:59,774 INFO ncaa_identity: contest_id=1117640 teams 2082/2082 matched, players 350/806 matched
2026-08-23 23:57:00,885 INFO ncaa_identity: contest_id=1117650 teams 1940/1940 matched, players 343/773 matched
2026-08-23 23:57:02,194 INFO ncaa_identity: contest_id=1117687 teams 2047/2047 matched, players 317/807 matched
2026-08-23 23:57:03,267 INFO ncaa_identity: contest_id=1117709 teams 1974/1974 matched, players 216/694 matched
2026-08-23 23:57:04,392 INFO ncaa_identity: contest_id=1117741 teams 2154/2154 matched, players 281/801 matched
2026-08-23 23:57:05,797 INFO ncaa_identity: contest_id=1117759 teams 2222/2222 matched, players 360/892 matched
2026-08-23 23:57:06,883 INFO ncaa_identity: contest_id=1117774 teams 1888/1888 matched, players 110/575 matched
2026-08-23 23:57:08,334 INFO ncaa_identity: contest_id=1117851 teams 1921/1921 matched, players 249/713 matched
2026-08-23 23:57:09,743 INFO ncaa_identity: contest_id=1117894 teams 2250/2250 matched, players 259/803 matched
2026-08-23 23:57:10,893 INFO ncaa_identity: contest_id=1117922 teams 1762/1762 matched, players 158/587 matched
2026-08-23 23:57:12,303 INFO ncaa_identity: contest_id=1117946 teams 2166/2166 matched, players 194/724 matched
2026-08-23 23:57:13,322 INFO ncaa_identity: contest_id=1117969 teams 1714/1714 matched, players 310/717 matched
2026-08-23 23:57:14,597 INFO ncaa_identity: contest_id=1118017 teams 1980/1980 matched, players 310/784 matched
2026-08-23 23:57:16,063 INFO ncaa_identity: contest_id=1118043 teams 1944/1944 matched, players 123/600 matched
2026-08-23 23:57:17,333 INFO ncaa_identity: contest_id=1118053 teams 1822/1822 matched, players 136/543 matched
2026-08-23 23:57:18,226 INFO ncaa_identity: contest_id=1118078 teams 1818/1818 matched, players 258/695 matched
2026-08-23 23:57:19,453 INFO ncaa_identity: contest_id=1118111 teams 2311/2311 matched, players 377/929 matched
2026-08-23 23:57:20,776 INFO ncaa_identity: contest_id=1118122 teams 2171/2171 matched, players 351/870 matched
2026-08-23 23:57:21,872 INFO ncaa_identity: contest_id=1118145 teams 1806/1806 matched, players 229/664 matched
2026-08-23 23:57:23,041 INFO ncaa_identity: contest_id=1118169 teams 2086/2086 matched, players 332/830 matched
2026-08-23 23:57:24,256 INFO ncaa_identity: contest_id=1118194 teams 1882/1882 matched, players 310/758 matched
2026-08-23 23:57:25,266 INFO ncaa_identity: contest_id=1118296 teams 1998/1998 matched, players 128/618 matched
2026-08-23 23:57:26,379 INFO ncaa_identity: contest_id=1118307 teams 1621/1621 matched, players 224/592 matched
2026-08-23 23:57:27,758 INFO ncaa_identity: contest_id=1118319 teams 2366/2366 matched, players 432/995 matched
2026-08-23 23:57:29,175 INFO ncaa_identity: contest_id=1118342 teams 2302/2302 matched, players 314/869 matched
2026-08-23 23:57:30,519 INFO ncaa_identity: contest_id=1118368 teams 2421/2421 matched, players 453/1029 matched
2026-08-23 23:57:31,545 INFO ncaa_identity: contest_id=1118425 teams 1699/1699 matched, players 275/682 matched
2026-08-23 23:57:32,573 INFO ncaa_identity: contest_id=1118470 teams 2258/2258 matched, players 259/808 matched
2026-08-23 23:57:33,633 INFO ncaa_identity: contest_id=1118500 teams 1711/1711 matched, players 216/577 matched
2026-08-23 23:57:34,531 INFO ncaa_identity: contest_id=1118590 teams 1690/1690 matched, players 202/610 matched
2026-08-23 23:57:35,552 INFO ncaa_identity: contest_id=1118625 teams 2000/2000 matched, players 344/821 matched
2026-08-23 23:57:37,278 INFO ncaa_identity: contest_id=1118635 teams 2037/2037 matched, players 360/845 matched
2026-08-23 23:57:38,723 INFO ncaa_identity: contest_id=1118658 teams 1770/1770 matched, players 232/658 matched
2026-08-23 23:57:40,355 INFO ncaa_identity: contest_id=1118716 teams 2114/2114 matched, players 228/741 matched
2026-08-23 23:57:41,621 INFO ncaa_identity: contest_id=1118769 teams 2050/2050 matched, players 402/886 matched
2026-08-23 23:57:42,571 INFO ncaa_identity: contest_id=1118787 teams 1987/1987 matched, players 236/717 matched
2026-08-23 23:57:43,526 INFO ncaa_identity: contest_id=1118797 teams 2032/2032 matched, players 227/719 matched
2026-08-23 23:57:44,737 INFO ncaa_identity: contest_id=1118811 teams 1898/1898 matched, players 320/774 matched
2026-08-23 23:57:46,018 INFO ncaa_identity: contest_id=1118821 teams 3099/3099 matched, players 238/1012 matched
2026-08-23 23:57:47,601 INFO ncaa_identity: contest_id=1118850 teams 1784/1784 matched, players 313/737 matched
2026-08-23 23:57:48,737 INFO ncaa_identity: contest_id=1118904 teams 2114/2114 matched, players 308/816 matched
2026-08-23 23:57:49,848 INFO ncaa_identity: contest_id=1118950 teams 2322/2322 matched, players 289/850 matched
2026-08-23 23:57:51,221 INFO ncaa_identity: contest_id=1118960 teams 1958/1958 matched, players 221/695 matched
2026-08-23 23:57:52,548 INFO ncaa_identity: contest_id=1118996 teams 2119/2119 matched, players 186/704 matched
2026-08-23 23:57:54,169 INFO ncaa_identity: contest_id=1119025 teams 1878/1878 matched, players 146/605 matched
2026-08-23 23:57:55,485 INFO ncaa_identity: contest_id=1119048 teams 1495/1495 matched, players 246/604 matched
2026-08-23 23:57:56,572 INFO ncaa_identity: contest_id=1119070 teams 1772/1772 matched, players 349/768 matched
2026-08-23 23:57:57,797 INFO ncaa_identity: contest_id=1119080 teams 1882/1882 matched, players 220/675 matched
2026-08-23 23:57:59,431 INFO ncaa_identity: contest_id=1119108 teams 2172/2172 matched, players 377/895 matched
2026-08-23 23:58:00,837 INFO ncaa_identity: contest_id=1119126 teams 2073/2073 matched, players 399/891 matched
2026-08-23 23:58:02,191 INFO ncaa_identity: contest_id=1119150 teams 1752/1752 matched, players 217/640 matched
2026-08-23 23:58:03,360 INFO ncaa_identity: contest_id=1119169 teams 2079/2079 matched, players 334/832 matched
2026-08-23 23:58:04,712 INFO ncaa_identity: contest_id=1119196 teams 2111/2111 matched, players 317/822 matched
2026-08-23 23:58:06,039 INFO ncaa_identity: contest_id=1119245 teams 1974/1974 matched, players 198/678 matched
2026-08-23 23:58:07,515 INFO ncaa_identity: contest_id=1119332 teams 2282/2282 matched, players 438/980 matched
2026-08-23 23:58:08,663 INFO ncaa_identity: contest_id=1119354 teams 2111/2111 matched, players 192/707 matched
2026-08-23 23:58:09,804 INFO ncaa_identity: contest_id=1119373 teams 2000/2000 matched, players 307/785 matched
2026-08-23 23:58:11,368 INFO ncaa_identity: contest_id=1119385 teams 2430/2430 matched, players 490/1064 matched
2026-08-23 23:58:12,317 INFO ncaa_identity: contest_id=1119444 teams 853/1626 matched, players 12/482 matched
2026-08-23 23:58:13,235 INFO ncaa_identity: contest_id=1119454 teams 1872/1872 matched, players 313/760 matched
2026-08-23 23:58:14,609 INFO ncaa_identity: contest_id=1119536 teams 1876/1876 matched, players 281/730 matched
2026-08-23 23:58:15,807 INFO ncaa_identity: contest_id=1119548 teams 2312/2312 matched, players 467/1015 matched
2026-08-23 23:58:16,904 INFO ncaa_identity: contest_id=1119558 teams 2018/2018 matched, players 266/753 matched
2026-08-23 23:58:18,394 INFO ncaa_identity: contest_id=1119568 teams 2163/2163 matched, players 381/897 matched
2026-08-23 23:58:19,443 INFO ncaa_identity: contest_id=1119578 teams 1898/1898 matched, players 242/701 matched
2026-08-23 23:58:20,369 INFO ncaa_identity: contest_id=1119672 teams 1868/1868 matched, players 115/573 matched
2026-08-23 23:58:21,796 INFO ncaa_identity: contest_id=1119690 teams 1972/1972 matched, players 319/790 matched
2026-08-23 23:58:23,189 INFO ncaa_identity: contest_id=1119706 teams 1026/2156 matched, players 156/854 matched
2026-08-23 23:58:24,514 INFO ncaa_identity: contest_id=1119716 teams 1943/1943 matched, players 51/534 matched
2026-08-23 23:58:25,861 INFO ncaa_identity: contest_id=1119726 teams 1798/1798 matched, players 328/721 matched
2026-08-23 23:58:26,866 INFO ncaa_identity: contest_id=1119736 teams 1878/1878 matched, players 322/770 matched
2026-08-23 23:58:27,942 INFO ncaa_identity: contest_id=1119843 teams 2006/2006 matched, players 176/665 matched
2026-08-23 23:58:29,281 INFO ncaa_identity: contest_id=1119923 teams 1926/1926 matched, players 184/652 matched
2026-08-23 23:58:30,397 INFO ncaa_identity: contest_id=1119940 teams 2434/2434 matched, players 353/938 matched
2026-08-23 23:58:31,777 INFO ncaa_identity: contest_id=1119952 teams 1872/1872 matched, players 257/708 matched
2026-08-23 23:58:32,803 INFO ncaa_identity: contest_id=1119968 teams 2100/2100 matched, players 135/650 matched
2026-08-23 23:58:33,841 INFO ncaa_identity: contest_id=1119978 teams 2181/2181 matched, players 271/797 matched
2026-08-23 23:58:35,004 INFO ncaa_identity: contest_id=1119996 teams 1674/1674 matched, players 178/584 matched
2026-08-23 23:58:35,900 INFO ncaa_identity: contest_id=1120006 teams 1678/1678 matched, players 333/730 matched
2026-08-23 23:58:37,316 INFO ncaa_identity: contest_id=1120048 teams 2458/2458 matched, players 313/907 matched
2026-08-23 23:58:38,634 INFO ncaa_identity: contest_id=1120085 teams 1926/1926 matched, players 264/728 matched
2026-08-23 23:58:39,662 INFO ncaa_identity: contest_id=1120170 teams 2030/2030 matched, players 323/808 matched
2026-08-23 23:58:41,039 INFO ncaa_identity: contest_id=1120222 teams 2498/2498 matched, players 445/1039 matched
2026-08-23 23:58:42,006 INFO ncaa_identity: contest_id=1120237 teams 1882/1882 matched, players 251/704 matched
2026-08-23 23:58:42,935 INFO ncaa_identity: contest_id=1120268 teams 2024/2024 matched, players 295/753 matched
2026-08-23 23:58:44,179 INFO ncaa_identity: contest_id=1120326 teams 2042/2042 matched, players 354/840 matched
2026-08-23 23:58:45,684 INFO ncaa_identity: contest_id=1120365 teams 2294/2294 matched, players 249/806 matched
2026-08-23 23:58:46,764 INFO ncaa_identity: contest_id=1120380 teams 2026/2026 matched, players 264/752 matched
2026-08-23 23:58:47,710 INFO ncaa_identity: contest_id=1120400 teams 1470/1470 matched, players 20/385 matched
2026-08-23 23:58:49,332 INFO ncaa_identity: contest_id=1120410 teams 1742/1742 matched, players 244/662 matched
2026-08-23 23:58:50,442 INFO ncaa_identity: contest_id=1120456 teams 1908/1908 matched, players 225/686 matched
2026-08-23 23:58:51,521 INFO ncaa_identity: contest_id=1120492 teams 2100/2100 matched, players 313/816 matched
2026-08-23 23:58:53,050 INFO ncaa_identity: contest_id=1120514 teams 2268/2268 matched, players 451/987 matched
2026-08-23 23:58:54,155 INFO ncaa_identity: contest_id=1120563 teams 1956/1956 matched, players 381/847 matched
2026-08-23 23:58:55,196 INFO ncaa_identity: contest_id=1120611 teams 2016/2016 matched, players 217/706 matched
2026-08-23 23:58:56,458 INFO ncaa_identity: contest_id=1120632 teams 1786/1786 matched, players 182/615 matched
2026-08-23 23:58:57,647 INFO ncaa_identity: contest_id=1120675 teams 2220/2220 matched, players 404/898 matched
2026-08-23 23:58:59,175 INFO ncaa_identity: contest_id=1120704 teams 2032/2032 matched, players 235/726 matched
2026-08-23 23:59:00,354 INFO ncaa_identity: contest_id=1120757 teams 2153/2153 matched, players 262/783 matched
2026-08-23 23:59:01,318 INFO ncaa_identity: contest_id=1120771 teams 1798/1798 matched, players 228/662 matched
2026-08-23 23:59:02,863 INFO ncaa_identity: contest_id=1120793 teams 2348/2348 matched, players 375/936 matched
2026-08-23 23:59:04,279 INFO ncaa_identity: contest_id=1120831 teams 2152/2152 matched, players 397/909 matched
2026-08-23 23:59:05,774 INFO ncaa_identity: contest_id=1120866 teams 2072/2072 matched, players 391/884 matched
2026-08-23 23:59:07,209 INFO ncaa_identity: contest_id=1120887 teams 2028/2028 matched, players 372/854 matched
2026-08-23 23:59:08,327 INFO ncaa_identity: contest_id=1120916 teams 2160/2160 matched, players 357/873 matched
2026-08-23 23:59:10,015 INFO ncaa_identity: contest_id=1120984 teams 1826/1826 matched, players 305/741 matched
2026-08-23 23:59:11,160 INFO ncaa_identity: contest_id=1121031 teams 1728/1728 matched, players 169/590 matched
2026-08-23 23:59:12,343 INFO ncaa_identity: contest_id=1121078 teams 2094/2094 matched, players 334/834 matched
2026-08-23 23:59:13,712 INFO ncaa_identity: contest_id=1121104 teams 2279/2279 matched, players 317/865 matched
2026-08-23 23:59:14,641 INFO ncaa_identity: contest_id=1121124 teams 1666/1666 matched, players 284/681 matched
2026-08-23 23:59:15,711 INFO ncaa_identity: contest_id=1121213 teams 1945/1945 matched, players 265/732 matched
2026-08-23 23:59:16,726 INFO ncaa_identity: contest_id=1121231 teams 2060/2060 matched, players 375/809 matched
2026-08-23 23:59:17,835 INFO ncaa_identity: contest_id=1121255 teams 1784/1784 matched, players 185/618 matched
2026-08-23 23:59:18,747 INFO ncaa_identity: contest_id=1121315 teams 1990/1990 matched, players 306/764 matched
2026-08-23 23:59:19,660 INFO ncaa_identity: contest_id=1121340 teams 1997/1997 matched, players 93/556 matched
2026-08-23 23:59:20,849 INFO ncaa_identity: contest_id=1121356 teams 1833/1833 matched, players 310/750 matched
2026-08-23 23:59:21,984 INFO ncaa_identity: contest_id=1121387 teams 1972/1972 matched, players 233/710 matched
2026-08-23 23:59:23,397 INFO ncaa_identity: contest_id=1121399 teams 1990/1990 matched, players 240/721 matched
2026-08-23 23:59:24,552 INFO ncaa_identity: contest_id=1121409 teams 1896/1896 matched, players 167/629 matched
2026-08-23 23:59:25,683 INFO ncaa_identity: contest_id=1121419 teams 1950/1950 matched, players 172/647 matched
2026-08-23 23:59:26,942 INFO ncaa_identity: contest_id=1121451 teams 1851/1851 matched, players 243/688 matched
2026-08-23 23:59:27,818 INFO ncaa_identity: contest_id=1121477 teams 1504/1504 matched, players 79/449 matched
2026-08-23 23:59:28,789 INFO ncaa_identity: contest_id=1121496 teams 1642/1642 matched, players 226/621 matched
2026-08-23 23:59:30,265 INFO ncaa_identity: contest_id=1121529 teams 2152/2152 matched, players 393/905 matched
2026-08-23 23:59:31,453 INFO ncaa_identity: contest_id=1121566 teams 2186/2186 matched, players 423/943 matched
2026-08-23 23:59:32,487 INFO ncaa_identity: contest_id=1121627 teams 2110/2110 matched, players 316/822 matched
2026-08-23 23:59:33,742 INFO ncaa_identity: contest_id=1121637 teams 1822/1822 matched, players 303/738 matched
2026-08-23 23:59:34,768 INFO ncaa_identity: contest_id=1121648 teams 2004/2004 matched, players 335/813 matched
2026-08-23 23:59:35,717 INFO ncaa_identity: contest_id=1121699 teams 1804/1804 matched, players 245/679 matched
2026-08-23 23:59:37,291 INFO ncaa_identity: contest_id=1121730 teams 1999/1999 matched, players 165/653 matched
2026-08-23 23:59:38,582 INFO ncaa_identity: contest_id=1121760 teams 2076/2076 matched, players 322/819 matched
2026-08-23 23:59:40,015 INFO ncaa_identity: contest_id=1121782 teams 2206/2206 matched, players 350/878 matched
2026-08-23 23:59:41,503 INFO ncaa_identity: contest_id=1121792 teams 2172/2172 matched, players 424/938 matched
2026-08-23 23:59:42,789 INFO ncaa_identity: contest_id=1121802 teams 1818/1818 matched, players 188/604 matched
2026-08-23 23:59:44,591 INFO ncaa_identity: contest_id=1121812 teams 2290/2290 matched, players 377/902 matched
2026-08-23 23:59:46,029 INFO ncaa_identity: contest_id=1121854 teams 1922/1922 matched, players 233/697 matched
2026-08-23 23:59:47,154 INFO ncaa_identity: contest_id=1121893 teams 2022/2022 matched, players 242/732 matched
2026-08-23 23:59:48,419 INFO ncaa_identity: contest_id=1121908 teams 1848/1848 matched, players 128/581 matched
2026-08-23 23:59:49,539 INFO ncaa_identity: contest_id=1121982 teams 1826/1826 matched, players 206/648 matched
2026-08-23 23:59:51,096 INFO ncaa_identity: contest_id=1121995 teams 2490/2490 matched, players 424/1017 matched
2026-08-23 23:59:51,202 INFO 5 starters not found for period 1; using estimate
2026-08-23 23:59:51,203 INFO 5 starters not found for period 1; using estimate
2026-08-23 23:59:51,203 INFO 5 starters not found for period 2; using estimate
2026-08-23 23:59:51,204 INFO 5 starters not found for period 2; using estimate
2026-08-23 23:59:52,175 INFO ncaa_identity: contest_id=1122035 teams 1723/1723 matched, players 658/2697 matched
2026-08-23 23:59:53,692 INFO ncaa_identity: contest_id=1122058 teams 2713/2713 matched, players 519/1166 matched
2026-08-23 23:59:55,109 INFO ncaa_identity: contest_id=1122068 teams 1766/1766 matched, players 255/678 matched
2026-08-23 23:59:56,168 INFO ncaa_identity: contest_id=1122081 teams 1645/1645 matched, players 162/562 matched
2026-08-23 23:59:57,288 INFO ncaa_identity: contest_id=1122091 teams 2109/2109 matched, players 337/842 matched
2026-08-23 23:59:58,663 INFO ncaa_identity: contest_id=1122104 teams 1999/1999 matched, players 341/817 matched
2026-08-23 23:59:59,714 INFO ncaa_identity: contest_id=1122146 teams 2286/2286 matched, players 243/799 matched
2026-08-24 00:00:01,115 INFO ncaa_identity: contest_id=1122177 teams 2529/2529 matched, players 350/919 matched
2026-08-24 00:00:02,854 INFO ncaa_identity: contest_id=1122194 teams 2867/2867 matched, players 458/1145 matched
2026-08-24 00:00:03,995 INFO ncaa_identity: contest_id=1122204 teams 2039/2039 matched, players 329/817 matched
2026-08-24 00:00:05,328 INFO ncaa_identity: contest_id=1122237 teams 1770/1770 matched, players 272/695 matched
2026-08-24 00:00:06,452 INFO ncaa_identity: contest_id=1122247 teams 1950/1950 matched, players 374/828 matched
2026-08-24 00:00:07,444 INFO ncaa_identity: contest_id=1122260 teams 2088/2088 matched, players 316/816 matched
2026-08-24 00:00:08,899 INFO ncaa_identity: contest_id=1122299 teams 1800/1800 matched, players 319/748 matched
2026-08-24 00:00:09,833 INFO ncaa_identity: contest_id=1122315 teams 1984/1984 matched, players 253/731 matched
2026-08-24 00:00:11,079 INFO ncaa_identity: contest_id=1122334 teams 2108/2108 matched, players 320/825 matched
2026-08-24 00:00:12,378 INFO ncaa_identity: contest_id=1122349 teams 2221/2221 matched, players 388/916 matched
2026-08-24 00:00:13,467 INFO ncaa_identity: contest_id=1122366 teams 2015/2015 matched, players 383/861 matched
2026-08-24 00:00:14,536 INFO ncaa_identity: contest_id=1122386 teams 1954/1954 matched, players 232/705 matched
2026-08-24 00:00:15,807 INFO ncaa_identity: contest_id=1122414 teams 2140/2140 matched, players 169/678 matched
2026-08-24 00:00:16,898 INFO ncaa_identity: contest_id=1122428 teams 2463/2463 matched, players 361/953 matched
2026-08-24 00:00:17,914 INFO ncaa_identity: contest_id=1122451 teams 2001/2001 matched, players 188/675 matched
2026-08-24 00:00:19,094 INFO ncaa_identity: contest_id=1122465 teams 1738/1738 matched, players 298/711 matched
2026-08-24 00:00:20,120 INFO ncaa_identity: contest_id=1122491 teams 2185/2185 matched, players 14/559 matched
2026-08-24 00:00:21,420 INFO ncaa_identity: contest_id=1122501 teams 2289/2289 matched, players 400/945 matched
2026-08-24 00:00:22,209 INFO ncaa_identity: contest_id=1122514 teams 1668/1668 matched, players 283/681 matched
2026-08-24 00:00:23,040 INFO ncaa_identity: contest_id=1122531 teams 1871/1871 matched, players 364/806 matched
2026-08-24 00:00:24,072 INFO ncaa_identity: contest_id=1122548 teams 1924/1924 matched, players 217/685 matched
2026-08-24 00:00:25,503 INFO ncaa_identity: contest_id=1122574 teams 1854/1854 matched, players 113/569 matched
2026-08-24 00:00:26,725 INFO ncaa_identity: contest_id=1122604 teams 1958/1958 matched, players 358/823 matched
2026-08-24 00:00:28,039 INFO ncaa_identity: contest_id=1122627 teams 2152/2152 matched, players 375/888 matched
2026-08-24 00:00:29,327 INFO ncaa_identity: contest_id=1122643 teams 2431/2431 matched, players 325/889 matched
2026-08-24 00:00:30,822 INFO ncaa_identity: contest_id=1122657 teams 1962/1962 matched, players 220/695 matched
2026-08-24 00:00:31,772 INFO ncaa_identity: contest_id=1122668 teams 1982/1982 matched, players 171/655 matched
2026-08-24 00:00:32,724 INFO ncaa_identity: contest_id=1122682 teams 1718/1718 matched, players 210/624 matched
2026-08-24 00:00:34,032 INFO ncaa_identity: contest_id=1122698 teams 1882/1882 matched, players 244/697 matched
2026-08-24 00:00:35,080 INFO ncaa_identity: contest_id=1122708 teams 1890/1890 matched, players 220/678 matched
2026-08-24 00:00:36,221 INFO ncaa_identity: contest_id=1122732 teams 2304/2304 matched, players 372/922 matched
2026-08-24 00:00:37,527 INFO ncaa_identity: contest_id=1122745 teams 1996/1996 matched, players 177/663 matched
2026-08-24 00:00:38,359 INFO ncaa_identity: contest_id=1122766 teams 1606/1606 matched, players 184/573 matched
2026-08-24 00:00:39,332 INFO ncaa_identity: contest_id=1122787 teams 1789/1789 matched, players 282/709 matched
2026-08-24 00:00:40,698 INFO ncaa_identity: contest_id=1122801 teams 2258/2258 matched, players 378/919 matched
2026-08-24 00:00:41,615 INFO ncaa_identity: contest_id=1122815 teams 1920/1920 matched, players 263/725 matched
2026-08-24 00:00:42,404 INFO ncaa_identity: contest_id=1122830 teams 1542/1542 matched, players 190/563 matched
2026-08-24 00:00:43,161 INFO ncaa_identity: contest_id=1122846 teams 1518/1518 matched, players 140/509 matched
2026-08-24 00:00:44,063 INFO ncaa_identity: contest_id=1122859 teams 1757/1757 matched, players 174/601 matched
2026-08-24 00:00:45,039 INFO ncaa_identity: contest_id=1122870 teams 1820/1820 matched, players 337/769 matched
2026-08-24 00:00:46,383 INFO ncaa_identity: contest_id=1122880 teams 1972/1972 matched, players 229/706 matched
2026-08-24 00:00:47,308 INFO ncaa_identity: contest_id=1122890 teams 2102/2102 matched, players 328/831 matched
2026-08-24 00:00:48,180 INFO ncaa_identity: contest_id=1122901 teams 1868/1868 matched, players 243/694 matched
2026-08-24 00:00:49,653 INFO ncaa_identity: contest_id=1122911 teams 1984/1984 matched, players 250/730 matched
2026-08-24 00:00:50,755 INFO ncaa_identity: contest_id=1122921 teams 1464/1464 matched, players 93/452 matched
2026-08-24 00:00:51,852 INFO ncaa_identity: contest_id=1122932 teams 1840/1840 matched, players 213/658 matched
2026-08-24 00:00:53,544 INFO ncaa_identity: contest_id=1122942 teams 1573/1573 matched, players 162/543 matched
2026-08-24 00:00:54,724 INFO ncaa_identity: contest_id=1122958 teams 1568/1568 matched, players 197/575 matched
2026-08-24 00:00:55,939 INFO ncaa_identity: contest_id=1122972 teams 1962/1962 matched, players 282/753 matched
2026-08-24 00:00:57,071 INFO ncaa_identity: contest_id=1122983 teams 2076/2076 matched, players 350/804 matched
2026-08-24 00:00:58,627 INFO ncaa_identity: contest_id=1122995 teams 1531/1531 matched, players 119/493 matched
2026-08-24 00:00:59,803 INFO ncaa_identity: contest_id=1123025 teams 2018/2018 matched, players 370/850 matched
2026-08-24 00:01:00,911 INFO ncaa_identity: contest_id=1123039 teams 1934/1934 matched, players 199/668 matched
2026-08-24 00:01:02,490 INFO ncaa_identity: contest_id=1123076 teams 2416/2416 matched, players 267/853 matched
2026-08-24 00:01:03,662 INFO ncaa_identity: contest_id=1123089 teams 1752/1752 matched, players 223/645 matched
2026-08-24 00:01:04,992 INFO ncaa_identity: contest_id=1123103 teams 1868/1868 matched, players 90/550 matched
2026-08-24 00:01:06,634 INFO ncaa_identity: contest_id=1123113 teams 1695/1695 matched, players 123/538 matched
2026-08-24 00:01:07,889 INFO ncaa_identity: contest_id=1123127 teams 1740/1740 matched, players 228/648 matched
2026-08-24 00:01:09,293 INFO ncaa_identity: contest_id=1123139 teams 2006/2006 matched, players 186/674 matched
2026-08-24 00:01:10,523 INFO ncaa_identity: contest_id=1123153 teams 2018/2018 matched, players 310/793 matched
2026-08-24 00:01:11,792 INFO ncaa_identity: contest_id=1123167 teams 2028/2028 matched, players 377/860 matched
2026-08-24 00:01:12,963 INFO ncaa_identity: contest_id=1123178 teams 2034/2034 matched, players 251/742 matched
2026-08-24 00:01:15,017 INFO ncaa_identity: contest_id=1123188 teams 2544/2544 matched, players 357/969 matched
2026-08-24 00:01:16,793 INFO ncaa_identity: contest_id=1123198 teams 1862/1862 matched, players 208/659 matched
2026-08-24 00:01:18,144 INFO ncaa_identity: contest_id=1123214 teams 1815/1815 matched, players 181/622 matched
2026-08-24 00:01:19,497 INFO ncaa_identity: contest_id=1123226 teams 2040/2040 matched, players 417/898 matched
2026-08-24 00:01:21,502 INFO ncaa_identity: contest_id=844161 teams 2527/2527 matched, players 6581/7132 matched
2026-08-24 00:01:23,010 INFO ncaa_identity: contest_id=844179 teams 2256/2256 matched, players 5738/6314 matched
2026-08-24 00:01:24,334 INFO ncaa_identity: contest_id=844198 teams 2212/2212 matched, players 5958/6227 matched
2026-08-24 00:01:25,993 INFO ncaa_identity: contest_id=844208 teams 2282/2282 matched, players 6161/6439 matched
2026-08-24 00:01:33,300 INFO ncaa_identity: contest_id=844256 teams 1581/3226 matched, players 4584/9141 matched
2026-08-24 00:01:36,192 INFO ncaa_identity: contest_id=844276 teams 2438/2438 matched, players 6597/6882 matched
2026-08-24 00:01:39,947 INFO ncaa_identity: contest_id=844297 teams 1506/2969 matched, players 3535/8315 matched
2026-08-24 00:01:41,847 INFO ncaa_identity: contest_id=844307 teams 2437/2437 matched, players 6347/6898 matched
2026-08-24 00:01:43,034 INFO ncaa_identity: contest_id=844317 teams 2244/2244 matched, players 5770/6322 matched
2026-08-24 00:01:45,109 INFO ncaa_identity: contest_id=844362 teams 1460/2906 matched, players 3639/8156 matched
2026-08-24 00:01:46,546 INFO ncaa_identity: contest_id=844378 teams 976/1874 matched, players 427/759 matched
2026-08-24 00:01:48,280 INFO ncaa_identity: contest_id=844388 teams 2689/2689 matched, players 7589/7602 matched
2026-08-24 00:01:51,087 INFO ncaa_identity: contest_id=844427 teams 1369/2617 matched, players 3737/7347 matched
2026-08-24 00:01:57,529 INFO ncaa_identity: contest_id=844509 teams 2659/2659 matched, players 7408/7498 matched
2026-08-24 00:02:00,734 INFO ncaa_identity: contest_id=844537 teams 2494/2494 matched, players 6744/7034 matched
2026-08-24 00:02:03,777 INFO ncaa_identity: contest_id=844627 teams 1378/2768 matched, players 3922/7870 matched
2026-08-24 00:02:08,658 INFO ncaa_identity: contest_id=844691 teams 1599/3070 matched, players 4448/8701 matched
2026-08-24 00:02:11,940 INFO ncaa_identity: contest_id=844765 teams 2764/2764 matched, players 7361/7750 matched
2026-08-24 00:02:13,617 INFO ncaa_identity: contest_id=844801 teams 2652/2652 matched, players 7156/7491 matched
2026-08-24 00:02:14,936 INFO ncaa_identity: contest_id=844814 teams 2342/2342 matched, players 6569/6622 matched
2026-08-24 00:02:21,210 INFO ncaa_identity: contest_id=844923 teams 1851/1851 matched, players 5033/5201 matched
2026-08-24 00:02:26,099 INFO ncaa_identity: contest_id=844984 teams 2284/2284 matched, players 6419/6437 matched
2026-08-24 00:02:29,055 INFO ncaa_identity: contest_id=845036 teams 1344/2654 matched, players 3809/7498 matched
2026-08-24 00:02:38,363 INFO ncaa_identity: contest_id=845180 teams 1462/2877 matched, players 4067/8129 matched
2026-08-24 00:02:41,694 INFO ncaa_identity: contest_id=845262 teams 1474/2807 matched, players 3715/7944 matched
2026-08-24 00:02:47,037 INFO ncaa_identity: contest_id=845454 teams 2597/2597 matched, players 6968/7348 matched
2026-08-24 00:02:51,926 INFO ncaa_identity: contest_id=845569 teams 1300/2530 matched, players 3582/7152 matched
2026-08-24 00:02:53,928 INFO ncaa_identity: contest_id=845603 teams 2773/2773 matched, players 7415/7811 matched
2026-08-24 00:02:55,465 INFO ncaa_identity: contest_id=845623 teams 2938/2938 matched, players 7384/8334 matched
2026-08-24 00:03:04,281 INFO ncaa_identity: contest_id=845832 teams 2391/2391 matched, players 6256/6798 matched
2026-08-24 00:03:05,401 INFO ncaa_identity: contest_id=845849 teams 2209/2209 matched, players 4972/6227 matched
2026-08-24 00:03:08,219 INFO ncaa_identity: contest_id=845880 teams 2308/2308 matched, players 5363/6423 matched
2026-08-24 00:03:09,433 INFO ncaa_identity: contest_id=845902 teams 2278/2278 matched, players 6404/6431 matched
2026-08-24 00:03:11,115 INFO ncaa_identity: contest_id=845929 teams 1113/2241 matched, players 3148/6262 matched
2026-08-24 00:03:12,511 INFO ncaa_identity: contest_id=845945 teams 1222/2421 matched, players 3410/6803 matched
2026-08-24 00:03:14,190 INFO ncaa_identity: contest_id=845968 teams 2330/2330 matched, players 6553/6569 matched
2026-08-24 00:03:15,748 INFO ncaa_identity: contest_id=846002 teams 2604/2604 matched, players 6602/7348 matched
2026-08-24 00:03:17,011 INFO ncaa_identity: contest_id=846036 teams 1918/1918 matched, players 5216/5400 matched
2026-08-24 00:03:19,073 INFO ncaa_identity: contest_id=846107 teams 2218/2218 matched, players 5407/6223 matched
2026-08-24 00:03:27,877 INFO ncaa_identity: contest_id=846262 teams 1173/2267 matched, players 3224/6403 matched
2026-08-24 00:03:30,481 INFO ncaa_identity: contest_id=846293 teams 2034/2034 matched, players 5600/5748 matched
2026-08-24 00:03:33,174 INFO ncaa_identity: contest_id=846314 teams 2437/2437 matched, players 6320/6865 matched
2026-08-24 00:03:34,727 INFO ncaa_identity: contest_id=846338 teams 2205/2205 matched, players 5972/6228 matched
2026-08-24 00:03:36,174 INFO ncaa_identity: contest_id=846371 teams 2168/2168 matched, players 5430/6099 matched
2026-08-24 00:03:39,200 INFO ncaa_identity: contest_id=846404 teams 2155/2155 matched, players 5767/6063 matched
2026-08-24 00:03:42,417 INFO ncaa_identity: contest_id=846452 teams 1271/2639 matched, players 3338/7431 matched
2026-08-24 00:03:43,873 INFO ncaa_identity: contest_id=846504 teams 1278/2492 matched, players 3529/7051 matched
2026-08-24 00:03:48,270 INFO ncaa_identity: contest_id=846578 teams 1156/2283 matched, players 3273/6421 matched
2026-08-24 00:03:49,447 INFO ncaa_identity: contest_id=846607 teams 1115/2165 matched, players 2793/6101 matched
2026-08-24 00:03:52,847 INFO ncaa_identity: contest_id=846648 teams 1201/2324 matched, players 3253/6526 matched
2026-08-24 00:03:56,214 INFO ncaa_identity: contest_id=846708 teams 2520/2520 matched, players 6664/7102 matched
2026-08-24 00:04:00,702 INFO ncaa_identity: contest_id=846798 teams 2445/2445 matched, players 6690/6918 matched
2026-08-24 00:04:03,790 INFO ncaa_identity: contest_id=846856 teams 2485/2485 matched, players 6901/6995 matched
2026-08-24 00:04:07,057 INFO ncaa_identity: contest_id=846906 teams 1729/3467 matched, players 4975/9840 matched
2026-08-24 00:04:10,266 INFO ncaa_identity: contest_id=846958 teams 2563/2563 matched, players 6750/7255 matched
2026-08-24 00:04:11,546 INFO ncaa_identity: contest_id=847003 teams 2497/2497 matched, players 6459/7022 matched
2026-08-24 00:04:17,332 INFO ncaa_identity: contest_id=847112 teams 2231/2231 matched, players 5750/6269 matched
2026-08-24 00:04:20,335 INFO ncaa_identity: contest_id=847162 teams 1362/2769 matched, players 3462/7774 matched
2026-08-24 00:04:21,655 INFO ncaa_identity: contest_id=847205 teams 1151/2213 matched, players 2994/6184 matched
2026-08-24 00:04:26,926 INFO ncaa_identity: contest_id=847290 teams 2541/2541 matched, players 6705/7110 matched
2026-08-24 00:04:29,708 INFO ncaa_identity: contest_id=847349 teams 2092/2092 matched, players 5527/5904 matched
2026-08-24 00:04:33,779 INFO ncaa_identity: contest_id=847522 teams 2061/2061 matched, players 5427/5794 matched
2026-08-24 00:04:45,190 INFO ncaa_identity: contest_id=847786 teams 2650/2650 matched, players 6867/7439 matched
2026-08-24 00:04:48,167 INFO ncaa_identity: contest_id=847843 teams 2134/2134 matched, players 5910/6006 matched
2026-08-24 00:04:50,087 INFO ncaa_identity: contest_id=847874 teams 2899/2899 matched, players 7981/8224 matched
2026-08-24 00:04:52,515 INFO ncaa_identity: contest_id=847923 teams 2506/2506 matched, players 6771/7047 matched
2026-08-24 00:04:54,580 INFO ncaa_identity: contest_id=847956 teams 2631/2631 matched, players 6949/7430 matched
2026-08-24 00:04:55,617 INFO ncaa_identity: contest_id=847982 teams 1124/2300 matched, players 3251/6505 matched
2026-08-24 00:04:58,485 INFO ncaa_identity: contest_id=848065 teams 2081/2081 matched, players 5486/5861 matched
2026-08-24 00:05:02,897 INFO ncaa_identity: contest_id=848151 teams 2455/2455 matched, players 6723/6951 matched
2026-08-24 00:05:12,031 INFO ncaa_identity: contest_id=848338 teams 1083/2165 matched, players 2961/6057 matched
2026-08-24 00:05:16,837 INFO ncaa_identity: contest_id=848474 teams 2148/2148 matched, players 5260/6011 matched
2026-08-24 00:05:19,329 INFO ncaa_identity: contest_id=848518 teams 2448/2448 matched, players 6511/6904 matched
2026-08-24 00:05:20,836 INFO ncaa_identity: contest_id=848546 teams 1204/2372 matched, players 3308/6682 matched
2026-08-24 00:05:25,350 INFO ncaa_identity: contest_id=848651 teams 2473/2473 matched, players 6587/6974 matched
2026-08-24 00:05:28,629 INFO ncaa_identity: contest_id=848703 teams 2730/2730 matched, players 7640/7724 matched
2026-08-24 00:05:32,611 INFO ncaa_identity: contest_id=848788 teams 1334/2560 matched, players 3631/7242 matched
2026-08-24 00:05:36,088 INFO ncaa_identity: contest_id=848820 teams 2341/2341 matched, players 6358/6589 matched
2026-08-24 00:05:37,416 INFO ncaa_identity: contest_id=848848 teams 2571/2571 matched, players 7093/7235 matched
2026-08-24 00:05:41,892 WARNING ncaa_parse: family=lineups contest_id=848954 team=Minnesota produced NO good stints (2 bad, roster=10) -- parsed successfully but contributed nothing
2026-08-24 00:05:42,820 INFO ncaa_identity: contest_id=848954 teams 1517/1517 matched, players 359/413 matched
2026-08-24 00:05:45,457 INFO ncaa_identity: contest_id=849003 teams 2099/2099 matched, players 5582/5888 matched
2026-08-24 00:05:47,377 INFO ncaa_identity: contest_id=849017 teams 1382/2840 matched, players 3633/7988 matched
2026-08-24 00:05:53,333 INFO ncaa_identity: contest_id=849165 teams 2339/2339 matched, players 5772/6572 matched
2026-08-24 00:05:57,516 INFO ncaa_identity: contest_id=849239 teams 1138/2240 matched, players 3132/6302 matched
2026-08-24 00:05:58,966 INFO ncaa_identity: contest_id=849266 teams 2042/2042 matched, players 5335/5737 matched
2026-08-24 00:06:00,490 INFO ncaa_identity: contest_id=849284 teams 2348/2348 matched, players 6396/6618 matched
2026-08-24 00:06:01,793 INFO ncaa_identity: contest_id=849297 teams 2405/2405 matched, players 6255/6792 matched
2026-08-24 00:06:04,703 INFO ncaa_identity: contest_id=849351 teams 2109/2109 matched, players 5919/5948 matched
2026-08-24 00:06:05,756 INFO ncaa_identity: contest_id=849393 teams 2037/2037 matched, players 5240/5728 matched
2026-08-24 00:06:07,146 INFO ncaa_identity: contest_id=849419 teams 2530/2530 matched, players 6865/7146 matched
2026-08-24 00:06:11,382 INFO ncaa_identity: contest_id=849494 teams 1233/2457 matched, players 3410/6954 matched
2026-08-24 00:06:13,057 INFO ncaa_identity: contest_id=849507 teams 1079/2185 matched, players 3027/6171 matched
2026-08-24 00:06:17,320 INFO ncaa_identity: contest_id=849545 teams 2001/2001 matched, players 5158/5622 matched
2026-08-24 00:06:20,577 INFO ncaa_identity: contest_id=849567 teams 2211/2211 matched, players 5730/6240 matched
2026-08-24 00:06:23,857 INFO ncaa_identity: contest_id=849593 teams 1313/2580 matched, players 3442/7269 matched
2026-08-24 00:06:27,841 INFO ncaa_identity: contest_id=849625 teams 2891/2891 matched, players 8114/8156 matched
2026-08-24 00:06:28,994 INFO ncaa_identity: contest_id=849635 teams 2264/2264 matched, players 5513/6348 matched
2026-08-24 00:06:30,608 INFO ncaa_identity: contest_id=849648 teams 2084/2084 matched, players 5593/5821 matched
2026-08-24 00:06:32,234 INFO ncaa_identity: contest_id=849658 teams 2582/2582 matched, players 6869/7283 matched
2026-08-24 00:06:36,675 INFO ncaa_identity: contest_id=849693 teams 1497/1497 matched, players 340/415 matched
2026-08-24 00:06:38,291 INFO ncaa_identity: contest_id=849703 teams 2664/2664 matched, players 6912/7485 matched
2026-08-24 00:06:39,903 INFO ncaa_identity: contest_id=849713 teams 2621/2621 matched, players 7351/7374 matched
2026-08-24 00:06:45,088 INFO ncaa_identity: contest_id=849744 teams 1336/2625 matched, players 3713/7366 matched
2026-08-24 00:06:47,750 INFO ncaa_identity: contest_id=849772 teams 2286/2286 matched, players 6057/6473 matched
2026-08-24 00:06:50,805 INFO ncaa_identity: contest_id=849798 teams 2202/2202 matched, players 5933/6207 matched
2026-08-24 00:06:52,491 INFO ncaa_identity: contest_id=849822 teams 2563/2563 matched, players 6768/7246 matched
2026-08-24 00:06:53,872 INFO ncaa_identity: contest_id=849835 teams 2000/2000 matched, players 5477/5633 matched
2026-08-24 00:06:59,327 INFO ncaa_identity: contest_id=849920 teams 1916/1916 matched, players 4487/5339 matched
2026-08-24 00:07:01,117 INFO ncaa_identity: contest_id=849950 teams 1279/2531 matched, players 3605/7129 matched
2026-08-24 00:07:08,636 INFO ncaa_identity: contest_id=850054 teams 2828/2828 matched, players 7770/7970 matched
2026-08-24 00:07:09,964 INFO ncaa_identity: contest_id=850128 teams 1107/2186 matched, players 3069/6073 matched
2026-08-24 00:07:11,760 INFO ncaa_identity: contest_id=850189 teams 2321/2321 matched, players 6328/6536 matched
2026-08-24 00:07:13,021 INFO ncaa_identity: contest_id=850204 teams 2496/2496 matched, players 6610/7026 matched
2026-08-24 00:07:15,996 INFO ncaa_identity: contest_id=850234 teams 2043/2043 matched, players 5493/5750 matched
2026-08-24 00:07:17,299 INFO ncaa_identity: contest_id=850250 teams 1213/2342 matched, players 3309/6627 matched
2026-08-24 00:07:20,451 INFO ncaa_identity: contest_id=850292 teams 2643/2643 matched, players 7039/7455 matched
2026-08-24 00:07:24,865 INFO ncaa_identity: contest_id=850346 teams 2196/2196 matched, players 6161/6203 matched
2026-08-24 00:07:29,330 INFO ncaa_identity: contest_id=850434 teams 2182/2182 matched, players 5797/6116 matched
2026-08-24 00:07:30,508 INFO ncaa_identity: contest_id=850476 teams 1188/2355 matched, players 3060/6647 matched
2026-08-24 00:07:35,317 INFO ncaa_identity: contest_id=850571 teams 2548/2548 matched, players 6690/7190 matched
2026-08-24 00:07:37,895 INFO ncaa_identity: contest_id=850658 teams 1247/2494 matched, players 3412/7065 matched
2026-08-24 00:07:40,541 INFO ncaa_identity: contest_id=850720 teams 2527/2527 matched, players 6634/7049 matched
2026-08-24 00:07:45,197 INFO ncaa_identity: contest_id=850829 teams 1411/2794 matched, players 3965/7965 matched
2026-08-24 00:07:46,696 INFO ncaa_identity: contest_id=850856 teams 2347/2347 matched, players 6325/6635 matched
2026-08-24 00:07:48,152 INFO ncaa_identity: contest_id=850883 teams 1297/2521 matched, players 3613/7117 matched
2026-08-24 00:07:52,729 INFO ncaa_identity: contest_id=850991 teams 1302/2536 matched, players 3634/7168 matched
2026-08-24 00:07:58,905 INFO ncaa_identity: contest_id=851112 teams 2371/2371 matched, players 6265/6635 matched
2026-08-24 00:08:05,294 INFO ncaa_identity: contest_id=851211 teams 1947/1947 matched, players 5363/5448 matched
2026-08-24 00:08:08,364 INFO ncaa_identity: contest_id=851307 teams 1051/2112 matched, players 3026/5938 matched
2026-08-24 00:08:12,805 INFO ncaa_identity: contest_id=851393 teams 1698/1698 matched, players 410/439 matched
2026-08-24 00:08:14,187 INFO ncaa_identity: contest_id=851422 teams 1161/2323 matched, players 3192/6525 matched
2026-08-24 00:08:15,682 INFO ncaa_identity: contest_id=851466 teams 2280/2280 matched, players 5948/6457 matched
2026-08-24 00:08:18,606 INFO ncaa_identity: contest_id=851510 teams 1890/1890 matched, players 701/713 matched
2026-08-24 00:08:19,549 INFO ncaa_identity: contest_id=851554 teams 2193/2193 matched, players 6007/6204 matched
2026-08-24 00:08:21,094 INFO ncaa_identity: contest_id=851569 teams 2835/2835 matched, players 7546/8002 matched
2026-08-24 00:08:26,184 INFO ncaa_identity: contest_id=851697 teams 2405/2405 matched, players 6429/6775 matched
2026-08-24 00:08:27,791 INFO ncaa_identity: contest_id=851740 teams 1309/2609 matched, players 3656/7336 matched
2026-08-24 00:08:28,974 INFO ncaa_identity: contest_id=851781 teams 2494/2494 matched, players 6521/7046 matched
2026-08-24 00:08:31,857 INFO ncaa_identity: contest_id=851845 teams 2065/2065 matched, players 5834/5841 matched
2026-08-24 00:08:34,661 INFO ncaa_identity: contest_id=851903 teams 2631/2631 matched, players 6831/7477 matched
2026-08-24 00:08:38,637 INFO ncaa_identity: contest_id=852000 teams 2144/2144 matched, players 6002/6046 matched
2026-08-24 00:08:40,197 INFO ncaa_identity: contest_id=852044 teams 1205/2360 matched, players 3028/6654 matched
2026-08-24 00:08:43,313 INFO ncaa_identity: contest_id=852066 teams 2086/2086 matched, players 5333/5837 matched
2026-08-24 00:08:48,504 INFO ncaa_identity: contest_id=852224 teams 2244/2244 matched, players 6056/6309 matched
2026-08-24 00:08:52,411 INFO ncaa_identity: contest_id=852296 teams 2354/2354 matched, players 6327/6639 matched
2026-08-24 00:08:55,293 INFO ncaa_identity: contest_id=852363 teams 2271/2271 matched, players 5995/6408 matched
2026-08-24 00:08:58,358 INFO ncaa_identity: contest_id=852434 teams 2101/2101 matched, players 5574/5876 matched
2026-08-24 00:09:06,156 INFO ncaa_identity: contest_id=852622 teams 2499/2499 matched, players 6933/7046 matched
2026-08-24 00:09:10,701 INFO ncaa_identity: contest_id=852681 teams 2432/2432 matched, players 6302/6767 matched
2026-08-24 00:09:15,046 INFO ncaa_identity: contest_id=852789 teams 2279/2279 matched, players 5955/6419 matched
2026-08-24 00:09:16,945 INFO ncaa_identity: contest_id=852827 teams 2342/2342 matched, players 6599/6613 matched
2026-08-24 00:09:21,511 INFO ncaa_identity: contest_id=852927 teams 2497/2497 matched, players 6554/7061 matched
2026-08-24 00:09:23,538 INFO ncaa_identity: contest_id=852955 teams 2405/2405 matched, players 6717/6790 matched
2026-08-24 00:09:27,723 INFO ncaa_identity: contest_id=853055 teams 2066/2066 matched, players 5525/5811 matched
2026-08-24 00:09:32,205 INFO ncaa_identity: contest_id=853119 teams 1128/2276 matched, players 3174/6382 matched
2026-08-24 00:09:33,392 INFO ncaa_identity: contest_id=853144 teams 2301/2301 matched, players 6325/6467 matched
2026-08-24 00:09:36,733 INFO ncaa_identity: contest_id=853270 teams 2201/2201 matched, players 5923/6207 matched
2026-08-24 00:09:37,910 INFO ncaa_identity: contest_id=853315 teams 2254/2254 matched, players 5611/6347 matched
2026-08-24 00:09:39,176 INFO ncaa_identity: contest_id=853355 teams 1963/1963 matched, players 5086/5513 matched
2026-08-24 00:09:41,972 INFO ncaa_identity: contest_id=853395 teams 1975/1975 matched, players 5243/5548 matched
2026-08-24 00:09:45,030 INFO ncaa_identity: contest_id=853489 teams 1997/1997 matched, players 5402/5591 matched
2026-08-24 00:09:47,140 INFO ncaa_identity: contest_id=853531 teams 2140/2140 matched, players 5957/6039 matched
2026-08-24 00:09:48,518 INFO ncaa_identity: contest_id=853557 teams 2711/2711 matched, players 7516/7683 matched
2026-08-24 00:09:58,052 INFO ncaa_identity: contest_id=853746 teams 2377/2377 matched, players 5804/6654 matched
2026-08-24 00:10:05,144 INFO ncaa_identity: contest_id=853908 teams 2140/2140 matched, players 5970/6006 matched
2026-08-24 00:10:05,720 WARNING ncaa_parse: family=lineups contest_id=853932 team=Minnesota produced NO good stints (2 bad, roster=8) -- parsed successfully but contributed nothing
2026-08-24 00:10:06,502 INFO ncaa_identity: contest_id=853932 teams 1468/1468 matched, players 360/402 matched
2026-08-24 00:10:08,874 INFO ncaa_identity: contest_id=853999 teams 2380/2380 matched, players 6238/6689 matched
2026-08-24 00:10:16,417 INFO ncaa_identity: contest_id=854150 teams 1962/1962 matched, players 4475/5503 matched
2026-08-24 00:10:18,449 INFO ncaa_identity: contest_id=854168 teams 2003/2003 matched, players 5640/5647 matched
2026-08-24 00:10:21,074 INFO ncaa_identity: contest_id=854245 teams 2670/2670 matched, players 7027/7534 matched
2026-08-24 00:10:27,971 INFO ncaa_identity: contest_id=854446 teams 2273/2273 matched, players 5998/6419 matched
2026-08-24 00:10:37,074 INFO ncaa_identity: contest_id=854609 teams 1989/1989 matched, players 4943/5543 matched
2026-08-24 00:10:39,812 INFO ncaa_identity: contest_id=854642 teams 2448/2448 matched, players 6622/6916 matched
2026-08-24 00:10:46,261 INFO ncaa_identity: contest_id=854782 teams 3362/3362 matched, players 8617/9527 matched
2026-08-24 00:10:49,210 INFO ncaa_identity: contest_id=854855 teams 2225/2225 matched, players 5525/6254 matched
2026-08-24 00:10:53,609 INFO ncaa_identity: contest_id=854927 teams 2399/2399 matched, players 5772/6737 matched
2026-08-24 00:11:00,750 INFO ncaa_identity: contest_id=855099 teams 963/1971 matched, players 2760/5580 matched
2026-08-24 00:11:01,719 INFO ncaa_identity: contest_id=855111 teams 2110/2110 matched, players 5418/5919 matched
2026-08-24 00:11:02,813 INFO ncaa_identity: contest_id=855140 teams 2022/2022 matched, players 5209/5670 matched
2026-08-24 00:11:08,990 INFO ncaa_identity: contest_id=855293 teams 2173/2173 matched, players 5724/6078 matched
2026-08-24 00:11:10,248 INFO ncaa_identity: contest_id=855338 teams 2113/2113 matched, players 5459/5922 matched
2026-08-24 00:11:14,194 INFO ncaa_identity: contest_id=855427 teams 2277/2277 matched, players 5939/6437 matched
2026-08-24 00:11:24,843 INFO ncaa_identity: contest_id=855606 teams 2191/2191 matched, players 5544/6140 matched
2026-08-24 00:11:26,083 INFO ncaa_identity: contest_id=855616 teams 1988/1988 matched, players 4766/5565 matched
2026-08-24 00:11:27,919 INFO ncaa_identity: contest_id=855701 teams 2352/2352 matched, players 6179/6629 matched
2026-08-24 00:11:29,260 INFO ncaa_identity: contest_id=855731 teams 2496/2496 matched, players 6801/7043 matched
2026-08-24 00:11:33,631 INFO ncaa_identity: contest_id=855824 teams 2295/2295 matched, players 5964/6500 matched
2026-08-24 00:11:35,450 INFO ncaa_identity: contest_id=855849 teams 2462/2462 matched, players 6688/6876 matched
2026-08-24 00:11:43,304 INFO ncaa_identity: contest_id=856074 teams 1982/1982 matched, players 5321/5589 matched
2026-08-24 00:11:46,286 INFO ncaa_identity: contest_id=856118 teams 2365/2365 matched, players 6342/6713 matched
2026-08-24 00:11:49,423 INFO ncaa_identity: contest_id=856187 teams 1691/1691 matched, players 4164/4753 matched
2026-08-24 00:11:49,541 INFO 5 starters not found for period 3; using estimate
2026-08-24 00:11:59,330 INFO ncaa_identity: contest_id=856401 teams 2284/2284 matched, players 5700/6402 matched
2026-08-24 00:12:00,884 INFO ncaa_identity: contest_id=856428 teams 1044/1967 matched, players 2864/5555 matched
2026-08-24 00:12:06,077 INFO ncaa_identity: contest_id=856563 teams 2040/2040 matched, players 5464/5739 matched
2026-08-24 00:12:08,872 INFO ncaa_identity: contest_id=856609 teams 1082/1082 matched, players 303/305 matched
2026-08-24 00:12:10,838 INFO ncaa_identity: contest_id=856633 teams 1784/1784 matched, players 5018/5039 matched
2026-08-24 00:12:15,551 INFO ncaa_identity: contest_id=856775 teams 2077/2077 matched, players 5343/5767 matched
2026-08-24 00:12:18,277 INFO ncaa_identity: contest_id=856830 teams 2034/2034 matched, players 4998/5696 matched
2026-08-24 00:12:19,748 INFO ncaa_identity: contest_id=856847 teams 2713/2713 matched, players 7242/7640 matched
2026-08-24 00:12:23,388 INFO ncaa_identity: contest_id=856887 teams 2521/2521 matched, players 6683/7056 matched
2026-08-24 00:12:26,848 INFO ncaa_identity: contest_id=856977 teams 2554/2554 matched, players 6806/7231 matched
2026-08-24 00:12:28,063 INFO ncaa_identity: contest_id=857011 teams 2188/2188 matched, players 5616/6160 matched
2026-08-24 00:12:29,841 INFO ncaa_identity: contest_id=857027 teams 3221/3221 matched, players 8857/9163 matched
2026-08-24 00:12:29,990 INFO 5 starters not found for period 4; using estimate
2026-08-24 00:12:32,811 INFO ncaa_identity: contest_id=857093 teams 1856/1856 matched, players 5191/5233 matched
2026-08-24 00:12:41,149 INFO ncaa_identity: contest_id=857294 teams 2155/2155 matched, players 5611/6076 matched
2026-08-24 00:12:43,380 INFO ncaa_identity: contest_id=857367 teams 1896/1896 matched, players 4331/5316 matched
2026-08-24 00:12:51,679 INFO ncaa_identity: contest_id=857576 teams 2015/2015 matched, players 5446/5659 matched
2026-08-24 00:12:55,333 INFO ncaa_identity: contest_id=857624 teams 1083/2218 matched, players 3084/6266 matched
2026-08-24 00:13:06,365 INFO ncaa_identity: contest_id=857695 teams 2390/2390 matched, players 6284/6767 matched
2026-08-24 00:13:09,598 INFO ncaa_identity: contest_id=857742 teams 2353/2353 matched, players 6526/6650 matched
2026-08-24 00:13:21,395 INFO ncaa_identity: contest_id=857819 teams 2074/2074 matched, players 5552/5860 matched
2026-08-24 00:13:24,696 INFO ncaa_identity: contest_id=857835 teams 2192/2192 matched, players 5842/6179 matched
2026-08-24 00:13:27,677 INFO ncaa_identity: contest_id=857862 teams 2491/2491 matched, players 6877/7040 matched
2026-08-24 00:13:36,998 INFO ncaa_identity: contest_id=857945 teams 2282/2282 matched, players 5972/6451 matched
2026-08-24 00:13:44,886 INFO ncaa_identity: contest_id=858103 teams 2520/2520 matched, players 6737/7066 matched
2026-08-24 00:13:53,100 INFO ncaa_identity: contest_id=858259 teams 1177/2332 matched, players 3392/6581 matched
2026-08-24 00:13:54,686 INFO ncaa_identity: contest_id=858285 teams 2473/2473 matched, players 6522/6980 matched
2026-08-24 00:13:55,915 INFO ncaa_identity: contest_id=858299 teams 2159/2159 matched, players 5790/6095 matched
2026-08-24 00:13:59,911 INFO ncaa_identity: contest_id=858360 teams 2636/2636 matched, players 6956/7469 matched
2026-08-24 00:14:01,598 INFO ncaa_identity: contest_id=858375 teams 2204/2204 matched, players 5611/6189 matched
2026-08-24 00:14:04,199 INFO ncaa_identity: contest_id=858472 teams 2433/2433 matched, players 6812/6872 matched
2026-08-24 00:14:05,637 INFO ncaa_identity: contest_id=858494 teams 2122/2122 matched, players 5668/5978 matched
2026-08-24 00:14:14,099 INFO ncaa_identity: contest_id=858618 teams 1967/1967 matched, players 5228/5551 matched
2026-08-24 00:14:19,455 INFO ncaa_identity: contest_id=858710 teams 2397/2397 matched, players 6596/6731 matched
2026-08-24 00:14:21,271 INFO ncaa_identity: contest_id=858721 teams 3322/3322 matched, players 8828/9370 matched
2026-08-24 00:14:23,650 INFO ncaa_identity: contest_id=858774 teams 2293/2293 matched, players 6124/6471 matched
2026-08-24 00:14:24,964 INFO ncaa_identity: contest_id=858789 teams 2510/2510 matched, players 6824/7067 matched
2026-08-24 00:14:26,349 INFO ncaa_identity: contest_id=858814 teams 2112/2112 matched, players 5767/5898 matched
2026-08-24 00:14:27,497 INFO ncaa_identity: contest_id=858829 teams 2316/2316 matched, players 6312/6506 matched
2026-08-24 00:14:36,036 INFO ncaa_identity: contest_id=858945 teams 2392/2392 matched, players 6663/6731 matched
2026-08-24 00:14:37,368 INFO ncaa_identity: contest_id=858956 teams 2734/2734 matched, players 7558/7709 matched
2026-08-24 00:14:42,019 INFO ncaa_identity: contest_id=859012 teams 1404/2743 matched, players 3908/7729 matched
2026-08-24 00:14:44,489 INFO ncaa_identity: contest_id=859061 teams 2262/2262 matched, players 5800/6379 matched
2026-08-24 00:14:47,518 INFO ncaa_identity: contest_id=859110 teams 2275/2275 matched, players 5944/6400 matched
2026-08-24 00:14:55,085 INFO ncaa_identity: contest_id=859188 teams 2296/2296 matched, players 5966/6438 matched
2026-08-24 00:14:58,221 INFO ncaa_identity: contest_id=859216 teams 2702/2702 matched, players 7394/7631 matched
2026-08-24 00:15:01,072 INFO ncaa_identity: contest_id=859250 teams 2436/2436 matched, players 6376/6869 matched
2026-08-24 00:15:04,582 INFO ncaa_identity: contest_id=859309 teams 2373/2373 matched, players 6397/6737 matched
2026-08-24 00:15:06,855 INFO ncaa_identity: contest_id=859337 teams 1030/2116 matched, players 2958/5951 matched
2026-08-24 00:15:08,654 INFO ncaa_identity: contest_id=859351 teams 1268/2505 matched, players 3528/7084 matched
2026-08-24 00:15:11,416 INFO ncaa_identity: contest_id=859375 teams 1901/1901 matched, players 5141/5332 matched
2026-08-24 00:15:12,604 INFO ncaa_identity: contest_id=859386 teams 2265/2265 matched, players 5853/6405 matched
2026-08-24 00:15:15,295 INFO ncaa_identity: contest_id=859407 teams 2129/2129 matched, players 5851/6011 matched
2026-08-24 00:15:19,843 INFO ncaa_identity: contest_id=859439 teams 2809/2809 matched, players 6948/7896 matched
2026-08-24 00:15:20,957 INFO ncaa_identity: contest_id=859449 teams 2337/2337 matched, players 6172/6610 matched
2026-08-24 00:15:28,046 INFO ncaa_identity: contest_id=859516 teams 2581/2581 matched, players 7187/7282 matched
2026-08-24 00:15:30,775 INFO ncaa_identity: contest_id=859566 teams 3226/3226 matched, players 9090/9157 matched
2026-08-24 00:15:32,952 INFO ncaa_identity: contest_id=859613 teams 2234/2234 matched, players 6022/6320 matched
2026-08-24 00:15:36,002 INFO ncaa_identity: contest_id=859637 teams 2251/2251 matched, players 5810/6357 matched
2026-08-24 00:15:37,092 INFO ncaa_identity: contest_id=859649 teams 2128/2128 matched, players 5831/5979 matched
2026-08-24 00:15:42,771 INFO ncaa_identity: contest_id=859698 teams 2016/2016 matched, players 5443/5696 matched
2026-08-24 00:15:49,887 INFO ncaa_identity: contest_id=859755 teams 2074/2074 matched, players 5712/5851 matched
2026-08-24 00:15:51,544 INFO ncaa_identity: contest_id=820702 teams 2558/2558 matched, players 6429/7156 matched
2026-08-24 00:15:53,041 INFO ncaa_identity: contest_id=820714 teams 2239/2239 matched, players 6266/6354 matched
2026-08-24 00:15:59,016 INFO ncaa_identity: contest_id=820758 teams 2566/2566 matched, players 7006/7223 matched
2026-08-24 00:16:01,112 INFO ncaa_identity: contest_id=820769 teams 2618/2618 matched, players 7230/7395 matched
2026-08-24 00:16:03,934 INFO ncaa_identity: contest_id=820792 teams 2329/2329 matched, players 6311/6550 matched
2026-08-24 00:16:06,316 INFO ncaa_identity: contest_id=820823 teams 1205/2418 matched, players 3430/6857 matched
2026-08-24 00:16:07,879 INFO ncaa_identity: contest_id=820839 teams 1147/2273 matched, players 2832/6389 matched
2026-08-24 00:16:09,219 INFO ncaa_identity: contest_id=820860 teams 2009/2009 matched, players 725/784 matched
2026-08-24 00:16:12,496 INFO ncaa_identity: contest_id=820922 teams 2439/2439 matched, players 5976/6820 matched
2026-08-24 00:16:19,490 INFO ncaa_identity: contest_id=821026 teams 1270/2489 matched, players 3470/7008 matched
2026-08-24 00:16:21,355 INFO ncaa_identity: contest_id=821065 teams 2318/2318 matched, players 6150/6529 matched
2026-08-24 00:16:26,310 INFO ncaa_identity: contest_id=821099 teams 1528/2927 matched, players 4177/8291 matched
2026-08-24 00:16:27,495 INFO ncaa_identity: contest_id=821123 teams 2065/2065 matched, players 5780/5827 matched
2026-08-24 00:16:30,360 INFO ncaa_identity: contest_id=821146 teams 2097/2097 matched, players 5614/5943 matched
2026-08-24 00:16:31,682 INFO ncaa_identity: contest_id=821156 teams 2621/2621 matched, players 6892/7375 matched
2026-08-24 00:16:33,021 INFO 5 starters not found for period 3; using estimate
2026-08-24 00:16:34,416 INFO ncaa_identity: contest_id=821177 teams 2283/2283 matched, players 5487/6441 matched
2026-08-24 00:16:36,978 INFO ncaa_identity: contest_id=821210 teams 1002/2076 matched, players 2927/5832 matched
2026-08-24 00:16:38,751 INFO ncaa_identity: contest_id=821232 teams 1330/2685 matched, players 3543/7586 matched
2026-08-24 00:16:44,988 INFO ncaa_identity: contest_id=821360 teams 1351/2650 matched, players 3781/7449 matched
2026-08-24 00:16:47,495 INFO ncaa_identity: contest_id=821491 teams 2179/2179 matched, players 5990/6156 matched
2026-08-24 00:16:49,116 INFO ncaa_identity: contest_id=821506 teams 2590/2590 matched, players 7050/7281 matched
2026-08-24 00:16:50,389 INFO ncaa_identity: contest_id=821522 teams 2351/2351 matched, players 6455/6611 matched
2026-08-24 00:16:51,773 INFO ncaa_identity: contest_id=821535 teams 2390/2390 matched, players 6256/6772 matched
2026-08-24 00:16:53,176 INFO ncaa_identity: contest_id=821575 teams 2661/2661 matched, players 6983/7533 matched
2026-08-24 00:16:54,537 INFO ncaa_identity: contest_id=821595 teams 2402/2402 matched, players 6484/6773 matched
2026-08-24 00:16:55,909 INFO ncaa_identity: contest_id=821608 teams 2228/2228 matched, players 5858/6297 matched
2026-08-24 00:16:59,073 INFO ncaa_identity: contest_id=821636 teams 1511/2961 matched, players 4218/8333 matched
2026-08-24 00:17:02,039 INFO ncaa_identity: contest_id=821680 teams 2449/2449 matched, players 6850/6929 matched
2026-08-24 00:17:03,314 INFO ncaa_identity: contest_id=821706 teams 1793/1793 matched, players 653/673 matched
2026-08-24 00:17:04,640 INFO ncaa_identity: contest_id=821758 teams 1286/2597 matched, players 3622/7332 matched
2026-08-24 00:17:06,474 INFO ncaa_identity: contest_id=821835 teams 2179/2179 matched, players 633/683 matched
2026-08-24 00:17:10,488 INFO ncaa_identity: contest_id=821968 teams 2586/2586 matched, players 6869/7308 matched
2026-08-24 00:17:11,698 INFO ncaa_identity: contest_id=821991 teams 2678/2678 matched, players 7228/7508 matched
2026-08-24 00:17:12,794 INFO ncaa_identity: contest_id=822011 teams 1188/2282 matched, players 3190/6386 matched
2026-08-24 00:17:15,555 INFO ncaa_identity: contest_id=822052 teams 1195/2332 matched, players 3194/6556 matched
2026-08-24 00:17:17,664 INFO ncaa_identity: contest_id=822116 teams 1495/2945 matched, players 3369/8310 matched
2026-08-24 00:17:19,065 INFO ncaa_identity: contest_id=822297 teams 2373/2373 matched, players 6076/6656 matched
2026-08-24 00:17:25,000 INFO ncaa_identity: contest_id=822375 teams 1167/2325 matched, players 3271/6546 matched
2026-08-24 00:17:26,222 INFO ncaa_identity: contest_id=822398 teams 2711/2711 matched, players 7136/7607 matched
2026-08-24 00:17:27,509 INFO ncaa_identity: contest_id=822410 teams 2423/2423 matched, players 6682/6817 matched
2026-08-24 00:17:29,896 INFO ncaa_identity: contest_id=822442 teams 1161/2279 matched, players 3219/6406 matched
2026-08-24 00:17:33,588 INFO ncaa_identity: contest_id=822506 teams 2391/2391 matched, players 6704/6792 matched
2026-08-24 00:17:36,052 INFO ncaa_identity: contest_id=822560 teams 2244/2244 matched, players 6242/6324 matched
2026-08-24 00:17:37,518 INFO ncaa_identity: contest_id=822587 teams 2541/2541 matched, players 6838/7139 matched
2026-08-24 00:17:41,481 INFO ncaa_identity: contest_id=822740 teams 1249/2445 matched, players 3007/6903 matched
2026-08-24 00:17:42,741 INFO ncaa_identity: contest_id=822786 teams 2366/2366 matched, players 5876/6694 matched
2026-08-24 00:17:44,084 INFO ncaa_identity: contest_id=822797 teams 2434/2434 matched, players 6048/6784 matched
2026-08-24 00:17:45,076 INFO ncaa_identity: contest_id=822813 teams 1112/2160 matched, players 2741/6091 matched
2026-08-24 00:17:46,727 INFO ncaa_identity: contest_id=822823 teams 2882/2882 matched, players 7742/8168 matched
2026-08-24 00:17:48,015 INFO ncaa_identity: contest_id=822836 teams 1116/2181 matched, players 3109/6135 matched
2026-08-24 00:17:57,153 INFO ncaa_identity: contest_id=822964 teams 2390/2390 matched, players 6542/6745 matched
2026-08-24 00:17:58,360 INFO ncaa_identity: contest_id=822988 teams 1922/1922 matched, players 487/563 matched
2026-08-24 00:18:03,251 INFO ncaa_identity: contest_id=823067 teams 2296/2296 matched, players 5952/6454 matched
2026-08-24 00:18:05,557 INFO ncaa_identity: contest_id=823108 teams 2397/2397 matched, players 6551/6735 matched
2026-08-24 00:18:07,765 INFO ncaa_identity: contest_id=823142 teams 2293/2293 matched, players 6343/6424 matched
2026-08-24 00:18:09,392 INFO ncaa_identity: contest_id=823222 teams 1399/2763 matched, players 3941/7809 matched
2026-08-24 00:18:13,094 INFO ncaa_identity: contest_id=823326 teams 1731/1731 matched, players 4750/4833 matched
2026-08-24 00:18:14,141 INFO ncaa_identity: contest_id=823342 teams 1974/1974 matched, players 5335/5532 matched
2026-08-24 00:18:15,241 INFO ncaa_identity: contest_id=823367 teams 2065/2065 matched, players 5749/5769 matched
2026-08-24 00:18:19,780 INFO ncaa_identity: contest_id=823454 teams 2507/2507 matched, players 6717/7076 matched
2026-08-24 00:18:21,428 WARNING ncaa_parse: family=lineups contest_id=823515 team=Seattle U SKIPPED (1 parse error(s)): Unexpected score format [odd number of values]: [['77']]
2026-08-24 00:18:21,515 WARNING ncaa_parse: family=lineups contest_id=823515 team=Evergreen St. SKIPPED (1 parse error(s)): Unexpected score format [odd number of values]: [['77']]
2026-08-24 00:18:21,869 WARNING ncaa_parse: family=shots contest_id=823515 team=Seattle U SKIPPED (1 parse error(s)): Unexpected score format [odd number of values]: [['77']]
2026-08-24 00:18:21,927 INFO ncaa_identity: contest_id=823515 teams 1239/2433 matched, players 3421/6785 matched
2026-08-24 00:18:23,521 INFO ncaa_identity: contest_id=823534 teams 2643/2643 matched, players 7083/7465 matched
2026-08-24 00:18:24,479 INFO ncaa_identity: contest_id=823551 teams 1778/1778 matched, players 4648/4976 matched
2026-08-24 00:18:25,885 INFO ncaa_identity: contest_id=823579 teams 2615/2615 matched, players 6977/7422 matched
2026-08-24 00:18:27,536 INFO ncaa_identity: contest_id=823646 teams 2551/2551 matched, players 7139/7187 matched
2026-08-24 00:18:31,336 INFO ncaa_identity: contest_id=823714 teams 2456/2456 matched, players 6888/6944 matched
2026-08-24 00:18:32,741 INFO ncaa_identity: contest_id=823739 teams 2364/2364 matched, players 6398/6667 matched
2026-08-24 00:18:34,170 INFO ncaa_identity: contest_id=823795 teams 907/1791 matched, players 344/651 matched
2026-08-24 00:18:36,450 INFO ncaa_identity: contest_id=823857 teams 2500/2500 matched, players 6451/7049 matched
2026-08-24 00:18:43,332 INFO ncaa_identity: contest_id=824005 teams 1083/2107 matched, players 2970/5923 matched
2026-08-24 00:18:44,680 INFO ncaa_identity: contest_id=824075 teams 2365/2365 matched, players 6396/6664 matched
2026-08-24 00:18:45,677 INFO ncaa_identity: contest_id=824099 teams 2123/2123 matched, players 5833/5971 matched
2026-08-24 00:18:53,416 INFO ncaa_identity: contest_id=824260 teams 2363/2363 matched, players 6004/6626 matched
2026-08-24 00:19:02,769 INFO ncaa_identity: contest_id=824541 teams 1125/2274 matched, players 3210/6348 matched
2026-08-24 00:19:04,030 INFO ncaa_identity: contest_id=824569 teams 3045/3045 matched, players 8615/8646 matched
2026-08-24 00:19:05,389 INFO ncaa_identity: contest_id=824594 teams 1029/2100 matched, players 2940/5899 matched
2026-08-24 00:19:08,259 INFO ncaa_identity: contest_id=824638 teams 2820/2820 matched, players 7666/7977 matched
2026-08-24 00:19:10,787 INFO ncaa_identity: contest_id=824730 teams 2381/2381 matched, players 6298/6758 matched
2026-08-24 00:19:14,507 INFO ncaa_identity: contest_id=824801 teams 2253/2253 matched, players 5986/6345 matched
2026-08-24 00:19:18,401 INFO ncaa_identity: contest_id=824863 teams 1082/2124 matched, players 3080/5982 matched
2026-08-24 00:19:27,081 INFO ncaa_identity: contest_id=825130 teams 2628/2628 matched, players 6798/7402 matched
2026-08-24 00:19:29,955 INFO ncaa_identity: contest_id=825170 teams 1205/2427 matched, players 3475/6833 matched
2026-08-24 00:19:36,670 INFO ncaa_identity: contest_id=825345 teams 1287/2554 matched, players 3596/7192 matched
2026-08-24 00:19:37,985 INFO ncaa_identity: contest_id=825424 teams 1081/2122 matched, players 2999/5972 matched
2026-08-24 00:19:40,553 INFO ncaa_identity: contest_id=825451 teams 2697/2697 matched, players 7384/7617 matched
2026-08-24 00:19:43,458 INFO ncaa_identity: contest_id=825496 teams 1108/2264 matched, players 3158/6324 matched
2026-08-24 00:19:44,414 INFO ncaa_identity: contest_id=825528 teams 2144/2144 matched, players 5839/6021 matched
2026-08-24 00:19:45,990 INFO ncaa_identity: contest_id=825561 teams 1223/2414 matched, players 3383/6796 matched
2026-08-24 00:19:50,323 INFO ncaa_identity: contest_id=825628 teams 1163/2216 matched, players 3133/6249 matched
2026-08-24 00:19:51,418 INFO ncaa_identity: contest_id=825649 teams 1881/1881 matched, players 4886/5227 matched
2026-08-24 00:19:53,151 INFO ncaa_identity: contest_id=825665 teams 2455/2455 matched, players 6672/6921 matched
2026-08-24 00:19:54,710 INFO ncaa_identity: contest_id=825698 teams 0/2650 matched, players 0/7475 matched
2026-08-24 00:19:57,561 INFO ncaa_identity: contest_id=825772 teams 2463/2463 matched, players 6449/7001 matched
2026-08-24 00:20:03,758 INFO ncaa_identity: contest_id=825862 teams 1980/1980 matched, players 5373/5592 matched
2026-08-24 00:20:06,398 INFO ncaa_identity: contest_id=825947 teams 1242/2442 matched, players 3358/6841 matched
2026-08-24 00:20:07,658 INFO ncaa_identity: contest_id=826000 teams 2353/2353 matched, players 6464/6632 matched
2026-08-24 00:20:09,240 INFO ncaa_identity: contest_id=826021 teams 2170/2170 matched, players 5949/6086 matched
2026-08-24 00:20:12,083 INFO ncaa_identity: contest_id=826091 teams 2603/2603 matched, players 7136/7352 matched
2026-08-24 00:20:14,808 INFO ncaa_identity: contest_id=826126 teams 3044/3044 matched, players 8540/8631 matched
2026-08-24 00:20:17,550 INFO ncaa_identity: contest_id=826157 teams 2345/2345 matched, players 5820/6624 matched
2026-08-24 00:20:20,512 INFO ncaa_identity: contest_id=826201 teams 1169/2362 matched, players 3341/6657 matched
2026-08-24 00:20:22,071 INFO ncaa_identity: contest_id=826237 teams 2072/2072 matched, players 5437/5831 matched
2026-08-24 00:20:26,407 INFO ncaa_identity: contest_id=826272 teams 2299/2299 matched, players 6183/6505 matched
2026-08-24 00:20:27,810 INFO ncaa_identity: contest_id=826302 teams 2576/2576 matched, players 6553/7237 matched
2026-08-24 00:20:29,858 INFO ncaa_identity: contest_id=826316 teams 3199/3199 matched, players 8651/9064 matched
2026-08-24 00:20:32,966 INFO ncaa_identity: contest_id=826338 teams 1221/2352 matched, players 3366/6627 matched
2026-08-24 00:20:34,257 INFO ncaa_identity: contest_id=826351 teams 1278/2498 matched, players 3508/7009 matched
2026-08-24 00:20:38,089 INFO ncaa_identity: contest_id=826392 teams 2357/2357 matched, players 6397/6695 matched
2026-08-24 00:20:39,606 INFO ncaa_identity: contest_id=826403 teams 2680/2680 matched, players 7081/7570 matched
2026-08-24 00:20:41,992 INFO ncaa_identity: contest_id=826425 teams 2052/2052 matched, players 5457/5765 matched
2026-08-24 00:20:43,367 INFO ncaa_identity: contest_id=826437 teams 2065/2065 matched, players 5597/5818 matched
2026-08-24 00:20:51,675 INFO ncaa_identity: contest_id=826506 teams 2191/2191 matched, players 5402/6163 matched
2026-08-24 00:20:55,598 INFO ncaa_identity: contest_id=826538 teams 1161/2290 matched, players 3218/6436 matched
2026-08-24 00:20:57,095 INFO ncaa_identity: contest_id=826548 teams 3152/3152 matched, players 8167/8910 matched
2026-08-24 00:20:59,810 INFO ncaa_identity: contest_id=826569 teams 2645/2645 matched, players 6706/7469 matched
2026-08-24 00:21:09,728 INFO ncaa_identity: contest_id=826700 teams 1059/2149 matched, players 2080/6061 matched
2026-08-24 00:21:12,529 INFO ncaa_identity: contest_id=826814 teams 2301/2301 matched, players 5959/6482 matched
2026-08-24 00:21:13,646 INFO ncaa_identity: contest_id=826831 teams 2233/2233 matched, players 5824/6307 matched
2026-08-24 00:21:15,103 INFO ncaa_identity: contest_id=826849 teams 2759/2759 matched, players 7257/7765 matched
2026-08-24 00:21:19,525 INFO ncaa_identity: contest_id=827011 teams 2378/2378 matched, players 6162/6680 matched
2026-08-24 00:21:32,277 INFO ncaa_identity: contest_id=827178 teams 1100/2216 matched, players 3108/6199 matched
2026-08-24 00:21:37,399 INFO ncaa_identity: contest_id=827265 teams 2016/2016 matched, players 5627/5703 matched
2026-08-24 00:21:42,678 INFO ncaa_identity: contest_id=827418 teams 2179/2179 matched, players 5707/6139 matched
2026-08-24 00:21:46,934 INFO ncaa_identity: contest_id=827479 teams 1992/1992 matched, players 5494/5504 matched
2026-08-24 00:21:48,330 INFO ncaa_identity: contest_id=827535 teams 1119/2130 matched, players 2989/5968 matched
2026-08-24 00:21:56,209 INFO ncaa_identity: contest_id=827662 teams 1778/1778 matched, players 705/707 matched
2026-08-24 00:21:57,469 INFO ncaa_identity: contest_id=827734 teams 2270/2270 matched, players 6019/6408 matched
2026-08-24 00:22:01,220 INFO ncaa_identity: contest_id=827851 teams 2391/2391 matched, players 5642/6800 matched
2026-08-24 00:22:03,746 INFO ncaa_identity: contest_id=827903 teams 1584/1584 matched, players 461/498 matched
2026-08-24 00:22:04,858 INFO ncaa_identity: contest_id=827928 teams 2212/2212 matched, players 6170/6233 matched
2026-08-24 00:22:06,197 INFO ncaa_identity: contest_id=827950 teams 2199/2199 matched, players 5763/6217 matched
2026-08-24 00:22:09,856 INFO ncaa_identity: contest_id=828005 teams 1836/1836 matched, players 4841/5165 matched
2026-08-24 00:22:13,870 INFO ncaa_identity: contest_id=828068 teams 2160/2160 matched, players 5937/6041 matched
2026-08-24 00:22:20,697 INFO ncaa_identity: contest_id=828304 teams 2974/2974 matched, players 8021/8413 matched
2026-08-24 00:22:32,767 INFO ncaa_identity: contest_id=828668 teams 2384/2384 matched, players 6203/6724 matched
2026-08-24 00:22:38,042 INFO ncaa_identity: contest_id=828745 teams 2189/2189 matched, players 935/937 matched
2026-08-24 00:22:45,322 INFO ncaa_identity: contest_id=828945 teams 956/1915 matched, players 2726/5407 matched
2026-08-24 00:22:54,509 INFO ncaa_identity: contest_id=829090 teams 2321/2321 matched, players 6132/6567 matched
2026-08-24 00:22:56,228 INFO ncaa_identity: contest_id=829114 teams 2148/2148 matched, players 6038/6040 matched
2026-08-24 00:23:08,812 INFO ncaa_identity: contest_id=829445 teams 1298/2630 matched, players 3678/7428 matched
2026-08-24 00:23:10,167 INFO ncaa_identity: contest_id=829483 teams 2602/2602 matched, players 6930/7312 matched
2026-08-24 00:23:12,636 INFO ncaa_identity: contest_id=829578 teams 2598/2598 matched, players 6835/7284 matched
2026-08-24 00:23:13,917 INFO ncaa_identity: contest_id=829606 teams 2164/2164 matched, players 5030/6126 matched
2026-08-24 00:23:15,063 INFO ncaa_identity: contest_id=829631 teams 2237/2237 matched, players 6237/6263 matched
2026-08-24 00:23:16,940 INFO ncaa_identity: contest_id=829658 teams 2733/2733 matched, players 7557/7733 matched
2026-08-24 00:23:19,494 INFO ncaa_identity: contest_id=829756 teams 2134/2134 matched, players 5516/6012 matched
2026-08-24 00:23:28,170 INFO ncaa_identity: contest_id=829974 teams 1993/1993 matched, players 605/760 matched
2026-08-24 00:23:31,892 INFO ncaa_identity: contest_id=830049 teams 2525/2525 matched, players 6772/7151 matched
2026-08-24 00:23:34,705 INFO ncaa_identity: contest_id=830103 teams 2484/2484 matched, players 6841/7006 matched
2026-08-24 00:23:35,956 INFO ncaa_identity: contest_id=830132 teams 2206/2206 matched, players 5903/6215 matched
2026-08-24 00:23:38,863 INFO ncaa_identity: contest_id=830164 teams 2030/2030 matched, players 5143/5736 matched
2026-08-24 00:23:41,739 INFO ncaa_identity: contest_id=830220 teams 2265/2265 matched, players 5916/6382 matched
2026-08-24 00:23:43,297 INFO ncaa_identity: contest_id=830234 teams 2327/2327 matched, players 6249/6552 matched
2026-08-24 00:23:44,815 INFO ncaa_identity: contest_id=830245 teams 2454/2454 matched, players 6597/6910 matched
2026-08-24 00:23:47,679 INFO ncaa_identity: contest_id=830345 teams 2096/2096 matched, players 5764/5915 matched
2026-08-24 00:23:53,381 INFO ncaa_identity: contest_id=830493 teams 2711/2711 matched, players 6921/7653 matched
2026-08-24 00:23:55,115 INFO ncaa_identity: contest_id=830528 teams 2492/2492 matched, players 6438/7029 matched
2026-08-24 00:23:59,334 INFO ncaa_identity: contest_id=830656 teams 2515/2515 matched, players 6896/7134 matched
2026-08-24 00:24:06,527 INFO ncaa_identity: contest_id=830840 teams 2354/2354 matched, players 6469/6655 matched
2026-08-24 00:24:17,231 INFO ncaa_identity: contest_id=831081 teams 2148/2148 matched, players 5788/6066 matched
2026-08-24 00:24:20,253 INFO ncaa_identity: contest_id=831122 teams 2229/2229 matched, players 5901/6253 matched
2026-08-24 00:24:24,615 INFO ncaa_identity: contest_id=831210 teams 2540/2540 matched, players 6658/7218 matched
2026-08-24 00:24:27,104 INFO ncaa_identity: contest_id=831266 teams 2037/2037 matched, players 4894/5708 matched
2026-08-24 00:24:30,131 INFO ncaa_identity: contest_id=831304 teams 1976/1976 matched, players 5093/5594 matched
2026-08-24 00:24:35,670 INFO ncaa_identity: contest_id=831515 teams 2204/2204 matched, players 6053/6161 matched
2026-08-24 00:24:37,341 INFO ncaa_identity: contest_id=831530 teams 2568/2568 matched, players 7166/7255 matched
2026-08-24 00:24:40,487 INFO ncaa_identity: contest_id=831578 teams 1987/1987 matched, players 5275/5565 matched
2026-08-24 00:24:43,937 INFO ncaa_identity: contest_id=831690 teams 2084/2084 matched, players 5834/5842 matched
2026-08-24 00:24:46,542 INFO ncaa_identity: contest_id=831734 teams 2018/2018 matched, players 5282/5691 matched
2026-08-24 00:24:49,447 INFO ncaa_identity: contest_id=831794 teams 1933/1933 matched, players 5188/5422 matched
2026-08-24 00:24:52,145 INFO ncaa_identity: contest_id=831902 teams 2363/2363 matched, players 6256/6636 matched
2026-08-24 00:24:55,080 INFO ncaa_identity: contest_id=831933 teams 2286/2286 matched, players 6149/6422 matched
2026-08-24 00:24:58,103 INFO ncaa_identity: contest_id=831964 teams 2469/2469 matched, players 6697/6945 matched
2026-08-24 00:25:04,311 INFO ncaa_identity: contest_id=832135 teams 2507/2507 matched, players 6788/7073 matched
2026-08-24 00:25:07,306 INFO ncaa_identity: contest_id=832175 teams 2417/2417 matched, players 6615/6787 matched
2026-08-24 00:25:08,419 INFO ncaa_identity: contest_id=832205 teams 1963/1963 matched, players 5100/5520 matched
2026-08-24 00:25:11,686 INFO ncaa_identity: contest_id=832259 teams 1993/1993 matched, players 5496/5613 matched
2026-08-24 00:25:13,026 INFO ncaa_identity: contest_id=832277 teams 2124/2124 matched, players 5825/5990 matched
2026-08-24 00:25:17,917 INFO ncaa_identity: contest_id=832347 teams 1943/1943 matched, players 5394/5482 matched
2026-08-24 00:25:23,624 INFO ncaa_identity: contest_id=832458 teams 1958/1958 matched, players 5506/5517 matched
2026-08-24 00:25:27,403 INFO ncaa_identity: contest_id=832600 teams 1338/2579 matched, players 3629/7239 matched
2026-08-24 00:25:31,597 INFO ncaa_identity: contest_id=832667 teams 2218/2218 matched, players 6175/6252 matched
2026-08-24 00:25:33,507 INFO ncaa_identity: contest_id=832722 teams 1128/2124 matched, players 3048/5969 matched
2026-08-24 00:25:37,214 INFO ncaa_identity: contest_id=832826 teams 1125/2227 matched, players 2756/6230 matched
2026-08-24 00:25:44,578 INFO ncaa_identity: contest_id=832993 teams 2353/2353 matched, players 6574/6636 matched
2026-08-24 00:25:48,961 INFO ncaa_identity: contest_id=833031 teams 2392/2392 matched, players 6563/6741 matched
2026-08-24 00:25:51,641 INFO ncaa_identity: contest_id=833162 teams 2128/2128 matched, players 4866/5989 matched
2026-08-24 00:25:53,183 INFO ncaa_identity: contest_id=833182 teams 2005/2005 matched, players 5118/5646 matched
2026-08-24 00:25:58,272 INFO ncaa_identity: contest_id=833243 teams 1122/2190 matched, players 2772/6155 matched
2026-08-24 00:26:02,909 INFO ncaa_identity: contest_id=833313 teams 2358/2358 matched, players 6542/6636 matched
2026-08-24 00:26:16,490 INFO ncaa_identity: contest_id=833647 teams 2750/2750 matched, players 7511/7771 matched
2026-08-24 00:26:18,015 INFO ncaa_identity: contest_id=833673 teams 2132/2132 matched, players 5754/6042 matched
2026-08-24 00:26:19,165 INFO ncaa_identity: contest_id=833699 teams 917/1831 matched, players 2533/5135 matched
2026-08-24 00:26:22,141 INFO ncaa_identity: contest_id=833756 teams 2315/2315 matched, players 6172/6529 matched
2026-08-24 00:26:25,293 INFO ncaa_identity: contest_id=833842 teams 2687/2687 matched, players 7539/7589 matched
2026-08-24 00:26:34,065 INFO ncaa_identity: contest_id=833955 teams 2446/2446 matched, players 5916/6881 matched
2026-08-24 00:26:38,269 INFO ncaa_identity: contest_id=834066 teams 2469/2469 matched, players 6622/6985 matched
2026-08-24 00:26:46,426 INFO ncaa_identity: contest_id=834265 teams 2745/2745 matched, players 7502/7726 matched
2026-08-24 00:26:50,743 INFO ncaa_identity: contest_id=834344 teams 2077/2077 matched, players 5719/5827 matched
2026-08-24 00:26:52,093 INFO ncaa_identity: contest_id=834368 teams 2333/2333 matched, players 6543/6579 matched
2026-08-24 00:26:53,652 INFO ncaa_identity: contest_id=834400 teams 2524/2524 matched, players 6492/7082 matched
2026-08-24 00:27:03,889 INFO ncaa_identity: contest_id=834599 teams 2003/2003 matched, players 5367/5615 matched
2026-08-24 00:27:05,070 INFO ncaa_identity: contest_id=834609 teams 2134/2134 matched, players 5703/5990 matched
2026-08-24 00:27:06,575 INFO ncaa_identity: contest_id=834682 teams 2566/2566 matched, players 7183/7221 matched
2026-08-24 00:27:17,117 INFO ncaa_identity: contest_id=834908 teams 2177/2177 matched, players 6040/6147 matched
2026-08-24 00:27:19,760 INFO ncaa_identity: contest_id=834982 teams 2350/2350 matched, players 6497/6631 matched
2026-08-24 00:27:31,204 INFO ncaa_identity: contest_id=835179 teams 2262/2262 matched, players 5708/6298 matched
2026-08-24 00:27:32,727 INFO ncaa_identity: contest_id=835195 teams 2474/2474 matched, players 6547/6991 matched
2026-08-24 00:27:36,027 INFO ncaa_identity: contest_id=835230 teams 3047/3047 matched, players 8233/8645 matched
2026-08-24 00:27:37,313 INFO ncaa_identity: contest_id=835240 teams 2088/2088 matched, players 5707/5882 matched
2026-08-24 00:27:39,114 INFO ncaa_identity: contest_id=835255 teams 2425/2425 matched, players 6432/6807 matched
2026-08-24 00:27:40,433 INFO ncaa_identity: contest_id=835269 teams 2702/2702 matched, players 7105/7676 matched
2026-08-24 00:27:44,420 INFO ncaa_identity: contest_id=835306 teams 2254/2254 matched, players 5585/6359 matched
2026-08-24 00:27:50,707 INFO ncaa_identity: contest_id=835412 teams 2035/2035 matched, players 5040/5705 matched
2026-08-24 00:28:02,930 INFO ncaa_identity: contest_id=835615 teams 1917/1917 matched, players 5382/5401 matched
2026-08-24 00:28:13,002 INFO ncaa_identity: contest_id=835752 teams 2596/2596 matched, players 6755/7271 matched
2026-08-24 00:28:23,220 INFO ncaa_identity: contest_id=835892 teams 2451/2451 matched, players 5704/6871 matched
2026-08-24 00:28:29,730 INFO ncaa_identity: contest_id=835998 teams 926/1864 matched, players 2625/5241 matched
2026-08-24 00:28:39,910 INFO ncaa_identity: contest_id=836087 teams 2823/2823 matched, players 7516/8006 matched
2026-08-24 00:28:46,208 INFO ncaa_identity: contest_id=836133 teams 3585/3585 matched, players 8602/10156 matched
2026-08-24 00:28:47,843 INFO ncaa_identity: contest_id=836143 teams 1933/1933 matched, players 5212/5401 matched
2026-08-24 00:29:01,421 INFO ncaa_identity: contest_id=836306 teams 2489/2489 matched, players 6642/7081 matched
2026-08-24 00:29:04,377 INFO ncaa_identity: contest_id=836328 teams 2163/2163 matched, players 5542/6062 matched
2026-08-24 00:29:19,235 INFO ncaa_identity: contest_id=836437 teams 2653/2653 matched, players 7089/7500 matched
2026-08-24 00:29:20,372 INFO ncaa_identity: contest_id=836453 teams 2230/2230 matched, players 5920/6270 matched
2026-08-24 00:29:23,840 INFO ncaa_identity: contest_id=736164 teams 1254/2430 matched, players 3468/6851 matched
2026-08-24 00:29:25,157 INFO ncaa_identity: contest_id=736174 teams 2452/2452 matched, players 6514/6902 matched
2026-08-24 00:29:26,703 INFO ncaa_identity: contest_id=736186 teams 1055/2079 matched, players 2972/5879 matched
2026-08-24 00:29:29,956 INFO ncaa_identity: contest_id=736208 teams 1041/2094 matched, players 2919/5794 matched
2026-08-24 00:29:31,426 INFO ncaa_identity: contest_id=736219 teams 2549/2549 matched, players 7095/7168 matched
2026-08-24 00:29:32,803 INFO ncaa_identity: contest_id=736230 teams 2767/2767 matched, players 7583/7791 matched
2026-08-24 00:29:34,508 INFO ncaa_identity: contest_id=736240 teams 1892/1892 matched, players 5129/5341 matched
2026-08-24 00:29:37,509 INFO ncaa_identity: contest_id=736265 teams 1123/2249 matched, players 3407/6337 matched
2026-08-24 00:29:38,890 INFO ncaa_identity: contest_id=736286 teams 1081/2141 matched, players 3055/6037 matched
2026-08-24 00:29:40,597 INFO ncaa_identity: contest_id=736311 teams 1384/2851 matched, players 3992/8049 matched
2026-08-24 00:29:42,419 INFO ncaa_identity: contest_id=736354 teams 3021/3021 matched, players 8249/8544 matched
2026-08-24 00:29:45,527 INFO ncaa_identity: contest_id=736385 teams 1242/2434 matched, players 3213/6856 matched
2026-08-24 00:29:48,153 INFO ncaa_identity: contest_id=736440 teams 1084/2105 matched, players 2910/5919 matched
2026-08-24 00:29:54,173 INFO ncaa_identity: contest_id=736528 teams 1262/2534 matched, players 3608/7132 matched
2026-08-24 00:29:55,885 INFO ncaa_identity: contest_id=736555 teams 2424/2424 matched, players 6702/6805 matched
2026-08-24 00:29:58,742 INFO ncaa_identity: contest_id=736578 teams 2407/2407 matched, players 6320/6748 matched
2026-08-24 00:30:00,449 INFO ncaa_identity: contest_id=736588 teams 2432/2432 matched, players 5992/6869 matched
2026-08-24 00:30:03,592 INFO ncaa_identity: contest_id=736615 teams 1435/2700 matched, players 3896/7617 matched
2026-08-24 00:30:04,797 INFO ncaa_identity: contest_id=736637 teams 1427/2766 matched, players 3972/7838 matched
2026-08-24 00:30:08,277 INFO ncaa_identity: contest_id=736658 teams 2456/2456 matched, players 6141/6938 matched
2026-08-24 00:30:11,410 INFO ncaa_identity: contest_id=736684 teams 2544/2544 matched, players 7056/7189 matched
2026-08-24 00:30:12,733 INFO ncaa_identity: contest_id=736701 teams 1150/2306 matched, players 3223/6473 matched
2026-08-24 00:30:15,928 INFO ncaa_identity: contest_id=736743 teams 2494/2494 matched, players 5929/7073 matched
2026-08-24 00:30:17,904 INFO ncaa_identity: contest_id=736759 teams 2457/2457 matched, players 6732/6915 matched
2026-08-24 00:30:19,658 INFO ncaa_identity: contest_id=736780 teams 1298/2624 matched, players 3682/7420 matched
2026-08-24 00:30:20,980 INFO ncaa_identity: contest_id=736812 teams 1076/2133 matched, players 2997/5975 matched
2026-08-24 00:30:22,971 INFO ncaa_identity: contest_id=736842 teams 2636/2636 matched, players 7011/7453 matched
2026-08-24 00:30:24,655 INFO ncaa_identity: contest_id=736859 teams 2213/2213 matched, players 5716/6148 matched
2026-08-24 00:30:27,942 INFO ncaa_identity: contest_id=736915 teams 1125/2237 matched, players 2698/6314 matched
2026-08-24 00:30:29,640 INFO ncaa_identity: contest_id=736938 teams 2412/2412 matched, players 6770/6777 matched
2026-08-24 00:30:31,690 INFO ncaa_identity: contest_id=736951 teams 2864/2864 matched, players 7800/8105 matched
2026-08-24 00:30:34,664 INFO ncaa_identity: contest_id=736995 teams 1544/3029 matched, players 3974/8575 matched
2026-08-24 00:30:36,302 INFO ncaa_identity: contest_id=737013 teams 2508/2508 matched, players 6529/7069 matched
2026-08-24 00:30:43,502 INFO ncaa_identity: contest_id=737262 teams 2113/2113 matched, players 5840/5925 matched
2026-08-24 00:30:46,698 INFO ncaa_identity: contest_id=737297 teams 2500/2500 matched, players 6984/7008 matched
2026-08-24 00:30:48,353 INFO ncaa_identity: contest_id=737372 teams 1271/2602 matched, players 3664/7402 matched
2026-08-24 00:30:51,210 INFO ncaa_identity: contest_id=737559 teams 2363/2363 matched, players 6382/6657 matched
2026-08-24 00:30:54,371 INFO ncaa_identity: contest_id=737586 teams 2016/2016 matched, players 699/767 matched
2026-08-24 00:31:01,101 INFO ncaa_identity: contest_id=737652 teams 2509/2509 matched, players 957/981 matched
2026-08-24 00:31:05,919 INFO ncaa_identity: contest_id=737716 teams 2517/2517 matched, players 7058/7091 matched
2026-08-24 00:31:07,704 INFO ncaa_identity: contest_id=737728 teams 2656/2656 matched, players 7135/7513 matched
2026-08-24 00:31:09,027 INFO ncaa_identity: contest_id=737739 teams 2114/2114 matched, players 5506/5936 matched
2026-08-24 00:31:14,619 INFO ncaa_identity: contest_id=737866 teams 1902/1902 matched, players 4831/5295 matched
2026-08-24 00:31:16,451 INFO ncaa_identity: contest_id=737983 teams 1227/2395 matched, players 2855/6755 matched
2026-08-24 00:31:17,969 INFO ncaa_identity: contest_id=738026 teams 2393/2393 matched, players 6537/6732 matched
2026-08-24 00:31:25,487 INFO ncaa_identity: contest_id=738085 teams 1221/2391 matched, players 3405/6754 matched
2026-08-24 00:31:27,013 INFO ncaa_identity: contest_id=738106 teams 1140/2214 matched, players 3157/6217 matched
2026-08-24 00:31:31,877 INFO ncaa_identity: contest_id=738144 teams 2675/2675 matched, players 6852/7528 matched
2026-08-24 00:31:33,294 INFO ncaa_identity: contest_id=738158 teams 2568/2568 matched, players 6906/7274 matched
2026-08-24 00:31:36,260 INFO ncaa_identity: contest_id=738220 teams 2128/2128 matched, players 4592/6007 matched
2026-08-24 00:31:41,629 INFO ncaa_identity: contest_id=738312 teams 2536/2536 matched, players 6555/7194 matched
2026-08-24 00:31:44,154 INFO ncaa_identity: contest_id=738350 teams 2294/2294 matched, players 6341/6431 matched
2026-08-24 00:31:45,883 INFO ncaa_identity: contest_id=738369 teams 2494/2494 matched, players 6805/7050 matched
2026-08-24 00:31:49,726 INFO ncaa_identity: contest_id=738449 teams 1364/2623 matched, players 3404/7360 matched
2026-08-24 00:31:51,417 INFO ncaa_identity: contest_id=738527 teams 2235/2235 matched, players 5181/6308 matched
2026-08-24 00:31:54,892 INFO ncaa_identity: contest_id=738575 teams 2052/2052 matched, players 5675/5747 matched
2026-08-24 00:31:56,392 INFO ncaa_identity: contest_id=738593 teams 2258/2258 matched, players 5840/6326 matched
2026-08-24 00:31:58,414 INFO ncaa_identity: contest_id=738622 teams 2371/2371 matched, players 6579/6665 matched
2026-08-24 00:31:59,925 INFO ncaa_identity: contest_id=738661 teams 2391/2391 matched, players 4874/6771 matched
2026-08-24 00:32:01,629 INFO ncaa_identity: contest_id=738691 teams 2405/2405 matched, players 6398/6786 matched
2026-08-24 00:32:04,567 INFO ncaa_identity: contest_id=738750 teams 2190/2190 matched, players 795/802 matched
2026-08-24 00:32:06,019 INFO ncaa_identity: contest_id=738778 teams 2218/2218 matched, players 5832/6173 matched
2026-08-24 00:32:07,991 INFO ncaa_identity: contest_id=738816 teams 1269/2503 matched, players 3202/7024 matched
2026-08-24 00:32:13,224 INFO ncaa_identity: contest_id=738920 teams 1737/1737 matched, players 631/664 matched
2026-08-24 00:32:21,773 INFO ncaa_identity: contest_id=739087 teams 2473/2473 matched, players 5874/6946 matched
2026-08-24 00:32:25,731 INFO ncaa_identity: contest_id=739185 teams 1142/2211 matched, players 2852/6277 matched
2026-08-24 00:32:27,340 INFO ncaa_identity: contest_id=739223 teams 2549/2549 matched, players 6723/7210 matched
2026-08-24 00:32:30,833 INFO ncaa_identity: contest_id=739305 teams 2411/2411 matched, players 6460/6818 matched
2026-08-24 00:32:32,317 INFO ncaa_identity: contest_id=739328 teams 2342/2342 matched, players 6121/6584 matched
2026-08-24 00:32:34,058 INFO ncaa_identity: contest_id=739362 teams 2375/2375 matched, players 6130/6670 matched
2026-08-24 00:32:39,608 INFO ncaa_identity: contest_id=739463 teams 844/1724 matched, players 2389/4839 matched
2026-08-24 00:32:40,848 INFO ncaa_identity: contest_id=739485 teams 2394/2394 matched, players 6074/6752 matched
2026-08-24 00:32:42,032 INFO ncaa_identity: contest_id=739500 teams 2088/2088 matched, players 4915/5884 matched
2026-08-24 00:32:47,028 INFO ncaa_identity: contest_id=739712 teams 2719/2719 matched, players 7043/7708 matched
2026-08-24 00:32:48,562 INFO ncaa_identity: contest_id=739755 teams 2629/2629 matched, players 7025/7419 matched
2026-08-24 00:32:53,198 INFO ncaa_identity: contest_id=739844 teams 2501/2501 matched, players 6576/7063 matched
2026-08-24 00:32:54,815 INFO ncaa_identity: contest_id=739860 teams 2171/2171 matched, players 6004/6100 matched
2026-08-24 00:32:56,164 INFO ncaa_identity: contest_id=739884 teams 2328/2328 matched, players 6507/6556 matched
2026-08-24 00:32:57,728 INFO ncaa_identity: contest_id=739923 teams 1267/2446 matched, players 3492/6870 matched
2026-08-24 00:32:59,186 INFO ncaa_identity: contest_id=739966 teams 2695/2695 matched, players 7131/7592 matched
2026-08-24 00:33:05,127 INFO ncaa_identity: contest_id=740063 teams 1211/2348 matched, players 3346/6631 matched
2026-08-24 00:33:06,718 INFO ncaa_identity: contest_id=740105 teams 1168/2234 matched, players 3192/6321 matched
2026-08-24 00:33:10,497 INFO ncaa_identity: contest_id=740195 teams 1210/2468 matched, players 3455/6951 matched
2026-08-24 00:33:15,117 INFO ncaa_identity: contest_id=740333 teams 2143/2143 matched, players 5820/5993 matched
2026-08-24 00:33:17,332 INFO ncaa_identity: contest_id=740366 teams 1230/2466 matched, players 3455/6891 matched
2026-08-24 00:33:18,763 INFO ncaa_identity: contest_id=740387 teams 1119/2218 matched, players 3145/6255 matched
2026-08-24 00:33:20,320 INFO ncaa_identity: contest_id=740411 teams 2306/2306 matched, players 6259/6504 matched
2026-08-24 00:33:22,053 INFO ncaa_identity: contest_id=740433 teams 2686/2686 matched, players 7543/7624 matched
2026-08-24 00:33:23,298 INFO ncaa_identity: contest_id=740455 teams 1820/1820 matched, players 4810/5123 matched
2026-08-24 00:33:24,632 INFO ncaa_identity: contest_id=740470 teams 2125/2125 matched, players 5914/5995 matched
2026-08-24 00:33:28,159 INFO ncaa_identity: contest_id=740560 teams 2328/2328 matched, players 5869/6559 matched
2026-08-24 00:33:29,965 INFO ncaa_identity: contest_id=740637 teams 1134/2210 matched, players 3172/6253 matched
2026-08-24 00:33:34,567 INFO ncaa_identity: contest_id=740723 teams 2727/2727 matched, players 7630/7656 matched
2026-08-24 00:33:36,215 INFO ncaa_identity: contest_id=740760 teams 2395/2395 matched, players 5520/6742 matched
2026-08-24 00:33:37,937 INFO ncaa_identity: contest_id=740792 teams 1134/2289 matched, players 3207/6397 matched
2026-08-24 00:33:40,512 INFO ncaa_identity: contest_id=740852 teams 978/1984 matched, players 2888/5631 matched
2026-08-24 00:33:43,553 INFO ncaa_identity: contest_id=740907 teams 1045/2030 matched, players 2798/5704 matched
2026-08-24 00:33:49,706 INFO ncaa_identity: contest_id=741015 teams 2168/2168 matched, players 5756/6088 matched
2026-08-24 00:33:54,348 INFO ncaa_identity: contest_id=741087 teams 2038/2038 matched, players 5427/5695 matched
2026-08-24 00:33:55,720 INFO ncaa_identity: contest_id=741174 teams 1385/2692 matched, players 3904/7613 matched
2026-08-24 00:33:57,429 INFO ncaa_identity: contest_id=741205 teams 2406/2406 matched, players 6554/6765 matched
2026-08-24 00:34:00,282 INFO ncaa_identity: contest_id=741235 teams 2325/2325 matched, players 6354/6548 matched
2026-08-24 00:34:01,669 INFO ncaa_identity: contest_id=741271 teams 2550/2550 matched, players 6241/7173 matched
2026-08-24 00:34:03,230 INFO ncaa_identity: contest_id=741288 teams 2173/2173 matched, players 5823/6128 matched
2026-08-24 00:34:04,071 WARNING ncaa_parse: family=lineups contest_id=741312 team=South Carolina St. produced NO good stints (15 bad, roster=6) -- parsed successfully but contributed nothing
2026-08-24 00:34:04,701 INFO ncaa_identity: contest_id=741312 teams 2157/2157 matched, players 4949/6053 matched
2026-08-24 00:34:10,885 INFO ncaa_identity: contest_id=741427 teams 2720/2720 matched, players 7413/7665 matched
2026-08-24 00:34:12,276 INFO ncaa_identity: contest_id=741451 teams 2664/2664 matched, players 6871/7514 matched
2026-08-24 00:34:13,821 INFO ncaa_identity: contest_id=741499 teams 2302/2302 matched, players 5700/6481 matched
2026-08-24 00:34:15,221 INFO ncaa_identity: contest_id=741514 teams 2162/2162 matched, players 5973/6106 matched
2026-08-24 00:34:17,120 INFO ncaa_identity: contest_id=741534 teams 2964/2964 matched, players 8147/8402 matched
2026-08-24 00:34:27,774 INFO ncaa_identity: contest_id=741683 teams 2440/2440 matched, players 6679/6900 matched
2026-08-24 00:34:29,126 INFO ncaa_identity: contest_id=741695 teams 2445/2445 matched, players 6333/6912 matched
2026-08-24 00:34:32,523 INFO ncaa_identity: contest_id=741719 teams 2379/2379 matched, players 6308/6695 matched
2026-08-24 00:34:33,980 INFO ncaa_identity: contest_id=741744 teams 2064/2064 matched, players 5496/5756 matched
2026-08-24 00:34:35,595 INFO ncaa_identity: contest_id=741755 teams 2377/2377 matched, players 5927/6670 matched
2026-08-24 00:34:37,190 INFO ncaa_identity: contest_id=741766 teams 2368/2368 matched, players 6457/6698 matched
2026-08-24 00:34:46,232 INFO ncaa_identity: contest_id=741834 teams 2146/2146 matched, players 5864/6035 matched
2026-08-24 00:34:47,935 INFO ncaa_identity: contest_id=741852 teams 2710/2710 matched, players 7298/7701 matched
2026-08-24 00:34:49,483 INFO ncaa_identity: contest_id=741862 teams 2416/2416 matched, players 6077/6832 matched
2026-08-24 00:34:50,901 INFO ncaa_identity: contest_id=741877 teams 2253/2253 matched, players 6034/6300 matched
2026-08-24 00:34:53,806 INFO ncaa_identity: contest_id=741897 teams 1819/1819 matched, players 4987/5097 matched
2026-08-24 00:34:55,201 INFO ncaa_identity: contest_id=741909 teams 2076/2076 matched, players 5531/5873 matched
2026-08-24 00:35:00,225 INFO ncaa_identity: contest_id=741956 teams 1054/2038 matched, players 2842/5736 matched
2026-08-24 00:35:02,293 INFO ncaa_identity: contest_id=741998 teams 2299/2299 matched, players 5630/6450 matched
2026-08-24 00:35:05,070 INFO ncaa_identity: contest_id=742022 teams 2473/2473 matched, players 6377/6943 matched
2026-08-24 00:35:09,951 INFO ncaa_identity: contest_id=742065 teams 1214/2366 matched, players 3327/6650 matched
2026-08-24 00:35:14,576 INFO ncaa_identity: contest_id=742127 teams 1353/2662 matched, players 3823/7511 matched
2026-08-24 00:35:16,438 INFO ncaa_identity: contest_id=742176 teams 2610/2610 matched, players 7152/7374 matched
2026-08-24 00:35:21,001 INFO ncaa_identity: contest_id=742296 teams 1121/2120 matched, players 3060/5961 matched
2026-08-24 00:35:25,448 INFO ncaa_identity: contest_id=742391 teams 2071/2071 matched, players 5639/5794 matched
2026-08-24 00:35:29,989 INFO ncaa_identity: contest_id=742456 teams 2431/2431 matched, players 6312/6835 matched
2026-08-24 00:35:32,967 INFO ncaa_identity: contest_id=742493 teams 2267/2267 matched, players 6230/6343 matched
2026-08-24 00:35:34,422 INFO ncaa_identity: contest_id=742512 teams 2676/2676 matched, players 7141/7465 matched
2026-08-24 00:35:34,795 INFO 5 starters not found for period 3; using estimate
2026-08-24 00:35:37,300 INFO ncaa_identity: contest_id=742542 teams 2759/2759 matched, players 7324/7825 matched
2026-08-24 00:35:38,848 INFO ncaa_identity: contest_id=742624 teams 2643/2643 matched, players 7427/7517 matched
2026-08-24 00:35:39,992 INFO ncaa_identity: contest_id=742638 teams 2009/2009 matched, players 5585/5666 matched
2026-08-24 00:35:41,900 INFO ncaa_identity: contest_id=742662 teams 2402/2402 matched, players 6521/6789 matched
2026-08-24 00:35:45,857 INFO ncaa_identity: contest_id=742713 teams 2070/2070 matched, players 5316/5852 matched
2026-08-24 00:35:48,674 INFO ncaa_identity: contest_id=742859 teams 2206/2206 matched, players 5524/6217 matched
2026-08-24 00:35:50,343 INFO ncaa_identity: contest_id=742896 teams 2637/2637 matched, players 6778/7464 matched
2026-08-24 00:35:57,400 INFO ncaa_identity: contest_id=742997 teams 2890/2890 matched, players 7891/8171 matched
2026-08-24 00:36:07,843 INFO ncaa_identity: contest_id=743274 teams 1206/2407 matched, players 3365/6783 matched
2026-08-24 00:36:11,258 INFO ncaa_identity: contest_id=743317 teams 2157/2157 matched, players 5595/6110 matched
2026-08-24 00:36:14,323 INFO ncaa_identity: contest_id=743401 teams 2315/2315 matched, players 5985/6552 matched
2026-08-24 00:36:15,524 INFO ncaa_identity: contest_id=743436 teams 1156/2329 matched, players 3278/6544 matched
2026-08-24 00:36:16,778 INFO ncaa_identity: contest_id=743493 teams 1079/2129 matched, players 3030/5971 matched
2026-08-24 00:36:18,463 INFO ncaa_identity: contest_id=743513 teams 2057/2057 matched, players 5447/5797 matched
2026-08-24 00:36:22,948 INFO ncaa_identity: contest_id=743589 teams 2449/2449 matched, players 6887/6935 matched
2026-08-24 00:36:24,098 INFO ncaa_identity: contest_id=743620 teams 2065/2065 matched, players 5287/5815 matched
2026-08-24 00:36:28,769 INFO ncaa_identity: contest_id=743735 teams 2069/2069 matched, players 5727/5854 matched
2026-08-24 00:36:33,145 INFO ncaa_identity: contest_id=743784 teams 3027/3027 matched, players 8535/8578 matched
2026-08-24 00:36:39,870 INFO ncaa_identity: contest_id=743991 teams 2283/2283 matched, players 6087/6442 matched
2026-08-24 00:36:43,115 INFO ncaa_identity: contest_id=744042 teams 2412/2412 matched, players 6559/6835 matched
2026-08-24 00:36:45,068 INFO ncaa_identity: contest_id=744065 teams 2691/2691 matched, players 7303/7622 matched
2026-08-24 00:36:46,730 INFO ncaa_identity: contest_id=744079 teams 2284/2284 matched, players 6344/6444 matched
2026-08-24 00:36:48,849 INFO ncaa_identity: contest_id=744116 teams 2375/2375 matched, players 6084/6679 matched
2026-08-24 00:36:50,404 INFO ncaa_identity: contest_id=744142 teams 2465/2465 matched, players 6192/6979 matched
2026-08-24 00:36:51,945 INFO ncaa_identity: contest_id=744160 teams 2236/2236 matched, players 6125/6348 matched
2026-08-24 00:36:55,916 INFO ncaa_identity: contest_id=744207 teams 2083/2083 matched, players 5384/5824 matched
2026-08-24 00:36:57,448 INFO ncaa_identity: contest_id=744225 teams 2650/2650 matched, players 7295/7477 matched
2026-08-24 00:37:00,829 INFO ncaa_identity: contest_id=744262 teams 2259/2259 matched, players 5910/6355 matched
2026-08-24 00:37:02,553 INFO ncaa_identity: contest_id=744378 teams 2032/2032 matched, players 4069/5666 matched
2026-08-24 00:37:07,240 INFO ncaa_identity: contest_id=744483 teams 2029/2029 matched, players 5677/5688 matched
2026-08-24 00:37:10,043 INFO ncaa_identity: contest_id=744580 teams 2152/2152 matched, players 6024/6082 matched
2026-08-24 00:37:11,352 INFO ncaa_identity: contest_id=744642 teams 2188/2188 matched, players 6017/6144 matched
2026-08-24 00:37:13,022 INFO ncaa_identity: contest_id=744678 teams 2138/2138 matched, players 5638/5971 matched
2026-08-24 00:37:14,300 INFO ncaa_identity: contest_id=744698 teams 2347/2347 matched, players 6334/6617 matched
2026-08-24 00:37:15,573 INFO ncaa_identity: contest_id=744725 teams 2253/2253 matched, players 5699/6321 matched
2026-08-24 00:37:18,663 INFO ncaa_identity: contest_id=744824 teams 2373/2373 matched, players 6307/6633 matched
2026-08-24 00:37:20,150 INFO ncaa_identity: contest_id=744837 teams 2005/2005 matched, players 5185/5630 matched
2026-08-24 00:37:26,508 INFO ncaa_identity: contest_id=744905 teams 2254/2254 matched, players 6213/6327 matched
2026-08-24 00:37:29,637 INFO ncaa_identity: contest_id=745041 teams 2131/2131 matched, players 5409/6004 matched
2026-08-24 00:37:34,328 INFO ncaa_identity: contest_id=745118 teams 2561/2561 matched, players 6492/7199 matched
2026-08-24 00:37:35,639 INFO ncaa_identity: contest_id=745146 teams 1856/1856 matched, players 4821/5220 matched
2026-08-24 00:37:37,088 INFO ncaa_identity: contest_id=745169 teams 2040/2040 matched, players 5368/5748 matched
2026-08-24 00:37:38,427 INFO ncaa_identity: contest_id=745194 teams 2481/2481 matched, players 6424/7000 matched
2026-08-24 00:37:40,271 INFO ncaa_identity: contest_id=745222 teams 2521/2521 matched, players 6854/7108 matched
2026-08-24 00:37:41,825 INFO ncaa_identity: contest_id=745241 teams 2105/2105 matched, players 5500/5926 matched
2026-08-24 00:37:45,200 INFO ncaa_identity: contest_id=745281 teams 2108/2108 matched, players 5101/5962 matched
2026-08-24 00:37:48,409 INFO ncaa_identity: contest_id=745321 teams 2748/2748 matched, players 7216/7778 matched
2026-08-24 00:37:55,379 INFO ncaa_identity: contest_id=745536 teams 2368/2368 matched, players 6294/6678 matched
2026-08-24 00:37:57,468 INFO ncaa_identity: contest_id=745570 teams 3747/3747 matched, players 9926/10673 matched
2026-08-24 00:38:03,415 INFO ncaa_identity: contest_id=745730 teams 2216/2216 matched, players 5742/6254 matched
2026-08-24 00:38:06,384 INFO ncaa_identity: contest_id=745801 teams 2105/2105 matched, players 4878/5938 matched
2026-08-24 00:38:10,693 INFO ncaa_identity: contest_id=745927 teams 2635/2635 matched, players 7017/7402 matched
2026-08-24 00:38:12,263 INFO ncaa_identity: contest_id=745941 teams 2395/2395 matched, players 5837/6767 matched
2026-08-24 00:38:13,370 INFO ncaa_identity: contest_id=745954 teams 1705/1705 matched, players 4329/4773 matched
2026-08-24 00:38:16,043 INFO ncaa_identity: contest_id=745986 teams 2157/2157 matched, players 5919/6045 matched
2026-08-24 00:38:17,626 INFO ncaa_identity: contest_id=745997 teams 1787/1787 matched, players 4368/5018 matched
2026-08-24 00:38:18,933 INFO ncaa_identity: contest_id=746079 teams 2029/2029 matched, players 5599/5726 matched
2026-08-24 00:38:20,378 INFO ncaa_identity: contest_id=746136 teams 2308/2308 matched, players 6075/6474 matched
2026-08-24 00:38:24,795 INFO ncaa_identity: contest_id=746188 teams 2138/2138 matched, players 5708/5997 matched
2026-08-24 00:38:30,485 INFO ncaa_identity: contest_id=746208 teams 2546/2546 matched, players 7049/7132 matched
2026-08-24 00:38:56,477 INFO ncaa_identity: contest_id=746366 teams 2144/2144 matched, players 5649/5995 matched
2026-08-24 00:39:00,883 INFO ncaa_identity: contest_id=746385 teams 2397/2397 matched, players 5389/6721 matched
2026-08-24 00:39:04,923 INFO ncaa_identity: contest_id=746403 teams 2033/2033 matched, players 4866/5731 matched
2026-08-24 00:39:09,014 INFO ncaa_identity: contest_id=746423 teams 2755/2755 matched, players 7511/7745 matched
2026-08-24 00:39:13,719 INFO ncaa_identity: contest_id=746507 teams 2403/2403 matched, players 6262/6794 matched
2026-08-24 00:39:26,607 INFO ncaa_identity: contest_id=746636 teams 2142/2142 matched, players 5279/6083 matched
2026-08-24 00:39:36,990 INFO ncaa_identity: contest_id=746709 teams 2442/2442 matched, players 6338/6915 matched
2026-08-24 00:39:46,557 INFO ncaa_identity: contest_id=746799 teams 2420/2420 matched, players 6514/6818 matched
2026-08-24 00:39:55,557 INFO ncaa_identity: contest_id=746859 teams 1933/1933 matched, players 4625/5454 matched
2026-08-24 00:40:00,136 INFO ncaa_identity: contest_id=746881 teams 2509/2509 matched, players 6275/7018 matched
2026-08-24 00:40:10,314 INFO ncaa_identity: contest_id=746932 teams 2585/2585 matched, players 6976/7312 matched
2026-08-24 00:40:34,115 INFO ncaa_identity: contest_id=747141 teams 2371/2371 matched, players 6639/6653 matched
2026-08-24 00:40:36,803 INFO ncaa_identity: contest_id=747212 teams 2622/2622 matched, players 7025/7374 matched
2026-08-24 00:40:40,477 INFO ncaa_identity: contest_id=747258 teams 2189/2189 matched, players 6065/6180 matched
2026-08-24 00:40:42,405 INFO ncaa_identity: contest_id=747282 teams 2523/2523 matched, players 6655/7118 matched
2026-08-24 00:40:43,637 INFO ncaa_identity: contest_id=747311 teams 1949/1949 matched, players 4933/5461 matched
2026-08-24 00:40:46,671 INFO ncaa_identity: contest_id=747369 teams 2822/2822 matched, players 7606/7978 matched
2026-08-24 00:40:50,044 INFO ncaa_identity: contest_id=747404 teams 2467/2467 matched, players 6551/6930 matched
2026-08-24 00:40:52,833 INFO ncaa_identity: contest_id=747451 teams 2076/2076 matched, players 5132/5770 matched
2026-08-24 00:40:58,127 INFO ncaa_identity: contest_id=747510 teams 2284/2284 matched, players 6259/6438 matched
2026-08-24 00:40:59,519 INFO ncaa_identity: contest_id=747574 teams 2354/2354 matched, players 6269/6651 matched
2026-08-24 00:41:00,925 INFO ncaa_identity: contest_id=747685 teams 2254/2254 matched, players 6206/6361 matched
2026-08-24 00:41:04,037 INFO ncaa_identity: contest_id=747727 teams 2252/2252 matched, players 6255/6309 matched
2026-08-24 00:41:07,167 INFO ncaa_identity: contest_id=747789 teams 2602/2602 matched, players 6145/7358 matched
2026-08-24 00:41:10,823 INFO ncaa_identity: contest_id=747871 teams 2358/2358 matched, players 6135/6605 matched
2026-08-24 00:41:15,370 INFO ncaa_identity: contest_id=747962 teams 2295/2295 matched, players 5945/6461 matched
2026-08-24 00:41:18,634 INFO ncaa_identity: contest_id=748070 teams 2046/2046 matched, players 5446/5776 matched
2026-08-24 00:41:20,819 INFO ncaa_identity: contest_id=748085 teams 2344/2344 matched, players 5637/6616 matched
2026-08-24 00:41:22,223 INFO ncaa_identity: contest_id=748101 teams 2009/2009 matched, players 5335/5637 matched
2026-08-24 00:41:23,567 INFO ncaa_identity: contest_id=748114 teams 2258/2258 matched, players 6066/6379 matched
2026-08-24 00:41:26,501 INFO ncaa_identity: contest_id=748158 teams 2259/2259 matched, players 6149/6367 matched
2026-08-24 00:41:28,307 INFO ncaa_identity: contest_id=748228 teams 2580/2580 matched, players 6734/7247 matched
2026-08-24 00:41:31,529 INFO ncaa_identity: contest_id=748296 teams 2194/2194 matched, players 5823/6160 matched
2026-08-24 00:41:33,175 INFO ncaa_identity: contest_id=748321 teams 2317/2317 matched, players 6035/6560 matched
2026-08-24 00:41:34,565 INFO ncaa_identity: contest_id=748344 teams 2016/2016 matched, players 5209/5674 matched
2026-08-24 00:41:38,976 INFO ncaa_identity: contest_id=748420 teams 2318/2318 matched, players 6340/6528 matched
2026-08-24 00:41:55,551 INFO ncaa_identity: contest_id=748746 teams 2345/2345 matched, players 6157/6621 matched
2026-08-24 00:41:56,860 INFO ncaa_identity: contest_id=748771 teams 1977/1977 matched, players 4900/5562 matched
2026-08-24 00:42:01,304 INFO ncaa_identity: contest_id=748916 teams 2178/2178 matched, players 5941/6137 matched
2026-08-24 00:42:01,482 INFO 5 starters not found for period 3; using estimate
2026-08-24 00:42:11,924 INFO ncaa_identity: contest_id=749113 teams 2624/2624 matched, players 6289/7455 matched
2026-08-24 00:42:14,983 INFO ncaa_identity: contest_id=749141 teams 2277/2277 matched, players 6200/6446 matched
2026-08-24 00:42:16,389 INFO ncaa_identity: contest_id=749154 teams 2131/2131 matched, players 5969/6003 matched
2026-08-24 00:42:17,815 INFO ncaa_identity: contest_id=749168 teams 2240/2240 matched, players 5817/6289 matched
2026-08-24 00:42:19,467 INFO ncaa_identity: contest_id=749215 teams 2542/2542 matched, players 6273/7188 matched
2026-08-24 00:42:20,808 INFO ncaa_identity: contest_id=749275 teams 2013/2013 matched, players 5364/5674 matched
2026-08-24 00:42:39,999 INFO ncaa_identity: contest_id=749567 teams 1914/1914 matched, players 5046/5392 matched
2026-08-24 00:42:46,149 INFO ncaa_identity: contest_id=749782 teams 2411/2411 matched, players 6652/6807 matched
2026-08-24 00:42:50,473 INFO ncaa_identity: contest_id=749849 teams 2248/2248 matched, players 5772/6369 matched
2026-08-24 00:42:58,395 INFO ncaa_identity: contest_id=749989 teams 2340/2340 matched, players 6110/6605 matched
2026-08-24 00:43:02,828 INFO ncaa_identity: contest_id=750049 teams 2282/2282 matched, players 6379/6435 matched
2026-08-24 00:43:04,283 INFO ncaa_identity: contest_id=750082 teams 0/1957 matched, players 0/800 matched
2026-08-24 00:43:05,753 INFO ncaa_identity: contest_id=750102 teams 2489/2489 matched, players 6857/7017 matched
2026-08-24 00:43:13,457 INFO ncaa_identity: contest_id=750322 teams 2163/2163 matched, players 5281/6084 matched
2026-08-24 00:43:17,968 INFO ncaa_identity: contest_id=750381 teams 2099/2099 matched, players 5318/5867 matched
2026-08-24 00:43:19,513 INFO ncaa_identity: contest_id=750394 teams 2603/2603 matched, players 7232/7321 matched
2026-08-24 00:43:21,168 INFO ncaa_identity: contest_id=750410 teams 2503/2503 matched, players 6528/7043 matched
2026-08-24 00:43:22,399 INFO ncaa_identity: contest_id=750495 teams 2481/2481 matched, players 6614/6992 matched
2026-08-24 00:43:23,589 INFO ncaa_identity: contest_id=750505 teams 2257/2257 matched, players 5815/6365 matched
2026-08-24 00:43:31,958 INFO ncaa_identity: contest_id=750614 teams 2197/2197 matched, players 5736/6148 matched
2026-08-24 00:43:38,355 INFO ncaa_identity: contest_id=750705 teams 2319/2319 matched, players 6350/6534 matched
2026-08-24 00:43:45,997 INFO ncaa_identity: contest_id=750814 teams 2364/2364 matched, players 6127/6622 matched
2026-08-24 00:43:51,509 INFO ncaa_identity: contest_id=750864 teams 2736/2736 matched, players 7246/7748 matched
2026-08-24 00:43:53,143 INFO ncaa_identity: contest_id=750875 teams 2389/2389 matched, players 6318/6742 matched
2026-08-24 00:43:54,373 INFO ncaa_identity: contest_id=750894 teams 1757/1757 matched, players 4630/4947 matched
2026-08-24 00:43:59,284 INFO ncaa_identity: contest_id=750978 teams 2429/2429 matched, players 6530/6864 matched
2026-08-24 00:44:00,371 INFO ncaa_identity: contest_id=750989 teams 1969/1969 matched, players 5427/5537 matched
2026-08-24 00:44:01,598 INFO ncaa_identity: contest_id=751001 teams 2322/2322 matched, players 6375/6529 matched
2026-08-24 00:44:10,674 INFO ncaa_identity: contest_id=751068 teams 2419/2419 matched, players 6624/6795 matched
2026-08-24 00:44:13,410 INFO ncaa_identity: contest_id=751090 teams 2179/2179 matched, players 5984/6048 matched
2026-08-24 00:44:16,175 INFO ncaa_identity: contest_id=751114 teams 2391/2391 matched, players 6683/6697 matched
2026-08-24 00:44:23,775 INFO ncaa_identity: contest_id=751287 teams 2128/2128 matched, players 5874/5994 matched
2026-08-24 00:44:25,072 INFO ncaa_identity: contest_id=751312 teams 2349/2349 matched, players 6209/6641 matched
2026-08-24 00:44:29,130 INFO ncaa_identity: contest_id=751343 teams 2137/2137 matched, players 5726/6011 matched
2026-08-24 00:44:31,113 INFO ncaa_identity: contest_id=751365 teams 2817/2817 matched, players 7377/7933 matched
2026-08-24 00:44:32,495 INFO ncaa_identity: contest_id=751378 teams 2184/2184 matched, players 5915/6172 matched
2026-08-24 00:44:38,670 INFO ncaa_identity: contest_id=751442 teams 2187/2187 matched, players 6131/6151 matched
2026-08-24 00:44:40,029 INFO ncaa_identity: contest_id=751476 teams 2264/2264 matched, players 5707/6332 matched
2026-08-24 00:44:41,733 INFO ncaa_identity: contest_id=751499 teams 2243/2243 matched, players 4720/6320 matched
2026-08-24 00:44:53,050 INFO ncaa_identity: contest_id=751569 teams 1836/1836 matched, players 4211/5110 matched
2026-08-24 00:44:54,503 INFO ncaa_identity: contest_id=751579 teams 1902/1902 matched, players 4360/5275 matched
2026-08-24 00:44:56,508 INFO ncaa_identity: contest_id=751613 teams 2524/2524 matched, players 6563/7152 matched
2026-08-24 00:44:57,777 INFO ncaa_identity: contest_id=751637 teams 2353/2353 matched, players 6256/6629 matched
2026-08-24 00:44:58,987 INFO ncaa_identity: contest_id=751656 teams 2182/2182 matched, players 5696/6124 matched
2026-08-24 00:45:01,841 INFO ncaa_identity: contest_id=751681 teams 2247/2247 matched, players 6087/6290 matched
2026-08-24 00:45:03,003 INFO ncaa_identity: contest_id=751694 teams 2371/2371 matched, players 6313/6725 matched
2026-08-24 00:45:04,535 INFO ncaa_identity: contest_id=751704 teams 2309/2309 matched, players 6044/6536 matched
2026-08-24 00:45:05,712 INFO ncaa_identity: contest_id=751714 teams 1908/1908 matched, players 4981/5343 matched
2026-08-24 00:45:08,713 INFO ncaa_identity: contest_id=751737 teams 2654/2654 matched, players 7145/7474 matched
2026-08-24 00:45:10,165 INFO ncaa_identity: contest_id=751750 teams 1993/1993 matched, players 5232/5569 matched
2026-08-24 00:45:17,409 INFO ncaa_identity: contest_id=751804 teams 2235/2235 matched, players 6182/6257 matched
2026-08-24 00:45:20,709 INFO ncaa_identity: contest_id=751828 teams 2347/2347 matched, players 6330/6592 matched
2026-08-24 00:45:25,858 INFO ncaa_identity: contest_id=751900 teams 2211/2211 matched, players 5634/6230 matched
2026-08-24 00:45:34,452 INFO ncaa_identity: contest_id=751992 teams 2217/2217 matched, players 6157/6190 matched
2026-08-24 00:45:42,976 INFO ncaa_identity: contest_id=752058 teams 2402/2402 matched, players 6237/6699 matched
2026-08-24 00:45:50,616 INFO ncaa_identity: contest_id=717521 teams 2771/2771 matched, players 7805/7812 matched
2026-08-24 00:45:52,047 INFO ncaa_identity: contest_id=717531 teams 3052/3052 matched, players 8401/8567 matched
2026-08-24 00:45:53,857 INFO ncaa_identity: contest_id=717542 teams 2456/2456 matched, players 6698/6919 matched
2026-08-24 00:45:58,476 INFO ncaa_identity: contest_id=717574 teams 2645/2645 matched, players 7409/7424 matched
2026-08-24 00:46:00,040 INFO ncaa_identity: contest_id=717585 teams 2421/2421 matched, players 6658/6853 matched
2026-08-24 00:46:01,526 INFO ncaa_identity: contest_id=717595 teams 2513/2513 matched, players 6644/7084 matched
2026-08-24 00:46:03,342 INFO ncaa_identity: contest_id=717605 teams 1656/3157 matched, players 4473/8907 matched
2026-08-24 00:46:05,059 INFO ncaa_identity: contest_id=717620 teams 3009/3009 matched, players 8410/8537 matched
2026-08-24 00:46:06,486 INFO ncaa_identity: contest_id=717640 teams 1166/2286 matched, players 3247/6423 matched
2026-08-24 00:46:10,001 INFO ncaa_identity: contest_id=717700 teams 2662/2662 matched, players 6794/7498 matched
2026-08-24 00:46:11,853 INFO ncaa_identity: contest_id=717717 teams 2760/2760 matched, players 7411/7828 matched
2026-08-24 00:46:13,580 INFO ncaa_identity: contest_id=717730 teams 1512/2977 matched, players 4290/8409 matched
2026-08-24 00:46:14,801 INFO ncaa_identity: contest_id=717743 teams 2221/2221 matched, players 5823/6265 matched
2026-08-24 00:46:16,626 INFO ncaa_identity: contest_id=717783 teams 1229/2425 matched, players 3425/6810 matched
2026-08-24 00:46:17,892 INFO ncaa_identity: contest_id=717809 teams 1387/2649 matched, players 3540/7482 matched
2026-08-24 00:46:19,679 INFO ncaa_identity: contest_id=717873 teams 2486/2486 matched, players 6703/6983 matched
2026-08-24 00:46:23,214 INFO ncaa_identity: contest_id=717906 teams 1356/2687 matched, players 3810/7589 matched
2026-08-24 00:46:24,760 INFO ncaa_identity: contest_id=717941 teams 2467/2467 matched, players 5761/6990 matched
2026-08-24 00:46:27,912 INFO ncaa_identity: contest_id=717962 teams 1065/2176 matched, players 3022/6101 matched
2026-08-24 00:46:34,613 INFO ncaa_identity: contest_id=718020 teams 2542/2542 matched, players 6493/7155 matched
2026-08-24 00:46:37,559 INFO ncaa_identity: contest_id=718041 teams 2365/2365 matched, players 6195/6670 matched
2026-08-24 00:46:42,192 INFO ncaa_identity: contest_id=718076 teams 1461/2947 matched, players 2981/8284 matched
2026-08-24 00:46:44,016 INFO ncaa_identity: contest_id=718111 teams 1375/2736 matched, players 3817/7688 matched
2026-08-24 00:46:51,348 INFO ncaa_identity: contest_id=718191 teams 1086/2180 matched, players 3042/6095 matched
2026-08-24 00:46:54,504 INFO ncaa_identity: contest_id=718222 teams 2742/2742 matched, players 7487/7734 matched
2026-08-24 00:46:57,730 INFO ncaa_identity: contest_id=718271 teams 2626/2626 matched, players 7347/7400 matched
2026-08-24 00:47:00,208 INFO ncaa_identity: contest_id=718310 teams 2536/2536 matched, players 7105/7149 matched
2026-08-24 00:47:01,911 INFO ncaa_identity: contest_id=718330 teams 2409/2409 matched, players 6695/6768 matched
2026-08-24 00:47:03,478 INFO ncaa_identity: contest_id=718418 teams 1386/2675 matched, players 3868/7594 matched
2026-08-24 00:47:05,398 INFO ncaa_identity: contest_id=718513 teams 2351/2351 matched, players 6385/6651 matched
2026-08-24 00:47:13,311 INFO ncaa_identity: contest_id=718631 teams 1340/2584 matched, players 3622/7258 matched
2026-08-24 00:47:15,945 INFO ncaa_identity: contest_id=718844 teams 1130/2248 matched, players 3223/6345 matched
2026-08-24 00:47:20,376 INFO ncaa_identity: contest_id=718884 teams 2577/2577 matched, players 7000/7260 matched
2026-08-24 00:47:21,777 INFO ncaa_identity: contest_id=718897 teams 2821/2821 matched, players 7259/7956 matched
2026-08-24 00:47:24,454 INFO ncaa_identity: contest_id=718960 teams 1952/1952 matched, players 5386/5496 matched
2026-08-24 00:47:27,368 INFO ncaa_identity: contest_id=718983 teams 2506/2506 matched, players 6584/7064 matched
2026-08-24 00:47:30,407 INFO ncaa_identity: contest_id=719037 teams 2544/2544 matched, players 6533/7150 matched
2026-08-24 00:47:33,288 INFO ncaa_identity: contest_id=719082 teams 1240/2488 matched, players 3513/6992 matched
2026-08-24 00:47:34,720 INFO ncaa_identity: contest_id=719120 teams 1180/2389 matched, players 3338/6694 matched
2026-08-24 00:47:37,851 INFO ncaa_identity: contest_id=719204 teams 2306/2306 matched, players 6074/6484 matched
2026-08-24 00:47:38,925 INFO ncaa_identity: contest_id=719232 teams 2082/2082 matched, players 5810/5867 matched
2026-08-24 00:47:41,805 INFO ncaa_identity: contest_id=719300 teams 1093/2091 matched, players 2891/5890 matched
2026-08-24 00:47:49,259 INFO ncaa_identity: contest_id=719452 teams 2213/2213 matched, players 6107/6236 matched
2026-08-24 00:47:52,451 INFO ncaa_identity: contest_id=719489 teams 1179/2268 matched, players 3264/6385 matched
2026-08-24 00:47:57,083 INFO ncaa_identity: contest_id=719574 teams 2095/2095 matched, players 5872/5946 matched
2026-08-24 00:48:04,754 INFO ncaa_identity: contest_id=719713 teams 2416/2416 matched, players 6179/6842 matched
2026-08-24 00:48:09,963 INFO ncaa_identity: contest_id=719883 teams 1960/1960 matched, players 688/690 matched
2026-08-24 00:48:12,238 INFO ncaa_identity: contest_id=719974 teams 2275/2275 matched, players 6086/6464 matched
2026-08-24 00:48:15,560 INFO ncaa_identity: contest_id=720004 teams 2409/2409 matched, players 6546/6783 matched
2026-08-24 00:48:22,060 INFO ncaa_identity: contest_id=720083 teams 2989/2989 matched, players 8393/8467 matched
2026-08-24 00:48:23,707 INFO ncaa_identity: contest_id=720110 teams 2239/2239 matched, players 6227/6250 matched
2026-08-24 00:48:26,586 INFO ncaa_identity: contest_id=720136 teams 1826/1826 matched, players 4647/5107 matched
2026-08-24 00:48:28,038 INFO ncaa_identity: contest_id=720168 teams 2726/2726 matched, players 7181/7699 matched
2026-08-24 00:48:32,086 INFO ncaa_identity: contest_id=720255 teams 2462/2462 matched, players 6796/6927 matched
2026-08-24 00:48:33,302 INFO ncaa_identity: contest_id=720336 teams 1184/2312 matched, players 3245/6470 matched
2026-08-24 00:48:34,285 INFO ncaa_identity: contest_id=720355 teams 1107/2208 matched, players 3062/6211 matched
2026-08-24 00:48:35,870 INFO ncaa_identity: contest_id=720366 teams 2090/2090 matched, players 5661/5877 matched
2026-08-24 00:48:38,756 INFO ncaa_identity: contest_id=720412 teams 2682/2682 matched, players 7247/7569 matched
2026-08-24 00:48:41,786 INFO ncaa_identity: contest_id=720443 teams 2103/2103 matched, players 5767/5969 matched
2026-08-24 00:48:45,528 INFO ncaa_identity: contest_id=720478 teams 1902/1902 matched, players 5081/5292 matched
2026-08-24 00:48:51,014 INFO ncaa_identity: contest_id=720555 teams 1919/1919 matched, players 666/670 matched
2026-08-24 00:48:53,795 INFO ncaa_identity: contest_id=720591 teams 1287/2479 matched, players 3573/6971 matched
2026-08-24 00:48:55,149 INFO ncaa_identity: contest_id=720619 teams 2765/2765 matched, players 7703/7849 matched
2026-08-24 00:48:56,403 INFO ncaa_identity: contest_id=720638 teams 2308/2308 matched, players 5811/6505 matched
2026-08-24 00:48:58,104 INFO ncaa_identity: contest_id=720656 teams 2863/2863 matched, players 7551/8123 matched
2026-08-24 00:49:00,503 INFO ncaa_identity: contest_id=720707 teams 1073/2154 matched, players 2732/6072 matched
2026-08-24 00:49:01,573 INFO ncaa_identity: contest_id=720769 teams 1201/2353 matched, players 2942/6641 matched
2026-08-24 00:49:04,222 INFO 5 starters not found for period 3; using estimate
2026-08-24 00:49:06,707 INFO ncaa_identity: contest_id=720880 teams 1101/2222 matched, players 2937/6253 matched
2026-08-24 00:49:09,253 INFO ncaa_identity: contest_id=720921 teams 1062/2150 matched, players 2859/6056 matched
2026-08-24 00:49:12,026 INFO ncaa_identity: contest_id=720967 teams 2483/2483 matched, players 6894/6982 matched
2026-08-24 00:49:15,183 INFO ncaa_identity: contest_id=721023 teams 2178/2178 matched, players 5980/6107 matched
2026-08-24 00:49:17,041 INFO ncaa_identity: contest_id=721044 teams 2354/2354 matched, players 6109/6677 matched
2026-08-24 00:49:19,794 INFO ncaa_identity: contest_id=721096 teams 2370/2370 matched, players 6403/6688 matched
2026-08-24 00:49:21,905 INFO 5 starters not found for period 3; using estimate
2026-08-24 00:49:26,348 INFO ncaa_identity: contest_id=721220 teams 2836/2836 matched, players 7473/7993 matched
2026-08-24 00:49:30,636 INFO ncaa_identity: contest_id=721315 teams 1228/2446 matched, players 3493/6922 matched
2026-08-24 00:49:33,691 INFO ncaa_identity: contest_id=721385 teams 2392/2392 matched, players 6260/6732 matched
2026-08-24 00:49:35,683 INFO ncaa_identity: contest_id=721461 teams 2494/2494 matched, players 6802/7050 matched
2026-08-24 00:49:38,104 INFO ncaa_identity: contest_id=721536 teams 1872/1872 matched, players 4699/5262 matched
2026-08-24 00:49:39,850 INFO ncaa_identity: contest_id=721561 teams 1710/1710 matched, players 4637/4769 matched
2026-08-24 00:49:41,080 INFO ncaa_identity: contest_id=721581 teams 2227/2227 matched, players 5488/6242 matched
2026-08-24 00:49:45,384 INFO ncaa_identity: contest_id=721651 teams 1049/2109 matched, players 2992/5950 matched
2026-08-24 00:49:48,085 INFO ncaa_identity: contest_id=721703 teams 2297/2297 matched, players 6032/6459 matched
2026-08-24 00:49:49,382 INFO ncaa_identity: contest_id=721733 teams 1252/2514 matched, players 3528/7121 matched
2026-08-24 00:49:50,646 INFO ncaa_identity: contest_id=721855 teams 1230/2435 matched, players 3417/6863 matched
2026-08-24 00:49:51,971 INFO ncaa_identity: contest_id=721882 teams 2663/2663 matched, players 7482/7556 matched
2026-08-24 00:49:56,229 INFO ncaa_identity: contest_id=721969 teams 1343/2570 matched, players 3564/7224 matched
2026-08-24 00:50:00,772 INFO ncaa_identity: contest_id=722060 teams 1074/2047 matched, players 2889/5740 matched
2026-08-24 00:50:08,293 INFO ncaa_identity: contest_id=722251 teams 2655/2655 matched, players 7385/7457 matched
2026-08-24 00:50:17,463 INFO ncaa_identity: contest_id=722426 teams 1254/2399 matched, players 3054/6783 matched
2026-08-24 00:50:19,105 INFO ncaa_identity: contest_id=722459 teams 1438/2807 matched, players 3464/7937 matched
2026-08-24 00:50:22,380 INFO ncaa_identity: contest_id=722513 teams 2820/2820 matched, players 7851/7950 matched
2026-08-24 00:50:25,127 INFO ncaa_identity: contest_id=722541 teams 1483/2916 matched, players 4140/8227 matched
2026-08-24 00:50:27,823 INFO ncaa_identity: contest_id=722596 teams 1218/2389 matched, players 2950/6680 matched
2026-08-24 00:50:28,883 INFO ncaa_identity: contest_id=722639 teams 2430/2430 matched, players 6777/6866 matched
2026-08-24 00:50:32,994 INFO ncaa_identity: contest_id=722706 teams 1164/2228 matched, players 3182/6237 matched
2026-08-24 00:50:40,790 INFO ncaa_identity: contest_id=722873 teams 2526/2526 matched, players 6807/7085 matched
2026-08-24 00:50:43,967 INFO ncaa_identity: contest_id=722920 teams 1416/2782 matched, players 3896/7832 matched
2026-08-24 00:50:47,832 INFO ncaa_identity: contest_id=723011 teams 2373/2373 matched, players 6146/6665 matched
2026-08-24 00:50:49,145 INFO ncaa_identity: contest_id=723023 teams 2350/2350 matched, players 5690/6655 matched
2026-08-24 00:50:51,920 INFO ncaa_identity: contest_id=723053 teams 2676/2676 matched, players 7477/7537 matched
2026-08-24 00:50:53,121 INFO ncaa_identity: contest_id=723071 teams 2216/2216 matched, players 5781/6219 matched
2026-08-24 00:50:58,330 INFO ncaa_identity: contest_id=723172 teams 1010/1962 matched, players 2656/5494 matched
2026-08-24 00:50:59,460 INFO ncaa_identity: contest_id=723193 teams 2131/2131 matched, players 5986/5995 matched
2026-08-24 00:51:01,726 INFO ncaa_identity: contest_id=723238 teams 2023/2023 matched, players 5591/5703 matched
2026-08-24 00:51:04,625 INFO ncaa_identity: contest_id=723261 teams 2702/2702 matched, players 7337/7618 matched
2026-08-24 00:51:08,894 INFO ncaa_identity: contest_id=723318 teams 2324/2324 matched, players 6457/6530 matched
2026-08-24 00:51:09,946 INFO ncaa_identity: contest_id=723328 teams 1981/1981 matched, players 5048/5561 matched
2026-08-24 00:51:11,418 INFO ncaa_identity: contest_id=723338 teams 2575/2575 matched, players 6414/7282 matched
2026-08-24 00:51:12,917 INFO ncaa_identity: contest_id=723349 teams 993/2008 matched, players 2788/5617 matched
2026-08-24 00:51:14,056 INFO ncaa_identity: contest_id=723367 teams 2599/2599 matched, players 7342/7346 matched
2026-08-24 00:51:16,818 INFO ncaa_identity: contest_id=723390 teams 2465/2465 matched, players 6827/6879 matched
2026-08-24 00:51:21,102 INFO ncaa_identity: contest_id=723425 teams 1358/2608 matched, players 3444/7359 matched
2026-08-24 00:51:22,370 INFO ncaa_identity: contest_id=723440 teams 2187/2187 matched, players 6104/6118 matched
2026-08-24 00:51:29,074 INFO ncaa_identity: contest_id=723566 teams 2296/2296 matched, players 5957/6485 matched
2026-08-24 00:51:30,634 INFO ncaa_identity: contest_id=723582 teams 2596/2596 matched, players 6987/7321 matched
2026-08-24 00:51:32,199 INFO ncaa_identity: contest_id=723596 teams 2412/2412 matched, players 6473/6797 matched
2026-08-24 00:51:33,633 INFO ncaa_identity: contest_id=723608 teams 1407/2728 matched, players 3923/7670 matched
2026-08-24 00:51:34,866 INFO ncaa_identity: contest_id=723630 teams 2265/2265 matched, players 6375/6393 matched
2026-08-24 00:51:41,859 INFO ncaa_identity: contest_id=723762 teams 2460/2460 matched, players 6677/6943 matched
2026-08-24 00:51:47,134 INFO ncaa_identity: contest_id=723817 teams 2713/2713 matched, players 7064/7702 matched
2026-08-24 00:51:50,197 INFO ncaa_identity: contest_id=723844 teams 3644/3644 matched, players 9663/10319 matched
2026-08-24 00:51:51,637 INFO ncaa_identity: contest_id=723857 teams 2136/2136 matched, players 5581/5927 matched
2026-08-24 00:51:53,294 INFO ncaa_identity: contest_id=723903 teams 0/2366 matched, players 0/6655 matched
2026-08-24 00:51:55,947 INFO ncaa_identity: contest_id=724008 teams 2039/2039 matched, players 5380/5728 matched
2026-08-24 00:52:01,097 INFO ncaa_identity: contest_id=724094 teams 2209/2209 matched, players 6137/6195 matched
2026-08-24 00:52:06,343 INFO ncaa_identity: contest_id=724178 teams 2559/2559 matched, players 6485/7133 matched
2026-08-24 00:52:09,085 INFO ncaa_identity: contest_id=724215 teams 2341/2341 matched, players 5939/6589 matched
2026-08-24 00:52:12,985 INFO ncaa_identity: contest_id=724420 teams 1160/2290 matched, players 3228/6424 matched
2026-08-24 00:52:15,714 INFO ncaa_identity: contest_id=724465 teams 2306/2306 matched, players 5324/6497 matched
2026-08-24 00:52:16,786 INFO ncaa_identity: contest_id=724493 teams 2165/2165 matched, players 5939/6135 matched
2026-08-24 00:52:20,698 INFO ncaa_identity: contest_id=724632 teams 2199/2199 matched, players 5756/6197 matched
2026-08-24 00:52:23,428 INFO ncaa_identity: contest_id=724675 teams 2683/2683 matched, players 7508/7617 matched
2026-08-24 00:52:30,081 INFO ncaa_identity: contest_id=724852 teams 2200/2200 matched, players 5520/6201 matched
2026-08-24 00:52:36,928 INFO ncaa_identity: contest_id=725012 teams 2346/2346 matched, players 6292/6588 matched
2026-08-24 00:52:37,934 INFO ncaa_identity: contest_id=725070 teams 1803/1803 matched, players 4226/5070 matched
2026-08-24 00:52:43,242 INFO ncaa_identity: contest_id=725169 teams 2316/2316 matched, players 4789/6527 matched
2026-08-24 00:52:44,403 INFO ncaa_identity: contest_id=725199 teams 2673/2673 matched, players 7192/7528 matched
2026-08-24 00:52:47,076 INFO ncaa_identity: contest_id=725236 teams 2345/2345 matched, players 6107/6599 matched
2026-08-24 00:52:49,846 INFO ncaa_identity: contest_id=725285 teams 2114/2114 matched, players 5847/5911 matched
2026-08-24 00:52:51,963 INFO ncaa_identity: contest_id=725323 teams 2366/2366 matched, players 6355/6633 matched
2026-08-24 00:52:53,643 INFO ncaa_identity: contest_id=725387 teams 2371/2371 matched, players 5919/6679 matched
2026-08-24 00:52:57,533 INFO ncaa_identity: contest_id=725534 teams 2450/2450 matched, players 6518/6914 matched
2026-08-24 00:52:58,560 INFO ncaa_identity: contest_id=725566 teams 2109/2109 matched, players 4755/5922 matched
2026-08-24 00:53:00,442 INFO ncaa_identity: contest_id=725587 teams 2694/2694 matched, players 7580/7593 matched
2026-08-24 00:53:01,629 INFO ncaa_identity: contest_id=725623 teams 2315/2315 matched, players 6418/6468 matched
2026-08-24 00:53:02,713 INFO ncaa_identity: contest_id=725664 teams 2214/2214 matched, players 5865/6217 matched
2026-08-24 00:53:06,507 INFO ncaa_identity: contest_id=725775 teams 2130/2130 matched, players 5682/5986 matched
2026-08-24 00:53:09,055 INFO ncaa_identity: contest_id=725821 teams 1899/1899 matched, players 5213/5274 matched
2026-08-24 00:53:14,812 INFO ncaa_identity: contest_id=725952 teams 2497/2497 matched, players 6967/7027 matched
2026-08-24 00:53:21,488 INFO ncaa_identity: contest_id=726133 teams 2656/2656 matched, players 7128/7468 matched
2026-08-24 00:53:22,838 INFO ncaa_identity: contest_id=726155 teams 2697/2697 matched, players 7120/7577 matched
2026-08-24 00:53:25,416 INFO ncaa_identity: contest_id=726202 teams 2459/2459 matched, players 6534/6906 matched
2026-08-24 00:53:26,660 INFO ncaa_identity: contest_id=726225 teams 2096/2096 matched, players 5866/5877 matched
2026-08-24 00:53:28,317 INFO ncaa_identity: contest_id=726247 teams 2061/2061 matched, players 5372/5768 matched
2026-08-24 00:53:29,674 INFO ncaa_identity: contest_id=726266 teams 2985/2985 matched, players 8010/8426 matched
2026-08-24 00:53:33,831 INFO ncaa_identity: contest_id=726332 teams 2507/2507 matched, players 6517/7049 matched
2026-08-24 00:53:36,685 INFO ncaa_identity: contest_id=726363 teams 2389/2389 matched, players 6325/6664 matched
2026-08-24 00:53:37,917 INFO ncaa_identity: contest_id=726380 teams 2065/2065 matched, players 5017/5813 matched
2026-08-24 00:53:40,569 INFO ncaa_identity: contest_id=726580 teams 2208/2208 matched, players 5789/6259 matched
2026-08-24 00:53:41,908 INFO ncaa_identity: contest_id=726600 teams 2713/2713 matched, players 7174/7664 matched
2026-08-24 00:53:43,081 INFO ncaa_identity: contest_id=726624 teams 2162/2162 matched, players 5043/6060 matched
2026-08-24 00:53:44,707 INFO ncaa_identity: contest_id=726640 teams 2691/2691 matched, players 6966/7599 matched
2026-08-24 00:53:46,029 INFO ncaa_identity: contest_id=726662 teams 2510/2510 matched, players 7020/7070 matched
2026-08-24 00:53:58,090 INFO ncaa_identity: contest_id=726985 teams 2320/2320 matched, players 6456/6524 matched
2026-08-24 00:54:00,692 INFO ncaa_identity: contest_id=727018 teams 1185/2423 matched, players 3391/6837 matched
2026-08-24 00:54:04,530 INFO ncaa_identity: contest_id=727119 teams 2281/2281 matched, players 6391/6420 matched
2026-08-24 00:54:08,531 INFO ncaa_identity: contest_id=727262 teams 2439/2439 matched, players 6595/6884 matched
2026-08-24 00:54:09,868 INFO ncaa_identity: contest_id=727293 teams 2287/2287 matched, players 5102/6454 matched
2026-08-24 00:54:11,540 INFO ncaa_identity: contest_id=727314 teams 2511/2511 matched, players 6540/7110 matched
2026-08-24 00:54:12,834 INFO ncaa_identity: contest_id=727351 teams 2363/2363 matched, players 6153/6665 matched
2026-08-24 00:54:15,701 INFO ncaa_identity: contest_id=727385 teams 2611/2611 matched, players 6936/7391 matched
2026-08-24 00:54:16,927 INFO ncaa_identity: contest_id=727413 teams 1826/1826 matched, players 4703/5147 matched
2026-08-24 00:54:19,713 INFO ncaa_identity: contest_id=727448 teams 2498/2498 matched, players 6780/7028 matched
2026-08-24 00:54:23,393 INFO ncaa_identity: contest_id=727622 teams 2099/2099 matched, players 5300/5910 matched
2026-08-24 00:54:28,126 INFO ncaa_identity: contest_id=727673 teams 2793/2793 matched, players 7425/7881 matched
2026-08-24 00:54:33,375 INFO ncaa_identity: contest_id=727826 teams 2543/2543 matched, players 7141/7196 matched
2026-08-24 00:54:39,039 INFO ncaa_identity: contest_id=727927 teams 2283/2283 matched, players 6329/6358 matched
2026-08-24 00:54:43,262 INFO ncaa_identity: contest_id=728031 teams 2175/2175 matched, players 5882/6075 matched
2026-08-24 00:54:47,790 INFO ncaa_identity: contest_id=728094 teams 2837/2837 matched, players 7325/8042 matched
2026-08-24 00:54:53,779 INFO ncaa_identity: contest_id=728270 teams 2298/2298 matched, players 5991/6415 matched
2026-08-24 00:54:55,058 INFO ncaa_identity: contest_id=728293 teams 2172/2172 matched, players 6053/6090 matched
2026-08-24 00:54:57,806 INFO ncaa_identity: contest_id=728331 teams 2857/2857 matched, players 7770/8023 matched
2026-08-24 00:55:00,724 INFO ncaa_identity: contest_id=728376 teams 2748/2748 matched, players 7412/7737 matched
2026-08-24 00:55:04,198 INFO ncaa_identity: contest_id=728435 teams 2377/2377 matched, players 6076/6691 matched
2026-08-24 00:55:05,700 INFO ncaa_identity: contest_id=728459 teams 2281/2281 matched, players 6324/6445 matched
2026-08-24 00:55:08,805 INFO ncaa_identity: contest_id=728496 teams 2274/2274 matched, players 5879/6401 matched
2026-08-24 00:55:10,195 INFO ncaa_identity: contest_id=728591 teams 3007/3007 matched, players 7935/8514 matched
2026-08-24 00:55:11,736 INFO ncaa_identity: contest_id=728688 teams 2248/2248 matched, players 5900/6269 matched
2026-08-24 00:55:14,072 INFO ncaa_identity: contest_id=728739 teams 2330/2330 matched, players 5193/6542 matched
2026-08-24 00:55:15,902 INFO ncaa_identity: contest_id=728758 teams 3318/3318 matched, players 9136/9306 matched
2026-08-24 00:55:19,798 INFO ncaa_identity: contest_id=728863 teams 2426/2426 matched, players 6744/6836 matched
2026-08-24 00:55:27,677 INFO ncaa_identity: contest_id=729037 teams 1969/1969 matched, players 5036/5517 matched
2026-08-24 00:55:29,163 INFO ncaa_identity: contest_id=729067 teams 2444/2444 matched, players 6633/6908 matched
2026-08-24 00:55:31,286 INFO ncaa_identity: contest_id=729100 teams 2006/2006 matched, players 5591/5662 matched
2026-08-24 00:55:33,048 INFO ncaa_identity: contest_id=729113 teams 2797/2797 matched, players 7842/7872 matched
2026-08-24 00:55:34,266 INFO ncaa_identity: contest_id=729208 teams 2295/2295 matched, players 6428/6474 matched
2026-08-24 00:55:38,015 INFO ncaa_identity: contest_id=729325 teams 2249/2249 matched, players 6275/6345 matched
2026-08-24 00:55:41,315 INFO ncaa_identity: contest_id=729375 teams 2965/2965 matched, players 7953/8280 matched
2026-08-24 00:55:47,635 INFO ncaa_identity: contest_id=729489 teams 2054/2054 matched, players 5333/5793 matched
2026-08-24 00:55:50,525 INFO ncaa_identity: contest_id=729537 teams 2262/2262 matched, players 5711/6377 matched
2026-08-24 00:55:51,536 INFO ncaa_identity: contest_id=729556 teams 2325/2325 matched, players 6429/6515 matched
2026-08-24 00:55:52,700 INFO ncaa_identity: contest_id=729629 teams 1120/2228 matched, players 3145/6238 matched
2026-08-24 00:55:54,372 INFO ncaa_identity: contest_id=729742 teams 2044/2044 matched, players 5640/5755 matched
2026-08-24 00:55:55,489 INFO ncaa_identity: contest_id=729764 teams 2318/2318 matched, players 6020/6522 matched
2026-08-24 00:56:00,649 INFO ncaa_identity: contest_id=729849 teams 2361/2361 matched, players 6607/6658 matched
2026-08-24 00:56:01,747 INFO ncaa_identity: contest_id=729888 teams 1864/1864 matched, players 4828/5229 matched
2026-08-24 00:56:03,284 INFO ncaa_identity: contest_id=729934 teams 2143/2143 matched, players 5476/6031 matched
2026-08-24 00:56:03,396 INFO 5 starters not found for period 3; using estimate
2026-08-24 00:56:04,632 INFO ncaa_identity: contest_id=729973 teams 2975/2975 matched, players 7965/8435 matched
2026-08-24 00:56:10,103 INFO ncaa_identity: contest_id=730116 teams 813/1669 matched, players 2349/4702 matched
2026-08-24 00:56:15,826 INFO ncaa_identity: contest_id=730169 teams 2421/2421 matched, players 6494/6787 matched
2026-08-24 00:56:18,289 INFO ncaa_identity: contest_id=730259 teams 2819/2819 matched, players 7265/7959 matched
2026-08-24 00:56:19,936 INFO ncaa_identity: contest_id=730318 teams 2224/2224 matched, players 5594/6226 matched
2026-08-24 00:56:22,605 INFO ncaa_identity: contest_id=730371 teams 1797/1797 matched, players 5005/5058 matched
2026-08-24 00:56:23,609 INFO ncaa_identity: contest_id=730389 teams 2290/2290 matched, players 5896/6465 matched
2026-08-24 00:56:27,149 INFO ncaa_identity: contest_id=730462 teams 2577/2577 matched, players 6752/7261 matched
2026-08-24 00:56:28,395 INFO ncaa_identity: contest_id=730479 teams 2135/2135 matched, players 5829/6020 matched
2026-08-24 00:56:38,502 INFO ncaa_identity: contest_id=730775 teams 1996/1996 matched, players 5090/5604 matched
2026-08-24 00:56:41,824 INFO ncaa_identity: contest_id=730811 teams 2348/2348 matched, players 6569/6664 matched
2026-08-24 00:56:44,434 INFO ncaa_identity: contest_id=730892 teams 2329/2329 matched, players 5916/6538 matched
2026-08-24 00:56:47,619 INFO ncaa_identity: contest_id=730915 teams 2093/2093 matched, players 5540/5860 matched
2026-08-24 00:56:51,809 INFO ncaa_identity: contest_id=730946 teams 1160/2338 matched, players 3019/6578 matched
2026-08-24 00:57:04,136 INFO ncaa_identity: contest_id=731034 teams 2338/2338 matched, players 6335/6597 matched
2026-08-24 00:57:12,959 INFO ncaa_identity: contest_id=731161 teams 2209/2209 matched, players 5952/6266 matched
2026-08-24 00:57:17,357 INFO ncaa_identity: contest_id=731201 teams 2424/2424 matched, players 6385/6889 matched
2026-08-24 00:57:22,092 INFO ncaa_identity: contest_id=731219 teams 2162/2162 matched, players 5532/6104 matched
2026-08-24 00:57:29,848 INFO ncaa_identity: contest_id=731246 teams 2245/2245 matched, players 6154/6319 matched
2026-08-24 00:58:12,177 INFO ncaa_identity: contest_id=731554 teams 2150/2150 matched, players 5940/6053 matched
2026-08-24 00:58:16,955 INFO ncaa_identity: contest_id=731573 teams 2253/2253 matched, players 5367/6323 matched
2026-08-24 00:58:20,276 INFO ncaa_identity: contest_id=731600 teams 2144/2144 matched, players 5842/6024 matched
2026-08-24 00:58:44,900 INFO ncaa_identity: contest_id=731863 teams 2059/2059 matched, players 5485/5759 matched
2026-08-24 00:59:10,766 INFO ncaa_identity: contest_id=732035 teams 1987/1987 matched, players 5079/5604 matched
2026-08-24 00:59:23,963 INFO ncaa_identity: contest_id=732079 teams 2469/2469 matched, players 6882/6945 matched
2026-08-24 00:59:31,301 INFO ncaa_identity: contest_id=732152 teams 2390/2390 matched, players 6717/6769 matched
2026-08-24 00:59:35,611 INFO ncaa_identity: contest_id=732164 teams 2420/2420 matched, players 6565/6874 matched
2026-08-24 00:59:42,768 INFO ncaa_identity: contest_id=732191 teams 2331/2331 matched, players 6226/6623 matched
2026-08-24 00:59:46,751 INFO ncaa_identity: contest_id=732204 teams 2391/2391 matched, players 5961/6728 matched
2026-08-24 00:59:54,710 INFO ncaa_identity: contest_id=732236 teams 2136/2136 matched, players 6021/6033 matched
2026-08-24 01:00:02,866 INFO ncaa_identity: contest_id=732376 teams 2597/2597 matched, players 6918/7343 matched
2026-08-24 01:00:07,712 INFO ncaa_identity: contest_id=732388 teams 2798/2798 matched, players 7174/7947 matched
2026-08-24 01:00:17,229 INFO ncaa_identity: contest_id=732411 teams 2286/2286 matched, players 5908/6407 matched
2026-08-24 01:00:22,371 INFO ncaa_identity: contest_id=732426 teams 1143/2311 matched, players 3242/6503 matched
2026-08-24 01:00:25,980 INFO ncaa_identity: contest_id=732438 teams 2835/2835 matched, players 7455/8032 matched
2026-08-24 01:00:35,142 INFO ncaa_identity: contest_id=732483 teams 1049/2087 matched, players 3006/5852 matched
2026-08-24 01:00:36,547 INFO ncaa_identity: contest_id=732494 teams 2283/2283 matched, players 4918/6387 matched
2026-08-24 01:00:43,693 INFO ncaa_identity: contest_id=732669 teams 2444/2444 matched, players 6629/6895 matched
2026-08-24 01:00:45,240 INFO ncaa_identity: contest_id=732679 teams 1944/1944 matched, players 5285/5458 matched
2026-08-24 01:00:46,880 INFO ncaa_identity: contest_id=732710 teams 2662/2662 matched, players 7002/7466 matched
2026-08-24 01:00:49,394 INFO ncaa_identity: contest_id=732735 teams 2029/2029 matched, players 5024/5742 matched
2026-08-24 01:01:00,492 INFO ncaa_identity: contest_id=732879 teams 2184/2184 matched, players 5750/6125 matched
2026-08-24 01:01:01,824 INFO ncaa_identity: contest_id=732889 teams 2160/2160 matched, players 5966/6078 matched
2026-08-24 01:01:02,930 INFO ncaa_identity: contest_id=732924 teams 2357/2357 matched, players 6353/6658 matched
2026-08-24 01:01:04,008 INFO ncaa_identity: contest_id=732935 teams 2243/2243 matched, players 6241/6305 matched
2026-08-24 01:01:05,312 INFO ncaa_identity: contest_id=732983 teams 2393/2393 matched, players 6217/6781 matched
2026-08-24 01:01:06,414 INFO ncaa_identity: contest_id=733020 teams 2448/2448 matched, players 6530/6911 matched
2026-08-24 01:01:09,410 INFO ncaa_identity: contest_id=733040 teams 2526/2526 matched, players 6494/7083 matched
2026-08-24 01:01:20,665 INFO ncaa_identity: contest_id=733173 teams 988/1954 matched, players 2384/5443 matched
2026-08-24 01:01:26,151 INFO ncaa_identity: contest_id=733229 teams 2437/2437 matched, players 6561/6852 matched
2026-08-24 01:01:28,971 INFO ncaa_identity: contest_id=733249 teams 2276/2276 matched, players 6095/6394 matched
2026-08-24 01:01:32,722 INFO ncaa_identity: contest_id=733279 teams 2769/2769 matched, players 7604/7756 matched
2026-08-24 01:01:45,057 INFO ncaa_identity: contest_id=733374 teams 2120/2120 matched, players 5604/5974 matched
2026-08-24 01:01:47,967 INFO ncaa_identity: contest_id=733395 teams 2263/2263 matched, players 6136/6404 matched
2026-08-24 01:01:59,996 INFO ncaa_identity: contest_id=733559 teams 2437/2437 matched, players 6399/6823 matched
2026-08-24 01:02:01,637 INFO ncaa_identity: contest_id=733574 teams 2063/2063 matched, players 5359/5803 matched
2026-08-24 01:02:13,953 INFO ncaa_identity: contest_id=514736 teams 2143/2143 matched, players 4934/5994 matched
2026-08-24 01:02:16,862 INFO ncaa_identity: contest_id=514760 teams 2530/2530 matched, players 6792/7128 matched
2026-08-24 01:02:21,310 INFO ncaa_identity: contest_id=514796 teams 968/1885 matched, players 2677/5260 matched
2026-08-24 01:02:22,908 INFO ncaa_identity: contest_id=514808 teams 2855/2855 matched, players 7192/8080 matched
2026-08-24 01:02:26,742 INFO ncaa_identity: contest_id=514845 teams 1929/1929 matched, players 3954/5429 matched
2026-08-24 01:02:29,470 INFO ncaa_identity: contest_id=514870 teams 1409/2740 matched, players 3924/7657 matched
2026-08-24 01:02:32,684 INFO ncaa_identity: contest_id=514910 teams 1368/2782 matched, players 3929/7845 matched
2026-08-24 01:02:34,005 INFO ncaa_identity: contest_id=514928 teams 1490/2865 matched, players 4114/8100 matched
2026-08-24 01:02:37,139 INFO ncaa_identity: contest_id=515011 teams 1458/2883 matched, players 4069/8140 matched
2026-08-24 01:02:38,423 INFO ncaa_identity: contest_id=515038 teams 1265/2534 matched, players 3392/7205 matched
2026-08-24 01:02:40,046 INFO ncaa_identity: contest_id=515085 teams 1397/2852 matched, players 4069/8031 matched
2026-08-24 01:02:41,448 INFO ncaa_identity: contest_id=515197 teams 947/1799 matched, players 296/646 matched
2026-08-24 01:02:43,036 INFO ncaa_identity: contest_id=515362 teams 2316/2316 matched, players 5944/6494 matched
2026-08-24 01:02:44,272 INFO ncaa_identity: contest_id=515380 teams 2157/2157 matched, players 5395/6045 matched
2026-08-24 01:02:47,279 INFO ncaa_identity: contest_id=515407 teams 2670/2670 matched, players 6892/7502 matched
2026-08-24 01:02:48,968 INFO ncaa_identity: contest_id=515422 teams 2413/2413 matched, players 6428/6777 matched
2026-08-24 01:02:50,937 INFO ncaa_identity: contest_id=515480 teams 1529/2964 matched, players 3406/8374 matched
2026-08-24 01:02:54,074 INFO ncaa_identity: contest_id=515566 teams 2477/2477 matched, players 6329/6960 matched
2026-08-24 01:02:57,086 INFO ncaa_identity: contest_id=515588 teams 2015/2015 matched, players 5603/5660 matched
2026-08-24 01:02:58,634 INFO ncaa_identity: contest_id=515598 teams 1171/2318 matched, players 3165/6502 matched
2026-08-24 01:03:00,363 INFO ncaa_identity: contest_id=515614 teams 1151/2318 matched, players 3320/6578 matched
2026-08-24 01:03:01,977 INFO ncaa_identity: contest_id=515643 teams 1216/2426 matched, players 3347/6786 matched
2026-08-24 01:03:05,121 INFO ncaa_identity: contest_id=515689 teams 2663/2663 matched, players 7466/7534 matched
2026-08-24 01:03:08,268 INFO ncaa_identity: contest_id=515724 teams 2990/2990 matched, players 8112/8502 matched
2026-08-24 01:03:09,823 INFO ncaa_identity: contest_id=515757 teams 1397/2611 matched, players 3692/7367 matched
2026-08-24 01:03:11,216 INFO ncaa_identity: contest_id=515791 teams 1221/2419 matched, players 3417/6837 matched
2026-08-24 01:03:14,651 INFO ncaa_identity: contest_id=515848 teams 1272/2449 matched, players 3419/6834 matched
2026-08-24 01:03:16,649 INFO ncaa_identity: contest_id=515867 teams 2523/2523 matched, players 6671/7097 matched
2026-08-24 01:03:19,586 INFO ncaa_identity: contest_id=515932 teams 1154/2327 matched, players 2892/6543 matched
2026-08-24 01:03:21,380 INFO ncaa_identity: contest_id=515985 teams 2247/2247 matched, players 6106/6340 matched
2026-08-24 01:03:22,556 INFO ncaa_identity: contest_id=516015 teams 1132/2291 matched, players 3151/6467 matched
2026-08-24 01:03:26,680 INFO ncaa_identity: contest_id=516079 teams 1169/2224 matched, players 3185/6274 matched
2026-08-24 01:03:32,668 INFO ncaa_identity: contest_id=516154 teams 2417/2417 matched, players 6695/6758 matched
2026-08-24 01:03:34,437 INFO ncaa_identity: contest_id=516196 teams 1202/2437 matched, players 3141/6846 matched
2026-08-24 01:03:35,739 INFO ncaa_identity: contest_id=516237 teams 2194/2194 matched, players 6038/6146 matched
2026-08-24 01:03:39,188 INFO ncaa_identity: contest_id=516309 teams 1344/2620 matched, players 3718/7402 matched
2026-08-24 01:03:42,152 INFO ncaa_identity: contest_id=516371 teams 1364/2695 matched, players 3830/7602 matched
2026-08-24 01:03:43,458 INFO ncaa_identity: contest_id=516389 teams 2479/2479 matched, players 6183/7001 matched
2026-08-24 01:03:45,113 INFO ncaa_identity: contest_id=516418 teams 2455/2455 matched, players 6572/6897 matched
2026-08-24 01:03:46,498 INFO ncaa_identity: contest_id=516461 teams 1180/2425 matched, players 3411/6853 matched
2026-08-24 01:03:48,424 INFO ncaa_identity: contest_id=516533 teams 1391/2692 matched, players 3520/7564 matched
2026-08-24 01:03:53,995 INFO ncaa_identity: contest_id=516707 teams 1379/2656 matched, players 3597/7479 matched
2026-08-24 01:03:57,072 INFO ncaa_identity: contest_id=516734 teams 1416/2703 matched, players 3619/7585 matched
2026-08-24 01:03:58,839 INFO ncaa_identity: contest_id=516754 teams 2019/2019 matched, players 5539/5679 matched
2026-08-24 01:04:01,387 INFO ncaa_identity: contest_id=516779 teams 2251/2251 matched, players 5861/6358 matched
2026-08-24 01:04:02,955 INFO ncaa_identity: contest_id=516795 teams 2549/2549 matched, players 6720/7194 matched
2026-08-24 01:04:09,066 INFO ncaa_identity: contest_id=516881 teams 2460/2460 matched, players 6491/6928 matched
2026-08-24 01:04:10,573 INFO ncaa_identity: contest_id=516920 teams 1144/2264 matched, players 3112/6361 matched
2026-08-24 01:04:17,955 INFO ncaa_identity: contest_id=517139 teams 2364/2364 matched, players 5495/6678 matched
2026-08-24 01:04:24,214 INFO ncaa_identity: contest_id=517204 teams 2356/2356 matched, players 6508/6652 matched
2026-08-24 01:04:27,960 INFO ncaa_identity: contest_id=517256 teams 1975/1975 matched, players 5071/5560 matched
2026-08-24 01:04:30,691 INFO ncaa_identity: contest_id=517280 teams 2157/2157 matched, players 5724/6024 matched
2026-08-24 01:04:32,311 INFO ncaa_identity: contest_id=517290 teams 2338/2338 matched, players 5971/6573 matched
2026-08-24 01:04:33,564 INFO ncaa_identity: contest_id=517300 teams 2213/2213 matched, players 5752/6248 matched
2026-08-24 01:04:48,211 INFO ncaa_identity: contest_id=517523 teams 2248/2248 matched, players 5144/6342 matched
2026-08-24 01:04:51,015 INFO ncaa_identity: contest_id=517620 teams 1263/2588 matched, players 3701/7350 matched
2026-08-24 01:04:52,375 INFO ncaa_identity: contest_id=517651 teams 2370/2370 matched, players 6098/6691 matched
2026-08-24 01:04:53,738 INFO ncaa_identity: contest_id=517676 teams 2390/2390 matched, players 6515/6692 matched
2026-08-24 01:04:55,295 INFO ncaa_identity: contest_id=517736 teams 2326/2326 matched, players 6346/6560 matched
2026-08-24 01:04:57,748 INFO ncaa_identity: contest_id=517779 teams 2344/2344 matched, players 6254/6615 matched
2026-08-24 01:05:03,151 INFO ncaa_identity: contest_id=517871 teams 2085/2085 matched, players 5713/5856 matched
2026-08-24 01:05:04,385 INFO ncaa_identity: contest_id=517893 teams 1218/2397 matched, players 3418/6812 matched
2026-08-24 01:05:05,485 INFO ncaa_identity: contest_id=517930 teams 2118/2118 matched, players 5840/5960 matched
2026-08-24 01:05:10,543 INFO ncaa_identity: contest_id=518012 teams 1326/2566 matched, players 3578/7253 matched
2026-08-24 01:05:11,669 INFO ncaa_identity: contest_id=518063 teams 2415/2415 matched, players 6228/6811 matched
2026-08-24 01:05:14,054 INFO ncaa_identity: contest_id=518100 teams 2020/2020 matched, players 5383/5671 matched
2026-08-24 01:05:16,647 INFO ncaa_identity: contest_id=518151 teams 2417/2417 matched, players 6669/6821 matched
2026-08-24 01:05:20,525 INFO ncaa_identity: contest_id=518262 teams 857/1613 matched, players 376/607 matched
2026-08-24 01:05:21,595 INFO ncaa_identity: contest_id=518294 teams 2269/2269 matched, players 6231/6419 matched
2026-08-24 01:05:23,058 INFO ncaa_identity: contest_id=518328 teams 2338/2338 matched, players 6064/6561 matched
2026-08-24 01:05:28,775 INFO ncaa_identity: contest_id=518503 teams 2564/2564 matched, players 6775/7231 matched
2026-08-24 01:05:32,096 INFO ncaa_identity: contest_id=518570 teams 2078/2078 matched, players 5676/5834 matched
2026-08-24 01:05:33,758 INFO ncaa_identity: contest_id=518603 teams 1956/1956 matched, players 5499/5525 matched
2026-08-24 01:05:39,633 INFO ncaa_identity: contest_id=518681 teams 2575/2575 matched, players 6200/7267 matched
2026-08-24 01:05:41,262 INFO ncaa_identity: contest_id=518731 teams 1178/2367 matched, players 3370/6677 matched
2026-08-24 01:05:42,581 INFO ncaa_identity: contest_id=518820 teams 823/1636 matched, players 233/473 matched
2026-08-24 01:05:46,540 INFO ncaa_identity: contest_id=518913 teams 2618/2618 matched, players 7023/7373 matched
2026-08-24 01:05:47,650 INFO ncaa_identity: contest_id=518925 teams 2273/2273 matched, players 6006/6413 matched
2026-08-24 01:05:50,579 INFO ncaa_identity: contest_id=518966 teams 1314/2598 matched, players 3697/7342 matched
2026-08-24 01:05:52,910 INFO ncaa_identity: contest_id=519006 teams 1101/2164 matched, players 2998/6039 matched
2026-08-24 01:05:53,968 INFO ncaa_identity: contest_id=519031 teams 2143/2143 matched, players 6019/6029 matched
2026-08-24 01:05:55,879 INFO ncaa_identity: contest_id=519053 teams 2812/2812 matched, players 7842/7952 matched
2026-08-24 01:05:57,286 INFO ncaa_identity: contest_id=519086 teams 2760/2760 matched, players 7444/7773 matched
2026-08-24 01:06:00,135 INFO ncaa_identity: contest_id=519128 teams 2285/2285 matched, players 6386/6399 matched
2026-08-24 01:06:02,852 INFO ncaa_identity: contest_id=519196 teams 2235/2235 matched, players 6284/6294 matched
2026-08-24 01:06:04,330 INFO ncaa_identity: contest_id=519222 teams 1233/2548 matched, players 3520/7149 matched
2026-08-24 01:06:06,850 INFO ncaa_identity: contest_id=519328 teams 2546/2546 matched, players 7071/7100 matched
2026-08-24 01:06:09,696 INFO ncaa_identity: contest_id=519367 teams 2185/2185 matched, players 5889/6145 matched
2026-08-24 01:06:12,537 INFO ncaa_identity: contest_id=519391 teams 2422/2422 matched, players 6346/6816 matched
2026-08-24 01:06:15,261 INFO ncaa_identity: contest_id=519440 teams 2551/2551 matched, players 6774/7172 matched
2026-08-24 01:06:16,300 INFO ncaa_identity: contest_id=519512 teams 1108/2180 matched, players 3087/6204 matched
2026-08-24 01:06:17,749 INFO ncaa_identity: contest_id=519579 teams 2090/2090 matched, players 5390/5874 matched
2026-08-24 01:06:22,841 INFO ncaa_identity: contest_id=519641 teams 1227/2450 matched, players 3468/6901 matched
2026-08-24 01:06:27,058 INFO ncaa_identity: contest_id=519736 teams 2309/2309 matched, players 6095/6443 matched
2026-08-24 01:06:30,066 INFO ncaa_identity: contest_id=519778 teams 1412/2914 matched, players 4019/8280 matched
2026-08-24 01:06:33,371 INFO ncaa_identity: contest_id=519845 teams 2421/2421 matched, players 6351/6756 matched
2026-08-24 01:06:36,527 INFO ncaa_identity: contest_id=519881 teams 2368/2368 matched, players 5484/6675 matched
2026-08-24 01:06:37,687 INFO ncaa_identity: contest_id=519908 teams 2254/2254 matched, players 6231/6364 matched
2026-08-24 01:06:43,777 INFO ncaa_identity: contest_id=520046 teams 2282/2282 matched, players 5982/6394 matched
2026-08-24 01:06:46,666 INFO ncaa_identity: contest_id=520076 teams 1243/2462 matched, players 3482/6919 matched
2026-08-24 01:06:47,692 INFO ncaa_identity: contest_id=520111 teams 1078/2148 matched, players 2991/6051 matched
2026-08-24 01:06:50,526 INFO ncaa_identity: contest_id=520162 teams 2367/2367 matched, players 5880/6643 matched
2026-08-24 01:06:51,934 INFO ncaa_identity: contest_id=520183 teams 2403/2403 matched, players 6299/6739 matched
2026-08-24 01:06:53,502 INFO ncaa_identity: contest_id=520201 teams 2556/2556 matched, players 6661/7196 matched
2026-08-24 01:06:54,739 INFO ncaa_identity: contest_id=520222 teams 1387/2658 matched, players 3689/7447 matched
2026-08-24 01:06:57,603 INFO ncaa_identity: contest_id=520253 teams 1391/2759 matched, players 3872/7790 matched
2026-08-24 01:06:59,088 INFO ncaa_identity: contest_id=520316 teams 1248/2379 matched, players 3350/6709 matched
2026-08-24 01:07:05,917 INFO ncaa_identity: contest_id=520427 teams 2303/2303 matched, players 6458/6468 matched
2026-08-24 01:07:08,625 INFO ncaa_identity: contest_id=520474 teams 2421/2421 matched, players 6419/6837 matched
2026-08-24 01:07:11,469 INFO ncaa_identity: contest_id=520496 teams 2334/2334 matched, players 6119/6528 matched
2026-08-24 01:07:12,560 INFO ncaa_identity: contest_id=520506 teams 2174/2174 matched, players 5841/6140 matched
2026-08-24 01:07:15,134 INFO ncaa_identity: contest_id=520527 teams 1983/1983 matched, players 662/687 matched
2026-08-24 01:07:16,487 INFO ncaa_identity: contest_id=520544 teams 1297/2525 matched, players 3645/7128 matched
2026-08-24 01:07:21,945 INFO ncaa_identity: contest_id=520585 teams 2074/2074 matched, players 5522/5823 matched
2026-08-24 01:07:23,418 INFO ncaa_identity: contest_id=520595 teams 2689/2689 matched, players 7532/7606 matched
2026-08-24 01:07:30,118 INFO ncaa_identity: contest_id=520649 teams 2155/2155 matched, players 5999/6105 matched
2026-08-24 01:07:32,656 INFO ncaa_identity: contest_id=520670 teams 2455/2455 matched, players 6611/6939 matched
2026-08-24 01:07:34,077 INFO ncaa_identity: contest_id=520683 teams 1177/2286 matched, players 3224/6410 matched
2026-08-24 01:07:36,699 INFO ncaa_identity: contest_id=520720 teams 2546/2546 matched, players 6711/7118 matched
2026-08-24 01:07:37,835 INFO ncaa_identity: contest_id=520735 teams 1258/2473 matched, players 3513/7020 matched
2026-08-24 01:07:39,013 INFO ncaa_identity: contest_id=520747 teams 1222/2402 matched, players 3335/6734 matched
2026-08-24 01:07:42,127 INFO ncaa_identity: contest_id=520822 teams 2078/2078 matched, players 5341/5860 matched
2026-08-24 01:07:43,466 INFO ncaa_identity: contest_id=520836 teams 2132/2132 matched, players 5841/5985 matched
2026-08-24 01:07:44,672 INFO ncaa_identity: contest_id=520849 teams 2159/2159 matched, players 5977/6046 matched
2026-08-24 01:07:46,398 INFO ncaa_identity: contest_id=520861 teams 2437/2437 matched, players 5823/6831 matched
2026-08-24 01:07:47,804 INFO ncaa_identity: contest_id=520875 teams 2693/2693 matched, players 7237/7582 matched
2026-08-24 01:07:49,056 INFO ncaa_identity: contest_id=520896 teams 1275/2472 matched, players 3625/7001 matched
2026-08-24 01:07:50,466 INFO ncaa_identity: contest_id=520920 teams 1307/2517 matched, players 3063/7097 matched
2026-08-24 01:07:51,661 INFO ncaa_identity: contest_id=520968 teams 2565/2565 matched, players 6804/7276 matched
2026-08-24 01:07:59,975 INFO ncaa_identity: contest_id=521095 teams 1169/2234 matched, players 3152/6264 matched
2026-08-24 01:08:01,093 INFO ncaa_identity: contest_id=521128 teams 2369/2369 matched, players 6598/6660 matched
2026-08-24 01:08:02,412 INFO ncaa_identity: contest_id=521150 teams 1968/1968 matched, players 5202/5531 matched
2026-08-24 01:08:08,656 INFO ncaa_identity: contest_id=521275 teams 2540/2540 matched, players 7127/7200 matched
2026-08-24 01:08:14,631 INFO ncaa_identity: contest_id=521360 teams 2233/2233 matched, players 6148/6266 matched
2026-08-24 01:08:15,884 INFO ncaa_identity: contest_id=521381 teams 2042/2042 matched, players 4641/5708 matched
2026-08-24 01:08:18,422 INFO 5 starters not found for period 3; using estimate
2026-08-24 01:08:19,733 INFO ncaa_identity: contest_id=521422 teams 2606/2606 matched, players 6888/7353 matched
2026-08-24 01:08:21,679 INFO ncaa_identity: contest_id=521495 teams 2835/2835 matched, players 7389/8031 matched
2026-08-24 01:08:22,829 INFO ncaa_identity: contest_id=521589 teams 2307/2307 matched, players 6444/6525 matched
2026-08-24 01:08:24,538 INFO ncaa_identity: contest_id=521613 teams 2516/2516 matched, players 6918/7093 matched
2026-08-24 01:08:25,671 INFO ncaa_identity: contest_id=521635 teams 2456/2456 matched, players 6355/6930 matched
2026-08-24 01:08:27,258 INFO ncaa_identity: contest_id=521658 teams 2359/2359 matched, players 6617/6624 matched
2026-08-24 01:08:28,739 INFO ncaa_identity: contest_id=521684 teams 1337/2714 matched, players 3816/7664 matched
2026-08-24 01:08:36,756 INFO ncaa_identity: contest_id=521838 teams 2221/2221 matched, players 5897/6184 matched
2026-08-24 01:08:41,259 INFO ncaa_identity: contest_id=521945 teams 1967/1967 matched, players 5110/5562 matched
2026-08-24 01:08:42,700 INFO ncaa_identity: contest_id=521979 teams 1876/1876 matched, players 5248/5272 matched
2026-08-24 01:08:44,015 INFO ncaa_identity: contest_id=521996 teams 2169/2169 matched, players 5686/6134 matched
2026-08-24 01:08:48,648 INFO ncaa_identity: contest_id=522115 teams 2534/2534 matched, players 6565/7149 matched
2026-08-24 01:08:54,969 INFO ncaa_identity: contest_id=522272 teams 2104/2104 matched, players 5502/5929 matched
2026-08-24 01:08:59,915 INFO ncaa_identity: contest_id=522370 teams 2454/2454 matched, players 6432/6915 matched
2026-08-24 01:09:06,079 INFO ncaa_identity: contest_id=522456 teams 2492/2492 matched, players 6558/7036 matched
2026-08-24 01:09:13,069 INFO ncaa_identity: contest_id=522555 teams 2504/2504 matched, players 6884/7068 matched
2026-08-24 01:09:16,305 INFO ncaa_identity: contest_id=522738 teams 2350/2350 matched, players 6110/6622 matched
2026-08-24 01:09:22,320 INFO ncaa_identity: contest_id=522846 teams 2039/2039 matched, players 5359/5720 matched
2026-08-24 01:09:23,751 INFO ncaa_identity: contest_id=522891 teams 1822/1822 matched, players 5046/5074 matched
2026-08-24 01:09:25,366 INFO ncaa_identity: contest_id=522911 teams 2035/2035 matched, players 5396/5737 matched
2026-08-24 01:09:26,494 INFO ncaa_identity: contest_id=522961 teams 1037/2044 matched, players 2928/5780 matched
2026-08-24 01:09:29,175 INFO ncaa_identity: contest_id=523035 teams 2237/2237 matched, players 5879/6314 matched
2026-08-24 01:09:38,811 INFO ncaa_identity: contest_id=523229 teams 1211/2457 matched, players 2980/6922 matched
2026-08-24 01:09:43,285 INFO ncaa_identity: contest_id=523340 teams 2135/2135 matched, players 858/862 matched
2026-08-24 01:09:46,165 INFO ncaa_identity: contest_id=523425 teams 2440/2440 matched, players 6616/6893 matched
2026-08-24 01:09:50,482 INFO ncaa_identity: contest_id=523504 teams 2479/2479 matched, players 6368/6924 matched
2026-08-24 01:09:57,977 INFO ncaa_identity: contest_id=523620 teams 2217/2217 matched, players 5708/6206 matched
2026-08-24 01:10:02,759 INFO ncaa_identity: contest_id=523669 teams 2615/2615 matched, players 6629/7372 matched
2026-08-24 01:10:04,122 INFO ncaa_identity: contest_id=523731 teams 2198/2198 matched, players 6170/6172 matched
2026-08-24 01:10:06,004 INFO ncaa_identity: contest_id=523863 teams 2148/2148 matched, players 6011/6070 matched
2026-08-24 01:10:10,803 INFO ncaa_identity: contest_id=523924 teams 2109/2109 matched, players 5425/5879 matched
2026-08-24 01:10:14,341 INFO ncaa_identity: contest_id=523969 teams 1212/2445 matched, players 3515/6942 matched
2026-08-24 01:10:19,623 INFO ncaa_identity: contest_id=524115 teams 1835/1835 matched, players 5019/5114 matched
2026-08-24 01:10:20,887 INFO ncaa_identity: contest_id=524148 teams 2474/2474 matched, players 6641/7013 matched
2026-08-24 01:10:27,907 INFO ncaa_identity: contest_id=524288 teams 2082/2082 matched, players 4994/5836 matched
2026-08-24 01:10:29,076 INFO ncaa_identity: contest_id=524301 teams 2153/2153 matched, players 5829/6070 matched
2026-08-24 01:10:30,514 INFO ncaa_identity: contest_id=524317 teams 2280/2280 matched, players 6396/6444 matched
2026-08-24 01:10:32,138 INFO ncaa_identity: contest_id=524329 teams 2122/2122 matched, players 5865/5956 matched
2026-08-24 01:10:34,931 INFO ncaa_identity: contest_id=524369 teams 1879/1879 matched, players 5125/5248 matched
2026-08-24 01:10:35,067 INFO 5 starters not found for period 3; using estimate
2026-08-24 01:10:36,849 INFO ncaa_identity: contest_id=524422 teams 2628/2628 matched, players 7042/7457 matched
2026-08-24 01:10:41,440 INFO ncaa_identity: contest_id=524571 teams 3258/3258 matched, players 9182/9227 matched
2026-08-24 01:10:47,966 INFO ncaa_identity: contest_id=524657 teams 2199/2199 matched, players 5973/6193 matched
2026-08-24 01:10:55,733 INFO ncaa_identity: contest_id=524767 teams 2186/2186 matched, players 5954/6146 matched
2026-08-24 01:11:00,950 INFO ncaa_identity: contest_id=524967 teams 1143/2354 matched, players 3300/6581 matched
2026-08-24 01:11:02,253 INFO ncaa_identity: contest_id=524977 teams 2272/2272 matched, players 6111/6406 matched
2026-08-24 01:11:04,137 INFO ncaa_identity: contest_id=525014 teams 2520/2520 matched, players 6042/7084 matched
2026-08-24 01:11:13,113 INFO ncaa_identity: contest_id=525149 teams 2604/2604 matched, players 6874/7327 matched
2026-08-24 01:11:16,213 INFO ncaa_identity: contest_id=525204 teams 2078/2078 matched, players 5637/5897 matched
2026-08-24 01:11:16,327 INFO 5 starters not found for period 3; using estimate
2026-08-24 01:11:19,221 INFO ncaa_identity: contest_id=525310 teams 2303/2303 matched, players 5967/6495 matched
2026-08-24 01:11:20,575 INFO ncaa_identity: contest_id=525325 teams 1232/2440 matched, players 3447/6871 matched
2026-08-24 01:11:24,762 INFO ncaa_identity: contest_id=525385 teams 2074/2074 matched, players 5720/5856 matched
2026-08-24 01:11:39,809 INFO ncaa_identity: contest_id=525726 teams 2422/2422 matched, players 6527/6779 matched
2026-08-24 01:11:42,699 INFO ncaa_identity: contest_id=525778 teams 2284/2284 matched, players 6371/6406 matched
2026-08-24 01:11:44,371 INFO ncaa_identity: contest_id=525794 teams 2299/2299 matched, players 5528/6413 matched
2026-08-24 01:11:45,680 INFO ncaa_identity: contest_id=525812 teams 2268/2268 matched, players 6164/6392 matched
2026-08-24 01:11:48,485 INFO ncaa_identity: contest_id=525899 teams 2412/2412 matched, players 6780/6809 matched
2026-08-24 01:11:49,595 INFO ncaa_identity: contest_id=526032 teams 2241/2241 matched, players 6022/6327 matched
2026-08-24 01:11:51,426 INFO ncaa_identity: contest_id=526056 teams 2240/2240 matched, players 6174/6311 matched
2026-08-24 01:11:58,906 INFO ncaa_identity: contest_id=526192 teams 2006/2006 matched, players 5589/5628 matched
2026-08-24 01:11:59,958 INFO ncaa_identity: contest_id=526228 teams 1692/1692 matched, players 4476/4761 matched
2026-08-24 01:12:01,259 INFO ncaa_identity: contest_id=526274 teams 2485/2485 matched, players 6878/7016 matched
2026-08-24 01:12:02,876 INFO ncaa_identity: contest_id=526295 teams 2423/2423 matched, players 6486/6845 matched
2026-08-24 01:12:08,432 INFO ncaa_identity: contest_id=526439 teams 2091/2091 matched, players 5877/5898 matched
2026-08-24 01:12:12,690 INFO ncaa_identity: contest_id=526485 teams 1617/1617 matched, players 583/594 matched
2026-08-24 01:12:14,459 INFO ncaa_identity: contest_id=526557 teams 2439/2439 matched, players 6728/6834 matched
2026-08-24 01:12:17,728 INFO ncaa_identity: contest_id=526653 teams 2259/2259 matched, players 6027/6379 matched
2026-08-24 01:12:19,035 INFO ncaa_identity: contest_id=526689 teams 1894/1894 matched, players 5233/5316 matched
2026-08-24 01:12:22,329 INFO ncaa_identity: contest_id=526735 teams 2375/2375 matched, players 5988/6633 matched
2026-08-24 01:12:23,511 INFO ncaa_identity: contest_id=526763 teams 2073/2073 matched, players 5292/5829 matched
2026-08-24 01:12:34,004 INFO ncaa_identity: contest_id=526888 teams 2467/2467 matched, players 6538/6939 matched
2026-08-24 01:12:36,847 INFO ncaa_identity: contest_id=527079 teams 2471/2471 matched, players 6827/6950 matched
2026-08-24 01:12:40,211 INFO ncaa_identity: contest_id=527122 teams 2381/2381 matched, players 6481/6725 matched
2026-08-24 01:12:42,787 INFO ncaa_identity: contest_id=527169 teams 840/1665 matched, players 359/619 matched
2026-08-24 01:12:56,068 INFO ncaa_identity: contest_id=527498 teams 1097/2186 matched, players 3072/6134 matched
2026-08-24 01:12:59,915 INFO ncaa_identity: contest_id=527546 teams 2405/2405 matched, players 6713/6772 matched
2026-08-24 01:13:01,048 INFO ncaa_identity: contest_id=527559 teams 2300/2300 matched, players 6373/6477 matched
2026-08-24 01:13:02,461 INFO ncaa_identity: contest_id=527623 teams 2120/2120 matched, players 5630/5981 matched
2026-08-24 01:13:11,775 INFO ncaa_identity: contest_id=527848 teams 2271/2271 matched, players 6006/6392 matched
2026-08-24 01:13:23,694 INFO ncaa_identity: contest_id=528186 teams 1593/1593 matched, players 4212/4482 matched
2026-08-24 01:13:25,360 INFO ncaa_identity: contest_id=528197 teams 2136/2136 matched, players 5966/5982 matched
2026-08-24 01:13:29,433 INFO ncaa_identity: contest_id=528277 teams 1830/1830 matched, players 5100/5102 matched
2026-08-24 01:13:30,678 INFO ncaa_identity: contest_id=528307 teams 2201/2201 matched, players 5743/6165 matched
2026-08-24 01:13:31,978 INFO ncaa_identity: contest_id=528348 teams 1108/2177 matched, players 2772/6102 matched
2026-08-24 01:13:38,450 INFO ncaa_identity: contest_id=528483 teams 2255/2255 matched, players 5917/6366 matched
2026-08-24 01:13:45,032 INFO ncaa_identity: contest_id=528624 teams 2210/2210 matched, players 6012/6165 matched
2026-08-24 01:13:48,036 INFO ncaa_identity: contest_id=528695 teams 1855/1855 matched, players 4479/5231 matched
2026-08-24 01:13:50,933 INFO ncaa_identity: contest_id=528797 teams 2274/2274 matched, players 6321/6391 matched
2026-08-24 01:13:58,418 INFO ncaa_identity: contest_id=528909 teams 2476/2476 matched, players 6411/6987 matched
2026-08-24 01:14:06,578 INFO ncaa_identity: contest_id=529018 teams 2175/2175 matched, players 5982/6154 matched
2026-08-24 01:14:12,333 INFO ncaa_identity: contest_id=529239 teams 2395/2395 matched, players 6516/6733 matched
2026-08-24 01:14:17,679 INFO ncaa_identity: contest_id=529333 teams 1823/1823 matched, players 4714/5124 matched
2026-08-24 01:14:20,716 INFO ncaa_identity: contest_id=529441 teams 2078/2078 matched, players 5396/5811 matched
2026-08-24 01:14:23,684 INFO ncaa_identity: contest_id=529466 teams 2592/2592 matched, players 6863/7328 matched
2026-08-24 01:14:25,056 INFO ncaa_identity: contest_id=529478 teams 2293/2293 matched, players 6051/6439 matched
2026-08-24 01:14:26,389 INFO ncaa_identity: contest_id=529534 teams 2369/2369 matched, players 5865/6658 matched
2026-08-24 01:14:27,874 INFO ncaa_identity: contest_id=529546 teams 2189/2189 matched, players 5716/6180 matched
2026-08-24 01:14:36,225 INFO ncaa_identity: contest_id=529728 teams 2323/2323 matched, players 6366/6554 matched
2026-08-24 01:14:41,512 INFO ncaa_identity: contest_id=529804 teams 2124/2124 matched, players 5507/6001 matched
2026-08-24 01:14:47,265 INFO ncaa_identity: contest_id=529846 teams 2438/2438 matched, players 6337/6900 matched
2026-08-24 01:14:48,442 INFO ncaa_identity: contest_id=529856 teams 1891/1891 matched, players 5168/5319 matched
2026-08-24 01:14:49,814 INFO ncaa_identity: contest_id=529869 teams 2348/2348 matched, players 6552/6575 matched
2026-08-24 01:14:52,644 INFO ncaa_identity: contest_id=529890 teams 2549/2549 matched, players 6673/7207 matched
2026-08-24 01:14:55,694 INFO ncaa_identity: contest_id=529952 teams 1104/2169 matched, players 3091/6134 matched
2026-08-24 01:14:57,269 INFO ncaa_identity: contest_id=530036 teams 2223/2223 matched, players 5954/6290 matched
2026-08-24 01:14:58,650 INFO ncaa_identity: contest_id=530049 teams 2648/2648 matched, players 7034/7471 matched
2026-08-24 01:15:00,126 INFO ncaa_identity: contest_id=530085 teams 1601/1601 matched, players 500/520 matched
2026-08-24 01:15:03,125 INFO 5 starters not found for period 3; using estimate
2026-08-24 01:15:04,729 INFO ncaa_identity: contest_id=530125 teams 3133/3133 matched, players 8791/8838 matched
2026-08-24 01:15:07,235 INFO ncaa_identity: contest_id=530163 teams 1982/1982 matched, players 5484/5575 matched
2026-08-24 01:15:14,402 INFO ncaa_identity: contest_id=530244 teams 2314/2314 matched, players 6336/6539 matched
2026-08-24 01:15:17,133 INFO ncaa_identity: contest_id=530264 teams 2092/2092 matched, players 5600/5865 matched
2026-08-24 01:15:18,415 INFO ncaa_identity: contest_id=530276 teams 2039/2039 matched, players 5644/5694 matched
2026-08-24 01:15:19,803 INFO ncaa_identity: contest_id=530305 teams 2187/2187 matched, players 5725/6168 matched
2026-08-24 01:15:24,138 INFO ncaa_identity: contest_id=530393 teams 2160/2160 matched, players 4974/6040 matched
2026-08-24 01:15:27,244 INFO ncaa_identity: contest_id=530413 teams 2403/2403 matched, players 6619/6752 matched
2026-08-24 01:15:36,190 INFO ncaa_identity: contest_id=530473 teams 2248/2248 matched, players 6170/6319 matched
2026-08-24 01:15:40,671 INFO ncaa_identity: contest_id=530561 teams 1882/1882 matched, players 4924/5278 matched
2026-08-24 01:15:42,305 INFO ncaa_identity: contest_id=530571 teams 2663/2663 matched, players 7345/7552 matched
2026-08-24 01:15:43,882 INFO ncaa_identity: contest_id=530596 teams 1022/2131 matched, players 2962/5992 matched
2026-08-24 01:15:44,946 INFO ncaa_identity: contest_id=530607 teams 2069/2069 matched, players 5566/5820 matched
2026-08-24 01:15:48,082 INFO ncaa_identity: contest_id=530627 teams 2321/2321 matched, players 5928/6528 matched
2026-08-24 01:15:52,230 INFO ncaa_identity: contest_id=530658 teams 2338/2338 matched, players 6468/6589 matched
2026-08-24 01:15:53,719 INFO ncaa_identity: contest_id=530672 teams 2391/2391 matched, players 6672/6698 matched
2026-08-24 01:15:55,203 INFO ncaa_identity: contest_id=530683 teams 2652/2652 matched, players 7007/7505 matched
2026-08-24 01:15:56,364 INFO ncaa_identity: contest_id=530693 teams 2109/2109 matched, players 5628/5921 matched
2026-08-24 01:15:59,244 INFO ncaa_identity: contest_id=530714 teams 2637/2637 matched, players 6954/7451 matched
2026-08-24 01:16:06,265 INFO ncaa_identity: contest_id=530781 teams 1886/1886 matched, players 4988/5323 matched
2026-08-24 01:16:07,718 INFO ncaa_identity: contest_id=530810 teams 2260/2260 matched, players 5858/6364 matched
2026-08-24 01:16:14,827 INFO ncaa_identity: contest_id=530899 teams 2836/2836 matched, players 7972/8059 matched
2026-08-24 01:16:17,696 INFO ncaa_identity: contest_id=530922 teams 2727/2727 matched, players 6423/7663 matched
2026-08-24 01:16:19,880 INFO ncaa_identity: contest_id=530933 teams 2427/2427 matched, players 6245/6850 matched
2026-08-24 01:16:21,149 INFO ncaa_identity: contest_id=530944 teams 2010/2010 matched, players 5383/5642 matched
2026-08-24 01:16:24,143 INFO ncaa_identity: contest_id=530967 teams 2258/2258 matched, players 5791/6361 matched
2026-08-24 01:16:28,441 INFO ncaa_identity: contest_id=531003 teams 2602/2602 matched, players 7023/7359 matched
2026-08-24 01:16:33,212 INFO ncaa_identity: contest_id=239458 teams 1623/3056 matched, players 4380/8608 matched
2026-08-24 01:16:35,017 INFO ncaa_identity: contest_id=239472 teams 2896/2896 matched, players 8123/8153 matched
2026-08-24 01:16:36,397 INFO ncaa_identity: contest_id=239488 teams 2827/2827 matched, players 7903/7977 matched
2026-08-24 01:16:38,040 INFO ncaa_identity: contest_id=239500 teams 2460/2460 matched, players 6546/6908 matched
2026-08-24 01:16:41,154 INFO ncaa_identity: contest_id=239535 teams 2824/2824 matched, players 7452/7930 matched
2026-08-24 01:16:42,667 INFO ncaa_identity: contest_id=239550 teams 1278/2594 matched, players 3690/7303 matched
2026-08-24 01:16:44,630 INFO ncaa_identity: contest_id=239564 teams 2485/2485 matched, players 6493/6985 matched
2026-08-24 01:16:47,687 INFO ncaa_identity: contest_id=239604 teams 2172/2172 matched, players 6054/6122 matched
2026-08-24 01:16:48,942 INFO ncaa_identity: contest_id=239622 teams 1244/2541 matched, players 3652/7149 matched
2026-08-24 01:16:50,727 INFO ncaa_identity: contest_id=239638 teams 3011/3011 matched, players 8487/8508 matched
2026-08-24 01:16:52,323 INFO ncaa_identity: contest_id=239662 teams 2301/2301 matched, players 6317/6466 matched
2026-08-24 01:16:53,800 INFO ncaa_identity: contest_id=239677 teams 2315/2315 matched, players 5934/6553 matched
2026-08-24 01:16:55,722 INFO ncaa_identity: contest_id=239693 teams 1722/3382 matched, players 4796/9478 matched
2026-08-24 01:16:57,293 INFO ncaa_identity: contest_id=239777 teams 1334/2612 matched, players 3691/7328 matched
2026-08-24 01:16:58,977 INFO ncaa_identity: contest_id=239828 teams 2517/2517 matched, players 6525/7085 matched
2026-08-24 01:17:00,372 INFO ncaa_identity: contest_id=239870 teams 2952/2952 matched, players 7515/8378 matched
2026-08-24 01:17:02,144 INFO ncaa_identity: contest_id=239898 teams 1307/2623 matched, players 3689/7376 matched
2026-08-24 01:17:03,431 INFO ncaa_identity: contest_id=239955 teams 1203/2476 matched, players 3572/7016 matched
2026-08-24 01:17:04,967 INFO ncaa_identity: contest_id=240074 teams 2413/2413 matched, players 6476/6800 matched
2026-08-24 01:17:06,178 INFO ncaa_identity: contest_id=240100 teams 2471/2471 matched, players 6628/6987 matched
2026-08-24 01:17:07,794 INFO ncaa_identity: contest_id=240125 teams 1378/2737 matched, players 3890/7759 matched
2026-08-24 01:17:09,229 INFO ncaa_identity: contest_id=240140 teams 2418/2418 matched, players 6701/6832 matched
2026-08-24 01:17:12,314 INFO ncaa_identity: contest_id=240190 teams 1036/2016 matched, players 379/695 matched
2026-08-24 01:17:15,594 INFO ncaa_identity: contest_id=240214 teams 1317/2529 matched, players 3590/7120 matched
2026-08-24 01:17:22,989 INFO ncaa_identity: contest_id=240274 teams 2286/2286 matched, players 6014/6412 matched
2026-08-24 01:17:25,823 INFO ncaa_identity: contest_id=240333 teams 2566/2566 matched, players 7007/7236 matched
2026-08-24 01:17:27,193 INFO ncaa_identity: contest_id=240366 teams 1200/2368 matched, players 3282/6636 matched
2026-08-24 01:17:28,396 INFO ncaa_identity: contest_id=240401 teams 1259/2542 matched, players 3482/7178 matched
2026-08-24 01:17:30,275 INFO ncaa_identity: contest_id=240431 teams 0/2860 matched, players 0/8045 matched
2026-08-24 01:17:33,260 INFO ncaa_identity: contest_id=240480 teams 2707/2707 matched, players 6958/7627 matched
2026-08-24 01:17:34,685 INFO ncaa_identity: contest_id=240501 teams 1295/2583 matched, players 3604/7240 matched
2026-08-24 01:17:36,805 INFO ncaa_identity: contest_id=240526 teams 2701/2701 matched, players 7337/7629 matched
2026-08-24 01:17:39,938 INFO ncaa_identity: contest_id=240604 teams 1567/3000 matched, players 4364/8537 matched
2026-08-24 01:17:43,358 INFO ncaa_identity: contest_id=240645 teams 1320/2655 matched, players 3759/7472 matched
2026-08-24 01:17:44,997 INFO ncaa_identity: contest_id=240663 teams 1411/2787 matched, players 4019/7914 matched
2026-08-24 01:17:46,706 INFO ncaa_identity: contest_id=240692 teams 2520/2520 matched, players 7011/7109 matched
2026-08-24 01:17:49,223 INFO ncaa_identity: contest_id=240722 teams 2356/2356 matched, players 6287/6630 matched
2026-08-24 01:17:51,016 INFO ncaa_identity: contest_id=240743 teams 1334/2688 matched, players 3779/7570 matched
2026-08-24 01:17:52,399 INFO ncaa_identity: contest_id=240776 teams 1198/2378 matched, players 3092/6701 matched
2026-08-24 01:17:53,770 INFO ncaa_identity: contest_id=240805 teams 2507/2507 matched, players 6665/7075 matched
2026-08-24 01:17:55,433 INFO ncaa_identity: contest_id=240854 teams 2453/2453 matched, players 6577/6924 matched
2026-08-24 01:17:58,367 INFO ncaa_identity: contest_id=240936 teams 1968/1968 matched, players 4897/5565 matched
2026-08-24 01:18:00,146 INFO ncaa_identity: contest_id=240975 teams 1191/2273 matched, players 3234/6402 matched
2026-08-24 01:18:03,117 INFO ncaa_identity: contest_id=241049 teams 2439/2439 matched, players 6633/6885 matched
2026-08-24 01:18:05,833 INFO ncaa_identity: contest_id=241115 teams 2305/2305 matched, players 6175/6474 matched
2026-08-24 01:18:08,873 INFO ncaa_identity: contest_id=241186 teams 1371/2796 matched, players 3745/7931 matched
2026-08-24 01:18:11,614 INFO ncaa_identity: contest_id=241319 teams 2432/2432 matched, players 6785/6818 matched
2026-08-24 01:18:13,087 INFO ncaa_identity: contest_id=241349 teams 2484/2484 matched, players 6789/7048 matched
2026-08-24 01:18:16,045 INFO ncaa_identity: contest_id=241379 teams 2185/2185 matched, players 5920/6146 matched
2026-08-24 01:18:19,275 INFO ncaa_identity: contest_id=241422 teams 2211/2211 matched, players 5939/6231 matched
2026-08-24 01:18:26,857 INFO ncaa_identity: contest_id=241519 teams 2671/2671 matched, players 6650/7581 matched
2026-08-24 01:18:29,869 INFO ncaa_identity: contest_id=241577 teams 2256/2256 matched, players 5351/6351 matched
2026-08-24 01:18:31,278 INFO ncaa_identity: contest_id=241610 teams 2448/2448 matched, players 5046/6896 matched
2026-08-24 01:18:34,560 INFO ncaa_identity: contest_id=241721 teams 1092/2277 matched, players 3135/6399 matched
2026-08-24 01:18:36,791 INFO ncaa_identity: contest_id=241761 teams 1259/2494 matched, players 3575/6992 matched
2026-08-24 01:18:38,020 INFO ncaa_identity: contest_id=241797 teams 2381/2381 matched, players 6322/6681 matched
2026-08-24 01:18:41,302 INFO ncaa_identity: contest_id=241830 teams 1228/2456 matched, players 3483/6935 matched
2026-08-24 01:18:42,817 INFO ncaa_identity: contest_id=241848 teams 2770/2770 matched, players 7104/7769 matched
2026-08-24 01:18:44,670 INFO ncaa_identity: contest_id=241862 teams 2361/2361 matched, players 6449/6675 matched
2026-08-24 01:18:45,948 INFO ncaa_identity: contest_id=241875 teams 1271/2476 matched, players 3576/6990 matched
2026-08-24 01:18:47,874 INFO ncaa_identity: contest_id=241891 teams 2381/2381 matched, players 6065/6656 matched
2026-08-24 01:18:51,061 INFO ncaa_identity: contest_id=241913 teams 2293/2293 matched, players 6148/6432 matched
2026-08-24 01:18:52,672 INFO ncaa_identity: contest_id=241923 teams 2945/2945 matched, players 7482/8325 matched
2026-08-24 01:18:54,136 INFO ncaa_identity: contest_id=241933 teams 2714/2714 matched, players 6727/7717 matched
2026-08-24 01:18:56,965 INFO ncaa_identity: contest_id=241960 teams 2506/2506 matched, players 6964/7030 matched
2026-08-24 01:19:03,114 INFO ncaa_identity: contest_id=242055 teams 2367/2367 matched, players 6126/6647 matched
2026-08-24 01:19:07,690 INFO ncaa_identity: contest_id=242129 teams 1308/2498 matched, players 3521/7029 matched
2026-08-24 01:19:09,606 INFO ncaa_identity: contest_id=242155 teams 2846/2846 matched, players 6909/8000 matched
2026-08-24 01:19:11,033 INFO ncaa_identity: contest_id=242186 teams 2467/2467 matched, players 6425/6939 matched
2026-08-24 01:19:16,480 INFO ncaa_identity: contest_id=242309 teams 1311/2568 matched, players 3412/7281 matched
2026-08-24 01:19:18,260 INFO ncaa_identity: contest_id=242332 teams 2226/2226 matched, players 6072/6229 matched
2026-08-24 01:19:19,499 INFO ncaa_identity: contest_id=242379 teams 2032/2032 matched, players 5563/5712 matched
2026-08-24 01:19:21,175 INFO ncaa_identity: contest_id=242420 teams 2449/2449 matched, players 6501/6930 matched
2026-08-24 01:19:25,660 INFO ncaa_identity: contest_id=242493 teams 2335/2335 matched, players 6210/6579 matched
2026-08-24 01:19:30,484 INFO ncaa_identity: contest_id=242558 teams 2191/2191 matched, players 6116/6169 matched
2026-08-24 01:19:32,430 INFO ncaa_identity: contest_id=242589 teams 2517/2517 matched, players 6769/7112 matched
2026-08-24 01:19:33,988 INFO ncaa_identity: contest_id=242615 teams 1036/2066 matched, players 2921/5817 matched
2026-08-24 01:19:36,694 INFO ncaa_identity: contest_id=242659 teams 2384/2384 matched, players 5974/6741 matched
2026-08-24 01:19:37,983 INFO ncaa_identity: contest_id=242680 teams 1189/2428 matched, players 3483/6871 matched
2026-08-24 01:19:39,208 INFO ncaa_identity: contest_id=242725 teams 2298/2298 matched, players 6387/6498 matched
2026-08-24 01:19:40,726 INFO ncaa_identity: contest_id=242749 teams 2212/2212 matched, players 5622/6260 matched
2026-08-24 01:19:42,077 INFO ncaa_identity: contest_id=242792 teams 2257/2257 matched, players 5970/6341 matched
2026-08-24 01:19:47,142 INFO ncaa_identity: contest_id=242865 teams 2291/2291 matched, players 5991/6442 matched
2026-08-24 01:19:48,677 INFO ncaa_identity: contest_id=242881 teams 1944/1944 matched, players 5030/5476 matched
2026-08-24 01:19:52,884 INFO ncaa_identity: contest_id=242985 teams 1295/2558 matched, players 3365/7132 matched
2026-08-24 01:19:55,719 INFO ncaa_identity: contest_id=243082 teams 1682/1682 matched, players 633/635 matched
2026-08-24 01:19:57,133 INFO ncaa_identity: contest_id=243108 teams 1160/2348 matched, players 3328/6570 matched
2026-08-24 01:20:02,628 INFO ncaa_identity: contest_id=243251 teams 2271/2271 matched, players 6346/6378 matched
2026-08-24 01:20:03,777 INFO ncaa_identity: contest_id=243295 teams 2240/2240 matched, players 4597/6324 matched
2026-08-24 01:20:07,213 INFO ncaa_identity: contest_id=243375 teams 2729/2729 matched, players 7225/7692 matched
2026-08-24 01:20:09,156 INFO ncaa_identity: contest_id=243416 teams 3082/3082 matched, players 7845/8749 matched
2026-08-24 01:20:10,965 INFO ncaa_identity: contest_id=243440 teams 2913/2913 matched, players 7846/8227 matched
2026-08-24 01:20:12,794 INFO ncaa_identity: contest_id=243477 teams 2326/2326 matched, players 6002/6576 matched
2026-08-24 01:20:17,861 INFO ncaa_identity: contest_id=243585 teams 2432/2432 matched, players 6302/6850 matched
2026-08-24 01:20:19,166 INFO ncaa_identity: contest_id=243601 teams 1293/2505 matched, players 3578/7091 matched
2026-08-24 01:20:20,925 INFO ncaa_identity: contest_id=243624 teams 1152/2315 matched, players 2881/6510 matched
2026-08-24 01:20:22,291 INFO ncaa_identity: contest_id=243641 teams 2404/2404 matched, players 5755/6818 matched
2026-08-24 01:20:26,559 INFO ncaa_identity: contest_id=243710 teams 2223/2223 matched, players 5772/6258 matched
2026-08-24 01:20:28,217 INFO ncaa_identity: contest_id=243740 teams 2633/2633 matched, players 6828/7476 matched
2026-08-24 01:20:29,687 INFO ncaa_identity: contest_id=243765 teams 2750/2750 matched, players 7611/7808 matched
2026-08-24 01:20:31,534 INFO ncaa_identity: contest_id=243795 teams 2649/2649 matched, players 7166/7482 matched
2026-08-24 01:20:32,937 INFO ncaa_identity: contest_id=243822 teams 2423/2423 matched, players 6400/6849 matched
2026-08-24 01:20:37,374 INFO ncaa_identity: contest_id=243896 teams 1234/2359 matched, players 3392/6674 matched
2026-08-24 01:20:38,876 INFO ncaa_identity: contest_id=243947 teams 2047/2047 matched, players 5538/5742 matched
2026-08-24 01:20:41,674 INFO ncaa_identity: contest_id=244077 teams 2334/2334 matched, players 6076/6579 matched
2026-08-24 01:20:43,223 INFO ncaa_identity: contest_id=244103 teams 1945/1945 matched, players 5013/5426 matched
2026-08-24 01:20:49,018 INFO ncaa_identity: contest_id=244253 teams 1317/2589 matched, players 3635/7291 matched
2026-08-24 01:20:50,739 INFO ncaa_identity: contest_id=244276 teams 2481/2481 matched, players 5982/7035 matched
2026-08-24 01:20:51,990 INFO ncaa_identity: contest_id=244303 teams 2382/2382 matched, players 6288/6721 matched
2026-08-24 01:20:53,794 INFO ncaa_identity: contest_id=244328 teams 1404/2775 matched, players 3934/7850 matched
2026-08-24 01:20:55,144 INFO ncaa_identity: contest_id=244368 teams 2263/2263 matched, players 6094/6347 matched
2026-08-24 01:20:57,096 INFO ncaa_identity: contest_id=244380 teams 1459/2796 matched, players 3965/7846 matched
2026-08-24 01:21:00,034 INFO ncaa_identity: contest_id=244412 teams 2213/2213 matched, players 6212/6272 matched
2026-08-24 01:21:03,567 INFO ncaa_identity: contest_id=244467 teams 2908/2908 matched, players 8037/8227 matched
2026-08-24 01:21:05,630 INFO ncaa_identity: contest_id=244493 teams 2253/2253 matched, players 5915/6416 matched
2026-08-24 01:21:06,972 INFO ncaa_identity: contest_id=244512 teams 1366/2686 matched, players 3816/7596 matched
2026-08-24 01:21:09,921 INFO ncaa_identity: contest_id=244559 teams 2314/2314 matched, players 6439/6497 matched
2026-08-24 01:21:11,641 INFO ncaa_identity: contest_id=244581 teams 2339/2339 matched, players 6141/6576 matched
2026-08-24 01:21:16,203 INFO ncaa_identity: contest_id=244647 teams 2614/2614 matched, players 6914/7374 matched
2026-08-24 01:21:19,272 INFO ncaa_identity: contest_id=244702 teams 1255/2382 matched, players 3002/6712 matched
2026-08-24 01:21:20,714 INFO ncaa_identity: contest_id=244739 teams 1318/2644 matched, players 3551/7455 matched
2026-08-24 01:21:22,085 INFO ncaa_identity: contest_id=244760 teams 1224/2368 matched, players 3346/6655 matched
2026-08-24 01:21:23,872 INFO ncaa_identity: contest_id=244777 teams 2647/2647 matched, players 7240/7504 matched
2026-08-24 01:21:25,696 INFO ncaa_identity: contest_id=244796 teams 1171/2267 matched, players 3262/6390 matched
2026-08-24 01:21:27,434 INFO ncaa_identity: contest_id=244844 teams 1350/2741 matched, players 3909/7775 matched
2026-08-24 01:21:30,720 INFO ncaa_identity: contest_id=244900 teams 2471/2471 matched, players 6758/6941 matched
2026-08-24 01:21:34,386 INFO ncaa_identity: contest_id=244950 teams 1817/1817 matched, players 732/734 matched
2026-08-24 01:21:37,795 INFO ncaa_identity: contest_id=244997 teams 2340/2340 matched, players 6188/6553 matched
2026-08-24 01:21:39,214 INFO ncaa_identity: contest_id=245032 teams 2560/2560 matched, players 6948/7227 matched
2026-08-24 01:21:40,625 INFO ncaa_identity: contest_id=245050 teams 2325/2325 matched, players 6147/6574 matched
2026-08-24 01:21:44,188 INFO ncaa_identity: contest_id=245116 teams 2917/2917 matched, players 8009/8253 matched
2026-08-24 01:21:45,622 INFO ncaa_identity: contest_id=245143 teams 2172/2172 matched, players 5978/6126 matched
2026-08-24 01:21:48,224 INFO ncaa_identity: contest_id=245204 teams 2317/2317 matched, players 6347/6558 matched
2026-08-24 01:21:49,901 INFO ncaa_identity: contest_id=245216 teams 2432/2432 matched, players 6626/6909 matched
2026-08-24 01:21:54,596 INFO ncaa_identity: contest_id=245258 teams 2398/2398 matched, players 6333/6761 matched
2026-08-24 01:21:55,827 INFO ncaa_identity: contest_id=245268 teams 1153/2337 matched, players 3288/6584 matched
2026-08-24 01:22:00,828 INFO ncaa_identity: contest_id=245302 teams 1543/3107 matched, players 4436/8806 matched
2026-08-24 01:22:02,050 INFO ncaa_identity: contest_id=245314 teams 2336/2336 matched, players 6301/6589 matched
2026-08-24 01:22:04,750 INFO ncaa_identity: contest_id=245335 teams 2221/2221 matched, players 5682/6268 matched
2026-08-24 01:22:06,595 INFO ncaa_identity: contest_id=245346 teams 3100/3100 matched, players 7388/8718 matched
2026-08-24 01:22:07,795 INFO ncaa_identity: contest_id=245356 teams 2361/2361 matched, players 6336/6676 matched
2026-08-24 01:22:11,184 INFO ncaa_identity: contest_id=245378 teams 2709/2709 matched, players 6527/7619 matched
2026-08-24 01:22:12,370 INFO ncaa_identity: contest_id=245388 teams 1167/2334 matched, players 3236/6576 matched
2026-08-24 01:22:13,977 INFO ncaa_identity: contest_id=245398 teams 2171/2171 matched, players 5885/6148 matched
2026-08-24 01:22:16,480 INFO ncaa_identity: contest_id=245418 teams 1294/2526 matched, players 3632/7165 matched
2026-08-24 01:22:19,996 INFO ncaa_identity: contest_id=245442 teams 1119/2304 matched, players 3253/6530 matched
2026-08-24 01:22:23,450 INFO ncaa_identity: contest_id=245464 teams 1226/2445 matched, players 3471/6895 matched
2026-08-24 01:22:26,434 INFO ncaa_identity: contest_id=245508 teams 1265/2552 matched, players 3584/7227 matched
2026-08-24 01:22:27,547 INFO ncaa_identity: contest_id=245522 teams 2359/2359 matched, players 6337/6691 matched
2026-08-24 01:22:29,267 INFO ncaa_identity: contest_id=245535 teams 2563/2563 matched, players 7028/7258 matched
2026-08-24 01:22:32,422 INFO ncaa_identity: contest_id=245565 teams 2585/2585 matched, players 6955/7268 matched
2026-08-24 01:22:33,667 INFO ncaa_identity: contest_id=245634 teams 1192/2461 matched, players 3354/6926 matched
2026-08-24 01:22:34,870 INFO ncaa_identity: contest_id=245646 teams 2305/2305 matched, players 6115/6519 matched
2026-08-24 01:22:36,707 INFO 5 starters not found for period 3; using estimate
2026-08-24 01:22:37,700 INFO ncaa_identity: contest_id=245679 teams 2422/2422 matched, players 6747/6850 matched
2026-08-24 01:22:39,248 INFO ncaa_identity: contest_id=245703 teams 2199/2199 matched, players 6101/6196 matched
2026-08-24 01:22:40,636 INFO ncaa_identity: contest_id=245722 teams 2273/2273 matched, players 5898/6435 matched
2026-08-24 01:22:47,665 INFO ncaa_identity: contest_id=245885 teams 2557/2557 matched, players 6939/7213 matched
2026-08-24 01:22:52,125 INFO ncaa_identity: contest_id=245967 teams 2343/2343 matched, players 6267/6553 matched
2026-08-24 01:22:55,358 INFO ncaa_identity: contest_id=246018 teams 1370/2655 matched, players 3851/7519 matched
2026-08-24 01:22:56,783 INFO ncaa_identity: contest_id=246037 teams 2503/2503 matched, players 5285/7043 matched
2026-08-24 01:22:59,175 INFO ncaa_identity: contest_id=246090 teams 1939/1939 matched, players 4854/5473 matched
2026-08-24 01:23:02,783 INFO ncaa_identity: contest_id=246127 teams 2180/2180 matched, players 2547/6067 matched
2026-08-24 01:23:04,439 INFO ncaa_identity: contest_id=246144 teams 1833/1833 matched, players 5142/5149 matched
2026-08-24 01:23:07,582 INFO ncaa_identity: contest_id=246199 teams 2074/2074 matched, players 5688/5820 matched
2026-08-24 01:23:10,592 INFO ncaa_identity: contest_id=246268 teams 2095/2095 matched, players 5044/5892 matched
2026-08-24 01:23:12,357 INFO ncaa_identity: contest_id=246299 teams 2522/2522 matched, players 6460/7123 matched
2026-08-24 01:23:14,955 INFO ncaa_identity: contest_id=246382 teams 2276/2276 matched, players 6301/6423 matched
2026-08-24 01:23:23,471 INFO ncaa_identity: contest_id=246570 teams 2320/2320 matched, players 6270/6513 matched
2026-08-24 01:23:25,017 INFO ncaa_identity: contest_id=246602 teams 2156/2156 matched, players 5645/6095 matched
2026-08-24 01:23:26,634 INFO ncaa_identity: contest_id=246643 teams 2624/2624 matched, players 7372/7411 matched
2026-08-24 01:23:28,457 INFO ncaa_identity: contest_id=246671 teams 2990/2990 matched, players 7577/8415 matched
2026-08-24 01:23:29,685 INFO ncaa_identity: contest_id=246702 teams 2250/2250 matched, players 5942/6356 matched
2026-08-24 01:23:31,389 INFO ncaa_identity: contest_id=246751 teams 2217/2217 matched, players 5330/6258 matched
2026-08-24 01:23:34,342 INFO ncaa_identity: contest_id=246817 teams 2027/2027 matched, players 5718/5729 matched
2026-08-24 01:23:39,025 INFO ncaa_identity: contest_id=246901 teams 2198/2198 matched, players 5694/6218 matched
2026-08-24 01:23:42,276 INFO ncaa_identity: contest_id=247032 teams 2609/2609 matched, players 7304/7383 matched
2026-08-24 01:23:43,830 INFO ncaa_identity: contest_id=247067 teams 2638/2638 matched, players 6832/7436 matched
2026-08-24 01:23:54,719 INFO ncaa_identity: contest_id=247304 teams 2509/2509 matched, players 6867/7030 matched
2026-08-24 01:23:56,326 INFO ncaa_identity: contest_id=247322 teams 2414/2414 matched, players 6154/6812 matched
2026-08-24 01:24:03,685 INFO ncaa_identity: contest_id=247467 teams 2326/2326 matched, players 5507/6578 matched
2026-08-24 01:24:06,304 INFO ncaa_identity: contest_id=247522 teams 2126/2126 matched, players 5987/5999 matched
2026-08-24 01:24:09,297 INFO ncaa_identity: contest_id=247573 teams 2318/2318 matched, players 6187/6546 matched
2026-08-24 01:24:13,720 INFO ncaa_identity: contest_id=247679 teams 2462/2462 matched, players 6876/6917 matched
2026-08-24 01:24:14,730 INFO ncaa_identity: contest_id=247707 teams 2028/2028 matched, players 5516/5742 matched
2026-08-24 01:24:16,573 INFO ncaa_identity: contest_id=247774 teams 2148/2148 matched, players 5583/6070 matched
2026-08-24 01:24:17,743 INFO ncaa_identity: contest_id=247816 teams 2150/2150 matched, players 5285/6035 matched
2026-08-24 01:24:20,419 INFO ncaa_identity: contest_id=247889 teams 2440/2440 matched, players 6325/6912 matched
2026-08-24 01:24:24,369 INFO ncaa_identity: contest_id=247960 teams 2388/2388 matched, players 6501/6732 matched
2026-08-24 01:24:25,408 INFO ncaa_identity: contest_id=247978 teams 2099/2099 matched, players 5660/5922 matched
2026-08-24 01:24:28,310 INFO ncaa_identity: contest_id=248044 teams 2287/2287 matched, players 6241/6440 matched
2026-08-24 01:24:32,495 INFO ncaa_identity: contest_id=248170 teams 2592/2592 matched, players 6972/7300 matched
2026-08-24 01:24:33,968 INFO ncaa_identity: contest_id=248192 teams 2545/2545 matched, players 5885/7183 matched
2026-08-24 01:24:46,925 INFO ncaa_identity: contest_id=248469 teams 2495/2495 matched, players 6596/7044 matched
2026-08-24 01:24:48,439 INFO ncaa_identity: contest_id=248500 teams 2429/2429 matched, players 6400/6857 matched
2026-08-24 01:24:51,355 INFO ncaa_identity: contest_id=248571 teams 2129/2129 matched, players 5133/6015 matched
2026-08-24 01:24:52,564 INFO ncaa_identity: contest_id=248588 teams 1915/1915 matched, players 4666/5365 matched
2026-08-24 01:25:00,140 INFO ncaa_identity: contest_id=248723 teams 2177/2177 matched, players 5598/6158 matched
2026-08-24 01:25:04,306 INFO ncaa_identity: contest_id=248838 teams 2551/2551 matched, players 6009/7182 matched
2026-08-24 01:25:08,146 INFO ncaa_identity: contest_id=248982 teams 2275/2275 matched, players 5421/6437 matched
2026-08-24 01:25:09,572 INFO ncaa_identity: contest_id=249006 teams 2958/2958 matched, players 8338/8443 matched
2026-08-24 01:25:13,070 INFO ncaa_identity: contest_id=249035 teams 2423/2423 matched, players 6829/6852 matched
2026-08-24 01:25:16,852 INFO ncaa_identity: contest_id=249065 teams 2542/2542 matched, players 6327/7127 matched
2026-08-24 01:25:21,320 INFO ncaa_identity: contest_id=249088 teams 2192/2192 matched, players 5946/6159 matched
2026-08-24 01:25:28,685 INFO ncaa_identity: contest_id=249122 teams 975/1983 matched, players 2794/5582 matched
2026-08-24 01:25:55,705 INFO ncaa_identity: contest_id=249373 teams 2324/2324 matched, players 6114/6551 matched
2026-08-24 01:26:00,373 INFO ncaa_identity: contest_id=249423 teams 2226/2226 matched, players 6103/6254 matched
2026-08-24 01:26:10,448 INFO ncaa_identity: contest_id=249474 teams 2062/2062 matched, players 5521/5795 matched
2026-08-24 01:26:13,274 WARNING ncaa_parse: family=lineups contest_id=249497 team=Eastern Ill. produced NO good stints (40 bad, roster=11) -- parsed successfully but contributed nothing
2026-08-24 01:26:15,533 INFO ncaa_identity: contest_id=249497 teams 3156/3156 matched, players 8497/8842 matched
2026-08-24 01:26:19,304 INFO ncaa_identity: contest_id=249532 teams 1964/1964 matched, players 5052/5565 matched
2026-08-24 01:26:37,396 INFO ncaa_identity: contest_id=249603 teams 2457/2457 matched, players 6893/6918 matched
2026-08-24 01:26:41,277 INFO ncaa_identity: contest_id=249617 teams 2522/2522 matched, players 6990/7147 matched
2026-08-24 01:26:49,055 INFO ncaa_identity: contest_id=249677 teams 2095/2095 matched, players 4918/5904 matched
2026-08-24 01:26:54,386 INFO ncaa_identity: contest_id=249708 teams 2260/2260 matched, players 5982/6369 matched
2026-08-24 01:26:58,632 INFO ncaa_identity: contest_id=249734 teams 2545/2545 matched, players 6541/7171 matched
2026-08-24 01:27:17,294 INFO ncaa_identity: contest_id=249909 teams 2687/2687 matched, players 7191/7581 matched
2026-08-24 01:27:21,305 INFO ncaa_identity: contest_id=249955 teams 2161/2161 matched, players 5997/6109 matched
2026-08-24 01:27:28,902 INFO ncaa_identity: contest_id=250023 teams 2423/2423 matched, players 6812/6852 matched
2026-08-24 01:27:31,972 INFO ncaa_identity: contest_id=250040 teams 2197/2197 matched, players 5542/6234 matched
2026-08-24 01:27:40,049 INFO ncaa_identity: contest_id=250091 teams 2789/2789 matched, players 7572/7836 matched
2026-08-24 01:27:45,765 INFO ncaa_identity: contest_id=250108 teams 2145/2145 matched, players 5580/5985 matched
2026-08-24 01:27:54,740 INFO ncaa_identity: contest_id=250208 teams 2526/2526 matched, players 7012/7067 matched
2026-08-24 01:28:00,253 INFO ncaa_identity: contest_id=250246 teams 2646/2646 matched, players 6609/7487 matched
2026-08-24 01:28:04,744 INFO ncaa_identity: contest_id=250277 teams 2452/2452 matched, players 6415/6914 matched
2026-08-24 01:28:14,139 INFO ncaa_identity: contest_id=250329 teams 2153/2153 matched, players 5101/6091 matched
2026-08-24 01:28:18,445 INFO ncaa_identity: contest_id=250370 teams 1941/1941 matched, players 5094/5481 matched
2026-08-24 01:28:30,347 INFO ncaa_identity: contest_id=250497 teams 2124/2124 matched, players 5810/6002 matched
2026-08-24 01:28:52,461 INFO ncaa_identity: contest_id=250631 teams 1269/2521 matched, players 3562/7130 matched
2026-08-24 01:28:55,964 INFO ncaa_identity: contest_id=250660 teams 2475/2475 matched, players 6935/7007 matched
2026-08-24 01:29:14,098 INFO ncaa_identity: contest_id=250775 teams 1826/1826 matched, players 5074/5122 matched
2026-08-24 01:29:22,552 INFO ncaa_identity: contest_id=250893 teams 2490/2490 matched, players 6628/6987 matched
2026-08-24 01:29:25,212 INFO ncaa_identity: contest_id=251028 teams 2454/2454 matched, players 3631/6930 matched
2026-08-24 01:29:26,628 INFO ncaa_identity: contest_id=251063 teams 2426/2426 matched, players 6284/6839 matched
2026-08-24 01:29:30,343 INFO ncaa_identity: contest_id=251154 teams 2475/2475 matched, players 6440/7018 matched
2026-08-24 01:29:34,116 INFO ncaa_identity: contest_id=251233 teams 2133/2133 matched, players 5317/5994 matched
2026-08-24 01:29:35,105 INFO ncaa_identity: contest_id=251248 teams 2012/2012 matched, players 5512/5656 matched
2026-08-24 01:29:38,205 INFO ncaa_identity: contest_id=251363 teams 2663/2663 matched, players 6673/7560 matched
2026-08-24 01:29:42,341 INFO ncaa_identity: contest_id=251440 teams 2445/2445 matched, players 6420/6906 matched
2026-08-24 01:29:43,802 INFO ncaa_identity: contest_id=251471 teams 2522/2522 matched, players 6840/7176 matched
2026-08-24 01:29:44,989 INFO ncaa_identity: contest_id=251502 teams 2546/2546 matched, players 6999/7186 matched
2026-08-24 01:29:47,721 INFO ncaa_identity: contest_id=251553 teams 2583/2583 matched, players 6853/7308 matched
2026-08-24 01:29:49,288 INFO ncaa_identity: contest_id=251610 teams 2480/2480 matched, players 6151/7014 matched
2026-08-24 01:29:54,665 INFO ncaa_identity: contest_id=251730 teams 2487/2487 matched, players 6671/7043 matched
2026-08-24 01:29:56,696 INFO ncaa_identity: contest_id=251763 teams 2987/2987 matched, players 8328/8496 matched
2026-08-24 01:30:02,048 INFO ncaa_identity: contest_id=251878 teams 2403/2403 matched, players 6291/6793 matched
2026-08-24 01:30:03,737 INFO ncaa_identity: contest_id=251896 teams 2337/2337 matched, players 5937/6534 matched
2026-08-24 01:30:06,688 INFO ncaa_identity: contest_id=251941 teams 1325/2609 matched, players 3633/7325 matched
2026-08-24 01:30:07,885 INFO ncaa_identity: contest_id=251972 teams 2071/2071 matched, players 5813/5835 matched
2026-08-24 01:30:17,155 INFO 5 starters not found for period 3; using estimate
2026-08-24 01:30:18,476 INFO ncaa_identity: contest_id=252261 teams 2868/2868 matched, players 7671/8116 matched
2026-08-24 01:30:20,029 INFO ncaa_identity: contest_id=252287 teams 2481/2481 matched, players 6873/6997 matched
2026-08-24 01:30:21,188 INFO ncaa_identity: contest_id=252302 teams 2309/2309 matched, players 6310/6503 matched
2026-08-24 01:30:23,637 INFO ncaa_identity: contest_id=252344 teams 2152/2152 matched, players 5558/6044 matched
2026-08-24 01:30:31,687 INFO ncaa_identity: contest_id=252595 teams 2537/2537 matched, players 6881/7190 matched
2026-08-24 01:30:34,371 INFO ncaa_identity: contest_id=252674 teams 2830/2830 matched, players 7680/8028 matched
2026-08-24 01:30:36,574 INFO ncaa_identity: contest_id=252753 teams 2417/2417 matched, players 6454/6807 matched
2026-08-24 01:30:39,090 INFO ncaa_identity: contest_id=252791 teams 2127/2127 matched, players 5583/5955 matched
2026-08-24 01:30:46,259 INFO ncaa_identity: contest_id=252932 teams 2536/2536 matched, players 6783/7183 matched
2026-08-24 01:30:47,877 INFO ncaa_identity: contest_id=252953 teams 2258/2258 matched, players 6040/6361 matched
2026-08-24 01:30:49,315 INFO ncaa_identity: contest_id=252975 teams 2391/2391 matched, players 6569/6723 matched
2026-08-24 01:30:50,761 INFO ncaa_identity: contest_id=252989 teams 2437/2437 matched, players 6196/6879 matched
2026-08-24 01:30:52,265 INFO ncaa_identity: contest_id=253021 teams 2358/2358 matched, players 6440/6682 matched
2026-08-24 01:31:00,625 INFO ncaa_identity: contest_id=253274 teams 2238/2238 matched, players 6158/6332 matched
2026-08-24 01:31:02,382 INFO ncaa_identity: contest_id=253302 teams 3017/3017 matched, players 8471/8524 matched
2026-08-24 01:31:08,050 INFO ncaa_identity: contest_id=253385 teams 1974/1974 matched, players 5250/5538 matched
2026-08-24 01:31:11,816 INFO ncaa_identity: contest_id=253482 teams 2630/2630 matched, players 6382/7429 matched
2026-08-24 01:31:15,767 INFO ncaa_identity: contest_id=253589 teams 2203/2203 matched, players 5839/6225 matched
2026-08-24 01:31:18,579 INFO ncaa_identity: contest_id=253643 teams 2838/2838 matched, players 7509/8105 matched
2026-08-24 01:31:19,711 INFO ncaa_identity: contest_id=253678 teams 2198/2198 matched, players 5821/6169 matched
2026-08-24 01:31:21,243 INFO ncaa_identity: contest_id=253699 teams 2237/2237 matched, players 5548/6340 matched
2026-08-24 01:31:22,309 INFO ncaa_identity: contest_id=253756 teams 2367/2367 matched, players 6380/6640 matched
2026-08-24 01:31:26,319 INFO ncaa_identity: contest_id=253841 teams 2211/2211 matched, players 6135/6236 matched
2026-08-24 01:31:30,267 INFO ncaa_identity: contest_id=253970 teams 2224/2224 matched, players 6240/6283 matched
2026-08-24 01:31:33,031 INFO ncaa_identity: contest_id=254003 teams 2597/2597 matched, players 7022/7320 matched
2026-08-24 01:31:34,076 INFO ncaa_identity: contest_id=254022 teams 2163/2163 matched, players 5507/6090 matched
2026-08-24 01:31:36,593 INFO ncaa_identity: contest_id=254062 teams 2276/2276 matched, players 5965/6374 matched
2026-08-24 01:31:37,612 INFO ncaa_identity: contest_id=254085 teams 1520/1520 matched, players 569/605 matched
2026-08-24 01:31:39,058 INFO ncaa_identity: contest_id=254102 teams 2422/2422 matched, players 5837/6790 matched
2026-08-24 01:31:40,210 INFO ncaa_identity: contest_id=254177 teams 2479/2479 matched, players 6934/6991 matched
2026-08-24 01:31:42,868 INFO ncaa_identity: contest_id=254212 teams 2267/2267 matched, players 5906/6412 matched
2026-08-24 01:31:50,392 INFO ncaa_identity: contest_id=254354 teams 2146/2146 matched, players 5996/6032 matched
2026-08-24 01:31:52,923 INFO ncaa_identity: contest_id=254392 teams 1163/2341 matched, players 2673/6622 matched
2026-08-24 01:31:54,092 INFO ncaa_identity: contest_id=254451 teams 2028/2028 matched, players 5550/5675 matched
2026-08-24 01:32:00,055 INFO ncaa_identity: contest_id=254557 teams 3041/3041 matched, players 8301/8670 matched
2026-08-24 01:32:02,908 INFO ncaa_identity: contest_id=254596 teams 2612/2612 matched, players 6849/7364 matched
2026-08-24 01:32:03,892 INFO ncaa_identity: contest_id=254619 teams 2313/2313 matched, players 6130/6533 matched
2026-08-24 01:32:06,587 INFO ncaa_identity: contest_id=254644 teams 2228/2228 matched, players 5612/6192 matched
2026-08-24 01:32:10,163 INFO ncaa_identity: contest_id=254685 teams 2051/2051 matched, players 5450/5805 matched
2026-08-24 01:32:11,722 INFO ncaa_identity: contest_id=254699 teams 2548/2548 matched, players 6348/7185 matched
2026-08-24 01:32:12,910 INFO ncaa_identity: contest_id=254780 teams 2065/2065 matched, players 5253/5827 matched
2026-08-24 01:32:14,173 INFO ncaa_identity: contest_id=254791 teams 2489/2489 matched, players 6651/7049 matched
2026-08-24 01:32:15,673 INFO ncaa_identity: contest_id=254801 teams 2654/2654 matched, players 7010/7451 matched
2026-08-24 01:32:18,645 INFO ncaa_identity: contest_id=254844 teams 2489/2489 matched, players 5959/7000 matched
2026-08-24 01:32:20,958 INFO ncaa_identity: contest_id=254868 teams 2618/2618 matched, players 6869/7424 matched
2026-08-24 01:32:28,534 INFO ncaa_identity: contest_id=254992 teams 2282/2282 matched, players 6429/6461 matched
2026-08-24 01:32:31,646 INFO ncaa_identity: contest_id=255012 teams 2354/2354 matched, players 5655/6550 matched
2026-08-24 01:32:32,868 INFO ncaa_identity: contest_id=255022 teams 2144/2144 matched, players 6001/6046 matched
2026-08-24 01:32:35,800 INFO ncaa_identity: contest_id=255059 teams 2433/2433 matched, players 6567/6887 matched
2026-08-24 01:32:38,829 INFO ncaa_identity: contest_id=255135 teams 2088/2088 matched, players 5589/5844 matched
2026-08-24 01:32:41,807 INFO ncaa_identity: contest_id=255161 teams 2072/2072 matched, players 5517/5845 matched
2026-08-24 01:32:43,158 INFO ncaa_identity: contest_id=255171 teams 2630/2630 matched, players 7029/7431 matched
2026-08-24 01:32:44,772 INFO ncaa_identity: contest_id=255181 teams 2275/2275 matched, players 6086/6377 matched
2026-08-24 01:32:49,093 INFO ncaa_identity: contest_id=255211 teams 1991/1991 matched, players 4717/5345 matched
2026-08-24 01:32:50,416 INFO ncaa_identity: contest_id=255221 teams 2657/2657 matched, players 6787/7514 matched
2026-08-24 01:32:53,173 INFO 5 starters not found for period 3; using estimate
2026-08-24 01:32:54,587 INFO ncaa_identity: contest_id=255285 teams 2223/2223 matched, players 6044/6265 matched
2026-08-24 01:32:56,874 INFO ncaa_identity: contest_id=255329 teams 2396/2396 matched, players 6737/6743 matched
2026-08-24 01:33:02,003 INFO ncaa_identity: contest_id=255382 teams 2450/2450 matched, players 5973/6933 matched
2026-08-24 01:33:05,619 INFO ncaa_identity: contest_id=255412 teams 2089/2089 matched, players 5650/5927 matched
2026-08-24 01:33:12,633 INFO ncaa_identity: contest_id=255466 teams 1995/1995 matched, players 839/842 matched
2026-08-24 01:33:12,757 INFO 5 starters not found for period 3; using estimate
2026-08-24 01:33:16,913 INFO ncaa_identity: contest_id=255503 teams 2257/2257 matched, players 6037/6386 matched
2026-08-24 01:33:18,654 INFO ncaa_identity: contest_id=255513 teams 2586/2586 matched, players 6749/7319 matched
2026-08-24 01:33:23,118 INFO ncaa_identity: contest_id=255569 teams 2429/2429 matched, players 6864/6899 matched
2026-08-24 01:33:35,017 INFO ncaa_identity: contest_id=255697 teams 1890/1890 matched, players 4864/5332 matched
2026-08-24 01:33:40,773 INFO ncaa_identity: contest_id=255741 teams 2242/2242 matched, players 6052/6343 matched
2026-08-24 01:33:46,627 INFO ncaa_identity: contest_id=255778 teams 2785/2785 matched, players 7854/7902 matched
2026-08-24 01:33:48,016 INFO ncaa_identity: contest_id=255788 teams 2348/2348 matched, players 6618/6623 matched
2026-08-24 01:33:50,246 INFO ncaa_identity: contest_id=176551 teams 1387/2784 matched, players 3384/7859 matched
2026-08-24 01:33:51,572 INFO ncaa_identity: contest_id=176564 teams 2180/2180 matched, players 6068/6126 matched
2026-08-24 01:33:53,343 INFO ncaa_identity: contest_id=176581 teams 1527/2896 matched, players 4107/8100 matched
2026-08-24 01:33:54,648 INFO ncaa_identity: contest_id=176593 teams 2411/2411 matched, players 6321/6738 matched
2026-08-24 01:33:55,893 INFO ncaa_identity: contest_id=176606 teams 2635/2635 matched, players 6964/7471 matched
2026-08-24 01:34:00,946 INFO ncaa_identity: contest_id=176649 teams 2373/2373 matched, players 6260/6672 matched
2026-08-24 01:34:02,221 INFO ncaa_identity: contest_id=176665 teams 1039/2169 matched, players 3029/6088 matched
2026-08-24 01:34:05,162 INFO ncaa_identity: contest_id=176693 teams 2111/2111 matched, players 5631/5924 matched
2026-08-24 01:34:08,593 INFO ncaa_identity: contest_id=176726 teams 3147/3147 matched, players 7767/8936 matched
2026-08-24 01:34:10,157 INFO ncaa_identity: contest_id=176736 teams 1404/2749 matched, players 3961/7733 matched
2026-08-24 01:34:11,806 INFO ncaa_identity: contest_id=176749 teams 2541/2541 matched, players 6845/7159 matched
2026-08-24 01:34:13,064 INFO ncaa_identity: contest_id=176761 teams 2224/2224 matched, players 6023/6300 matched
2026-08-24 01:34:14,347 INFO ncaa_identity: contest_id=176833 teams 1258/2577 matched, players 3686/7318 matched
2026-08-24 01:34:14,685 WARNING ncaa_parse: family=lineups contest_id=176873 team=UNI SKIPPED (1 parse error(s)): Could not find parse score [A-B] from [-] in [<tr> <td>19:40</td> <td></td> <td align="center">-</td> <td>KOCH,BENNETT Turnover</td> </tr>]
2026-08-24 01:34:15,278 WARNING ncaa_parse: family=lineups contest_id=176873 team=Coe SKIPPED (1 parse error(s)): Could not find parse score [A-B] from [-] in [<tr> <td>19:40</td> <td></td> <td align="center">-</td> <td>KOCH,BENNETT Turnover</td> </tr>]
2026-08-24 01:34:15,881 INFO ncaa_identity: contest_id=176873 teams 1080/2201 matched, players 3013/6027 matched
2026-08-24 01:34:17,389 INFO ncaa_identity: contest_id=176903 teams 2537/2537 matched, players 6790/7149 matched
2026-08-24 01:34:19,282 INFO ncaa_identity: contest_id=176926 teams 1257/2447 matched, players 3419/6851 matched
2026-08-24 01:34:20,658 INFO ncaa_identity: contest_id=177011 teams 2255/2255 matched, players 5778/6325 matched
2026-08-24 01:34:22,638 INFO ncaa_identity: contest_id=177023 teams 2001/3804 matched, players 5562/10856 matched
2026-08-24 01:34:26,351 INFO ncaa_identity: contest_id=177053 teams 1164/2317 matched, players 3276/6489 matched
2026-08-24 01:34:27,777 INFO ncaa_identity: contest_id=177063 teams 2352/2352 matched, players 6270/6628 matched
2026-08-24 01:34:29,502 INFO ncaa_identity: contest_id=177087 teams 2610/2610 matched, players 6951/7389 matched
2026-08-24 01:34:32,012 INFO ncaa_identity: contest_id=177111 teams 1207/2348 matched, players 3322/6585 matched
2026-08-24 01:34:33,533 INFO ncaa_identity: contest_id=177124 teams 2294/2294 matched, players 6165/6481 matched
2026-08-24 01:34:38,212 INFO ncaa_identity: contest_id=177157 teams 1247/2523 matched, players 3490/7102 matched
2026-08-24 01:34:48,552 INFO ncaa_identity: contest_id=177383 teams 1214/2441 matched, players 3459/6889 matched
2026-08-24 01:34:49,776 INFO ncaa_identity: contest_id=177422 teams 1132/2288 matched, players 3205/6461 matched
2026-08-24 01:34:53,160 INFO ncaa_identity: contest_id=177465 teams 1162/2373 matched, players 3084/6644 matched
2026-08-24 01:34:55,205 INFO ncaa_identity: contest_id=177492 teams 2488/2488 matched, players 6926/7012 matched
2026-08-24 01:34:56,785 INFO ncaa_identity: contest_id=177515 teams 1282/2570 matched, players 3656/7256 matched
2026-08-24 01:34:59,971 INFO ncaa_identity: contest_id=177562 teams 2572/2572 matched, players 6641/7218 matched
2026-08-24 01:35:03,235 INFO ncaa_identity: contest_id=177593 teams 1142/2252 matched, players 3005/6355 matched
2026-08-24 01:35:06,589 INFO ncaa_identity: contest_id=177627 teams 2461/2461 matched, players 6387/6969 matched
2026-08-24 01:35:08,407 INFO ncaa_identity: contest_id=177639 teams 1475/2890 matched, players 4091/8157 matched
2026-08-24 01:35:12,090 INFO ncaa_identity: contest_id=177714 teams 2596/2596 matched, players 6826/7314 matched
2026-08-24 01:35:14,608 INFO ncaa_identity: contest_id=177743 teams 1207/2400 matched, players 3354/6714 matched
2026-08-24 01:35:18,289 INFO ncaa_identity: contest_id=177800 teams 1598/3085 matched, players 4290/8636 matched
2026-08-24 01:35:21,243 INFO ncaa_identity: contest_id=177879 teams 2536/2536 matched, players 6860/7206 matched
2026-08-24 01:35:22,618 INFO ncaa_identity: contest_id=177922 teams 2343/2343 matched, players 6235/6597 matched
2026-08-24 01:35:24,067 INFO ncaa_identity: contest_id=177962 teams 2244/2244 matched, players 6284/6303 matched
2026-08-24 01:35:25,685 INFO ncaa_identity: contest_id=178005 teams 2331/2331 matched, players 6365/6582 matched
2026-08-24 01:35:28,809 INFO ncaa_identity: contest_id=178129 teams 1166/2254 matched, players 3177/6343 matched
2026-08-24 01:35:33,876 INFO ncaa_identity: contest_id=178333 teams 2327/2327 matched, players 6180/6585 matched
2026-08-24 01:35:35,630 INFO ncaa_identity: contest_id=178347 teams 2452/2452 matched, players 6663/6897 matched
2026-08-24 01:35:38,680 INFO ncaa_identity: contest_id=178374 teams 2492/2492 matched, players 6735/7008 matched
2026-08-24 01:35:39,929 INFO ncaa_identity: contest_id=178387 teams 2359/2359 matched, players 6221/6676 matched
2026-08-24 01:35:41,378 INFO ncaa_identity: contest_id=178413 teams 2873/2873 matched, players 7625/8108 matched
2026-08-24 01:35:44,032 INFO ncaa_identity: contest_id=178467 teams 2118/2118 matched, players 5500/5973 matched
2026-08-24 01:35:45,480 INFO ncaa_identity: contest_id=178478 teams 2209/2209 matched, players 5875/6240 matched
2026-08-24 01:35:48,293 INFO ncaa_identity: contest_id=178510 teams 2568/2568 matched, players 6234/7167 matched
2026-08-24 01:35:49,733 INFO ncaa_identity: contest_id=178561 teams 2637/2637 matched, players 7177/7452 matched
2026-08-24 01:35:51,307 INFO ncaa_identity: contest_id=178639 teams 1538/3014 matched, players 4253/8537 matched
2026-08-24 01:35:54,278 INFO ncaa_identity: contest_id=178732 teams 1017/2010 matched, players 336/757 matched
2026-08-24 01:35:55,504 INFO ncaa_identity: contest_id=178779 teams 2466/2466 matched, players 6810/6896 matched
2026-08-24 01:35:56,572 INFO ncaa_identity: contest_id=178790 teams 2336/2336 matched, players 6255/6592 matched
2026-08-24 01:35:59,298 INFO ncaa_identity: contest_id=178818 teams 1135/2194 matched, players 3071/6191 matched
2026-08-24 01:36:00,687 INFO ncaa_identity: contest_id=178833 teams 2245/2245 matched, players 5686/6309 matched
2026-08-24 01:36:01,842 INFO ncaa_identity: contest_id=178853 teams 1132/2317 matched, players 3269/6569 matched
2026-08-24 01:36:03,079 INFO ncaa_identity: contest_id=178869 teams 2282/2282 matched, players 5787/6353 matched
2026-08-24 01:36:05,946 INFO ncaa_identity: contest_id=178895 teams 2642/2642 matched, players 7163/7465 matched
2026-08-24 01:36:07,294 INFO ncaa_identity: contest_id=178905 teams 2057/2057 matched, players 888/890 matched
2026-08-24 01:36:08,475 INFO ncaa_identity: contest_id=178918 teams 2376/2376 matched, players 6290/6688 matched
2026-08-24 01:36:10,080 INFO ncaa_identity: contest_id=178930 teams 2450/2450 matched, players 6639/6848 matched
2026-08-24 01:36:12,921 INFO ncaa_identity: contest_id=178964 teams 1427/2831 matched, players 4037/7988 matched
2026-08-24 01:36:19,621 INFO ncaa_identity: contest_id=179053 teams 2806/2806 matched, players 7826/7939 matched
2026-08-24 01:36:21,705 INFO ncaa_identity: contest_id=179069 teams 2689/2689 matched, players 7136/7569 matched
2026-08-24 01:36:23,470 INFO ncaa_identity: contest_id=179084 teams 2408/2408 matched, players 6614/6790 matched
2026-08-24 01:36:25,664 INFO ncaa_identity: contest_id=179113 teams 1287/2510 matched, players 3106/7061 matched
2026-08-24 01:36:26,945 INFO ncaa_identity: contest_id=179167 teams 2548/2548 matched, players 6800/7150 matched
2026-08-24 01:36:27,887 INFO ncaa_identity: contest_id=179201 teams 1792/1792 matched, players 4095/5060 matched
2026-08-24 01:36:29,730 INFO ncaa_identity: contest_id=179238 teams 2400/2400 matched, players 6355/6725 matched
2026-08-24 01:36:33,872 INFO ncaa_identity: contest_id=179309 teams 1684/1684 matched, players 4469/4679 matched
2026-08-24 01:36:35,205 INFO ncaa_identity: contest_id=179344 teams 2433/2433 matched, players 6409/6846 matched
2026-08-24 01:36:36,838 INFO ncaa_identity: contest_id=179378 teams 1252/2412 matched, players 3422/6815 matched
2026-08-24 01:36:38,343 INFO ncaa_identity: contest_id=179403 teams 2060/2060 matched, players 5308/5796 matched
2026-08-24 01:36:42,113 INFO ncaa_identity: contest_id=179486 teams 2020/2020 matched, players 5266/5735 matched
2026-08-24 01:36:43,446 INFO ncaa_identity: contest_id=179514 teams 2418/2418 matched, players 6198/6800 matched
2026-08-24 01:36:45,023 INFO ncaa_identity: contest_id=179536 teams 2425/2425 matched, players 6566/6868 matched
2026-08-24 01:36:49,477 INFO ncaa_identity: contest_id=179608 teams 2400/2400 matched, players 5839/6773 matched
2026-08-24 01:36:50,690 INFO ncaa_identity: contest_id=179628 teams 2165/2165 matched, players 5929/6094 matched
2026-08-24 01:36:58,001 INFO ncaa_identity: contest_id=179773 teams 2320/2320 matched, players 6303/6587 matched
2026-08-24 01:37:01,104 INFO ncaa_identity: contest_id=179833 teams 2022/2022 matched, players 5156/5709 matched
2026-08-24 01:37:02,822 INFO ncaa_identity: contest_id=179856 teams 2054/2054 matched, players 5510/5791 matched
2026-08-24 01:37:04,035 INFO ncaa_identity: contest_id=179885 teams 2082/2082 matched, players 5632/5874 matched
2026-08-24 01:37:05,298 INFO ncaa_identity: contest_id=179906 teams 2186/2186 matched, players 6033/6185 matched
2026-08-24 01:37:10,602 INFO ncaa_identity: contest_id=179999 teams 1322/2646 matched, players 3005/7416 matched
2026-08-24 01:37:13,598 INFO ncaa_identity: contest_id=180110 teams 2492/2492 matched, players 6536/6967 matched
2026-08-24 01:37:15,282 INFO ncaa_identity: contest_id=180149 teams 2201/2201 matched, players 5754/6182 matched
2026-08-24 01:37:16,878 INFO ncaa_identity: contest_id=180180 teams 2920/2920 matched, players 7811/8306 matched
2026-08-24 01:37:18,865 INFO ncaa_identity: contest_id=180213 teams 2503/2503 matched, players 6510/7015 matched
2026-08-24 01:37:21,448 INFO ncaa_identity: contest_id=180271 teams 1011/2012 matched, players 2823/5688 matched
2026-08-24 01:37:23,056 INFO ncaa_identity: contest_id=180296 teams 2224/2224 matched, players 5837/6297 matched
2026-08-24 01:37:26,199 INFO ncaa_identity: contest_id=180393 teams 1073/2131 matched, players 2986/6005 matched
2026-08-24 01:37:32,005 INFO ncaa_identity: contest_id=180545 teams 2188/2188 matched, players 6073/6212 matched
2026-08-24 01:37:33,371 INFO ncaa_identity: contest_id=180568 teams 2364/2364 matched, players 5953/6687 matched
2026-08-24 01:37:36,395 INFO ncaa_identity: contest_id=180612 teams 1169/2315 matched, players 3056/6524 matched
2026-08-24 01:37:39,474 INFO ncaa_identity: contest_id=180655 teams 1047/2082 matched, players 2876/5773 matched
2026-08-24 01:37:41,043 INFO ncaa_identity: contest_id=180685 teams 1469/2978 matched, players 4109/8398 matched
2026-08-24 01:37:42,911 INFO ncaa_identity: contest_id=180714 teams 2225/2225 matched, players 5678/6245 matched
2026-08-24 01:37:44,384 INFO ncaa_identity: contest_id=180734 teams 2449/2449 matched, players 6525/6914 matched
2026-08-24 01:37:47,667 INFO ncaa_identity: contest_id=180803 teams 2304/2304 matched, players 6097/6536 matched
2026-08-24 01:37:50,172 INFO ncaa_identity: contest_id=180847 teams 2210/2210 matched, players 5745/6197 matched
2026-08-24 01:37:52,011 INFO ncaa_identity: contest_id=180871 teams 1421/2690 matched, players 3644/7525 matched
2026-08-24 01:37:54,182 INFO ncaa_identity: contest_id=180905 teams 1661/3112 matched, players 4597/8875 matched
2026-08-24 01:37:58,279 INFO ncaa_identity: contest_id=181005 teams 1265/2465 matched, players 3457/6939 matched
2026-08-24 01:37:59,654 INFO ncaa_identity: contest_id=181020 teams 2504/2504 matched, players 6743/7080 matched
2026-08-24 01:38:01,266 INFO ncaa_identity: contest_id=181084 teams 2079/2079 matched, players 5490/5810 matched
2026-08-24 01:38:03,912 INFO ncaa_identity: contest_id=181182 teams 2638/2638 matched, players 7021/7463 matched
2026-08-24 01:38:05,533 INFO ncaa_identity: contest_id=181216 teams 1217/2390 matched, players 2768/6740 matched
2026-08-24 01:38:07,000 INFO ncaa_identity: contest_id=181239 teams 2469/2469 matched, players 6494/6949 matched
2026-08-24 01:38:08,539 INFO ncaa_identity: contest_id=181254 teams 2199/2199 matched, players 6078/6225 matched
2026-08-24 01:38:11,575 INFO ncaa_identity: contest_id=181318 teams 2442/2442 matched, players 6571/6873 matched
2026-08-24 01:38:12,989 INFO ncaa_identity: contest_id=181349 teams 1089/2141 matched, players 2613/6044 matched
2026-08-24 01:38:14,237 INFO ncaa_identity: contest_id=181377 teams 2160/2160 matched, players 5655/6090 matched
2026-08-24 01:38:24,253 INFO ncaa_identity: contest_id=181591 teams 2088/2088 matched, players 5822/5859 matched
2026-08-24 01:38:25,595 INFO ncaa_identity: contest_id=181614 teams 2504/2504 matched, players 6749/7087 matched
2026-08-24 01:38:32,608 INFO ncaa_identity: contest_id=181740 teams 2358/2358 matched, players 6316/6666 matched
2026-08-24 01:38:34,324 INFO ncaa_identity: contest_id=181753 teams 1144/2285 matched, players 3283/6433 matched
2026-08-24 01:38:39,993 INFO ncaa_identity: contest_id=181869 teams 1342/2690 matched, players 3802/7594 matched
2026-08-24 01:38:42,801 INFO ncaa_identity: contest_id=181937 teams 2331/2331 matched, players 6205/6566 matched
2026-08-24 01:38:50,155 INFO ncaa_identity: contest_id=182083 teams 2482/2482 matched, players 6705/7005 matched
2026-08-24 01:38:51,773 INFO ncaa_identity: contest_id=182114 teams 2302/2302 matched, players 6054/6476 matched
2026-08-24 01:38:55,963 INFO ncaa_identity: contest_id=182168 teams 1186/2362 matched, players 3346/6665 matched
2026-08-24 01:38:59,280 INFO ncaa_identity: contest_id=182214 teams 2631/2631 matched, players 6811/7398 matched
2026-08-24 01:39:01,949 INFO ncaa_identity: contest_id=182271 teams 1110/2263 matched, players 3194/6430 matched
2026-08-24 01:39:05,089 INFO ncaa_identity: contest_id=182327 teams 2431/2431 matched, players 6274/6895 matched
2026-08-24 01:39:06,568 INFO ncaa_identity: contest_id=182350 teams 2449/2449 matched, players 6454/6931 matched
2026-08-24 01:39:08,030 INFO ncaa_identity: contest_id=182384 teams 2493/2493 matched, players 6487/7069 matched
2026-08-24 01:39:12,304 INFO ncaa_identity: contest_id=182444 teams 1173/2307 matched, players 3270/6539 matched
2026-08-24 01:39:13,985 INFO ncaa_identity: contest_id=182464 teams 2259/2259 matched, players 5849/6355 matched
2026-08-24 01:39:15,604 INFO ncaa_identity: contest_id=182493 teams 1495/2966 matched, players 4190/8344 matched
2026-08-24 01:39:17,229 INFO ncaa_identity: contest_id=182507 teams 1394/2695 matched, players 3507/7572 matched
2026-08-24 01:39:20,083 INFO ncaa_identity: contest_id=182530 teams 2504/2504 matched, players 6796/7060 matched
2026-08-24 01:39:22,763 INFO ncaa_identity: contest_id=182553 teams 1074/2160 matched, players 2987/6017 matched
2026-08-24 01:39:24,106 INFO ncaa_identity: contest_id=182572 teams 2891/2891 matched, players 7917/8170 matched
2026-08-24 01:39:25,764 INFO ncaa_identity: contest_id=182585 teams 1289/2535 matched, players 3457/7125 matched
2026-08-24 01:39:26,868 INFO ncaa_identity: contest_id=182596 teams 1993/1993 matched, players 5388/5600 matched
2026-08-24 01:39:28,383 INFO ncaa_identity: contest_id=182606 teams 2397/2397 matched, players 6205/6783 matched
2026-08-24 01:39:31,241 INFO ncaa_identity: contest_id=182630 teams 1380/2724 matched, players 3836/7706 matched
2026-08-24 01:39:32,660 INFO ncaa_identity: contest_id=182641 teams 1175/2305 matched, players 3378/6541 matched
2026-08-24 01:39:34,433 INFO ncaa_identity: contest_id=182653 teams 2384/2384 matched, players 6238/6696 matched
2026-08-24 01:39:46,793 INFO ncaa_identity: contest_id=182737 teams 2187/2187 matched, players 6042/6132 matched
2026-08-24 01:39:48,150 INFO ncaa_identity: contest_id=182747 teams 2624/2624 matched, players 6325/7435 matched
2026-08-24 01:39:49,820 INFO ncaa_identity: contest_id=182761 teams 1104/2193 matched, players 3092/6139 matched
2026-08-24 01:39:54,483 INFO ncaa_identity: contest_id=182811 teams 0/2146 matched, players 0/6091 matched
2026-08-24 01:39:57,353 INFO ncaa_identity: contest_id=182864 teams 2035/2035 matched, players 5302/5764 matched
2026-08-24 01:40:07,161 INFO ncaa_identity: contest_id=183094 teams 2211/2211 matched, players 5848/6243 matched
2026-08-24 01:40:10,463 INFO ncaa_identity: contest_id=183199 teams 1408/2794 matched, players 3997/7933 matched
2026-08-24 01:40:15,401 INFO ncaa_identity: contest_id=183270 teams 1218/2501 matched, players 3106/7044 matched
2026-08-24 01:40:23,988 INFO ncaa_identity: contest_id=183389 teams 2540/2540 matched, players 7040/7203 matched
2026-08-24 01:40:28,534 INFO ncaa_identity: contest_id=183435 teams 2508/2508 matched, players 7030/7092 matched
2026-08-24 01:40:30,216 INFO ncaa_identity: contest_id=183456 teams 2695/2695 matched, players 7076/7619 matched
2026-08-24 01:40:31,851 INFO ncaa_identity: contest_id=183478 teams 2474/2474 matched, players 6907/6974 matched
2026-08-24 01:40:36,222 INFO ncaa_identity: contest_id=183557 teams 2356/2356 matched, players 6329/6686 matched
2026-08-24 01:40:38,738 INFO ncaa_identity: contest_id=183666 teams 2414/2414 matched, players 6698/6798 matched
2026-08-24 01:40:40,278 INFO ncaa_identity: contest_id=183697 teams 2591/2591 matched, players 6953/7298 matched
2026-08-24 01:40:43,093 INFO ncaa_identity: contest_id=183773 teams 3022/3022 matched, players 7960/8579 matched
2026-08-24 01:40:46,695 INFO ncaa_identity: contest_id=183864 teams 1825/1825 matched, players 4736/5176 matched
2026-08-24 01:40:50,429 INFO ncaa_identity: contest_id=183943 teams 2033/2033 matched, players 5403/5767 matched
2026-08-24 01:40:52,046 INFO ncaa_identity: contest_id=183983 teams 3025/3025 matched, players 8095/8558 matched
2026-08-24 01:40:53,057 INFO ncaa_identity: contest_id=183996 teams 2170/2170 matched, players 5789/6143 matched
2026-08-24 01:40:56,763 INFO ncaa_identity: contest_id=184139 teams 2193/2193 matched, players 5851/6152 matched
2026-08-24 01:40:58,385 INFO ncaa_identity: contest_id=184172 teams 2495/2495 matched, players 6000/7049 matched
2026-08-24 01:40:59,622 INFO ncaa_identity: contest_id=184212 teams 2710/2710 matched, players 7327/7680 matched
2026-08-24 01:41:01,166 INFO ncaa_identity: contest_id=184236 teams 2246/2246 matched, players 5807/6333 matched
2026-08-24 01:41:02,418 INFO ncaa_identity: contest_id=184260 teams 2357/2357 matched, players 6018/6647 matched
2026-08-24 01:41:04,940 INFO ncaa_identity: contest_id=184335 teams 1947/1947 matched, players 5013/5479 matched
2026-08-24 01:41:06,043 INFO ncaa_identity: contest_id=184367 teams 2469/2469 matched, players 6213/6987 matched
2026-08-24 01:41:08,544 INFO ncaa_identity: contest_id=184449 teams 1245/2416 matched, players 3441/6826 matched
2026-08-24 01:41:10,945 INFO ncaa_identity: contest_id=184500 teams 2141/2141 matched, players 5803/6031 matched
2026-08-24 01:41:17,741 INFO ncaa_identity: contest_id=184655 teams 2099/2099 matched, players 5822/5890 matched
2026-08-24 01:41:20,851 INFO ncaa_identity: contest_id=184702 teams 2215/2215 matched, players 5498/6241 matched
2026-08-24 01:41:23,854 INFO ncaa_identity: contest_id=184784 teams 1934/1934 matched, players 4974/5424 matched
2026-08-24 01:41:24,841 INFO ncaa_identity: contest_id=184817 teams 1972/1972 matched, players 5042/5569 matched
2026-08-24 01:41:27,846 INFO ncaa_identity: contest_id=184913 teams 2178/2178 matched, players 5743/6159 matched
2026-08-24 01:41:33,712 INFO ncaa_identity: contest_id=185028 teams 2219/2219 matched, players 6004/6317 matched
2026-08-24 01:41:36,301 INFO ncaa_identity: contest_id=185082 teams 2343/2343 matched, players 6164/6583 matched
2026-08-24 01:41:38,156 INFO ncaa_identity: contest_id=185100 teams 3095/3095 matched, players 8216/8823 matched
2026-08-24 01:41:42,671 INFO ncaa_identity: contest_id=185242 teams 2778/2778 matched, players 7492/7905 matched
2026-08-24 01:41:44,355 INFO ncaa_identity: contest_id=185269 teams 2335/2335 matched, players 6392/6593 matched
2026-08-24 01:41:46,929 INFO ncaa_identity: contest_id=185332 teams 2537/2537 matched, players 7130/7176 matched
2026-08-24 01:41:48,563 INFO ncaa_identity: contest_id=185359 teams 2461/2461 matched, players 6534/6908 matched
2026-08-24 01:41:51,450 INFO ncaa_identity: contest_id=185421 teams 2570/2570 matched, players 7151/7267 matched
2026-08-24 01:41:53,927 INFO ncaa_identity: contest_id=185479 teams 2567/2567 matched, players 6929/7243 matched
2026-08-24 01:41:55,314 INFO ncaa_identity: contest_id=185528 teams 1888/1888 matched, players 5069/5309 matched
2026-08-24 01:42:00,136 INFO ncaa_identity: contest_id=185626 teams 2471/2471 matched, players 6640/6977 matched
2026-08-24 01:42:01,467 INFO ncaa_identity: contest_id=185653 teams 2288/2288 matched, players 6385/6438 matched
2026-08-24 01:42:04,536 INFO ncaa_identity: contest_id=185707 teams 2575/2575 matched, players 6928/7262 matched
2026-08-24 01:42:06,123 INFO ncaa_identity: contest_id=185727 teams 2341/2341 matched, players 6242/6615 matched
2026-08-24 01:42:17,604 INFO ncaa_identity: contest_id=186069 teams 2054/2054 matched, players 5583/5782 matched
2026-08-24 01:42:21,809 INFO ncaa_identity: contest_id=186137 teams 2336/2336 matched, players 5971/6599 matched
2026-08-24 01:42:28,317 INFO ncaa_identity: contest_id=186305 teams 2393/2393 matched, players 6561/6747 matched
2026-08-24 01:42:29,530 INFO ncaa_identity: contest_id=186329 teams 2392/2392 matched, players 6460/6757 matched
2026-08-24 01:42:30,967 INFO ncaa_identity: contest_id=186360 teams 2189/2189 matched, players 5707/6175 matched
2026-08-24 01:42:32,180 INFO ncaa_identity: contest_id=186384 teams 2197/2197 matched, players 5684/6202 matched
2026-08-24 01:42:35,916 INFO ncaa_identity: contest_id=186522 teams 2154/2154 matched, players 5735/6070 matched
2026-08-24 01:42:38,838 INFO ncaa_identity: contest_id=186575 teams 2309/2309 matched, players 6233/6543 matched
2026-08-24 01:42:41,678 INFO ncaa_identity: contest_id=186665 teams 1967/1967 matched, players 5458/5511 matched
2026-08-24 01:42:42,817 INFO ncaa_identity: contest_id=186693 teams 2164/2164 matched, players 4637/6112 matched
2026-08-24 01:42:48,185 INFO ncaa_identity: contest_id=186765 teams 2552/2552 matched, players 6581/7192 matched
2026-08-24 01:42:51,294 INFO ncaa_identity: contest_id=186814 teams 2183/2183 matched, players 6100/6166 matched
2026-08-24 01:42:53,219 INFO ncaa_identity: contest_id=186834 teams 2391/2391 matched, players 6290/6756 matched
2026-08-24 01:43:06,006 INFO ncaa_identity: contest_id=187123 teams 2261/2261 matched, players 6009/6348 matched
2026-08-24 01:43:11,822 INFO ncaa_identity: contest_id=187234 teams 2320/2320 matched, players 6170/6514 matched
2026-08-24 01:43:17,352 INFO ncaa_identity: contest_id=187321 teams 2628/2628 matched, players 7194/7453 matched
2026-08-24 01:43:19,158 INFO ncaa_identity: contest_id=187379 teams 2289/2289 matched, players 6191/6453 matched
2026-08-24 01:43:23,633 INFO ncaa_identity: contest_id=187465 teams 2197/2197 matched, players 5411/6121 matched
2026-08-24 01:43:28,180 INFO ncaa_identity: contest_id=187563 teams 2611/2611 matched, players 7156/7352 matched
2026-08-24 01:43:29,812 INFO ncaa_identity: contest_id=187596 teams 2315/2315 matched, players 6294/6550 matched
2026-08-24 01:43:33,008 INFO ncaa_identity: contest_id=187670 teams 2718/2718 matched, players 7205/7739 matched
2026-08-24 01:43:39,052 INFO ncaa_identity: contest_id=187832 teams 2531/2531 matched, players 6158/7149 matched
2026-08-24 01:43:42,696 INFO ncaa_identity: contest_id=187869 teams 2268/2268 matched, players 5831/6407 matched
2026-08-24 01:43:48,753 INFO ncaa_identity: contest_id=187961 teams 1205/2396 matched, players 3335/6699 matched
2026-08-24 01:43:50,344 INFO ncaa_identity: contest_id=187991 teams 2162/2162 matched, players 5780/6093 matched
2026-08-24 01:43:51,974 INFO ncaa_identity: contest_id=188029 teams 2191/2191 matched, players 5405/6187 matched
2026-08-24 01:43:53,210 INFO ncaa_identity: contest_id=188049 teams 2279/2279 matched, players 6106/6470 matched
2026-08-24 01:43:56,615 INFO ncaa_identity: contest_id=188116 teams 2494/2494 matched, players 6856/7097 matched
2026-08-24 01:44:00,256 INFO ncaa_identity: contest_id=188257 teams 2149/2149 matched, players 5515/6086 matched
2026-08-24 01:44:02,054 INFO ncaa_identity: contest_id=188284 teams 1247/2462 matched, players 3461/6946 matched
2026-08-24 01:44:04,843 INFO ncaa_identity: contest_id=188335 teams 1945/1945 matched, players 4990/5484 matched
2026-08-24 01:44:12,336 INFO ncaa_identity: contest_id=188512 teams 1773/1773 matched, players 4846/4998 matched
2026-08-24 01:44:13,794 INFO ncaa_identity: contest_id=188541 teams 2572/2572 matched, players 6946/7225 matched
2026-08-24 01:44:16,938 INFO ncaa_identity: contest_id=188603 teams 2489/2489 matched, players 6909/7023 matched
2026-08-24 01:44:19,812 INFO ncaa_identity: contest_id=188664 teams 2338/2338 matched, players 6007/6613 matched
2026-08-24 01:44:23,039 INFO ncaa_identity: contest_id=188741 teams 2562/2562 matched, players 6964/7210 matched
2026-08-24 01:44:24,446 INFO ncaa_identity: contest_id=188772 teams 2095/2095 matched, players 5408/5938 matched
2026-08-24 01:44:28,909 INFO ncaa_identity: contest_id=188889 teams 2317/2317 matched, players 6203/6546 matched
2026-08-24 01:44:31,530 INFO ncaa_identity: contest_id=188941 teams 2485/2485 matched, players 6642/7031 matched
2026-08-24 01:44:34,445 INFO ncaa_identity: contest_id=189008 teams 1835/1835 matched, players 4073/5125 matched
2026-08-24 01:44:35,657 INFO ncaa_identity: contest_id=189029 teams 2058/2058 matched, players 5696/5781 matched
2026-08-24 01:44:37,102 INFO ncaa_identity: contest_id=189045 teams 2157/2157 matched, players 5841/6096 matched
2026-08-24 01:44:39,052 INFO ncaa_identity: contest_id=189073 teams 2698/2698 matched, players 7496/7606 matched
2026-08-24 01:44:40,519 INFO ncaa_identity: contest_id=189096 teams 2071/2071 matched, players 5188/5834 matched
2026-08-24 01:44:42,135 INFO ncaa_identity: contest_id=189125 teams 2214/2214 matched, players 6043/6270 matched
2026-08-24 01:44:53,643 INFO ncaa_identity: contest_id=189427 teams 2511/2511 matched, players 6074/7076 matched
2026-08-24 01:44:55,211 INFO ncaa_identity: contest_id=189448 teams 1923/1923 matched, players 5084/5415 matched
2026-08-24 01:44:57,535 INFO ncaa_identity: contest_id=189469 teams 3032/3032 matched, players 7919/8562 matched
2026-08-24 01:44:58,983 INFO ncaa_identity: contest_id=189484 teams 2298/2298 matched, players 6118/6509 matched
2026-08-24 01:45:05,791 INFO ncaa_identity: contest_id=189664 teams 2242/2242 matched, players 6050/6339 matched
2026-08-24 01:45:07,025 INFO ncaa_identity: contest_id=189692 teams 2488/2488 matched, players 6738/7038 matched
2026-08-24 01:45:08,610 INFO ncaa_identity: contest_id=189715 teams 2339/2339 matched, players 6166/6593 matched
2026-08-24 01:45:09,993 INFO ncaa_identity: contest_id=189750 teams 2143/2143 matched, players 5579/6063 matched
2026-08-24 01:45:13,129 INFO ncaa_identity: contest_id=189838 teams 2767/2767 matched, players 7266/7797 matched
2026-08-24 01:45:20,920 INFO ncaa_identity: contest_id=190016 teams 0/2623 matched, players 0/7428 matched
2026-08-24 01:45:23,328 INFO ncaa_identity: contest_id=190063 teams 2401/2401 matched, players 6204/6770 matched
2026-08-24 01:45:26,574 INFO ncaa_identity: contest_id=190110 teams 2480/2480 matched, players 6063/6962 matched
2026-08-24 01:45:28,101 INFO ncaa_identity: contest_id=190132 teams 2267/2267 matched, players 5720/6386 matched
2026-08-24 01:45:30,998 INFO ncaa_identity: contest_id=190197 teams 2391/2391 matched, players 6332/6759 matched
2026-08-24 01:45:33,572 INFO ncaa_identity: contest_id=190269 teams 1856/1856 matched, players 4967/5253 matched
2026-08-24 01:45:35,198 INFO ncaa_identity: contest_id=190314 teams 2143/2143 matched, players 5770/6035 matched
2026-08-24 01:45:39,407 INFO ncaa_identity: contest_id=190439 teams 2392/2392 matched, players 6540/6778 matched
2026-08-24 01:45:42,494 INFO ncaa_identity: contest_id=190500 teams 2390/2390 matched, players 5767/6743 matched
2026-08-24 01:45:44,956 INFO ncaa_identity: contest_id=190551 teams 2097/2097 matched, players 5494/5957 matched
2026-08-24 01:45:46,841 INFO ncaa_identity: contest_id=190574 teams 1352/2702 matched, players 3822/7646 matched
2026-08-24 01:45:51,539 INFO ncaa_identity: contest_id=190683 teams 2386/2386 matched, players 6282/6747 matched
2026-08-24 01:45:52,880 INFO ncaa_identity: contest_id=190713 teams 2088/2088 matched, players 5592/5852 matched
2026-08-24 01:45:54,573 INFO ncaa_identity: contest_id=190741 teams 2283/2283 matched, players 6055/6416 matched
2026-08-24 01:45:56,245 INFO ncaa_identity: contest_id=190780 teams 2484/2484 matched, players 6525/7055 matched
2026-08-24 01:46:03,289 INFO ncaa_identity: contest_id=190968 teams 2351/2351 matched, players 6520/6625 matched
2026-08-24 01:46:11,316 INFO ncaa_identity: contest_id=191114 teams 2668/2668 matched, players 7463/7584 matched
2026-08-24 01:46:12,875 INFO ncaa_identity: contest_id=191126 teams 2214/2214 matched, players 6081/6264 matched
2026-08-24 01:46:19,272 INFO ncaa_identity: contest_id=191212 teams 2202/2202 matched, players 6075/6192 matched
2026-08-24 01:46:22,174 INFO ncaa_identity: contest_id=191307 teams 2456/2456 matched, players 6437/6935 matched
2026-08-24 01:46:25,280 INFO ncaa_identity: contest_id=191340 teams 2564/2564 matched, players 6752/7285 matched
2026-08-24 01:46:28,068 INFO ncaa_identity: contest_id=191372 teams 2270/2270 matched, players 5973/6435 matched
2026-08-24 01:46:29,466 INFO ncaa_identity: contest_id=191421 teams 2702/2702 matched, players 7048/7606 matched
2026-08-24 01:46:31,022 INFO ncaa_identity: contest_id=191443 teams 2415/2415 matched, players 6414/6830 matched
2026-08-24 01:46:32,479 INFO ncaa_identity: contest_id=191468 teams 2387/2387 matched, players 6600/6766 matched
2026-08-24 01:46:36,807 INFO ncaa_identity: contest_id=191526 teams 2592/2592 matched, players 7159/7324 matched
2026-08-24 01:46:38,253 INFO ncaa_identity: contest_id=191589 teams 1955/1955 matched, players 5433/5500 matched
2026-08-24 01:46:39,885 INFO ncaa_identity: contest_id=191608 teams 2689/2689 matched, players 7153/7634 matched
2026-08-24 01:46:43,107 INFO ncaa_identity: contest_id=191689 teams 2585/2585 matched, players 7173/7311 matched
2026-08-24 01:46:47,806 INFO ncaa_identity: contest_id=191743 teams 2151/2151 matched, players 5660/6022 matched
2026-08-24 01:46:57,632 INFO ncaa_identity: contest_id=191857 teams 2212/2212 matched, players 5963/6257 matched
2026-08-24 01:46:59,209 INFO ncaa_identity: contest_id=191871 teams 2174/2174 matched, players 5854/6149 matched
2026-08-24 01:47:02,109 INFO ncaa_identity: contest_id=191955 teams 2303/2303 matched, players 5996/6527 matched
2026-08-24 01:47:04,855 INFO ncaa_identity: contest_id=191997 teams 2480/2480 matched, players 6524/6959 matched
2026-08-24 01:47:10,550 INFO ncaa_identity: contest_id=192050 teams 2153/2153 matched, players 5708/6071 matched
2026-08-24 01:47:16,369 INFO ncaa_identity: contest_id=192132 teams 1048/2117 matched, players 3012/5970 matched
2026-08-24 01:47:17,505 INFO ncaa_identity: contest_id=192150 teams 1900/1900 matched, players 704/720 matched
2026-08-24 01:47:19,115 INFO ncaa_identity: contest_id=192160 teams 2071/2071 matched, players 5476/5802 matched
2026-08-24 01:47:24,846 INFO ncaa_identity: contest_id=192220 teams 2428/2428 matched, players 6410/6848 matched
2026-08-24 01:47:26,290 INFO ncaa_identity: contest_id=192235 teams 2448/2448 matched, players 6313/6910 matched
2026-08-24 01:47:29,144 INFO ncaa_identity: contest_id=192309 teams 2601/2601 matched, players 6827/7346 matched
2026-08-24 01:47:30,421 INFO ncaa_identity: contest_id=192323 teams 2035/2035 matched, players 5691/5730 matched
2026-08-24 01:47:37,745 INFO ncaa_identity: contest_id=192373 teams 2289/2289 matched, players 6299/6505 matched
2026-08-24 01:47:39,062 INFO ncaa_identity: contest_id=192383 teams 1849/1849 matched, players 5149/5191 matched
2026-08-24 01:47:40,638 INFO ncaa_identity: contest_id=192393 teams 1994/1994 matched, players 5275/5626 matched
2026-08-24 01:47:42,148 INFO ncaa_identity: contest_id=192430 teams 2639/2639 matched, players 7128/7458 matched
2026-08-24 01:47:45,312 INFO ncaa_identity: contest_id=192478 teams 2267/2267 matched, players 6151/6402 matched
2026-08-24 01:47:52,846 INFO ncaa_identity: contest_id=192545 teams 2498/2498 matched, players 5788/7016 matched
2026-08-24 01:48:00,879 INFO ncaa_identity: contest_id=192606 teams 2514/2514 matched, players 6521/7108 matched
2026-08-24 01:48:02,828 INFO ncaa_identity: contest_id=192616 teams 2285/2285 matched, players 6090/6432 matched
2026-08-24 01:48:04,002 INFO ncaa_identity: contest_id=192626 teams 2461/2461 matched, players 6489/6959 matched
2026-08-24 01:48:05,454 INFO ncaa_identity: contest_id=192636 teams 1884/1884 matched, players 4778/5339 matched
2026-08-24 01:48:08,313 INFO ncaa_identity: contest_id=192663 teams 2345/2345 matched, players 6308/6649 matched
2026-08-24 01:48:09,817 INFO ncaa_identity: contest_id=192674 teams 2308/2308 matched, players 6467/6533 matched
2026-08-24 01:48:15,117 INFO ncaa_identity: contest_id=192750 teams 2271/2271 matched, players 5873/6365 matched
2026-08-24 01:48:16,330 WARNING ncaa_parse: family=lineups contest_id=192764 team=Penn produced NO good stints (34 bad, roster=10) -- parsed successfully but contributed nothing
2026-08-24 01:48:18,816 INFO ncaa_identity: contest_id=192798 teams 2653/2653 matched, players 1186/1214 matched
2026-08-24 01:48:22,176 INFO ncaa_identity: contest_id=192818 teams 2216/2216 matched, players 6064/6282 matched
2026-08-24 01:48:23,400 INFO ncaa_identity: contest_id=192828 teams 2133/2133 matched, players 5867/6042 matched
2026-08-24 01:48:26,397 INFO ncaa_identity: contest_id=192849 teams 2638/2638 matched, players 7016/7450 matched
2026-08-24 01:48:27,743 INFO ncaa_identity: contest_id=192859 teams 2423/2423 matched, players 6283/6828 matched
2026-08-24 01:48:31,336 INFO ncaa_identity: contest_id=192882 teams 2641/2641 matched, players 7085/7498 matched
2026-08-24 01:48:40,955 INFO ncaa_identity: contest_id=10043 teams 2619/2619 matched, players 6916/7403 matched
2026-08-24 01:48:45,931 INFO ncaa_identity: contest_id=10079 teams 1161/2334 matched, players 3283/6573 matched
2026-08-24 01:48:48,715 INFO ncaa_identity: contest_id=10111 teams 1116/2133 matched, players 3035/5986 matched
2026-08-24 01:48:51,779 INFO ncaa_identity: contest_id=10138 teams 1243/2524 matched, players 3527/7126 matched
2026-08-24 01:48:53,432 INFO ncaa_identity: contest_id=10151 teams 1254/2438 matched, players 2320/6820 matched
2026-08-24 01:48:55,383 INFO ncaa_identity: contest_id=10166 teams 2659/2659 matched, players 6819/7522 matched
2026-08-24 01:48:57,202 INFO ncaa_identity: contest_id=10177 teams 2369/2369 matched, players 6526/6679 matched
2026-08-24 01:48:58,321 INFO ncaa_identity: contest_id=10192 teams 1865/1865 matched, players 638/717 matched
2026-08-24 01:48:59,980 INFO ncaa_identity: contest_id=10205 teams 2362/2362 matched, players 6179/6676 matched
2026-08-24 01:49:03,208 INFO ncaa_identity: contest_id=10237 teams 2711/2711 matched, players 7522/7659 matched
2026-08-24 01:49:04,602 INFO ncaa_identity: contest_id=10252 teams 2643/2643 matched, players 6991/7446 matched
2026-08-24 01:49:07,918 INFO ncaa_identity: contest_id=10346 teams 2151/2151 matched, players 5512/6062 matched
2026-08-24 01:49:11,260 INFO ncaa_identity: contest_id=10411 teams 2467/2467 matched, players 6851/6932 matched
2026-08-24 01:49:12,804 INFO ncaa_identity: contest_id=10498 teams 2742/2742 matched, players 7649/7733 matched
2026-08-24 01:49:17,607 INFO ncaa_identity: contest_id=10532 teams 2465/2465 matched, players 6040/6896 matched
2026-08-24 01:49:24,840 INFO ncaa_identity: contest_id=10613 teams 1237/2399 matched, players 3434/6768 matched
2026-08-24 01:49:26,322 INFO ncaa_identity: contest_id=10624 teams 2776/2776 matched, players 7369/7864 matched
2026-08-24 01:49:30,845 INFO ncaa_identity: contest_id=10657 teams 1325/2621 matched, players 3786/7381 matched
2026-08-24 01:49:32,725 INFO ncaa_identity: contest_id=10668 teams 2332/2332 matched, players 6223/6573 matched
2026-08-24 01:49:34,123 INFO ncaa_identity: contest_id=10683 teams 1125/2231 matched, players 3149/6293 matched
2026-08-24 01:49:36,073 INFO ncaa_identity: contest_id=10710 teams 1532/2989 matched, players 3328/8421 matched
2026-08-24 01:49:37,396 INFO ncaa_identity: contest_id=10727 teams 1050/2126 matched, players 2968/5975 matched
2026-08-24 01:49:38,541 INFO ncaa_identity: contest_id=10742 teams 1217/2397 matched, players 3150/6748 matched
2026-08-24 01:49:40,403 INFO ncaa_identity: contest_id=10761 teams 2496/2496 matched, players 6036/7047 matched
2026-08-24 01:49:43,911 INFO ncaa_identity: contest_id=10821 teams 2620/2620 matched, players 7033/7386 matched
2026-08-24 01:49:47,149 INFO ncaa_identity: contest_id=10879 teams 2636/2636 matched, players 7294/7430 matched
2026-08-24 01:49:50,416 INFO ncaa_identity: contest_id=11016 teams 2295/2295 matched, players 6003/6483 matched
2026-08-24 01:49:53,219 INFO ncaa_identity: contest_id=11047 teams 2179/2179 matched, players 5911/6137 matched
2026-08-24 01:49:54,972 INFO ncaa_identity: contest_id=11070 teams 2444/2444 matched, players 6839/6860 matched
2026-08-24 01:49:56,785 INFO ncaa_identity: contest_id=11082 teams 2249/2249 matched, players 6120/6378 matched
2026-08-24 01:49:59,745 INFO ncaa_identity: contest_id=11123 teams 2552/2552 matched, players 6788/7146 matched
2026-08-24 01:50:01,097 INFO ncaa_identity: contest_id=11165 teams 2532/2532 matched, players 6722/7168 matched
2026-08-24 01:50:02,350 INFO ncaa_identity: contest_id=11198 teams 1307/2505 matched, players 3256/7122 matched
2026-08-24 01:50:05,266 INFO ncaa_identity: contest_id=11265 teams 2443/2443 matched, players 6689/6892 matched
2026-08-24 01:50:09,516 INFO ncaa_identity: contest_id=11379 teams 2304/2304 matched, players 5718/6514 matched
2026-08-24 01:50:12,868 INFO ncaa_identity: contest_id=11452 teams 1287/2581 matched, players 3645/7326 matched
2026-08-24 01:50:14,314 INFO ncaa_identity: contest_id=11488 teams 1316/2528 matched, players 3642/7100 matched
2026-08-24 01:50:15,848 INFO ncaa_identity: contest_id=11558 teams 2111/2111 matched, players 5517/5984 matched
2026-08-24 01:50:17,031 INFO ncaa_identity: contest_id=11650 teams 2111/2111 matched, players 5899/5922 matched
2026-08-24 01:50:21,562 INFO ncaa_identity: contest_id=11752 teams 2211/2211 matched, players 5845/6229 matched
2026-08-24 01:50:23,834 INFO ncaa_identity: contest_id=11768 teams 1122/2320 matched, players 367/930 matched
2026-08-24 01:50:25,099 INFO ncaa_identity: contest_id=11785 teams 2197/2197 matched, players 5637/6216 matched
2026-08-24 01:50:26,912 INFO ncaa_identity: contest_id=11795 teams 2412/2412 matched, players 6292/6804 matched
2026-08-24 01:50:28,317 INFO ncaa_identity: contest_id=11807 teams 2393/2393 matched, players 6243/6787 matched
2026-08-24 01:50:29,926 INFO ncaa_identity: contest_id=11848 teams 2336/2336 matched, players 5085/6562 matched
2026-08-24 01:50:31,474 INFO ncaa_identity: contest_id=11869 teams 1381/2675 matched, players 3838/7548 matched
2026-08-24 01:50:34,643 INFO ncaa_identity: contest_id=11911 teams 2544/2544 matched, players 6799/7169 matched
2026-08-24 01:50:35,842 INFO ncaa_identity: contest_id=11922 teams 2470/2470 matched, players 6457/6970 matched
2026-08-24 01:50:38,958 INFO ncaa_identity: contest_id=11953 teams 1210/2411 matched, players 3444/6787 matched
2026-08-24 01:50:43,851 INFO ncaa_identity: contest_id=12111 teams 1236/2457 matched, players 3517/6962 matched
2026-08-24 01:50:45,742 INFO ncaa_identity: contest_id=12193 teams 2516/2516 matched, players 6725/7136 matched
2026-08-24 01:50:47,162 INFO ncaa_identity: contest_id=12203 teams 2338/2338 matched, players 6242/6598 matched
2026-08-24 01:50:49,051 INFO ncaa_identity: contest_id=12217 teams 1136/2288 matched, players 2719/6430 matched
2026-08-24 01:50:52,577 INFO ncaa_identity: contest_id=12265 teams 1152/2277 matched, players 3171/6402 matched
2026-08-24 01:50:55,538 INFO ncaa_identity: contest_id=12298 teams 1298/2497 matched, players 3535/7037 matched
2026-08-24 01:50:59,370 INFO ncaa_identity: contest_id=12330 teams 1692/3314 matched, players 4678/9329 matched
2026-08-24 01:51:02,449 INFO ncaa_identity: contest_id=12355 teams 2106/2106 matched, players 5548/5921 matched
2026-08-24 01:51:03,765 INFO ncaa_identity: contest_id=12367 teams 2416/2416 matched, players 6157/6790 matched
2026-08-24 01:51:05,634 INFO ncaa_identity: contest_id=12377 teams 2084/2084 matched, players 543/605 matched
2026-08-24 01:51:08,605 INFO ncaa_identity: contest_id=12401 teams 2938/2938 matched, players 7494/8324 matched
2026-08-24 01:51:09,847 INFO ncaa_identity: contest_id=12421 teams 2286/2286 matched, players 5884/6414 matched
2026-08-24 01:51:11,377 INFO ncaa_identity: contest_id=12438 teams 2073/2073 matched, players 5726/5775 matched
2026-08-24 01:51:12,814 INFO ncaa_identity: contest_id=12460 teams 2110/2110 matched, players 5723/5981 matched
2026-08-24 01:51:18,443 INFO ncaa_identity: contest_id=12526 teams 1979/1979 matched, players 541/599 matched
2026-08-24 01:51:19,866 INFO ncaa_identity: contest_id=12556 teams 1277/2496 matched, players 3478/7011 matched
2026-08-24 01:51:23,305 INFO ncaa_identity: contest_id=12616 teams 1352/2765 matched, players 3898/7852 matched
2026-08-24 01:51:25,346 INFO ncaa_identity: contest_id=12660 teams 1461/2956 matched, players 4210/8364 matched
2026-08-24 01:51:29,560 INFO ncaa_identity: contest_id=12744 teams 2279/2279 matched, players 6011/6438 matched
2026-08-24 01:51:33,566 INFO ncaa_identity: contest_id=12812 teams 1559/3047 matched, players 4399/8652 matched
2026-08-24 01:51:35,142 INFO ncaa_identity: contest_id=12836 teams 1116/2263 matched, players 3198/6397 matched
2026-08-24 01:51:37,065 INFO ncaa_identity: contest_id=12859 teams 2286/2286 matched, players 6036/6402 matched
2026-08-24 01:51:40,024 INFO ncaa_identity: contest_id=12900 teams 1155/2308 matched, players 3241/6483 matched
2026-08-24 01:51:44,881 INFO ncaa_identity: contest_id=12985 teams 1349/2631 matched, players 4220/7439 matched
2026-08-24 01:51:47,702 INFO ncaa_identity: contest_id=13045 teams 1103/2196 matched, players 3117/6160 matched
2026-08-24 01:51:52,535 INFO ncaa_identity: contest_id=13107 teams 2424/2424 matched, players 6022/6798 matched
2026-08-24 01:51:53,760 INFO ncaa_identity: contest_id=13137 teams 1952/1952 matched, players 5146/5521 matched
2026-08-24 01:51:58,298 INFO ncaa_identity: contest_id=13231 teams 2387/2387 matched, players 6695/6733 matched
2026-08-24 01:51:59,949 INFO ncaa_identity: contest_id=13262 teams 1083/2184 matched, players 2453/6188 matched
2026-08-24 01:52:01,169 INFO ncaa_identity: contest_id=13282 teams 1806/1806 matched, players 4449/5033 matched
2026-08-24 01:52:02,670 INFO ncaa_identity: contest_id=13300 teams 2671/2671 matched, players 7157/7608 matched
2026-08-24 01:52:04,429 INFO ncaa_identity: contest_id=13328 teams 2567/2567 matched, players 6209/7240 matched
2026-08-24 01:52:08,983 INFO ncaa_identity: contest_id=13441 teams 1988/1988 matched, players 5136/5580 matched
2026-08-24 01:52:10,767 INFO ncaa_identity: contest_id=13462 teams 1245/2520 matched, players 3603/7130 matched
2026-08-24 01:52:12,462 INFO ncaa_identity: contest_id=13509 teams 1133/2269 matched, players 3168/6416 matched
2026-08-24 01:52:13,900 INFO ncaa_identity: contest_id=13555 teams 2598/2598 matched, players 6846/7341 matched
2026-08-24 01:52:16,843 INFO ncaa_identity: contest_id=13633 teams 1230/2431 matched, players 3157/6817 matched
2026-08-24 01:52:18,291 INFO ncaa_identity: contest_id=13662 teams 2108/2108 matched, players 5620/5910 matched
2026-08-24 01:52:21,176 INFO ncaa_identity: contest_id=13704 teams 2125/2125 matched, players 5666/6020 matched
2026-08-24 01:52:24,106 INFO ncaa_identity: contest_id=13773 teams 2221/2221 matched, players 5670/6269 matched
2026-08-24 01:52:26,873 INFO ncaa_identity: contest_id=13839 teams 2141/2141 matched, players 5536/6054 matched
2026-08-24 01:52:28,148 INFO ncaa_identity: contest_id=13886 teams 2236/2236 matched, players 6109/6309 matched
2026-08-24 01:52:29,536 INFO ncaa_identity: contest_id=13931 teams 2303/2303 matched, players 6142/6482 matched
2026-08-24 01:52:31,428 INFO ncaa_identity: contest_id=13975 teams 2947/2947 matched, players 7826/8375 matched
2026-08-24 01:52:34,477 INFO ncaa_identity: contest_id=14085 teams 2268/2268 matched, players 6034/6418 matched
2026-08-24 01:52:37,754 INFO ncaa_identity: contest_id=14129 teams 1300/2575 matched, players 2965/7279 matched
2026-08-24 01:52:41,110 INFO ncaa_identity: contest_id=14171 teams 2226/2226 matched, players 6105/6280 matched
2026-08-24 01:52:42,726 INFO ncaa_identity: contest_id=14189 teams 2274/2274 matched, players 5997/6431 matched
2026-08-24 01:52:45,681 INFO ncaa_identity: contest_id=14241 teams 2617/2617 matched, players 7235/7415 matched
2026-08-24 01:52:46,969 INFO ncaa_identity: contest_id=14280 teams 1186/2360 matched, players 3368/6668 matched
2026-08-24 01:52:48,522 INFO ncaa_identity: contest_id=14314 teams 2195/2195 matched, players 6102/6172 matched
2026-08-24 01:52:49,988 INFO ncaa_identity: contest_id=14335 teams 2517/2517 matched, players 6680/7130 matched
2026-08-24 01:52:52,009 INFO ncaa_identity: contest_id=14354 teams 1183/2286 matched, players 3198/6412 matched
2026-08-24 01:52:52,125 INFO 5 starters not found for period 3; using estimate
2026-08-24 01:52:54,895 INFO ncaa_identity: contest_id=14393 teams 1150/2293 matched, players 3214/6461 matched
2026-08-24 01:52:56,798 INFO ncaa_identity: contest_id=14422 teams 1404/2784 matched, players 3590/7846 matched
2026-08-24 01:53:03,050 INFO ncaa_identity: contest_id=14621 teams 1246/2463 matched, players 3262/6929 matched
2026-08-24 01:53:04,473 INFO ncaa_identity: contest_id=14668 teams 2572/2572 matched, players 6833/7247 matched
2026-08-24 01:53:07,674 INFO ncaa_identity: contest_id=14722 teams 2330/2330 matched, players 6276/6580 matched
2026-08-24 01:53:08,965 INFO ncaa_identity: contest_id=14763 teams 2362/2362 matched, players 5926/6662 matched
2026-08-24 01:53:10,740 INFO ncaa_identity: contest_id=14783 teams 2304/2304 matched, players 6044/6506 matched
2026-08-24 01:53:12,136 INFO ncaa_identity: contest_id=14804 teams 2330/2330 matched, players 6200/6580 matched
2026-08-24 01:53:14,150 INFO ncaa_identity: contest_id=14833 teams 2477/2477 matched, players 6421/6982 matched
2026-08-24 01:53:18,466 INFO ncaa_identity: contest_id=14933 teams 2237/2237 matched, players 5952/6337 matched
2026-08-24 01:53:21,110 INFO ncaa_identity: contest_id=15007 teams 2689/2689 matched, players 7008/7581 matched
2026-08-24 01:53:22,677 INFO ncaa_identity: contest_id=15050 teams 2488/2488 matched, players 6656/7044 matched
2026-08-24 01:53:25,021 INFO ncaa_identity: contest_id=15084 teams 1121/2194 matched, players 3117/6151 matched
2026-08-24 01:53:26,756 INFO ncaa_identity: contest_id=15111 teams 1201/2416 matched, players 3471/6803 matched
2026-08-24 01:53:29,572 INFO ncaa_identity: contest_id=15156 teams 2007/2007 matched, players 5269/5661 matched
2026-08-24 01:53:37,483 INFO ncaa_identity: contest_id=15297 teams 2627/2627 matched, players 7157/7438 matched
2026-08-24 01:53:38,777 INFO ncaa_identity: contest_id=15327 teams 2153/2153 matched, players 5569/6050 matched
2026-08-24 01:53:40,645 INFO ncaa_identity: contest_id=15352 teams 1325/2621 matched, players 3744/7380 matched
2026-08-24 01:53:46,725 INFO ncaa_identity: contest_id=15468 teams 1456/2822 matched, players 3823/7924 matched
2026-08-24 01:53:48,088 INFO ncaa_identity: contest_id=15487 teams 2084/2084 matched, players 5375/5878 matched
2026-08-24 01:53:49,702 INFO ncaa_identity: contest_id=15515 teams 1528/3063 matched, players 4334/8654 matched
2026-08-24 01:53:51,245 INFO ncaa_identity: contest_id=15553 teams 1146/2237 matched, players 3188/6282 matched
2026-08-24 01:53:52,901 INFO ncaa_identity: contest_id=15603 teams 2210/2210 matched, players 5259/6237 matched
2026-08-24 01:53:55,859 INFO ncaa_identity: contest_id=15643 teams 1304/2549 matched, players 3602/7199 matched
2026-08-24 01:53:58,625 INFO ncaa_identity: contest_id=15684 teams 2071/2071 matched, players 5065/5815 matched
2026-08-24 01:54:01,563 INFO ncaa_identity: contest_id=15740 teams 2869/2869 matched, players 8043/8068 matched
2026-08-24 01:54:02,671 INFO ncaa_identity: contest_id=15765 teams 2133/2133 matched, players 5731/6002 matched
2026-08-24 01:54:05,789 INFO ncaa_identity: contest_id=15817 teams 2112/2112 matched, players 5520/5935 matched
2026-08-24 01:54:07,086 INFO ncaa_identity: contest_id=15880 teams 922/1845 matched, players 370/683 matched
2026-08-24 01:54:08,656 INFO ncaa_identity: contest_id=15903 teams 1220/2371 matched, players 3410/6718 matched
2026-08-24 01:54:10,400 INFO ncaa_identity: contest_id=15918 teams 3093/3093 matched, players 8776/8779 matched
2026-08-24 01:54:12,060 INFO ncaa_identity: contest_id=15947 teams 2165/2165 matched, players 5358/6101 matched
2026-08-24 01:54:24,054 INFO ncaa_identity: contest_id=16134 teams 2304/2304 matched, players 6133/6545 matched
2026-08-24 01:54:25,562 INFO ncaa_identity: contest_id=16149 teams 2149/2149 matched, players 5825/6065 matched
2026-08-24 01:54:26,840 INFO ncaa_identity: contest_id=16161 teams 1148/2288 matched, players 3301/6498 matched
2026-08-24 01:54:30,386 WARNING ncaa_parse: family=lineups contest_id=16202 team=Louisiana Tech produced NO good stints (21 bad, roster=9) -- parsed successfully but contributed nothing
2026-08-24 01:54:31,114 INFO ncaa_identity: contest_id=16202 teams 1428/1428 matched, players 359/388 matched
2026-08-24 01:54:32,496 INFO ncaa_identity: contest_id=16217 teams 0/2556 matched, players 0/7212 matched
2026-08-24 01:54:35,361 INFO ncaa_identity: contest_id=16237 teams 2328/2328 matched, players 6479/6573 matched
2026-08-24 01:54:36,729 INFO ncaa_identity: contest_id=16247 teams 2097/2097 matched, players 5182/5914 matched
2026-08-24 01:54:41,443 INFO ncaa_identity: contest_id=16278 teams 2787/2787 matched, players 7480/7884 matched
2026-08-24 01:54:44,025 INFO ncaa_identity: contest_id=16302 teams 2059/2059 matched, players 5692/5774 matched
2026-08-24 01:54:45,537 INFO ncaa_identity: contest_id=16312 teams 1168/2307 matched, players 3226/6463 matched
2026-08-24 01:54:48,562 INFO ncaa_identity: contest_id=16332 teams 2453/2453 matched, players 6357/6941 matched
2026-08-24 01:54:49,898 INFO ncaa_identity: contest_id=16342 teams 2285/2285 matched, players 6227/6469 matched
2026-08-24 01:54:51,133 INFO ncaa_identity: contest_id=16352 teams 2065/2065 matched, players 5117/5780 matched
2026-08-24 01:54:52,842 INFO ncaa_identity: contest_id=16365 teams 2013/2013 matched, players 4820/5673 matched
2026-08-24 01:54:54,189 INFO ncaa_identity: contest_id=16377 teams 1193/2375 matched, players 3340/6703 matched
2026-08-24 01:54:58,520 INFO ncaa_identity: contest_id=16414 teams 2249/2249 matched, players 5523/6339 matched
2026-08-24 01:55:07,225 INFO ncaa_identity: contest_id=16616 teams 2016/2016 matched, players 5258/5697 matched
2026-08-24 01:55:16,670 INFO ncaa_identity: contest_id=16767 teams 2085/2085 matched, players 5626/5874 matched
2026-08-24 01:55:17,962 INFO ncaa_identity: contest_id=16801 teams 1948/1948 matched, players 5101/5533 matched
2026-08-24 01:55:20,895 INFO ncaa_identity: contest_id=16942 teams 992/1925 matched, players 413/702 matched
2026-08-24 01:55:25,449 INFO ncaa_identity: contest_id=17002 teams 1198/2319 matched, players 3289/6546 matched
2026-08-24 01:55:26,980 INFO ncaa_identity: contest_id=17023 teams 1292/2611 matched, players 3586/7335 matched
2026-08-24 01:55:29,086 INFO ncaa_identity: contest_id=17045 teams 2323/2323 matched, players 6281/6534 matched
2026-08-24 01:55:36,271 INFO ncaa_identity: contest_id=17145 teams 2604/2604 matched, players 7012/7368 matched
2026-08-24 01:55:37,645 INFO ncaa_identity: contest_id=17181 teams 2589/2589 matched, players 7232/7309 matched
2026-08-24 01:55:40,928 INFO ncaa_identity: contest_id=17221 teams 2240/2240 matched, players 6098/6344 matched
2026-08-24 01:55:49,610 INFO ncaa_identity: contest_id=17437 teams 2381/2381 matched, players 6317/6707 matched
2026-08-24 01:55:52,480 INFO ncaa_identity: contest_id=17504 teams 1337/2718 matched, players 3781/7679 matched
2026-08-24 01:56:02,272 INFO ncaa_identity: contest_id=17678 teams 2075/2075 matched, players 5251/5853 matched
2026-08-24 01:56:05,180 INFO ncaa_identity: contest_id=17735 teams 2181/2181 matched, players 6139/6141 matched
2026-08-24 01:56:06,591 INFO ncaa_identity: contest_id=17761 teams 2375/2375 matched, players 6235/6744 matched
2026-08-24 01:56:10,794 INFO ncaa_identity: contest_id=17836 teams 2110/2110 matched, players 5196/5939 matched
2026-08-24 01:56:13,863 INFO ncaa_identity: contest_id=17913 teams 2548/2548 matched, players 7133/7174 matched
2026-08-24 01:56:15,305 INFO ncaa_identity: contest_id=17990 teams 2211/2211 matched, players 5448/6284 matched
2026-08-24 01:56:16,707 INFO ncaa_identity: contest_id=18043 teams 2347/2347 matched, players 6364/6610 matched
2026-08-24 01:56:24,556 INFO ncaa_identity: contest_id=18203 teams 2347/2347 matched, players 6610/6633 matched
2026-08-24 01:56:28,730 INFO ncaa_identity: contest_id=18310 teams 2437/2437 matched, players 6855/6874 matched
2026-08-24 01:56:29,880 INFO ncaa_identity: contest_id=18334 teams 2635/2635 matched, players 7118/7363 matched
2026-08-24 01:56:30,847 INFO ncaa_identity: contest_id=18411 teams 2074/2074 matched, players 5247/5842 matched
2026-08-24 01:56:32,211 INFO ncaa_identity: contest_id=18469 teams 2256/2256 matched, players 5980/6401 matched
2026-08-24 01:56:34,955 INFO ncaa_identity: contest_id=18505 teams 2665/2665 matched, players 7039/7536 matched
2026-08-24 01:56:46,318 INFO ncaa_identity: contest_id=18742 teams 3227/3227 matched, players 8295/9057 matched
2026-08-24 01:56:47,466 INFO ncaa_identity: contest_id=18772 teams 2351/2351 matched, players 6095/6626 matched
2026-08-24 01:56:52,175 INFO ncaa_identity: contest_id=18856 teams 2310/2310 matched, players 5958/6513 matched
2026-08-24 01:56:54,792 INFO ncaa_identity: contest_id=18900 teams 2641/2641 matched, players 6735/7469 matched
2026-08-24 01:56:56,326 INFO ncaa_identity: contest_id=18945 teams 2175/2175 matched, players 5898/6140 matched
2026-08-24 01:57:03,993 INFO ncaa_identity: contest_id=19162 teams 2535/2535 matched, players 6843/7167 matched
2026-08-24 01:57:10,047 INFO ncaa_identity: contest_id=19262 teams 2183/2183 matched, players 6107/6175 matched
2026-08-24 01:57:15,785 INFO ncaa_identity: contest_id=19388 teams 2411/2411 matched, players 6608/6778 matched
2026-08-24 01:57:16,946 INFO ncaa_identity: contest_id=19407 teams 1996/1996 matched, players 4842/5607 matched
2026-08-24 01:57:18,512 INFO ncaa_identity: contest_id=19426 teams 2359/2359 matched, players 6078/6624 matched
2026-08-24 01:57:20,929 INFO ncaa_identity: contest_id=19578 teams 1072/2117 matched, players 2763/5987 matched
2026-08-24 01:57:23,474 INFO ncaa_identity: contest_id=19612 teams 2215/2215 matched, players 6077/6257 matched
2026-08-24 01:57:27,347 INFO ncaa_identity: contest_id=19673 teams 2469/2469 matched, players 6981/6982 matched
2026-08-24 01:57:29,966 INFO ncaa_identity: contest_id=19735 teams 1197/2416 matched, players 3460/6874 matched
2026-08-24 01:57:31,130 INFO ncaa_identity: contest_id=19807 teams 2172/2172 matched, players 5749/6096 matched
2026-08-24 01:57:33,744 INFO ncaa_identity: contest_id=19851 teams 2222/2222 matched, players 5797/6268 matched
2026-08-24 01:57:34,939 INFO ncaa_identity: contest_id=19870 teams 2388/2388 matched, players 6712/6786 matched
2026-08-24 01:57:37,919 INFO ncaa_identity: contest_id=19912 teams 2203/2203 matched, players 5934/6198 matched
2026-08-24 01:57:43,002 INFO ncaa_identity: contest_id=19995 teams 2573/2573 matched, players 6766/7241 matched
2026-08-24 01:57:44,221 INFO ncaa_identity: contest_id=20036 teams 2502/2502 matched, players 7028/7087 matched
2026-08-24 01:57:46,872 INFO ncaa_identity: contest_id=20107 teams 1049/2123 matched, players 2991/6008 matched
2026-08-24 01:57:52,317 INFO ncaa_identity: contest_id=20288 teams 2414/2414 matched, players 6392/6878 matched
2026-08-24 01:57:53,755 INFO ncaa_identity: contest_id=20302 teams 2109/2109 matched, players 5307/5929 matched
2026-08-24 01:58:00,625 INFO ncaa_identity: contest_id=20475 teams 2246/2246 matched, players 6060/6320 matched
2026-08-24 01:58:03,269 INFO ncaa_identity: contest_id=20533 teams 2317/2317 matched, players 6450/6504 matched
2026-08-24 01:58:06,779 INFO ncaa_identity: contest_id=20701 teams 1969/1969 matched, players 4655/5562 matched
2026-08-24 01:58:08,078 INFO ncaa_identity: contest_id=20722 teams 1160/2317 matched, players 3304/6565 matched
2026-08-24 01:58:09,110 INFO ncaa_identity: contest_id=20743 teams 2227/2227 matched, players 5773/6295 matched
2026-08-24 01:58:16,967 INFO ncaa_identity: contest_id=20958 teams 2284/2284 matched, players 6229/6422 matched
2026-08-24 01:58:24,563 INFO ncaa_identity: contest_id=21104 teams 2072/2072 matched, players 5369/5832 matched
2026-08-24 01:58:27,402 INFO ncaa_identity: contest_id=21163 teams 2256/2256 matched, players 5953/6388 matched
2026-08-24 01:58:32,924 INFO ncaa_identity: contest_id=21351 teams 1995/1995 matched, players 5021/5615 matched
2026-08-24 01:58:35,521 INFO ncaa_identity: contest_id=21399 teams 1361/2628 matched, players 3527/7370 matched
2026-08-24 01:58:39,156 INFO ncaa_identity: contest_id=21461 teams 2550/2550 matched, players 6715/7227 matched
2026-08-24 01:58:43,078 INFO ncaa_identity: contest_id=21575 teams 2200/2200 matched, players 5956/6150 matched
2026-08-24 01:58:51,043 INFO ncaa_identity: contest_id=21801 teams 2652/2652 matched, players 7451/7491 matched
2026-08-24 01:58:53,440 INFO ncaa_identity: contest_id=21849 teams 2025/2025 matched, players 5201/5727 matched
2026-08-24 01:58:54,801 INFO ncaa_identity: contest_id=21870 teams 2675/2675 matched, players 6755/7553 matched
2026-08-24 01:59:00,242 INFO ncaa_identity: contest_id=22018 teams 2527/2527 matched, players 6614/7172 matched
2026-08-24 01:59:01,907 INFO ncaa_identity: contest_id=22040 teams 2344/2344 matched, players 6187/6623 matched
2026-08-24 01:59:09,305 INFO ncaa_identity: contest_id=22177 teams 2347/2347 matched, players 6061/6614 matched
2026-08-24 01:59:18,313 INFO ncaa_identity: contest_id=22473 teams 2100/2100 matched, players 5515/5955 matched
2026-08-24 01:59:21,171 INFO ncaa_identity: contest_id=22523 teams 2385/2385 matched, players 6185/6696 matched
2026-08-24 01:59:26,601 INFO ncaa_identity: contest_id=22645 teams 2263/2263 matched, players 5846/6344 matched
2026-08-24 01:59:31,032 INFO ncaa_identity: contest_id=22769 teams 2519/2519 matched, players 6806/7121 matched
2026-08-24 01:59:32,079 INFO ncaa_identity: contest_id=22824 teams 1843/1843 matched, players 4605/5204 matched
2026-08-24 01:59:37,657 INFO ncaa_identity: contest_id=22903 teams 2304/2304 matched, players 5851/6505 matched
2026-08-24 01:59:38,861 INFO ncaa_identity: contest_id=22918 teams 1943/1943 matched, players 4834/5483 matched
2026-08-24 01:59:41,299 INFO ncaa_identity: contest_id=22993 teams 0/2408 matched, players 0/6771 matched
2026-08-24 01:59:45,903 INFO ncaa_identity: contest_id=23137 teams 2349/2349 matched, players 6108/6673 matched
2026-08-24 01:59:47,432 INFO ncaa_identity: contest_id=23157 teams 2063/2063 matched, players 5461/5855 matched
2026-08-24 01:59:48,745 INFO ncaa_identity: contest_id=23190 teams 1929/1929 matched, players 4470/5425 matched
2026-08-24 01:59:51,476 INFO ncaa_identity: contest_id=23242 teams 2179/2179 matched, players 5753/6111 matched
2026-08-24 01:59:52,719 INFO ncaa_identity: contest_id=23268 teams 2102/2102 matched, players 5616/5948 matched
2026-08-24 01:59:53,914 INFO ncaa_identity: contest_id=23298 teams 2303/2303 matched, players 6412/6472 matched
2026-08-24 02:00:04,120 INFO ncaa_identity: contest_id=23567 teams 2025/2025 matched, players 5225/5699 matched
2026-08-24 02:00:07,121 INFO ncaa_identity: contest_id=23622 teams 2060/2060 matched, players 4898/5836 matched
2026-08-24 02:00:09,711 INFO ncaa_identity: contest_id=23691 teams 2568/2568 matched, players 6891/7258 matched
2026-08-24 02:00:10,844 INFO ncaa_identity: contest_id=23727 teams 2086/2086 matched, players 5376/5887 matched
2026-08-24 02:00:16,037 INFO ncaa_identity: contest_id=23897 teams 2369/2369 matched, players 6293/6661 matched
2026-08-24 02:00:32,068 INFO ncaa_identity: contest_id=24205 teams 2038/2038 matched, players 5299/5742 matched
2026-08-24 02:00:33,755 INFO ncaa_identity: contest_id=24221 teams 2193/2193 matched, players 5836/6173 matched
2026-08-24 02:00:41,892 INFO ncaa_identity: contest_id=24294 teams 2820/2820 matched, players 7252/7998 matched
2026-08-24 02:00:51,589 INFO ncaa_identity: contest_id=24330 teams 1954/1954 matched, players 5169/5517 matched
2026-08-24 02:01:02,058 INFO ncaa_identity: contest_id=24423 teams 2316/2316 matched, players 6400/6523 matched
2026-08-24 02:01:17,205 INFO ncaa_identity: contest_id=24556 teams 2395/2395 matched, players 6280/6821 matched
2026-08-24 02:01:23,525 INFO ncaa_identity: contest_id=24610 teams 2301/2301 matched, players 5589/6492 matched
2026-08-24 02:01:29,517 INFO ncaa_identity: contest_id=24620 teams 2131/2131 matched, players 5778/6055 matched
2026-08-24 02:01:33,565 INFO ncaa_identity: contest_id=24634 teams 2238/2238 matched, players 6150/6314 matched
2026-08-24 02:01:37,503 INFO ncaa_identity: contest_id=24658 teams 1793/1793 matched, players 4576/5031 matched
2026-08-24 02:01:43,184 INFO ncaa_identity: contest_id=24677 teams 2077/2077 matched, players 5818/5875 matched
2026-08-24 02:01:47,721 INFO ncaa_identity: contest_id=24690 teams 2685/2685 matched, players 7358/7629 matched
2026-08-24 02:02:36,822 INFO ncaa_identity: contest_id=24963 teams 2661/2661 matched, players 7469/7531 matched
2026-08-24 02:03:01,215 INFO ncaa_identity: contest_id=25075 teams 2332/2332 matched, players 6482/6607 matched
2026-08-24 02:03:05,424 INFO ncaa_identity: contest_id=25098 teams 2713/2713 matched, players 6817/7722 matched
2026-08-24 02:03:11,294 INFO ncaa_identity: contest_id=25171 teams 2190/2190 matched, players 5497/6204 matched
2026-08-24 02:03:15,954 INFO ncaa_identity: contest_id=25191 teams 2667/2667 matched, players 7032/7556 matched
2026-08-24 02:03:25,809 INFO ncaa_identity: contest_id=25222 teams 1638/1638 matched, players 569/636 matched
2026-08-24 02:03:41,232 INFO ncaa_identity: contest_id=25267 teams 2301/2301 matched, players 5667/6490 matched
2026-08-24 02:04:00,486 INFO ncaa_identity: contest_id=25338 teams 2299/2299 matched, players 5937/6511 matched
2026-08-24 02:04:11,662 INFO ncaa_identity: contest_id=25383 teams 1795/1795 matched, players 4858/5051 matched
2026-08-24 02:04:22,034 INFO ncaa_identity: contest_id=25467 teams 2539/2539 matched, players 6735/7137 matched
2026-08-24 02:04:34,549 INFO ncaa_identity: contest_id=25523 teams 2025/2025 matched, players 5179/5706 matched
2026-08-24 02:04:38,286 INFO ncaa_identity: contest_id=25533 teams 2095/2095 matched, players 5571/5903 matched
2026-08-24 02:04:43,391 INFO ncaa_identity: contest_id=25543 teams 2336/2336 matched, players 6229/6559 matched
2026-08-24 02:04:47,354 INFO ncaa_identity: contest_id=25583 teams 2041/2041 matched, players 4869/5737 matched
2026-08-24 02:04:57,185 INFO ncaa_identity: contest_id=25603 teams 2494/2494 matched, players 6825/7033 matched
2026-08-24 02:05:10,486 INFO ncaa_identity: contest_id=25673 teams 2269/2269 matched, players 5321/6414 matched
2026-08-24 02:05:19,851 INFO ncaa_identity: contest_id=25693 teams 2025/2025 matched, players 5272/5693 matched
2026-08-24 02:05:35,657 INFO ncaa_identity: contest_id=25739 teams 2432/2432 matched, players 6294/6894 matched
2026-08-24 02:05:53,451 INFO ncaa_identity: contest_id=25848 teams 2187/2187 matched, players 5662/6125 matched
2026-08-24 02:05:58,518 INFO ncaa_identity: contest_id=25858 teams 2092/2092 matched, players 5529/5915 matched
2026-08-24 02:06:11,604 INFO ncaa_identity: contest_id=25888 teams 2807/2807 matched, players 7601/8016 matched
2026-08-24 02:06:29,449 INFO ncaa_identity: contest_id=25981 teams 2303/2303 matched, players 6245/6500 matched
2026-08-24 02:06:33,321 INFO ncaa_identity: contest_id=26004 teams 2270/2270 matched, players 6066/6453 matched
2026-08-24 02:06:34,860 INFO ncaa_identity: contest_id=26027 teams 2248/2248 matched, players 5661/6353 matched
2026-08-24 02:06:36,068 INFO ncaa_identity: contest_id=26040 teams 2171/2171 matched, players 6000/6100 matched
2026-08-24 02:06:41,469 INFO ncaa_identity: contest_id=26080 teams 2296/2296 matched, players 6017/6472 matched
2026-08-24 02:06:43,039 INFO ncaa_identity: contest_id=26090 teams 2271/2271 matched, players 5872/6395 matched
2026-08-24 02:06:44,278 INFO ncaa_identity: contest_id=26100 teams 2246/2246 matched, players 6218/6273 matched
2026-08-24 02:06:46,946 INFO ncaa_identity: contest_id=26120 teams 2211/2211 matched, players 6139/6255 matched
2026-08-24 02:06:47,956 INFO ncaa_identity: contest_id=26130 teams 2018/2018 matched, players 5207/5709 matched
2026-08-24 02:06:53,581 INFO ncaa_identity: contest_id=26178 teams 2640/2640 matched, players 7452/7455 matched
2026-08-24 02:06:54,814 INFO ncaa_identity: contest_id=26189 teams 2329/2329 matched, players 6040/6562 matched
2026-08-24 02:06:59,924 INFO ncaa_identity: contest_id=26235 teams 2658/2658 matched, players 6617/7503 matched
2026-08-24 02:07:01,464 WARNING ncaa_parse: family=lineups contest_id=26284 team=Harvard produced NO good stints (24 bad, roster=8) -- parsed successfully but contributed nothing
2026-08-24 02:07:01,997 WARNING ncaa_parse: family=lineups contest_id=26284 team=Penn produced NO good stints (21 bad, roster=9) -- parsed successfully but contributed nothing
2026-08-24 02:07:04,214 INFO ncaa_identity: contest_id=26313 teams 1278/1278 matched, players 3230/3620 matched
2026-08-24 02:07:05,898 INFO ncaa_identity: contest_id=26326 teams 1328/1328 matched, players 3561/3711 matched
2026-08-24 02:07:07,618 INFO ncaa_identity: contest_id=26336 teams 1187/1187 matched, players 3031/3277 matched
2026-08-24 02:07:10,806 INFO ncaa_identity: contest_id=26356 teams 2177/2177 matched, players 5665/6163 matched
2026-08-24 02:07:16,445 INFO ncaa_identity: contest_id=26388 teams 2215/2215 matched, players 5664/6232 matched
2026-08-24 02:07:18,641 INFO ncaa_identity: contest_id=26399 teams 2453/2453 matched, players 6715/6897 matched
2026-08-24 02:07:21,400 INFO ncaa_identity: contest_id=26423 teams 2558/2558 matched, players 6595/7222 matched
2026-08-24 02:07:23,196 INFO ncaa_identity: contest_id=26435 teams 2314/2314 matched, players 5854/6553 matched
2026-08-24 02:07:29,771 INFO ncaa_identity: contest_id=1602683 teams 2527/2527 matched, players 7027/7091 matched
2026-08-24 02:07:31,487 INFO ncaa_identity: contest_id=1602693 teams 1233/2417 matched, players 3446/6810 matched
2026-08-24 02:07:35,593 INFO ncaa_identity: contest_id=1602713 teams 2595/2595 matched, players 7299/7351 matched
2026-08-24 02:07:38,219 INFO ncaa_identity: contest_id=1602724 teams 1665/3255 matched, players 4476/8922 matched
2026-08-24 02:07:39,784 INFO ncaa_identity: contest_id=1602734 teams 3125/3125 matched, players 8504/8533 matched
2026-08-24 02:07:41,841 INFO ncaa_identity: contest_id=1602744 teams 1518/3101 matched, players 4274/8532 matched
2026-08-24 02:07:43,209 INFO ncaa_identity: contest_id=1602755 teams 2536/2536 matched, players 6802/7115 matched
2026-08-24 02:07:47,847 INFO ncaa_identity: contest_id=1602785 teams 2614/2614 matched, players 6930/7365 matched
2026-08-24 02:07:50,571 INFO ncaa_identity: contest_id=1602807 teams 2568/2568 matched, players 6845/7311 matched
2026-08-24 02:07:52,127 INFO ncaa_identity: contest_id=1602817 teams 3081/3081 matched, players 8077/8713 matched
2026-08-24 02:07:54,212 INFO ncaa_identity: contest_id=1602827 teams 1562/3108 matched, players 4252/8532 matched
2026-08-24 02:07:56,144 INFO ncaa_identity: contest_id=1602838 teams 3435/3435 matched, players 7979/9775 matched
2026-08-24 02:07:57,870 INFO ncaa_identity: contest_id=1602857 teams 3001/3001 matched, players 7949/8309 matched
2026-08-24 02:07:59,783 INFO ncaa_identity: contest_id=1602882 teams 1351/2614 matched, players 3655/7173 matched
2026-08-24 02:08:02,296 INFO ncaa_identity: contest_id=1602995 teams 1195/2360 matched, players 3301/6655 matched
2026-08-24 02:08:04,014 INFO ncaa_identity: contest_id=1603008 teams 2756/2756 matched, players 7556/7779 matched
2026-08-24 02:08:05,356 INFO ncaa_identity: contest_id=1603030 teams 2220/2220 matched, players 295/480 matched
2026-08-24 02:08:07,363 INFO ncaa_identity: contest_id=1603046 teams 1334/2794 matched, players 3505/7355 matched
2026-08-24 02:08:09,338 INFO ncaa_identity: contest_id=1603074 teams 1493/2880 matched, players 2856/8114 matched
2026-08-24 02:08:11,078 INFO ncaa_identity: contest_id=1603108 teams 1890/1890 matched, players 206/400 matched
2026-08-24 02:08:12,616 INFO ncaa_identity: contest_id=1603130 teams 2671/2671 matched, players 7405/7545 matched
2026-08-24 02:08:14,226 INFO ncaa_identity: contest_id=1603145 teams 2100/2100 matched, players 175/343 matched
2026-08-24 02:08:15,670 INFO ncaa_identity: contest_id=1603183 teams 1039/2094 matched, players 85/378 matched
2026-08-24 02:08:17,424 INFO ncaa_identity: contest_id=1603244 teams 2711/2711 matched, players 7508/7681 matched
2026-08-24 02:08:18,551 INFO ncaa_identity: contest_id=1603343 teams 2173/2173 matched, players 6060/6153 matched
2026-08-24 02:08:21,334 INFO ncaa_identity: contest_id=1603384 teams 1182/2280 matched, players 95/406 matched
2026-08-24 02:08:24,290 INFO ncaa_identity: contest_id=1603446 teams 1195/2350 matched, players 3317/6621 matched
2026-08-24 02:08:25,823 INFO ncaa_identity: contest_id=1603476 teams 2418/2418 matched, players 6469/6806 matched
2026-08-24 02:08:27,349 INFO ncaa_identity: contest_id=1603491 teams 1505/3000 matched, players 4195/8432 matched
2026-08-24 02:08:28,407 INFO ncaa_identity: contest_id=1603507 teams 2102/2102 matched, players 5769/5964 matched
2026-08-24 02:08:29,865 INFO ncaa_identity: contest_id=1603525 teams 2436/2436 matched, players 6350/6868 matched
2026-08-24 02:08:31,245 INFO ncaa_identity: contest_id=1603535 teams 2520/2520 matched, players 6353/6887 matched
2026-08-24 02:08:34,412 INFO ncaa_identity: contest_id=1603573 teams 1443/2858 matched, players 3915/7808 matched
2026-08-24 02:08:36,276 INFO ncaa_identity: contest_id=1603593 teams 2871/2871 matched, players 7607/7905 matched
2026-08-24 02:08:41,444 INFO ncaa_identity: contest_id=1603665 teams 1393/2769 matched, players 3927/7841 matched
2026-08-24 02:08:46,778 INFO ncaa_identity: contest_id=1603769 teams 2799/2799 matched, players 7284/7683 matched
2026-08-24 02:08:48,293 INFO ncaa_identity: contest_id=1603784 teams 1315/2658 matched, players 3752/7514 matched
2026-08-24 02:08:53,237 INFO ncaa_identity: contest_id=1603877 teams 872/1760 matched, players 246/645 matched
2026-08-24 02:08:57,505 INFO ncaa_identity: contest_id=1603947 teams 1344/2700 matched, players 3844/7623 matched
2026-08-24 02:09:03,667 INFO ncaa_identity: contest_id=1604104 teams 2651/2651 matched, players 6876/7308 matched
2026-08-24 02:09:04,848 INFO ncaa_identity: contest_id=1604127 teams 2395/2395 matched, players 6279/6758 matched
2026-08-24 02:09:09,532 INFO ncaa_identity: contest_id=1604226 teams 2695/2695 matched, players 7276/7364 matched
2026-08-24 02:09:11,458 INFO ncaa_identity: contest_id=1604355 teams 2408/2408 matched, players 6335/6336 matched
2026-08-24 02:09:12,739 INFO ncaa_identity: contest_id=1604406 teams 2236/2236 matched, players 6290/6309 matched
2026-08-24 02:09:15,847 INFO ncaa_identity: contest_id=1604550 teams 2674/2674 matched, players 6394/7106 matched
2026-08-24 02:09:17,536 INFO ncaa_identity: contest_id=1604611 teams 2784/2784 matched, players 7279/7292 matched
2026-08-24 02:09:19,117 INFO ncaa_identity: contest_id=1604706 teams 3218/3218 matched, players 8219/8852 matched
2026-08-24 02:09:23,030 INFO ncaa_identity: contest_id=1604750 teams 2909/2909 matched, players 8029/8188 matched
2026-08-24 02:09:24,270 INFO ncaa_identity: contest_id=1604764 teams 1034/2109 matched, players 2732/5925 matched
2026-08-24 02:09:25,607 INFO ncaa_identity: contest_id=1604783 teams 2431/2431 matched, players 6451/6869 matched
2026-08-24 02:09:28,282 INFO ncaa_identity: contest_id=1604816 teams 2581/2581 matched, players 6817/7237 matched
2026-08-24 02:09:29,896 INFO ncaa_identity: contest_id=1604839 teams 1418/2834 matched, players 4007/7957 matched
2026-08-24 02:09:33,136 INFO ncaa_identity: contest_id=1604909 teams 2385/2385 matched, players 6072/6726 matched
2026-08-24 02:09:36,229 INFO ncaa_identity: contest_id=1604988 teams 2589/2589 matched, players 6437/7334 matched
2026-08-24 02:09:40,321 INFO ncaa_identity: contest_id=1605191 teams 1155/2325 matched, players 3269/6591 matched
2026-08-24 02:09:47,291 INFO ncaa_identity: contest_id=1605254 teams 2322/2322 matched, players 5969/6563 matched
2026-08-24 02:09:48,913 INFO ncaa_identity: contest_id=1605291 teams 1587/3197 matched, players 4433/8715 matched
2026-08-24 02:09:50,735 INFO ncaa_identity: contest_id=1605310 teams 2389/2389 matched, players 6148/6730 matched
2026-08-24 02:09:52,109 INFO ncaa_identity: contest_id=1605346 teams 1242/2416 matched, players 3257/6775 matched
2026-08-24 02:09:53,789 INFO ncaa_identity: contest_id=1605366 teams 2221/2221 matched, players 5983/6293 matched
2026-08-24 02:09:57,252 INFO ncaa_identity: contest_id=1605425 teams 1933/1933 matched, players 5307/5433 matched
2026-08-24 02:10:02,085 INFO ncaa_identity: contest_id=1605498 teams 2277/2277 matched, players 6183/6209 matched
2026-08-24 02:10:03,162 INFO ncaa_identity: contest_id=1605548 teams 2135/2135 matched, players 5966/6047 matched
2026-08-24 02:10:10,141 INFO ncaa_identity: contest_id=1605719 teams 1278/2540 matched, players 3526/7003 matched
2026-08-24 02:10:12,129 INFO ncaa_identity: contest_id=1605759 teams 2569/2569 matched, players 6991/7227 matched
2026-08-24 02:10:16,829 INFO ncaa_identity: contest_id=1605845 teams 2075/2075 matched, players 877/900 matched
2026-08-24 02:10:18,816 INFO ncaa_identity: contest_id=1605879 teams 3215/3215 matched, players 8660/8902 matched
2026-08-24 02:10:20,401 INFO ncaa_identity: contest_id=1605905 teams 1304/2494 matched, players 3576/7010 matched
2026-08-24 02:10:22,190 INFO ncaa_identity: contest_id=1605926 teams 2702/2702 matched, players 7318/7321 matched
2026-08-24 02:10:33,108 INFO ncaa_identity: contest_id=1606046 teams 1451/2806 matched, players 3831/7694 matched
2026-08-24 02:10:34,498 INFO ncaa_identity: contest_id=1606060 teams 2428/2428 matched, players 6665/6860 matched
2026-08-24 02:10:36,379 INFO ncaa_identity: contest_id=1606093 teams 2739/2739 matched, players 6390/7762 matched
2026-08-24 02:10:37,963 INFO ncaa_identity: contest_id=1606177 teams 1543/3047 matched, players 4140/8690 matched
2026-08-24 02:10:39,424 INFO ncaa_identity: contest_id=1606204 teams 2314/2314 matched, players 5922/6584 matched
2026-08-24 02:10:41,126 INFO ncaa_identity: contest_id=1606289 teams 2222/2222 matched, players 5932/6294 matched
2026-08-24 02:10:44,050 INFO ncaa_identity: contest_id=1606365 teams 1221/2442 matched, players 3481/6871 matched
2026-08-24 02:10:47,400 INFO ncaa_identity: contest_id=1606414 teams 1442/2881 matched, players 3999/7914 matched
2026-08-24 02:10:48,989 INFO ncaa_identity: contest_id=1606439 teams 3045/3045 matched, players 7958/8447 matched
2026-08-24 02:10:50,238 INFO ncaa_identity: contest_id=1606531 teams 2245/2245 matched, players 6242/6341 matched
2026-08-24 02:10:53,969 INFO ncaa_identity: contest_id=1606635 teams 2427/2427 matched, players 6635/6814 matched
2026-08-24 02:11:00,720 INFO ncaa_identity: contest_id=1606756 teams 2301/2301 matched, players 6155/6494 matched
2026-08-24 02:11:02,727 INFO ncaa_identity: contest_id=1606774 teams 3161/3161 matched, players 6695/8955 matched
2026-08-24 02:11:06,325 INFO ncaa_identity: contest_id=1606832 teams 2249/2249 matched, players 6004/6305 matched
2026-08-24 02:11:08,190 INFO ncaa_identity: contest_id=1606849 teams 1472/2899 matched, players 4140/8184 matched
2026-08-24 02:11:14,500 INFO ncaa_identity: contest_id=1606929 teams 2366/2366 matched, players 6487/6717 matched
2026-08-24 02:11:16,560 INFO ncaa_identity: contest_id=1606946 teams 1139/2336 matched, players 3281/6593 matched
2026-08-24 02:11:21,938 INFO ncaa_identity: contest_id=1607038 teams 2179/2179 matched, players 6032/6143 matched
2026-08-24 02:11:23,910 INFO ncaa_identity: contest_id=1607055 teams 2785/2785 matched, players 7043/7912 matched
2026-08-24 02:11:26,109 INFO ncaa_identity: contest_id=1607068 teams 2729/2729 matched, players 7143/7729 matched
2026-08-24 02:11:30,859 INFO ncaa_identity: contest_id=1607118 teams 2148/2148 matched, players 5643/6060 matched
2026-08-24 02:11:32,525 INFO ncaa_identity: contest_id=1607184 teams 2388/2388 matched, players 6509/6546 matched
2026-08-24 02:11:38,987 INFO ncaa_identity: contest_id=1607360 teams 2473/2473 matched, players 6470/6977 matched
2026-08-24 02:11:44,957 INFO ncaa_identity: contest_id=1607557 teams 1285/2542 matched, players 3318/7139 matched
2026-08-24 02:12:01,279 INFO ncaa_identity: contest_id=1607832 teams 2725/2725 matched, players 7089/7788 matched
2026-08-24 02:12:04,778 INFO ncaa_identity: contest_id=1607890 teams 2781/2781 matched, players 7737/7832 matched
2026-08-24 02:12:08,946 INFO ncaa_identity: contest_id=1607972 teams 2140/2140 matched, players 5966/6010 matched
2026-08-24 02:12:11,016 INFO ncaa_identity: contest_id=1608017 teams 1471/2817 matched, players 3541/7709 matched
2026-08-24 02:12:12,253 INFO ncaa_identity: contest_id=1608055 teams 2238/2238 matched, players 6003/6294 matched
2026-08-24 02:12:15,489 INFO ncaa_identity: contest_id=1608101 teams 2962/2962 matched, players 7893/8129 matched
2026-08-24 02:12:18,391 INFO ncaa_identity: contest_id=1608216 teams 2216/2216 matched, players 5180/6291 matched
2026-08-24 02:12:22,181 INFO ncaa_identity: contest_id=1608263 teams 2646/2646 matched, players 6776/7192 matched
2026-08-24 02:12:23,505 INFO ncaa_identity: contest_id=1608279 teams 2364/2364 matched, players 6266/6678 matched
2026-08-24 02:12:26,363 INFO ncaa_identity: contest_id=1608332 teams 2283/2283 matched, players 5867/6466 matched
2026-08-24 02:12:28,010 INFO ncaa_identity: contest_id=1608348 teams 3028/3028 matched, players 7697/8216 matched
2026-08-24 02:12:30,981 INFO ncaa_identity: contest_id=1608442 teams 2456/2456 matched, players 6391/6909 matched
2026-08-24 02:12:32,972 INFO ncaa_identity: contest_id=1608467 teams 1299/2526 matched, players 3018/7163 matched
2026-08-24 02:12:34,573 INFO ncaa_identity: contest_id=1608506 teams 2345/2345 matched, players 6508/6589 matched
2026-08-24 02:12:36,243 INFO ncaa_identity: contest_id=1608573 teams 1557/3047 matched, players 4032/8628 matched
2026-08-24 02:12:37,829 INFO ncaa_identity: contest_id=1608588 teams 2051/2051 matched, players 5566/5762 matched
2026-08-24 02:12:39,295 INFO ncaa_identity: contest_id=1608605 teams 2022/2022 matched, players 5633/5662 matched
2026-08-24 02:12:40,672 INFO ncaa_identity: contest_id=1608623 teams 2351/2351 matched, players 6413/6662 matched
2026-08-24 02:12:43,926 INFO ncaa_identity: contest_id=1608713 teams 1210/2417 matched, players 3432/6823 matched
2026-08-24 02:12:47,420 INFO ncaa_identity: contest_id=1608754 teams 2361/2361 matched, players 6381/6514 matched
2026-08-24 02:12:50,878 INFO ncaa_identity: contest_id=1608799 teams 1298/2501 matched, players 3591/7084 matched
2026-08-24 02:12:52,409 INFO ncaa_identity: contest_id=1608847 teams 2676/2676 matched, players 6442/7597 matched
2026-08-24 02:12:55,534 INFO ncaa_identity: contest_id=1608879 teams 1625/3250 matched, players 4622/9264 matched
2026-08-24 02:12:57,252 INFO ncaa_identity: contest_id=1608893 teams 1270/2578 matched, players 3146/7011 matched
2026-08-24 02:13:00,656 INFO ncaa_identity: contest_id=1608925 teams 1340/2647 matched, players 3651/7256 matched
2026-08-24 02:13:02,027 INFO ncaa_identity: contest_id=1608937 teams 2213/2213 matched, players 5862/6274 matched
2026-08-24 02:13:03,801 INFO ncaa_identity: contest_id=1608948 teams 2218/2218 matched, players 5561/6241 matched
2026-08-24 02:13:06,714 INFO ncaa_identity: contest_id=1608974 teams 2294/2294 matched, players 6254/6478 matched
2026-08-24 02:13:12,409 INFO ncaa_identity: contest_id=1609007 teams 2887/2887 matched, players 7594/8192 matched
2026-08-24 02:13:15,886 INFO ncaa_identity: contest_id=1609030 teams 2252/2252 matched, players 5714/6361 matched
2026-08-24 02:13:20,973 INFO ncaa_identity: contest_id=1609067 teams 1945/1945 matched, players 615/639 matched
2026-08-24 02:13:24,499 INFO ncaa_identity: contest_id=1609131 teams 2807/2807 matched, players 7185/7373 matched
2026-08-24 02:13:28,708 INFO ncaa_identity: contest_id=1609217 teams 2551/2551 matched, players 6745/7220 matched
2026-08-24 02:13:30,228 INFO ncaa_identity: contest_id=1609237 teams 1148/2247 matched, players 3078/6135 matched
2026-08-24 02:13:31,608 INFO ncaa_identity: contest_id=1609260 teams 2313/2313 matched, players 6288/6536 matched
2026-08-24 02:13:34,338 INFO ncaa_identity: contest_id=1609339 teams 2076/2076 matched, players 5528/5833 matched
2026-08-24 02:13:35,551 INFO ncaa_identity: contest_id=1609362 teams 2202/2202 matched, players 5780/6264 matched
2026-08-24 02:13:42,587 INFO ncaa_identity: contest_id=1609490 teams 2301/2301 matched, players 5893/6492 matched
2026-08-24 02:13:44,906 INFO ncaa_identity: contest_id=1609516 teams 2754/2754 matched, players 7156/7604 matched
2026-08-24 02:13:48,501 INFO ncaa_identity: contest_id=1609598 teams 1465/2888 matched, players 3682/8167 matched
2026-08-24 02:13:50,162 INFO ncaa_identity: contest_id=1609622 teams 1304/2576 matched, players 3604/7245 matched
2026-08-24 02:13:55,435 INFO ncaa_identity: contest_id=1609724 teams 3103/3103 matched, players 8233/8553 matched
2026-08-24 02:13:58,489 INFO ncaa_identity: contest_id=1609764 teams 2356/2356 matched, players 6482/6689 matched
2026-08-24 02:14:00,053 INFO ncaa_identity: contest_id=1609840 teams 2568/2568 matched, players 7104/7230 matched
2026-08-24 02:14:03,119 INFO ncaa_identity: contest_id=1609881 teams 1162/2251 matched, players 3191/6332 matched
2026-08-24 02:14:13,551 INFO ncaa_identity: contest_id=1610055 teams 1094/2164 matched, players 2775/6086 matched
2026-08-24 02:14:17,079 INFO ncaa_identity: contest_id=1610117 teams 2721/2721 matched, players 7523/7776 matched
2026-08-24 02:14:20,426 INFO ncaa_identity: contest_id=1610163 teams 2325/2325 matched, players 5213/6130 matched
2026-08-24 02:14:28,040 INFO ncaa_identity: contest_id=1610419 teams 2772/2772 matched, players 7314/7867 matched
2026-08-24 02:14:30,069 INFO ncaa_identity: contest_id=1610438 teams 1289/2593 matched, players 3511/7109 matched
2026-08-24 02:14:32,195 INFO ncaa_identity: contest_id=1610464 teams 2142/2142 matched, players 5473/6019 matched
2026-08-24 02:14:36,092 INFO ncaa_identity: contest_id=1610496 teams 2131/2131 matched, players 5673/6046 matched
2026-08-24 02:14:38,496 INFO ncaa_identity: contest_id=1610515 teams 2883/2883 matched, players 7429/7959 matched
2026-08-24 02:14:42,521 INFO ncaa_identity: contest_id=1610553 teams 2294/2294 matched, players 6416/6446 matched
2026-08-24 02:14:46,250 INFO ncaa_identity: contest_id=1610613 teams 2182/2182 matched, players 5284/6143 matched
2026-08-24 02:14:50,374 INFO ncaa_identity: contest_id=1610659 teams 1280/2506 matched, players 3556/6998 matched
2026-08-24 02:14:52,639 INFO ncaa_identity: contest_id=1610722 teams 2710/2710 matched, players 7041/7697 matched
2026-08-24 02:15:01,620 INFO ncaa_identity: contest_id=1610925 teams 2207/2207 matched, players 5785/6223 matched
2026-08-24 02:15:03,272 INFO ncaa_identity: contest_id=1610944 teams 2533/2533 matched, players 6801/7165 matched
2026-08-24 02:15:05,364 INFO ncaa_identity: contest_id=1610957 teams 2452/2452 matched, players 6679/6697 matched
2026-08-24 02:15:07,219 INFO ncaa_identity: contest_id=1610967 teams 2464/2464 matched, players 6577/6983 matched
2026-08-24 02:15:09,211 INFO ncaa_identity: contest_id=1610984 teams 2379/2379 matched, players 6678/6688 matched
2026-08-24 02:15:18,788 INFO ncaa_identity: contest_id=1611213 teams 2495/2495 matched, players 6644/7088 matched
2026-08-24 02:15:20,489 INFO ncaa_identity: contest_id=1611236 teams 2660/2660 matched, players 7290/7334 matched
2026-08-24 02:15:24,381 INFO ncaa_identity: contest_id=1611355 teams 1115/2275 matched, players 3154/6387 matched
2026-08-24 02:15:26,514 INFO ncaa_identity: contest_id=1611431 teams 2641/2641 matched, players 7207/7241 matched
2026-08-24 02:15:36,706 INFO ncaa_identity: contest_id=1611598 teams 2333/2333 matched, players 6456/6585 matched
2026-08-24 02:15:38,486 INFO ncaa_identity: contest_id=1611613 teams 2392/2392 matched, players 5028/6763 matched
2026-08-24 02:15:41,104 INFO ncaa_identity: contest_id=1611642 teams 2451/2451 matched, players 6910/6912 matched
2026-08-24 02:15:43,349 INFO 5 starters not found for period 3; using estimate
2026-08-24 02:15:45,141 INFO ncaa_identity: contest_id=1611691 teams 2753/2753 matched, players 7284/7725 matched
2026-08-24 02:15:51,841 INFO ncaa_identity: contest_id=1611799 teams 2451/2451 matched, players 6300/6734 matched
2026-08-24 02:15:56,657 INFO ncaa_identity: contest_id=1611878 teams 2654/2654 matched, players 7234/7523 matched
2026-08-24 02:15:59,408 INFO ncaa_identity: contest_id=1612023 teams 2593/2593 matched, players 6584/7348 matched
2026-08-24 02:16:02,281 INFO ncaa_identity: contest_id=1612049 teams 2100/2100 matched, players 5626/5927 matched
2026-08-24 02:16:04,284 INFO ncaa_identity: contest_id=1612066 teams 2647/2647 matched, players 7052/7242 matched
2026-08-24 02:16:05,843 INFO ncaa_identity: contest_id=1612078 teams 2282/2282 matched, players 6141/6431 matched
2026-08-24 02:16:10,279 INFO ncaa_identity: contest_id=1612232 teams 2388/2388 matched, players 6449/6783 matched
2026-08-24 02:16:16,135 INFO ncaa_identity: contest_id=1612365 teams 2171/2171 matched, players 5680/6150 matched
2026-08-24 02:16:19,016 INFO ncaa_identity: contest_id=1612500 teams 2616/2616 matched, players 6753/7195 matched
2026-08-24 02:16:22,041 INFO ncaa_identity: contest_id=1612584 teams 2612/2612 matched, players 6554/7155 matched
2026-08-24 02:16:27,693 INFO ncaa_identity: contest_id=1612660 teams 2687/2687 matched, players 7309/7429 matched
2026-08-24 02:16:29,132 INFO ncaa_identity: contest_id=1612681 teams 2283/2283 matched, players 5960/6459 matched
2026-08-24 02:16:33,400 INFO ncaa_identity: contest_id=1612750 teams 2528/2528 matched, players 6357/7136 matched
2026-08-24 02:16:35,190 INFO ncaa_identity: contest_id=1612773 teams 2723/2723 matched, players 7124/7697 matched
2026-08-24 02:16:39,425 INFO ncaa_identity: contest_id=1612852 teams 2280/2280 matched, players 6410/6425 matched
2026-08-24 02:16:40,633 INFO ncaa_identity: contest_id=1612872 teams 2134/2134 matched, players 5602/6004 matched
2026-08-24 02:16:43,388 INFO ncaa_identity: contest_id=1612933 teams 1949/1949 matched, players 4992/5508 matched
2026-08-24 02:16:46,183 INFO ncaa_identity: contest_id=1613077 teams 2353/2353 matched, players 6263/6676 matched
2026-08-24 02:16:48,687 INFO ncaa_identity: contest_id=1613103 teams 2613/2613 matched, players 7072/7396 matched
2026-08-24 02:16:50,491 INFO ncaa_identity: contest_id=1613115 teams 2797/2797 matched, players 7719/7720 matched
2026-08-24 02:16:51,890 INFO ncaa_identity: contest_id=1613127 teams 2589/2589 matched, players 7142/7339 matched
2026-08-24 02:16:55,149 INFO ncaa_identity: contest_id=1613199 teams 2568/2568 matched, players 6724/7069 matched
2026-08-24 02:16:56,758 INFO ncaa_identity: contest_id=1613236 teams 2520/2520 matched, players 7136/7146 matched
2026-08-24 02:17:01,068 INFO ncaa_identity: contest_id=1613335 teams 2537/2537 matched, players 7052/7193 matched
2026-08-24 02:17:08,295 INFO ncaa_identity: contest_id=1613640 teams 2538/2538 matched, players 6501/7124 matched
2026-08-24 02:17:14,130 INFO ncaa_identity: contest_id=1613715 teams 2723/2723 matched, players 7435/7476 matched
2026-08-24 02:17:17,434 INFO ncaa_identity: contest_id=1613749 teams 2835/2835 matched, players 7565/8023 matched
2026-08-24 02:17:26,875 INFO ncaa_identity: contest_id=1613899 teams 2178/2178 matched, players 6133/6148 matched
2026-08-24 02:17:33,378 INFO ncaa_identity: contest_id=1613999 teams 2480/2480 matched, players 6560/6810 matched
2026-08-24 02:17:35,713 INFO ncaa_identity: contest_id=1614101 teams 2372/2372 matched, players 6388/6481 matched
2026-08-24 02:17:39,125 INFO ncaa_identity: contest_id=1614168 teams 2288/2288 matched, players 6064/6445 matched
2026-08-24 02:17:40,914 INFO ncaa_identity: contest_id=1614181 teams 2509/2509 matched, players 6842/6896 matched
2026-08-24 02:17:42,778 INFO ncaa_identity: contest_id=1614192 teams 2204/2204 matched, players 6061/6261 matched
2026-08-24 02:17:44,803 INFO ncaa_identity: contest_id=1614223 teams 2848/2848 matched, players 7500/8043 matched
2026-08-24 02:17:46,517 INFO ncaa_identity: contest_id=1614277 teams 1193/2354 matched, players 3267/6466 matched
2026-08-24 02:17:52,166 INFO ncaa_identity: contest_id=1614402 teams 2162/2162 matched, players 5755/6033 matched
2026-08-24 02:17:54,601 INFO ncaa_identity: contest_id=1614424 teams 3030/3030 matched, players 8148/8581 matched
2026-08-24 02:18:03,495 INFO ncaa_identity: contest_id=1614722 teams 2564/2564 matched, players 6891/6995 matched
2026-08-24 02:18:05,269 INFO ncaa_identity: contest_id=1614751 teams 2129/2129 matched, players 5164/5945 matched
2026-08-24 02:18:10,812 INFO ncaa_identity: contest_id=1614792 teams 2424/2424 matched, players 6178/6674 matched
2026-08-24 02:18:16,972 INFO ncaa_identity: contest_id=1614884 teams 2500/2500 matched, players 6923/7034 matched
2026-08-24 02:18:26,619 INFO ncaa_identity: contest_id=1615045 teams 1926/1926 matched, players 4950/5437 matched
2026-08-24 02:18:40,097 INFO ncaa_identity: contest_id=1615355 teams 2796/2796 matched, players 7586/7949 matched
2026-08-24 02:18:41,195 INFO ncaa_identity: contest_id=1615411 teams 2006/2006 matched, players 5132/5650 matched
2026-08-24 02:18:43,947 INFO ncaa_identity: contest_id=1615451 teams 2056/2056 matched, players 5719/5784 matched
2026-08-24 02:18:46,716 INFO ncaa_identity: contest_id=1615491 teams 2312/2312 matched, players 5990/6572 matched
2026-08-24 02:18:51,819 INFO ncaa_identity: contest_id=1615739 teams 2554/2554 matched, players 6961/7226 matched
2026-08-24 02:18:53,202 INFO ncaa_identity: contest_id=1615760 teams 1326/2586 matched, players 3590/7071 matched
2026-08-24 02:18:56,037 INFO ncaa_identity: contest_id=1615817 teams 2348/2348 matched, players 6443/6449 matched
2026-08-24 02:18:57,380 INFO ncaa_identity: contest_id=1615831 teams 2137/2137 matched, players 5642/6027 matched
2026-08-24 02:18:58,493 INFO ncaa_identity: contest_id=1615842 teams 2346/2346 matched, players 6214/6634 matched
2026-08-24 02:19:01,122 INFO ncaa_identity: contest_id=1615884 teams 2314/2314 matched, players 6254/6337 matched
2026-08-24 02:19:03,915 INFO ncaa_identity: contest_id=1615933 teams 2181/2181 matched, players 6020/6162 matched
2026-08-24 02:19:06,736 INFO ncaa_identity: contest_id=1615971 teams 2464/2464 matched, players 6494/6750 matched
2026-08-24 02:19:08,320 INFO ncaa_identity: contest_id=1616020 teams 2163/2163 matched, players 6071/6081 matched
2026-08-24 02:19:10,835 INFO ncaa_identity: contest_id=1616065 teams 2048/2048 matched, players 5695/5778 matched
2026-08-24 02:19:13,716 INFO ncaa_identity: contest_id=1616112 teams 2237/2237 matched, players 6210/6335 matched
2026-08-24 02:19:16,654 INFO ncaa_identity: contest_id=1616262 teams 0/2328 matched, players 0/6553 matched
2026-08-24 02:19:17,896 INFO ncaa_identity: contest_id=1616275 teams 2173/2173 matched, players 5564/6147 matched
2026-08-24 02:19:31,223 INFO ncaa_identity: contest_id=1616499 teams 2850/2850 matched, players 6854/7861 matched
2026-08-24 02:19:38,567 INFO ncaa_identity: contest_id=1616785 teams 2615/2615 matched, players 6891/7395 matched
2026-08-24 02:19:39,997 INFO ncaa_identity: contest_id=1616806 teams 2467/2467 matched, players 6719/6988 matched
2026-08-24 02:19:41,926 INFO ncaa_identity: contest_id=1616828 teams 2571/2571 matched, players 5716/7034 matched
2026-08-24 02:19:44,489 INFO ncaa_identity: contest_id=1616860 teams 1788/1788 matched, players 4056/5039 matched
2026-08-24 02:19:47,450 INFO ncaa_identity: contest_id=1616904 teams 2185/2185 matched, players 5489/6144 matched
2026-08-24 02:19:49,876 INFO ncaa_identity: contest_id=1616932 teams 2000/2000 matched, players 5355/5659 matched
2026-08-24 02:19:58,519 INFO ncaa_identity: contest_id=1617029 teams 2531/2531 matched, players 7063/7184 matched
2026-08-24 02:20:03,595 INFO ncaa_identity: contest_id=1617102 teams 1945/1945 matched, players 5020/5481 matched
2026-08-24 02:20:09,000 INFO ncaa_identity: contest_id=1617171 teams 2151/2151 matched, players 5905/6072 matched
2026-08-24 02:20:17,224 INFO ncaa_identity: contest_id=1617272 teams 2963/2963 matched, players 8070/8126 matched
2026-08-24 02:20:22,902 INFO ncaa_identity: contest_id=1617412 teams 2250/2250 matched, players 5734/6376 matched
2026-08-24 02:20:26,101 INFO ncaa_identity: contest_id=1617436 teams 2464/2464 matched, players 6521/6945 matched
2026-08-24 02:20:33,399 INFO ncaa_identity: contest_id=1617508 teams 2251/2251 matched, players 6246/6321 matched
2026-08-24 02:20:35,002 INFO ncaa_identity: contest_id=1617518 teams 2628/2628 matched, players 7200/7205 matched
2026-08-24 02:20:36,207 INFO ncaa_identity: contest_id=1617531 teams 2672/2672 matched, players 7180/7559 matched
2026-08-24 02:20:47,351 INFO ncaa_identity: contest_id=1617646 teams 2108/2108 matched, players 5865/5911 matched
2026-08-24 02:20:50,136 INFO ncaa_identity: contest_id=1617694 teams 2378/2378 matched, players 6507/6714 matched
2026-08-24 02:20:52,930 INFO ncaa_identity: contest_id=1617717 teams 1144/2309 matched, players 3316/6547 matched
2026-08-24 02:20:57,093 INFO ncaa_identity: contest_id=1617796 teams 1861/1861 matched, players 4911/5217 matched
2026-08-24 02:20:58,606 INFO ncaa_identity: contest_id=1617807 teams 2641/2641 matched, players 6665/7258 matched
2026-08-24 02:21:00,132 INFO ncaa_identity: contest_id=1617826 teams 2194/2194 matched, players 5913/6165 matched
2026-08-24 02:21:06,903 INFO ncaa_identity: contest_id=1617869 teams 2516/2516 matched, players 6710/7175 matched
2026-08-24 02:21:08,689 INFO ncaa_identity: contest_id=1617923 teams 1529/3149 matched, players 4290/8703 matched
2026-08-24 02:21:11,206 INFO ncaa_identity: contest_id=1617968 teams 2019/2019 matched, players 5489/5697 matched
2026-08-24 02:21:14,924 INFO ncaa_identity: contest_id=1617990 teams 2206/2206 matched, players 6035/6242 matched
2026-08-24 02:21:16,586 INFO ncaa_identity: contest_id=1618001 teams 2355/2355 matched, players 6545/6670 matched
2026-08-24 02:21:18,283 INFO ncaa_identity: contest_id=1618013 teams 2604/2604 matched, players 7164/7165 matched
2026-08-24 02:21:20,527 INFO ncaa_identity: contest_id=1618036 teams 2705/2705 matched, players 7006/7477 matched
2026-08-24 02:21:27,769 INFO ncaa_identity: contest_id=1618080 teams 2072/2072 matched, players 5311/5853 matched
2026-08-24 02:21:34,296 INFO ncaa_identity: contest_id=1618120 teams 1978/1978 matched, players 4554/5517 matched
2026-08-24 02:21:35,806 INFO ncaa_identity: contest_id=1618130 teams 2478/2478 matched, players 6368/6824 matched
2026-08-24 02:21:41,427 INFO ncaa_identity: contest_id=1618161 teams 2707/2707 matched, players 7483/7651 matched
2026-08-24 02:21:51,123 INFO ncaa_identity: contest_id=1618221 teams 2343/2343 matched, players 6502/6651 matched
2026-08-24 02:21:55,797 INFO ncaa_identity: contest_id=1618251 teams 2248/2248 matched, players 6293/6299 matched
2026-08-24 02:21:57,454 INFO ncaa_identity: contest_id=1618261 teams 2085/2085 matched, players 5825/5874 matched
2026-08-24 02:21:58,909 INFO ncaa_identity: contest_id=1638297 teams 2565/2565 matched, players 7151/7197 matched
2026-08-24 02:22:00,935 INFO ncaa_identity: contest_id=1638494 teams 2378/2378 matched, players 6124/6503 matched
2026-08-24 02:22:02,878 INFO ncaa_identity: contest_id=1638543 teams 2403/2403 matched, players 6223/6775 matched
2026-08-24 02:22:08,682 INFO ncaa_identity: contest_id=1639585 teams 1882/1882 matched, players 4861/5324 matched
2026-08-24 02:22:10,076 INFO ncaa_identity: contest_id=1639692 teams 2222/2222 matched, players 5980/6263 matched
2026-08-24 02:22:14,960 INFO ncaa_identity: contest_id=1640025 teams 2355/2355 matched, players 6416/6642 matched
2026-08-24 02:22:17,627 INFO ncaa_identity: contest_id=1641063 teams 1119/2210 matched, players 3128/6212 matched
2026-08-24 02:22:19,378 INFO ncaa_identity: contest_id=1644683 teams 2138/2138 matched, players 684/763 matched
2026-08-24 02:22:21,877 INFO ncaa_identity: contest_id=1645267 teams 1245/2480 matched, players 2947/7006 matched
2026-08-24 02:22:23,159 INFO ncaa_identity: contest_id=1704347 teams 2146/2146 matched, players 5304/6035 matched
2026-08-24 02:22:25,745 INFO ncaa_identity: contest_id=1708059 teams 2128/2128 matched, players 5780/6027 matched
2026-08-24 02:22:27,274 INFO ncaa_identity: contest_id=1708220 teams 2278/2278 matched, players 5890/6460 matched
2026-08-24 02:22:28,409 INFO ncaa_identity: contest_id=1708592 teams 2322/2322 matched, players 6011/6523 matched
2026-08-24 02:22:32,310 INFO ncaa_identity: contest_id=1716431 teams 1012/2057 matched, players 2915/5819 matched
2026-08-24 02:22:33,414 INFO ncaa_identity: contest_id=1716512 teams 1968/1968 matched, players 5034/5576 matched
2026-08-24 02:22:40,954 INFO ncaa_identity: contest_id=1716820 teams 2541/2541 matched, players 7152/7187 matched
2026-08-24 02:22:44,714 INFO ncaa_identity: contest_id=1717245 teams 1710/1710 matched, players 4297/4803 matched
2026-08-24 02:22:46,568 INFO ncaa_identity: contest_id=1717751 teams 2416/2416 matched, players 6088/6812 matched
2026-08-24 02:22:51,565 INFO ncaa_identity: contest_id=1718077 teams 2557/2557 matched, players 6545/7145 matched
2026-08-24 02:22:55,085 INFO ncaa_identity: contest_id=1718147 teams 2182/2182 matched, players 5639/6106 matched
2026-08-24 02:23:02,803 INFO ncaa_identity: contest_id=1718368 teams 2801/2801 matched, players 7539/7700 matched
2026-08-24 02:23:04,015 INFO ncaa_identity: contest_id=1718401 teams 2193/2193 matched, players 5848/6183 matched
2026-08-24 02:23:09,444 INFO ncaa_identity: contest_id=1718510 teams 2246/2246 matched, players 5852/6333 matched
2026-08-24 02:23:11,063 INFO ncaa_identity: contest_id=1718586 teams 2443/2443 matched, players 6649/6697 matched
2026-08-24 02:23:29,533 INFO ncaa_identity: contest_id=1719629 teams 1172/2331 matched, players 3275/6382 matched
2026-08-24 02:23:36,786 INFO ncaa_identity: contest_id=1797109 teams 2637/2637 matched, players 6948/7287 matched
2026-08-24 02:23:40,859 INFO ncaa_identity: contest_id=1797129 teams 1476/2989 matched, players 3819/8232 matched
2026-08-24 02:23:43,994 INFO ncaa_identity: contest_id=1797149 teams 2126/2126 matched, players 5827/6016 matched
2026-08-24 02:23:48,272 INFO ncaa_identity: contest_id=1797169 teams 2585/2585 matched, players 6760/7042 matched
2026-08-24 02:23:55,993 INFO ncaa_identity: contest_id=1797211 teams 1344/2693 matched, players 3618/7356 matched
2026-08-24 02:23:59,889 INFO ncaa_identity: contest_id=1797231 teams 2403/2403 matched, players 5824/6583 matched
2026-08-24 02:24:04,966 INFO ncaa_identity: contest_id=1797261 teams 2621/2621 matched, players 6841/7229 matched
2026-08-24 02:24:07,921 INFO ncaa_identity: contest_id=1797281 teams 1140/2379 matched, players 3169/6523 matched
2026-08-24 02:24:09,580 INFO ncaa_identity: contest_id=1797291 teams 2578/2578 matched, players 6633/7071 matched
2026-08-24 02:24:12,822 INFO ncaa_identity: contest_id=1797313 teams 1305/2526 matched, players 3470/6922 matched
2026-08-24 02:24:18,085 INFO ncaa_identity: contest_id=1797446 teams 1528/3025 matched, players 4280/8337 matched
2026-08-24 02:24:31,090 INFO ncaa_identity: contest_id=1797715 teams 1390/2708 matched, players 3795/7453 matched
2026-08-24 02:24:35,760 INFO ncaa_identity: contest_id=1797816 teams 2865/2865 matched, players 7865/7901 matched
2026-08-24 02:24:37,147 INFO ncaa_identity: contest_id=1797854 teams 2690/2690 matched, players 7394/7395 matched
2026-08-24 02:24:45,337 INFO ncaa_identity: contest_id=1797971 teams 2600/2600 matched, players 6666/7123 matched
2026-08-24 02:24:47,148 INFO ncaa_identity: contest_id=1797990 teams 1560/3105 matched, players 4223/8510 matched
2026-08-24 02:24:49,228 INFO ncaa_identity: contest_id=1798005 teams 3203/3203 matched, players 8797/8872 matched
2026-08-24 02:24:50,996 INFO ncaa_identity: contest_id=1798031 teams 1486/2925 matched, players 4068/8093 matched
2026-08-24 02:24:54,005 INFO ncaa_identity: contest_id=1798077 teams 1160/2273 matched, players 2828/6157 matched
2026-08-24 02:24:55,906 INFO ncaa_identity: contest_id=1798107 teams 2882/2882 matched, players 7817/7888 matched
2026-08-24 02:24:57,518 INFO ncaa_identity: contest_id=1798120 teams 2630/2630 matched, players 6563/7201 matched
2026-08-24 02:25:03,269 INFO ncaa_identity: contest_id=1798196 teams 1277/2560 matched, players 3215/6997 matched
2026-08-24 02:25:04,802 INFO ncaa_identity: contest_id=1798223 teams 2380/2380 matched, players 6432/6552 matched
2026-08-24 02:25:09,798 INFO ncaa_identity: contest_id=1798318 teams 2041/2041 matched, players 5129/5768 matched
2026-08-24 02:25:13,765 INFO ncaa_identity: contest_id=1798371 teams 1228/2368 matched, players 2942/6442 matched
2026-08-24 02:25:15,659 INFO ncaa_identity: contest_id=1798390 teams 1363/2705 matched, players 3686/7389 matched
2026-08-24 02:25:28,662 INFO ncaa_identity: contest_id=1798708 teams 2371/2371 matched, players 5894/6435 matched
2026-08-24 02:25:30,415 INFO ncaa_identity: contest_id=1798740 teams 2252/2252 matched, players 5961/6142 matched
2026-08-24 02:25:32,476 INFO ncaa_identity: contest_id=1798765 teams 2934/2934 matched, players 7640/8090 matched
2026-08-24 02:25:45,426 INFO ncaa_identity: contest_id=1799067 teams 1263/2494 matched, players 3444/6843 matched
2026-08-24 02:25:51,060 INFO ncaa_identity: contest_id=1799107 teams 2528/2528 matched, players 6815/6934 matched
2026-08-24 02:25:55,578 INFO ncaa_identity: contest_id=1799131 teams 1465/2811 matched, players 3816/7704 matched
2026-08-24 02:26:06,282 INFO ncaa_identity: contest_id=1799161 teams 2772/2772 matched, players 7547/7551 matched
2026-08-24 02:26:17,287 INFO ncaa_identity: contest_id=1799198 teams 1157/2343 matched, players 3183/6410 matched
2026-08-24 02:26:22,527 INFO ncaa_identity: contest_id=1799223 teams 1216/2369 matched, players 3285/6462 matched
2026-08-24 02:26:45,014 INFO ncaa_identity: contest_id=1799325 teams 2944/2944 matched, players 8291/8351 matched
2026-08-24 02:26:52,229 INFO ncaa_identity: contest_id=1799345 teams 1492/2970 matched, players 4095/8136 matched
2026-08-24 02:26:59,914 INFO ncaa_identity: contest_id=1799364 teams 2865/2865 matched, players 7211/7889 matched
2026-08-24 02:27:05,101 INFO ncaa_identity: contest_id=1799418 teams 2621/2621 matched, players 7080/7188 matched
2026-08-24 02:27:13,007 INFO ncaa_identity: contest_id=1799474 teams 2855/2855 matched, players 7505/7797 matched
2026-08-24 02:27:39,220 INFO ncaa_identity: contest_id=1799539 teams 2494/2494 matched, players 6497/6855 matched
2026-08-24 02:27:46,616 INFO ncaa_identity: contest_id=1799583 teams 1266/2520 matched, players 3440/6870 matched
2026-08-24 02:27:57,313 INFO ncaa_identity: contest_id=1799621 teams 2553/2553 matched, players 6511/7192 matched
2026-08-24 02:28:04,087 INFO ncaa_identity: contest_id=1799654 teams 1241/2448 matched, players 3446/6909 matched
2026-08-24 02:28:11,085 INFO ncaa_identity: contest_id=1799675 teams 2703/2703 matched, players 7174/7353 matched
2026-08-24 02:28:17,169 INFO ncaa_identity: contest_id=1799717 teams 2491/2491 matched, players 6419/7044 matched
2026-08-24 02:28:38,338 INFO ncaa_identity: contest_id=1799824 teams 2939/2939 matched, players 7657/8066 matched
2026-08-24 02:28:49,729 INFO ncaa_identity: contest_id=1800030 teams 2604/2604 matched, players 5926/7115 matched
2026-08-24 02:28:52,986 WARNING ncaa_parse: family=lineups contest_id=1800062 team=Cent. Christian Bib. produced NO good stints (19 bad, roster=13) -- parsed successfully but contributed nothing
2026-08-24 02:28:54,394 INFO ncaa_identity: contest_id=1800062 teams 1318/2606 matched, players 3597/7046 matched
2026-08-24 02:29:18,341 INFO ncaa_identity: contest_id=1800170 teams 2611/2611 matched, players 7120/7145 matched
2026-08-24 02:29:52,666 INFO ncaa_identity: contest_id=1800360 teams 2457/2457 matched, players 6429/6710 matched
2026-08-24 02:30:24,732 INFO ncaa_identity: contest_id=1800566 teams 1173/2304 matched, players 3138/6257 matched
2026-08-24 02:30:30,436 INFO ncaa_identity: contest_id=1800588 teams 1265/2543 matched, players 3438/6982 matched
2026-08-24 02:30:51,330 INFO ncaa_identity: contest_id=1800683 teams 2253/2253 matched, players 6086/6154 matched
2026-08-24 02:30:55,759 INFO ncaa_identity: contest_id=1800727 teams 2537/2537 matched, players 3166/7209 matched
2026-08-24 02:31:01,004 INFO ncaa_identity: contest_id=1800883 teams 2310/2310 matched, players 6367/6544 matched
2026-08-24 02:31:09,606 INFO ncaa_identity: contest_id=1801041 teams 1139/2306 matched, players 3123/6286 matched
2026-08-24 02:31:13,350 INFO ncaa_identity: contest_id=1801091 teams 2262/2262 matched, players 5640/6201 matched
2026-08-24 02:31:15,249 INFO ncaa_identity: contest_id=1801107 teams 1335/2581 matched, players 3570/7079 matched
2026-08-24 02:31:22,082 INFO ncaa_identity: contest_id=1801152 teams 2404/2404 matched, players 6587/6810 matched
2026-08-24 02:31:32,710 INFO ncaa_identity: contest_id=1801257 teams 1280/2578 matched, players 3513/7088 matched
2026-08-24 02:31:36,231 INFO ncaa_identity: contest_id=1801308 teams 1494/2990 matched, players 4080/8280 matched
2026-08-24 02:31:37,671 INFO ncaa_identity: contest_id=1801335 teams 2287/2287 matched, players 6267/6268 matched
2026-08-24 02:31:39,452 INFO ncaa_identity: contest_id=1801355 teams 1461/2847 matched, players 3989/7864 matched
2026-08-24 02:31:44,074 INFO ncaa_identity: contest_id=1801523 teams 1341/2649 matched, players 2891/7302 matched
2026-08-24 02:31:49,298 INFO ncaa_identity: contest_id=1801595 teams 2319/2319 matched, players 5607/6553 matched
2026-08-24 02:32:04,876 INFO ncaa_identity: contest_id=1801973 teams 2706/2706 matched, players 6872/7433 matched
2026-08-24 02:32:09,978 INFO ncaa_identity: contest_id=1802027 teams 2843/2843 matched, players 7221/7849 matched
2026-08-24 02:32:14,798 INFO ncaa_identity: contest_id=1802071 teams 1659/3302 matched, players 4193/9075 matched
2026-08-24 02:32:18,489 INFO ncaa_identity: contest_id=1802133 teams 1501/3021 matched, players 4210/8333 matched
2026-08-24 02:32:20,290 INFO ncaa_identity: contest_id=1802152 teams 1348/2708 matched, players 3740/7435 matched
2026-08-24 02:32:22,240 INFO ncaa_identity: contest_id=1802180 teams 1264/2523 matched, players 3402/6893 matched
2026-08-24 02:32:24,104 INFO ncaa_identity: contest_id=1802223 teams 1319/2585 matched, players 3617/7083 matched
2026-08-24 02:32:26,583 INFO ncaa_identity: contest_id=1802287 teams 3017/3017 matched, players 8241/8242 matched
2026-08-24 02:32:29,281 INFO ncaa_identity: contest_id=1802302 teams 1368/2753 matched, players 3760/7570 matched
2026-08-24 02:32:35,865 INFO ncaa_identity: contest_id=1802377 teams 2485/2485 matched, players 6424/6832 matched
2026-08-24 02:32:37,594 INFO ncaa_identity: contest_id=1802466 teams 1188/2379 matched, players 2506/6509 matched
2026-08-24 02:32:40,978 INFO ncaa_identity: contest_id=1802528 teams 1287/2628 matched, players 3567/7257 matched
2026-08-24 02:32:42,985 INFO ncaa_identity: contest_id=1802558 teams 2608/2608 matched, players 7265/7381 matched
2026-08-24 02:32:44,867 INFO ncaa_identity: contest_id=1802580 teams 2266/2266 matched, players 6207/6216 matched
2026-08-24 02:32:50,817 INFO ncaa_identity: contest_id=1802663 teams 1448/2840 matched, players 3413/8014 matched
2026-08-24 02:32:55,403 INFO ncaa_identity: contest_id=1802766 teams 2520/2520 matched, players 6860/6957 matched
2026-08-24 02:33:19,543 INFO ncaa_identity: contest_id=1802906 teams 1988/1988 matched, players 5004/5589 matched
2026-08-24 02:33:56,950 INFO ncaa_identity: contest_id=1803132 teams 2590/2590 matched, players 6677/7096 matched
2026-08-24 02:34:03,075 INFO ncaa_identity: contest_id=1803147 teams 2703/2703 matched, players 6967/7474 matched
2026-08-24 02:34:17,386 INFO ncaa_identity: contest_id=1803174 teams 2608/2608 matched, players 7116/7126 matched
2026-08-24 02:34:22,135 INFO ncaa_identity: contest_id=1803189 teams 2646/2646 matched, players 6246/7239 matched
2026-08-24 02:34:27,421 INFO ncaa_identity: contest_id=1803207 teams 1250/2432 matched, players 3395/6783 matched
2026-08-24 02:34:39,170 INFO ncaa_identity: contest_id=1803282 teams 2270/2270 matched, players 5634/6369 matched
2026-08-24 02:34:43,898 INFO ncaa_identity: contest_id=1803318 teams 2385/2385 matched, players 6530/6531 matched
2026-08-24 02:35:27,172 INFO ncaa_identity: contest_id=1803457 teams 2728/2728 matched, players 7600/7714 matched
2026-08-24 02:35:56,016 INFO ncaa_identity: contest_id=1803541 teams 1397/2868 matched, players 4022/7894 matched
2026-08-24 02:36:05,421 INFO ncaa_identity: contest_id=1803589 teams 2443/2443 matched, players 6155/6676 matched
2026-08-24 02:36:11,229 INFO ncaa_identity: contest_id=1803609 teams 2652/2652 matched, players 6510/7265 matched
2026-08-24 02:36:16,206 INFO ncaa_identity: contest_id=1803620 teams 1137/2275 matched, players 3097/6166 matched
2026-08-24 02:36:29,467 INFO ncaa_identity: contest_id=1803701 teams 2290/2290 matched, players 6252/6441 matched
2026-08-24 02:36:45,303 INFO ncaa_identity: contest_id=1803798 teams 2431/2431 matched, players 6541/6668 matched
2026-08-24 02:36:59,586 INFO ncaa_identity: contest_id=1803874 teams 2586/2586 matched, players 6286/7061 matched
2026-08-24 02:37:04,365 INFO ncaa_identity: contest_id=1803889 teams 2751/2751 matched, players 7222/7577 matched
2026-08-24 02:37:15,122 INFO ncaa_identity: contest_id=1803913 teams 2345/2345 matched, players 6225/6423 matched
2026-08-24 02:37:20,541 INFO ncaa_identity: contest_id=1803947 teams 2411/2411 matched, players 6206/6860 matched
2026-08-24 02:37:25,046 INFO ncaa_identity: contest_id=1803960 teams 1412/2756 matched, players 3896/7605 matched
2026-08-24 02:37:41,894 INFO ncaa_identity: contest_id=1804000 teams 2597/2597 matched, players 6895/7358 matched
2026-08-24 02:37:46,807 INFO ncaa_identity: contest_id=1804064 teams 2371/2371 matched, players 6107/6481 matched
2026-08-24 02:38:08,602 INFO ncaa_identity: contest_id=1804286 teams 2742/2742 matched, players 7452/7778 matched
2026-08-24 02:38:14,079 INFO ncaa_identity: contest_id=1804457 teams 2320/2320 matched, players 6214/6573 matched
2026-08-24 02:38:17,500 INFO ncaa_identity: contest_id=1804519 teams 2256/2256 matched, players 5998/6331 matched
2026-08-24 02:38:26,969 INFO ncaa_identity: contest_id=1804591 teams 1246/2407 matched, players 3331/6557 matched
2026-08-24 02:38:33,578 INFO ncaa_identity: contest_id=1804702 teams 2271/2271 matched, players 6353/6395 matched
2026-08-24 02:38:37,620 INFO ncaa_identity: contest_id=1804756 teams 2031/2031 matched, players 5246/5743 matched
2026-08-24 02:38:45,322 INFO ncaa_identity: contest_id=1804865 teams 2343/2343 matched, players 6022/6414 matched
2026-08-24 02:38:53,018 INFO ncaa_identity: contest_id=1805001 teams 2772/2772 matched, players 7466/7614 matched
2026-08-24 02:38:57,652 INFO ncaa_identity: contest_id=1805038 teams 2569/2569 matched, players 6863/7259 matched
2026-08-24 02:39:16,012 INFO ncaa_identity: contest_id=1805534 teams 1208/2402 matched, players 3389/6793 matched
2026-08-24 02:39:18,174 INFO ncaa_identity: contest_id=1805564 teams 2673/2673 matched, players 7036/7336 matched
2026-08-24 02:39:23,939 INFO ncaa_identity: contest_id=1805629 teams 1316/2597 matched, players 3627/7145 matched
2026-08-24 02:39:32,336 INFO ncaa_identity: contest_id=1805705 teams 2411/2411 matched, players 6434/6564 matched
2026-08-24 02:39:37,365 INFO ncaa_identity: contest_id=1805778 teams 0/2062 matched, players 0/5809 matched
2026-08-24 02:39:42,550 INFO ncaa_identity: contest_id=1805865 teams 3007/3007 matched, players 8087/8329 matched
2026-08-24 02:39:45,116 INFO ncaa_identity: contest_id=1805913 teams 2347/2347 matched, players 6011/6447 matched
2026-08-24 02:39:54,152 INFO ncaa_identity: contest_id=1806075 teams 2587/2587 matched, players 6637/7073 matched
2026-08-24 02:39:59,551 INFO ncaa_identity: contest_id=1806116 teams 2179/2179 matched, players 5709/6120 matched
2026-08-24 02:40:05,039 INFO ncaa_identity: contest_id=1806273 teams 2750/2750 matched, players 7554/7559 matched
2026-08-24 02:40:12,226 INFO ncaa_identity: contest_id=1806364 teams 2280/2280 matched, players 5420/6220 matched
2026-08-24 02:40:17,391 INFO ncaa_identity: contest_id=1806550 teams 1294/2526 matched, players 3525/6976 matched
2026-08-24 02:40:20,432 INFO ncaa_identity: contest_id=1806645 teams 2335/2335 matched, players 6105/6580 matched
2026-08-24 02:40:23,573 INFO ncaa_identity: contest_id=1806687 teams 2217/2217 matched, players 5946/6244 matched
2026-08-24 02:40:33,007 INFO ncaa_identity: contest_id=1806779 teams 1440/2828 matched, players 3815/7755 matched
2026-08-24 02:40:41,061 INFO ncaa_identity: contest_id=1806937 teams 2090/2090 matched, players 4976/5689 matched
2026-08-24 02:40:42,575 INFO ncaa_identity: contest_id=1806955 teams 2737/2737 matched, players 7002/7586 matched
2026-08-24 02:40:48,002 INFO ncaa_identity: contest_id=1807117 teams 2652/2652 matched, players 7151/7294 matched
2026-08-24 02:40:49,543 INFO ncaa_identity: contest_id=1807130 teams 2541/2541 matched, players 5975/6923 matched
2026-08-24 02:40:56,185 INFO ncaa_identity: contest_id=1807206 teams 2694/2694 matched, players 7026/7429 matched
2026-08-24 02:41:19,748 INFO ncaa_identity: contest_id=1807746 teams 2205/2205 matched, players 5751/6076 matched
2026-08-24 02:41:22,182 INFO ncaa_identity: contest_id=1807759 teams 2609/2609 matched, players 7103/7172 matched
2026-08-24 02:41:27,150 INFO ncaa_identity: contest_id=1807816 teams 2586/2586 matched, players 7043/7118 matched
2026-08-24 02:41:29,226 INFO ncaa_identity: contest_id=1807835 teams 2491/2491 matched, players 6025/6819 matched
2026-08-24 02:41:38,664 INFO ncaa_identity: contest_id=1807970 teams 2640/2640 matched, players 6994/7236 matched
2026-08-24 02:41:45,759 INFO ncaa_identity: contest_id=1808158 teams 2391/2391 matched, players 6600/6788 matched
2026-08-24 02:41:49,257 INFO 5 starters not found for period 3; using estimate
2026-08-24 02:41:55,391 INFO ncaa_identity: contest_id=1808279 teams 2086/2086 matched, players 5668/5862 matched
2026-08-24 02:41:58,856 INFO ncaa_identity: contest_id=1808362 teams 2301/2301 matched, players 5812/6517 matched
2026-08-24 02:42:03,956 INFO ncaa_identity: contest_id=1808417 teams 2372/2372 matched, players 6242/6518 matched
2026-08-24 02:42:24,358 INFO ncaa_identity: contest_id=1808859 teams 2698/2698 matched, players 7022/7644 matched
2026-08-24 02:42:25,643 INFO ncaa_identity: contest_id=1808881 teams 2188/2188 matched, players 5748/6178 matched
2026-08-24 02:42:34,329 INFO ncaa_identity: contest_id=1809053 teams 2275/2275 matched, players 5904/6226 matched
2026-08-24 02:42:37,035 INFO ncaa_identity: contest_id=1809181 teams 2314/2314 matched, players 6364/6380 matched
2026-08-24 02:42:39,026 INFO ncaa_identity: contest_id=1809195 teams 1333/2655 matched, players 3668/7292 matched
2026-08-24 02:42:45,456 INFO ncaa_identity: contest_id=1809241 teams 2312/2312 matched, players 5952/6515 matched
2026-08-24 02:42:47,188 INFO ncaa_identity: contest_id=1809326 teams 2683/2683 matched, players 7108/7426 matched
2026-08-24 02:42:49,240 INFO ncaa_identity: contest_id=1809385 teams 2832/2832 matched, players 7312/7797 matched
2026-08-24 02:42:50,943 INFO ncaa_identity: contest_id=1809396 teams 3105/3105 matched, players 8029/8581 matched
2026-08-24 02:42:52,743 INFO ncaa_identity: contest_id=1809407 teams 2662/2662 matched, players 6675/7278 matched
2026-08-24 02:42:57,373 INFO ncaa_identity: contest_id=1809502 teams 2815/2815 matched, players 7205/7759 matched
2026-08-24 02:43:00,850 INFO ncaa_identity: contest_id=1809647 teams 2707/2707 matched, players 7390/7428 matched
2026-08-24 02:43:04,213 INFO ncaa_identity: contest_id=1809736 teams 2693/2693 matched, players 7148/7437 matched
2026-08-24 02:43:16,276 INFO ncaa_identity: contest_id=1809878 teams 2339/2339 matched, players 6535/6612 matched
2026-08-24 02:43:17,792 INFO ncaa_identity: contest_id=1809895 teams 2191/2191 matched, players 5536/6216 matched
2026-08-24 02:43:24,600 INFO ncaa_identity: contest_id=1809983 teams 2331/2331 matched, players 6194/6588 matched
2026-08-24 02:43:26,205 INFO ncaa_identity: contest_id=1810035 teams 2843/2843 matched, players 7703/7789 matched
2026-08-24 02:43:28,330 INFO ncaa_identity: contest_id=1810051 teams 2726/2726 matched, players 7020/7511 matched
2026-08-24 02:43:32,076 INFO ncaa_identity: contest_id=1810177 teams 2949/2949 matched, players 7745/8127 matched
2026-08-24 02:43:33,468 INFO ncaa_identity: contest_id=1810215 teams 2021/2021 matched, players 5225/5710 matched
2026-08-24 02:43:46,347 INFO ncaa_identity: contest_id=1810367 teams 2310/2310 matched, players 6296/6323 matched
2026-08-24 02:43:50,103 INFO ncaa_identity: contest_id=1810431 teams 2426/2426 matched, players 6383/6644 matched
2026-08-24 02:44:00,135 INFO ncaa_identity: contest_id=1810673 teams 2289/2289 matched, players 6230/6260 matched
2026-08-24 02:44:06,211 INFO ncaa_identity: contest_id=1810793 teams 3035/3035 matched, players 8022/8345 matched
2026-08-24 02:44:09,273 INFO ncaa_identity: contest_id=1810834 teams 2187/2187 matched, players 5500/6027 matched
2026-08-24 02:44:13,439 INFO ncaa_identity: contest_id=1810865 teams 2749/2749 matched, players 7341/7568 matched
2026-08-24 02:44:15,619 INFO ncaa_identity: contest_id=1810895 teams 2689/2689 matched, players 7384/7385 matched
2026-08-24 02:44:17,305 INFO ncaa_identity: contest_id=1810907 teams 2382/2382 matched, players 5579/6540 matched
2026-08-24 02:44:37,306 INFO ncaa_identity: contest_id=1811244 teams 2474/2474 matched, players 6734/6772 matched
2026-08-24 02:44:46,702 INFO ncaa_identity: contest_id=1811341 teams 2256/2256 matched, players 5665/6373 matched
2026-08-24 02:44:50,507 INFO ncaa_identity: contest_id=1811428 teams 1400/2815 matched, players 3811/7718 matched
2026-08-24 02:44:52,022 INFO ncaa_identity: contest_id=1811444 teams 2523/2523 matched, players 6438/6953 matched
2026-08-24 02:44:53,208 INFO ncaa_identity: contest_id=1811454 teams 2199/2199 matched, players 5995/6178 matched
2026-08-24 02:44:58,630 INFO ncaa_identity: contest_id=1811547 teams 2243/2243 matched, players 5950/6137 matched
2026-08-24 02:45:10,654 INFO ncaa_identity: contest_id=1811840 teams 2346/2346 matched, players 6199/6654 matched
2026-08-24 02:45:21,259 INFO ncaa_identity: contest_id=1811950 teams 2215/2215 matched, players 5457/6294 matched
2026-08-24 02:45:29,511 INFO ncaa_identity: contest_id=1812022 teams 2025/2025 matched, players 5180/5538 matched
2026-08-24 02:45:32,804 INFO ncaa_identity: contest_id=1812088 teams 2498/2498 matched, players 6261/6873 matched
2026-08-24 02:45:47,029 INFO ncaa_identity: contest_id=1812241 teams 2146/2146 matched, players 5705/6050 matched
2026-08-24 02:45:48,619 INFO ncaa_identity: contest_id=1812251 teams 2908/2908 matched, players 7658/7974 matched
2026-08-24 02:45:56,965 INFO 5 starters not found for period 3; using estimate
2026-08-24 02:46:00,226 INFO ncaa_identity: contest_id=1812412 teams 1954/1954 matched, players 624/690 matched
2026-08-24 02:46:01,761 INFO ncaa_identity: contest_id=1812422 teams 2333/2333 matched, players 6116/6347 matched
2026-08-24 02:46:07,379 INFO ncaa_identity: contest_id=1812460 teams 3026/3026 matched, players 8060/8341 matched
2026-08-24 02:46:17,564 INFO ncaa_identity: contest_id=1812523 teams 2607/2607 matched, players 6111/7158 matched
2026-08-24 02:46:19,334 INFO ncaa_identity: contest_id=1812533 teams 2608/2608 matched, players 6657/7183 matched
2026-08-24 02:46:24,452 INFO ncaa_identity: contest_id=1812564 teams 2445/2445 matched, players 6047/6684 matched
2026-08-24 02:46:29,290 INFO ncaa_identity: contest_id=1812596 teams 2232/2232 matched, players 6121/6140 matched
2026-08-24 02:46:31,221 INFO ncaa_identity: contest_id=1812606 teams 2693/2693 matched, players 7375/7382 matched
2026-08-24 02:46:32,574 INFO ncaa_identity: contest_id=1812617 teams 2386/2386 matched, players 6067/6571 matched
2026-08-24 02:46:34,083 INFO ncaa_identity: contest_id=1812627 teams 2285/2285 matched, players 6043/6255 matched
2026-08-24 02:46:36,560 INFO ncaa_identity: contest_id=1812637 teams 3549/3549 matched, players 8189/9871 matched
2026-08-24 02:46:44,651 INFO ncaa_identity: contest_id=1813682 teams 1264/2506 matched, players 3167/6903 matched
2026-08-24 02:46:46,774 INFO ncaa_identity: contest_id=1815364 teams 2591/2591 matched, players 6936/7350 matched
2026-08-24 02:46:49,764 INFO ncaa_identity: contest_id=1816800 teams 2341/2341 matched, players 6359/6592 matched
2026-08-24 02:46:51,642 INFO ncaa_identity: contest_id=1816840 teams 1966/1966 matched, players 5192/5565 matched
2026-08-24 02:46:53,486 INFO ncaa_identity: contest_id=1816880 teams 2536/2536 matched, players 5994/7136 matched
2026-08-24 02:47:11,294 INFO ncaa_identity: contest_id=1818180 teams 1279/2548 matched, players 3522/7015 matched
2026-08-24 02:47:13,194 INFO ncaa_identity: contest_id=1967661 teams 2506/2506 matched, players 6772/7078 matched
2026-08-24 02:47:22,542 INFO ncaa_identity: contest_id=1970277 teams 1141/2393 matched, players 3184/6552 matched
2026-08-24 02:47:25,738 INFO ncaa_identity: contest_id=1970388 teams 2705/2705 matched, players 7189/7456 matched
2026-08-24 02:47:42,483 INFO ncaa_identity: contest_id=1972040 teams 2675/2675 matched, players 7270/7560 matched
2026-08-24 02:47:44,985 INFO ncaa_identity: contest_id=1972152 teams 2899/2899 matched, players 7662/8003 matched
2026-08-24 02:47:55,243 INFO ncaa_identity: contest_id=1982686 teams 1570/3169 matched, players 4301/8720 matched
2026-08-24 02:48:02,448 INFO ncaa_identity: contest_id=1982769 teams 1256/2382 matched, players 3379/6527 matched
2026-08-24 02:48:05,890 INFO ncaa_identity: contest_id=1982820 teams 2730/2730 matched, players 7506/7523 matched
2026-08-24 02:48:10,056 INFO ncaa_identity: contest_id=1982859 teams 1400/2714 matched, players 3749/7408 matched
2026-08-24 02:48:15,712 INFO ncaa_identity: contest_id=1982905 teams 2703/2703 matched, players 7165/7399 matched
2026-08-24 02:48:17,577 INFO ncaa_identity: contest_id=1982928 teams 2821/2821 matched, players 7498/7770 matched
2026-08-24 02:48:19,261 INFO ncaa_identity: contest_id=1982945 teams 1388/2811 matched, players 3825/7725 matched
2026-08-24 02:48:25,420 INFO ncaa_identity: contest_id=1983013 teams 2406/2406 matched, players 6459/6608 matched
2026-08-24 02:48:27,338 INFO ncaa_identity: contest_id=1983032 teams 2944/2944 matched, players 7615/8118 matched
2026-08-24 02:48:29,582 INFO ncaa_identity: contest_id=1983086 teams 3169/3169 matched, players 8373/8762 matched
2026-08-24 02:48:31,030 INFO ncaa_identity: contest_id=1983101 teams 2531/2531 matched, players 6818/6938 matched
2026-08-24 02:48:33,637 INFO ncaa_identity: contest_id=1983115 teams 2920/2920 matched, players 7837/8013 matched
2026-08-24 02:48:35,069 INFO ncaa_identity: contest_id=1983139 teams 1248/2449 matched, players 3386/6726 matched
2026-08-24 02:48:36,614 WARNING ncaa_parse: family=shots contest_id=1983157 team=Loyola Chicago SKIPPED (1 parse error(s)): No shot events found [<!DOCTYPE html> <html lang="en"> <head> <meta content="text/html; charset=utf-8" http-equiv="CONTENT-TYPE"/> <meta charset="utf-8"/> <meta...
2026-08-24 02:48:46,446 INFO ncaa_identity: contest_id=1983252 teams 1465/2938 matched, players 4010/8067 matched
2026-08-24 02:48:48,192 INFO ncaa_identity: contest_id=1983300 teams 2533/2533 matched, players 6988/6990 matched
2026-08-24 02:48:54,090 INFO ncaa_identity: contest_id=1983355 teams 2685/2685 matched, players 7116/7368 matched
2026-08-24 02:48:57,561 INFO ncaa_identity: contest_id=1983400 teams 1290/2513 matched, players 3544/6883 matched
2026-08-24 02:49:00,941 INFO ncaa_identity: contest_id=1983442 teams 2406/2406 matched, players 6148/6586 matched
2026-08-24 02:49:02,486 INFO ncaa_identity: contest_id=1983453 teams 2775/2775 matched, players 7585/7646 matched
2026-08-24 02:49:04,544 INFO ncaa_identity: contest_id=1983474 teams 2393/2393 matched, players 6293/6294 matched
2026-08-24 02:49:19,295 INFO ncaa_identity: contest_id=1983606 teams 2802/2802 matched, players 7321/7694 matched
2026-08-24 02:49:22,358 INFO ncaa_identity: contest_id=1983649 teams 1193/2361 matched, players 3252/6458 matched
2026-08-24 02:49:23,725 INFO ncaa_identity: contest_id=1983663 teams 2383/2383 matched, players 6496/6555 matched
2026-08-24 02:49:31,873 INFO ncaa_identity: contest_id=1983739 teams 2330/2330 matched, players 6291/6371 matched
2026-08-24 02:49:32,337 INFO 5 starters not found for period 3; using estimate
2026-08-24 02:49:44,148 WARNING ncaa_parse: family=shots contest_id=1983859 team=Campbell SKIPPED (1 parse error(s)): No shot events found [<!DOCTYPE html> <html lang="en"> <head> <meta content="text/html; charset=utf-8" http-equiv="CONTENT-TYPE"/> <meta charset="utf-8"/> <meta...
2026-08-24 02:49:44,225 INFO ncaa_identity: contest_id=1983859 teams 2077/2077 matched, players 5613/5820 matched
2026-08-24 02:49:45,577 WARNING ncaa_parse: family=shots contest_id=1983884 team=Gardner-Webb SKIPPED (1 parse error(s)): No shot events found [<!DOCTYPE html> <html lang="en"> <head> <meta content="text/html; charset=utf-8" http-equiv="CONTENT-TYPE"/> <meta charset="utf-8"/> <meta...
2026-08-24 02:49:45,639 INFO ncaa_identity: contest_id=1983884 teams 2062/2062 matched, players 5551/5855 matched
2026-08-24 02:49:47,449 INFO ncaa_identity: contest_id=1983908 teams 2583/2583 matched, players 6897/7086 matched
2026-08-24 02:49:50,759 INFO ncaa_identity: contest_id=1983976 teams 2542/2542 matched, players 6724/6982 matched
2026-08-24 02:49:55,846 INFO ncaa_identity: contest_id=1984029 teams 2361/2361 matched, players 6050/6431 matched
2026-08-24 02:49:58,906 WARNING ncaa_parse: family=shots contest_id=1984063 team=Eastern Ky. SKIPPED (1 parse error(s)): No shot events found [<!DOCTYPE html> <html lang="en"> <head> <meta content="text/html; charset=utf-8" http-equiv="CONTENT-TYPE"/> <meta charset="utf-8"/> <meta...
2026-08-24 02:49:59,055 INFO ncaa_identity: contest_id=1984063 teams 2376/2376 matched, players 6205/6763 matched
2026-08-24 02:50:06,417 INFO ncaa_identity: contest_id=1984187 teams 2450/2450 matched, players 6426/6642 matched
2026-08-24 02:50:10,141 INFO ncaa_identity: contest_id=1984243 teams 2971/2971 matched, players 7487/8197 matched
2026-08-24 02:50:15,865 INFO ncaa_identity: contest_id=1984306 teams 1233/2471 matched, players 3432/6743 matched
2026-08-24 02:50:18,827 INFO ncaa_identity: contest_id=1984340 teams 2160/2160 matched, players 5368/5919 matched
2026-08-24 02:50:20,559 INFO ncaa_identity: contest_id=1984361 teams 2829/2829 matched, players 7661/7814 matched
2026-08-24 02:50:25,630 INFO ncaa_identity: contest_id=1984410 teams 2424/2424 matched, players 6330/6639 matched
2026-08-24 02:50:29,307 WARNING ncaa_parse: family=shots contest_id=1984480 team=Alabama A&M SKIPPED (1 parse error(s)): No shot events found [<!DOCTYPE html> <html lang="en"> <head> <meta content="text/html; charset=utf-8" http-equiv="CONTENT-TYPE"/> <meta charset="utf-8"/> <meta...
2026-08-24 02:50:34,503 INFO ncaa_identity: contest_id=1984549 teams 2585/2585 matched, players 6846/7132 matched
2026-08-24 02:50:35,959 INFO ncaa_identity: contest_id=1984569 teams 2861/2861 matched, players 6670/7952 matched
2026-08-24 02:50:37,734 WARNING ncaa_parse: family=shots contest_id=1984609 team=Eastern Ky. SKIPPED (1 parse error(s)): No shot events found [<!DOCTYPE html> <html lang="en"> <head> <meta content="text/html; charset=utf-8" http-equiv="CONTENT-TYPE"/> <meta charset="utf-8"/> <meta...
2026-08-24 02:50:37,820 INFO ncaa_identity: contest_id=1984609 teams 2384/2384 matched, players 6213/6729 matched
2026-08-24 02:50:44,822 INFO ncaa_identity: contest_id=1984690 teams 2912/2912 matched, players 7114/7985 matched
2026-08-24 02:50:48,120 INFO ncaa_identity: contest_id=1984726 teams 2384/2384 matched, players 6338/6508 matched
2026-08-24 02:50:52,864 INFO ncaa_identity: contest_id=1984776 teams 2495/2495 matched, players 6255/6880 matched
2026-08-24 02:51:01,200 INFO ncaa_identity: contest_id=1984979 teams 2451/2451 matched, players 6597/6704 matched
2026-08-24 02:51:04,585 WARNING ncaa_parse: family=shots contest_id=1985042 team=Hampton SKIPPED (1 parse error(s)): No shot events found [<!DOCTYPE html> <html lang="en"> <head> <meta content="text/html; charset=utf-8" http-equiv="CONTENT-TYPE"/> <meta charset="utf-8"/> <meta...
2026-08-24 02:51:04,758 INFO ncaa_identity: contest_id=1985042 teams 2585/2585 matched, players 6494/7273 matched
2026-08-24 02:51:10,151 INFO ncaa_identity: contest_id=1985107 teams 2973/2973 matched, players 8186/8191 matched
2026-08-24 02:51:11,652 INFO ncaa_identity: contest_id=1985124 teams 2225/2225 matched, players 5622/6095 matched
2026-08-24 02:51:13,702 INFO ncaa_identity: contest_id=1985143 teams 1379/2774 matched, players 3880/7619 matched
2026-08-24 02:51:17,069 INFO ncaa_identity: contest_id=1985184 teams 2456/2456 matched, players 6215/6782 matched
2026-08-24 02:51:26,039 INFO ncaa_identity: contest_id=1985371 teams 2554/2554 matched, players 6448/7049 matched
2026-08-24 02:51:29,713 INFO ncaa_identity: contest_id=1985426 teams 1154/2246 matched, players 3096/6133 matched
2026-08-24 02:51:42,238 WARNING ncaa_parse: family=shots contest_id=1985609 team=Alabama A&M SKIPPED (1 parse error(s)): No shot events found [<!DOCTYPE html> <html lang="en"> <head> <meta content="text/html; charset=utf-8" http-equiv="CONTENT-TYPE"/> <meta charset="utf-8"/> <meta...
2026-08-24 02:51:42,362 INFO ncaa_identity: contest_id=1985609 teams 2711/2711 matched, players 6660/7713 matched
2026-08-24 02:51:44,420 WARNING ncaa_parse: family=shots contest_id=1985640 team=Alabama A&M SKIPPED (1 parse error(s)): No shot events found [<!DOCTYPE html> <html lang="en"> <head> <meta content="text/html; charset=utf-8" http-equiv="CONTENT-TYPE"/> <meta charset="utf-8"/> <meta...
2026-08-24 02:51:48,707 INFO ncaa_identity: contest_id=1985723 teams 2514/2514 matched, players 6682/6902 matched
2026-08-24 02:51:53,097 INFO ncaa_identity: contest_id=1985789 teams 3031/3031 matched, players 7624/8398 matched
2026-08-24 02:51:58,497 WARNING ncaa_parse: family=shots contest_id=1985849 team=Furman SKIPPED (1 parse error(s)): No shot events found [<!DOCTYPE html> <html lang="en"> <head> <meta content="text/html; charset=utf-8" http-equiv="CONTENT-TYPE"/> <meta charset="utf-8"/> <meta...
2026-08-24 02:51:58,648 INFO ncaa_identity: contest_id=1985849 teams 2433/2433 matched, players 6375/6883 matched
2026-08-24 02:52:06,298 INFO ncaa_identity: contest_id=1985975 teams 2943/2943 matched, players 7495/8121 matched
2026-08-24 02:52:13,763 WARNING ncaa_parse: family=shots contest_id=1986095 team=Winthrop SKIPPED (1 parse error(s)): No shot events found [<!DOCTYPE html> <html lang="en"> <head> <meta content="text/html; charset=utf-8" http-equiv="CONTENT-TYPE"/> <meta charset="utf-8"/> <meta...
2026-08-24 02:52:13,872 INFO ncaa_identity: contest_id=1986095 teams 2917/2917 matched, players 7889/8284 matched
2026-08-24 02:52:16,224 INFO ncaa_identity: contest_id=1986109 teams 2432/2432 matched, players 6253/6693 matched
2026-08-24 02:52:20,377 WARNING ncaa_parse: family=shots contest_id=1986166 team=Hampton SKIPPED (1 parse error(s)): No shot events found [<!DOCTYPE html> <html lang="en"> <head> <meta content="text/html; charset=utf-8" http-equiv="CONTENT-TYPE"/> <meta charset="utf-8"/> <meta...
2026-08-24 02:52:20,474 INFO ncaa_identity: contest_id=1986166 teams 1867/1867 matched, players 4634/5227 matched
2026-08-24 02:52:25,215 INFO ncaa_identity: contest_id=1986223 teams 2376/2376 matched, players 5428/6507 matched
2026-08-24 02:52:30,708 INFO ncaa_identity: contest_id=1986286 teams 2438/2438 matched, players 6273/6691 matched
2026-08-24 02:52:35,576 INFO ncaa_identity: contest_id=1986400 teams 2936/2936 matched, players 7670/8083 matched
2026-08-24 02:52:49,810 INFO ncaa_identity: contest_id=1986540 teams 2364/2364 matched, players 6451/6462 matched
2026-08-24 02:52:58,878 INFO ncaa_identity: contest_id=1986659 teams 2300/2300 matched, players 5299/6312 matched
2026-08-24 02:53:15,355 INFO ncaa_identity: contest_id=1986838 teams 2913/2913 matched, players 7785/8085 matched
2026-08-24 02:53:17,614 INFO ncaa_identity: contest_id=1986849 teams 2693/2693 matched, players 7386/7397 matched
2026-08-24 02:53:22,696 WARNING ncaa_parse: family=shots contest_id=1986971 team=Old Dominion SKIPPED (1 parse error(s)): No shot events found [<!DOCTYPE html> <html lang="en"> <head> <meta content="text/html; charset=utf-8" http-equiv="CONTENT-TYPE"/> <meta charset="utf-8"/> <meta...
2026-08-24 02:53:22,799 INFO ncaa_identity: contest_id=1986971 teams 2141/2141 matched, players 5799/6009 matched
2026-08-24 02:53:26,115 INFO ncaa_identity: contest_id=1987052 teams 1472/2851 matched, players 3951/7789 matched
2026-08-24 02:53:32,895 WARNING ncaa_parse: family=shots contest_id=1987223 team=Navy SKIPPED (1 parse error(s)): No shot events found [<!DOCTYPE html> <html lang="en"> <head> <meta content="text/html; charset=utf-8" http-equiv="CONTENT-TYPE"/> <meta charset="utf-8"/> <meta...
2026-08-24 02:53:41,862 INFO ncaa_identity: contest_id=1987603 teams 1951/1951 matched, players 5307/5343 matched
2026-08-24 02:54:04,657 WARNING ncaa_parse: family=shots contest_id=1987998 team=Morehead St. SKIPPED (1 parse error(s)): No shot events found [<!DOCTYPE html> <html lang="en"> <head> <meta content="text/html; charset=utf-8" http-equiv="CONTENT-TYPE"/> <meta charset="utf-8"/> <meta...
2026-08-24 02:54:04,734 INFO ncaa_identity: contest_id=1987998 teams 1188/2346 matched, players 3195/6586 matched
2026-08-24 02:54:10,584 INFO ncaa_identity: contest_id=1988187 teams 2581/2581 matched, players 5702/7094 matched
2026-08-24 02:54:12,475 INFO ncaa_identity: contest_id=1988986 teams 2498/2498 matched, players 6818/6848 matched
2026-08-24 02:54:16,300 WARNING ncaa_parse: family=shots contest_id=1989059 team=Furman SKIPPED (1 parse error(s)): No shot events found [<!DOCTYPE html> <html lang="en"> <head> <meta content="text/html; charset=utf-8" http-equiv="CONTENT-TYPE"/> <meta charset="utf-8"/> <meta...
2026-08-24 02:54:16,419 INFO ncaa_identity: contest_id=1989059 teams 1300/2586 matched, players 3679/7323 matched
2026-08-24 02:54:27,886 INFO ncaa_identity: contest_id=1989224 teams 1659/3137 matched, players 4397/8596 matched
2026-08-24 02:54:32,778 INFO ncaa_identity: contest_id=1989371 teams 2757/2757 matched, players 7468/7606 matched
2026-08-24 02:54:34,062 WARNING ncaa_parse: family=shots contest_id=1989470 team=Navy SKIPPED (1 parse error(s)): No shot events found [<!DOCTYPE html> <html lang="en"> <head> <meta content="text/html; charset=utf-8" http-equiv="CONTENT-TYPE"/> <meta charset="utf-8"/> <meta...
2026-08-24 02:54:34,180 INFO ncaa_identity: contest_id=1989470 teams 2297/2297 matched, players 6018/6508 matched
2026-08-24 02:54:36,335 INFO ncaa_identity: contest_id=1989490 teams 2920/2920 matched, players 7918/8052 matched
2026-08-24 02:54:38,653 INFO ncaa_identity: contest_id=1989511 teams 1549/3104 matched, players 4256/8535 matched
2026-08-24 02:54:40,443 INFO ncaa_identity: contest_id=1989633 teams 2605/2605 matched, players 6621/7160 matched
2026-08-24 02:54:42,385 INFO ncaa_identity: contest_id=1989664 teams 2730/2730 matched, players 7484/7491 matched
2026-08-24 02:54:43,630 INFO ncaa_identity: contest_id=1989680 teams 1241/2520 matched, players 3483/6923 matched
2026-08-24 02:54:47,025 INFO ncaa_identity: contest_id=1989731 teams 1548/2993 matched, players 4160/8165 matched
2026-08-24 02:54:55,688 INFO ncaa_identity: contest_id=1990014 teams 1490/2950 matched, players 4069/8101 matched
2026-08-24 02:54:57,480 INFO ncaa_identity: contest_id=1990053 teams 1738/3407 matched, players 4402/9387 matched
2026-08-24 02:55:00,842 INFO ncaa_identity: contest_id=1990229 teams 2502/2502 matched, players 5547/6823 matched
2026-08-24 02:55:03,110 INFO ncaa_identity: contest_id=1990268 teams 1530/2914 matched, players 4095/8038 matched
2026-08-24 02:55:04,617 INFO ncaa_identity: contest_id=1990322 teams 2294/2294 matched, players 5760/6211 matched
2026-08-24 02:55:06,667 INFO ncaa_identity: contest_id=1990363 teams 2809/2809 matched, players 7236/7741 matched
2026-08-24 02:55:17,899 INFO ncaa_identity: contest_id=1990646 teams 2477/2477 matched, players 6318/6781 matched
2026-08-24 02:55:38,766 INFO ncaa_identity: contest_id=1990938 teams 2546/2546 matched, players 6975/6976 matched
2026-08-24 02:55:40,044 WARNING ncaa_parse: family=shots contest_id=1990953 team=Utah St. SKIPPED (1 parse error(s)): No shot events found [<!DOCTYPE html> <html lang="en"> <head> <meta content="text/html; charset=utf-8" http-equiv="CONTENT-TYPE"/> <meta charset="utf-8"/> <meta...
2026-08-24 02:55:43,838 INFO ncaa_identity: contest_id=1990989 teams 1352/2639 matched, players 2870/7228 matched
2026-08-24 02:55:45,082 INFO ncaa_identity: contest_id=1991043 teams 2398/2398 matched, players 6210/6567 matched
2026-08-24 02:55:46,389 INFO ncaa_identity: contest_id=1991060 teams 2546/2546 matched, players 6610/7029 matched
2026-08-24 02:55:51,651 INFO ncaa_identity: contest_id=1991100 teams 1424/2781 matched, players 3506/7646 matched
2026-08-24 02:55:53,331 INFO ncaa_identity: contest_id=1991123 teams 3224/3224 matched, players 8416/8949 matched
2026-08-24 02:55:55,521 INFO ncaa_identity: contest_id=1991160 teams 1444/2826 matched, players 3925/7775 matched
2026-08-24 02:56:00,888 INFO ncaa_identity: contest_id=1991272 teams 1302/2583 matched, players 3342/7078 matched
2026-08-24 02:56:15,781 INFO ncaa_identity: contest_id=1991564 teams 2588/2588 matched, players 7059/7092 matched
2026-08-24 02:56:19,615 INFO ncaa_identity: contest_id=1991617 teams 1238/2460 matched, players 3350/6757 matched
2026-08-24 02:56:21,606 WARNING ncaa_parse: family=shots contest_id=1991674 team=Gardner-Webb SKIPPED (1 parse error(s)): No shot events found [<!DOCTYPE html> <html lang="en"> <head> <meta content="text/html; charset=utf-8" http-equiv="CONTENT-TYPE"/> <meta charset="utf-8"/> <meta...
2026-08-24 02:56:21,760 INFO ncaa_identity: contest_id=1991674 teams 2179/2179 matched, players 5639/6130 matched
2026-08-24 02:56:29,926 WARNING ncaa_parse: family=shots contest_id=1991773 team=Furman SKIPPED (1 parse error(s)): No shot events found [<!DOCTYPE html> <html lang="en"> <head> <meta content="text/html; charset=utf-8" http-equiv="CONTENT-TYPE"/> <meta charset="utf-8"/> <meta...
2026-08-24 02:56:29,990 INFO ncaa_identity: contest_id=1991773 teams 1304/2595 matched, players 3710/7306 matched
2026-08-24 02:56:37,029 INFO ncaa_identity: contest_id=1991963 teams 1310/2637 matched, players 3259/7190 matched
2026-08-24 02:56:40,238 INFO ncaa_identity: contest_id=1992128 teams 2726/2726 matched, players 6946/7493 matched
2026-08-24 02:56:41,527 INFO ncaa_identity: contest_id=1992186 teams 2366/2366 matched, players 6279/6502 matched
2026-08-24 02:56:43,388 INFO ncaa_identity: contest_id=1992391 teams 2701/2701 matched, players 6976/7391 matched
2026-08-24 02:56:44,918 INFO ncaa_identity: contest_id=1992499 teams 2423/2423 matched, players 5582/6685 matched
2026-08-24 02:56:47,313 INFO ncaa_identity: contest_id=1992614 teams 2816/2816 matched, players 7094/7765 matched
2026-08-24 02:57:03,562 INFO ncaa_identity: contest_id=1993141 teams 2569/2569 matched, players 6876/7048 matched
2026-08-24 02:57:14,559 INFO ncaa_identity: contest_id=1993370 teams 2544/2544 matched, players 6495/6976 matched
2026-08-24 02:57:23,156 INFO ncaa_identity: contest_id=1993768 teams 1545/2928 matched, players 4165/8031 matched
2026-08-24 02:57:24,582 INFO ncaa_identity: contest_id=1993828 teams 1427/2754 matched, players 3876/7557 matched
2026-08-24 02:57:26,077 INFO ncaa_identity: contest_id=1993923 teams 1158/2317 matched, players 3210/6368 matched
2026-08-24 02:57:27,291 WARNING ncaa_parse: family=shots contest_id=1994088 team=New Mexico St. SKIPPED (1 parse error(s)): No shot events found [<!DOCTYPE html> <html lang="en"> <head> <meta content="text/html; charset=utf-8" http-equiv="CONTENT-TYPE"/> <meta charset="utf-8"/> <meta...
2026-08-24 02:57:27,332 INFO ncaa_identity: contest_id=1994088 teams 1183/2397 matched, players 3009/6770 matched
2026-08-24 02:57:30,204 WARNING ncaa_parse: family=shots contest_id=1994248 team=Loyola Chicago SKIPPED (1 parse error(s)): No shot events found [<!DOCTYPE html> <html lang="en"> <head> <meta content="text/html; charset=utf-8" http-equiv="CONTENT-TYPE"/> <meta charset="utf-8"/> <meta...
2026-08-24 02:57:30,250 INFO ncaa_identity: contest_id=1994248 teams 1189/2386 matched, players 3237/6698 matched
2026-08-24 02:57:31,329 WARNING ncaa_parse: family=shots contest_id=1994258 team=Loyola Chicago SKIPPED (1 parse error(s)): No shot events found [<!DOCTYPE html> <html lang="en"> <head> <meta content="text/html; charset=utf-8" http-equiv="CONTENT-TYPE"/> <meta charset="utf-8"/> <meta...
2026-08-24 02:57:40,715 INFO ncaa_identity: contest_id=1994494 teams 2358/2358 matched, players 6234/6403 matched
2026-08-24 02:57:42,406 INFO ncaa_identity: contest_id=1994554 teams 1276/2564 matched, players 3187/7006 matched
2026-08-24 02:57:45,490 INFO ncaa_identity: contest_id=1995032 teams 1589/2986 matched, players 3867/8204 matched
2026-08-24 02:57:52,916 WARNING ncaa_parse: family=shots contest_id=1995202 team=Bradley SKIPPED (1 parse error(s)): No shot events found [<!DOCTYPE html> <html lang="en"> <head> <meta content="text/html; charset=utf-8" http-equiv="CONTENT-TYPE"/> <meta charset="utf-8"/> <meta...
2026-08-24 02:57:56,802 INFO ncaa_identity: contest_id=1995231 teams 2780/2780 matched, players 7495/7678 matched
2026-08-24 02:58:01,248 INFO ncaa_identity: contest_id=1995315 teams 1724/3301 matched, players 4617/9098 matched
2026-08-24 02:58:03,460 INFO ncaa_identity: contest_id=1995360 teams 2874/2874 matched, players 7231/7824 matched
2026-08-24 02:58:05,163 WARNING ncaa_parse: family=shots contest_id=1995370 team=Morgan St. SKIPPED (1 parse error(s)): No shot events found [<!DOCTYPE html> <html lang="en"> <head> <meta content="text/html; charset=utf-8" http-equiv="CONTENT-TYPE"/> <meta charset="utf-8"/> <meta...
2026-08-24 02:58:05,235 INFO ncaa_identity: contest_id=1995370 teams 2248/2248 matched, players 5710/6304 matched
2026-08-24 02:58:12,437 WARNING ncaa_parse: family=shots contest_id=1995587 team=Utah St. SKIPPED (1 parse error(s)): No shot events found [<!DOCTYPE html> <html lang="en"> <head> <meta content="text/html; charset=utf-8" http-equiv="CONTENT-TYPE"/> <meta charset="utf-8"/> <meta...
2026-08-24 02:58:12,537 INFO ncaa_identity: contest_id=1995587 teams 2098/2098 matched, players 5532/5911 matched
2026-08-24 02:58:14,308 WARNING ncaa_parse: family=shots contest_id=1995639 team=Eastern Ky. SKIPPED (1 parse error(s)): No shot events found [<!DOCTYPE html> <html lang="en"> <head> <meta content="text/html; charset=utf-8" http-equiv="CONTENT-TYPE"/> <meta charset="utf-8"/> <meta...
2026-08-24 02:58:14,374 INFO ncaa_identity: contest_id=1995639 teams 1340/2635 matched, players 3592/7444 matched
2026-08-24 02:58:30,177 WARNING ncaa_parse: family=shots contest_id=1996036 team=Coppin St. SKIPPED (1 parse error(s)): No shot events found [<!DOCTYPE html> <html lang="en"> <head> <meta content="text/html; charset=utf-8" http-equiv="CONTENT-TYPE"/> <meta charset="utf-8"/> <meta...
2026-08-24 02:58:30,327 INFO ncaa_identity: contest_id=1996036 teams 2735/2735 matched, players 7695/7759 matched
2026-08-24 02:58:38,500 INFO ncaa_identity: contest_id=1996315 teams 1305/2557 matched, players 3488/7013 matched
2026-08-24 02:58:40,800 INFO ncaa_identity: contest_id=1996413 teams 3041/3041 matched, players 8214/8331 matched
2026-08-24 02:58:44,949 INFO ncaa_identity: contest_id=1996589 teams 1375/2736 matched, players 3702/7461 matched
2026-08-24 02:58:46,725 INFO ncaa_identity: contest_id=1996834 teams 1383/2729 matched, players 3002/7496 matched
2026-08-24 02:58:49,549 INFO ncaa_identity: contest_id=1998116 teams 1522/2942 matched, players 4017/8127 matched
2026-08-24 02:58:56,291 INFO ncaa_identity: contest_id=2001294 teams 2612/2612 matched, players 7120/7173 matched
2026-08-24 02:58:59,872 WARNING ncaa_parse: family=shots contest_id=2001729 team=Morgan St. SKIPPED (1 parse error(s)): No shot events found [<!DOCTYPE html> <html lang="en"> <head> <meta content="text/html; charset=utf-8" http-equiv="CONTENT-TYPE"/> <meta charset="utf-8"/> <meta...
2026-08-24 02:59:00,000 INFO ncaa_identity: contest_id=2001729 teams 2554/2554 matched, players 5904/7220 matched
2026-08-24 02:59:01,324 INFO ncaa_identity: contest_id=2003151 teams 2353/2353 matched, players 5986/6430 matched
2026-08-24 02:59:05,571 INFO ncaa_identity: contest_id=2007659 teams 2518/2518 matched, players 6819/6924 matched
2026-08-24 02:59:07,475 WARNING ncaa_parse: family=shots contest_id=2027006 team=Loyola Maryland SKIPPED (1 parse error(s)): No shot events found [<!DOCTYPE html> <html lang="en"> <head> <meta content="text/html; charset=utf-8" http-equiv="CONTENT-TYPE"/> <meta charset="utf-8"/> <meta...
2026-08-24 02:59:10,179 INFO ncaa_identity: contest_id=2027233 teams 1548/3073 matched, players 3937/8458 matched
2026-08-24 02:59:15,854 WARNING ncaa_parse: family=shots contest_id=2034479 team=Gardner-Webb SKIPPED (1 parse error(s)): No shot events found [<!DOCTYPE html> <html lang="en"> <head> <meta content="text/html; charset=utf-8" http-equiv="CONTENT-TYPE"/> <meta charset="utf-8"/> <meta...
2026-08-24 02:59:15,923 INFO ncaa_identity: contest_id=2034479 teams 2384/2384 matched, players 5679/6707 matched
2026-08-24 02:59:22,445 INFO ncaa_identity: contest_id=2038471 teams 2477/2477 matched, players 6335/6743 matched
2026-08-24 02:59:25,716 INFO ncaa_identity: contest_id=2040297 teams 2253/2253 matched, players 5688/6123 matched
2026-08-24 02:59:27,056 WARNING ncaa_parse: family=shots contest_id=2041327 team=Loyola Maryland SKIPPED (1 parse error(s)): No shot events found [<!DOCTYPE html> <html lang="en"> <head> <meta content="text/html; charset=utf-8" http-equiv="CONTENT-TYPE"/> <meta charset="utf-8"/> <meta...
2026-08-24 02:59:30,470 INFO ncaa_identity: contest_id=2047575 teams 2473/2473 matched, players 6352/6737 matched
2026-08-24 02:59:32,492 INFO ncaa_identity: contest_id=2047837 teams 2768/2768 matched, players 7611/7612 matched
2026-08-24 02:59:35,687 INFO ncaa_identity: contest_id=2048651 teams 2499/2499 matched, players 6125/6859 matched
2026-08-24 02:59:36,854 INFO ncaa_identity: contest_id=2048742 teams 2344/2344 matched, players 5990/6414 matched
2026-08-24 02:59:38,094 WARNING ncaa_parse: family=shots contest_id=2049335 team=Westmont SKIPPED (1 parse error(s)): No shot events found [<!DOCTYPE html> <html lang="en"> <head> <meta content="text/html; charset=utf-8" http-equiv="CONTENT-TYPE"/> <meta charset="utf-8"/> <meta...
2026-08-24 02:59:38,136 INFO ncaa_identity: contest_id=2049335 teams 1294/2473 matched, players 3576/6990 matched
2026-08-24 02:59:41,139 INFO ncaa_identity: contest_id=2052425 teams 2282/2282 matched, players 6054/6255 matched
2026-08-24 02:59:44,083 INFO ncaa_identity: contest_id=2053365 teams 2675/2675 matched, players 6677/7302 matched
2026-08-24 02:59:45,789 INFO ncaa_identity: contest_id=2053960 teams 1454/2835 matched, players 3910/7777 matched
2026-08-24 02:59:47,018 INFO ncaa_identity: contest_id=2054235 teams 2298/2298 matched, players 5246/6263 matched
2026-08-24 02:59:49,849 INFO ncaa_identity: contest_id=2054384 teams 2498/2498 matched, players 6619/6795 matched
2026-08-24 02:59:52,918 INFO ncaa_identity: contest_id=2054748 teams 1430/2805 matched, players 3886/7713 matched
2026-08-24 02:59:58,385 INFO ncaa_identity: contest_id=2055728 teams 2461/2461 matched, players 6347/6741 matched
2026-08-24 03:00:22,270 INFO ncaa_identity: contest_id=2057778 teams 2282/2282 matched, players 6031/6227 matched
2026-08-24 03:00:24,134 INFO ncaa_identity: contest_id=2057831 teams 2457/2457 matched, players 5705/6727 matched
2026-08-24 03:00:25,562 INFO ncaa_identity: contest_id=2060230 teams 2368/2368 matched, players 6358/6370 matched
2026-08-24 03:00:45,045 INFO ncaa_identity: contest_id=2139932 teams 1449/2839 matched, players 3928/7791 matched
2026-08-24 03:00:46,464 INFO ncaa_identity: contest_id=2139942 teams 2661/2661 matched, players 6939/6940 matched
2026-08-24 03:00:47,971 INFO ncaa_identity: contest_id=2139952 teams 1173/2387 matched, players 3270/6492 matched
2026-08-24 03:00:49,273 WARNING ncaa_parse: family=shots contest_id=2139962 team=Alabama A&M SKIPPED (1 parse error(s)): No shot events found [<!DOCTYPE html> <html lang="en"> <head> <meta content="text/html; charset=utf-8" http-equiv="CONTENT-TYPE"/> <meta charset="utf-8"/> <meta...
2026-08-24 03:00:49,437 INFO ncaa_identity: contest_id=2139962 teams 2840/2840 matched, players 7738/8094 matched
2026-08-24 03:00:51,624 INFO ncaa_identity: contest_id=2139973 teams 1282/2568 matched, players 3531/6965 matched
2026-08-24 03:00:53,408 INFO ncaa_identity: contest_id=2139984 teams 1541/3039 matched, players 4277/8413 matched
2026-08-24 03:00:55,195 INFO ncaa_identity: contest_id=2140001 teams 1445/2823 matched, players 3951/7721 matched
2026-08-24 03:00:59,125 INFO ncaa_identity: contest_id=2140035 teams 1347/2641 matched, players 3630/7205 matched
2026-08-24 03:01:00,534 INFO ncaa_identity: contest_id=2140054 teams 2137/2137 matched, players 5815/5816 matched
2026-08-24 03:01:02,574 INFO ncaa_identity: contest_id=2140066 teams 1619/3079 matched, players 4240/8437 matched
2026-08-24 03:01:03,837 INFO ncaa_identity: contest_id=2140080 teams 1273/2444 matched, players 3398/6701 matched
2026-08-24 03:01:08,345 INFO ncaa_identity: contest_id=2140115 teams 1302/2624 matched, players 3605/7116 matched
2026-08-24 03:01:10,294 INFO ncaa_identity: contest_id=2140128 teams 1453/2896 matched, players 3214/7885 matched
2026-08-24 03:01:13,949 INFO ncaa_identity: contest_id=2140149 teams 1499/2999 matched, players 4205/8311 matched
2026-08-24 03:01:17,643 INFO ncaa_identity: contest_id=2140220 teams 1142/2281 matched, players 3078/6260 matched
2026-08-24 03:01:19,147 INFO ncaa_identity: contest_id=2140241 teams 1233/2426 matched, players 3377/6642 matched
2026-08-24 03:01:20,620 INFO ncaa_identity: contest_id=2140259 teams 2875/2942 matched, players 8092/8092 matched
2026-08-24 03:01:25,292 INFO ncaa_identity: contest_id=2140295 teams 2738/2738 matched, players 6896/7512 matched
2026-08-24 03:01:27,209 INFO ncaa_identity: contest_id=2140307 teams 2733/2733 matched, players 7460/7537 matched
2026-08-24 03:01:29,123 INFO ncaa_identity: contest_id=2140413 teams 1409/2881 matched, players 3939/7937 matched
2026-08-24 03:01:32,052 INFO ncaa_identity: contest_id=2140462 teams 2605/2605 matched, players 6999/7162 matched
2026-08-24 03:01:33,711 INFO ncaa_identity: contest_id=2140489 teams 1418/2746 matched, players 3748/7519 matched
2026-08-24 03:01:35,481 INFO ncaa_identity: contest_id=2140554 teams 2582/2582 matched, players 6951/7111 matched
2026-08-24 03:01:44,761 WARNING ncaa_parse: family=shots contest_id=2140858 team=Southeast Mo. St. SKIPPED (1 parse error(s)): No shot events found [<!DOCTYPE html> <html lang="en"> <head> <meta content="text/html; charset=utf-8" http-equiv="CONTENT-TYPE"/> <meta charset="utf-8"/> <meta...
2026-08-24 03:01:44,884 INFO ncaa_identity: contest_id=2140858 teams 2648/2648 matched, players 6577/7466 matched
2026-08-24 03:01:46,716 INFO ncaa_identity: contest_id=2140895 teams 2411/2411 matched, players 6413/6610 matched
2026-08-24 03:01:52,303 WARNING ncaa_parse: family=shots contest_id=2141005 team=Longwood SKIPPED (1 parse error(s)): No shot events found [<!DOCTYPE html> <html lang="en"> <head> <meta content="text/html; charset=utf-8" http-equiv="CONTENT-TYPE"/> <meta charset="utf-8"/> <meta...
2026-08-24 03:01:52,369 INFO ncaa_identity: contest_id=2141005 teams 1294/2490 matched, players 3121/7005 matched
2026-08-24 03:01:54,033 INFO ncaa_identity: contest_id=2141024 teams 2542/2542 matched, players 6279/6942 matched
2026-08-24 03:01:57,449 INFO ncaa_identity: contest_id=2141046 teams 2443/2443 matched, players 6703/6714 matched
2026-08-24 03:01:59,732 INFO ncaa_identity: contest_id=2141058 teams 1394/2811 matched, players 3921/7694 matched
2026-08-24 03:02:01,209 INFO ncaa_identity: contest_id=2141071 teams 1321/2597 matched, players 3600/7042 matched
2026-08-24 03:02:02,920 INFO ncaa_identity: contest_id=2141089 teams 2319/2319 matched, players 5930/6352 matched
2026-08-24 03:02:10,844 INFO ncaa_identity: contest_id=2141188 teams 1697/3259 matched, players 4552/8980 matched
2026-08-24 03:02:14,326 INFO ncaa_identity: contest_id=2141238 teams 1217/2438 matched, players 3371/6664 matched
2026-08-24 03:02:17,929 INFO ncaa_identity: contest_id=2141289 teams 3033/3033 matched, players 7889/8329 matched
2026-08-24 03:02:25,393 INFO ncaa_identity: contest_id=2141464 teams 1305/2587 matched, players 3379/7046 matched
2026-08-24 03:02:32,403 INFO ncaa_identity: contest_id=2141529 teams 2725/2725 matched, players 6831/7463 matched
2026-08-24 03:02:42,742 INFO ncaa_identity: contest_id=2141705 teams 2703/2703 matched, players 6752/7416 matched
2026-08-24 03:02:44,450 INFO ncaa_identity: contest_id=2141743 teams 2666/2666 matched, players 7107/7378 matched
2026-08-24 03:02:45,785 INFO ncaa_identity: contest_id=2141758 teams 1280/2486 matched, players 3363/6764 matched
2026-08-24 03:02:47,620 INFO ncaa_identity: contest_id=2141799 teams 2468/2468 matched, players 6321/6788 matched
2026-08-24 03:02:49,283 INFO ncaa_identity: contest_id=2141875 teams 2946/2946 matched, players 7919/8039 matched
2026-08-24 03:02:50,976 INFO ncaa_identity: contest_id=2142008 teams 1567/2927 matched, players 4099/7977 matched
2026-08-24 03:02:52,738 INFO ncaa_identity: contest_id=2142071 teams 2707/2707 matched, players 7139/7440 matched
2026-08-24 03:02:54,229 INFO ncaa_identity: contest_id=2142104 teams 2340/2340 matched, players 6036/6411 matched
2026-08-24 03:03:01,007 INFO ncaa_identity: contest_id=2142224 teams 2748/2748 matched, players 7296/7529 matched
2026-08-24 03:03:04,203 INFO ncaa_identity: contest_id=2142260 teams 2550/2550 matched, players 6850/7004 matched
2026-08-24 03:03:06,073 INFO ncaa_identity: contest_id=2142278 teams 3205/3205 matched, players 8492/8845 matched
2026-08-24 03:03:17,328 INFO ncaa_identity: contest_id=2142524 teams 2704/2704 matched, players 7350/7427 matched
2026-08-24 03:03:22,086 INFO ncaa_identity: contest_id=2142619 teams 1338/2670 matched, players 3655/7266 matched
2026-08-24 03:03:35,143 WARNING ncaa_parse: family=shots contest_id=2142758 team=Old Dominion SKIPPED (1 parse error(s)): No shot events found [<!DOCTYPE html> <html lang="en"> <head> <meta content="text/html; charset=utf-8" http-equiv="CONTENT-TYPE"/> <meta charset="utf-8"/> <meta...
2026-08-24 03:03:35,227 INFO ncaa_identity: contest_id=2142758 teams 2409/2409 matched, players 6367/6745 matched
2026-08-24 03:03:43,854 INFO ncaa_identity: contest_id=2142885 teams 1390/2770 matched, players 3446/7570 matched
2026-08-24 03:03:53,782 INFO ncaa_identity: contest_id=2142957 teams 1289/2573 matched, players 3566/7084 matched
2026-08-24 03:04:11,443 INFO ncaa_identity: contest_id=2143106 teams 1357/2756 matched, players 3341/7533 matched
2026-08-24 03:04:22,621 INFO ncaa_identity: contest_id=2143179 teams 1271/2512 matched, players 3432/6880 matched
2026-08-24 03:04:46,997 INFO ncaa_identity: contest_id=2143275 teams 1600/3089 matched, players 4307/8482 matched
2026-08-24 03:04:54,073 INFO ncaa_identity: contest_id=2143289 teams 1545/2888 matched, players 3995/7865 matched
2026-08-24 03:04:58,265 INFO ncaa_identity: contest_id=2143332 teams 2274/2274 matched, players 6217/6218 matched
2026-08-24 03:05:04,342 INFO ncaa_identity: contest_id=2143347 teams 1206/2334 matched, players 3203/6400 matched
2026-08-24 03:05:10,856 INFO ncaa_identity: contest_id=2143375 teams 3089/3089 matched, players 8214/8533 matched
2026-08-24 03:05:17,405 INFO ncaa_identity: contest_id=2143398 teams 1311/2577 matched, players 3175/7027 matched
2026-08-24 03:05:21,311 WARNING ncaa_parse: family=shots contest_id=2143431 team=Loyola Chicago SKIPPED (1 parse error(s)): No shot events found [<!DOCTYPE html> <html lang="en"> <head> <meta content="text/html; charset=utf-8" http-equiv="CONTENT-TYPE"/> <meta charset="utf-8"/> <meta...
2026-08-24 03:05:38,988 INFO ncaa_identity: contest_id=2143464 teams 3008/3008 matched, players 7352/8230 matched
2026-08-24 03:05:48,507 WARNING ncaa_parse: family=shots contest_id=2143495 team=Harvard SKIPPED (1 parse error(s)): No shot events found [<!DOCTYPE html> <html lang="en"> <head> <meta content="text/html; charset=utf-8" http-equiv="CONTENT-TYPE"/> <meta charset="utf-8"/> <meta...
2026-08-24 03:05:59,777 INFO ncaa_identity: contest_id=2143552 teams 2565/2587 matched, players 7063/7094 matched
2026-08-24 03:06:13,805 INFO ncaa_identity: contest_id=2143678 teams 1491/3020 matched, players 3673/8230 matched
2026-08-24 03:06:32,216 INFO ncaa_identity: contest_id=2143794 teams 2327/2327 matched, players 6301/6302 matched
2026-08-24 03:07:05,454 WARNING ncaa_parse: family=shots contest_id=2143910 team=Longwood SKIPPED (1 parse error(s)): No shot events found [<!DOCTYPE html> <html lang="en"> <head> <meta content="text/html; charset=utf-8" http-equiv="CONTENT-TYPE"/> <meta charset="utf-8"/> <meta...
2026-08-24 03:07:05,621 INFO ncaa_identity: contest_id=2143910 teams 2463/2463 matched, players 6947/6965 matched
2026-08-24 03:07:18,131 INFO ncaa_identity: contest_id=2143981 teams 1324/2577 matched, players 3565/7023 matched
2026-08-24 03:07:30,770 INFO ncaa_identity: contest_id=2144221 teams 2750/2750 matched, players 7264/7608 matched
2026-08-24 03:07:44,162 INFO 5 starters not found for period 3; using estimate
2026-08-24 03:07:44,162 INFO 5 starters not found for period 4; using estimate
2026-08-24 03:07:48,999 INFO ncaa_identity: contest_id=2144282 teams 3073/3073 matched, players 7271/8521 matched
2026-08-24 03:07:55,020 INFO ncaa_identity: contest_id=2144294 teams 1563/3088 matched, players 4284/8547 matched
2026-08-24 03:08:12,713 INFO ncaa_identity: contest_id=2144320 teams 2861/2861 matched, players 7564/7858 matched
2026-08-24 03:08:38,635 INFO ncaa_identity: contest_id=2144402 teams 1361/2660 matched, players 3647/7307 matched
2026-08-24 03:08:43,595 INFO ncaa_identity: contest_id=2144423 teams 2659/2659 matched, players 7300/7318 matched
2026-08-24 03:08:53,601 INFO ncaa_identity: contest_id=2144470 teams 1241/2389 matched, players 3247/6594 matched
2026-08-24 03:09:05,002 INFO ncaa_identity: contest_id=2144502 teams 2734/2734 matched, players 7502/7530 matched
2026-08-24 03:09:20,853 INFO ncaa_identity: contest_id=2144628 teams 1367/2693 matched, players 3666/7435 matched
2026-08-24 03:09:25,683 INFO ncaa_identity: contest_id=2144725 teams 1254/2403 matched, players 3369/6564 matched
2026-08-24 03:09:27,724 INFO ncaa_identity: contest_id=2144755 teams 2426/2426 matched, players 6311/6623 matched
2026-08-24 03:09:31,732 INFO ncaa_identity: contest_id=2144783 teams 2555/2555 matched, players 6378/7018 matched
2026-08-24 03:09:33,881 WARNING ncaa_parse: family=shots contest_id=2144796 team=Texas A&M SKIPPED (1 parse error(s)): No shot events found [<!DOCTYPE html> <html lang="en"> <head> <meta content="text/html; charset=utf-8" http-equiv="CONTENT-TYPE"/> <meta charset="utf-8"/> <meta...
2026-08-24 03:09:42,153 INFO ncaa_identity: contest_id=2145000 teams 2710/2710 matched, players 6926/7459 matched
2026-08-24 03:09:46,151 INFO ncaa_identity: contest_id=2145063 teams 1258/2412 matched, players 3369/6555 matched
2026-08-24 03:09:48,028 INFO ncaa_identity: contest_id=2145090 teams 1316/2644 matched, players 3657/7195 matched
2026-08-24 03:09:50,346 INFO ncaa_identity: contest_id=2145103 teams 2405/2405 matched, players 6577/6594 matched
2026-08-24 03:09:52,486 INFO ncaa_identity: contest_id=2145116 teams 1293/2537 matched, players 3500/6910 matched
2026-08-24 03:09:52,706 INFO 5 starters not found for period 3; using estimate
2026-08-24 03:09:54,679 INFO ncaa_identity: contest_id=2145133 teams 3203/3203 matched, players 8036/8832 matched
2026-08-24 03:09:56,677 INFO ncaa_identity: contest_id=2145159 teams 1317/2606 matched, players 3571/7070 matched
2026-08-24 03:09:58,716 INFO ncaa_identity: contest_id=2145186 teams 1268/2462 matched, players 3438/6725 matched
2026-08-24 03:10:04,892 INFO ncaa_identity: contest_id=2145252 teams 1371/2685 matched, players 3371/7316 matched
2026-08-24 03:10:07,764 INFO ncaa_identity: contest_id=2145270 teams 1390/2872 matched, players 3927/7902 matched
2026-08-24 03:10:13,272 INFO ncaa_identity: contest_id=2145338 teams 1225/2402 matched, players 3306/6529 matched
2026-08-24 03:10:17,160 INFO ncaa_identity: contest_id=2145399 teams 2764/2764 matched, players 7376/7627 matched
2026-08-24 03:10:18,657 INFO ncaa_identity: contest_id=2145438 teams 2286/2286 matched, players 6252/6267 matched
2026-08-24 03:10:23,301 INFO ncaa_identity: contest_id=2145523 teams 1367/2725 matched, players 3813/7490 matched
2026-08-24 03:10:26,059 INFO ncaa_identity: contest_id=2145535 teams 1304/2599 matched, players 3620/7046 matched
2026-08-24 03:10:31,679 INFO ncaa_identity: contest_id=2145605 teams 1256/2546 matched, players 3547/6969 matched
2026-08-24 03:10:34,167 INFO ncaa_identity: contest_id=2145629 teams 1404/2763 matched, players 3371/7629 matched
2026-08-24 03:10:37,629 INFO ncaa_identity: contest_id=2145754 teams 2588/2588 matched, players 6767/7090 matched
2026-08-24 03:10:44,794 INFO ncaa_identity: contest_id=2145843 teams 1518/2877 matched, players 4073/7933 matched
2026-08-24 03:10:49,250 INFO ncaa_identity: contest_id=2145950 teams 3211/3211 matched, players 8591/8884 matched
2026-08-24 03:10:51,648 INFO ncaa_identity: contest_id=2145979 teams 2240/2240 matched, players 5623/6145 matched
2026-08-24 03:10:53,600 INFO ncaa_identity: contest_id=2145997 teams 2829/2829 matched, players 7631/7812 matched
2026-08-24 03:11:12,015 INFO ncaa_identity: contest_id=2146132 teams 1401/2728 matched, players 3748/7455 matched
2026-08-24 03:11:18,299 INFO ncaa_identity: contest_id=2146187 teams 2357/2357 matched, players 6070/6439 matched
2026-08-24 03:11:22,666 INFO ncaa_identity: contest_id=2146238 teams 2669/2689 matched, players 7390/7390 matched
2026-08-24 03:11:24,487 INFO ncaa_identity: contest_id=2146251 teams 1173/2362 matched, players 3269/6494 matched
2026-08-24 03:11:26,083 INFO ncaa_identity: contest_id=2146265 teams 1159/2323 matched, players 3183/6328 matched
2026-08-24 03:11:30,099 WARNING ncaa_parse: family=shots contest_id=2146371 team=Morehead St. SKIPPED (1 parse error(s)): No shot events found [<!DOCTYPE html> <html lang="en"> <head> <meta content="text/html; charset=utf-8" http-equiv="CONTENT-TYPE"/> <meta charset="utf-8"/> <meta...
2026-08-24 03:11:30,210 INFO ncaa_identity: contest_id=2146371 teams 1984/1984 matched, players 5194/5603 matched
2026-08-24 03:11:43,493 INFO ncaa_identity: contest_id=2146610 teams 2442/2442 matched, players 6607/6625 matched
2026-08-24 03:11:45,764 INFO ncaa_identity: contest_id=2146636 teams 1372/2702 matched, players 3777/7361 matched
2026-08-24 03:11:57,955 INFO ncaa_identity: contest_id=2146773 teams 2470/2470 matched, players 6772/6773 matched
2026-08-24 03:11:59,407 WARNING ncaa_parse: family=shots contest_id=2146814 team=Morehead St. SKIPPED (1 parse error(s)): No shot events found [<!DOCTYPE html> <html lang="en"> <head> <meta content="text/html; charset=utf-8" http-equiv="CONTENT-TYPE"/> <meta charset="utf-8"/> <meta...
2026-08-24 03:12:01,155 INFO ncaa_identity: contest_id=2146833 teams 2440/2440 matched, players 6124/6704 matched
2026-08-24 03:12:11,876 INFO ncaa_identity: contest_id=2147042 teams 2449/2449 matched, players 6627/6714 matched
2026-08-24 03:12:20,467 INFO ncaa_identity: contest_id=2147166 teams 2428/2428 matched, players 6418/6617 matched
2026-08-24 03:12:28,879 INFO ncaa_identity: contest_id=2147380 teams 2517/2517 matched, players 6505/6899 matched
2026-08-24 03:12:38,430 INFO ncaa_identity: contest_id=2147595 teams 2752/2836 matched, players 7824/7824 matched
2026-08-24 03:12:40,254 INFO ncaa_identity: contest_id=2147609 teams 2065/2065 matched, players 5373/5627 matched
2026-08-24 03:12:41,569 INFO ncaa_identity: contest_id=2147621 teams 2574/2574 matched, players 6577/7111 matched
2026-08-24 03:12:43,113 INFO ncaa_identity: contest_id=2147634 teams 2165/2165 matched, players 5393/5945 matched
2026-08-24 03:12:48,897 INFO ncaa_identity: contest_id=2147745 teams 2477/2477 matched, players 6597/6777 matched
2026-08-24 03:12:54,687 WARNING ncaa_parse: family=shots contest_id=2148027 team=Harvard SKIPPED (1 parse error(s)): No shot events found [<!DOCTYPE html> <html lang="en"> <head> <meta content="text/html; charset=utf-8" http-equiv="CONTENT-TYPE"/> <meta charset="utf-8"/> <meta...
2026-08-24 03:12:59,797 WARNING ncaa_parse: family=shots contest_id=2148089 team=Alabama A&M SKIPPED (1 parse error(s)): No shot events found [<!DOCTYPE html> <html lang="en"> <head> <meta content="text/html; charset=utf-8" http-equiv="CONTENT-TYPE"/> <meta charset="utf-8"/> <meta...
2026-08-24 03:13:09,051 INFO ncaa_identity: contest_id=2148233 teams 2736/2736 matched, players 6748/7424 matched
2026-08-24 03:13:30,679 INFO ncaa_identity: contest_id=2148682 teams 2468/2468 matched, players 6180/6758 matched
2026-08-24 03:13:36,918 INFO ncaa_identity: contest_id=2148739 teams 2816/2816 matched, players 7238/7774 matched
2026-08-24 03:13:41,705 INFO ncaa_identity: contest_id=2148928 teams 2594/2617 matched, players 7191/7191 matched
2026-08-24 03:13:45,291 INFO ncaa_identity: contest_id=2149059 teams 2382/2382 matched, players 6424/6495 matched
2026-08-24 03:13:47,217 INFO ncaa_identity: contest_id=2149077 teams 2663/2663 matched, players 6975/7263 matched
2026-08-24 03:13:48,733 INFO ncaa_identity: contest_id=2149095 teams 2484/2484 matched, players 6236/6806 matched
2026-08-24 03:14:01,847 INFO ncaa_identity: contest_id=2149279 teams 2319/2319 matched, players 6233/6378 matched
2026-08-24 03:14:03,242 WARNING ncaa_parse: family=shots contest_id=2149293 team=Longwood SKIPPED (1 parse error(s)): No shot events found [<!DOCTYPE html> <html lang="en"> <head> <meta content="text/html; charset=utf-8" http-equiv="CONTENT-TYPE"/> <meta charset="utf-8"/> <meta...
2026-08-24 03:14:03,428 INFO ncaa_identity: contest_id=2149293 teams 2023/2023 matched, players 5355/5756 matched
2026-08-24 03:14:05,022 INFO ncaa_identity: contest_id=2149329 teams 2272/2272 matched, players 5869/6185 matched
2026-08-24 03:14:16,376 INFO ncaa_identity: contest_id=2149572 teams 2579/2579 matched, players 6878/7064 matched
2026-08-24 03:14:29,861 INFO ncaa_identity: contest_id=2149774 teams 2780/2780 matched, players 7545/7669 matched
2026-08-24 03:14:35,243 INFO ncaa_identity: contest_id=2149851 teams 2493/2493 matched, players 6382/6821 matched
2026-08-24 03:14:45,843 INFO ncaa_identity: contest_id=2150166 teams 1040/2125 matched, players 2896/5803 matched
2026-08-24 03:14:52,097 WARNING ncaa_parse: family=shots contest_id=2150230 team=Grambling SKIPPED (1 parse error(s)): No shot events found [<!DOCTYPE html> <html lang="en"> <head> <meta content="text/html; charset=utf-8" http-equiv="CONTENT-TYPE"/> <meta charset="utf-8"/> <meta...
2026-08-24 03:14:58,969 INFO ncaa_identity: contest_id=2150328 teams 2106/2106 matched, players 5216/5751 matched
2026-08-24 03:15:03,065 INFO ncaa_identity: contest_id=2150365 teams 2328/2328 matched, players 5812/6373 matched
2026-08-24 03:15:17,101 INFO ncaa_identity: contest_id=2150636 teams 2311/2311 matched, players 6054/6310 matched
2026-08-24 03:15:29,938 INFO ncaa_identity: contest_id=2150821 teams 2460/2460 matched, players 6683/6703 matched
2026-08-24 03:15:33,441 INFO ncaa_identity: contest_id=2150880 teams 2785/2785 matched, players 7624/7625 matched
2026-08-24 03:15:38,799 INFO ncaa_identity: contest_id=2151128 teams 2464/2464 matched, players 6716/6730 matched
2026-08-24 03:15:40,636 INFO ncaa_identity: contest_id=2151150 teams 2573/2573 matched, players 6666/7031 matched
2026-08-24 03:15:58,377 INFO ncaa_identity: contest_id=2151374 teams 2625/2625 matched, players 6640/7226 matched
2026-08-24 03:15:59,941 INFO ncaa_identity: contest_id=2151430 teams 2347/2347 matched, players 6134/6428 matched
2026-08-24 03:16:14,804 INFO 5 starters not found for period 3; using estimate
2026-08-24 03:16:15,998 INFO ncaa_identity: contest_id=2151790 teams 1168/2358 matched, players 3200/6420 matched
2026-08-24 03:16:19,165 INFO ncaa_identity: contest_id=2151814 teams 2574/2574 matched, players 6797/7098 matched
2026-08-24 03:16:21,309 INFO ncaa_identity: contest_id=2151826 teams 2607/2689 matched, players 7349/7349 matched
2026-08-24 03:16:24,979 INFO ncaa_identity: contest_id=2151854 teams 2684/2684 matched, players 7303/7381 matched
2026-08-24 03:16:33,014 INFO ncaa_identity: contest_id=2152142 teams 2437/2437 matched, players 6288/6679 matched
2026-08-24 03:16:36,313 INFO ncaa_identity: contest_id=2152210 teams 2597/2597 matched, players 7142/7151 matched
2026-08-24 03:16:42,723 WARNING ncaa_parse: family=shots contest_id=2152297 team=Grambling SKIPPED (1 parse error(s)): No shot events found [<!DOCTYPE html> <html lang="en"> <head> <meta content="text/html; charset=utf-8" http-equiv="CONTENT-TYPE"/> <meta charset="utf-8"/> <meta...
2026-08-24 03:16:47,225 INFO ncaa_identity: contest_id=2152360 teams 2323/2323 matched, players 6014/6341 matched
2026-08-24 03:16:51,567 INFO ncaa_identity: contest_id=2152402 teams 2551/2551 matched, players 6717/7054 matched
2026-08-24 03:17:03,420 INFO ncaa_identity: contest_id=2152662 teams 2678/2678 matched, players 6992/7387 matched
2026-08-24 03:17:09,319 INFO ncaa_identity: contest_id=2152833 teams 2570/2570 matched, players 6995/7057 matched
2026-08-24 03:17:17,978 INFO ncaa_identity: contest_id=2152899 teams 2425/2425 matched, players 6350/6653 matched
2026-08-24 03:17:21,030 INFO ncaa_identity: contest_id=2152964 teams 2468/2468 matched, players 5625/6779 matched
2026-08-24 03:17:24,381 WARNING ncaa_parse: family=shots contest_id=2153169 team=Morehead St. SKIPPED (1 parse error(s)): No shot events found [<!DOCTYPE html> <html lang="en"> <head> <meta content="text/html; charset=utf-8" http-equiv="CONTENT-TYPE"/> <meta charset="utf-8"/> <meta...
2026-08-24 03:17:24,459 INFO ncaa_identity: contest_id=2153169 teams 2169/2169 matched, players 6000/6143 matched
2026-08-24 03:17:31,008 WARNING ncaa_parse: family=shots contest_id=2153277 team=Texas Southern SKIPPED (1 parse error(s)): No shot events found [<!DOCTYPE html> <html lang="en"> <head> <meta content="text/html; charset=utf-8" http-equiv="CONTENT-TYPE"/> <meta charset="utf-8"/> <meta...
2026-08-24 03:17:31,097 INFO ncaa_identity: contest_id=2153277 teams 2136/2136 matched, players 5777/6026 matched
2026-08-24 03:17:32,808 INFO ncaa_identity: contest_id=2153291 teams 2249/2249 matched, players 5625/6154 matched
2026-08-24 03:17:34,101 INFO ncaa_identity: contest_id=2153316 teams 2229/2229 matched, players 6019/6066 matched
2026-08-24 03:17:44,217 INFO ncaa_identity: contest_id=2153458 teams 2572/2572 matched, players 6531/7097 matched
2026-08-24 03:17:49,876 INFO ncaa_identity: contest_id=2153641 teams 2567/2567 matched, players 6484/7024 matched
2026-08-24 03:17:52,950 INFO 5 starters not found for period 3; using estimate
2026-08-24 03:17:57,220 INFO ncaa_identity: contest_id=2153703 teams 1092/2105 matched, players 2916/5775 matched
2026-08-24 03:18:06,313 INFO ncaa_identity: contest_id=2153875 teams 2608/2608 matched, players 7120/7140 matched
2026-08-24 03:18:08,960 INFO ncaa_identity: contest_id=2153899 teams 2935/2935 matched, players 7541/8108 matched
2026-08-24 03:18:10,236 WARNING ncaa_parse: family=shots contest_id=2153911 team=South Carolina St. SKIPPED (1 parse error(s)): No shot events found [<!DOCTYPE html> <html lang="en"> <head> <meta content="text/html; charset=utf-8" http-equiv="CONTENT-TYPE"/> <meta charset="utf-8"/> <meta...
2026-08-24 03:18:10,358 INFO ncaa_identity: contest_id=2153911 teams 2327/2327 matched, players 4966/6577 matched
2026-08-24 03:18:17,570 INFO ncaa_identity: contest_id=2154178 teams 2401/2401 matched, players 6297/6581 matched
2026-08-24 03:18:20,394 WARNING ncaa_parse: family=shots contest_id=2154237 team=Harvard SKIPPED (1 parse error(s)): No shot events found [<!DOCTYPE html> <html lang="en"> <head> <meta content="text/html; charset=utf-8" http-equiv="CONTENT-TYPE"/> <meta charset="utf-8"/> <meta...
2026-08-24 03:18:25,379 INFO ncaa_identity: contest_id=2154295 teams 3317/3317 matched, players 8466/9178 matched
2026-08-24 03:18:26,650 WARNING ncaa_parse: family=shots contest_id=2154308 team=South Carolina St. SKIPPED (1 parse error(s)): No shot events found [<!DOCTYPE html> <html lang="en"> <head> <meta content="text/html; charset=utf-8" http-equiv="CONTENT-TYPE"/> <meta charset="utf-8"/> <meta...
2026-08-24 03:18:26,694 INFO ncaa_identity: contest_id=2154308 teams 2691/2691 matched, players 6277/7615 matched
2026-08-24 03:18:41,444 INFO ncaa_identity: contest_id=2154480 teams 2170/2170 matched, players 5816/5908 matched
2026-08-24 03:19:05,795 INFO ncaa_identity: contest_id=2154719 teams 2867/2867 matched, players 7691/7884 matched
2026-08-24 03:19:09,624 INFO ncaa_identity: contest_id=2154825 teams 3446/3446 matched, players 8823/9508 matched
2026-08-24 03:19:13,902 INFO ncaa_identity: contest_id=2154861 teams 2524/2524 matched, players 6898/6915 matched
2026-08-24 03:19:17,798 WARNING ncaa_parse: family=shots contest_id=2154899 team=Grambling SKIPPED (1 parse error(s)): No shot events found [<!DOCTYPE html> <html lang="en"> <head> <meta content="text/html; charset=utf-8" http-equiv="CONTENT-TYPE"/> <meta charset="utf-8"/> <meta...
2026-08-24 03:19:32,552 INFO ncaa_identity: contest_id=2155011 teams 2205/2218 matched, players 6082/6082 matched
2026-08-24 03:19:36,783 INFO ncaa_identity: contest_id=2155041 teams 2214/2214 matched, players 5946/6053 matched
2026-08-24 03:19:39,512 INFO ncaa_identity: contest_id=2155061 teams 2661/2661 matched, players 6712/7296 matched
2026-08-24 03:19:47,928 INFO ncaa_identity: contest_id=2155311 teams 1429/2820 matched, players 3992/7742 matched
2026-08-24 03:19:53,321 INFO ncaa_identity: contest_id=2157314 teams 1415/2783 matched, players 3922/7587 matched
2026-08-24 03:19:59,127 INFO ncaa_identity: contest_id=2158745 teams 2626/2626 matched, players 7172/7209 matched
2026-08-24 03:20:03,671 INFO ncaa_identity: contest_id=2159012 teams 3340/3340 matched, players 8597/9232 matched
2026-08-24 03:20:09,726 INFO ncaa_identity: contest_id=2160632 teams 1349/2622 matched, players 3577/7185 matched
2026-08-24 03:20:11,456 INFO ncaa_identity: contest_id=2160886 teams 1314/2605 matched, players 3517/7087 matched
2026-08-24 03:20:12,730 WARNING ncaa_parse: family=shots contest_id=2161058 team=South Carolina St. SKIPPED (1 parse error(s)): No shot events found [<!DOCTYPE html> <html lang="en"> <head> <meta content="text/html; charset=utf-8" http-equiv="CONTENT-TYPE"/> <meta charset="utf-8"/> <meta...
2026-08-24 03:20:12,802 INFO ncaa_identity: contest_id=2161058 teams 1367/2687 matched, players 2828/7585 matched
2026-08-24 03:20:15,657 INFO ncaa_identity: contest_id=2163424 teams 2587/2587 matched, players 6775/7088 matched
2026-08-24 03:20:17,057 INFO ncaa_identity: contest_id=2163483 teams 2685/2685 matched, players 7352/7363 matched
2026-08-24 03:20:21,829 WARNING ncaa_parse: family=shots contest_id=2163977 team=Texas Southern SKIPPED (1 parse error(s)): No shot events found [<!DOCTYPE html> <html lang="en"> <head> <meta content="text/html; charset=utf-8" http-equiv="CONTENT-TYPE"/> <meta charset="utf-8"/> <meta...
2026-08-24 03:20:21,927 INFO ncaa_identity: contest_id=2163977 teams 2356/2356 matched, players 5831/6649 matched
2026-08-24 03:20:23,347 INFO ncaa_identity: contest_id=2218243 teams 1323/2700 matched, players 3615/7394 matched
2026-08-24 03:20:35,547 INFO ncaa_identity: contest_id=2260045 teams 2578/2578 matched, players 6954/6972 matched
2026-08-24 03:20:36,854 INFO ncaa_identity: contest_id=2260071 teams 2810/2810 matched, players 7636/7735 matched
2026-08-24 03:20:41,096 INFO ncaa_identity: contest_id=2260479 teams 2583/2583 matched, players 6481/6998 matched
2026-08-24 03:20:42,642 INFO ncaa_identity: contest_id=2260754 teams 2786/2786 matched, players 7650/7651 matched
2026-08-24 03:20:45,323 WARNING ncaa_parse: family=shots contest_id=2260828 team=N.C. Central SKIPPED (1 parse error(s)): No shot events found [<!DOCTYPE html> <html lang="en"> <head> <meta content="text/html; charset=utf-8" http-equiv="CONTENT-TYPE"/> <meta charset="utf-8"/> <meta...
2026-08-24 03:20:45,377 INFO ncaa_identity: contest_id=2260828 teams 2523/2523 matched, players 6882/7089 matched
2026-08-24 03:20:57,608 INFO ncaa_identity: contest_id=2261416 teams 2560/2560 matched, players 6678/7013 matched
2026-08-24 03:20:59,149 INFO ncaa_identity: contest_id=2261440 teams 2326/2326 matched, players 5923/6398 matched
2026-08-24 03:21:23,728 INFO ncaa_identity: contest_id=2263052 teams 2370/2370 matched, players 6026/6468 matched
2026-08-24 03:21:28,176 WARNING ncaa_parse: family=shots contest_id=2263229 team=Northern Colo. SKIPPED (1 parse error(s)): No shot events found [<!DOCTYPE html> <html lang="en"> <head> <meta content="text/html; charset=utf-8" http-equiv="CONTENT-TYPE"/> <meta charset="utf-8"/> <meta...
2026-08-24 03:21:33,083 INFO ncaa_identity: contest_id=2335236 teams 1757/3475 matched, players 4840/9604 matched
2026-08-24 03:21:36,907 INFO ncaa_identity: contest_id=2335256 teams 2821/2821 matched, players 7558/7778 matched
2026-08-24 03:21:41,909 INFO ncaa_identity: contest_id=2335286 teams 1566/3006 matched, players 4030/8246 matched
2026-08-24 03:21:43,778 INFO ncaa_identity: contest_id=2335297 teams 1325/2672 matched, players 3632/7304 matched
2026-08-24 03:21:47,232 INFO ncaa_identity: contest_id=2335317 teams 1245/2428 matched, players 3332/6627 matched
2026-08-24 03:21:49,440 INFO ncaa_identity: contest_id=2335327 teams 1286/2621 matched, players 3598/7140 matched
2026-08-24 03:21:51,146 INFO ncaa_identity: contest_id=2335337 teams 1486/3030 matched, players 3680/8361 matched
2026-08-24 03:21:54,341 INFO ncaa_identity: contest_id=2335357 teams 1344/2748 matched, players 3706/7537 matched
2026-08-24 03:21:56,363 INFO ncaa_identity: contest_id=2335367 teams 1527/2948 matched, players 4073/8088 matched
2026-08-24 03:21:57,851 INFO ncaa_identity: contest_id=2335377 teams 1460/2854 matched, players 3915/7801 matched
2026-08-24 03:21:59,487 INFO ncaa_identity: contest_id=2335387 teams 2688/2688 matched, players 6982/7376 matched
2026-08-24 03:22:00,919 INFO ncaa_identity: contest_id=2335397 teams 3331/3331 matched, players 8571/9179 matched
2026-08-24 03:22:02,763 INFO ncaa_identity: contest_id=2335407 teams 2810/2810 matched, players 7277/7741 matched
2026-08-24 03:22:06,025 INFO ncaa_identity: contest_id=2335429 teams 3030/3030 matched, players 7997/8330 matched
2026-08-24 03:22:09,184 INFO ncaa_identity: contest_id=2335551 teams 1192/2283 matched, players 556/967 matched
2026-08-24 03:22:11,808 INFO ncaa_identity: contest_id=2335604 teams 1270/2434 matched, players 3379/6653 matched
2026-08-24 03:22:20,765 INFO ncaa_identity: contest_id=2335675 teams 1391/2777 matched, players 3752/7597 matched
2026-08-24 03:22:25,438 INFO ncaa_identity: contest_id=2335708 teams 1317/2662 matched, players 3648/7292 matched
2026-08-24 03:22:28,736 INFO ncaa_identity: contest_id=2335838 teams 2872/2872 matched, players 7516/7887 matched
2026-08-24 03:22:30,759 INFO ncaa_identity: contest_id=2335854 teams 1276/2512 matched, players 3416/6865 matched
2026-08-24 03:22:37,646 INFO ncaa_identity: contest_id=2335996 teams 1495/2923 matched, players 4072/8066 matched
2026-08-24 03:22:41,238 INFO ncaa_identity: contest_id=2336182 teams 2420/2420 matched, players 6346/6589 matched
2026-08-24 03:22:43,012 INFO ncaa_identity: contest_id=2336233 teams 1358/2616 matched, players 3615/7143 matched
2026-08-24 03:22:44,574 INFO ncaa_identity: contest_id=2336322 teams 1355/2602 matched, players 3582/7068 matched
2026-08-24 03:22:46,448 INFO ncaa_identity: contest_id=2336362 teams 2848/2848 matched, players 7797/7798 matched
2026-08-24 03:22:50,382 INFO ncaa_identity: contest_id=2336419 teams 3119/3119 matched, players 7099/8578 matched
2026-08-24 03:22:52,238 INFO ncaa_identity: contest_id=2336450 teams 1515/2922 matched, players 4058/7928 matched
2026-08-24 03:22:54,249 INFO ncaa_identity: contest_id=2336467 teams 2790/2790 matched, players 6729/7705 matched
2026-08-24 03:22:55,927 INFO ncaa_identity: contest_id=2336478 teams 1319/2633 matched, players 3629/7220 matched
2026-08-24 03:22:58,264 INFO ncaa_identity: contest_id=2336492 teams 1438/2851 matched, players 3915/7799 matched
2026-08-24 03:23:03,215 INFO ncaa_identity: contest_id=2336530 teams 2443/2443 matched, players 6352/6720 matched
2026-08-24 03:23:14,320 INFO ncaa_identity: contest_id=2336676 teams 1532/2944 matched, players 3856/8079 matched
2026-08-24 03:23:17,444 INFO ncaa_identity: contest_id=2336723 teams 2687/2687 matched, players 7072/7407 matched
2026-08-24 03:23:20,865 INFO ncaa_identity: contest_id=2336807 teams 2769/2769 matched, players 6864/7598 matched
2026-08-24 03:23:25,930 INFO ncaa_identity: contest_id=2336926 teams 1454/2859 matched, players 3913/7854 matched
2026-08-24 03:23:27,678 INFO ncaa_identity: contest_id=2336948 teams 3049/3049 matched, players 7914/8380 matched
2026-08-24 03:23:30,121 INFO ncaa_identity: contest_id=2336974 teams 2778/2778 matched, players 7046/7599 matched
2026-08-24 03:23:31,742 INFO ncaa_identity: contest_id=2337000 teams 2622/2622 matched, players 6569/7224 matched
2026-08-24 03:23:33,487 INFO ncaa_identity: contest_id=2337014 teams 1416/2707 matched, players 3737/7394 matched
2026-08-24 03:23:35,341 INFO ncaa_identity: contest_id=2337038 teams 3021/3021 matched, players 8002/8301 matched
2026-08-24 03:23:42,586 INFO ncaa_identity: contest_id=2337165 teams 2639/2639 matched, players 7097/7299 matched
2026-08-24 03:23:44,368 INFO ncaa_identity: contest_id=2337197 teams 2772/2772 matched, players 7581/7634 matched
2026-08-24 03:23:47,801 INFO ncaa_identity: contest_id=2337274 teams 0/2498 matched, players 0/6795 matched
2026-08-24 03:23:49,415 INFO ncaa_identity: contest_id=2337337 teams 2470/2470 matched, players 6550/6743 matched
2026-08-24 03:23:52,608 INFO ncaa_identity: contest_id=2337490 teams 2916/2916 matched, players 7604/8048 matched
2026-08-24 03:24:03,078 WARNING ncaa_parse: family=shots contest_id=2337704 team=South Fla. SKIPPED (1 parse error(s)): No shot events found [<!DOCTYPE html> <html lang="en"> <head> <meta content="text/html; charset=utf-8" http-equiv="CONTENT-TYPE"/> <meta charset="utf-8"/> <meta...
2026-08-24 03:24:07,512 INFO ncaa_identity: contest_id=2337759 teams 2634/2634 matched, players 7074/7259 matched
2026-08-24 03:24:14,392 INFO ncaa_identity: contest_id=2337987 teams 1332/2626 matched, players 3570/7163 matched
2026-08-24 03:24:24,725 INFO ncaa_identity: contest_id=2338224 teams 1328/2608 matched, players 3611/7194 matched
2026-08-24 03:24:30,651 INFO ncaa_identity: contest_id=2338297 teams 2487/2487 matched, players 6703/6841 matched
2026-08-24 03:24:33,831 INFO ncaa_identity: contest_id=2338361 teams 2564/2564 matched, players 7051/7054 matched
2026-08-24 03:24:35,672 INFO ncaa_identity: contest_id=2338373 teams 2273/2273 matched, players 6008/6192 matched
2026-08-24 03:24:40,197 INFO ncaa_identity: contest_id=2338451 teams 2387/2387 matched, players 6470/6514 matched
2026-08-24 03:24:42,157 INFO 5 starters not found for period 3; using estimate
2026-08-24 03:24:45,019 INFO ncaa_identity: contest_id=2338614 teams 1473/2958 matched, players 4127/8110 matched
2026-08-24 03:24:48,075 INFO ncaa_identity: contest_id=2338671 teams 2706/2706 matched, players 7149/7459 matched
2026-08-24 03:24:51,455 INFO ncaa_identity: contest_id=2338738 teams 2628/2628 matched, players 7133/7154 matched
2026-08-24 03:24:53,083 INFO ncaa_identity: contest_id=2338766 teams 2329/2329 matched, players 6255/6361 matched
2026-08-24 03:25:01,144 INFO ncaa_identity: contest_id=2338901 teams 1385/2636 matched, players 3228/7207 matched
2026-08-24 03:25:02,734 INFO ncaa_identity: contest_id=2338926 teams 2265/2265 matched, players 5770/6226 matched
2026-08-24 03:25:10,758 INFO ncaa_identity: contest_id=2339033 teams 2358/2358 matched, players 6350/6447 matched
2026-08-24 03:25:12,638 INFO ncaa_identity: contest_id=2339062 teams 2528/2528 matched, players 6424/6868 matched
2026-08-24 03:25:19,211 INFO ncaa_identity: contest_id=2339188 teams 3247/3247 matched, players 8678/8948 matched
2026-08-24 03:25:25,664 INFO ncaa_identity: contest_id=2339326 teams 2458/2458 matched, players 6459/6757 matched
2026-08-24 03:25:29,129 INFO ncaa_identity: contest_id=2339398 teams 2403/2403 matched, players 6419/6557 matched
2026-08-24 03:25:31,226 INFO ncaa_identity: contest_id=2339411 teams 1300/2523 matched, players 3513/6919 matched
2026-08-24 03:25:50,815 INFO ncaa_identity: contest_id=2339856 teams 1405/2776 matched, players 3743/7577 matched
2026-08-24 03:25:54,088 INFO ncaa_identity: contest_id=2339909 teams 1266/2476 matched, players 3455/6773 matched
2026-08-24 03:25:55,856 INFO ncaa_identity: contest_id=2339922 teams 1511/3058 matched, players 4141/8458 matched
2026-08-24 03:25:59,186 INFO ncaa_identity: contest_id=2339966 teams 2689/2689 matched, players 7348/7389 matched
2026-08-24 03:26:04,643 INFO ncaa_identity: contest_id=2340038 teams 1388/2733 matched, players 3777/7443 matched
2026-08-24 03:26:06,564 INFO ncaa_identity: contest_id=2340052 teams 1590/3140 matched, players 4301/8594 matched
2026-08-24 03:26:09,970 INFO ncaa_identity: contest_id=2340102 teams 1244/2449 matched, players 3359/6718 matched
2026-08-24 03:26:26,967 INFO ncaa_identity: contest_id=2340421 teams 2942/2942 matched, players 8116/8117 matched
2026-08-24 03:26:28,660 INFO ncaa_identity: contest_id=2340454 teams 1501/2883 matched, players 3801/7926 matched
2026-08-24 03:26:33,812 INFO ncaa_identity: contest_id=2340639 teams 1277/2567 matched, players 3552/7044 matched
2026-08-24 03:26:35,321 INFO ncaa_identity: contest_id=2340663 teams 2568/2568 matched, players 6937/7047 matched
2026-08-24 03:26:36,954 WARNING ncaa_parse: family=shots contest_id=2340675 team=Texas Southern SKIPPED (1 parse error(s)): No shot events found [<!DOCTYPE html> <html lang="en"> <head> <meta content="text/html; charset=utf-8" http-equiv="CONTENT-TYPE"/> <meta charset="utf-8"/> <meta...
2026-08-24 03:26:37,070 INFO ncaa_identity: contest_id=2340675 teams 1220/2451 matched, players 3097/6928 matched
2026-08-24 03:26:40,195 INFO ncaa_identity: contest_id=2340712 teams 1179/2311 matched, players 3223/6271 matched
2026-08-24 03:26:45,290 INFO ncaa_identity: contest_id=2340785 teams 1276/2513 matched, players 3481/6881 matched
2026-08-24 03:26:49,091 INFO ncaa_identity: contest_id=2340824 teams 1382/2665 matched, players 3719/7284 matched
2026-08-24 03:26:51,078 INFO ncaa_identity: contest_id=2340844 teams 2525/2525 matched, players 6591/6870 matched
2026-08-24 03:26:54,263 INFO ncaa_identity: contest_id=2340886 teams 2648/2648 matched, players 7112/7269 matched
2026-08-24 03:26:55,932 INFO ncaa_identity: contest_id=2340914 teams 1351/2620 matched, players 3654/7162 matched
2026-08-24 03:27:00,928 INFO ncaa_identity: contest_id=2341010 teams 1259/2495 matched, players 3357/6796 matched
2026-08-24 03:27:04,244 INFO ncaa_identity: contest_id=2341084 teams 2913/2913 matched, players 7846/7978 matched
2026-08-24 03:27:05,712 INFO ncaa_identity: contest_id=2341095 teams 1551/3087 matched, players 4306/8522 matched
2026-08-24 03:27:07,435 INFO ncaa_identity: contest_id=2341109 teams 2678/2678 matched, players 7283/7424 matched
2026-08-24 03:27:08,883 INFO ncaa_identity: contest_id=2341121 teams 2647/2647 matched, players 7143/7288 matched
2026-08-24 03:27:10,757 INFO ncaa_identity: contest_id=2341151 teams 1260/2501 matched, players 3389/6805 matched
2026-08-24 03:27:12,218 INFO ncaa_identity: contest_id=2341175 teams 1229/2444 matched, players 3391/6716 matched
2026-08-24 03:27:14,120 INFO ncaa_identity: contest_id=2341235 teams 2572/2572 matched, players 6768/7043 matched
2026-08-24 03:27:25,646 INFO ncaa_identity: contest_id=2341426 teams 1350/2699 matched, players 3701/7367 matched
2026-08-24 03:27:27,275 INFO ncaa_identity: contest_id=2341447 teams 1350/2690 matched, players 3686/7336 matched
2026-08-24 03:27:29,204 INFO ncaa_identity: contest_id=2341522 teams 1238/2496 matched, players 3364/6804 matched
2026-08-24 03:27:34,286 INFO ncaa_identity: contest_id=2341596 teams 1356/2666 matched, players 3739/7267 matched
2026-08-24 03:27:39,608 INFO ncaa_identity: contest_id=2341673 teams 1403/2816 matched, players 3885/7682 matched
2026-08-24 03:27:49,498 INFO ncaa_identity: contest_id=2341757 teams 1723/3326 matched, players 4313/9149 matched
2026-08-24 03:27:50,841 INFO ncaa_identity: contest_id=2341769 teams 2190/2190 matched, players 5554/5973 matched
2026-08-24 03:28:03,148 INFO ncaa_identity: contest_id=2341857 teams 1298/2647 matched, players 3605/7307 matched
2026-08-24 03:28:08,237 INFO ncaa_identity: contest_id=2341909 teams 3095/3095 matched, players 8474/8480 matched
2026-08-24 03:28:14,964 INFO ncaa_identity: contest_id=2341969 teams 2667/2667 matched, players 7003/7307 matched
2026-08-24 03:28:16,192 INFO ncaa_identity: contest_id=2341979 teams 1322/2690 matched, players 3711/7404 matched
2026-08-24 03:28:17,981 INFO ncaa_identity: contest_id=2342040 teams 2770/2770 matched, players 7387/7624 matched
2026-08-24 03:28:28,080 INFO ncaa_identity: contest_id=2342157 teams 2387/2387 matched, players 6265/6500 matched
2026-08-24 03:28:59,537 INFO ncaa_identity: contest_id=2342700 teams 2826/2826 matched, players 7597/7746 matched
2026-08-24 03:29:01,620 INFO ncaa_identity: contest_id=2342754 teams 2408/2408 matched, players 6447/6604 matched
2026-08-24 03:29:05,005 WARNING ncaa_parse: family=shots contest_id=2342778 team=Winthrop SKIPPED (1 parse error(s)): No shot events found [<!DOCTYPE html> <html lang="en"> <head> <meta content="text/html; charset=utf-8" http-equiv="CONTENT-TYPE"/> <meta charset="utf-8"/> <meta...
2026-08-24 03:29:05,173 INFO ncaa_identity: contest_id=2342778 teams 2243/2243 matched, players 6041/6347 matched
2026-08-24 03:29:06,622 INFO ncaa_identity: contest_id=2342838 teams 2723/2723 matched, players 7160/7549 matched
2026-08-24 03:29:12,274 INFO ncaa_identity: contest_id=2342968 teams 2814/2814 matched, players 7433/7771 matched
2026-08-24 03:29:14,094 INFO ncaa_identity: contest_id=2342979 teams 2627/2627 matched, players 6696/7261 matched
2026-08-24 03:29:20,710 INFO ncaa_identity: contest_id=2343038 teams 2199/2199 matched, players 5749/6009 matched
2026-08-24 03:29:25,759 INFO ncaa_identity: contest_id=2343138 teams 2645/2645 matched, players 6887/7257 matched
2026-08-24 03:29:33,646 INFO ncaa_identity: contest_id=2343240 teams 1437/2853 matched, players 3884/7875 matched
2026-08-24 03:29:35,016 WARNING ncaa_parse: family=shots contest_id=2343251 team=Hampton SKIPPED (1 parse error(s)): No shot events found [<!DOCTYPE html> <html lang="en"> <head> <meta content="text/html; charset=utf-8" http-equiv="CONTENT-TYPE"/> <meta charset="utf-8"/> <meta...
2026-08-24 03:29:35,109 INFO ncaa_identity: contest_id=2343251 teams 2134/2134 matched, players 4627/5981 matched
2026-08-24 03:29:38,661 INFO ncaa_identity: contest_id=2343281 teams 2725/2725 matched, players 7244/7465 matched
2026-08-24 03:29:42,318 INFO ncaa_identity: contest_id=2343333 teams 2436/2436 matched, players 6264/6695 matched
2026-08-24 03:29:48,454 INFO ncaa_identity: contest_id=2343590 teams 2404/2404 matched, players 6556/6559 matched
2026-08-24 03:29:52,627 INFO ncaa_identity: contest_id=2343648 teams 2514/2514 matched, players 6769/6825 matched
2026-08-24 03:29:52,783 INFO 5 starters not found for period 3; using estimate
2026-08-24 03:29:58,942 INFO ncaa_identity: contest_id=2343710 teams 1336/2748 matched, players 3751/7604 matched
2026-08-24 03:30:00,643 INFO ncaa_identity: contest_id=2343731 teams 2828/2828 matched, players 7399/7804 matched
2026-08-24 03:30:16,191 INFO ncaa_identity: contest_id=2343981 teams 2425/2425 matched, players 6216/6675 matched
2026-08-24 03:30:33,764 INFO ncaa_identity: contest_id=2344292 teams 3249/3249 matched, players 8338/8960 matched
2026-08-24 03:30:38,936 INFO ncaa_identity: contest_id=2344334 teams 1229/2422 matched, players 3262/6638 matched
2026-08-24 03:31:03,329 INFO ncaa_identity: contest_id=2344815 teams 2463/2463 matched, players 6576/6775 matched
2026-08-24 03:31:06,441 INFO ncaa_identity: contest_id=2344859 teams 2478/2478 matched, players 6487/6790 matched
2026-08-24 03:31:18,890 INFO ncaa_identity: contest_id=2345153 teams 2476/2476 matched, players 6594/6784 matched
2026-08-24 03:31:22,200 INFO ncaa_identity: contest_id=2345179 teams 1347/2659 matched, players 3608/7288 matched
2026-08-24 03:31:26,906 INFO ncaa_identity: contest_id=2345217 teams 1263/2460 matched, players 3365/6797 matched
2026-08-24 03:31:33,414 INFO ncaa_identity: contest_id=2345364 teams 2431/2431 matched, players 6605/6617 matched
2026-08-24 03:31:35,121 INFO ncaa_identity: contest_id=2345375 teams 2301/2301 matched, players 6192/6312 matched
2026-08-24 03:31:45,884 INFO ncaa_identity: contest_id=2345636 teams 2490/2490 matched, players 6418/6816 matched
2026-08-24 03:31:47,338 INFO ncaa_identity: contest_id=2345724 teams 2456/2456 matched, players 6642/6712 matched
2026-08-24 03:31:50,751 INFO ncaa_identity: contest_id=2345775 teams 2712/2712 matched, players 7205/7475 matched
2026-08-24 03:32:04,341 INFO ncaa_identity: contest_id=2345980 teams 2655/2655 matched, players 7100/7296 matched
2026-08-24 03:32:06,085 INFO ncaa_identity: contest_id=2346016 teams 3218/3218 matched, players 8551/8892 matched
2026-08-24 03:32:12,519 INFO ncaa_identity: contest_id=2346199 teams 2574/2574 matched, players 6569/7058 matched
2026-08-24 03:32:19,815 INFO ncaa_identity: contest_id=2346260 teams 2284/2284 matched, players 6224/6283 matched
2026-08-24 03:32:24,597 INFO ncaa_identity: contest_id=2346415 teams 2088/2088 matched, players 5575/5725 matched
2026-08-24 03:32:27,532 INFO ncaa_identity: contest_id=2346437 teams 2594/2594 matched, players 6858/7121 matched
2026-08-24 03:32:29,449 INFO ncaa_identity: contest_id=2346450 teams 2963/2963 matched, players 8114/8144 matched
2026-08-24 03:32:51,677 INFO ncaa_identity: contest_id=2346898 teams 2383/2383 matched, players 6208/6514 matched
2026-08-24 03:32:55,169 INFO ncaa_identity: contest_id=2346944 teams 2793/2793 matched, players 7637/7638 matched
2026-08-24 03:32:56,729 INFO ncaa_identity: contest_id=2346973 teams 2357/2357 matched, players 5378/6441 matched
2026-08-24 03:33:07,913 INFO ncaa_identity: contest_id=2347233 teams 2534/2534 matched, players 5998/6912 matched
2026-08-24 03:33:12,753 INFO ncaa_identity: contest_id=2347271 teams 2652/2652 matched, players 7201/7292 matched
2026-08-24 03:33:17,237 INFO ncaa_identity: contest_id=2347364 teams 2452/2452 matched, players 6700/6731 matched
2026-08-24 03:33:25,508 INFO ncaa_identity: contest_id=2347485 teams 2615/2615 matched, players 7171/7173 matched
2026-08-24 03:33:28,971 INFO ncaa_identity: contest_id=2347512 teams 1253/2524 matched, players 3424/6911 matched
2026-08-24 03:34:01,072 INFO ncaa_identity: contest_id=2348146 teams 2988/2988 matched, players 7817/8269 matched
2026-08-24 03:34:12,820 INFO ncaa_identity: contest_id=2348336 teams 2306/2306 matched, players 6244/6351 matched
2026-08-24 03:34:19,503 INFO ncaa_identity: contest_id=2348494 teams 2529/2529 matched, players 6493/6934 matched
2026-08-24 03:34:24,695 WARNING ncaa_parse: family=shots contest_id=2348531 team=Winthrop SKIPPED (1 parse error(s)): No shot events found [<!DOCTYPE html> <html lang="en"> <head> <meta content="text/html; charset=utf-8" http-equiv="CONTENT-TYPE"/> <meta charset="utf-8"/> <meta...
2026-08-24 03:34:31,445 INFO ncaa_identity: contest_id=2348614 teams 2862/2862 matched, players 7280/7836 matched
2026-08-24 03:34:36,660 INFO ncaa_identity: contest_id=2348879 teams 2838/2838 matched, players 6929/7823 matched
2026-08-24 03:34:46,599 INFO ncaa_identity: contest_id=2348988 teams 2754/2754 matched, players 6731/7590 matched
2026-08-24 03:34:49,794 INFO ncaa_identity: contest_id=2349018 teams 2360/2360 matched, players 6042/6475 matched
2026-08-24 03:34:57,040 INFO ncaa_identity: contest_id=2349162 teams 2616/2616 matched, players 6815/7149 matched
2026-08-24 03:35:04,184 INFO ncaa_identity: contest_id=2349322 teams 2490/2490 matched, players 6178/6783 matched
2026-08-24 03:35:07,262 INFO ncaa_identity: contest_id=2349353 teams 2373/2373 matched, players 6132/6513 matched
2026-08-24 03:35:09,104 INFO ncaa_identity: contest_id=2349364 teams 2564/2564 matched, players 7041/7045 matched
2026-08-24 03:35:15,025 INFO ncaa_identity: contest_id=2349506 teams 2541/2541 matched, players 6485/6952 matched
2026-08-24 03:35:28,011 INFO ncaa_identity: contest_id=2349755 teams 2735/2735 matched, players 6399/7492 matched
2026-08-24 03:35:31,148 INFO ncaa_identity: contest_id=2349862 teams 2300/2300 matched, players 5991/6330 matched
2026-08-24 03:35:39,896 INFO ncaa_identity: contest_id=2349955 teams 1328/2561 matched, players 3528/6977 matched
2026-08-24 03:35:45,997 INFO ncaa_identity: contest_id=2350012 teams 2581/2581 matched, players 6555/7042 matched
2026-08-24 03:35:49,357 INFO ncaa_identity: contest_id=2350045 teams 2821/2821 matched, players 7281/7786 matched
2026-08-24 03:35:54,027 INFO ncaa_identity: contest_id=2350081 teams 2400/2400 matched, players 6215/6550 matched
2026-08-24 03:35:58,838 INFO ncaa_identity: contest_id=2350154 teams 2288/2288 matched, players 5797/6271 matched
2026-08-24 03:36:08,957 INFO ncaa_identity: contest_id=2350266 teams 2495/2495 matched, players 6156/6833 matched
2026-08-24 03:36:13,397 INFO ncaa_identity: contest_id=2350301 teams 2545/2545 matched, players 6571/6945 matched
2026-08-24 03:36:14,931 INFO ncaa_identity: contest_id=2350311 teams 2169/2169 matched, players 5560/5875 matched
2026-08-24 03:36:16,237 INFO ncaa_identity: contest_id=2350322 teams 2687/2687 matched, players 7436/7438 matched
2026-08-24 03:36:25,450 INFO ncaa_identity: contest_id=2350381 teams 2679/2679 matched, players 7370/7383 matched
2026-08-24 03:36:41,682 INFO ncaa_identity: contest_id=2350575 teams 2302/2302 matched, players 6068/6293 matched
2026-08-24 03:36:43,324 INFO ncaa_identity: contest_id=2350585 teams 2312/2312 matched, players 6078/6329 matched
2026-08-24 03:36:51,125 WARNING ncaa_parse: family=shots contest_id=2350637 team=South Carolina St. SKIPPED (1 parse error(s)): No shot events found [<!DOCTYPE html> <html lang="en"> <head> <meta content="text/html; charset=utf-8" http-equiv="CONTENT-TYPE"/> <meta charset="utf-8"/> <meta...
2026-08-24 03:37:00,913 INFO ncaa_identity: contest_id=2350699 teams 2559/2559 matched, players 6120/6735 matched
2026-08-24 03:37:05,691 INFO ncaa_identity: contest_id=2350730 teams 2277/2277 matched, players 6257/6258 matched
2026-08-24 03:37:08,132 INFO ncaa_identity: contest_id=2350775 teams 1304/2510 matched, players 3550/6881 matched
2026-08-24 03:37:11,075 INFO ncaa_identity: contest_id=2350947 teams 2197/2197 matched, players 5944/6005 matched
2026-08-24 03:37:12,626 INFO ncaa_identity: contest_id=2351020 teams 2372/2372 matched, players 6057/6495 matched
2026-08-24 03:37:16,403 WARNING ncaa_parse: family=shots contest_id=2352669 team=Presbyterian SKIPPED (1 parse error(s)): No shot events found [<!DOCTYPE html> <html lang="en"> <head> <meta content="text/html; charset=utf-8" http-equiv="CONTENT-TYPE"/> <meta charset="utf-8"/> <meta...
2026-08-24 03:37:16,437 INFO ncaa_identity: contest_id=2352669 teams 2423/2423 matched, players 5822/6840 matched
2026-08-24 03:37:21,241 INFO ncaa_identity: contest_id=2352810 teams 2671/2671 matched, players 6898/7323 matched
2026-08-24 03:37:24,467 WARNING ncaa_parse: family=shots contest_id=2353572 team=Morgan St. SKIPPED (1 parse error(s)): No shot events found [<!DOCTYPE html> <html lang="en"> <head> <meta content="text/html; charset=utf-8" http-equiv="CONTENT-TYPE"/> <meta charset="utf-8"/> <meta...
2026-08-24 03:37:24,578 INFO ncaa_identity: contest_id=2353572 teams 1375/2763 matched, players 3608/7799 matched
2026-08-24 03:37:29,262 INFO ncaa_identity: contest_id=2353678 teams 2751/2751 matched, players 7218/7219 matched
2026-08-24 03:37:31,112 INFO ncaa_identity: contest_id=2353702 teams 2346/2346 matched, players 6396/6461 matched
2026-08-24 03:37:34,724 INFO ncaa_identity: contest_id=2354273 teams 2978/2978 matched, players 7874/8237 matched
2026-08-24 03:37:37,803 WARNING ncaa_parse: family=shots contest_id=2357630 team=Grambling SKIPPED (1 parse error(s)): No shot events found [<!DOCTYPE html> <html lang="en"> <head> <meta content="text/html; charset=utf-8" http-equiv="CONTENT-TYPE"/> <meta charset="utf-8"/> <meta...
2026-08-24 03:37:37,912 INFO ncaa_identity: contest_id=2357630 teams 1309/2570 matched, players 3655/7221 matched
2026-08-24 03:37:39,754 INFO ncaa_identity: contest_id=2418592 teams 2702/2702 matched, players 7349/7397 matched
2026-08-24 03:37:47,482 INFO ncaa_identity: contest_id=2421198 teams 2622/2622 matched, players 6743/7168 matched
2026-08-24 03:37:57,221 INFO ncaa_identity: contest_id=2421722 teams 2484/2484 matched, players 6823/6825 matched
2026-08-24 03:37:58,951 INFO ncaa_identity: contest_id=2421732 teams 2290/2290 matched, players 6169/6237 matched
2026-08-24 03:38:25,595 INFO ncaa_identity: contest_id=2422798 teams 2144/2144 matched, players 5580/5832 matched
2026-08-24 03:38:27,751 INFO ncaa_identity: contest_id=2422870 teams 2834/2834 matched, players 7206/7855 matched
2026-08-24 03:38:42,147 WARNING ncaa_parse: family=shots contest_id=2424287 team=Southern Ind. SKIPPED (1 parse error(s)): No shot events found [<!DOCTYPE html> <html lang="en"> <head> <meta content="text/html; charset=utf-8" http-equiv="CONTENT-TYPE"/> <meta charset="utf-8"/> <meta...
2026-08-24 03:38:42,228 INFO ncaa_identity: contest_id=2424287 teams 2226/2226 matched, players 5849/6204 matched
2026-08-24 03:38:46,827 INFO ncaa_identity: contest_id=2424693 teams 2195/2195 matched, players 5962/5971 matched
2026-08-24 03:39:40,060 INFO ncaa_identity: contest_id=3954941 teams 1599/3099 matched, players 4356/8551 matched
2026-08-24 03:39:41,891 INFO ncaa_identity: contest_id=3954951 teams 1448/2774 matched, players 3866/7646 matched
2026-08-24 03:39:43,686 INFO ncaa_identity: contest_id=3954961 teams 1338/2746 matched, players 3744/7543 matched
2026-08-24 03:39:47,176 INFO ncaa_identity: contest_id=3954981 teams 1427/2821 matched, players 3888/7737 matched
2026-08-24 03:39:57,779 INFO ncaa_identity: contest_id=3955042 teams 1222/2432 matched, players 2477/6669 matched
2026-08-24 03:40:03,998 INFO ncaa_identity: contest_id=3955072 teams 2811/2811 matched, players 7665/7742 matched
2026-08-24 03:40:10,370 INFO ncaa_identity: contest_id=3955106 teams 1425/2748 matched, players 3863/7531 matched
2026-08-24 03:40:12,772 INFO ncaa_identity: contest_id=3955117 teams 1515/2955 matched, players 3247/8136 matched
2026-08-24 03:40:16,930 INFO ncaa_identity: contest_id=3955198 teams 1376/2687 matched, players 3711/7379 matched
2026-08-24 03:40:20,511 INFO ncaa_identity: contest_id=3955263 teams 2636/2636 matched, players 6430/7258 matched
2026-08-24 03:40:22,405 INFO ncaa_identity: contest_id=3955278 teams 2783/2783 matched, players 7295/7650 matched
2026-08-24 03:40:27,158 INFO ncaa_identity: contest_id=3955314 teams 1112/2244 matched, players 3023/6142 matched
2026-08-24 03:40:39,161 INFO ncaa_identity: contest_id=3955582 teams 1281/2545 matched, players 3461/6934 matched
2026-08-24 03:40:46,691 INFO ncaa_identity: contest_id=3955834 teams 1345/2696 matched, players 3646/7353 matched
2026-08-24 03:40:56,058 INFO ncaa_identity: contest_id=3956049 teams 1482/3004 matched, players 4068/8154 matched
2026-08-24 03:41:01,287 INFO ncaa_identity: contest_id=3956092 teams 1703/3321 matched, players 4636/9176 matched
2026-08-24 03:41:03,176 INFO ncaa_identity: contest_id=3956106 teams 1476/2872 matched, players 3982/7878 matched
2026-08-24 03:41:04,895 INFO ncaa_identity: contest_id=3956117 teams 1070/2059 matched, players 2859/5563 matched
2026-08-24 03:41:08,583 INFO ncaa_identity: contest_id=3956152 teams 1455/2717 matched, players 3889/7419 matched
2026-08-24 03:41:12,270 INFO ncaa_identity: contest_id=3956210 teams 1339/2606 matched, players 3572/7150 matched
2026-08-24 03:41:14,069 INFO ncaa_identity: contest_id=3956240 teams 3431/3431 matched, players 9321/9471 matched
2026-08-24 03:41:17,250 INFO ncaa_identity: contest_id=3956310 teams 1272/2545 matched, players 3494/6927 matched
2026-08-24 03:41:19,254 INFO ncaa_identity: contest_id=3956360 teams 2403/2403 matched, players 6319/6524 matched
2026-08-24 03:41:26,539 INFO ncaa_identity: contest_id=3956507 teams 2727/2727 matched, players 7557/7562 matched
2026-08-24 03:41:28,332 INFO ncaa_identity: contest_id=3956525 teams 2817/2817 matched, players 7448/7678 matched
2026-08-24 03:41:38,037 INFO ncaa_identity: contest_id=3956660 teams 2837/2837 matched, players 7519/7830 matched
2026-08-24 03:41:43,510 INFO ncaa_identity: contest_id=3956763 teams 2224/2224 matched, players 5665/6065 matched
2026-08-24 03:42:01,861 INFO ncaa_identity: contest_id=3957244 teams 1423/2845 matched, players 3867/7753 matched
2026-08-24 03:42:07,254 INFO ncaa_identity: contest_id=3957316 teams 2823/2823 matched, players 7194/7786 matched
2026-08-24 03:42:09,133 INFO ncaa_identity: contest_id=3957414 teams 2720/2720 matched, players 7287/7517 matched
2026-08-24 03:42:13,276 INFO ncaa_identity: contest_id=3957546 teams 1286/2417 matched, players 3313/6567 matched
2026-08-24 03:42:16,945 INFO ncaa_identity: contest_id=3957618 teams 2722/2722 matched, players 6964/7485 matched
2026-08-24 03:42:18,206 INFO ncaa_identity: contest_id=3957640 teams 2235/2235 matched, players 5729/6115 matched
2026-08-24 03:42:32,369 INFO ncaa_identity: contest_id=3957778 teams 2424/2424 matched, players 6063/6620 matched
2026-08-24 03:42:35,060 INFO ncaa_identity: contest_id=3957808 teams 1441/2790 matched, players 3885/7656 matched
2026-08-24 03:42:41,971 INFO ncaa_identity: contest_id=3957971 teams 3091/3091 matched, players 7971/8570 matched
2026-08-24 03:42:45,216 INFO ncaa_identity: contest_id=3958038 teams 1557/2902 matched, players 4062/7912 matched
2026-08-24 03:42:47,352 INFO ncaa_identity: contest_id=3958078 teams 2623/2623 matched, players 6769/7142 matched
2026-08-24 03:42:48,788 INFO ncaa_identity: contest_id=3958107 teams 2802/2802 matched, players 7167/7670 matched
2026-08-24 03:42:55,620 INFO ncaa_identity: contest_id=3958215 teams 1541/2989 matched, players 4114/8212 matched
2026-08-24 03:43:04,425 INFO ncaa_identity: contest_id=3958335 teams 3523/3523 matched, players 9060/9809 matched
2026-08-24 03:43:14,105 INFO ncaa_identity: contest_id=3958495 teams 1677/3296 matched, players 4507/9066 matched
2026-08-24 03:43:15,636 INFO ncaa_identity: contest_id=3958566 teams 2996/2996 matched, players 7682/8274 matched
2026-08-24 03:43:18,786 INFO ncaa_identity: contest_id=3958616 teams 2517/2517 matched, players 6176/6868 matched
2026-08-24 03:43:24,423 INFO ncaa_identity: contest_id=3958685 teams 1253/2495 matched, players 3476/6861 matched
2026-08-24 03:43:27,657 INFO ncaa_identity: contest_id=3958748 teams 1292/2581 matched, players 3610/7107 matched
2026-08-24 03:43:29,077 INFO ncaa_identity: contest_id=3958781 teams 2684/2684 matched, players 7355/7382 matched
2026-08-24 03:43:35,449 INFO ncaa_identity: contest_id=3959064 teams 1304/2573 matched, players 3552/6988 matched
2026-08-24 03:43:38,663 INFO ncaa_identity: contest_id=3959092 teams 2860/2860 matched, players 7274/7899 matched
2026-08-24 03:43:40,539 INFO ncaa_identity: contest_id=3959106 teams 1418/2767 matched, players 3788/7612 matched
2026-08-24 03:43:42,136 INFO ncaa_identity: contest_id=3959145 teams 1395/2724 matched, players 3769/7412 matched
2026-08-24 03:43:47,608 INFO ncaa_identity: contest_id=3959199 teams 1598/3274 matched, players 4484/8938 matched
2026-08-24 03:43:51,968 INFO ncaa_identity: contest_id=3959211 teams 2565/2565 matched, players 6529/7010 matched
2026-08-24 03:43:57,349 INFO ncaa_identity: contest_id=3959228 teams 2549/2549 matched, players 6455/6974 matched
2026-08-24 03:44:02,474 INFO ncaa_identity: contest_id=3959262 teams 3062/3062 matched, players 7773/8445 matched
2026-08-24 03:44:12,578 INFO ncaa_identity: contest_id=3959303 teams 1230/2385 matched, players 3249/6510 matched
2026-08-24 03:44:23,499 INFO ncaa_identity: contest_id=3959344 teams 2699/2699 matched, players 6952/7399 matched
2026-08-24 03:44:33,947 INFO ncaa_identity: contest_id=3959451 teams 2650/2650 matched, players 6715/7289 matched
2026-08-24 03:44:38,631 INFO ncaa_identity: contest_id=3959483 teams 1330/2712 matched, players 3695/7432 matched
2026-08-24 03:44:45,183 INFO ncaa_identity: contest_id=3959558 teams 1482/2981 matched, players 4015/8123 matched
2026-08-24 03:44:55,366 INFO ncaa_identity: contest_id=3959598 teams 2557/2557 matched, players 6147/7039 matched
2026-08-24 03:45:00,070 INFO ncaa_identity: contest_id=3959608 teams 2384/2384 matched, players 5958/6464 matched
2026-08-24 03:45:37,840 INFO ncaa_identity: contest_id=3959914 teams 2316/2316 matched, players 5860/6336 matched
2026-08-24 03:45:54,658 INFO ncaa_identity: contest_id=3959966 teams 1475/2896 matched, players 4025/7926 matched
2026-08-24 03:46:01,127 INFO ncaa_identity: contest_id=3959984 teams 1767/3396 matched, players 4500/9351 matched
2026-08-24 03:46:10,443 INFO ncaa_identity: contest_id=3960038 teams 1349/2599 matched, players 3397/7089 matched
2026-08-24 03:46:17,446 INFO ncaa_identity: contest_id=3960053 teams 1448/2988 matched, players 4070/8170 matched
2026-08-24 03:46:25,449 INFO ncaa_identity: contest_id=3960111 teams 2634/2634 matched, players 7110/7194 matched
2026-08-24 03:46:29,817 INFO ncaa_identity: contest_id=3960121 teams 1190/2382 matched, players 3257/6498 matched
2026-08-24 03:46:50,728 INFO ncaa_identity: contest_id=3960284 teams 1420/2772 matched, players 3793/7578 matched
2026-08-24 03:47:10,809 INFO ncaa_identity: contest_id=3960354 teams 2542/2542 matched, players 6649/6650 matched
2026-08-24 03:47:15,889 INFO 5 starters not found for period 3; using estimate
2026-08-24 03:47:15,890 INFO 5 starters not found for period 4; using estimate
2026-08-24 03:47:35,352 INFO ncaa_identity: contest_id=3960530 teams 2479/2479 matched, players 6799/6803 matched
2026-08-24 03:47:42,588 INFO ncaa_identity: contest_id=3960543 teams 1426/2761 matched, players 3775/7555 matched
2026-08-24 03:47:57,533 INFO ncaa_identity: contest_id=3960634 teams 1416/2862 matched, players 3938/7819 matched
2026-08-24 03:48:07,694 INFO ncaa_identity: contest_id=3960704 teams 1288/2635 matched, players 3574/7188 matched
2026-08-24 03:48:48,804 INFO ncaa_identity: contest_id=3960959 teams 1355/2839 matched, players 3663/7698 matched
2026-08-24 03:48:58,414 INFO ncaa_identity: contest_id=3960980 teams 1208/2397 matched, players 3245/6521 matched
2026-08-24 03:49:17,246 INFO ncaa_identity: contest_id=3961042 teams 1319/2642 matched, players 3605/7217 matched
2026-08-24 03:49:21,080 INFO ncaa_identity: contest_id=3961053 teams 964/1956 matched, players 438/863 matched
2026-08-24 03:49:27,466 INFO ncaa_identity: contest_id=3961065 teams 3034/3034 matched, players 8131/8370 matched
2026-08-24 03:49:34,254 INFO ncaa_identity: contest_id=3961075 teams 2860/2860 matched, players 7707/7846 matched
2026-08-24 03:49:54,222 INFO ncaa_identity: contest_id=3961124 teams 1450/2872 matched, players 3925/7917 matched
2026-08-24 03:50:03,284 INFO ncaa_identity: contest_id=3961145 teams 2608/2608 matched, players 6916/7163 matched
2026-08-24 03:50:08,462 INFO ncaa_identity: contest_id=3961175 teams 1408/2743 matched, players 3819/7547 matched
2026-08-24 03:50:19,031 INFO ncaa_identity: contest_id=3961205 teams 1218/2426 matched, players 3099/6630 matched
2026-08-24 03:50:23,710 INFO ncaa_identity: contest_id=3961246 teams 1308/2563 matched, players 3597/7044 matched
2026-08-24 03:50:33,007 INFO ncaa_identity: contest_id=3961312 teams 1388/2708 matched, players 3736/7380 matched
2026-08-24 03:50:38,025 INFO ncaa_identity: contest_id=3961333 teams 3053/3053 matched, players 7933/8352 matched
2026-08-24 03:50:43,409 INFO ncaa_identity: contest_id=3961344 teams 2326/2326 matched, players 6255/6352 matched
2026-08-24 03:50:50,316 INFO ncaa_identity: contest_id=3961359 teams 2630/2630 matched, players 7012/7224 matched
2026-08-24 03:50:56,122 INFO ncaa_identity: contest_id=3961389 teams 2532/2532 matched, players 6680/6951 matched
2026-08-24 03:51:05,626 INFO ncaa_identity: contest_id=3961485 teams 2578/2578 matched, players 6540/7066 matched
2026-08-24 03:51:07,737 INFO ncaa_identity: contest_id=3961564 teams 1513/2980 matched, players 3717/8117 matched
2026-08-24 03:51:12,522 INFO ncaa_identity: contest_id=3961660 teams 1193/2461 matched, players 3389/6748 matched
2026-08-24 03:51:15,815 INFO ncaa_identity: contest_id=3961694 teams 1456/2711 matched, players 3744/7435 matched
2026-08-24 03:51:20,818 INFO ncaa_identity: contest_id=3961770 teams 1322/2676 matched, players 3673/7323 matched
2026-08-24 03:51:21,977 INFO ncaa_identity: contest_id=3961785 teams 2307/2307 matched, players 5915/6320 matched
2026-08-24 03:51:32,560 INFO ncaa_identity: contest_id=3962012 teams 2661/2661 matched, players 7297/7298 matched
2026-08-24 03:51:43,086 INFO ncaa_identity: contest_id=3962202 teams 2513/2513 matched, players 6810/6879 matched
2026-08-24 03:51:45,307 INFO ncaa_identity: contest_id=3962212 teams 2602/2602 matched, players 6998/7123 matched
2026-08-24 03:51:49,459 INFO ncaa_identity: contest_id=3962233 teams 2977/2977 matched, players 8070/8207 matched
2026-08-24 03:51:53,022 INFO ncaa_identity: contest_id=3962272 teams 1356/2695 matched, players 3682/7434 matched
2026-08-24 03:52:08,081 INFO ncaa_identity: contest_id=3962687 teams 2373/2373 matched, players 6199/6508 matched
2026-08-24 03:52:17,173 INFO ncaa_identity: contest_id=3962802 teams 2590/2590 matched, players 6700/7143 matched
2026-08-24 03:52:18,860 INFO ncaa_identity: contest_id=3962875 teams 2255/2255 matched, players 5948/6168 matched
2026-08-24 03:52:32,193 INFO ncaa_identity: contest_id=3963145 teams 2508/2508 matched, players 5697/6883 matched
2026-08-24 03:52:33,587 INFO ncaa_identity: contest_id=3963203 teams 2499/2499 matched, players 6827/6831 matched
2026-08-24 03:52:46,248 INFO ncaa_identity: contest_id=3963329 teams 1612/3252 matched, players 4530/9001 matched
2026-08-24 03:52:47,761 INFO ncaa_identity: contest_id=3963352 teams 2785/2785 matched, players 7152/7687 matched
2026-08-24 03:52:57,087 INFO ncaa_identity: contest_id=3963659 teams 2876/2876 matched, players 7078/7955 matched
2026-08-24 03:53:09,945 INFO 5 starters not found for period 4; using estimate
2026-08-24 03:53:23,995 INFO ncaa_identity: contest_id=3964152 teams 2430/2430 matched, players 5830/6689 matched
2026-08-24 03:53:33,812 INFO ncaa_identity: contest_id=3964273 teams 2788/2788 matched, players 7639/7671 matched
2026-08-24 03:53:47,917 INFO ncaa_identity: contest_id=3964703 teams 2471/2471 matched, players 6274/6773 matched
2026-08-24 03:53:49,270 INFO ncaa_identity: contest_id=3964722 teams 2337/2337 matched, players 6017/6396 matched
2026-08-24 03:53:55,468 INFO ncaa_identity: contest_id=3964812 teams 2600/2600 matched, players 7058/7115 matched
2026-08-24 03:54:00,079 INFO ncaa_identity: contest_id=3965012 teams 2250/2250 matched, players 5765/6097 matched
2026-08-24 03:54:09,547 INFO ncaa_identity: contest_id=3965157 teams 2536/2536 matched, players 6582/6974 matched
2026-08-24 03:54:11,310 INFO ncaa_identity: contest_id=3965214 teams 2279/2279 matched, players 5693/6216 matched
2026-08-24 03:54:14,850 INFO ncaa_identity: contest_id=3965234 teams 2328/2328 matched, players 6177/6402 matched
2026-08-24 03:54:23,338 INFO ncaa_identity: contest_id=3965322 teams 2577/2577 matched, players 6939/7033 matched
2026-08-24 03:54:35,975 INFO ncaa_identity: contest_id=3965689 teams 2990/2990 matched, players 7738/8219 matched
2026-08-24 03:54:37,662 INFO ncaa_identity: contest_id=3965718 teams 2473/2473 matched, players 6314/6794 matched
2026-08-24 03:54:38,830 INFO ncaa_identity: contest_id=3965734 teams 2478/2478 matched, players 6497/6796 matched
2026-08-24 03:54:43,819 INFO ncaa_identity: contest_id=3965820 teams 2647/2647 matched, players 6782/7308 matched
2026-08-24 03:54:56,899 INFO ncaa_identity: contest_id=3966083 teams 2835/2835 matched, players 7315/7785 matched
2026-08-24 03:55:00,322 INFO ncaa_identity: contest_id=3966165 teams 2580/2580 matched, players 6538/7078 matched
2026-08-24 03:55:04,673 INFO ncaa_identity: contest_id=3966249 teams 2165/2165 matched, players 5738/5905 matched
2026-08-24 03:55:15,368 INFO ncaa_identity: contest_id=3966520 teams 2908/2908 matched, players 7405/8041 matched
2026-08-24 03:55:23,331 INFO ncaa_identity: contest_id=3966689 teams 2495/2495 matched, players 6303/6840 matched
2026-08-24 03:55:25,212 INFO ncaa_identity: contest_id=3966708 teams 2390/2390 matched, players 6086/6558 matched
2026-08-24 03:55:57,061 INFO ncaa_identity: contest_id=3967268 teams 3080/3080 matched, players 8518/8519 matched
2026-08-24 03:56:07,504 INFO ncaa_identity: contest_id=3967471 teams 2461/2461 matched, players 6726/6727 matched
2026-08-24 03:56:10,968 INFO ncaa_identity: contest_id=3967607 teams 3164/3164 matched, players 8308/8764 matched
2026-08-24 03:56:29,884 INFO ncaa_identity: contest_id=3968015 teams 2217/2217 matched, players 5616/6012 matched
2026-08-24 03:56:34,309 INFO ncaa_identity: contest_id=3968049 teams 2674/2674 matched, players 6689/7373 matched
2026-08-24 03:56:37,510 INFO ncaa_identity: contest_id=3968073 teams 2660/2660 matched, players 7312/7315 matched
2026-08-24 03:56:43,358 INFO ncaa_identity: contest_id=3968217 teams 2408/2408 matched, players 6318/6588 matched
2026-08-24 03:56:45,363 INFO ncaa_identity: contest_id=3968228 teams 2524/2524 matched, players 6394/6948 matched
2026-08-24 03:56:47,168 INFO 5 starters not found for period 3; using estimate
2026-08-24 03:56:48,868 INFO ncaa_identity: contest_id=3968251 teams 2588/2588 matched, players 6934/7096 matched
2026-08-24 03:56:50,358 INFO ncaa_identity: contest_id=3968263 teams 2664/2664 matched, players 7141/7335 matched
2026-08-24 03:56:52,223 INFO ncaa_identity: contest_id=3968285 teams 2618/2618 matched, players 7163/7174 matched
2026-08-24 03:56:59,023 INFO ncaa_identity: contest_id=3968530 teams 3163/3163 matched, players 8630/8729 matched
2026-08-24 03:57:00,836 INFO ncaa_identity: contest_id=3968572 teams 2655/2655 matched, players 6895/7337 matched
2026-08-24 03:57:14,667 INFO ncaa_identity: contest_id=3968705 teams 3096/3096 matched, players 8037/8539 matched
2026-08-24 03:57:19,246 INFO ncaa_identity: contest_id=3968738 teams 2751/2751 matched, players 7232/7630 matched
2026-08-24 03:57:38,691 INFO ncaa_identity: contest_id=3968988 teams 2081/2081 matched, players 5267/5699 matched
2026-08-24 03:57:39,956 INFO ncaa_identity: contest_id=3968999 teams 2706/2706 matched, players 6673/7454 matched
2026-08-24 03:57:50,560 INFO ncaa_identity: contest_id=3969193 teams 2942/2942 matched, players 7651/8086 matched
2026-08-24 03:57:53,744 INFO ncaa_identity: contest_id=3969226 teams 2657/2657 matched, players 6772/7252 matched
2026-08-24 03:57:56,609 INFO ncaa_identity: contest_id=3969249 teams 2725/2725 matched, players 7100/7480 matched
2026-08-24 03:58:23,025 INFO ncaa_identity: contest_id=3969540 teams 1821/1821 matched, players 4480/4944 matched
2026-08-24 03:58:25,494 INFO ncaa_identity: contest_id=3969560 teams 2497/2497 matched, players 6728/6830 matched
2026-08-24 03:58:27,493 INFO ncaa_identity: contest_id=3969570 teams 3096/3096 matched, players 8019/8575 matched
2026-08-24 03:58:32,119 INFO ncaa_identity: contest_id=3969609 teams 2700/2700 matched, players 7349/7394 matched
2026-08-24 03:58:36,524 INFO ncaa_identity: contest_id=3969710 teams 2154/2154 matched, players 5380/5911 matched
2026-08-24 03:58:39,521 INFO ncaa_identity: contest_id=3969735 teams 2313/2313 matched, players 5983/6280 matched
2026-08-24 03:58:42,752 INFO ncaa_identity: contest_id=3969766 teams 2893/2893 matched, players 7424/7933 matched
2026-08-24 03:58:45,878 INFO ncaa_identity: contest_id=3969786 teams 2597/2597 matched, players 7018/7113 matched
2026-08-24 03:58:52,378 INFO ncaa_identity: contest_id=3969826 teams 2463/2463 matched, players 6493/6785 matched
2026-08-24 03:58:53,723 INFO ncaa_identity: contest_id=3969836 teams 2805/2805 matched, players 7655/7722 matched
2026-08-24 03:58:55,317 INFO ncaa_identity: contest_id=3969846 teams 2527/2527 matched, players 6921/6926 matched
2026-08-24 03:59:03,310 INFO ncaa_identity: contest_id=3969897 teams 2430/2430 matched, players 6591/6608 matched
2026-08-24 03:59:08,099 INFO ncaa_identity: contest_id=3969927 teams 2705/2705 matched, players 7252/7450 matched
2026-08-24 03:59:27,441 INFO ncaa_identity: contest_id=3995902 teams 2429/2429 matched, players 6300/6661 matched
2026-08-24 03:59:32,535 INFO ncaa_identity: contest_id=3996287 teams 1325/2683 matched, players 3654/7325 matched
2026-08-24 03:59:36,074 INFO ncaa_identity: contest_id=3996617 teams 2587/2587 matched, players 6938/7101 matched
2026-08-24 03:59:37,740 INFO ncaa_identity: contest_id=3996660 teams 1532/2940 matched, players 4095/8058 matched
2026-08-24 03:59:39,563 INFO ncaa_identity: contest_id=3996679 teams 2332/2332 matched, players 6386/6389 matched
2026-08-24 03:59:41,095 INFO ncaa_identity: contest_id=3996700 teams 2518/2518 matched, players 6701/6893 matched
2026-08-24 03:59:49,624 WARNING ncaa_parse: family=shots contest_id=4469239 team=Utah Valley SKIPPED (1 parse error(s)): No shot events found [<!DOCTYPE html> <html lang="en"> <head> <meta content="text/html; charset=utf-8" http-equiv="CONTENT-TYPE"/> <meta charset="utf-8"/> <meta...
2026-08-24 03:59:49,704 INFO ncaa_identity: contest_id=4469239 teams 2428/2428 matched, players 6327/6826 matched
2026-08-24 03:59:54,849 INFO ncaa_identity: contest_id=4470028 teams 3131/3131 matched, players 8033/8679 matched
2026-08-24 03:59:59,858 INFO ncaa_identity: contest_id=4472326 teams 1663/3274 matched, players 4501/9003 matched
2026-08-24 04:00:01,449 INFO ncaa_identity: contest_id=4489436 teams 1290/2532 matched, players 3486/6891 matched
2026-08-24 04:00:04,811 INFO ncaa_identity: contest_id=5250520 teams 2576/2576 matched, players 6997/7002 matched
2026-08-24 04:00:21,673 INFO ncaa_identity: contest_id=5251299 teams 1323/2673 matched, players 3633/7313 matched
2026-08-24 04:00:23,388 INFO ncaa_identity: contest_id=5251722 teams 2451/2451 matched, players 6045/6675 matched
2026-08-24 04:00:34,431 INFO ncaa_identity: contest_id=5252344 teams 2611/2611 matched, players 6778/7178 matched
2026-08-24 04:00:51,164 INFO ncaa_identity: contest_id=5252663 teams 2524/2524 matched, players 6924/6931 matched
2026-08-24 04:00:55,512 INFO ncaa_identity: contest_id=5254071 teams 2273/2273 matched, players 6046/6190 matched
2026-08-24 04:01:06,713 INFO ncaa_identity: contest_id=5254131 teams 2695/2695 matched, players 7246/7340 matched
2026-08-24 04:01:19,774 INFO ncaa_identity: contest_id=5722291 teams 3151/3151 matched, players 8286/8673 matched
2026-08-24 04:01:22,264 INFO ncaa_identity: contest_id=5722301 teams 1337/2707 matched, players 3408/7392 matched
2026-08-24 04:01:42,441 INFO ncaa_identity: contest_id=5722612 teams 1433/2889 matched, players 3913/7883 matched
2026-08-24 04:01:51,583 INFO ncaa_identity: contest_id=5722739 teams 3105/3105 matched, players 8178/8562 matched
2026-08-24 04:01:58,705 INFO ncaa_identity: contest_id=5722793 teams 2579/2579 matched, players 6468/7020 matched
2026-08-24 04:02:01,138 INFO ncaa_identity: contest_id=5722814 teams 2504/2504 matched, players 6145/6871 matched
2026-08-24 04:02:08,896 INFO ncaa_identity: contest_id=5722861 teams 2389/2389 matched, players 6422/6504 matched
2026-08-24 04:02:12,940 INFO ncaa_identity: contest_id=5722904 teams 2876/2876 matched, players 7450/7907 matched
2026-08-24 04:02:20,114 INFO ncaa_identity: contest_id=5722982 teams 2562/2562 matched, players 6647/6978 matched
2026-08-24 04:02:24,231 INFO ncaa_identity: contest_id=5723026 teams 2426/2426 matched, players 6491/6621 matched
2026-08-24 04:02:25,601 INFO ncaa_identity: contest_id=5723045 teams 2577/2577 matched, players 6897/7089 matched
2026-08-24 04:02:27,935 INFO ncaa_identity: contest_id=5723076 teams 2175/2175 matched, players 5782/5863 matched
2026-08-24 04:02:51,033 INFO ncaa_identity: contest_id=5723328 teams 2315/2315 matched, players 6250/6286 matched
2026-08-24 04:02:55,071 INFO ncaa_identity: contest_id=5723413 teams 2788/2788 matched, players 7500/7655 matched
2026-08-24 04:03:14,461 INFO ncaa_identity: contest_id=5723596 teams 1465/2753 matched, players 3878/7499 matched
2026-08-24 04:03:22,563 INFO ncaa_identity: contest_id=5723693 teams 2695/2695 matched, players 6734/7431 matched
2026-08-24 04:03:27,342 INFO ncaa_identity: contest_id=5723757 teams 3073/3073 matched, players 7845/8484 matched
2026-08-24 04:03:38,893 INFO ncaa_identity: contest_id=5723901 teams 2832/2832 matched, players 7758/7801 matched
2026-08-24 04:03:44,463 INFO ncaa_identity: contest_id=5723973 teams 1229/2380 matched, players 3306/6506 matched
2026-08-24 04:03:48,026 INFO ncaa_identity: contest_id=5724004 teams 1287/2506 matched, players 3420/6903 matched
2026-08-24 04:03:52,580 INFO ncaa_identity: contest_id=5724055 teams 2445/2445 matched, players 5225/6709 matched
2026-08-24 04:03:54,555 INFO ncaa_identity: contest_id=5724068 teams 2664/2664 matched, players 6212/7272 matched
2026-08-24 04:03:55,947 INFO ncaa_identity: contest_id=5725824 teams 2538/2538 matched, players 5307/6932 matched
2026-08-24 04:04:01,831 INFO ncaa_identity: contest_id=5725865 teams 1308/2563 matched, players 3508/6976 matched
2026-08-24 04:04:08,296 INFO ncaa_identity: contest_id=5725932 teams 2296/2296 matched, players 6290/6293 matched
2026-08-24 04:04:20,804 INFO ncaa_identity: contest_id=5728236 teams 3010/3010 matched, players 8015/8340 matched
2026-08-24 04:04:22,971 INFO ncaa_identity: contest_id=5728254 teams 2899/2899 matched, players 7743/7946 matched
2026-08-24 04:04:31,113 INFO ncaa_identity: contest_id=5728331 teams 2192/2192 matched, players 5968/5996 matched
2026-08-24 04:04:32,748 INFO ncaa_identity: contest_id=5728341 teams 2232/2232 matched, players 5989/6081 matched
2026-08-24 04:04:45,793 INFO ncaa_identity: contest_id=5728488 teams 1408/2854 matched, players 3899/7741 matched
2026-08-24 04:04:49,351 INFO ncaa_identity: contest_id=5728521 teams 2926/2926 matched, players 7670/8030 matched
2026-08-24 04:04:50,899 INFO ncaa_identity: contest_id=5728540 teams 1252/2464 matched, players 3397/6775 matched
2026-08-24 04:04:52,223 INFO ncaa_identity: contest_id=5728558 teams 2531/2531 matched, players 6637/6893 matched
2026-08-24 04:04:54,007 INFO ncaa_identity: contest_id=5728576 teams 2530/2530 matched, players 6416/6974 matched
2026-08-24 04:05:01,300 INFO ncaa_identity: contest_id=5728645 teams 1181/2302 matched, players 3191/6290 matched
2026-08-24 04:05:02,959 INFO ncaa_identity: contest_id=5728660 teams 2187/2187 matched, players 5415/5963 matched
2026-08-24 04:05:05,831 INFO ncaa_identity: contest_id=5728689 teams 2536/2536 matched, players 6636/7003 matched
2026-08-24 04:05:07,231 INFO ncaa_identity: contest_id=5728701 teams 2950/2950 matched, players 7668/8089 matched
2026-08-24 04:05:11,608 INFO ncaa_identity: contest_id=5728803 teams 1265/2474 matched, players 3426/6818 matched
2026-08-24 04:05:20,474 INFO ncaa_identity: contest_id=5729027 teams 2572/2572 matched, players 6866/6998 matched
2026-08-24 04:05:32,454 INFO ncaa_identity: contest_id=5729250 teams 3370/3370 matched, players 8761/9319 matched
2026-08-24 04:05:59,360 INFO ncaa_identity: contest_id=5729573 teams 2418/2418 matched, players 6622/6627 matched
2026-08-24 04:06:08,594 INFO ncaa_identity: contest_id=5729698 teams 1534/2986 matched, players 4080/8169 matched
2026-08-24 04:06:14,433 INFO ncaa_identity: contest_id=5729770 teams 2905/2905 matched, players 7389/7635 matched
2026-08-24 04:06:16,192 INFO ncaa_identity: contest_id=5729790 teams 1157/2282 matched, players 3160/6255 matched
2026-08-24 04:06:24,925 INFO 5 starters not found for period 3; using estimate
2026-08-24 04:06:29,946 INFO ncaa_identity: contest_id=5729929 teams 2597/2597 matched, players 7019/7090 matched
2026-08-24 04:06:42,360 INFO ncaa_identity: contest_id=5730024 teams 2838/2838 matched, players 7673/7808 matched
2026-08-24 04:06:50,508 INFO ncaa_identity: contest_id=5730137 teams 1390/2730 matched, players 3755/7499 matched
2026-08-24 04:06:58,111 INFO ncaa_identity: contest_id=5730225 teams 1305/2553 matched, players 3506/6959 matched
2026-08-24 04:07:01,478 INFO ncaa_identity: contest_id=5730277 teams 2989/2989 matched, players 8208/8216 matched
2026-08-24 04:07:02,979 INFO ncaa_identity: contest_id=5730318 teams 2357/2357 matched, players 6427/6439 matched
2026-08-24 04:07:28,887 INFO ncaa_identity: contest_id=5730636 teams 2428/2428 matched, players 6210/6649 matched
2026-08-24 04:07:35,485 INFO ncaa_identity: contest_id=5730698 teams 1257/2568 matched, players 3508/7064 matched
2026-08-24 04:07:37,005 INFO ncaa_identity: contest_id=5730722 teams 1425/2618 matched, players 3658/7165 matched
2026-08-24 04:07:48,429 INFO ncaa_identity: contest_id=5730889 teams 2816/2816 matched, players 7527/7696 matched
2026-08-24 04:07:49,977 INFO ncaa_identity: contest_id=5730899 teams 2600/2600 matched, players 6689/7111 matched
2026-08-24 04:07:51,754 INFO ncaa_identity: contest_id=5730909 teams 2596/2596 matched, players 6592/7149 matched
2026-08-24 04:07:58,157 INFO ncaa_identity: contest_id=5730954 teams 1471/2894 matched, players 3920/7936 matched
2026-08-24 04:08:01,208 INFO ncaa_identity: contest_id=5730975 teams 2439/2439 matched, players 6671/6672 matched
2026-08-24 04:08:02,632 INFO ncaa_identity: contest_id=5731017 teams 2716/2716 matched, players 7439/7443 matched
2026-08-24 04:08:04,238 INFO ncaa_identity: contest_id=5731028 teams 2988/2988 matched, players 8225/8265 matched
2026-08-24 04:08:09,348 INFO ncaa_identity: contest_id=5731118 teams 1476/2922 matched, players 4045/7981 matched
2026-08-24 04:08:31,446 INFO ncaa_identity: contest_id=5731368 teams 1339/2615 matched, players 3596/7128 matched
2026-08-24 04:08:34,982 INFO ncaa_identity: contest_id=5731395 teams 2946/2946 matched, players 8084/8090 matched
2026-08-24 04:08:36,958 INFO ncaa_identity: contest_id=5731432 teams 1968/1968 matched, players 5181/5355 matched
2026-08-24 04:08:38,454 INFO ncaa_identity: contest_id=5731442 teams 2192/2192 matched, players 5780/5964 matched
2026-08-24 04:08:41,767 INFO ncaa_identity: contest_id=5731562 teams 2834/2834 matched, players 7282/7838 matched
2026-08-24 04:08:45,493 INFO ncaa_identity: contest_id=5731618 teams 2557/2557 matched, players 7038/7047 matched
2026-08-24 04:08:56,831 INFO ncaa_identity: contest_id=5731834 teams 1334/2631 matched, players 3625/7236 matched
2026-08-24 04:09:04,575 INFO ncaa_identity: contest_id=5731934 teams 2448/2448 matched, players 6255/6743 matched
2026-08-24 04:09:18,357 INFO ncaa_identity: contest_id=5732148 teams 1357/2596 matched, players 3595/7100 matched
2026-08-24 04:09:21,755 INFO ncaa_identity: contest_id=5732183 teams 2625/2625 matched, players 6712/7226 matched
2026-08-24 04:09:43,009 INFO ncaa_identity: contest_id=5732440 teams 1171/2349 matched, players 3276/6443 matched
2026-08-24 04:09:44,250 INFO ncaa_identity: contest_id=5732453 teams 1185/2293 matched, players 3109/6289 matched
2026-08-24 04:09:49,226 INFO ncaa_identity: contest_id=5732492 teams 1278/2512 matched, players 3466/6856 matched
2026-08-24 04:09:59,102 INFO ncaa_identity: contest_id=5732566 teams 2588/2588 matched, players 6801/6802 matched
2026-08-24 04:10:01,984 INFO ncaa_identity: contest_id=5732589 teams 3005/3005 matched, players 7595/8299 matched
2026-08-24 04:10:03,332 INFO ncaa_identity: contest_id=5732599 teams 2393/2393 matched, players 6021/6531 matched
2026-08-24 04:10:05,065 INFO ncaa_identity: contest_id=5732609 teams 1499/2932 matched, players 3998/7914 matched
2026-08-24 04:10:12,552 INFO ncaa_identity: contest_id=5732669 teams 2844/2844 matched, players 7054/7772 matched
2026-08-24 04:10:22,351 INFO ncaa_identity: contest_id=5732750 teams 2516/2516 matched, players 6412/6913 matched
2026-08-24 04:10:25,389 INFO ncaa_identity: contest_id=5732773 teams 1426/2698 matched, players 3714/7365 matched
2026-08-24 04:10:40,788 INFO ncaa_identity: contest_id=5732917 teams 1361/2569 matched, players 3517/7027 matched
2026-08-24 04:10:49,213 INFO ncaa_identity: contest_id=5732986 teams 1554/3019 matched, players 4215/8277 matched
2026-08-24 04:10:50,778 INFO ncaa_identity: contest_id=5732997 teams 1254/2577 matched, players 3525/7078 matched
2026-08-24 04:10:59,409 INFO ncaa_identity: contest_id=5733059 teams 1502/2961 matched, players 4055/8113 matched
2026-08-24 04:11:25,338 INFO ncaa_identity: contest_id=5733266 teams 1538/3142 matched, players 4235/8640 matched
2026-08-24 04:11:29,962 INFO ncaa_identity: contest_id=5733305 teams 1261/2503 matched, players 3381/6775 matched
2026-08-24 04:11:35,816 INFO ncaa_identity: contest_id=5733578 teams 2273/2273 matched, players 5885/6232 matched
2026-08-24 04:11:37,260 INFO ncaa_identity: contest_id=5733597 teams 2731/2731 matched, players 6973/7509 matched
2026-08-24 04:11:48,156 INFO ncaa_identity: contest_id=5733859 teams 1899/3672 matched, players 5114/10097 matched
2026-08-24 04:11:55,330 INFO ncaa_identity: contest_id=5733929 teams 1336/2571 matched, players 3580/7051 matched
2026-08-24 04:12:01,041 INFO ncaa_identity: contest_id=5734042 teams 1420/2881 matched, players 3957/7898 matched
2026-08-24 04:12:08,559 INFO ncaa_identity: contest_id=5734122 teams 1433/2841 matched, players 4037/7799 matched
2026-08-24 04:12:20,081 INFO ncaa_identity: contest_id=5734363 teams 2417/2417 matched, players 6373/6579 matched
2026-08-24 04:12:36,574 INFO ncaa_identity: contest_id=5734612 teams 1117/2369 matched, players 3244/6509 matched
2026-08-24 04:12:38,274 INFO ncaa_identity: contest_id=5734625 teams 1263/2649 matched, players 3625/7321 matched
2026-08-24 04:12:40,269 INFO ncaa_identity: contest_id=5734638 teams 3353/3353 matched, players 8644/9253 matched
2026-08-24 04:12:45,530 INFO ncaa_identity: contest_id=5734676 teams 2391/2391 matched, players 6172/6512 matched
2026-08-24 04:12:48,927 INFO ncaa_identity: contest_id=5734745 teams 1369/2747 matched, players 3771/7468 matched
2026-08-24 04:12:56,548 INFO ncaa_identity: contest_id=5734838 teams 1662/3183 matched, players 4418/8674 matched
2026-08-24 04:12:59,622 INFO ncaa_identity: contest_id=5734872 teams 1275/2604 matched, players 3623/7119 matched
2026-08-24 04:13:05,958 INFO ncaa_identity: contest_id=5735075 teams 1395/2850 matched, players 3709/7790 matched
2026-08-24 04:13:07,383 INFO ncaa_identity: contest_id=5735089 teams 1441/2757 matched, players 3899/7584 matched
2026-08-24 04:13:09,124 INFO ncaa_identity: contest_id=5735099 teams 2788/2788 matched, players 7663/7664 matched
2026-08-24 04:13:25,903 INFO ncaa_identity: contest_id=5735334 teams 2039/2039 matched, players 5127/5520 matched
2026-08-24 04:13:28,970 INFO ncaa_identity: contest_id=5735368 teams 2441/2441 matched, players 6259/6681 matched
2026-08-24 04:13:39,222 INFO ncaa_identity: contest_id=5735476 teams 2571/2571 matched, players 7049/7067 matched
2026-08-24 04:13:42,177 INFO ncaa_identity: contest_id=5735510 teams 1420/2866 matched, players 3915/7900 matched
2026-08-24 04:13:46,301 INFO ncaa_identity: contest_id=5735543 teams 1335/2632 matched, players 3179/7184 matched
2026-08-24 04:13:49,676 INFO ncaa_identity: contest_id=5735570 teams 2954/2954 matched, players 7587/8138 matched
2026-08-24 04:13:51,587 INFO ncaa_identity: contest_id=5735592 teams 2591/2591 matched, players 7096/7119 matched
2026-08-24 04:13:53,468 INFO ncaa_identity: contest_id=5735655 teams 1564/2930 matched, players 4120/8019 matched
2026-08-24 04:13:56,726 INFO ncaa_identity: contest_id=5735727 teams 3114/3114 matched, players 8594/8607 matched
2026-08-24 04:14:26,466 INFO ncaa_identity: contest_id=5736309 teams 1161/2200 matched, players 3041/5969 matched
2026-08-24 04:14:27,738 INFO ncaa_identity: contest_id=5736408 teams 2436/2436 matched, players 6399/6721 matched
2026-08-24 04:14:32,110 INFO ncaa_identity: contest_id=5736575 teams 1453/2829 matched, players 3922/7750 matched
2026-08-24 04:14:33,793 INFO ncaa_identity: contest_id=5736610 teams 2997/2997 matched, players 8183/8206 matched
2026-08-24 04:14:35,117 INFO ncaa_identity: contest_id=5736736 teams 2588/2588 matched, players 6567/7109 matched
2026-08-24 04:14:42,345 INFO ncaa_identity: contest_id=5736877 teams 1420/2824 matched, players 3865/7681 matched
2026-08-24 04:14:45,354 INFO ncaa_identity: contest_id=5736906 teams 2121/2121 matched, players 5287/5787 matched
2026-08-24 04:14:48,545 INFO ncaa_identity: contest_id=5736984 teams 2430/2430 matched, players 6115/6605 matched
2026-08-24 04:14:49,956 INFO ncaa_identity: contest_id=5737001 teams 2515/2515 matched, players 6347/6879 matched
2026-08-24 04:14:51,527 INFO ncaa_identity: contest_id=5737029 teams 2576/2576 matched, players 6470/7052 matched
2026-08-24 04:14:53,100 INFO ncaa_identity: contest_id=5737045 teams 2733/2733 matched, players 6968/7472 matched
2026-08-24 04:14:54,842 INFO ncaa_identity: contest_id=5737065 teams 1340/2610 matched, players 3622/7160 matched
2026-08-24 04:14:57,824 INFO ncaa_identity: contest_id=5737359 teams 2763/2763 matched, players 7353/7581 matched
2026-08-24 04:14:59,292 INFO ncaa_identity: contest_id=5737380 teams 1115/2309 matched, players 2853/6272 matched
2026-08-24 04:15:02,103 INFO ncaa_identity: contest_id=5737401 teams 2622/2622 matched, players 6774/7222 matched
2026-08-24 04:15:03,624 INFO ncaa_identity: contest_id=5737413 teams 2351/2351 matched, players 6044/6406 matched
2026-08-24 04:15:05,000 INFO ncaa_identity: contest_id=5737437 teams 1366/2758 matched, players 3764/7572 matched
2026-08-24 04:15:17,086 INFO ncaa_identity: contest_id=5737617 teams 2493/2493 matched, players 6789/6825 matched
2026-08-24 04:15:20,152 INFO 5 starters not found for period 4; using estimate
2026-08-24 04:15:23,735 INFO ncaa_identity: contest_id=5737801 teams 3448/3448 matched, players 9400/9584 matched
2026-08-24 04:15:26,436 INFO ncaa_identity: contest_id=5737836 teams 1270/2442 matched, players 3450/6650 matched
2026-08-24 04:15:29,123 INFO ncaa_identity: contest_id=5737881 teams 2678/2678 matched, players 7268/7333 matched
2026-08-24 04:15:35,953 INFO ncaa_identity: contest_id=5738007 teams 2704/2704 matched, players 7476/7477 matched
2026-08-24 04:15:37,494 INFO ncaa_identity: contest_id=5738020 teams 1300/2517 matched, players 3447/6846 matched
2026-08-24 04:15:38,817 INFO ncaa_identity: contest_id=5738032 teams 1389/2753 matched, players 3764/7513 matched
2026-08-24 04:15:41,687 INFO ncaa_identity: contest_id=5738069 teams 1375/2646 matched, players 3632/7230 matched
2026-08-24 04:15:43,325 INFO ncaa_identity: contest_id=5738104 teams 1391/2685 matched, players 3674/7308 matched
2026-08-24 04:15:46,156 INFO ncaa_identity: contest_id=5738127 teams 1392/2699 matched, players 3693/7325 matched
2026-08-24 04:16:01,369 INFO ncaa_identity: contest_id=5738257 teams 2488/2488 matched, players 6633/6834 matched
2026-08-24 04:16:02,971 INFO ncaa_identity: contest_id=5738269 teams 2725/2725 matched, players 7513/7525 matched
2026-08-24 04:16:07,061 INFO ncaa_identity: contest_id=5738662 teams 1584/3003 matched, players 4041/8336 matched
2026-08-24 04:16:09,775 INFO ncaa_identity: contest_id=5740569 teams 2971/2971 matched, players 7829/8095 matched
2026-08-24 04:16:11,221 INFO ncaa_identity: contest_id=5740583 teams 2425/2425 matched, players 6390/6616 matched
2026-08-24 04:16:15,552 INFO ncaa_identity: contest_id=5740647 teams 2664/2664 matched, players 6982/7353 matched
2026-08-24 04:16:17,191 INFO ncaa_identity: contest_id=5740659 teams 2860/2860 matched, players 7392/7850 matched
2026-08-24 04:16:18,416 INFO ncaa_identity: contest_id=5740669 teams 2679/2679 matched, players 7163/7370 matched
2026-08-24 04:16:21,352 INFO ncaa_identity: contest_id=5740689 teams 1446/2891 matched, players 3976/7915 matched
2026-08-24 04:16:25,838 INFO ncaa_identity: contest_id=5740724 teams 1312/2565 matched, players 3165/7005 matched
2026-08-24 04:16:27,298 INFO ncaa_identity: contest_id=5740734 teams 1261/2497 matched, players 3389/6809 matched
2026-08-24 04:16:29,195 INFO ncaa_identity: contest_id=5740744 teams 3065/3065 matched, players 8102/8434 matched
2026-08-24 04:16:30,666 INFO ncaa_identity: contest_id=5740756 teams 3167/3167 matched, players 8723/8778 matched
2026-08-24 04:16:42,413 INFO ncaa_identity: contest_id=5804675 teams 2470/2470 matched, players 6707/6770 matched
2026-08-24 04:16:43,922 WARNING ncaa_parse: family=shots contest_id=5809546 team=McNeese SKIPPED (1 parse error(s)): No shot events found [<!DOCTYPE html> <html lang="en"> <head> <meta content="text/html; charset=utf-8" http-equiv="CONTENT-TYPE"/> <meta charset="utf-8"/> <meta...
2026-08-24 04:16:50,012 INFO ncaa_identity: contest_id=5810022 teams 2717/2717 matched, players 7125/7470 matched
2026-08-24 04:16:53,792 INFO ncaa_identity: contest_id=5810326 teams 2398/2398 matched, players 6080/6575 matched
2026-08-24 04:16:54,947 INFO ncaa_identity: contest_id=5810365 teams 2409/2409 matched, players 6304/6644 matched
2026-08-24 04:17:02,099 INFO ncaa_identity: contest_id=5833871 teams 1332/2757 matched, players 3752/7530 matched
2026-08-24 04:17:03,489 INFO ncaa_identity: contest_id=5833993 teams 2543/2543 matched, players 6532/7028 matched
2026-08-24 04:17:04,846 INFO ncaa_identity: contest_id=5835039 teams 0/2616 matched, players 0/7141 matched
2026-08-24 04:17:23,115 INFO ncaa_identity: contest_id=6363478 teams 2509/2509 matched, players 6821/6842 matched
2026-08-24 04:17:32,921 INFO ncaa_identity: contest_id=6363683 teams 2395/2395 matched, players 6269/6533 matched
2026-08-24 04:17:37,152 INFO ncaa_identity: contest_id=6363897 teams 2368/2368 matched, players 5969/6528 matched
2026-08-24 04:17:39,678 INFO ncaa_identity: contest_id=6364102 teams 2252/2252 matched, players 5704/6172 matched
2026-08-24 04:17:49,804 INFO ncaa_identity: contest_id=6365179 teams 1192/2347 matched, players 3204/6409 matched
2026-08-24 04:17:52,623 INFO ncaa_identity: contest_id=6366667 teams 2693/2693 matched, players 6938/7389 matched
2026-08-24 04:18:10,448 INFO ncaa_identity: contest_id=6403312 teams 1355/2552 matched, players 3502/6957 matched
2026-08-24 04:18:16,355 INFO ncaa_identity: contest_id=6406426 teams 2647/2647 matched, players 7268/7269 matched
2026-08-24 04:18:23,319 INFO ncaa_identity: contest_id=6408828 teams 2630/2630 matched, players 7025/7244 matched
2026-08-24 04:18:52,040 INFO ncaa_identity: contest_id=6426218 teams 1743/3433 matched, players 4771/9496 matched
2026-08-24 04:18:58,758 INFO ncaa_identity: contest_id=6426779 teams 1491/2946 matched, players 4020/8029 matched
2026-08-24 04:19:02,461 INFO ncaa_identity: contest_id=6427671 teams 3032/3032 matched, players 7955/8347 matched
2026-08-24 04:19:32,385 INFO ncaa_identity: contest_id=6438254 teams 1384/2760 matched, players 3737/7493 matched
2026-08-24 04:19:37,113 INFO ncaa_identity: contest_id=6439034 teams 2714/2714 matched, players 7236/7402 matched
2026-08-24 04:19:48,295 INFO ncaa_identity: contest_id=6439250 teams 1138/2214 matched, players 2996/6003 matched
2026-08-24 04:19:58,617 INFO ncaa_identity: contest_id=6439920 teams 1348/2656 matched, players 3685/7268 matched
2026-08-24 04:20:02,825 INFO ncaa_identity: contest_id=6440497 teams 1263/2447 matched, players 3329/6671 matched
2026-08-24 04:20:21,658 INFO ncaa_identity: contest_id=6455353 teams 1381/2696 matched, players 3768/7391 matched
2026-08-24 04:20:43,789 INFO ncaa_identity: contest_id=6456598 teams 1306/2656 matched, players 3637/7241 matched
2026-08-24 04:20:48,802 INFO ncaa_identity: contest_id=6456808 teams 1458/2836 matched, players 3928/7772 matched
2026-08-24 04:21:16,289 INFO ncaa_identity: contest_id=6457563 teams 1276/2476 matched, players 3374/6711 matched
2026-08-24 04:21:19,761 INFO ncaa_identity: contest_id=6457595 teams 2859/2859 matched, players 7411/7821 matched
2026-08-24 04:21:21,631 INFO ncaa_identity: contest_id=6457605 teams 2993/2993 matched, players 8241/8253 matched
2026-08-24 04:21:44,264 INFO ncaa_identity: contest_id=6458698 teams 2889/2889 matched, players 7901/7955 matched
2026-08-24 04:21:56,476 INFO ncaa_identity: contest_id=6458890 teams 1513/2927 matched, players 4035/7973 matched
2026-08-24 04:22:02,436 INFO ncaa_identity: contest_id=6459035 teams 2902/2902 matched, players 7479/7998 matched
2026-08-24 04:22:07,339 INFO ncaa_identity: contest_id=6459168 teams 1435/2817 matched, players 3865/7761 matched
2026-08-24 04:22:47,561 INFO ncaa_identity: contest_id=6460222 teams 1147/2276 matched, players 3111/6216 matched
2026-08-24 04:23:08,368 INFO ncaa_identity: contest_id=6460869 teams 2216/2216 matched, players 5934/5935 matched
2026-08-24 04:23:27,881 INFO ncaa_identity: contest_id=6461476 teams 1270/2457 matched, players 3283/6632 matched
2026-08-24 04:23:34,869 INFO ncaa_identity: contest_id=6461684 teams 1279/2524 matched, players 3474/6868 matched
2026-08-24 04:23:43,023 INFO ncaa_identity: contest_id=6461899 teams 1563/3055 matched, players 4248/8396 matched
2026-08-24 04:23:46,281 INFO ncaa_identity: contest_id=6462113 teams 1396/2672 matched, players 3748/7328 matched
2026-08-24 04:24:13,631 INFO ncaa_identity: contest_id=6463228 teams 1642/3117 matched, players 4354/8549 matched
2026-08-24 04:24:17,044 INFO ncaa_identity: contest_id=6463270 teams 1464/2879 matched, players 3912/7884 matched
2026-08-24 04:25:25,060 INFO ncaa_identity: contest_id=6465647 teams 1262/2448 matched, players 3366/6711 matched
2026-08-24 04:25:26,974 INFO ncaa_identity: contest_id=6465668 teams 2963/2963 matched, players 7931/8201 matched
2026-08-24 04:25:28,623 INFO ncaa_identity: contest_id=6465707 teams 2998/2998 matched, players 8109/8243 matched
2026-08-24 04:25:34,136 INFO ncaa_identity: contest_id=6465862 teams 1302/2511 matched, players 3461/6847 matched
2026-08-24 04:25:42,394 INFO ncaa_identity: contest_id=6466127 teams 1293/2525 matched, players 3479/6930 matched
2026-08-24 04:25:56,842 INFO ncaa_identity: contest_id=6466577 teams 1393/2760 matched, players 3815/7589 matched
2026-08-24 04:26:23,812 INFO 5 starters not found for period 4; using estimate
2026-08-24 04:26:37,803 WARNING ncaa_parse: family=lineups contest_id=6468169 team=Virginia-Lynchburg produced NO good stints (24 bad, roster=11) -- parsed successfully but contributed nothing
2026-08-24 04:26:38,226 INFO ncaa_identity: contest_id=6468169 teams 1653/3277 matched, players 4627/8945 matched
2026-08-24 04:26:50,944 INFO ncaa_identity: contest_id=6468423 teams 1423/2727 matched, players 3762/7428 matched
2026-08-24 04:26:59,611 INFO ncaa_identity: contest_id=6469110 teams 1260/2423 matched, players 3283/6558 matched
2026-08-24 04:27:50,811 INFO ncaa_identity: contest_id=6470389 teams 2428/2428 matched, players 6637/6656 matched
2026-08-24 04:27:52,880 INFO 5 starters not found for period 4; using estimate
2026-08-24 04:28:05,850 INFO ncaa_identity: contest_id=6470737 teams 1347/2633 matched, players 3655/7182 matched
2026-08-24 04:29:19,422 INFO ncaa_identity: contest_id=6474544 teams 1486/2914 matched, players 3958/7982 matched
2026-08-24 04:29:32,072 INFO ncaa_identity: contest_id=6474860 teams 1373/2634 matched, players 3612/7212 matched
2026-08-24 04:29:36,882 INFO ncaa_identity: contest_id=6475034 teams 1412/2752 matched, players 3797/7513 matched
2026-08-24 04:29:58,434 INFO ncaa_identity: contest_id=6476395 teams 2728/2728 matched, players 7503/7504 matched
2026-08-24 04:30:21,019 INFO ncaa_identity: contest_id=6477337 teams 2740/2740 matched, players 6813/7559 matched
2026-08-24 04:30:37,287 INFO ncaa_identity: contest_id=6477833 teams 2475/2475 matched, players 6796/6816 matched
2026-08-24 04:30:53,759 INFO ncaa_identity: contest_id=6478323 teams 1559/3101 matched, players 4245/8550 matched
2026-08-24 04:30:58,753 INFO ncaa_identity: contest_id=6478426 teams 1483/2826 matched, players 3934/7711 matched
2026-08-24 04:31:10,352 INFO ncaa_identity: contest_id=6478632 teams 1555/3123 matched, players 4271/8612 matched
2026-08-24 04:31:18,005 WARNING ncaa_parse: family=lineups contest_id=6479113 team=Biblical Stud. (TX) produced NO good stints (19 bad, roster=12) -- parsed successfully but contributed nothing
2026-08-24 04:31:18,587 INFO ncaa_identity: contest_id=6479113 teams 1400/2718 matched, players 3865/7416 matched
2026-08-24 04:31:41,633 INFO ncaa_identity: contest_id=6479664 teams 1614/3140 matched, players 4346/8642 matched
2026-08-24 04:31:43,317 INFO ncaa_identity: contest_id=6479712 teams 2944/2944 matched, players 7692/8087 matched
2026-08-24 04:32:05,855 INFO ncaa_identity: contest_id=6480280 teams 1283/2473 matched, players 3422/6772 matched
2026-08-24 04:32:20,154 INFO ncaa_identity: contest_id=6480678 teams 2652/2652 matched, players 7145/7256 matched
2026-08-24 04:32:36,177 INFO ncaa_identity: contest_id=6481087 teams 1537/3004 matched, players 4114/8187 matched
2026-08-24 04:32:42,738 INFO ncaa_identity: contest_id=6481504 teams 2611/2611 matched, players 7159/7160 matched
2026-08-24 04:32:53,452 INFO ncaa_identity: contest_id=6481772 teams 2368/2368 matched, players 6497/6503 matched
2026-08-24 04:32:54,989 INFO ncaa_identity: contest_id=6481883 teams 1288/2567 matched, players 3172/7021 matched
2026-08-24 04:33:02,512 INFO ncaa_identity: contest_id=6482237 teams 1383/2758 matched, players 3722/7522 matched
2026-08-24 04:33:04,390 INFO ncaa_identity: contest_id=6482254 teams 1488/2869 matched, players 4101/7874 matched
2026-08-24 04:33:06,248 INFO ncaa_identity: contest_id=6482273 teams 1488/2882 matched, players 4034/7958 matched
2026-08-24 04:33:18,552 INFO ncaa_identity: contest_id=6483509 teams 1194/2352 matched, players 3194/6409 matched
2026-08-24 04:33:20,304 INFO ncaa_identity: contest_id=6483620 teams 1320/2542 matched, players 3545/6944 matched
2026-08-24 04:33:32,138 INFO ncaa_identity: contest_id=6484427 teams 1512/3001 matched, players 3841/8283 matched
2026-08-24 04:33:37,799 INFO ncaa_identity: contest_id=6484641 teams 1480/2914 matched, players 4077/7983 matched
2026-08-24 04:33:39,987 INFO ncaa_identity: contest_id=6484729 teams 1570/3114 matched, players 4313/8503 matched
2026-08-24 04:33:54,397 INFO ncaa_identity: contest_id=6485615 teams 1462/2820 matched, players 3906/7738 matched
2026-08-24 04:33:56,027 INFO ncaa_identity: contest_id=6486099 teams 1194/2341 matched, players 3207/6327 matched
2026-08-24 04:34:01,255 INFO ncaa_identity: contest_id=6486971 teams 1235/2477 matched, players 3346/6770 matched
2026-08-24 04:34:02,951 WARNING ncaa_parse: family=lineups contest_id=6487483 team=Toccoa Falls produced NO good stints (17 bad, roster=12) -- parsed successfully but contributed nothing
2026-08-24 04:34:03,557 INFO ncaa_identity: contest_id=6487483 teams 1678/3269 matched, players 4675/8943 matched
2026-08-24 04:34:19,691 INFO ncaa_identity: contest_id=6490720 teams 2681/2681 matched, players 7316/7389 matched
2026-08-24 04:34:26,556 INFO ncaa_identity: contest_id=6510062 teams 1599/3207 matched, players 4412/8731 matched
2026-08-24 04:34:40,518 INFO ncaa_identity: contest_id=6545743 teams 1402/2873 matched, players 3960/7861 matched
2026-08-24 04:35:06,736 INFO 5 starters not found for period 3; using estimate
2026-08-24 04:35:28,027 INFO ncaa_identity: contest_id=6564850 teams 2590/2590 matched, players 7152/7156 matched
parsed=9993 failed=0
