seasons=2010 bundles=5712 pending=5712 force=True shard=0/6 assigned=952
2026-08-19 19:03:48,741 INFO ncaa_identity: contest_id=1107642 teams 2016/2016 matched, players 241/729 matched
2026-08-19 19:03:49,414 INFO ncaa_identity: contest_id=1107652 teams 1088/2272 matched, players 153/943 matched222026-08-19 19:03:49,962 INFO ncaa_identity: contest_id=1107657 teams 2141/2141 matched, players 344/856 match20202026-08-19 19:03:50,533 INFO ncaa_identity: contest_id=1107663 teams 2231/2231 matched, players 312/849 matched2026-08-19 19:03:51,345 INFO ncaa_identity: contest_id=1107668 teams 2390/2390 matched, players 497/1061 matched22026-08-19 19:03:51,988 INFO ncaa_identity: contest_id=1107674 teams 2104/2104 matched, players 334/837 matched22026-08-19 19:03:52,777 INFO ncaa_identity: contest_id=1107680 teams 2358/2358 matched, players 271/844 matched22026-08-19 19:03:53,448 INFO ncaa_identity: contest_id=1107686 teams 2350/2350 matched, players 302/868 matched22026-08-19 19:03:53,955 INFO ncaa_identity: contest_id=1107692 teams 2138/2138 matched, players 366/877 matched
2026-08-19 19:03:54,602 INFO ncaa_identity: contest_id=1107698 teams 1229/2270 matched, players 47/652 matched
2026-08-19 19:03:55,094 INFO ncaa_identity: contest_id=1107704 teams 1820/1820 matched, players 128/547 matched
2026-08-19 19:03:55,648 INFO ncaa_identity: contest_id=1107710 teams 2184/2184 matched, players 279/805 matched
2026-08-19 19:03:56,241 INFO ncaa_identity: contest_id=1107716 teams 2146/2146 matched, players 392/902 matched
2026-08-19 19:03:56,702 INFO ncaa_identity: contest_id=1107722 teams 1910/1910 matched, players 288/745 matched
2026-08-19 19:03:57,231 INFO ncaa_identity: contest_id=1107728 teams 2107/2107 matched, players 346/850 matched
2026-08-19 19:03:57,884 INFO ncaa_identity: contest_id=1107734 teams 2441/2441 matched, players 328/915 matched
2026-08-19 19:03:58,392 INFO ncaa_identity: contest_id=1107740 teams 2224/2224 matched, players 287/824 matched
2026-08-19 19:03:59,001 INFO ncaa_identity: contest_id=1107746 teams 1273/2481 matched, players 3575/6992 matched
2026-08-19 19:03:59,584 INFO ncaa_identity: contest_id=1107752 teams 2291/2291 matched, players 261/816 matched
2026-08-19 19:04:00,059 INFO ncaa_identity: contest_id=1107759 teams 840/1791 matched, players 52/649 matched
2026-08-19 19:04:00,638 INFO ncaa_identity: contest_id=1107765 teams 1901/1901 matched, players 75/544 matched
2026-08-19 19:04:01,190 INFO ncaa_identity: contest_id=1107771 teams 2358/2358 matched, players 279/849 matched
2026-08-19 19:04:01,782 INFO ncaa_identity: contest_id=1107777 teams 1128/2229 matched, players 199/843 matched
2026-08-19 19:04:02,394 INFO ncaa_identity: contest_id=1107784 teams 2148/2148 matched, players 422/930 matched
2026-08-19 19:04:02,977 INFO ncaa_identity: contest_id=1107790 teams 2436/2436 matched, players 351/937 matched
2026-08-19 19:04:03,612 INFO ncaa_identity: contest_id=1107796 teams 764/1651 matched, players 29/542 matched
2026-08-19 19:04:04,255 INFO ncaa_identity: contest_id=1107802 teams 2125/2125 matched, players 187/705 matched
2026-08-19 19:04:04,889 INFO ncaa_identity: contest_id=1107808 teams 2141/2141 matched, players 267/778 matched
2026-08-19 19:04:05,605 INFO ncaa_identity: contest_id=1107814 teams 1498/2375 matched, players 252/948 matched
2026-08-19 19:04:06,031 INFO ncaa_identity: contest_id=1107820 teams 840/1778 matched, players 116/630 matched
2026-08-19 19:04:06,590 INFO ncaa_identity: contest_id=1107826 teams 1133/2216 matched, players 219/812 matched
2026-08-19 19:04:07,178 INFO ncaa_identity: contest_id=1107832 teams 962/1792 matched, players 119/579 matched
2026-08-19 19:04:07,688 INFO ncaa_identity: contest_id=1107838 teams 1071/2109 matched, players 108/736 matched
2026-08-19 19:04:08,128 INFO ncaa_identity: contest_id=1107844 teams 1806/1806 matched, players 312/741 matched
2026-08-19 19:04:08,760 INFO ncaa_identity: contest_id=1107866 teams 2306/2306 matched, players 398/948 matched
2026-08-19 19:04:09,298 INFO ncaa_identity: contest_id=1107902 teams 2118/2118 matched, players 178/695 matched
2026-08-19 19:04:09,885 INFO ncaa_identity: contest_id=1107934 teams 1942/1942 matched, players 301/766 matched
2026-08-19 19:04:10,516 INFO ncaa_identity: contest_id=1107947 teams 2375/2375 matched, players 501/1062 matched
2026-08-19 19:04:10,987 INFO ncaa_identity: contest_id=1107965 teams 1718/1718 matched, players 169/586 matched
2026-08-19 19:04:11,664 INFO ncaa_identity: contest_id=1107971 teams 2473/2473 matched, players 292/891 matched
2026-08-19 19:04:12,183 INFO ncaa_identity: contest_id=1107977 teams 2358/2358 matched, players 404/966 matched
2026-08-19 19:04:12,804 INFO ncaa_identity: contest_id=1108009 teams 2148/2148 matched, players 312/828 matched
2026-08-19 19:04:13,288 INFO ncaa_identity: contest_id=1108018 teams 1956/1956 matched, players 322/766 matched
2026-08-19 19:04:13,877 INFO ncaa_identity: contest_id=1108034 teams 1289/2614 matched, players 3666/7438 matched
2026-08-19 19:04:14,520 INFO ncaa_identity: contest_id=1108046 teams 1069/1922 matched, players 23/697 matched
2026-08-19 19:04:15,180 INFO ncaa_identity: contest_id=1108054 teams 2347/2347 matched, players 294/861 matched
2026-08-19 19:04:15,800 INFO ncaa_identity: contest_id=1108061 teams 2122/2122 matched, players 244/758 matched
2026-08-19 19:04:16,346 INFO ncaa_identity: contest_id=1108072 teams 1311/2071 matched, players 82/732 matched
2026-08-19 19:04:16,921 INFO ncaa_identity: contest_id=1108093 teams 2007/2007 matched, players 284/769 matched
2026-08-19 19:04:17,475 INFO ncaa_identity: contest_id=1108105 teams 1914/1914 matched, players 309/766 matched
2026-08-19 19:04:17,946 INFO ncaa_identity: contest_id=1108148 teams 1941/1941 matched, players 346/807 matched
2026-08-19 19:04:18,541 INFO ncaa_identity: contest_id=1108162 teams 2147/2147 matched, players 278/797 matched
2026-08-19 19:04:19,216 INFO ncaa_identity: contest_id=1108168 teams 2246/2246 matched, players 333/872 matched
2026-08-19 19:04:19,719 INFO ncaa_identity: contest_id=1108175 teams 1835/1835 matched, players 309/747 matched
2026-08-19 19:04:20,242 INFO ncaa_identity: contest_id=1108187 teams 1730/1730 matched, players 340/749 matched
2026-08-19 19:04:20,829 INFO ncaa_identity: contest_id=1108200 teams 1946/1946 matched, players 212/684 matched
2026-08-19 19:04:21,526 INFO ncaa_identity: contest_id=1108223 teams 2612/2612 matched, players 497/1118 matched
2026-08-19 19:04:22,187 INFO ncaa_identity: contest_id=1108229 teams 2161/2161 matched, players 363/878 matched
2026-08-19 19:04:22,768 INFO ncaa_identity: contest_id=1108235 teams 1033/2073 matched, players 142/812 matched
2026-08-19 19:04:23,308 INFO ncaa_identity: contest_id=1108244 teams 2210/2210 matched, players 328/819 matched
2026-08-19 19:04:23,941 INFO ncaa_identity: contest_id=1108279 teams 2239/2239 matched, players 303/842 matched
2026-08-19 19:04:24,411 INFO ncaa_identity: contest_id=1108292 teams 1714/1714 matched, players 164/581 matched
2026-08-19 19:04:24,931 INFO ncaa_identity: contest_id=1108325 teams 2083/2083 matched, players 473/961 matched
2026-08-19 19:04:25,430 INFO ncaa_identity: contest_id=1108331 teams 1362/1362 matched, players 20/358 matched
2026-08-19 19:04:25,482 INFO 5 starters not found for period 1; using estimate
2026-08-19 19:04:25,483 INFO 5 starte2026-082026-08-19 19:04:26,058 INFO ncaa_identity: contest_id=1108375 teams 2356/2356 matched, players 405/968 mat2026-02026-08-19 19:04:26,641 INFO ncaa_identity: contest_id=1108382 teams 2020/2020 matched, players 322/807 match2026-08-19 19:04:27,375 INFO ncaa_identity: contest_id=1108390 teams 1336/2428 matched, players 200/959 matched
2026-08-19 19:04:27,896 INFO ncaa_identity: contest_id=1108407 teams 1334/2601 matched, players 3778/7397 matched
2026-08-19 19:04:28,473 INFO ncaa_identity: contest_id=1108424 teams 1265/2213 matched, players 170/802 matched
2026-08-19 19:04:29,094 INFO ncaa_identity: contest_id=1108437 teams 1954/1954 matched, players 116/596 matched
2026-08-19 19:04:29,612 INFO ncaa_identity: contest_id=1108464 teams 1172/2337 matched, players 2677/6578 matched22026-08-19 19:04:30,145 INFO ncaa_identity: contest_id=1108478 teams 1774/1774 matched, players 192/595 matched
2026-08-19 19:04:30,793 INFO ncaa_identity: contest_id=1108489 teams 2448/2448 matched, players 407/991 matched
2026-08-19 19:04:31,357 INFO ncaa_identity: contest_id=1108496 teams 1083/2181 matched, players 293/905 matched
2026-08-19 19:04:32,047 INFO ncaa_identity: contest_id=1108503 teams 2281/2281 matched, players 340/887 matched
2026-08-19 19:04:32,527 INFO ncaa_identity: contest_id=1108524 teams 1944/1944 matched, players 265/734 matched
2026-08-19 19:04:33,068 INFO ncaa_identity: contest_id=1108533 teams 2494/2494 matched, players 523/1110 matched
2026-08-19 19:04:33,763 INFO ncaa_identity: contest_id=1108552 teams 2333/2333 matched, players 265/830 matched
2026-08-19 19:04:34,307 INFO ncaa_identity: contest_id=1108579 teams 2068/2068 matched, players 369/861 matched
2026-08-19 19:04:34,871 INFO ncaa_identity: contest_id=1108602 teams 2028/2028 matched, players 347/831 matched
2026-08-19 19:04:35,550 INFO ncaa_identity: contest_id=1108627 teams 1254/2479 matched, players 3470/7019 matched
2026-08-19 19:04:36,040 INFO ncaa_identity: contest_id=1108638 teams 2038/2038 matched, players 235/728 matched
2026-08-19 19:04:36,709 INFO ncaa_identity: contest_id=1108654 teams 2127/2127 matched, players 201/719 matched
2026-08-19 19:04:37,256 INFO ncaa_identity: contest_id=1108697 teams 2098/2098 matched, players 116/632 matched
2026-08-19 19:04:37,789 INFO ncaa_identity: contest_id=1108731 teams 1996/1996 matched, players 175/662 matched
2026-08-19 19:04:38,415 INFO ncaa_identity: contest_id=1108768 teams 1953/1953 matched, players 414/874 matched
2026-08-19 19:04:38,913 INFO ncaa_identity: contest_id=1108795 teams 1067/2030 matched, players 150/828 matched
2026-08-19 19:04:39,400 INFO ncaa_identity: contest_id=1108801 teams 2153/2153 matched, players 325/843 matched
2026-08-19 19:04:40,060 INFO ncaa_identity: contest_id=1108824 teams 2410/2410 matched, players 460/1030 matched
2026-08-19 19:04:40,466 INFO ncaa_identity: contest_id=1108836 teams 1274/1274 matched, players 20/336 matched
2026-08-19 19:04:40,834 INFO ncaa_identity: contest_id=1108860 teams 1422/1422 matched, players 64/414 matched
2026-08-19 19:04:41,525 INFO ncaa_identity: contest_id=1108910 teams 2123/2123 matched, players 325/835 matched
2026-08-19 19:04:42,070 INFO ncaa_identity: contest_id=1108923 teams 2274/2274 matched, players 357/892 matched
2026-08-19 19:04:42,548 INFO ncaa_identity: contest_id=1108946 teams 1844/1844 matched, players 301/741 matched
2026-08-19 19:04:43,193 INFO ncaa_identity: contest_id=1108962 teams 2286/2286 matched, players 526/1062 matched
2026-08-19 19:04:43,658 INFO ncaa_identity: contest_id=1108985 teams 1886/1886 matched, players 285/737 matched
2026-08-19 19:04:44,163 INFO ncaa_identity: contest_id=1108996 teams 1091/2201 matched, players 3124/6214 matched
2026-08-19 19:04:44,819 INFO ncaa_identity: contest_id=1109002 teams 2396/2396 matched, players 369/943 matched
2026-08-19 19:04:45,503 INFO ncaa_identity: contest_id=1109008 teams 1214/2513 matched, players 260/981 matched
2026-08-19 19:04:46,223 INFO ncaa_identity: contest_id=1109026 teams 748/1667 matched, players 91/555 matched
2026-08-19 19:04:46,661 INFO ncaa_identity: contest_id=1109083 teams 1739/1739 matched, players 245/662 matched
2026-08-19 19:04:47,364 INFO ncaa_identity: contest_id=1109165 teams 2159/2159 matched, players 443/954 matched
2026-08-19 19:04:47,963 INFO ncaa_identity: contest_id=1109193 teams 2056/2056 matched, players 213/712 matched
2026-08-19 19:04:48,526 INFO ncaa_identity: contest_id=1109206 teams 2461/2461 matched, players 570/1149 matched
2026-08-19 19:04:49,207 INFO ncaa_identity: contest_id=1109225 teams 2131/2131 matched, players 285/798 matched
2026-08-19 19:04:49,674 INFO ncaa_identity: contest_id=1109235 teams 1785/1785 matched, players 282/709 matched
2026-08-19 19:04:50,256 INFO ncaa_identity: contest_id=1109251 teams 2144/2144 matched, players 287/806 matched
2026-08-19 19:04:50,758 INFO ncaa_identity: contest_id=1109259 teams 2053/2053 matched, players 177/678 matched
2026-08-19 19:04:51,361 INFO ncaa_identity: contest_id=1109269 teams 2293/2293 matched, players 339/889 matched
2026-08-19 19:04:52,046 INFO ncaa_identity: contest_id=1109279 teams 1382/2718 matched, players 3884/7646 matched
2026-08-19 19:04:52,528 INFO ncaa_identity: contest_id=1109286 teams 1804/1804 matched, players 167/607 matched
2026-08-19 19:04:52,979 INFO ncaa_identity: contest_id=1109304 teams 1810/1810 matched, players 280/713 matched
2026-08-19 19:04:53,628 INFO ncaa_identity: contest_id=1109312 teams 2107/2107 matched, players 426/924 matched
2026-08-19 19:04:54,137 INFO ncaa_identity: contest_id=1109328 teams 2043/2043 matched, players 237/732 matched
2026-08-19 19:04:54,891 INFO ncaa_identity: contest_id=1109350 teams 2521/2521 matched, players 472/1071 matched
2026-08-19 19:04:55,433 INFO ncaa_identity: contest_id=1109356 teams 2301/2301 matched, players 320/874 matched
2026-08-19 19:04:55,914 INFO ncaa_identity: contest_id=1109362 teams 1976/1976 matched, players 212/692 matched
2026-08-19 19:04:56,567 INFO ncaa_identity: contest_id=1109368 teams 2045/2045 matched, players 356/844 matched
2026-08-19 19:04:57,078 INFO ncaa_identity: contest_id=1109376 teams 2021/2021 matched, players 320/803 matched
2026-08-19 19:04:57,716 INFO ncaa_identity: contest_id=1109414 teams 1684/1684 matched, players 235/640 matched
2026-08-19 19:04:58,194 INFO ncaa_identity: contest_id=1109427 teams 1744/1744 matched, players 215/636 matched
2026-08-19 19:04:58,754 INFO ncaa_identity: contest_id=1109474 teams 2343/2343 matched, players 523/1073 matched
2026-08-19 19:04:59,458 INFO ncaa_identity: contest_id=1109486 teams 2616/2616 matched, players 299/933 matched
2026-08-19 19:05:00,049 INFO ncaa_identity: contest_id=1109495 teams 2116/2116 matched, players 371/875 matched
2026-08-19 19:05:00,726 INFO ncaa_identity: contest_id=1109531 teams 1931/1931 matched, players 246/712 matched
2026-08-19 19:05:01,288 INFO ncaa_identity: contest_id=1109560 teams 1968/1968 matched, players 229/705 matched
2026-08-19 19:05:01,819 INFO ncaa_identity: contest_id=1109579 teams 2044/2044 matched, players 223/695 matched
2026-08-19 19:05:02,471 INFO ncaa_identity: contest_id=1109585 teams 1840/1840 matched, players 270/711 matched
2026-08-19 19:05:03,058 INFO ncaa_identity: contest_id=1109609 teams 2234/2234 matched, players 238/780 matched
2026-08-19 19:05:03,527 INFO ncaa_identity: contest_id=1109655 teams 1794/1794 matched, players 254/685 matched
2026-08-19 19:05:04,136 INFO ncaa_identity: contest_id=1109663 teams 1787/1787 matched, players 133/571 matched
2026-08-19 19:05:04,792 INFO ncaa_identity: contest_id=1109669 teams 0/2448 matched, players 0/6904 matched
2026-08-19 19:05:05,436 INFO ncaa_identity: contest_id=1109678 teams 2172/2172 matched, players 252/779 matched
2026-08-19 19:05:05,917 INFO ncaa_identity: contest_id=1109684 teams 2051/2051 matched, players 375/863 matched
2026-08-19 19:05:06,520 INFO ncaa_identity: contest_id=1109692 teams 2653/2653 matched, players 549/1174 matched
2026-08-19 19:05:07,147 INFO ncaa_identity: contest_id=1109708 teams 2030/2030 matched, players 223/715 matched
2026-08-19 19:05:07,630 INFO ncaa_identity: contest_id=1109719 teams 1699/1699 matched, players 279/648 matched
2026-08-19 19:05:08,050 INFO ncaa_identity: contest_id=1109730 teams 1486/1486 matched, players 20/389 matched
2026-08-19 19:05:08,749 INFO ncaa_identity: contest_id=1109736 teams 2519/2519 matched, players 495/1093 matched
2026-08-19 19:05:09,250 INFO ncaa_identity: contest_id=1109742 teams 1964/1964 matched, players 301/771 matched
2026-08-19 19:05:09,785 INFO ncaa_identity: contest_id=1109748 teams 2000/2000 matched, players 269/745 matched
2026-08-19 19:05:10,414 INFO ncaa_identity: contest_id=1109756 teams 2386/2386 matched, players 320/857 matched
2026-08-19 19:05:10,885 INFO ncaa_identity: contest_id=1109768 teams 1952/1952 matched, players 223/695 matched
2026-08-19 19:05:11,357 INFO ncaa_identity: contest_id=1109777 teams 2088/2088 matched, players 284/787 matched
2026-08-19 19:05:11,928 INFO ncaa_identity: contest_id=1109795 teams 2014/2014 matched, players 415/891 matched
2026-08-19 19:05:12,409 INFO ncaa_identity: contest_id=1109815 teams 2047/2047 matched, players 212/711 matched
2026-08-19 19:05:13,025 INFO ncaa_identity: contest_id=1109828 teams 1900/1900 matched, players 237/696 matched
2026-08-19 19:05:13,576 INFO ncaa_identity: contest_id=1109850 teams 2268/2268 matched, players 440/979 matched
2026-08-19 19:05:14,030 INFO ncaa_identity: contest_id=1109857 teams 2011/2011 matched, players 234/722 matched
2026-08-19 19:05:14,626 INFO ncaa_identity: contest_id=1109870 teams 2022/2022 matched, players 253/742 matched
2026-08-19 19:05:15,151 INFO ncaa_identity: contest_id=1109878 teams 1136/2069 matched, players 111/711 matched
2026-08-19 19:05:15,649 INFO ncaa_identity: contest_id=1109887 teams 2051/2051 matched, players 211/709 matched
2026-08-19 19:05:16,205 INFO ncaa_identity: contest_id=1109906 teams 1832/1832 matched, players 204/648 matched
2026-08-19 19:05:16,759 INFO ncaa_identity: contest_id=1109913 teams 1217/2322 matched, players 147/854 matched
2026-08-19 19:05:17,314 INFO ncaa_identity: contest_id=1109919 teams 2198/2198 matched, players 246/778 matched
2026-08-19 19:05:17,905 INFO ncaa_identity: contest_id=1109928 teams 1887/1887 matched, players 247/702 matched
2026-08-19 19:05:18,346 INFO ncaa_identity: contest_id=1109941 teams 1602/1602 matched, players 150/540 matched
2026-08-19 19:05:18,824 INFO ncaa_identity: contest_id=1109961 teams 1768/1768 matched, players 198/627 matched
2026-08-19 19:05:19,519 INFO ncaa_identity: contest_id=1109980 teams 2178/2178 matched, players 208/711 matched
2026-08-19 19:05:19,980 INFO ncaa_identity: contest_id=1109986 teams 1944/1944 matched, players 254/722 matched
2026-08-19 19:05:20,624 INFO ncaa_identity: contest_id=1110004 teams 1280/2483 matched, players 3555/7030 matched
2026-08-19 19:05:21,223 INFO ncaa_identity: contest_id=1110037 teams 2375/2375 matched, players 413/979 matched
2026-08-19 19:05:21,743 INFO ncaa_identity: contest_id=1110047 teams 1987/1987 matched, players 285/762 matched
2026-08-19 19:05:22,295 INFO ncaa_identity: contest_id=1110056 teams 1988/1988 matched, players 273/752 matched
2026-08-19 19:05:22,696 INFO ncaa_identity: contest_id=1110110 teams 1504/1504 matched, players 151/516 matched
2026-08-19 19:05:23,192 INFO ncaa_identity: contest_id=1110122 teams 1956/1956 matched, players 272/744 matched
2026-08-19 19:05:24,095 INFO ncaa_identity: contest_id=1110146 teams 3163/3163 matched, players 772/1517 matched
2026-08-19 19:05:24,610 INFO ncaa_identity: contest_id=1110163 teams 2135/2135 matched, players 229/747 matched
2026-08-19 19:05:25,217 INFO ncaa_identity: contest_id=1110177 teams 1873/1873 matched, players 267/718 matched
2026-08-19 19:05:25,681 INFO ncaa_identity: contest_id=1110191 teams 1994/1994 matched, players 304/782 matched
2026-08-19 19:05:26,134 INFO ncaa_identity: contest_id=1110218 teams 1766/1766 matched, players 260/683 matched
2026-08-19 19:05:26,728 INFO ncaa_identity: contest_id=1110238 teams 2062/2062 matched, players 238/737 matched
2026-08-19 19:05:27,188 INFO ncaa_identity: contest_id=1110258 teams 1964/1964 matched, players 295/715 matched
2026-08-19 19:05:27,749 INFO ncaa_identity: contest_id=1110268 teams 1866/1866 matched, players 234/685 matched
2026-08-19 19:05:28,356 INFO ncaa_identity: contest_id=1110282 teams 842/1798 matched, players 154/683 matched
2026-08-19 19:05:28,996 INFO ncaa_identity: contest_id=1110301 teams 1492/2692 matched, players 3848/7594 matched
2026-08-19 19:05:29,658 INFO ncaa_identity: contest_id=1110313 teams 2111/2111 matched, players 417/918 matched
2026-08-19 19:05:30,172 INFO ncaa_identity: contest_id=1110340 teams 1914/1914 matched, players 371/814 matched
2026-08-19 19:05:30,641 INFO ncaa_identity: contest_id=1110351 teams 1974/1974 matched, players 124/611 matched
2026-08-19 19:05:31,239 INFO ncaa_identity: contest_id=1110361 teams 1934/1934 matched, players 214/683 matched
2026-08-19 19:05:31,778 INFO ncaa_identity: contest_id=1110391 teams 2174/2174 matched, players 270/795 matched
2026-08-19 19:05:32,268 INFO ncaa_identity: contest_id=1110397 teams 1636/1636 matched, players 85/488 matched
2026-08-19 19:05:32,946 INFO ncaa_identity: contest_id=1110410 teams 1339/2715 matched, players 3880/7674 matched
2026-08-19 19:05:33,538 INFO ncaa_identity: contest_id=1110438 teams 1961/1961 matched, players 150/630 matched
2026-08-19 19:05:34,325 INFO ncaa_identity: contest_id=1110472 teams 1271/2515 matched, players 3552/7141 matched
2026-08-19 19:05:34,904 INFO ncaa_identity: contest_id=1110491 teams 2582/2582 matched, players 498/1109 matched
2026-08-19 19:05:35,433 INFO ncaa_identity: contest_id=1110524 teams 2051/2051 matched, players 225/723 matched
2026-08-19 19:05:35,963 INFO ncaa_identity: contest_id=1110546 teams 1698/1698 matched, players 298/703 matched
2026-08-19 19:05:36,512 INFO ncaa_identity: contest_id=1110557 teams 2135/2135 matched, players 203/722 matched
2026-08-19 19:05:37,025 INFO ncaa_identity: contest_id=1110587 teams 2123/2123 matched, players 326/790 matched
2026-08-19 19:05:37,738 INFO ncaa_identity: contest_id=1110593 teams 1822/1822 matched, players 177/608 matched
2026-08-19 19:05:38,269 INFO ncaa_identity: contest_id=1110605 teams 2069/2069 matched, players 372/865 matched
2026-08-19 19:05:38,861 INFO ncaa_identity: contest_id=1110616 teams 2014/2014 matched, players 311/793 matched
2026-08-19 19:05:39,326 INFO ncaa_identity: contest_id=1110623 teams 1956/1956 matched, players 268/740 matched
2026-08-19 19:05:39,773 INFO ncaa_identity: contest_id=1110666 teams 1644/1644 matched, players 309/699 matched
2026-08-19 19:05:40,373 INFO ncaa_identity: contest_id=1110679 teams 1736/1736 matched, players 197/616 matched
2026-08-19 19:05:40,930 INFO ncaa_identity: contest_id=1110709 teams 2286/2286 matched, players 361/907 matched
2026-08-19 19:05:41,382 INFO ncaa_identity: contest_id=1110715 teams 1697/1697 matched, players 209/619 matched
2026-08-19 19:05:41,988 INFO ncaa_identity: contest_id=1110721 teams 1914/1914 matched, players 37/513 matched
2026-08-19 19:05:42,569 INFO ncaa_identity: contest_id=1110727 teams 2296/2296 matched, players 275/830 matched
2026-08-19 19:05:42,980 INFO ncaa_identity: contest_id=1110746 teams 1558/1558 matched, players 239/613 matched
2026-08-19 19:05:43,533 INFO ncaa_identity: contest_id=1110761 teams 1724/1724 matched, players 165/585 matched
2026-08-19 19:05:44,020 INFO ncaa_identity: contest_id=1110771 teams 2078/2078 matched, players 163/671 matched
2026-08-19 19:05:44,582 INFO ncaa_identity: contest_id=1110816 teams 962/2283 matched, players 130/714 matched
2026-08-19 19:05:45,198 INFO ncaa_identity: contest_id=1110848 teams 2101/2101 matched, players 237/747 matched
2026-08-19 19:05:45,721 INFO ncaa_identity: contest_id=1110854 teams 2027/2027 matched, players 239/730 matched
2026-08-19 19:05:46,266 INFO ncaa_identity: contest_id=1110900 teams 2082/2082 matched, players 128/639 matched
2026-08-19 19:05:46,945 INFO ncaa_identity: contest_id=1110944 teams 2152/2152 matched, players 327/843 matched
2026-08-19 19:05:47,492 INFO ncaa_identity: contest_id=1110950 teams 2478/2478 matched, players 396/990 matched
2026-08-19 19:05:48,038 INFO ncaa_identity: contest_id=1110956 teams 1803/1803 matched, players 257/690 matched
2026-08-19 19:05:48,566 INFO ncaa_identity: contest_id=1110962 teams 1039/2128 matched, players 203/931 matched
2026-08-19 19:05:49,090 INFO ncaa_identity: contest_id=1110968 teams 2155/2155 matched, players 177/703 matched
2026-08-19 19:05:49,685 INFO ncaa_identity: contest_id=1110974 teams 1818/1818 matched, players 36/487 matched
2026-08-19 19:05:50,223 INFO ncaa_identity: contest_id=1110980 teams 2166/2166 matched, players 288/810 matched
2026-08-19 19:05:50,796 INFO ncaa_identity: contest_id=1110986 teams 2019/2019 matched, players 252/741 matched
2026-08-19 19:05:51,394 INFO ncaa_identity: contest_id=1110992 teams 1197/2087 matched, players 220/753 matched
2026-08-19 19:05:51,896 INFO ncaa_identity: contest_id=1111035 teams 1987/1987 matched, players 315/790 matched
2026-08-19 19:05:52,527 INFO ncaa_identity: contest_id=1111041 teams 2334/2334 matched, players 478/1030 matched
2026-08-19 19:05:53,057 INFO ncaa_identity: contest_id=1111078 teams 2110/2110 matched, players 240/750 matched
2026-08-19 19:05:53,660 INFO ncaa_identity: contest_id=1111084 teams 1913/1913 matched, players 56/530 matched
2026-08-19 19:05:54,188 INFO ncaa_identity: contest_id=1111118 teams 1844/1844 matched, players 241/685 matched
2026-08-19 19:05:54,716 INFO ncaa_identity: contest_id=1111140 teams 2094/2094 matched, players 274/779 matched
2026-08-19 19:05:55,171 INFO ncaa_identity: contest_id=1111196 teams 764/1818 matched, players 78/621 matched
2026-08-19 19:05:55,678 INFO ncaa_identity: contest_id=1111210 teams 1602/1602 matched, players 20/418 matched
2026-08-19 19:05:56,200 INFO ncaa_identity: contest_id=1111228 teams 2112/2112 matched, players 357/861 matched
2026-08-19 19:05:56,797 INFO ncaa_identity: contest_id=1111328 teams 2290/2290 matched, players 493/1015 matched
2026-08-19 19:05:57,438 INFO ncaa_identity: contest_id=1111355 teams 1893/1893 matched, players 259/714 matched
2026-08-19 19:05:57,882 INFO ncaa_identity: contest_id=1111363 teams 1792/1792 matched, players 45/486 matched22026-08-19 19:05:58,352 INFO ncaa_identity: contest_id=1111373 teams 1910/1910 matched, players 143/610 matched22026-08-19 19:05:58,922 INFO ncaa_identity: contest_id=1111381 teams 1803/1803 matched, players 284/716 matched22026-08-19 19:05:59,423 INFO ncaa_identity: contest_id=1111387 teams 2200/2200 matched, players 339/866 matched22026-08-19 19:06:00,074 INFO ncaa_identity: contest_id=1111407 teams 2300/2300 matched, players 321/874 matched22026-08-19 19:06:00,682 INFO ncaa_identity: contest_id=1111413 teams 2070/2070 matched, players 130/604 matched22026-08-19 19:06:01,244 INFO ncaa_identity: contest_id=1111432 teams 2443/2443 matched, players 247/843 matched22026-08-19 19:06:01,870 INFO ncaa_identity: contest_id=1111465 teams 1872/1872 matched, players 363/807 matched22026-08-19 19:06:02,374 INFO ncaa_identity: contest_id=1111471 teams 1972/1972 matched, players 365/834 matched22026-08-19 19:06:03,030 INFO ncaa_identity: contest_id=1111486 teams 2052/2052 matched, players 319/811 matched202026-08-19 19:06:03,601 INFO ncaa_identity: contest_id=1111520 teams 2281/2281 matched, players 371/916 matched
2026-08-19 19:06:04,101 INFO ncaa_identity: contest_id=1111533 teams 1780/1780 matched, players 349/771 matched
2026-08-19 19:06:04,817 INFO ncaa_identity: contest_id=1111572 teams 2386/2386 matched, players 398/927 matched
2026-08-19 19:06:05,433 INFO ncaa_identity: contest_id=1111578 teams 2371/2371 matched, players 415/980 matched
2026-08-19 19:06:05,920 INFO ncaa_identity: contest_id=1111589 teams 1891/1891 matched, players 291/744 matched
2026-08-19 19:06:06,654 INFO ncaa_identity: contest_id=1111600 teams 1068/2238 matched, players 228/805 matched
2026-08-19 19:06:07,263 INFO ncaa_identity: contest_id=1111620 teams 2622/2622 matched, players 452/1078 matched
2026-08-19 19:06:07,829 INFO ncaa_identity: contest_id=1111651 teams 1136/1952 matched, players 12/598 matched
2026-08-19 19:06:08,428 INFO ncaa_identity: contest_id=1111661 teams 2195/2195 matched, players 371/895 matched
2026-08-19 19:06:08,950 INFO ncaa_identity: contest_id=1111667 teams 2029/2029 matched, players 344/827 matched
2026-08-19 19:06:09,493 INFO ncaa_identity: contest_id=1111679 teams 1546/1546 matched, players 30/413 matched
2026-08-19 19:06:10,021 INFO ncaa_identity: contest_id=1111707 teams 1065/1998 matched, players 109/767 matched
2026-08-19 19:06:10,540 INFO ncaa_identity: contest_id=1111719 teams 1886/1886 matched, players 285/737 matched
2026-08-19 19:06:11,168 INFO ncaa_identity: contest_id=1111784 teams 1107/2174 matched, players 152/883 matched
2026-08-19 19:06:11,700 INFO ncaa_identity: contest_id=1111801 teams 1162/2364 matched, players 3265/6622 matched
2026-08-19 19:06:12,361 INFO ncaa_identity: contest_id=1111839 teams 1125/2224 matched, players 3140/6242 matched
2026-08-19 19:06:12,872 INFO ncaa_identity: contest_id=1111849 teams 2189/2189 matched, players 345/868 matched
2026-08-19 19:06:13,359 INFO ncaa_identity: contest_id=1111869 teams 0/2223 matched, players 0/6280 matched
2026-08-19 19:06:14,021 INFO ncaa_identity: contest_id=1111877 teams 2476/2476 matched, players 469/1058 matched
2026-08-19 19:06:14,539 INFO ncaa_identity: contest_id=1111887 teams 1899/1899 matched, players 201/663 matched
2026-08-19 19:06:15,089 INFO ncaa_identity: contest_id=1111896 teams 2097/2097 matched, players 377/876 matched
2026-08-19 19:06:15,763 INFO ncaa_identity: contest_id=1111906 teams 1123/2235 matched, players 2789/6340 matched
2026-08-19 19:06:16,315 INFO ncaa_identity: contest_id=1111932 teams 2103/2103 matched, players 208/720 matched
2026-08-19 19:06:16,774 INFO ncaa_identity: contest_id=1111960 teams 1904/1904 matched, players 183/646 matched
2026-08-19 19:06:17,504 INFO ncaa_identity: contest_id=1111967 teams 2115/2115 matched, players 240/753 matched
2026-08-19 19:06:18,144 INFO ncaa_identity: contest_id=1111976 teams 1277/2584 matched, players 3648/7308 matched
2026-08-19 19:06:18,804 INFO ncaa_identity: contest_id=1111995 teams 1291/2589 matched, players 3653/7347 matched
2026-08-19 19:06:19,360 INFO ncaa_identity: contest_id=1112036 teams 2282/2282 matched, players 464/1003 matched
2026-08-19 19:06:19,940 INFO ncaa_identity: contest_id=1112061 teams 1752/1752 matched, players 237/658 matched
2026-08-19 19:06:20,520 INFO ncaa_identity: contest_id=1112068 teams 2064/2064 matched, players 408/898 matched
2026-08-19 19:06:21,105 INFO ncaa_identity: contest_id=1112086 teams 2260/2260 matched, players 385/924 matched
2026-08-19 19:06:21,810 INFO ncaa_identity: contest_id=1112105 teams 1199/2383 matched, players 3042/6653 matched
2026-08-19 19:06:22,414 INFO ncaa_identity: contest_id=1112158 teams 2219/2219 matched, players 239/777 matched
2026-08-19 19:06:23,001 INFO ncaa_identity: contest_id=1112179 teams 1800/1800 matched, players 225/659 matched
2026-08-19 19:06:23,436 INFO ncaa_identity: contest_id=1112193 teams 1836/1836 matched, players 192/637 matched
2026-08-19 19:06:23,946 INFO ncaa_identity: contest_id=1112199 teams 1090/2164 matched, players 186/798 matched
2026-08-19 19:06:24,485 INFO ncaa_identity: contest_id=1112212 teams 1638/1638 matched, players 20/427 matched
2026-08-19 19:06:25,125 INFO ncaa_identity: contest_id=1112218 teams 2170/2170 matched, players 350/870 matched
2026-08-19 19:06:25,786 INFO ncaa_identity: contest_id=1112240 teams 1882/1882 matched, players 177/635 matched
2026-08-19 19:06:26,406 INFO ncaa_identity: contest_id=1112253 teams 2386/2386 matched, players 421/991 matched
2026-08-19 19:06:26,838 INFO ncaa_identity: contest_id=1112280 teams 1483/1483 matched, players 20/375 matched
2026-08-19 19:06:27,558 INFO ncaa_identity: contest_id=1112289 teams 2361/2361 matched, players 293/863 matched
2026-08-19 19:06:28,146 INFO ncaa_identity: contest_id=1112317 teams 2141/2141 matched, players 226/745 matched
2026-08-19 19:06:28,808 INFO ncaa_identity: contest_id=1112323 teams 2237/2237 matched, players 185/732 matched
2026-08-19 19:06:29,412 INFO ncaa_identity: contest_id=1112354 teams 2370/2370 matched, players 417/982 matched
2026-08-19 19:06:30,091 INFO ncaa_identity: contest_id=1112363 teams 2076/2076 matched, players 345/840 matched
2026-08-19 19:06:30,581 INFO ncaa_identity: contest_id=1112369 teams 1968/1968 matched, players 147/630 matched
2026-08-19 19:06:31,099 INFO ncaa_identity: contest_id=1112375 teams 2079/2079 matched, players 309/808 matched
2026-08-19 19:06:31,764 INFO ncaa_identity: contest_id=1112382 teams 1818/1818 matched, players 159/603 matched
2026-08-19 19:06:32,253 INFO ncaa_identity: contest_id=1112393 teams 2084/2084 matched, players 383/879 matched
2026-08-19 19:06:32,842 INFO ncaa_identity: contest_id=1112407 teams 2680/2680 matched, players 497/1134 matched
2026-08-19 19:06:33,425 INFO ncaa_identity: contest_id=1112424 teams 1842/1842 matched, players 230/674 matched
2026-08-19 19:06:33,847 INFO ncaa_identity: contest_id=1112433 teams 1505/1505 matched, players 294/650 matched
2026-08-19 19:06:34,401 INFO ncaa_identity: contest_id=1112453 teams 2360/2360 matched, players 417/978 matched
2026-08-19 19:06:35,111 INFO ncaa_identity: contest_id=1112490 teams 2234/2234 matched, players 461/989 matched
2026-08-19 19:06:35,625 INFO ncaa_identity: contest_id=1112526 teams 1770/1770 matched, players 194/622 matched
2026-08-19 19:06:36,171 INFO ncaa_identity: contest_id=1112539 teams 1762/1762 matched, players 121/552 matched
2026-08-19 19:06:36,775 INFO ncaa_identity: contest_id=1112546 teams 1906/1906 matched, players 336/792 matched
2026-08-19 19:06:37,349 INFO ncaa_identity: contest_id=1112564 teams 2236/2236 matched, players 456/957 matched
2026-08-19 19:06:37,977 INFO ncaa_identity: contest_id=1112572 teams 1982/1982 matched, players 184/666 matched
2026-08-19 19:06:38,514 INFO ncaa_identity: contest_id=1112588 teams 2148/2148 matched, players 227/748 matched
2026-08-19 19:06:39,178 INFO ncaa_identity: contest_id=1112596 teams 2292/2292 matched, players 495/1037 matched
2026-08-19 19:06:39,665 INFO ncaa_identity: contest_id=1112602 teams 1905/1905 matched, players 238/700 matched
2026-08-19 19:06:40,141 INFO ncaa_identity: contest_id=1112613 teams 1822/1822 matched, players 230/669 matched
2026-08-19 19:06:40,738 INFO ncaa_identity: contest_id=1112619 teams 1891/1891 matched, players 315/767 matched
2026-08-19 19:06:41,247 INFO ncaa_identity: contest_id=1112625 teams 2004/2004 matched, players 313/793 matched
2026-08-19 19:06:41,762 INFO ncaa_identity: contest_id=1112634 teams 2162/2162 matched, players 348/864 matched
2026-08-19 19:06:42,467 INFO ncaa_identity: contest_id=1112644 teams 976/1884 matched, players 48/644 matched
2026-08-19 19:06:43,070 INFO ncaa_identity: contest_id=1112652 teams 2206/2206 matched, players 315/845 matched
2026-08-19 19:06:43,546 INFO ncaa_identity: contest_id=1112658 teams 1926/1926 matched, players 278/742 matched
2026-08-19 19:06:44,206 INFO ncaa_identity: contest_id=1112673 teams 1994/1994 matched, players 348/823 matched
2026-08-19 19:06:44,705 INFO ncaa_identity: contest_id=1112724 teams 2077/2077 matched, players 328/826 matched
2026-08-19 19:06:45,328 INFO ncaa_identity: contest_id=1112736 teams 2041/2041 matched, players 135/636 matched
2026-08-19 19:06:45,893 INFO ncaa_identity: contest_id=1112762 teams 2028/2028 matched, players 250/740 matched
2026-08-19 19:06:46,631 INFO ncaa_identity: contest_id=1112768 teams 1302/2616 matched, players 3641/7399 matched
2026-08-19 19:06:47,286 INFO ncaa_identity: contest_id=1112775 teams 2354/2354 matched, players 363/928 matched
2026-08-19 19:06:47,790 INFO ncaa_identity: contest_id=1112783 teams 2274/2274 matched, players 331/876 matched
2026-08-19 19:06:48,431 INFO ncaa_identity: contest_id=1112815 teams 2308/2308 matched, players 366/919 matched
2026-08-19 19:06:49,051 INFO ncaa_identity: contest_id=1112825 teams 2154/2154 matched, players 232/757 matched
2026-08-19 19:06:49,686 INFO ncaa_identity: contest_id=1112832 teams 1116/2256 matched, players 3214/6317 matched
2026-08-19 19:06:50,221 INFO ncaa_identity: contest_id=1112844 teams 2238/2238 matched, players 208/753 matched
2026-08-19 19:06:50,780 INFO ncaa_identity: contest_id=1112851 teams 2133/2133 matched, players 432/938 matched
2026-08-19 19:06:51,422 INFO ncaa_identity: contest_id=1112858 teams 2203/2203 matched, players 191/729 matched
2026-08-19 19:06:51,932 INFO ncaa_identity: contest_id=1112886 teams 1942/1942 matched, players 214/655 matched
2026-08-19 19:06:52,388 INFO ncaa_identity: contest_id=1112894 teams 1870/1870 matched, players 168/624 matched
2026-08-19 19:06:53,061 INFO ncaa_identity: contest_id=1112904 teams 1898/1898 matched, players 158/622 matched
2026-08-19 19:06:53,586 INFO ncaa_identity: contest_id=1112910 teams 886/2269 matched, players 104/795 matched
2026-08-19 19:06:54,271 INFO ncaa_identity: contest_id=1112919 teams 2407/2407 matched, players 480/1032 matched
2026-08-19 19:06:54,761 INFO ncaa_identity: contest_id=1112926 teams 2074/2074 matched, players 373/867 matched
2026-08-19 19:06:55,468 INFO ncaa_identity: contest_id=1112934 teams 2126/2126 matched, players 197/716 matched
2026-08-19 19:06:55,989 INFO ncaa_identity: contest_id=1112940 teams 2171/2171 matched, players 289/814 matched
2026-08-19 19:06:56,533 INFO ncaa_identity: contest_id=1112946 teams 2044/2044 matched, players 397/883 matched
2026-08-19 19:06:57,128 INFO ncaa_identity: contest_id=1112952 teams 1930/1930 matched, players 194/663 matched
2026-08-19 19:06:57,626 INFO ncaa_identity: contest_id=1112958 teams 1489/1489 matched, players 221/578 matched
2026-08-19 19:06:58,174 INFO ncaa_identity: contest_id=1112964 teams 2045/2045 matched, players 135/630 matched
2026-08-19 19:06:58,816 INFO ncaa_identity: contest_id=1112973 teams 2174/2174 matched, players 283/809 matched
2026-08-19 19:06:59,342 INFO ncaa_identity: contest_id=1112981 teams 2306/2306 matched, players 334/888 matched
2026-08-19 19:06:59,764 INFO ncaa_identity: contest_id=1112999 teams 1658/1658 matched, players 206/605 matched
2026-08-19 19:07:00,386 INFO ncaa_identity: contest_id=1113005 teams 810/1701 matched, players 93/535 matched
2026-08-19 19:07:00,889 INFO ncaa_identity: contest_id=1113014 teams 2132/2132 matched, players 335/844 matched
2026-08-19 19:07:01,312 INFO ncaa_identity: contest_id=1113020 teams 1710/1710 matched, players 229/641 matched
2026-08-19 19:07:02,009 INFO ncaa_identity: contest_id=1113026 teams 2030/2030 matched, players 68/570 matched
2026-08-19 19:07:02,556 INFO ncaa_identity: contest_id=1113032 teams 2127/2127 matched, players 297/809 matched
2026-08-19 19:07:03,169 INFO ncaa_identity: contest_id=1113038 teams 1904/1904 matched, players 285/741 matched
2026-08-19 19:07:03,690 INFO ncaa_identity: contest_id=1113045 teams 2051/2051 matched, players 329/819 matched
2026-08-19 19:07:04,273 INFO ncaa_identity: contest_id=1113053 teams 1132/1955 matched, players 90/716 matched
2026-08-19 19:07:04,976 INFO ncaa_identity: contest_id=1113060 teams 2356/2356 matched, players 536/1060 matched
2026-08-19 19:07:05,417 INFO ncaa_identity: contest_id=1113066 teams 1796/1796 matched, players 247/678 matched
2026-08-19 19:07:05,973 INFO ncaa_identity: contest_id=1113074 teams 2036/2036 matched, players 271/763 matched
2026-08-19 19:07:06,574 INFO ncaa_identity: contest_id=1113080 teams 1596/1596 matched, players 180/568 matched
2026-08-19 19:07:07,080 INFO ncaa_identity: contest_id=1113090 teams 1160/1972 matched, players 142/675 matched
2026-08-19 19:07:07,648 INFO ncaa_identity: contest_id=1113096 teams 1892/1892 matched, players 207/665 matched
2026-08-19 19:07:08,167 INFO ncaa_identity: contest_id=1113105 teams 1996/1996 matched, players 327/768 matched
2026-08-19 19:07:08,636 INFO ncaa_identity: contest_id=1113115 teams 1934/1934 matched, players 328/790 matched
2026-08-19 19:07:09,244 INFO ncaa_identity: contest_id=1113121 teams 2073/2073 matched, players 405/898 matched
2026-08-19 19:07:09,798 INFO ncaa_identity: contest_id=1113129 teams 2379/2379 matched, players 432/999 matched
2026-08-19 19:07:10,375 INFO ncaa_identity: contest_id=1113135 teams 2455/2455 matched, players 441/1025 matched
2026-08-19 19:07:11,147 INFO ncaa_identity: contest_id=1113142 teams 1476/3008 matched, players 4170/8473 matched
2026-08-19 19:07:11,616 INFO ncaa_identity: contest_id=1113167 teams 1792/1792 matched, players 273/702 matched
2026-08-19 19:07:12,310 INFO ncaa_identity: contest_id=1113176 teams 2008/2008 matched, players 407/861 matched
2026-08-19 19:07:12,808 INFO ncaa_identity: contest_id=1113184 teams 1907/1907 matched, players 252/712 matched
2026-08-19 19:07:13,478 INFO ncaa_identity: contest_id=1113193 teams 2108/2108 matched, players 264/773 matched
2026-08-19 19:07:14,031 INFO ncaa_identity: contest_id=1113214 teams 1108/2156 matched, players 2649/6125 matched
2026-08-19 19:07:14,594 INFO ncaa_identity: contest_id=1113220 teams 2136/2136 matched, players 303/816 matched
2026-08-19 19:07:15,228 INFO ncaa_identity: contest_id=1113228 teams 2155/2155 matched, players 273/793 matched
2026-08-19 19:07:15,733 INFO ncaa_identity: contest_id=1113234 teams 2140/2140 matched, players 117/645 matched
2026-08-19 19:07:16,215 INFO ncaa_identity: contest_id=1113249 teams 1876/1876 matched, players 255/707 matched
2026-08-19 19:07:16,763 INFO ncaa_identity: contest_id=1113256 teams 1093/1790 matched, players 127/669 matched
2026-08-19 19:07:17,295 INFO ncaa_identity: contest_id=1113310 teams 2360/2360 matched, players 266/838 matched
2026-08-19 19:07:18,100 INFO ncaa_identity: contest_id=1113342 teams 2763/2763 matched, players 537/1193 matched
2026-08-19 19:07:18,576 INFO ncaa_identity: contest_id=1113356 teams 2012/2012 matched, players 307/789 matched
2026-08-19 19:07:19,201 INFO ncaa_identity: contest_id=1113362 teams 2820/2820 matched, players 571/1240 matched
2026-08-19 19:07:19,816 INFO ncaa_identity: contest_id=1113388 teams 2206/2206 matched, players 422/945 matched
2026-08-19 19:07:20,390 INFO ncaa_identity: contest_id=1113394 teams 1184/2157 matched, players 181/718 matched
2026-08-19 19:07:21,007 INFO ncaa_identity: contest_id=1113406 teams 2355/2355 matched, players 305/873 matched
2026-08-19 19:07:21,546 INFO ncaa_identity: contest_id=1113422 teams 1817/1817 matched, players 221/657 matched
2026-08-19 19:07:22,075 INFO ncaa_identity: contest_id=1113428 teams 2069/2069 matched, players 167/673 matched
2026-08-19 19:07:22,785 INFO ncaa_identity: contest_id=1113437 teams 2086/2086 matched, players 319/818 matched
2026-08-19 19:07:23,291 INFO ncaa_identity: contest_id=1113445 teams 1152/2335 matched, players 3078/6613 matched
2026-08-19 19:07:23,936 INFO ncaa_identity: contest_id=1113522 teams 1937/1937 matched, players 270/738 matched
2026-08-19 19:07:24,561 INFO ncaa_identity: contest_id=1113540 teams 2343/2343 matched, players 287/853 matched
2026-08-19 19:07:25,064 INFO ncaa_identity: contest_id=1113546 teams 2134/2134 matched, players 325/837 matched
2026-08-19 19:07:25,584 INFO ncaa_identity: contest_id=1113554 teams 1592/1592 matched, players 90/481 matched
2026-08-19 19:07:26,131 INFO ncaa_identity: contest_id=1113561 teams 1006/2064 matched, players 162/777 matched
2026-08-19 19:07:26,604 INFO ncaa_identity: contest_id=1113568 teams 1881/1881 matched, players 206/662 matched
2026-08-19 19:07:27,273 INFO ncaa_identity: contest_id=1113574 teams 2304/2304 matched, players 363/915 matched
2026-08-19 19:07:27,759 INFO ncaa_identity: contest_id=1113583 teams 2030/2030 matched, players 63/566 matched
2026-08-19 19:07:28,269 INFO ncaa_identity: contest_id=1113596 teams 1766/1766 matched, players 317/739 matched
2026-08-19 19:07:28,782 INFO ncaa_identity: contest_id=1113606 teams 1766/1766 matched, players 304/724 matched
2026-08-19 19:07:29,315 INFO ncaa_identity: contest_id=1113634 teams 1974/1974 matched, players 412/877 matched
2026-08-19 19:07:29,766 INFO ncaa_identity: contest_id=1113641 teams 727/1499 matched, players 40/500 matched
2026-08-19 19:07:30,388 INFO ncaa_identity: contest_id=1113650 teams 2070/2070 matched, players 122/631 matched
2026-08-19 19:07:30,862 INFO ncaa_identity: contest_id=1113661 teams 1960/1960 matched, players 369/833 matched
2026-08-19 19:07:31,548 INFO ncaa_identity: contest_id=1113668 teams 2032/2032 matched, players 319/805 matched
2026-08-19 19:07:32,135 INFO ncaa_identity: contest_id=1113681 teams 2604/2604 matched, players 381/977 matched
2026-08-19 19:07:32,716 INFO ncaa_identity: contest_id=1113702 teams 1154/2294 matched, players 3253/6452 matched
2026-08-19 19:07:33,414 INFO ncaa_identity: contest_id=1113708 teams 2060/2060 matched, players 365/854 matched
2026-08-19 19:07:33,954 INFO ncaa_identity: contest_id=1113718 teams 1932/1932 matched, players 304/756 matched
2026-08-19 19:07:34,454 INFO ncaa_identity: contest_id=1113724 teams 1806/1806 matched, players 246/681 matched
2026-08-19 19:07:35,091 INFO ncaa_identity: contest_id=1113731 teams 1038/2102 matched, players 2942/5932 matched
2026-08-19 19:07:35,566 INFO ncaa_identity: contest_id=1113737 teams 1922/1922 matched, players 302/762 matched
2026-08-19 19:07:36,206 INFO ncaa_identity: contest_id=1113743 teams 1960/1960 matched, players 273/744 matched
2026-08-19 19:07:36,789 INFO ncaa_identity: contest_id=1113766 teams 2178/2178 matched, players 266/794 matched
2026-08-19 19:07:37,374 INFO ncaa_identity: contest_id=1113772 teams 1920/1920 matched, players 283/743 matched
2026-08-19 19:07:38,014 INFO ncaa_identity: contest_id=1113782 teams 2185/2185 matched, players 458/975 matched
2026-08-19 19:07:38,534 INFO ncaa_identity: contest_id=1113788 teams 1174/2304 matched, players 3225/6486 matched
2026-08-19 19:07:39,185 INFO ncaa_identity: contest_id=1113881 teams 2107/2107 matched, players 222/736 matched
2026-08-19 19:07:39,725 INFO ncaa_identity: contest_id=1113913 teams 2311/2311 matched, players 403/953 matched
2026-08-19 19:07:40,254 INFO ncaa_identity: contest_id=1113940 teams 1948/1948 matched, players 335/799 matched
2026-08-19 19:07:40,806 INFO ncaa_identity: contest_id=1113947 teams 1864/1864 matched, players 362/804 matched
2026-08-19 19:07:41,357 INFO ncaa_identity: contest_id=1113954 teams 2046/2046 matched, players 302/794 matched
2026-08-19 19:07:41,965 INFO ncaa_identity: contest_id=1113979 teams 2092/2092 matched, players 189/698 matched
2026-08-19 19:07:42,560 INFO ncaa_identity: contest_id=1114021 teams 1896/1896 matched, players 257/713 matched
2026-08-19 19:07:43,073 INFO ncaa_identity: contest_id=1114027 teams 1682/1682 matched, players 266/668 matched
2026-08-19 19:07:43,759 INFO ncaa_identity: contest_id=1114040 teams 2295/2295 matched, players 297/851 matched
2026-08-19 19:07:44,189 INFO ncaa_identity: contest_id=1114047 teams 1258/1258 matched, players 20/332 matched
2026-08-19 19:07:44,703 INFO ncaa_identity: contest_id=1114053 teams 1930/1930 matched, players 314/775 matched
2026-08-19 19:07:45,180 INFO ncaa_identity: contest_id=1114064 teams 1838/1838 matched, players 152/600 matched
2026-08-19 19:07:45,791 INFO ncaa_identity: contest_id=1114070 teams 2150/2150 matched, players 416/925 matched
2026-08-19 19:07:46,260 INFO ncaa_identity: contest_id=1114128 teams 1846/1846 matched, players 268/687 matched
2026-08-19 19:07:46,859 INFO ncaa_identity: contest_id=1114134 teams 1635/1635 matched, players 315/703 matched
2026-08-19 19:07:47,358 INFO ncaa_identity: contest_id=1114166 teams 1130/2247 matched, players 3202/6277 matched
2026-08-19 19:07:47,866 INFO ncaa_identity: contest_id=1114173 teams 1937/1937 matched, players 308/771 matched
2026-08-19 19:07:48,535 INFO ncaa_identity: contest_id=1114188 teams 2008/2008 matched, players 419/894 matched
2026-08-19 19:07:49,132 INFO ncaa_identity: contest_id=1114228 teams 2196/2196 matched, players 275/806 matched
2026-08-19 19:07:49,663 INFO ncaa_identity: contest_id=1114234 teams 1169/2264 matched, players 3249/6389 matched
2026-08-19 19:07:50,232 INFO ncaa_identity: contest_id=1114254 teams 1738/1738 matched, players 20/452 matched
2026-08-19 19:07:50,640 INFO ncaa_identity: contest_id=1114265 teams 1632/1632 matched, players 215/608 matched
2026-08-19 19:07:51,185 INFO ncaa_identity: contest_id=1114280 teams 2186/2186 matched, players 298/824 matched
2026-08-19 19:07:51,789 INFO ncaa_identity: contest_id=1114299 teams 1894/1894 matched, players 356/805 matched
2026-08-19 19:07:52,259 INFO ncaa_identity: contest_id=1114312 teams 2004/2004 matched, players 165/654 matched
2026-08-19 19:07:52,922 INFO ncaa_identity: contest_id=1114382 teams 2102/2102 matched, players 278/784 matched
2026-08-19 19:07:53,460 INFO ncaa_identity: contest_id=1114388 teams 1956/1956 matched, players 100/541 matched
2026-08-19 19:07:53,975 INFO ncaa_identity: contest_id=1114394 teams 2015/2015 matched, players 189/680 matched
2026-08-19 19:07:54,519 INFO ncaa_identity: contest_id=1114427 teams 931/1659 matched, players 146/585 matched
2026-08-19 19:07:54,980 INFO ncaa_identity: contest_id=1114445 teams 1747/1747 matched, players 215/636 matched
2026-08-19 19:07:55,517 INFO ncaa_identity: contest_id=1114458 teams 1736/1736 matched, players 258/676 matched
2026-08-19 19:07:56,110 INFO ncaa_identity: contest_id=1114472 teams 1938/1938 matched, players 193/663 matched
2026-08-19 19:07:56,610 INFO ncaa_identity: contest_id=1114486 teams 981/1870 matched, players 164/794 matched
2026-08-19 19:07:57,167 INFO ncaa_identity: contest_id=1114513 teams 1130/2226 matched, players 213/801 matched
2026-08-19 19:07:57,709 INFO ncaa_identity: contest_id=1114530 teams 810/1931 matched, players 159/810 matched
2026-08-19 19:07:58,239 INFO ncaa_identity: contest_id=1114553 teams 1163/2353 matched, players 3302/6612 matched
2026-08-19 19:07:58,687 INFO ncaa_identity: contest_id=1114571 teams 1624/1624 matched, players 171/566 matched
2026-08-19 19:07:59,304 INFO ncaa_identity: contest_id=1114603 teams 2209/2209 matched, players 292/824 matched
2026-08-19 19:07:59,872 INFO ncaa_identity: contest_id=1114620 teams 2040/2040 matched, players 349/834 matched
2026-08-19 19:08:00,492 INFO ncaa_identity: contest_id=1114627 teams 2672/2672 matched, players 471/1109 matched
2026-08-19 19:08:01,104 INFO ncaa_identity: contest_id=1114639 teams 2136/2136 matched, players 306/820 matched
2026-08-19 19:08:01,582 INFO ncaa_identity: contest_id=1114656 teams 1830/1830 matched, players 232/673 matched
2026-08-19 19:08:02,015 INFO ncaa_identity: contest_id=1114663 teams 1659/1659 matched, players 119/525 matched
2026-08-19 19:08:02,728 INFO ncaa_identity: contest_id=1114669 teams 2852/2852 matched, players 462/1146 matched
2026-08-19 19:08:03,252 INFO ncaa_identity: contest_id=1114682 teams 2129/2129 matched, players 303/806 matched
2026-08-19 19:08:03,967 INFO ncaa_identity: contest_id=1114710 teams 2026/2026 matched, players 242/732 matched
2026-08-19 19:08:04,508 INFO ncaa_identity: contest_id=1114716 teams 1935/1935 matched, players 288/752 matched
2026-08-19 19:08:04,978 INFO ncaa_identity: contest_id=1114752 teams 918/1806 matched, players 145/743 matched
2026-08-19 19:08:05,702 INFO ncaa_identity: contest_id=1114773 teams 2035/2035 matched, players 337/823 matched
2026-08-19 19:08:06,163 INFO ncaa_identity: contest_id=1114779 teams 1764/1764 matched, players 187/615 matched
2026-08-19 19:08:06,699 INFO ncaa_identity: contest_id=1114794 teams 2021/2021 matched, players 228/717 matched
2026-08-19 19:08:07,380 INFO ncaa_identity: contest_id=1114805 teams 2250/2250 matched, players 374/911 matched
2026-08-19 19:08:07,801 INFO ncaa_identity: contest_id=1114823 teams 1734/1734 matched, players 165/586 matched
2026-08-19 19:08:08,445 INFO ncaa_identity: contest_id=1114832 teams 1870/1870 matched, players 241/691 matched
2026-08-19 19:08:08,959 INFO ncaa_identity: contest_id=1114865 teams 1786/1786 matched, players 68/509 matched
2026-08-19 19:08:09,439 INFO ncaa_identity: contest_id=1114940 teams 2039/2039 matched, players 318/765 matched
2026-08-19 19:08:09,971 INFO ncaa_identity: contest_id=1114946 teams 1742/1742 matched, players 186/608 matched
2026-08-19 19:08:10,425 INFO ncaa_identity: contest_id=1114969 teams 1784/1784 matched, players 309/733 matched
2026-08-19 19:08:10,917 INFO ncaa_identity: contest_id=1114988 teams 2046/2046 matched, players 422/904 matched
2026-08-19 19:08:11,504 INFO ncaa_identity: contest_id=1115000 teams 1899/1899 matched, players 232/692 matched
2026-08-19 19:08:11,904 INFO ncaa_identity: contest_id=1115060 teams 1511/1511 matched, players 259/619 matched
2026-08-19 19:08:12,359 INFO ncaa_identity: contest_id=1115068 teams 1808/1808 matched, players 269/703 matched
2026-08-19 19:08:12,415 INFO 5 starters not found for period 1; using estimate
2026-08-19 19:08:12,415 INFO 5 starters not found for period 1; using estimate
2026-08-19 19:08:12,415 INFO 5 starters not found for period 2; using estimate
2026-08-19 19:08:12,416 INFO 5 starters not found for period 2; using estimate
2026-08-19 19:08:12,963 INFO ncaa_identity: contest_id=1115081 teams 2106/2106 matched, players 762/3788 matched
2026-08-19 19:08:13,405 INFO ncaa_identity: contest_id=1115098 teams 1908/1908 matched, players 251/710 matched
2026-08-19 19:08:14,077 INFO ncaa_identity: contest_id=1115112 teams 2932/2932 matched, players 617/1308 matched
2026-08-19 19:08:14,718 INFO ncaa_identity: contest_id=1115118 teams 1085/1898 matched, players 105/671 matched
2026-08-19 19:08:15,202 INFO ncaa_identity: contest_id=1115142 teams 1998/1998 matched, players 273/753 matched
2026-08-19 19:08:15,615 INFO ncaa_identity: contest_id=1115157 teams 1632/1632 matched, players 153/550 matched
2026-08-19 19:08:16,170 INFO ncaa_identity: contest_id=1115170 teams 1688/1688 matched, players 270/674 matched
2026-08-19 19:08:16,638 INFO ncaa_identity: contest_id=1115201 teams 1988/1988 matched, players 411/880 matched
2026-08-19 19:08:17,099 INFO ncaa_identity: contest_id=1115228 teams 1982/1982 matched, players 370/840 matched
2026-08-19 19:08:17,763 INFO ncaa_identity: contest_id=1115262 teams 2353/2353 matched, players 300/871 matched
2026-08-19 19:08:18,383 INFO ncaa_identity: contest_id=1115294 teams 2285/2285 matched, players 252/805 matched
2026-08-19 19:08:19,035 INFO ncaa_identity: contest_id=1115305 teams 2177/2177 matched, players 298/822 matched
2026-08-19 19:08:19,568 INFO ncaa_identity: contest_id=1115312 teams 2439/2439 matched, players 141/741 matched
2026-08-19 19:08:20,209 INFO ncaa_identity: contest_id=1115343 teams 2011/2011 matched, players 405/881 matched
2026-08-19 19:08:20,669 INFO ncaa_identity: contest_id=1115366 teams 1970/1970 matched, players 384/850 matched
2026-08-19 19:08:21,230 INFO ncaa_identity: contest_id=1115393 teams 2109/2109 matched, players 378/880 matched
2026-08-19 19:08:21,746 INFO ncaa_identity: contest_id=1115411 teams 1622/1622 matched, players 163/557 matched
2026-08-19 19:08:22,222 INFO ncaa_identity: contest_id=1115424 teams 1884/1884 matched, players 170/629 matched
2026-08-19 19:08:22,724 INFO ncaa_identity: contest_id=1115430 teams 2059/2059 matched, players 333/800 matched
2026-08-19 19:08:23,287 INFO ncaa_identity: contest_id=1115500 teams 2034/2034 matched, players 340/825 matched
2026-08-19 19:08:23,841 INFO ncaa_identity: contest_id=1115506 teams 2245/2245 matched, players 307/847 matched
2026-08-19 19:08:24,292 INFO ncaa_identity: contest_id=1115513 teams 1968/1968 matched, players 349/817 matched
2026-08-19 19:08:24,899 INFO ncaa_identity: contest_id=1115519 teams 1132/2204 matched, players 267/956 matched
2026-08-19 19:08:25,466 INFO ncaa_identity: contest_id=1115541 teams 2258/2258 matched, players 444/979 matched
2026-08-19 19:08:25,963 INFO ncaa_identity: contest_id=1115572 teams 1920/1920 matched, players 254/716 matched
2026-08-19 19:08:26,596 INFO ncaa_identity: contest_id=1115578 teams 2054/2054 matched, players 374/862 matched
2026-08-19 19:08:27,152 INFO ncaa_identity: contest_id=1115585 teams 1872/1872 matched, players 251/701 matched
2026-08-19 19:08:27,716 INFO ncaa_identity: contest_id=1115591 teams 1914/1914 matched, players 286/744 matched
2026-08-19 19:08:28,192 INFO ncaa_identity: contest_id=1115611 teams 1844/1844 matched, players 279/721 matched
2026-08-19 19:08:28,658 INFO ncaa_identity: contest_id=1115618 teams 1923/1923 matched, players 277/739 matched
2026-08-19 19:08:29,252 INFO ncaa_identity: contest_id=1115654 teams 1931/1931 matched, players 291/754 matched
2026-08-19 19:08:29,827 INFO ncaa_identity: contest_id=1115712 teams 1926/1926 matched, players 126/599 matched
2026-08-19 19:08:30,305 INFO ncaa_identity: contest_id=1115727 teams 1842/1842 matched, players 228/672 matched
2026-08-19 19:08:30,944 INFO ncaa_identity: contest_id=1115757 teams 1941/1941 matched, players 128/604 matched
2026-08-19 19:08:31,472 INFO ncaa_identity: contest_id=1115763 teams 1832/1832 matched, players 275/714 matched
2026-08-19 19:08:31,991 INFO ncaa_identity: contest_id=1115778 teams 2016/2016 matched, players 247/735 matched
2026-08-19 19:08:32,615 INFO ncaa_identity: contest_id=1115784 teams 1810/1810 matched, players 100/545 matched
2026-08-19 19:08:33,120 INFO ncaa_identity: contest_id=1115790 teams 1818/1818 matched, players 199/639 matched
2026-08-19 19:08:33,635 INFO ncaa_identity: contest_id=1115796 teams 2098/2098 matched, players 322/824 matched
2026-08-19 19:08:34,335 INFO ncaa_identity: contest_id=1115808 teams 1662/1662 matched, players 232/632 matched
2026-08-19 19:08:34,779 INFO ncaa_identity: contest_id=1115814 teams 1844/1844 matched, players 148/598 matched
2026-08-19 19:08:35,494 INFO ncaa_identity: contest_id=1115820 teams 2108/2108 matched, players 418/917 matched
2026-08-19 19:08:36,070 INFO ncaa_identity: contest_id=1115842 teams 2274/2274 matched, players 295/843 matched
2026-08-19 19:08:36,604 INFO ncaa_identity: contest_id=1115848 teams 2052/2052 matched, players 231/727 matched
2026-08-19 19:08:37,348 INFO ncaa_identity: contest_id=1115854 teams 2139/2139 matched, players 278/795 matched
2026-08-19 19:08:37,865 INFO ncaa_identity: contest_id=1115860 teams 1968/1968 matched, players 329/800 matched
2026-08-19 19:08:38,322 INFO ncaa_identity: contest_id=1115887 teams 1810/1810 matched, players 257/691 matched
2026-08-19 19:08:38,846 INFO ncaa_identity: contest_id=1115942 teams 1710/1710 matched, players 180/594 matched
2026-08-19 19:08:39,392 INFO ncaa_identity: contest_id=1115969 teams 2169/2169 matched, players 431/945 matched
2026-08-19 19:08:39,995 INFO ncaa_identity: contest_id=1115975 teams 1993/1993 matched, players 176/662 matched
2026-08-19 19:08:40,527 INFO ncaa_identity: contest_id=1115981 teams 1876/1876 matched, players 351/796 matched
2026-08-19 19:08:41,040 INFO ncaa_identity: contest_id=1115998 teams 1929/1929 matched, players 198/622 matched
2026-08-19 19:08:41,657 INFO ncaa_identity: contest_id=1116004 teams 2150/2150 matched, players 234/756 matched
2026-08-19 19:08:42,179 INFO ncaa_identity: contest_id=1116028 teams 1776/1776 matched, players 187/618 matched
2026-08-19 19:08:42,842 INFO ncaa_identity: contest_id=1116056 teams 2333/2333 matched, players 442/996 matched
2026-08-19 19:08:43,324 INFO ncaa_identity: contest_id=1116156 teams 1936/1936 matched, players 353/813 matched
2026-08-19 19:08:43,875 INFO ncaa_identity: contest_id=1116163 teams 2174/2174 matched, players 310/833 matched
2026-08-19 19:08:44,535 INFO ncaa_identity: contest_id=1116176 teams 1990/1990 matched, players 316/793 matched
2026-08-19 19:08:44,960 INFO ncaa_identity: contest_id=1116191 teams 1884/1884 matched, players 184/642 matched
2026-08-19 19:08:45,390 INFO ncaa_identity: contest_id=1116201 teams 1640/1640 matched, players 136/537 matched
2026-08-19 19:08:46,016 INFO ncaa_identity: contest_id=1116207 teams 1995/1995 matched, players 388/860 matched
2026-08-19 19:08:46,545 INFO ncaa_identity: contest_id=1116213 teams 2194/2194 matched, players 290/819 matched
2026-08-19 19:08:47,031 INFO ncaa_identity: contest_id=1116317 teams 2040/2040 matched, players 341/829 matched
2026-08-19 19:08:47,673 INFO ncaa_identity: contest_id=1116330 teams 2154/2154 matched, players 418/928 matched
2026-08-19 19:08:48,251 INFO ncaa_identity: contest_id=1116337 teams 2274/2274 matched, players 424/963 matched
2026-08-19 19:08:48,926 INFO ncaa_identity: contest_id=1116418 teams 2162/2162 matched, players 439/950 matched
2026-08-19 19:08:49,547 INFO ncaa_identity: contest_id=1116433 teams 2243/2243 matched, players 340/875 matched
2026-08-19 19:08:49,995 INFO ncaa_identity: contest_id=1116448 teams 1621/1621 matched, players 134/530 matched
2026-08-19 19:08:50,615 INFO ncaa_identity: contest_id=1116470 teams 1711/1711 matched, players 184/600 matched
2026-08-19 19:08:51,150 INFO ncaa_identity: contest_id=1116476 teams 2009/2009 matched, players 181/671 matched
2026-08-19 19:08:51,675 INFO ncaa_identity: contest_id=1116482 teams 1646/1646 matched, players 210/607 matched
2026-08-19 19:08:52,260 INFO ncaa_identity: contest_id=1116498 teams 1903/1903 matched, players 208/670 matched
2026-08-19 19:08:52,832 INFO ncaa_identity: contest_id=1116510 teams 2428/2428 matched, players 411/990 matched
2026-08-19 19:08:52,895 INFO 5 starters not found for period 1; using estimate
2026-08-19 19:08:52,2026-08-19 19:08:52,922 INFO ncaa_identity: contest_id=1116496 teams 1872/1872 matched, players 372/814 matched
2026-08-19 19:08:52,984 INFO 5 starters not found for period 1; using estimate
2026-08-19 19:08:52,985 INF2026-08-19 19:08:53,473 INFO ncaa_identity: contest_id=1116516 teams 2123/2123 matched, players 345/3354 matched
2026-08-19 19:08:53,939 INFO ncaa_identity: contest_id=1116530 teams 1880/1880 matched, players 241/694 matched
2026-08-19 19:08:54,405 INFO ncaa_identity: contest_id=1116579 teams 1790/1790 matched, players 302/729 matched
2026-08-19 19:08:55,019 INFO ncaa_identity: contest_id=1116606 teams 1831/1831 matched, players 279/718 matched
2026-08-19 19:08:55,598 INFO ncaa_identity: contest_id=1116613 teams 2162/2162 matched, players 438/949 matched
2026-08-19 19:08:56,178 INFO ncaa_identity: contest_id=1116623 teams 1712/1712 matched, players 108/528 matched
2026-08-19 19:08:56,761 INFO ncaa_identity: contest_id=1116629 teams 2662/2662 matched, players 454/1090 matched
2026-08-19 19:08:57,399 INFO ncaa_identity: contest_id=1116640 teams 2341/2341 matched, players 404/964 matched
2026-08-19 19:08:58,012 INFO ncaa_identity: contest_id=1116664 teams 1785/1785 matched, players 94/533 matched
2026-08-19 19:08:58,506 INFO ncaa_identity: contest_id=1116676 teams 1912/1912 matched, players 241/703 matched
2026-08-19 19:08:58,960 INFO ncaa_identity: contest_id=1116687 teams 1824/1824 matched, players 355/787 matched
2026-08-19 19:08:59,582 INFO ncaa_identity: contest_id=1116744 teams 1850/1850 matched, players 164/585 matched
2026-08-19 19:09:00,146 INFO ncaa_identity: contest_id=1116762 teams 2436/2436 matched, players 415/998 matched
2026-08-19 19:09:00,655 INFO ncaa_identity: contest_id=1116809 teams 1568/1568 matched, players 187/565 matched
2026-08-19 19:09:01,146 INFO ncaa_identity: contest_id=1116824 teams 1993/1993 matched, players 162/649 matched
2026-08-19 19:09:01,708 INFO ncaa_identity: contest_id=1116835 teams 2100/2100 matched, players 366/865 matched
2026-08-19 19:09:02,337 INFO ncaa_identity: contest_id=1116917 teams 2006/2006 matched, players 323/803 matched
2026-08-19 19:09:02,782 INFO ncaa_identity: contest_id=1116928 teams 1600/1600 matched, players 211/596 matched
2026-08-19 19:09:03,254 INFO ncaa_identity: contest_id=1116947 teams 1994/1994 matched, players 256/736 matched
2026-08-19 19:09:03,967 INFO ncaa_identity: contest_id=1116953 teams 2016/2016 matched, players 334/815 matched
2026-08-19 19:09:04,532 INFO ncaa_identity: contest_id=1117003 teams 2007/2007 matched, players 325/804 matched
2026-08-19 19:09:05,072 INFO ncaa_identity: contest_id=1117012 teams 2210/2210 matched, players 265/799 matched
2026-08-19 19:09:05,724 INFO ncaa_identity: contest_id=1117021 teams 2020/2020 matched, players 249/737 matched
2026-08-19 19:09:06,172 INFO ncaa_identity: contest_id=1117027 teams 1772/1772 matched, players 181/611 matched
2026-08-19 19:09:06,856 INFO ncaa_identity: contest_id=1117035 teams 2051/2051 matched, players 285/743 matched
2026-08-19 19:09:07,316 INFO ncaa_identity: contest_id=1117045 teams 1751/1751 matched, players 175/600 matched
2026-08-19 19:09:07,908 INFO ncaa_identity: contest_id=1117051 teams 2249/2249 matched, players 307/848 matched
2026-08-19 19:09:08,554 INFO ncaa_identity: contest_id=1117061 teams 2253/2253 matched, players 516/1045 matched
2026-08-19 19:09:09,059 INFO ncaa_identity: contest_id=1117080 teams 1717/1717 matched, players 241/654 matched
2026-08-19 19:09:09,693 INFO ncaa_identity: contest_id=1117086 teams 2172/2172 matched, players 225/753 matched
2026-08-19 19:09:10,206 INFO ncaa_identity: contest_id=1117098 teams 1914/1914 matched, players 289/749 matched
2026-08-19 19:09:10,652 INFO ncaa_identity: contest_id=1117104 teams 1059/1766 matched, players 153/610 matched
2026-08-19 19:09:11,084 INFO ncaa_identity: contest_id=1117125 teams 1692/1692 matched, players 121/535 matched
2026-08-19 19:09:11,804 INFO ncaa_identity: contest_id=1117148 teams 2448/2448 matched, players 533/1109 matched
2026-08-19 19:09:12,311 INFO ncaa_identity: contest_id=1117162 teams 2146/2146 matched, players 390/900 matched
2026-08-19 19:09:12,935 INFO ncaa_identity: contest_id=1117168 teams 1851/1851 matched, players 269/714 matched
2026-08-19 19:09:13,492 INFO ncaa_identity: contest_id=1117182 teams 2322/2322 matched, players 156/725 matched
2026-08-19 19:09:14,082 INFO ncaa_identity: contest_id=1117263 teams 1738/1738 matched, players 162/585 matched
2026-08-19 19:09:14,619 INFO ncaa_identity: contest_id=1117272 teams 2312/2312 matched, players 327/882 matched
2026-08-19 19:09:15,057 INFO ncaa_identity: contest_id=1117283 teams 1774/1774 matched, players 258/683 matched
2026-08-19 19:09:15,118 INFO 5 starters not found for period 1; using estimate
2026-082026-08-19 19:09:15,431 INFO ncaa_identity: contest_id=1117289 teams 1880/1880 matched, players 143/603 matched
2026-08-19 19:09:16,042 INFO ncaa_identity: contest_id=1117316 teams 2548/2548 matched, players 257/876 matched
2026-08-19 19:09:16,542 INFO ncaa_identity: contest_id=1117329 teams 2212/2212 matched, players 183/723 matched
2026-08-19 19:09:17,183 INFO ncaa_identity: contest_id=1117336 teams 1824/1824 matched, players 355/787 matched
2026-08-19 19:09:17,662 INFO ncaa_identity: contest_id=1117345 teams 1986/1986 matched, players 176/659 matched
2026-08-19 19:09:18,031 INFO ncaa_identity: contest_id=1117383 teams 1311/1311 matched, players 20/325 matched
2026-08-19 19:09:18,694 INFO ncaa_identity: contest_id=1117401 teams 1746/1746 matched, players 237/657 matched
2026-08-19 19:09:19,228 INFO ncaa_identity: contest_id=1117407 teams 2126/2126 matched, players 286/797 matched
2026-08-19 19:09:19,780 INFO ncaa_identity: contest_id=1117447 teams 2296/2296 matched, players 409/956 matched
2026-08-19 19:09:20,376 INFO ncaa_identity: contest_id=1117473 teams 1720/1720 matched, players 233/647 matched
2026-08-19 19:09:20,879 INFO ncaa_identity: contest_id=1117512 teams 2198/2198 matched, players 275/805 matched
2026-08-19 19:09:21,498 INFO ncaa_identity: contest_id=1117529 teams 2287/2287 matched, players 365/913 matched
2026-08-19 19:09:21,942 INFO ncaa_identity: contest_id=1117558 teams 1764/1764 matched, players 265/689 matched
2026-08-19 19:09:22,447 INFO ncaa_identity: contest_id=1117564 teams 1503/1503 matched, players 88/458 matched
2026-08-19 19:09:23,021 INFO ncaa_identity: contest_id=1117579 teams 1807/1807 matched, players 258/692 matched
2026-08-192026-08-19 19:09:23,703 INFO ncaa_identity: contest_id=1117586 teams 2167/2167 matched, players 394/8962026-08-192026-08-19 19:09:24,162 INFO ncaa_identity: contest_id=1117592 teams 1859/1859 matched, players 317/7262026-08-192026-08-19 19:09:24,723 INFO ncaa_identity: contest_id=1117607 teams 1729/1729 matched, players 254/6682026-08-192026-08-19 19:09:25,220 INFO ncaa_identity: contest_id=1117642 teams 1875/1875 matched, players 223/676 2026-08-12026-08-19 19:09:25,688 INFO ncaa_identity: contest_id=1117648 teams 1802/1802 matched, players 236/670 2026-08-12026-08-19 19:09:26,299 INFO ncaa_identity: contest_id=1117666 teams 2055/2055 matched, players 302/795 2026-08-12026-08-19 19:09:26,854 INFO ncaa_identity: contest_id=1117687 teams 2047/2047 matched, players 317/807 2026-08-12026-08-19 19:09:27,555 INFO ncaa_identity: contest_id=1117699 teams 2042/2042 matched, players 226/721 2026-08-12026-08-19 19:09:28,031 INFO ncaa_identity: contest_id=1117716 teams 1756/1756 matched, players 104/535 2026-08-12026-08-19 19:09:28,572 INFO ncaa_identity: contest_id=1117739 teams 2338/2338 matched, players 434/990 2026-08-12026-08-19 19:09:29,224 INFO ncaa_identity: contest_id=1117753 teams 1090/2063 matched, players 138/6812026-08-192026-08-19 19:09:29,792 INFO ncaa_identity: contest_id=1117759 teams 2222/2222 matched, players 360/8922026-08-192026-08-19 19:09:30,384 INFO ncaa_identity: contest_id=1117768 teams 2212/2212 matched, players 167/7092026-08-192026-08-19 19:09:31,045 INFO ncaa_identity: contest_id=1117778 teams 1948/1948 matched, players 285/7522026-08-192026-08-19 19:09:31,582 INFO ncaa_identity: contest_id=1117844 teams 2076/2076 matched, players 365/860 matched
2026-08-19 19:09:32,277 INFO ncaa_identity: contest_id=1117878 teams 2282/2282 matched, players 380/924 matched
2026-08-19 19:09:32,798 INFO ncaa_identity: contest_id=1117894 teams 2250/2250 matched, players 259/803 matched
2026-08-19 19:09:33,321 INFO ncaa_identity: contest_id=1117918 teams 1572/1572 matched, players 127/510 matched
2026-08-19 19:09:33,917 INFO ncaa_identity: contest_id=1117924 teams 1770/1770 matched, players 205/634 matched
2026-08-19 19:09:34,484 INFO ncaa_identity: contest_id=1117944 teams 1915/1915 matched, players 154/622 matched
2026-08-19 19:09:35,015 INFO ncaa_identity: contest_id=1117950 teams 2072/2072 matched, players 351/846 matched
2026-08-19 19:09:35,567 INFO ncaa_identity: contest_id=1117969 teams 1714/1714 matched, players 310/717 matched
2026-08-19 19:09:36,132 INFO ncaa_identity: contest_id=1118006 teams 2440/2440 matched, players 433/1014 matched
2026-08-19 19:09:36,670 INFO ncaa_identity: contest_id=1118019 teams 1261/2224 matched, players 221/929 matched
2026-08-19 19:09:37,463 INFO ncaa_identity: contest_id=1118041 teams 2258/2258 matched, players 294/840 matched
2026-08-19 19:09:37,960 INFO ncaa_identity: contest_id=1118047 teams 2012/2012 matched, players 305/759 matched
2026-08-19 19:09:38,453 INFO ncaa_identity: contest_id=1118053 teams 1822/1822 matched, players 136/543 matched
2026-08-19 19:09:38,973 INFO ncaa_identity: contest_id=1118074 teams 1739/1739 matched, players 10/443 matched
2026-08-19 19:09:39,479 INFO ncaa_identity: contest_id=1118088 teams 1028/1807 matched, players 106/567 matched
2026-08-19 19:09:39,997 INFO ncaa_identity: contest_id=1118109 teams 1722/1722 matched, players 291/701 matched
2026-08-19 19:09:40,555 INFO ncaa_identity: contest_id=1118116 teams 1880/1880 matched, players 239/693 matched
2026-08-19 19:09:41,124 INFO ncaa_identity: contest_id=1118122 teams 2171/2171 matched, players 351/870 matched
2026-08-19 19:09:41,546 INFO ncaa_identity: contest_id=1118141 teams 1638/1638 matched, players 196/591 matched
2026-08-19 19:09:42,111 INFO ncaa_identity: contest_id=1118147 teams 1899/1899 matched, players 322/775 matched
2026-08-19 19:09:42,538 INFO ncaa_identity: contest_id=1118167 teams 1728/1728 matched, players 143/565 matched
2026-08-19 19:09:43,098 INFO ncaa_identity: contest_id=1118173 teams 2300/2300 matched, players 429/977 matched
2026-08-19 19:09:43,700 INFO ncaa_identity: contest_id=1118194 teams 1882/1882 matched, players 310/758 matched
2026-08-19 19:09:44,277 INFO ncaa_identity: contest_id=1118223 teams 1868/1868 matched, players 222/673 matched
2026-08-19 19:09:44,871 INFO ncaa_identity: contest_id=1118298 teams 2042/2042 matched, players 302/792 matched
2026-08-19 19:09:45,317 INFO ncaa_identity: contest_id=1118304 teams 1928/1928 matched, players 158/629 matched
2026-08-19 19:09:45,858 INFO ncaa_identity: contest_id=1118312 teams 2121/2121 matched, players 325/800 matched
2026-08-19 19:09:46,559 INFO ncaa_identity: contest_id=1118319 teams 2366/2366 matched, players 432/995 matched
2026-08-19 19:09:47,029 INFO ncaa_identity: contest_id=1118336 teams 1725/1725 matched, players 208/622 matched
2026-08-19 19:09:47,427 INFO ncaa_identity: contest_id=1118344 teams 1573/1573 matched, players 10/402 matched
2026-08-19 19:09:47,928 INFO ncaa_identity: contest_id=1118364 teams 1412/1412 matched, players 181/521 matched
2026-08-19 19:09:48,409 INFO ncaa_identity: contest_id=1118392 teams 1856/1856 matched, players 214/638 matched
2026-08-19 19:09:48,898 INFO ncaa_identity: contest_id=1118425 teams 1699/1699 matched, players 275/682 matched
2026-08-19 19:09:49,311 INFO ncaa_identity: contest_id=1118452 teams 1458/1458 matched, players 118/474 m2026-08-2026-08-19 19:09:49,924 INFO ncaa_identity: contest_id=1118472 teams 1863/1863 matched, players 245/694 matched
2026-08-19 19:09:50,525 INFO ncaa_identity: contest_id=1118482 teams 2066/2066 matched, players 306/801 matched
2026-08-19 19:09:51,095 INFO ncaa_identity: contest_id=1118559 teams 2052/2052 matched, players 372/859 matched
2026-08-19 19:09:51,515 INFO ncaa_identity: contest_id=1118590 teams 1690/1690 matched, players 202/610 matched
2026-08-19 19:09:51,861 INFO ncaa_identity: contest_id=1118621 teams 1446/1446 matched, players 95/426 mat2026-02026-08-19 19:09:52,353 INFO ncaa_identity: contest_id=1118627 teams 1732/1732 matched, players 131/554 matc2026-2026-08-19 19:09:52,966 INFO ncaa_identity: contest_id=1118633 teams 2010/2010 matched, players 318/799 matc2026-2026-08-19 19:09:53,453 INFO ncaa_identity: contest_id=1118639 teams 1837/1837 matched, players 346/782 matc2026-2026-08-19 19:09:53,985 INFO ncaa_identity: contest_id=1118658 teams 1770/1770 matched, players 232/658 matc2026-2026-08-19 19:09:54,492 INFO ncaa_identity: contest_id=1118709 teams 2026/2026 matched, players 346/829 matc2026-2026-08-19 19:09:55,084 INFO ncaa_identity: contest_id=1118718 teams 1926/1926 matched, players 301/763 matc2026-2026-08-19 19:09:55,740 INFO ncaa_identity: contest_id=1118730 teams 1996/1996 matched, players 138/628 matc2026-2026-08-19 19:09:56,202 INFO ncaa_identity: contest_id=1118780 teams 1948/1948 matched, players 279/747 mat2026-02026-08-19 19:09:56,724 INFO ncaa_identity: contest_id=1118787 teams 1987/1987 matched, players 236/717 mat2026-02026-08-19 19:09:57,298 INFO ncaa_identity: contest_id=1118793 teams 2118/2118 matched, players 192/661 mat2026-02026-08-19 19:09:57,809 INFO ncaa_identity: contest_id=1118799 teams 1899/1899 matched, players 301/729 mat2026-02026-08-19 19:09:58,382 INFO ncaa_identity: contest_id=1118809 teams 1943/1943 matched, players 316/783 matc2026-2026-08-19 19:09:58,959 INFO ncaa_identity: contest_id=1118815 teams 1854/1854 matched, players 269/713 matc2026-2026-08-19 19:09:59,668 INFO ncaa_identity: contest_id=1118821 teams 3099/3099 matched, players 238/1012 mat2026-02026-08-19 19:10:00,260 INFO ncaa_identity: contest_id=1118846 teams 1738/1738 matched, players 314/727 mat2026-02026-08-19 19:10:00,828 INFO ncaa_identity: contest_id=1118859 teams 2414/2414 matched, players 516/1086 ma2026-082026-08-19 19:10:01,290 INFO ncaa_identity: contest_id=1118896 teams 1804/1804 matched, players 189/627 ma2026-082026-08-19 19:10:01,879 INFO ncaa_identity: contest_id=1118933 teams 1988/1988 matched, players 269/747 ma2026-082026-08-19 19:10:02,492 INFO ncaa_identity: contest_id=1118950 teams 2322/2322 matched, players 289/850 ma2026-082026-08-19 19:10:03,129 INFO ncaa_identity: contest_id=1118956 teams 1983/1983 matched, players 239/718 matched
2026-08-19 19:10:03,655 INFO ncaa_identity: contest_id=1118962 teams 1742/1742 matched, players 182/605 matched
2026-08-19 19:10:04,150 INFO ncaa_identity: contest_id=1118968 teams 1933/1933 matched, players 178/649 ma2026-082026-08-19 19:10:04,735 INFO ncaa_identity: contest_id=1118975 teams 599/1549 matched, players 88/572 matc2026-2026-08-19 19:10:05,273 INFO ncaa_identity: contest_id=1118996 teams 2119/2119 matched, players 186/704 matc2026-2026-08-19 19:10:05,775 INFO ncaa_identity: contest_id=1119002 teams 2044/2044 matched, players 202/699 matc2026-2026-08-19 19:10:06,401 INFO ncaa_identity: contest_id=1119027 teams 2198/2198 matched, players 142/681 matc2026-2026-08-19 19:10:06,922 INFO ncaa_identity: contest_id=1119046 teams 1873/1873 matched, players 254/705 matc2026-2026-08-19 19:10:07,480 INFO ncaa_identity: contest_id=1119061 teams 2116/2116 matched, players 246/734 mat2026-02026-08-19 19:10:08,078 INFO ncaa_identity: contest_id=1119070 teams 1772/1772 matched, players 349/768 mat2026-02026-08-19 19:10:08,516 INFO ncaa_identity: contest_id=1119076 teams 1620/1620 matched, players 131/526 mat2026-02026-08-19 19:10:08,942 INFO ncaa_identity: contest_id=1119083 teams 1444/1444 matched, players 175/523 mat2026-02026-08-19 19:10:09,674 INFO ncaa_identity: contest_id=1119104 teams 2712/2712 matched, players 455/1102 ma2026-082026-08-19 19:10:10,189 INFO ncaa_identity: contest_id=1119112 teams 1779/1779 matched, players 181/613 ma2026-082026-08-19 19:10:10,870 INFO ncaa_identity: contest_id=1119126 teams 2073/2073 matched, players 399/891 ma2026-082026-08-19 19:10:11,382 INFO ncaa_identity: contest_id=1119136 teams 1190/2146 matched, players 225/858 ma2026-082026-08-19 19:10:11,959 INFO ncaa_identity: contest_id=1119152 teams 2552/2552 matched, players 310/927 ma2026-082026-08-19 19:10:12,542 INFO ncaa_identity: contest_id=1119167 teams 1750/1750 matched, players 218/641 ma2026-082026-08-19 19:10:13,162 INFO ncaa_identity: contest_id=1119189 teams 2052/2052 matched, players 413/877 mat2026-02026-08-19 19:10:13,872 INFO ncaa_identity: contest_id=1119196 teams 2111/2111 matched, players 317/822 matched
2026-08-19 19:10:14,405 INFO ncaa_identity: contest_id=1119235 teams 2161/2161 matched, players 329/846 matched
2026-08-19 19:10:14,935 INFO ncaa_identity: contest_id=1119247 teams 2035/2035 matched, players 277/768 matched
2026-08-19 19:10:15,461 INFO ncaa_identity: contest_id=1119330 teams 1710/1710 matched, players 132/550 matched
2026-08-19 19:10:15,979 INFO ncaa_identity: contest_id=1119337 teams 2262/2262 matched, players 368/909 mat2026-02026-08-19 19:10:16,501 INFO ncaa_identity: contest_id=1119354 teams 2111/2111 matched, players 192/707 matc2026-2026-08-19 19:10:17,113 INFO ncaa_identity: contest_id=1119369 teams 2083/2083 matched, players 368/865 matched
2026-08-19 19:10:17,636 INFO ncaa_identity: contest_id=1119375 teams 1975/1975 matched, players 243/720 matched
2026-08-19 19:10:18,092 INFO ncaa_identity: contest_id=1119383 teams 1021/1986 matched, players 120/711 ma2026-082026-08-19 19:10:18,661 INFO ncaa_identity: contest_id=1119391 teams 1907/1907 matched, players 342/795 matched
2026-08-19 19:10:19,092 INFO ncaa_identity: contest_id=1119444 teams 853/1626 matched, players 12/482 matc2026-2026-08-19 19:10:19,584 INFO ncaa_identity: contest_id=1119450 teams 1674/1674 matched, players 258/658 matc2026-2026-08-19 19:10:20,372 INFO ncaa_identity: contest_id=1119456 teams 2492/2492 matched, players 423/981 matched
2026-08-19 19:10:20,890 INFO ncaa_identity: contest_id=1119464 teams 1885/1885 matched, players 359/806 matc2026-2026-08-19 19:10:21,455 INFO ncaa_identity: contest_id=1119542 teams 1948/1948 matched, players 270/738 matc2026-2026-08-19 19:10:22,090 INFO ncaa_identity: contest_id=1119548 teams 2312/2312 matched, players 467/1015 mat2026-02026-08-19 19:10:22,535 INFO ncaa_identity: contest_id=1119554 teams 1687/1687 matched, players 273/676 mat2026-02026-08-19 19:10:23,197 INFO ncaa_identity: contest_id=1119560 teams 2041/2041 matched, players 328/816 mat2026-02026-08-19 19:10:23,685 INFO ncaa_identity: contest_id=1119566 teams 2041/2041 matched, players 317/805 mat2026-02026-08-19 19:10:24,337 INFO ncaa_identity: contest_id=1119572 teams 2316/2316 matched, players 498/1044 ma2026-082026-08-19 19:10:24,851 INFO ncaa_identity: contest_id=1119578 teams 1898/1898 matched, players 242/701 ma2026-082026-08-19 19:10:25,315 INFO ncaa_identity: contest_id=1119586 teams 1800/1800 matched, players 285/716 ma2026-082026-08-19 19:10:25,970 INFO ncaa_identity: contest_id=1119675 teams 926/1916 matched, players 197/803 mat2026-02026-08-19 19:10:26,448 INFO ncaa_identity: contest_id=1119688 teams 1771/1771 matched, players 247/672 mat2026-02026-08-19 19:10:26,908 INFO ncaa_identity: contest_id=1119694 teams 1912/1912 matched, players 384/836 mat2026-02026-08-19 19:10:27,585 INFO ncaa_identity: contest_id=1119706 teams 1026/2156 matched, players 156/854 mat2026-02026-08-19 19:10:28,066 INFO ncaa_identity: contest_id=1119712 teams 2022/2022 matched, players 364/844 matched
2026-08-19 19:10:28,739 INFO ncaa_identity: contest_id=1119718 teams 2082/2082 matched, players 368/864 matched
2026-08-19 19:10:29,198 INFO ncaa_identity: contest_id=1119724 teams 1835/1835 matched, players 257/698 matched
2026-08-19 19:10:29,717 INFO ncaa_identity: contest_id=1119730 teams 1926/1926 matched, players 259/723 matched
2026-08-19 19:10:30,293 INFO ncaa_identity: contest_id=1119736 teams 1878/1878 matched, players 322/770 matched
2026-08-19 19:10:30,755 INFO ncaa_identity: contest_id=1119839 teams 1704/1704 matched, players 149/565 matched
2026-08-19 19:10:31,212 INFO ncaa_identity: contest_id=1119845 teams 1934/1934 matched, players 218/686 ma2026-082026-08-19 19:10:31,671 INFO ncaa_identity: contest_id=1119851 teams 1780/1780 matched, players 105/543 ma2026-082026-08-19 19:10:32,352 INFO ncaa_identity: contest_id=1119928 teams 2178/2178 matched, players 219/748 mat2026-02026-08-19 19:10:32,928 INFO ncaa_identity: contest_id=1119940 teams 2434/2434 matched, players 353/938 mat2026-02026-08-19 19:10:33,547 INFO ncaa_identity: contest_id=1119947 teams 2105/2105 matched, players 256/765 matched
2026-08-19 19:10:34,043 INFO ncaa_identity: contest_id=1119955 teams 1827/1827 matched, players 116/564 matched
2026-08-19 19:10:34,652 INFO ncaa_identity: contest_id=1119963 teams 1978/1978 matched, players 287/762 matched
2026-08-19 19:10:35,265 INFO ncaa_identity: contest_id=1119972 teams 2088/2088 matched, players 527/1012 matched
2026-08-19 19:10:35,848 INFO ncaa_identity: contest_id=1119978 teams 2181/2181 matched, players 271/797 matched
2026-08-19 19:10:36,485 INFO ncaa_identity: contest_id=1119990 teams 2045/2045 matched, players 333/821 matched
2026-08-19 19:10:37,056 INFO ncaa_identity: contest_id=1119998 teams 2082/2082 matched, players 346/843 matched
2026-08-19 19:10:37,541 INFO ncaa_identity: contest_id=1120004 teams 1964/1964 matched, players 301/772 2026-08-12026-08-19 19:10:38,202 INFO ncaa_identity: contest_id=1120011 teams 2364/2364 matched, players 87/672 matched
2026-08-19 19:10:38,779 INFO ncaa_identity: contest_id=1120048 teams 2458/2458 matched, players 313/907 matched
2026-08-19 19:10:39,409 INFO ncaa_identity: contest_id=1120070 teams 2040/2040 matched, players 350/836 matched
2026-08-19 19:10:39,943 INFO ncaa_identity: contest_id=1120102 teams 2118/2118 matched, players 361/821 matched
2026-08-19 19:10:40,504 INFO ncaa_identity: contest_id=1120168 teams 2192/2192 matched, players 400/922 matched
2026-08-19 19:10:41,067 INFO ncaa_identity: contest_id=1120176 teams 1702/1702 matched, players 93/511 matched
2026-08-19 19:10:41,701 INFO ncaa_identity: contest_id=1120222 teams 2498/2498 matched, players 445/1039 matched
2026-08-19 19:10:42,351 INFO ncaa_identity: contest_id=1120233 teams 1878/1878 matched, players 348/794 matched
2026-08-19 19:10:42,815 INFO ncaa_identity: contest_id=1120260 teams 1910/1910 matched, players 202/665 matched
2026-08-19 19:10:43,330 INFO ncaa_identity: contest_id=1120266 teams 1673/1673 matched, players 228/605 matched
2026-08-19 19:10:43,953 INFO ncaa_identity: contest_id=1120272 teams 1964/1964 matched, players 263/737 matched
2026-08-19 19:10:44,466 INFO ncaa_identity: contest_id=1120326 teams 2042/2042 matched, players 354/840 matched
2026-08-19 19:10:45,035 INFO ncaa_identity: contest_id=1120342 teams 2006/2006 matched, players 272/755 matched
2026-08-19 19:10:45,487 INFO ncaa_identity: contest_id=1120369 teams 1806/1806 matched, players 250/684 matched
2026-08-19 19:10:45,894 INFO ncaa_identity: contest_id=1120377 teams 1690/1690 matched, players 282/684 matched
2026-08-19 19:10:46,568 INFO ncaa_identity: contest_id=1120394 teams 1796/1796 matched, players 229/662 matched
2026-08-19 19:10:47,028 INFO ncaa_identity: contest_id=1120400 teams 1470/1470 matched, players 20/385 matched
2026-08-19 19:10:47,450 INFO ncaa_identity: contest_id=1120406 teams 1636/1636 matched, players 237/630 matched
2026-08-19 19:10:48,183 INFO ncaa_identity: contest_id=1120413 teams 2640/2640 matched, players 543/1169 matched
2026-08-19 19:10:48,693 INFO ncaa_identity: contest_id=1120442 teams 1788/1788 matched, players 127/565 matched
2026-08-19 19:10:49,140 INFO ncaa_identity: contest_id=1120481 teams 1811/1811 matched, players 226/659 matched
2026-08-19 19:10:49,719 INFO ncaa_identity: contest_id=1120492 teams 2100/2100 matched, players 313/816 matched
2026-08-19 19:10:50,284 INFO ncaa_identity: contest_id=1120509 teams 1977/1977 matched, players 264/712 matched
2026-08-19 19:10:50,959 INFO ncaa_identity: contest_id=1120521 teams 2092/2092 matched, players 273/778 matched
2026-08-19 19:10:51,418 INFO ncaa_identity: contest_id=1120561 teams 1549/1549 matched, players 247/618 matched
2026-08-19 19:10:51,956 INFO ncaa_identity: contest_id=1120579 teams 2158/2158 matched, players 285/805 matched
2026-08-19 19:10:52,610 INFO ncaa_identity: contest_id=1120611 teams 2016/2016 matched, players 217/706 matched
2026-08-19 19:10:53,250 INFO ncaa_identity: contest_id=1120621 teams 2419/2419 matched, players 419/997 matched
2026-08-19 19:10:53,791 INFO ncaa_identity: contest_id=1120634 teams 1780/1780 matched, players 250/677 matched
2026-08-19 19:10:54,389 INFO ncaa_identity: contest_id=1120650 teams 2152/2152 matched, players 429/939 matched
2026-08-19 19:10:54,868 INFO ncaa_identity: contest_id=1120697 teams 1904/1904 matched, players 273/730 matched
2026-08-19 19:10:55,545 INFO ncaa_identity: contest_id=1120704 teams 2032/2032 matched, players 235/726 matched
2026-08-19 19:10:56,253 INFO ncaa_identity: contest_id=1120752 teams 2555/2555 matched, players 386/1001 matched
2026-08-19 19:10:56,692 INFO ncaa_identity: contest_id=1120759 teams 1880/1880 matched, players 271/723 matched
2026-08-19 19:10:57,245 INFO ncaa_identity: contest_id=1120769 teams 1560/1560 matched, players 219/593 matched
2026-08-19 19:10:57,714 INFO ncaa_identity: contest_id=1120787 teams 1783/1783 matched, players 295/695 matched
2026-08-19 19:10:58,306 INFO ncaa_identity: contest_id=1120793 teams 2348/2348 matched, players 375/936 matched
2026-08-19 19:10:58,948 INFO ncaa_identity: contest_id=1120813 teams 922/1877 matched, players 81/739 matched
2026-08-19 19:10:59,502 INFO ncaa_identity: contest_id=1120836 teams 2305/2305 matched, players 470/1014 matched
2026-08-19 19:11:00,181 INFO ncaa_identity: contest_id=1120864 teams 2424/2424 matched, players 503/1076 matched
2026-08-19 19:11:00,642 INFO ncaa_identity: contest_id=1120875 teams 1930/1930 matched, players 199/668 matched
2026-08-19 19:11:01,146 INFO ncaa_identity: contest_id=1120887 teams 2028/2028 matched, players 372/854 matched
2026-08-19 19:11:01,795 INFO ncaa_identity: contest_id=1120894 teams 1723/1723 matched, players 249/662 matched
2026-08-19 19:11:02,358 INFO ncaa_identity: contest_id=1120923 teams 2088/2088 matched, players 253/757 matched
2026-08-19 19:11:03,040 INFO ncaa_identity: contest_id=1120938 teams 1878/1878 matched, players 166/624 matched
2026-08-19 19:11:03,517 INFO ncaa_identity: contest_id=1121014 teams 1883/1883 matched, players 267/720 matched
2026-08-19 19:11:04,062 INFO ncaa_identity: contest_id=1121031 teams 1728/1728 matched, players 169/590 matched
2026-08-19 19:11:04,761 INFO ncaa_identity: contest_id=1121064 teams 1863/1863 matched, players 105/569 matched
2026-08-19 19:11:05,295 INFO ncaa_identity: contest_id=1121080 teams 1889/1889 matched, players 282/735 matched
2026-08-19 19:11:05,789 INFO ncaa_identity: contest_id=1121102 teams 1982/1982 matched, players 202/684 matched
2026-08-19 19:11:05,946 INFO 5 starters not found for period 1; using estimate
2026-08-19 19:11:05,947 INFO 5 starters not found for period 1; using estimate
2026-08-19 19:11:05,947 INFO 5 starters not found for period 2026-08-19 19:11:06,347 INFO ncaa_identity: contest_id=1121212 teams 1916/1916 matched, players 3352026-08-19 19:2026-08-19 19:11:06,735 INFO ncaa_identity: contest_id=1121226 teams 1521/1521 matched, players 20/32026-08-19 12026-08-19 19:11:07,457 INFO ncaa_identity: contest_id=1121238 teams 2288/2288 matched, players 449/92026-08-19 12026-08-19 19:11:08,009 INFO ncaa_identity: contest_id=1121245 teams 1917/1917 matched, players 264/705 matched
2026-08-19 19:11:08,538 INFO ncaa_identity: contest_id=1121264 teams 1758/1758 matched, players 222/62026-08-19 12026-08-19 19:11:09,054 INFO ncaa_identity: contest_id=1121314 teams 2332/2332 matched, players 375/92026-08-19 12026-08-19 19:11:09,556 INFO ncaa_identity: contest_id=1121320 teams 1852/1852 matched, players 146/52026-08-19 12026-08-19 19:11:10,253 INFO ncaa_identity: contest_id=1121347 teams 2442/2442 matched, players 307/895 matched
2026-08-19 19:11:10,751 INFO ncaa_identity: contest_id=1121353 teams 1850/1850 matched, players 257/702 matched
2026-08-19 19:11:11,399 INFO ncaa_identity: contest_id=1121359 teams 2216/2216 matched, players 372/901 matched
2026-08-19 19:11:11,842 INFO ncaa_identity: contest_id=1121386 teams 1598/1598 matched, players 220/604 matched
2026-08-19 19:11:12,363 INFO ncaa_identity: contest_id=1121394 teams 2162/2162 matched, players 316/837 matched
2026-08-19 19:11:12,966 INFO ncaa_identity: contest_id=1121400 teams 986/1786 matched, players 135/710 matched
2026-08-19 19:11:13,554 INFO ncaa_identity: contest_id=1121406 teams 2218/2218 matched, players 441/966 matched
2026-08-19 19:11:14,245 INFO ncaa_identity: contest_id=1121412 teams 2231/2231 matched, players 353/887 matched
2026-08-19 19:11:14,743 INFO ncaa_identity: contest_id=1121418 teams 1890/1890 matched, players 312/763 matched
2026-08-19 19:11:15,259 INFO ncaa_identity: contest_id=1121424 teams 2232/2232 matched, players 407/938 matched
2026-08-19 19:11:15,310 INFO 5 starters not found for period 1; using estimate
2026-08-19 19:11:15,2026-08-19 19:11:15,540 INFO ncaa_identity: contest_id=1121415 teams 1422/1422 matched, players 20/316 matched
2026-08-19 19:11:16,059 INFO ncaa_identity: contest_id=1121421 teams 2160/2160 matched, players 359/874 matched
2026-08-19 19:11:16,616 INFO ncaa_identity: contest_id=1121449 teams 1840/1840 matched, players 205/651 matched
2026-08-19 19:11:17,274 INFO ncaa_identity: contest_id=1121459 teams 2450/2450 matched, players 411/998 matched
2026-08-19 19:11:17,810 INFO ncaa_identity: contest_id=1121477 teams 1504/1504 matched, players 79/449 matched
2026-08-19 19:11:18,214 INFO ncaa_identity: contest_id=1121489 teams 1505/1505 matched, players 20/394 matched
2026-08-19 19:11:18,825 INFO ncaa_identity: contest_id=1121500 teams 2544/2544 matched, players 444/1050 matched
2026-08-19 19:11:19,383 INFO ncaa_identity: contest_id=1121522 teams 1883/1883 matched, players 319/768 matched
2026-08-19 19:11:19,880 INFO ncaa_identity: contest_id=1121533 teams 2017/2017 matched, players 308/792 matched
2026-08-19 19:11:20,454 INFO ncaa_identity: contest_id=1121566 teams 2186/2186 matched, players 423/943 matched
2026-08-19 19:11:21,054 INFO ncaa_identity: contest_id=1121611 teams 2135/2135 matched, players 282/796 matched
2026-08-19 19:11:21,419 INFO ncaa_identity: contest_id=1121629 teams 1252/1252 matched, players 20/302 matched
2026-08-19 19:11:21,894 INFO ncaa_identity: contest_id=1121635 teams 1977/1977 matched, players 358/827 matched
2026-08-19 19:11:22,532 INFO ncaa_identity: contest_id=1121641 teams 2132/2132 matched, players 311/823 matched
2026-08-19 19:11:23,017 INFO ncaa_identity: contest_id=1121648 teams 2004/2004 matched, players 335/813 matched
2026-08-19 19:11:23,504 INFO ncaa_identity: contest_id=1121689 teams 1846/1846 matched, players 216/663 matched202026-08-19 19:11:24,197 INFO ncaa_identity: contest_id=1121701 teams 2012/2012 matched, players 294/732 matched
2026-08-19 19:11:24,658 INFO ncaa_identity: contest_id=1121728 teams 1570/1570 matched, players 288/661 matched22026-08-19 19:11:25,034 INFO ncaa_identity: contest_id=1121745 teams 1584/1584 matched, players 130/516 matched22026-08-19 19:11:25,708 INFO ncaa_identity: contest_id=1121760 teams 2076/2076 matched, players 322/819 matched22026-08-19 19:11:26,185 INFO ncaa_identity: contest_id=1121778 teams 1941/1941 matched, players 353/814 matched22026-08-19 19:11:26,783 INFO ncaa_identity: contest_id=1121784 teams 2016/2016 matched, players 318/800 matched22026-08-19 19:11:27,317 INFO ncaa_identity: contest_id=1121790 teams 1966/1966 matched, players 283/705 matched22026-08-19 19:11:27,805 INFO ncaa_identity: contest_id=1121796 teams 1940/1940 matched, players 333/796 matched22026-08-19 19:11:28,438 INFO ncaa_identity: contest_id=1121802 teams 1818/1818 matched, players 188/604 matched22026-08-19 19:11:28,985 INFO ncaa_identity: contest_id=1121808 teams 2392/2392 matched, players 278/820 matched22026-08-19 19:11:29,592 INFO ncaa_identity: contest_id=1121821 teams 1804/1804 matched, players 223/658 matched22026-08-19 19:11:30,016 INFO ncaa_identity: contest_id=1121839 teams 1701/1701 matched, players 114/531 matched22026-08-19 19:11:30,427 INFO ncaa_identity: contest_id=1121858 teams 1366/1366 matched, players 20/359 matched
2026-08-19 19:11:30,957 INFO ncaa_identity: contest_id=1121893 teams 2022/2022 matched, players 242/732 matched
2026-08-19 19:11:31,599 INFO ncaa_identity: contest_id=1121903 teams 2012/2012 matched, players 276/720 matched
2026-08-19 19:11:32,119 INFO ncaa_identity: contest_id=1121919 teams 1930/1930 matched, players 205/674 matched
2026-08-19 19:11:32,692 INFO ncaa_identity: contest_id=1121950 teams 1956/1956 matched, players 303/770 matched
2026-08-19 19:11:33,252 INFO ncaa_identity: contest_id=1121987 teams 2144/2144 matched, players 303/819 matched
2026-08-19 19:11:33,981 INFO ncaa_identity: contest_id=1121995 teams 2490/2490 matched, players 424/1017 matched
2026-08-19 19:11:34,521 INFO ncaa_identity: contest_id=1122007 teams 1904/1904 matched, players 236/696 matched22026-08-19 19:11:35,095 INFO ncaa_identity: contest_id=1122037 teams 2090/2090 matched, players 248/755 matched22026-08-19 19:11:35,678 INFO ncaa_identity: contest_id=1122056 teams 1876/1876 matched, players 345/790 matched22026-08-19 19:11:36,306 INFO ncaa_identity: contest_id=1122062 teams 2450/2450 matched, players 299/890 matched
2026-08-19 19:11:36,816 INFO ncaa_identity: contest_id=1122068 teams 1766/1766 matched, players 255/678 matched
2026-08-19 19:11:37,432 INFO ncaa_identity: contest_id=1122075 teams 2091/2091 matched, players 363/861 matched
2026-08-19 19:11:38,017 INFO ncaa_identity: contest_id=1122083 teams 2164/2164 matched, players 231/756 matched
2026-08-19 19:11:38,565 INFO ncaa_identity: contest_id=1122089 teams 1654/1654 matched, players 135/538 matched
2026-08-19 19:11:39,171 INFO ncaa_identity: contest_id=1122095 teams 997/2156 matched, players 179/904 matched
2026-08-19 19:11:39,654 INFO ncaa_identity: contest_id=1122104 teams 1999/1999 matched, players 341/817 matched
2026-08-19 19:11:40,261 INFO ncaa_identity: contest_id=1122111 teams 1962/1962 matched, players 255/727 matched
2026-08-19 19:11:40,786 INFO ncaa_identity: contest_id=1122150 teams 2134/2134 matched, players 225/743 matched
2026-08-19 19:11:41,421 INFO ncaa_identity: contest_id=1122175 teams 2087/2087 matched, players 319/819 matched
2026-08-19 19:11:41,946 INFO ncaa_identity: contest_id=1122181 teams 1704/1704 matched, players 254/662 matched
2026-08-19 19:11:42,763 INFO ncaa_identity: contest_id=1122194 teams 2867/2867 matched, players 458/1145 matched
2026-08-19 19:11:43,222 INFO ncaa_identity: contest_id=1122200 teams 1821/1821 matched, players 180/623 matched
2026-08-19 19:11:43,704 INFO ncaa_identity: contest_id=1122206 teams 1757/1757 matched, players 249/634 matched
2026-08-19 19:11:44,320 INFO ncaa_identity: contest_id=1122235 teams 2136/2136 matched, players 398/898 matched
2026-08-19 19:11:44,907 INFO ncaa_identity: contest_id=1122241 teams 1848/1848 matched, players 151/602 matched
2026-08-19 19:11:45,390 INFO ncaa_identity: contest_id=1122247 teams 1950/1950 matched, players 374/828 matched
2026-08-19 19:11:46,083 INFO ncaa_identity: contest_id=1122253 teams 1818/1818 matched, players 236/647 matched
2026-08-19 19:11:46,592 INFO ncaa_identity: contest_id=1122262 teams 1974/1974 matched, players 163/645 matched
2026-08-19 19:11:47,075 INFO ncaa_identity: contest_id=1122297 teams 1985/1985 matched, players 318/756 matched
2026-08-19 19:11:47,641 INFO ncaa_identity: contest_id=1122306 teams 1794/1794 matched, players 235/668 matched
2026-08-19 19:11:48,120 INFO ncaa_identity: contest_id=1122315 teams 1984/1984 matched, players 253/731 matched
2026-08-19 19:11:48,577 INFO ncaa_identity: contest_id=1122330 teams 1754/1754 matched, players 64/498 matched
2026-08-19 19:11:49,195 INFO ncaa_identity: contest_id=1122340 teams 2086/2086 matched, players 178/687 matched
2026-08-19 19:11:49,761 INFO ncaa_identity: contest_id=1122347 teams 1836/1836 matched, players 209/653 matched
2026-08-19 19:11:50,227 INFO ncaa_identity: contest_id=1122360 teams 1841/1841 matched, players 216/649 matched
2026-08-19 19:11:50,819 INFO ncaa_identity: contest_id=1122366 teams 2015/2015 matched, players 383/861 matched
2026-08-19 19:11:51,347 INFO ncaa_identity: contest_id=1122372 teams 1917/1917 matched, players 185/651 matched
2026-08-19 19:11:51,926 INFO ncaa_identity: contest_id=1122388 teams 2070/2070 matched, players 189/693 matched
2026-08-19 19:11:52,491 INFO ncaa_identity: contest_id=1122412 teams 1879/1879 matched, players 172/630 matched
2026-08-19 19:11:52,975 INFO ncaa_identity: contest_id=1122418 teams 1862/1862 matched, players 82/509 matched
2026-08-19 19:11:53,680 INFO ncaa_identity: contest_id=1122428 teams 2463/2463 matched, players 361/953 matched
2026-08-19 19:11:54,104 INFO ncaa_identity: contest_id=1122444 teams 1706/1706 matched, players 219/630 matched
2026-08-19 19:11:54,642 INFO ncaa_identity: contest_id=1122457 teams 2195/2195 matched, players 352/877 matched
2026-08-19 19:11:55,267 INFO ncaa_identity: contest_id=1122463 teams 2026/2026 matched, players 492/967 matched
2026-08-19 19:11:55,855 INFO ncaa_identity: contest_id=1122472 teams 2236/2236 matched, players 334/828 matched
2026-08-19 19:11:56,448 INFO ncaa_identity: contest_id=1122491 teams 2185/2185 matched, players 14/559 matched
2026-08-19 19:11:56,963 INFO ncaa_identity: contest_id=1122497 teams 2310/2310 matched, players 205/768 matched
2026-08-19 19:11:57,425 INFO ncaa_identity: contest_id=1122503 teams 1914/1914 matched, players 119/589 matched
2026-08-19 19:11:58,056 INFO ncaa_identity: contest_id=1122511 teams 2155/2155 matched, players 199/724 matched
2026-08-19 19:11:58,534 INFO ncaa_identity: contest_id=1122521 teams 1652/1652 matched, players 223/620 matched
2026-08-19 19:11:59,011 INFO ncaa_identity: contest_id=1122531 teams 1871/1871 matched, players 364/806 matched
2026-08-19 19:11:59,671 INFO ncaa_identity: contest_id=1122537 teams 2158/2158 matched, players 203/728 matched
2026-08-19 19:12:00,188 INFO ncaa_identity: contest_id=1122551 teams 1986/1986 matched, players 352/784 matched
2026-08-19 19:12:00,678 INFO ncaa_identity: contest_id=1122572 teams 1917/1917 matched, players 10/488 matched
2026-08-19 19:12:01,355 INFO ncaa_identity: contest_id=1122588 teams 2150/2150 matched, players 229/752 matched
2026-08-19 19:12:01,887 INFO ncaa_identity: contest_id=1122604 teams 1958/1958 matched, players 358/823 matched
2026-08-19 19:12:02,470 INFO ncaa_identity: contest_id=1122618 teams 2094/2094 matched, players 454/946 matched
2026-08-19 19:12:02,902 INFO ncaa_identity: contest_id=1122634 teams 1568/1568 matched, players 61/448 matched
2026-08-19 19:12:03,340 INFO ncaa_identity: contest_id=1122641 teams 1826/1826 matched, players 312/748 matched
2026-08-19 19:12:04,079 INFO ncaa_identity: contest_id=1122647 teams 2327/2327 matched, players 315/878 matched
2026-08-19 19:12:04,689 INFO ncaa_identity: contest_id=1122657 teams 1962/1962 matched, players 220/695 matched
2026-08-19 19:12:05,487 INFO ncaa_identity: contest_id=1122664 teams 2452/2452 matched, players 559/1136 matched
2026-08-19 19:12:06,032 INFO ncaa_identity: contest_id=1122672 teams 1922/1922 matched, players 284/745 matched
2026-08-19 19:12:06,479 INFO ncaa_identity: contest_id=1122680 teams 1789/1789 matched, players 202/636 matched
2026-08-19 19:12:07,015 INFO ncaa_identity: contest_id=1122688 teams 1802/1802 matched, players 166/604 matched
2026-08-19 19:12:07,532 INFO ncaa_identity: contest_id=1122698 teams 1882/1882 matched, players 244/697 matched
2026-08-19 19:12:08,022 INFO ncaa_identity: contest_id=1122704 teams 2125/2125 matched, players 180/653 matched
2026-08-19 19:12:08,610 INFO ncaa_identity: contest_id=1122713 teams 1938/1938 matched, players 270/736 matched
2026-08-19 19:12:09,118 INFO ncaa_identity: contest_id=1122730 teams 2060/2060 matched, players 377/866 matched
2026-08-19 19:12:09,519 INFO ncaa_identity: contest_id=1122737 teams 1608/1608 matched, players 191/579 matched
2026-08-19 19:12:10,130 INFO ncaa_identity: contest_id=1122745 teams 1996/1996 matched, players 177/663 matched
2026-08-19 19:12:10,693 INFO ncaa_identity: contest_id=1122762 teams 1897/1897 matched, players 247/703 matched
2026-08-19 19:12:11,227 INFO ncaa_identity: contest_id=1122770 teams 1926/1926 matched, players 430/840 matched
2026-08-19 19:12:11,834 INFO ncaa_identity: contest_id=1122780 teams 1965/1965 matched, players 169/648 matched
2026-08-19 19:12:12,389 INFO ncaa_identity: contest_id=1122793 teams 2268/2268 matched, players 367/910 matched
2026-08-19 19:12:13,053 INFO ncaa_identity: contest_id=1122801 teams 2258/2258 matched, players 378/919 matched
2026-08-19 19:12:13,519 INFO ncaa_identity: contest_id=1122810 teams 2001/2001 matched, players 243/726 matched
2026-08-19 19:12:14,083 INFO ncaa_identity: contest_id=1122818 teams 2063/2063 matched, players 244/743 matched
2026-08-19 19:12:14,702 INFO ncaa_identity: contest_id=1122827 teams 1834/1834 matched, players 178/592 matched
2026-08-19 19:12:15,185 INFO ncaa_identity: contest_id=1122836 teams 1847/1847 matched, players 159/612 matched
2026-08-19 19:12:15,588 INFO ncaa_identity: contest_id=1122846 teams 1518/1518 matched, players 140/509 matched
2026-08-19 19:12:16,157 INFO ncaa_identity: contest_id=1122854 teams 1668/1668 matched, players 143/550 matched
2026-08-19 19:12:16,593 INFO ncaa_identity: contest_id=1122861 teams 1546/1546 matched, players 66/447 matched
2026-08-19 19:12:17,114 INFO ncaa_identity: contest_id=1122868 teams 2191/2191 matched, players 403/924 matched
2026-08-19 19:12:17,808 INFO ncaa_identity: contest_id=1122874 teams 2474/2474 matched, players 433/1066 matched
2026-08-19 19:12:18,337 INFO ncaa_identity: contest_id=1122880 teams 1972/1972 matched, players 229/706 matched
2026-08-19 19:12:19,015 INFO ncaa_identity: contest_id=1122886 teams 2067/2067 matched, players 289/786 matched
2026-08-19 19:12:19,553 INFO ncaa_identity: contest_id=1122892 teams 1801/1801 matched, players 136/577 matched
2026-08-19 19:12:20,005 INFO ncaa_identity: contest_id=1122898 teams 1593/1593 matched, players 202/586 matched
2026-08-19 19:12:20,616 INFO ncaa_identity: contest_id=1122905 teams 1946/1946 matched, players 204/676 matched
2026-08-19 19:12:21,122 INFO ncaa_identity: contest_id=1122911 teams 1984/1984 matched, players 250/730 matched
2026-08-19 19:12:21,190 INFO 5 starters not found for period 1; using estimate
2026-08-19 19:12:21,191 INFO 5 starters not found for period 1; using estimate
2026-08-19 19:12:21,191 INFO 5 starters not found for period 2; using estimate
2026-08-19 19:12:21,191 INFO 5 starters not found for period 2; using estimate
2026-08-19 19:12:21,739 INFO ncaa_identity: contest_id=1122917 teams 2225/2225 matched, players 329/2977 matched
2026-08-19 19:12:22,339 INFO ncaa_identity: contest_id=1122924 teams 1923/1923 matched, players 241/705 matched
2026-08-19 19:12:22,892 INFO ncaa_identity: contest_id=1122930 teams 2092/2092 matched, players 370/867 matched
2026-08-19 19:12:23,270 INFO ncaa_identity: contest_id=1122936 teams 1440/1440 matched, players 195/541 matched
2026-08-19 19:12:23,839 INFO ncaa_identity: contest_id=1122942 teams 1573/1573 matched, players 162/543 matched
2026-08-19 19:12:25,038 INFO ncaa_identity: contest_id=1122960 teams 1804/1804 matched, players 346/774 matched
2026-08-19 19:12:25,501 INFO ncaa_identity: contest_id=1122969 teams 1766/1766 matched, players 288/710 matched
2026-08-19 19:12:26,011 INFO ncaa_identity: contest_id=1122977 teams 2072/2072 matched, players 357/849 matched
2026-08-19 19:12:26,709 INFO ncaa_identity: contest_id=1122983 teams 2076/2076 matched, players 350/804 matched
2026-08-19 19:12:27,215 INFO ncaa_identity: contest_id=1122989 teams 2112/2112 matched, players 393/895 matched
2026-08-19 19:12:27,633 INFO ncaa_identity: contest_id=1122998 teams 1664/1664 matched, players 169/572 matched
2026-08-19 19:12:28,203 INFO ncaa_identity: contest_id=1123020 teams 1762/1762 matched, players 214/639 matched
2026-08-19 19:12:28,798 INFO ncaa_identity: contest_id=1123030 teams 2164/2164 matched, players 421/932 matched
2026-08-19 19:12:29,300 INFO ncaa_identity: contest_id=1123039 teams 1934/1934 matched, players 199/668 matched
2026-08-19 19:12:29,855 INFO ncaa_identity: contest_id=1123066 teams 1679/1679 matched, players 58/449 matched
2026-08-19 19:12:30,361 INFO ncaa_identity: contest_id=1123078 teams 1939/1939 matched, players 222/692 matched
2026-08-19 19:12:30,871 INFO ncaa_identity: contest_id=1123086 teams 1948/1948 matched, players 278/746 matched
2026-08-19 19:12:31,473 INFO ncaa_identity: contest_id=1123097 teams 1787/1787 matched, players 299/726 matched
2026-08-19 19:12:32,003 INFO ncaa_identity: contest_id=1123103 teams 1868/1868 matched, players 90/550 matched
2026-08-19 19:12:32,586 INFO ncaa_identity: contest_id=1123109 teams 2029/2029 matched, players 392/872 matched
2026-08-19 19:12:32,641 INFO 5 starters not found for period 1; using estimate
2026-08-19 19:12:32,641 INFO 5 starter2026-08-19 19:12:33,189 INFO ncaa_identity: contest_id=1123134 teams 2181/2181 matched, players 211/742 matched
2026-08-19 19:12:33,656 INFO ncaa_identity: contest_id=1123142 teams 1782/1782 matched, players 158/592 matched
2026-08-19 19:12:34,187 INFO ncaa_identity: contest_id=1123148 teams 1806/1806 matched, players 304/735 matched
2026-08-19 19:12:34,807 INFO ncaa_identity: contest_id=1123158 teams 1807/1807 matched, players 196/611 matched
2026-08-19 19:12:35,335 INFO ncaa_identity: contest_id=1123168 teams 2140/2140 matched, players 236/756 matched
2026-08-19 19:12:35,960 INFO ncaa_identity: contest_id=1123175 teams 1878/1878 matched, players 194/651 matched
2026-08-19 19:12:36,538 INFO ncaa_identity: contest_id=1123181 teams 1945/1945 matched, players 62/544 matched
2026-08-19 19:12:37,294 INFO ncaa_identity: contest_id=1123187 teams 2276/2276 matched, players 451/990 matched
2026-08-19 19:12:37,850 INFO ncaa_identity: contest_id=1123193 teams 2538/2538 matched, players 196/816 matched
2026-08-19 19:12:38,414 INFO ncaa_identity: contest_id=1123199 teams 2491/2491 matched, players 282/886 matched
2026-08-19 19:12:38,454 INFO 5 starters not found for period 1; using estimate
2026-08-19 19:12:38,455 INFO 5 starters not found for period 1; using estimate
2026-08-19 19:12:38,455 INFO 5 starters not 2026-08-19 19:12:38,464 INFO ncaa_identity: contest_id=1123190 teams 2120/2120 matched, players 92/615 matched
2026-08-19 19:12:39,077 INFO ncaa_identity: contest_id=1123196 teams 1928/1928 matched, players 281/745 matched
2026-08-19 19:12:39,481 INFO ncaa_identity: contest_id=1123206 teams 1650/1650 matched, players 119/522 matched
2026-2026-08-19 19:12:40,115 INFO ncaa_identity: contest_id=1123225 teams 2377/2377 matched, players 502/1028 mat2026-08-19 19:12:40,508 INFO ncaa_identity: contest_id=1123221 teams 1932/1932 matched, players 375/832 matched
2026-08-19 19:12:40,957 INFO ncaa_identity: contest_id=1123228 teams 1832/1832 matched, players 233/675 matched
parsed=952 failed=0
FO ncaa_identity: contest_id=1123143 teams 1568/1568 matche2026-08-19 19:12:33,408 INFO2026-08-19 19:12:33,913 INFO ncaa_identity: contest_id=1123153 teams 2018/2018 matched, players 310/793 matched
2026-08-19 19:12:34,440 INFO ncaa_identity: contest_id=1123159 teams 1980/1980 matched, players 279/755 matched
2026-08-19 19:12:35,035 INFO ncaa_identity: contest_id=1123169 teams 2026/2026 matched, players 362/845 matched
2026-08-19 19:12:35,480 INFO ncaa_identity: contest_id=1123176 teams 1524/1524 matche2026-08-19 19:12:35,519 INFO2026-08-19 19:12:36,034 INFO ncaa_identity: contest_id=1123182 teams 2502/2502 matche2026-08-19 19:12:36,050 INFO 2026-08-19 19:12:36,722 INFO ncaa_identity: contest_id=1123188 teams 2544/2544 matched, players 357/969 matched
2026-08-19 19:12:37,212 INFO ncaa_identity: contest_id=1123194 teams 1965/1965 matched, players 327/761 matched
2026-08-19 19:12:37,822 INFO ncaa_identity: contest_id=1123204 teams 1901/1901 matched, players 286/742 matched
2026-08-19 19:12:38,357 INFO ncaa_identity: contest_id=1123212 teams 2085/2085 matched, players 256/760 matched
2026-08-19 19:12:38,825 INFO ncaa_identity: contest_id=1123219 teams 1991/1991 matched, players 351/825 matched
2026-08-19 19:12:39,402 INFO ncaa_identity: contest_id=1123226 teams 2040/2040 matched, players 417/898 matched
parsed=952 failed=0
matched
2026-08-19 19:12:38,880 INFO ncaa_identity: contest_id=1123198 teams 1862/1862 matched, players 208/659 matched
2026-08-19 19:12:39,332 INFO ncaa_identity: contest_id=1123210 teams 1994/1994 matched, players 169/655 matched
2026-08-19 19:12:39,931 INFO ncaa_identity: contest_id=1123217 teams 2272/2272 matched, players 306/851 matched
2026-08-19 19:12:40,453 INFO ncaa_identity: contest_id=1123224 teams 2172/2172 matched, players 403/919 matched
parsed=952 failed=0
3/720 matched
2026-08-19 19:12:40,274 INFO ncaa_identity: contest_id=1123195 teams 2041/2041 matched, players 177/669 matched
2026-08-19 19:12:40,930 INFO ncaa_identity: contest_id=1123205 teams 2762/2762 matched, players 403/1066 matched
2026-08-19 19:12:41,351 INFO ncaa_identity: contest_id=1123213 teams 2002/2002 matched, players 382/859 matched
2026-08-19 19:12:41,783 INFO ncaa_identity: contest_id=1123220 teams 1996/1996 matched, players 383/850 matched
2026-08-19 19:12:42,274 INFO ncaa_identity: contest_id=1123227 teams 1585/1585 matched, players 51/444 matched
parsed=952 failed=0
4 matched, players 272/732 matched
2026-08-19 19:12:35,527 INFO ncaa_identity: contest_id=1123222 teams 2340/2340 matched, players 433/990 matched
parsed=952 failed=0
EXIT=0
