seasons=all bundles=99932 pending=99932 force=True shard=2/10 assigned=9993
2026-08-23 23:50:15,940 INFO ncaa_identity: contest_id=1107643 teams 2230/2230 matched, players 258/770 matched
2026-08-23 23:50:16,720 INFO ncaa_identity: contest_id=1107654 teams 784/2022 matched, players 71/727 matched
2026-08-23 23:50:17,593 INFO ncaa_identity: contest_id=1107664 teams 2288/2288 matched, players 245/801 matched
2026-08-23 23:50:18,722 INFO ncaa_identity: contest_id=1107674 teams 2104/2104 matched, players 334/837 matched
2026-08-23 23:50:19,586 INFO ncaa_identity: contest_id=1107684 teams 1984/1984 matched, players 215/696 matched
2026-08-23 23:50:19,680 INFO 5 starters not found for period 1; using estimate
2026-08-23 23:50:19,681 INFO 5 starters not found for period 1; using estimate
2026-08-23 23:50:19,683 INFO 5 starters not found for period 2; using estimate
2026-08-23 23:50:19,684 INFO 5 starters not found for period 2; using estimate
2026-08-23 23:50:20,314 INFO ncaa_identity: contest_id=1107694 teams 2017/2017 matched, players 626/3062 matched
2026-08-23 23:50:21,378 INFO ncaa_identity: contest_id=1107704 teams 1820/1820 matched, players 128/547 matched
2026-08-23 23:50:22,312 INFO ncaa_identity: contest_id=1107714 teams 1367/2669 matched, players 3802/7464 matched
2026-08-23 23:50:23,099 INFO ncaa_identity: contest_id=1107724 teams 2057/2057 matched, players 463/947 matched
2026-08-23 23:50:24,195 INFO ncaa_identity: contest_id=1107734 teams 2441/2441 matched, players 328/915 matched
2026-08-23 23:50:24,848 INFO ncaa_identity: contest_id=1107744 teams 2127/2127 matched, players 169/689 matched
2026-08-23 23:50:25,484 INFO ncaa_identity: contest_id=1107754 teams 1948/1948 matched, players 422/881 matched
2026-08-23 23:50:26,357 INFO ncaa_identity: contest_id=1107765 teams 1901/1901 matched, players 75/544 matched
2026-08-23 23:50:26,962 INFO ncaa_identity: contest_id=1107775 teams 2082/2082 matched, players 375/870 matched
2026-08-23 23:50:27,549 INFO ncaa_identity: contest_id=1107786 teams 1718/1718 matched, players 234/647 matched
2026-08-23 23:50:28,474 INFO ncaa_identity: contest_id=1107796 teams 764/1651 matched, players 29/542 matched
2026-08-23 23:50:29,265 INFO ncaa_identity: contest_id=1107806 teams 1262/2494 matched, players 3501/7006 matched
2026-08-23 23:50:29,909 INFO ncaa_identity: contest_id=1107816 teams 1924/1924 matched, players 206/672 matched
2026-08-23 23:50:31,093 INFO ncaa_identity: contest_id=1107826 teams 1133/2216 matched, players 219/812 matched
2026-08-23 23:50:31,897 INFO ncaa_identity: contest_id=1107836 teams 2196/2196 matched, players 476/993 matched
2026-08-23 23:50:32,545 INFO ncaa_identity: contest_id=1107846 teams 1046/1931 matched, players 161/669 matched
2026-08-23 23:50:33,440 INFO ncaa_identity: contest_id=1107902 teams 2118/2118 matched, players 178/695 matched
2026-08-23 23:50:34,133 INFO ncaa_identity: contest_id=1107939 teams 2304/2304 matched, players 370/922 matched
2026-08-23 23:50:34,863 INFO ncaa_identity: contest_id=1107967 teams 2204/2204 matched, players 158/698 matched
2026-08-23 23:50:35,922 INFO ncaa_identity: contest_id=1107977 teams 2358/2358 matched, players 404/966 matched
2026-08-23 23:50:36,609 INFO ncaa_identity: contest_id=1108016 teams 1876/1876 matched, players 171/627 matched
2026-08-23 23:50:37,957 INFO ncaa_identity: contest_id=1108036 teams 1421/2748 matched, players 3892/7687 matched
2026-08-23 23:50:38,848 INFO ncaa_identity: contest_id=1108054 teams 2347/2347 matched, players 294/861 matched
2026-08-23 23:50:39,738 INFO ncaa_identity: contest_id=1108066 teams 1506/2996 matched, players 4262/8474 matched
2026-08-23 23:50:40,625 INFO ncaa_identity: contest_id=1108099 teams 1702/1702 matched, players 173/586 matched
2026-08-23 23:50:41,310 INFO ncaa_identity: contest_id=1108148 teams 1941/1941 matched, players 346/807 matched
2026-08-23 23:50:41,918 INFO ncaa_identity: contest_id=1108166 teams 1666/1666 matched, players 190/593 matched
2026-08-23 23:50:42,795 INFO ncaa_identity: contest_id=1108182 teams 1988/1988 matched, players 238/718 matched
2026-08-23 23:50:43,917 INFO ncaa_identity: contest_id=1108200 teams 1946/1946 matched, players 212/684 matched
2026-08-23 23:50:44,902 INFO ncaa_identity: contest_id=1108227 teams 1994/1994 matched, players 328/804 matched
2026-08-23 23:50:45,728 INFO ncaa_identity: contest_id=1108237 teams 1858/1858 matched, players 100/557 matched
2026-08-23 23:50:46,643 INFO ncaa_identity: contest_id=1108279 teams 2239/2239 matched, players 303/842 matched
2026-08-23 23:50:47,312 INFO ncaa_identity: contest_id=1108322 teams 2008/2008 matched, players 308/791 matched
2026-08-23 23:50:48,012 INFO ncaa_identity: contest_id=1108333 teams 1838/1838 matched, players 211/656 matched
2026-08-23 23:50:49,091 INFO ncaa_identity: contest_id=1108376 teams 2144/2144 matched, players 373/883 matched
2026-08-23 23:50:49,842 INFO ncaa_identity: contest_id=1108387 teams 1323/2216 matched, players 155/777 matched
2026-08-23 23:50:50,586 INFO ncaa_identity: contest_id=1108417 teams 1918/1918 matched, players 276/736 matched
2026-08-23 23:50:51,100 INFO ncaa_identity: contest_id=1108435 teams 1286/1286 matched, players 20/339 matched
2026-08-23 23:50:52,131 INFO ncaa_identity: contest_id=1108471 teams 2480/2480 matched, players 426/1017 matched
2026-08-23 23:50:52,898 INFO ncaa_identity: contest_id=1108490 teams 2106/2106 matched, players 426/925 matched
2026-08-23 23:50:54,055 INFO ncaa_identity: contest_id=1108502 teams 2120/2120 matched, players 288/769 matched
2026-08-23 23:50:54,885 INFO ncaa_identity: contest_id=1108530 teams 2266/2266 matched, players 367/909 matched
2026-08-23 23:50:55,711 INFO ncaa_identity: contest_id=1108559 teams 2290/2290 matched, players 264/819 matched
2026-08-23 23:50:56,604 INFO ncaa_identity: contest_id=1108597 teams 1970/1970 matched, players 335/793 matched
2026-08-23 23:50:57,258 INFO ncaa_identity: contest_id=1108635 teams 1999/1999 matched, players 206/692 matched
2026-08-23 23:50:58,018 INFO ncaa_identity: contest_id=1108683 teams 2364/2364 matched, players 391/956 matched
2026-08-23 23:50:59,087 INFO ncaa_identity: contest_id=1108712 teams 920/1968 matched, players 149/680 matched
2026-08-23 23:50:59,744 INFO ncaa_identity: contest_id=1108776 teams 1868/1868 matched, players 207/661 matched
2026-08-23 23:51:00,715 INFO ncaa_identity: contest_id=1108802 teams 864/1792 matched, players 125/555 matched
2026-08-23 23:51:01,619 INFO ncaa_identity: contest_id=1108835 teams 2451/2451 matched, players 465/1049 matched
2026-08-23 23:51:02,449 INFO ncaa_identity: contest_id=1108905 teams 2206/2206 matched, players 170/709 matched
2026-08-23 23:51:03,405 INFO ncaa_identity: contest_id=1108933 teams 2158/2158 matched, players 280/800 matched
2026-08-23 23:51:04,010 INFO ncaa_identity: contest_id=1108958 teams 1778/1778 matched, players 300/724 matched
2026-08-23 23:51:05,101 INFO ncaa_identity: contest_id=1108990 teams 1294/2519 matched, players 3554/7081 matched
2026-08-23 23:51:05,817 INFO ncaa_identity: contest_id=1109003 teams 883/1813 matched, players 50/582 matched
2026-08-23 23:51:06,562 INFO ncaa_identity: contest_id=1109024 teams 2292/2292 matched, players 345/895 matched
2026-08-23 23:51:07,593 INFO ncaa_identity: contest_id=1109109 teams 941/1808 matched, players 162/685 matched
2026-08-23 23:51:08,421 INFO ncaa_identity: contest_id=1109194 teams 2021/2021 matched, players 246/734 matched
2026-08-23 23:51:09,119 INFO ncaa_identity: contest_id=1109224 teams 2010/2010 matched, players 312/795 matched
2026-08-23 23:51:09,767 INFO ncaa_identity: contest_id=1109244 teams 1848/1848 matched, players 51/509 matched
2026-08-23 23:51:10,535 INFO ncaa_identity: contest_id=1109260 teams 1800/1800 matched, players 247/679 matched
2026-08-23 23:51:11,136 INFO ncaa_identity: contest_id=1109278 teams 1981/1981 matched, players 152/637 matched
2026-08-23 23:51:11,806 INFO ncaa_identity: contest_id=1109289 teams 2110/2110 matched, players 308/782 matched
2026-08-23 23:51:12,881 INFO ncaa_identity: contest_id=1109314 teams 1276/2452 matched, players 3582/6930 matched
2026-08-23 23:51:13,416 INFO ncaa_identity: contest_id=1109349 teams 1533/1533 matched, players 195/564 matched
2026-08-23 23:51:13,948 INFO ncaa_identity: contest_id=1109359 teams 1677/1677 matched, players 267/668 matched
2026-08-23 23:51:14,528 INFO ncaa_identity: contest_id=1109369 teams 1768/1768 matched, players 194/626 matched
2026-08-23 23:51:15,383 INFO ncaa_identity: contest_id=1109413 teams 2235/2235 matched, players 355/891 matched
2026-08-23 23:51:15,981 INFO ncaa_identity: contest_id=1109471 teams 1716/1716 matched, players 115/535 matched
2026-08-23 23:51:16,624 INFO ncaa_identity: contest_id=1109487 teams 2063/2063 matched, players 409/898 matched
2026-08-23 23:51:17,454 INFO ncaa_identity: contest_id=1109520 teams 1956/1956 matched, players 279/751 matched
2026-08-23 23:51:18,119 INFO ncaa_identity: contest_id=1109574 teams 1760/1760 matched, players 162/590 matched
2026-08-23 23:51:18,801 INFO ncaa_identity: contest_id=1109586 teams 1901/1901 matched, players 176/638 matched
2026-08-23 23:51:19,303 INFO ncaa_identity: contest_id=1109654 teams 1382/1382 matched, players 20/363 matched
2026-08-23 23:51:20,144 INFO ncaa_identity: contest_id=1109666 teams 814/1829 matched, players 150/595 matched
2026-08-23 23:51:20,950 INFO ncaa_identity: contest_id=1109679 teams 2338/2338 matched, players 308/872 matched
2026-08-23 23:51:21,807 INFO ncaa_identity: contest_id=1109691 teams 1947/1947 matched, players 250/719 matched
2026-08-23 23:51:22,685 INFO ncaa_identity: contest_id=1109711 teams 1988/1988 matched, players 285/761 matched
2026-08-23 23:51:23,462 INFO ncaa_identity: contest_id=1109731 teams 1382/1382 matched, players 20/363 matched
2026-08-23 23:51:24,556 INFO ncaa_identity: contest_id=1109741 teams 2040/2040 matched, players 365/850 matched
2026-08-23 23:51:25,360 INFO ncaa_identity: contest_id=1109751 teams 2374/2374 matched, players 447/1011 matched
2026-08-23 23:51:26,114 INFO ncaa_identity: contest_id=1109772 teams 2194/2194 matched, players 371/896 matched
2026-08-23 23:51:27,161 INFO ncaa_identity: contest_id=1109786 teams 2225/2225 matched, players 348/882 matched
2026-08-23 23:51:27,833 INFO ncaa_identity: contest_id=1109818 teams 1882/1882 matched, players 280/731 matched
2026-08-23 23:51:28,934 INFO ncaa_identity: contest_id=1109851 teams 1972/1972 matched, players 335/806 matched
2026-08-23 23:51:29,977 INFO ncaa_identity: contest_id=1109869 teams 920/1834 matched, players 79/650 matched
2026-08-23 23:51:31,559 INFO ncaa_identity: contest_id=1109884 teams 2364/2364 matched, players 249/823 matched
2026-08-23 23:51:32,598 INFO ncaa_identity: contest_id=1109907 teams 1587/1587 matched, players 275/653 matched
2026-08-23 23:51:34,584 INFO ncaa_identity: contest_id=1109918 teams 2274/2274 matched, players 406/947 matched
2026-08-23 23:51:36,063 INFO ncaa_identity: contest_id=1109931 teams 1845/1845 matched, players 78/469 matched
2026-08-23 23:51:37,095 INFO ncaa_identity: contest_id=1109962 teams 2244/2244 matched, players 165/714 matched
2026-08-23 23:51:38,047 INFO ncaa_identity: contest_id=1109985 teams 2609/2609 matched, players 474/1095 matched
2026-08-23 23:51:39,186 INFO ncaa_identity: contest_id=1110030 teams 2204/2204 matched, players 379/905 matched
2026-08-23 23:51:40,696 INFO ncaa_identity: contest_id=1110048 teams 2214/2214 matched, players 341/873 matched
2026-08-23 23:51:41,746 INFO ncaa_identity: contest_id=1110079 teams 1999/1999 matched, players 267/750 matched
2026-08-23 23:51:42,696 INFO ncaa_identity: contest_id=1110125 teams 1634/1634 matched, players 176/572 matched
2026-08-23 23:51:44,210 INFO ncaa_identity: contest_id=1110164 teams 2214/2214 matched, players 439/963 matched
2026-08-23 23:51:45,392 INFO ncaa_identity: contest_id=1110190 teams 2070/2070 matched, players 381/874 matched
2026-08-23 23:51:46,528 INFO ncaa_identity: contest_id=1110226 teams 2029/2029 matched, players 317/769 matched
2026-08-23 23:51:48,218 INFO ncaa_identity: contest_id=1110259 teams 1994/1994 matched, players 325/802 matched
2026-08-23 23:51:49,392 INFO ncaa_identity: contest_id=1110275 teams 1948/1948 matched, players 201/674 matched
2026-08-23 23:51:50,287 INFO ncaa_identity: contest_id=1110306 teams 1742/1742 matched, players 242/661 matched
2026-08-23 23:51:51,891 INFO ncaa_identity: contest_id=1110345 teams 2072/2072 matched, players 312/810 matched
2026-08-23 23:51:53,155 INFO ncaa_identity: contest_id=1110358 teams 2187/2187 matched, players 256/785 matched
2026-08-23 23:51:54,601 INFO ncaa_identity: contest_id=1110394 teams 2248/2248 matched, players 273/816 matched
2026-08-23 23:51:55,666 INFO ncaa_identity: contest_id=1110415 teams 1898/1898 matched, players 347/798 matched
2026-08-23 23:51:56,763 INFO ncaa_identity: contest_id=1110471 teams 2592/2592 matched, players 543/1157 matched
2026-08-23 23:51:58,219 INFO ncaa_identity: contest_id=1110495 teams 1258/2343 matched, players 248/919 matched
2026-08-23 23:51:59,104 INFO ncaa_identity: contest_id=1110547 teams 963/2010 matched, players 179/827 matched
2026-08-23 23:52:00,399 INFO ncaa_identity: contest_id=1110568 teams 2658/2658 matched, players 536/1166 matched
2026-08-23 23:52:01,301 INFO ncaa_identity: contest_id=1110601 teams 2090/2090 matched, players 264/768 matched
2026-08-23 23:52:02,323 INFO ncaa_identity: contest_id=1110618 teams 1898/1898 matched, players 207/652 matched
2026-08-23 23:52:03,746 INFO ncaa_identity: contest_id=1110654 teams 2011/2011 matched, players 347/806 matched
2026-08-23 23:52:04,847 INFO ncaa_identity: contest_id=1110682 teams 1862/1862 matched, players 295/739 matched
2026-08-23 23:52:06,030 INFO ncaa_identity: contest_id=1110716 teams 1942/1942 matched, players 299/763 matched
2026-08-23 23:52:07,175 INFO ncaa_identity: contest_id=1110726 teams 1844/1844 matched, players 332/772 matched
2026-08-23 23:52:08,689 INFO ncaa_identity: contest_id=1110750 teams 2295/2295 matched, players 465/1005 matched
2026-08-23 23:52:09,724 INFO ncaa_identity: contest_id=1110783 teams 1834/1834 matched, players 283/722 matched
2026-08-23 23:52:10,597 INFO ncaa_identity: contest_id=1110847 teams 1645/1645 matched, players 133/535 matched
2026-08-23 23:52:12,155 INFO ncaa_identity: contest_id=1110880 teams 2198/2198 matched, players 359/885 matched
2026-08-23 23:52:13,306 INFO ncaa_identity: contest_id=1110945 teams 1810/1810 matched, players 153/594 matched
2026-08-23 23:52:14,356 INFO ncaa_identity: contest_id=1110955 teams 2016/2016 matched, players 159/652 matched
2026-08-23 23:52:15,982 INFO ncaa_identity: contest_id=1110965 teams 1442/2488 matched, players 47/760 matched
2026-08-23 23:52:17,285 INFO ncaa_identity: contest_id=1110975 teams 1924/1924 matched, players 231/696 matched
2026-08-23 23:52:18,221 INFO ncaa_identity: contest_id=1110985 teams 1395/1395 matched, players 17/337 matched
2026-08-23 23:52:19,541 INFO ncaa_identity: contest_id=1111025 teams 1799/1799 matched, players 180/618 matched
2026-08-23 23:52:20,529 INFO ncaa_identity: contest_id=1111042 teams 1688/1688 matched, players 203/611 matched
2026-08-23 23:52:21,500 INFO ncaa_identity: contest_id=1111083 teams 884/2044 matched, players 121/699 matched
2026-08-23 23:52:22,820 INFO ncaa_identity: contest_id=1111127 teams 2092/2092 matched, players 210/718 matched
2026-08-23 23:52:23,893 INFO ncaa_identity: contest_id=1111205 teams 1986/1986 matched, players 352/797 matched
2026-08-23 23:52:24,928 INFO ncaa_identity: contest_id=1111227 teams 1662/1662 matched, players 188/576 matched
2026-08-23 23:52:25,988 INFO ncaa_identity: contest_id=1111346 teams 1919/1919 matched, players 398/850 matched
2026-08-23 23:52:27,403 INFO ncaa_identity: contest_id=1111365 teams 1771/1771 matched, players 72/510 matched
2026-08-23 23:52:28,292 INFO ncaa_identity: contest_id=1111380 teams 2038/2038 matched, players 230/724 matched
2026-08-23 23:52:29,315 INFO ncaa_identity: contest_id=1111403 teams 2288/2288 matched, players 345/893 matched
2026-08-23 23:52:30,602 INFO ncaa_identity: contest_id=1111414 teams 1964/1964 matched, players 379/845 matched
2026-08-23 23:52:31,568 INFO ncaa_identity: contest_id=1111464 teams 2142/2142 matched, players 496/999 matched
2026-08-23 23:52:32,556 INFO ncaa_identity: contest_id=1111481 teams 1908/1908 matched, players 314/769 matched
2026-08-23 23:52:33,934 INFO ncaa_identity: contest_id=1111521 teams 1970/1970 matched, players 233/709 matched
2026-08-23 23:52:34,770 INFO ncaa_identity: contest_id=1111554 teams 1536/1536 matched, players 99/475 matched
2026-08-23 23:52:35,755 INFO ncaa_identity: contest_id=1111581 teams 1086/2165 matched, players 3028/6094 matched
2026-08-23 23:52:37,058 INFO ncaa_identity: contest_id=1111601 teams 2266/2266 matched, players 450/988 matched
2026-08-23 23:52:38,512 INFO ncaa_identity: contest_id=1111650 teams 982/2006 matched, players 62/758 matched
2026-08-23 23:52:39,898 INFO ncaa_identity: contest_id=1111664 teams 2262/2262 matched, players 395/933 matched
2026-08-23 23:52:41,228 INFO ncaa_identity: contest_id=1111680 teams 2079/2079 matched, players 359/855 matched
2026-08-23 23:52:42,567 INFO ncaa_identity: contest_id=1111715 teams 2530/2530 matched, players 441/1045 matched
2026-08-23 23:52:43,617 INFO ncaa_identity: contest_id=1111791 teams 1781/1781 matched, players 228/658 matched
2026-08-23 23:52:45,144 INFO ncaa_identity: contest_id=1111840 teams 2026/2026 matched, players 279/766 matched
2026-08-23 23:52:46,204 INFO ncaa_identity: contest_id=1111864 teams 2080/2080 matched, players 295/795 matched
2026-08-23 23:52:47,406 INFO ncaa_identity: contest_id=1111881 teams 1694/1694 matched, players 234/641 matched
2026-08-23 23:52:48,723 INFO ncaa_identity: contest_id=1111897 teams 1778/1778 matched, players 263/690 matched
2026-08-23 23:52:49,834 INFO ncaa_identity: contest_id=1111929 teams 2028/2028 matched, players 325/810 matched
2026-08-23 23:52:51,119 INFO ncaa_identity: contest_id=1111963 teams 2214/2214 matched, players 401/928 matched
2026-08-23 23:52:52,250 INFO ncaa_identity: contest_id=1111977 teams 2060/2060 matched, players 256/754 matched
2026-08-23 23:52:53,407 INFO ncaa_identity: contest_id=1112035 teams 2040/2040 matched, players 365/850 matched
2026-08-23 23:52:54,726 INFO ncaa_identity: contest_id=1112064 teams 2267/2267 matched, players 397/938 matched
2026-08-23 23:52:55,711 INFO ncaa_identity: contest_id=1112087 teams 1443/1443 matched, players 60/416 matched
2026-08-23 23:52:56,721 INFO ncaa_identity: contest_id=1112155 teams 1999/1999 matched, players 207/692 matched
2026-08-23 23:52:58,351 INFO ncaa_identity: contest_id=1112184 teams 2058/2058 matched, players 181/683 matched
2026-08-23 23:52:59,355 INFO ncaa_identity: contest_id=1112202 teams 2145/2145 matched, players 324/838 matched
2026-08-23 23:53:00,600 INFO ncaa_identity: contest_id=1112217 teams 967/1949 matched, players 137/733 matched
2026-08-23 23:53:01,997 INFO ncaa_identity: contest_id=1112243 teams 937/1883 matched, players 67/681 matched
2026-08-23 23:53:03,228 INFO ncaa_identity: contest_id=1112281 teams 2239/2239 matched, players 283/824 matched
2026-08-23 23:53:04,224 INFO ncaa_identity: contest_id=1112312 teams 1748/1748 matched, players 215/637 matched
2026-08-23 23:53:05,602 INFO ncaa_identity: contest_id=1112348 teams 932/1930 matched, players 105/711 matched
2026-08-23 23:53:06,727 INFO ncaa_identity: contest_id=1112364 teams 1904/1904 matched, players 176/641 matched
2026-08-23 23:53:07,762 INFO ncaa_identity: contest_id=1112374 teams 1640/1640 matched, players 183/581 matched
2026-08-23 23:53:08,860 INFO ncaa_identity: contest_id=1112385 teams 1875/1875 matched, players 255/707 matched
2026-08-23 23:53:10,119 INFO ncaa_identity: contest_id=1112411 teams 2154/2154 matched, players 278/798 matched
2026-08-23 23:53:11,503 INFO ncaa_identity: contest_id=1112432 teams 1371/2740 matched, players 3451/7746 matched
2026-08-23 23:53:12,789 INFO ncaa_identity: contest_id=1112487 teams 2069/2069 matched, players 312/808 matched
2026-08-23 23:53:13,937 INFO ncaa_identity: contest_id=1112527 teams 1246/2492 matched, players 3275/7024 matched
2026-08-23 23:53:14,829 INFO ncaa_identity: contest_id=1112545 teams 1959/1959 matched, players 180/658 matched
2026-08-23 23:53:15,934 INFO ncaa_identity: contest_id=1112568 teams 1820/1820 matched, players 208/648 matched
2026-08-23 23:53:17,082 INFO ncaa_identity: contest_id=1112591 teams 2052/2052 matched, players 312/804 matched
2026-08-23 23:53:18,420 INFO ncaa_identity: contest_id=1112601 teams 2355/2355 matched, players 256/828 matched
2026-08-23 23:53:19,615 INFO ncaa_identity: contest_id=1112616 teams 2061/2061 matched, players 284/780 matched
2026-08-23 23:53:20,606 INFO ncaa_identity: contest_id=1112629 teams 1862/1862 matched, players 240/689 matched
2026-08-23 23:53:22,156 INFO ncaa_identity: contest_id=1112643 teams 2439/2439 matched, players 451/1031 matched
2026-08-23 23:53:23,288 INFO ncaa_identity: contest_id=1112655 teams 1092/2129 matched, players 116/802 matched
2026-08-23 23:53:24,570 INFO ncaa_identity: contest_id=1112680 teams 1972/1972 matched, players 195/674 matched
2026-08-23 23:53:25,778 INFO ncaa_identity: contest_id=1112735 teams 2269/2269 matched, players 406/946 matched
2026-08-23 23:53:27,170 INFO ncaa_identity: contest_id=1112765 teams 2167/2167 matched, players 280/802 matched
2026-08-23 23:53:28,017 INFO ncaa_identity: contest_id=1112776 teams 1897/1897 matched, players 362/812 matched
2026-08-23 23:53:29,084 INFO ncaa_identity: contest_id=1112804 teams 1930/1930 matched, players 376/833 matched
2026-08-23 23:53:30,491 INFO ncaa_identity: contest_id=1112829 teams 2434/2434 matched, players 474/1051 matched
2026-08-23 23:53:31,672 INFO ncaa_identity: contest_id=1112845 teams 1848/1848 matched, players 263/707 matched
2026-08-23 23:53:32,757 INFO ncaa_identity: contest_id=1112857 teams 1990/1990 matched, players 338/812 matched
2026-08-23 23:53:34,304 INFO ncaa_identity: contest_id=1112890 teams 2088/2088 matched, players 377/874 matched
2026-08-23 23:53:35,426 INFO ncaa_identity: contest_id=1112905 teams 2222/2222 matched, players 274/812 matched
2026-08-23 23:53:36,451 INFO ncaa_identity: contest_id=1112918 teams 2608/2608 matched, players 334/965 matched
2026-08-23 23:53:37,755 INFO ncaa_identity: contest_id=1112929 teams 2136/2136 matched, players 189/709 matched
2026-08-23 23:53:38,697 INFO ncaa_identity: contest_id=1112941 teams 1972/1972 matched, players 368/837 matched
2026-08-23 23:53:39,743 INFO ncaa_identity: contest_id=1112951 teams 2052/2052 matched, players 395/882 matched
2026-08-23 23:53:41,096 INFO ncaa_identity: contest_id=1112961 teams 2149/2149 matched, players 421/931 matched
2026-08-23 23:53:42,125 INFO ncaa_identity: contest_id=1112974 teams 1774/1774 matched, players 238/666 matched
2026-08-23 23:53:43,176 INFO ncaa_identity: contest_id=1112993 teams 1998/1998 matched, players 229/714 matched
2026-08-23 23:53:44,153 INFO ncaa_identity: contest_id=1113010 teams 1976/1976 matched, players 368/838 matched
2026-08-23 23:53:45,582 INFO ncaa_identity: contest_id=1113021 teams 1844/1844 matched, players 300/741 matched
2026-08-23 23:53:46,875 INFO ncaa_identity: contest_id=1113031 teams 2134/2134 matched, players 270/785 matched
2026-08-23 23:53:47,921 INFO ncaa_identity: contest_id=1113041 teams 2164/2164 matched, players 317/837 matched
2026-08-23 23:53:49,242 INFO ncaa_identity: contest_id=1113054 teams 1987/1987 matched, players 313/788 matched
2026-08-23 23:53:50,256 INFO ncaa_identity: contest_id=1113065 teams 1773/1773 matched, players 233/659 matched
2026-08-23 23:53:51,830 INFO ncaa_identity: contest_id=1113077 teams 2482/2482 matched, players 496/1084 matched
2026-08-23 23:53:53,013 INFO ncaa_identity: contest_id=1113091 teams 2276/2276 matched, players 329/876 matched
2026-08-23 23:53:54,136 INFO ncaa_identity: contest_id=1113104 teams 2206/2206 matched, players 155/695 matched
2026-08-23 23:53:55,450 INFO ncaa_identity: contest_id=1113118 teams 1744/1744 matched, players 97/526 matched
2026-08-23 23:53:56,462 INFO ncaa_identity: contest_id=1113130 teams 2254/2254 matched, players 380/901 matched
2026-08-23 23:53:57,545 INFO ncaa_identity: contest_id=1113141 teams 2349/2349 matched, players 314/843 matched
2026-08-23 23:53:58,703 INFO ncaa_identity: contest_id=1113170 teams 841/1828 matched, players 93/642 matched
2026-08-23 23:53:59,977 INFO ncaa_identity: contest_id=1113185 teams 2171/2171 matched, players 192/722 matched
2026-08-23 23:54:01,367 INFO ncaa_identity: contest_id=1113213 teams 2156/2156 matched, players 331/847 matched
2026-08-23 23:54:02,552 INFO ncaa_identity: contest_id=1113224 teams 2010/2010 matched, players 278/761 matched
2026-08-23 23:54:03,826 INFO ncaa_identity: contest_id=1113238 teams 1990/1990 matched, players 198/682 matched
2026-08-23 23:54:04,867 INFO ncaa_identity: contest_id=1113255 teams 1932/1932 matched, players 89/565 matched
2026-08-23 23:54:06,700 INFO ncaa_identity: contest_id=1113330 teams 2408/2408 matched, players 481/1053 matched
2026-08-23 23:54:07,780 INFO ncaa_identity: contest_id=1113357 teams 1819/1819 matched, players 299/693 matched
2026-08-23 23:54:09,393 INFO ncaa_identity: contest_id=1113386 teams 1955/1955 matched, players 347/813 matched
2026-08-23 23:54:10,711 INFO ncaa_identity: contest_id=1113397 teams 1938/1938 matched, players 368/827 matched
2026-08-23 23:54:11,808 INFO ncaa_identity: contest_id=1113423 teams 1790/1790 matched, players 242/673 matched
2026-08-23 23:54:13,434 INFO ncaa_identity: contest_id=1113436 teams 1165/2292 matched, players 3267/6452 matched
2026-08-23 23:54:14,545 INFO ncaa_identity: contest_id=1113509 teams 1367/1367 matched, players 136/468 matched
2026-08-23 23:54:15,677 INFO ncaa_identity: contest_id=1113541 teams 905/1874 matched, players 128/743 matched
2026-08-23 23:54:17,282 INFO ncaa_identity: contest_id=1113553 teams 1887/1887 matched, players 119/582 matched
2026-08-23 23:54:18,302 INFO ncaa_identity: contest_id=1113564 teams 1888/1888 matched, players 202/660 matched
2026-08-23 23:54:19,362 INFO ncaa_identity: contest_id=1113575 teams 1940/1940 matched, players 263/730 matched
2026-08-23 23:54:20,346 INFO ncaa_identity: contest_id=1113592 teams 1718/1718 matched, players 206/621 matched
2026-08-23 23:54:21,495 INFO ncaa_identity: contest_id=1113631 teams 930/1871 matched, players 49/661 matched
2026-08-23 23:54:22,350 INFO ncaa_identity: contest_id=1113642 teams 1507/1507 matched, players 216/577 matched
2026-08-23 23:54:23,438 INFO ncaa_identity: contest_id=1113660 teams 2115/2115 matched, players 414/915 matched
2026-08-23 23:54:24,770 INFO ncaa_identity: contest_id=1113671 teams 1974/1974 matched, players 175/656 matched
2026-08-23 23:54:25,569 INFO ncaa_identity: contest_id=1113703 teams 1704/1704 matched, players 289/695 matched
2026-08-23 23:54:26,751 INFO ncaa_identity: contest_id=1113714 teams 2179/2179 matched, players 300/825 matched
2026-08-23 23:54:28,389 INFO ncaa_identity: contest_id=1113728 teams 2113/2113 matched, players 229/742 matched
2026-08-23 23:54:29,518 INFO ncaa_identity: contest_id=1113738 teams 2076/2076 matched, players 380/873 matched
2026-08-23 23:54:30,819 INFO ncaa_identity: contest_id=1113765 teams 2149/2149 matched, players 312/828 matched
2026-08-23 23:54:31,790 INFO ncaa_identity: contest_id=1113779 teams 1906/1906 matched, players 254/764 matched
2026-08-23 23:54:33,021 INFO ncaa_identity: contest_id=1113789 teams 2736/2736 matched, players 504/1158 matched
2026-08-23 23:54:34,206 INFO ncaa_identity: contest_id=1113904 teams 1996/1996 matched, players 269/751 matched
2026-08-23 23:54:35,453 INFO ncaa_identity: contest_id=1113944 teams 2634/2634 matched, players 453/1082 matched
2026-08-23 23:54:36,512 INFO ncaa_identity: contest_id=1113955 teams 2262/2262 matched, players 240/791 matched
2026-08-23 23:54:37,766 INFO ncaa_identity: contest_id=1114020 teams 1838/1838 matched, players 326/763 matched
2026-08-23 23:54:38,765 INFO ncaa_identity: contest_id=1114032 teams 1818/1818 matched, players 273/709 matched
2026-08-23 23:54:39,756 INFO ncaa_identity: contest_id=1114048 teams 2006/2006 matched, players 198/686 matched
2026-08-23 23:54:40,479 WARNING ncaa_parse: family=lineups contest_id=1114061 team=Canisius produced NO good stints (22 bad, roster=9) -- parsed successfully but contributed nothing
2026-08-23 23:54:41,180 INFO ncaa_identity: contest_id=1114061 teams 2000/2000 matched, players 227/680 matched
2026-08-23 23:54:41,995 INFO ncaa_identity: contest_id=1114124 teams 1442/1442 matched, players 72/427 matched
2026-08-23 23:54:42,902 INFO ncaa_identity: contest_id=1114135 teams 1879/1879 matched, players 20/487 matched
2026-08-23 23:54:44,378 INFO ncaa_identity: contest_id=1114172 teams 2427/2427 matched, players 479/1003 matched
2026-08-23 23:54:45,859 INFO ncaa_identity: contest_id=1114191 teams 1300/2506 matched, players 3609/7072 matched
2026-08-23 23:54:46,991 INFO ncaa_identity: contest_id=1114245 teams 2142/2142 matched, players 251/769 matched
2026-08-23 23:54:47,114 INFO 5 starters not found for period 1; using estimate
2026-08-23 23:54:47,115 INFO 5 starters not found for period 1; using estimate
2026-08-23 23:54:47,115 INFO 5 starters not found for period 2; using estimate
2026-08-23 23:54:47,115 INFO 5 starters not found for period 2; using estimate
2026-08-23 23:54:48,798 INFO ncaa_identity: contest_id=1114264 teams 2355/2355 matched, players 927/3727 matched
2026-08-23 23:54:50,010 INFO ncaa_identity: contest_id=1114283 teams 2096/2096 matched, players 197/708 matched
2026-08-23 23:54:51,186 INFO ncaa_identity: contest_id=1114318 teams 2092/2092 matched, players 231/738 matched
2026-08-23 23:54:52,797 INFO ncaa_identity: contest_id=1114387 teams 2065/2065 matched, players 227/722 matched
2026-08-23 23:54:53,874 INFO ncaa_identity: contest_id=1114424 teams 2030/2030 matched, players 298/786 matched
2026-08-23 23:54:54,906 INFO ncaa_identity: contest_id=1114446 teams 1412/1412 matched, players 162/486 matched
2026-08-23 23:54:56,523 INFO ncaa_identity: contest_id=1114467 teams 1888/1888 matched, players 231/687 matched
2026-08-23 23:54:57,645 INFO ncaa_identity: contest_id=1114490 teams 1698/1698 matched, players 139/554 matched
2026-08-23 23:54:58,818 INFO ncaa_identity: contest_id=1114531 teams 1981/1981 matched, players 298/815 matched
2026-08-23 23:55:00,114 INFO ncaa_identity: contest_id=1114570 teams 1838/1838 matched, players 205/650 matched
2026-08-23 23:55:01,697 INFO ncaa_identity: contest_id=1114617 teams 2130/2130 matched, players 340/831 matched
2026-08-23 23:55:02,851 INFO ncaa_identity: contest_id=1114634 teams 2006/2006 matched, players 293/774 matched
2026-08-23 23:55:04,077 INFO ncaa_identity: contest_id=1114655 teams 1966/1966 matched, players 262/735 matched
2026-08-23 23:55:05,378 INFO ncaa_identity: contest_id=1114666 teams 1693/1693 matched, players 229/635 matched
2026-08-23 23:55:06,363 INFO ncaa_identity: contest_id=1114683 teams 1526/1526 matched, players 156/526 matched
2026-08-23 23:55:07,403 INFO ncaa_identity: contest_id=1114715 teams 1844/1844 matched, players 164/616 matched
2026-08-23 23:55:09,501 INFO ncaa_identity: contest_id=1114769 teams 2685/2685 matched, players 498/1136 matched
2026-08-23 23:55:10,525 INFO ncaa_identity: contest_id=1114780 teams 1892/1892 matched, players 295/748 matched
2026-08-23 23:55:11,668 INFO ncaa_identity: contest_id=1114804 teams 1941/1941 matched, players 308/772 matched
2026-08-23 23:55:13,140 INFO ncaa_identity: contest_id=1114829 teams 1868/1868 matched, players 304/751 matched
2026-08-23 23:55:14,169 INFO ncaa_identity: contest_id=1114866 teams 2155/2155 matched, players 191/717 matched
2026-08-23 23:55:15,135 INFO ncaa_identity: contest_id=1114945 teams 1832/1832 matched, players 283/723 matched
2026-08-23 23:55:16,509 INFO ncaa_identity: contest_id=1114972 teams 2125/2125 matched, players 383/887 matched
2026-08-23 23:55:17,681 INFO ncaa_identity: contest_id=1115001 teams 1834/1834 matched, players 237/669 matched
2026-08-23 23:55:18,721 INFO ncaa_identity: contest_id=1115067 teams 2147/2147 matched, players 354/833 matched
2026-08-23 23:55:20,033 INFO ncaa_identity: contest_id=1115084 teams 2374/2374 matched, players 452/1014 matched
2026-08-23 23:55:21,123 INFO ncaa_identity: contest_id=1115113 teams 2291/2291 matched, players 286/839 matched
2026-08-23 23:55:22,064 INFO ncaa_identity: contest_id=1115137 teams 2108/2108 matched, players 404/904 matched
2026-08-23 23:55:23,403 INFO ncaa_identity: contest_id=1115167 teams 2128/2128 matched, players 391/897 matched
2026-08-23 23:55:24,362 INFO ncaa_identity: contest_id=1115202 teams 2084/2084 matched, players 313/812 matched
2026-08-23 23:55:25,633 INFO ncaa_identity: contest_id=1115259 teams 1823/1823 matched, players 180/623 matched
2026-08-23 23:55:26,620 INFO ncaa_identity: contest_id=1115302 teams 1908/1908 matched, players 216/677 matched
2026-08-23 23:55:27,455 INFO ncaa_identity: contest_id=1115313 teams 1966/1966 matched, players 145/627 matched
2026-08-23 23:55:28,894 INFO ncaa_identity: contest_id=1115365 teams 2162/2162 matched, players 372/888 matched
2026-08-23 23:55:30,060 INFO ncaa_identity: contest_id=1115406 teams 2256/2256 matched, players 418/956 matched
2026-08-23 23:55:31,591 INFO ncaa_identity: contest_id=1115425 teams 2348/2348 matched, players 501/1056 matched
2026-08-23 23:55:32,561 INFO ncaa_identity: contest_id=1115499 teams 1888/1888 matched, players 203/661 matched
2026-08-23 23:55:33,750 INFO ncaa_identity: contest_id=1115509 teams 2068/2068 matched, players 241/697 matched
2026-08-23 23:55:35,561 INFO ncaa_identity: contest_id=1115520 teams 1923/1923 matched, players 264/727 matched
2026-08-23 23:55:36,711 INFO ncaa_identity: contest_id=1115556 teams 2042/2042 matched, players 146/647 matched
2026-08-23 23:55:37,757 INFO ncaa_identity: contest_id=1115581 teams 1890/1890 matched, players 303/755 matched
2026-08-23 23:55:39,402 INFO ncaa_identity: contest_id=1115596 teams 2382/2382 matched, players 464/1030 matched
2026-08-23 23:55:40,825 INFO ncaa_identity: contest_id=1115617 teams 2172/2172 matched, players 379/896 matched
2026-08-23 23:55:42,327 INFO ncaa_identity: contest_id=1115665 teams 1473/2999 matched, players 4135/8437 matched
2026-08-23 23:55:43,652 INFO ncaa_identity: contest_id=1115752 teams 1827/1827 matched, players 217/659 matched
2026-08-23 23:55:44,748 INFO ncaa_identity: contest_id=1115762 teams 1846/1846 matched, players 196/644 matched
2026-08-23 23:55:45,893 INFO ncaa_identity: contest_id=1115781 teams 1946/1946 matched, players 232/702 matched
2026-08-23 23:55:46,843 INFO ncaa_identity: contest_id=1115791 teams 1640/1640 matched, players 215/610 matched
2026-08-23 23:55:48,281 INFO ncaa_identity: contest_id=1115807 teams 2124/2124 matched, players 327/836 matched
2026-08-23 23:55:49,427 INFO ncaa_identity: contest_id=1115817 teams 1982/1982 matched, players 140/626 matched
2026-08-23 23:55:50,627 INFO ncaa_identity: contest_id=1115843 teams 1722/1722 matched, players 258/671 matched
2026-08-23 23:55:52,210 INFO ncaa_identity: contest_id=1115853 teams 2489/2489 matched, players 287/890 matched
2026-08-23 23:55:53,447 INFO ncaa_identity: contest_id=1115877 teams 1139/2320 matched, players 3255/6552 matched
2026-08-23 23:55:54,442 INFO ncaa_identity: contest_id=1115943 teams 2066/2066 matched, players 386/878 matched
2026-08-23 23:55:55,800 INFO ncaa_identity: contest_id=1115974 teams 1902/1902 matched, players 392/840 matched
2026-08-23 23:55:56,838 INFO ncaa_identity: contest_id=1115986 teams 2186/2186 matched, players 402/923 matched
2026-08-23 23:55:57,894 INFO ncaa_identity: contest_id=1116005 teams 2039/2039 matched, players 356/782 matched
2026-08-23 23:55:59,243 INFO ncaa_identity: contest_id=1116055 teams 2277/2277 matched, players 332/878 matched
2026-08-23 23:56:00,046 INFO ncaa_identity: contest_id=1116159 teams 1606/1606 matched, players 165/554 matched
2026-08-23 23:56:01,472 INFO ncaa_identity: contest_id=1116177 teams 2194/2194 matched, players 382/904 matched
2026-08-23 23:56:02,418 INFO ncaa_identity: contest_id=1116200 teams 2138/2138 matched, players 386/896 matched
2026-08-23 23:56:03,408 INFO ncaa_identity: contest_id=1116210 teams 1826/1826 matched, players 121/569 matched
2026-08-23 23:56:04,689 INFO ncaa_identity: contest_id=1116318 teams 1716/1716 matched, players 333/740 matched
2026-08-23 23:56:05,517 INFO ncaa_identity: contest_id=1116336 teams 1652/1652 matched, players 55/464 matched
2026-08-23 23:56:06,560 INFO ncaa_identity: contest_id=1116421 teams 1990/1990 matched, players 208/692 matched
2026-08-23 23:56:08,077 INFO ncaa_identity: contest_id=1116449 teams 2174/2174 matched, players 394/911 matched
2026-08-23 23:56:09,164 INFO ncaa_identity: contest_id=1116475 teams 1930/1930 matched, players 280/743 matched
2026-08-23 23:56:10,396 INFO ncaa_identity: contest_id=1116495 teams 2251/2251 matched, players 473/1003 matched
2026-08-23 23:56:11,411 INFO ncaa_identity: contest_id=1116511 teams 1466/1466 matched, players 226/576 matched
2026-08-23 23:56:12,660 INFO ncaa_identity: contest_id=1116529 teams 1950/1950 matched, players 308/765 matched
2026-08-23 23:56:13,602 INFO ncaa_identity: contest_id=1116592 teams 1661/1661 matched, players 243/642 matched
2026-08-23 23:56:14,909 INFO ncaa_identity: contest_id=1116614 teams 1986/1986 matched, players 288/764 matched
2026-08-23 23:56:16,091 INFO ncaa_identity: contest_id=1116628 teams 1938/1938 matched, players 172/615 matched
2026-08-23 23:56:17,548 INFO ncaa_identity: contest_id=1116646 teams 1774/1774 matched, players 210/638 matched
2026-08-23 23:56:18,714 INFO ncaa_identity: contest_id=1116677 teams 2066/2066 matched, players 263/728 matched
2026-08-23 23:56:19,933 INFO ncaa_identity: contest_id=1116738 teams 2116/2116 matched, players 341/847 matched
2026-08-23 23:56:21,325 INFO ncaa_identity: contest_id=1116765 teams 1996/1996 matched, players 279/759 matched
2026-08-23 23:56:22,380 INFO ncaa_identity: contest_id=1116826 teams 1505/1505 matched, players 20/394 matched
2026-08-23 23:56:23,347 INFO ncaa_identity: contest_id=1116913 teams 0/1974 matched, players 0/771 matched
2026-08-23 23:56:24,360 INFO ncaa_identity: contest_id=1116931 teams 1984/1984 matched, players 277/753 matched
2026-08-23 23:56:25,810 INFO ncaa_identity: contest_id=1116954 teams 1844/1844 matched, players 281/723 matched
2026-08-23 23:56:26,853 INFO ncaa_identity: contest_id=1117011 teams 2182/2182 matched, players 323/846 matched
2026-08-23 23:56:27,789 INFO ncaa_identity: contest_id=1117024 teams 1853/1853 matched, players 225/673 matched
2026-08-23 23:56:29,018 INFO ncaa_identity: contest_id=1117040 teams 1718/1718 matched, players 238/651 matched
2026-08-23 23:56:30,358 INFO ncaa_identity: contest_id=1117050 teams 2512/2512 matched, players 358/962 matched
2026-08-23 23:56:31,449 INFO ncaa_identity: contest_id=1117067 teams 1724/1724 matched, players 253/666 matched
2026-08-23 23:56:32,974 INFO ncaa_identity: contest_id=1117093 teams 2119/2119 matched, players 393/896 matched
2026-08-23 23:56:34,015 INFO ncaa_identity: contest_id=1117103 teams 1952/1952 matched, players 240/712 matched
2026-08-23 23:56:35,451 INFO ncaa_identity: contest_id=1117145 teams 2212/2212 matched, players 397/924 matched
2026-08-23 23:56:36,330 INFO ncaa_identity: contest_id=1117163 teams 1558/1558 matched, players 155/533 matched
2026-08-23 23:56:37,352 INFO ncaa_identity: contest_id=1117181 teams 1722/1722 matched, players 236/650 matched
2026-08-23 23:56:38,316 INFO ncaa_identity: contest_id=1117268 teams 1644/1644 matched, players 157/556 matched
2026-08-23 23:56:39,906 INFO ncaa_identity: contest_id=1117284 teams 2106/2106 matched, players 302/783 matched
2026-08-23 23:56:41,189 INFO ncaa_identity: contest_id=1117318 teams 2044/2044 matched, players 205/703 matched
2026-08-23 23:56:42,513 INFO ncaa_identity: contest_id=1117336 teams 1824/1824 matched, players 355/787 matched
2026-08-23 23:56:43,994 INFO ncaa_identity: contest_id=1117370 teams 1684/1684 matched, players 365/761 matched
2026-08-23 23:56:45,116 INFO ncaa_identity: contest_id=1117403 teams 2226/2226 matched, players 448/977 matched
2026-08-23 23:56:46,199 INFO ncaa_identity: contest_id=1117447 teams 2296/2296 matched, players 409/956 matched
2026-08-23 23:56:47,439 INFO ncaa_identity: contest_id=1117506 teams 1571/1571 matched, players 48/438 matched
2026-08-23 23:56:48,402 INFO ncaa_identity: contest_id=1117542 teams 1892/1892 matched, players 263/718 matched
2026-08-23 23:56:49,399 INFO ncaa_identity: contest_id=1117564 teams 1503/1503 matched, players 88/458 matched
2026-08-23 23:56:50,712 INFO ncaa_identity: contest_id=1117587 teams 2016/2016 matched, players 311/795 matched
2026-08-23 23:56:51,596 INFO ncaa_identity: contest_id=1117605 teams 1835/1835 matched, players 278/717 matched
2026-08-23 23:56:52,665 INFO ncaa_identity: contest_id=1117645 teams 2714/2714 matched, players 392/1044 matched
2026-08-23 23:56:53,950 INFO ncaa_identity: contest_id=1117677 teams 1972/1972 matched, players 298/769 matched
2026-08-23 23:56:54,896 INFO ncaa_identity: contest_id=1117698 teams 2152/2152 matched, players 204/729 matched
2026-08-23 23:56:55,885 INFO ncaa_identity: contest_id=1117720 teams 1862/1862 matched, players 183/636 matched
2026-08-23 23:56:57,074 INFO ncaa_identity: contest_id=1117754 teams 1888/1888 matched, players 356/803 matched
2026-08-23 23:56:58,068 INFO ncaa_identity: contest_id=1117767 teams 914/1988 matched, players 105/695 matched
2026-08-23 23:56:59,125 INFO ncaa_identity: contest_id=1117841 teams 1842/1842 matched, players 248/692 matched
2026-08-23 23:57:00,315 INFO ncaa_identity: contest_id=1117879 teams 1620/1620 matched, players 186/577 matched
2026-08-23 23:57:01,508 INFO ncaa_identity: contest_id=1117911 teams 1906/1906 matched, players 108/576 matched
2026-08-23 23:57:02,584 INFO ncaa_identity: contest_id=1117941 teams 1800/1800 matched, players 357/785 matched
2026-08-23 23:57:03,657 INFO ncaa_identity: contest_id=1117951 teams 2262/2262 matched, players 358/900 matched
2026-08-23 23:57:04,998 INFO ncaa_identity: contest_id=1118005 teams 1948/1948 matched, players 321/766 matched
2026-08-23 23:57:05,962 INFO ncaa_identity: contest_id=1118029 teams 1852/1852 matched, players 232/678 matched
2026-08-23 23:57:07,280 INFO ncaa_identity: contest_id=1118048 teams 1918/1918 matched, players 227/691 matched
2026-08-23 23:57:08,784 INFO ncaa_identity: contest_id=1118073 teams 2413/2413 matched, players 422/997 matched
2026-08-23 23:57:09,828 INFO ncaa_identity: contest_id=1118106 teams 1756/1756 matched, players 223/646 matched
2026-08-23 23:57:11,431 INFO ncaa_identity: contest_id=1118117 teams 2046/2046 matched, players 148/649 matched
2026-08-23 23:57:12,649 INFO ncaa_identity: contest_id=1118133 teams 1375/2702 matched, players 3253/7604 matched
2026-08-23 23:57:13,825 INFO ncaa_identity: contest_id=1118150 teams 2172/2172 matched, players 317/839 matched
2026-08-23 23:57:14,822 INFO ncaa_identity: contest_id=1118174 teams 1622/1622 matched, players 244/633 matched
2026-08-23 23:57:16,573 INFO ncaa_identity: contest_id=1118222 teams 2391/2391 matched, players 351/905 matched
2026-08-23 23:57:17,754 INFO ncaa_identity: contest_id=1118301 teams 2130/2130 matched, players 276/789 matched
2026-08-23 23:57:19,171 INFO ncaa_identity: contest_id=1118313 teams 2342/2342 matched, players 314/877 matched
2026-08-23 23:57:20,538 INFO ncaa_identity: contest_id=1118327 teams 2353/2353 matched, players 444/1005 matched
2026-08-23 23:57:21,969 INFO ncaa_identity: contest_id=1118347 teams 1369/2778 matched, players 3553/7804 matched
2026-08-23 23:57:23,031 INFO ncaa_identity: contest_id=1118393 teams 2156/2156 matched, players 366/881 matched
2026-08-23 23:57:24,220 INFO ncaa_identity: contest_id=1118451 teams 1950/1950 matched, players 231/693 matched
2026-08-23 23:57:25,583 INFO ncaa_identity: contest_id=1118475 teams 2166/2166 matched, players 368/884 matched
2026-08-23 23:57:26,701 INFO ncaa_identity: contest_id=1118571 teams 1931/1931 matched, players 419/875 matched
2026-08-23 23:57:27,883 INFO ncaa_identity: contest_id=1118614 teams 1920/1920 matched, players 405/857 matched
2026-08-23 23:57:29,582 INFO ncaa_identity: contest_id=1118630 teams 2614/2614 matched, players 417/1014 matched
2026-08-23 23:57:30,828 INFO ncaa_identity: contest_id=1118652 teams 2148/2148 matched, players 293/810 matched
2026-08-23 23:57:31,878 INFO ncaa_identity: contest_id=1118708 teams 1024/2016 matched, players 231/855 matched
2026-08-23 23:57:33,025 INFO ncaa_identity: contest_id=1118721 teams 1035/1875 matched, players 163/672 matched
2026-08-23 23:57:34,045 INFO ncaa_identity: contest_id=1118781 teams 1692/1692 matched, players 189/599 matched
2026-08-23 23:57:35,096 INFO ncaa_identity: contest_id=1118792 teams 2384/2384 matched, players 368/939 matched
2026-08-23 23:57:36,463 INFO ncaa_identity: contest_id=1118804 teams 1856/1856 matched, players 338/755 matched
2026-08-23 23:57:37,707 INFO ncaa_identity: contest_id=1118816 teams 1924/1924 matched, players 193/662 matched
2026-08-23 23:57:39,708 INFO ncaa_identity: contest_id=1118845 teams 2180/2180 matched, players 342/866 matched
2026-08-23 23:57:40,874 INFO ncaa_identity: contest_id=1118878 teams 1513/1513 matched, players 243/604 matched
2026-08-23 23:57:41,901 INFO ncaa_identity: contest_id=1118934 teams 2182/2182 matched, players 397/915 matched
2026-08-23 23:57:43,085 INFO ncaa_identity: contest_id=1118955 teams 1988/1988 matched, players 271/748 matched
2026-08-23 23:57:44,156 INFO ncaa_identity: contest_id=1118965 teams 1986/1986 matched, players 272/749 matched
2026-08-23 23:57:45,286 INFO ncaa_identity: contest_id=1118980 teams 2202/2202 matched, players 312/842 matched
2026-08-23 23:57:46,691 INFO ncaa_identity: contest_id=1119001 teams 1778/1778 matched, players 167/599 matched
2026-08-23 23:57:47,807 INFO ncaa_identity: contest_id=1119032 teams 1651/1651 matched, players 275/656 matched
2026-08-23 23:57:48,820 INFO ncaa_identity: contest_id=1119062 teams 1838/1838 matched, players 238/681 matched
2026-08-23 23:57:50,034 INFO ncaa_identity: contest_id=1119075 teams 1724/1724 matched, players 212/627 matched
2026-08-23 23:57:51,220 INFO ncaa_identity: contest_id=1119101 teams 1852/1852 matched, players 286/729 matched
2026-08-23 23:57:52,360 INFO ncaa_identity: contest_id=1119113 teams 2054/2054 matched, players 254/749 matched
2026-08-23 23:57:53,233 INFO ncaa_identity: contest_id=1119135 teams 1282/1282 matched, players 20/338 matched
2026-08-23 23:57:54,845 INFO ncaa_identity: contest_id=1119163 teams 1686/1686 matched, players 320/719 matched
2026-08-23 23:57:56,087 INFO ncaa_identity: contest_id=1119190 teams 1920/1920 matched, players 223/687 matched
2026-08-23 23:57:57,745 INFO ncaa_identity: contest_id=1119234 teams 2436/2436 matched, players 369/954 matched
2026-08-23 23:57:58,992 INFO ncaa_identity: contest_id=1119319 teams 2478/2478 matched, players 182/752 matched
2026-08-23 23:58:00,356 INFO ncaa_identity: contest_id=1119338 teams 2403/2403 matched, players 477/1048 matched
2026-08-23 23:58:01,862 INFO ncaa_identity: contest_id=1119368 teams 2127/2127 matched, players 278/791 matched
2026-08-23 23:58:02,658 INFO ncaa_identity: contest_id=1119379 teams 1394/1394 matched, players 20/366 matched
2026-08-23 23:58:03,710 INFO ncaa_identity: contest_id=1119392 teams 2023/2023 matched, players 305/790 matched
2026-08-23 23:58:05,340 INFO ncaa_identity: contest_id=1119449 teams 1114/2184 matched, players 3050/6141 matched
2026-08-23 23:58:06,520 INFO ncaa_identity: contest_id=1119459 teams 2205/2205 matched, players 349/877 matched
2026-08-23 23:58:08,246 INFO ncaa_identity: contest_id=1119543 teams 2488/2488 matched, players 457/1050 matched
2026-08-23 23:58:09,512 INFO ncaa_identity: contest_id=1119553 teams 1852/1852 matched, players 277/721 matched
2026-08-23 23:58:10,466 INFO ncaa_identity: contest_id=1119563 teams 1682/1682 matched, players 146/544 matched
2026-08-23 23:58:11,419 INFO ncaa_identity: contest_id=1119573 teams 1570/1570 matched, players 312/685 matched
2026-08-23 23:58:12,294 INFO ncaa_identity: contest_id=1119585 teams 1796/1796 matched, players 238/670 matched
2026-08-23 23:58:13,738 INFO ncaa_identity: contest_id=1119678 teams 2258/2258 matched, players 406/944 matched
2026-08-23 23:58:14,947 INFO ncaa_identity: contest_id=1119695 teams 2226/2226 matched, players 280/817 matched
2026-08-23 23:58:16,148 INFO ncaa_identity: contest_id=1119711 teams 1945/1945 matched, players 196/669 matched
2026-08-23 23:58:17,392 INFO ncaa_identity: contest_id=1119721 teams 1367/1367 matched, players 20/340 matched
2026-08-23 23:58:18,705 INFO ncaa_identity: contest_id=1119731 teams 1664/1664 matched, players 217/618 matched
2026-08-23 23:58:19,854 INFO ncaa_identity: contest_id=1119838 teams 2077/2077 matched, players 245/748 matched
2026-08-23 23:58:20,866 INFO ncaa_identity: contest_id=1119848 teams 1732/1732 matched, players 330/740 matched
2026-08-23 23:58:22,323 INFO ncaa_identity: contest_id=1119929 teams 2286/2286 matched, players 330/879 matched
2026-08-23 23:58:23,689 INFO ncaa_identity: contest_id=1119946 teams 2130/2130 matched, players 349/860 matched
2026-08-23 23:58:24,617 INFO ncaa_identity: contest_id=1119960 teams 1410/1410 matched, players 20/370 matched
2026-08-23 23:58:25,810 INFO ncaa_identity: contest_id=1119973 teams 1767/1767 matched, players 258/635 matched
2026-08-23 23:58:26,823 INFO ncaa_identity: contest_id=1119989 teams 1676/1676 matched, players 177/583 matched
2026-08-23 23:58:28,022 INFO ncaa_identity: contest_id=1120001 teams 2114/2114 matched, players 240/752 matched
2026-08-23 23:58:29,372 INFO ncaa_identity: contest_id=1120012 teams 1852/1852 matched, players 171/621 matched
2026-08-23 23:58:30,417 INFO ncaa_identity: contest_id=1120069 teams 2549/2549 matched, players 560/1161 matched
2026-08-23 23:58:31,609 INFO ncaa_identity: contest_id=1120105 teams 1990/1990 matched, players 190/675 matched
2026-08-23 23:58:32,546 INFO ncaa_identity: contest_id=1120180 teams 1888/1888 matched, players 238/652 matched
2026-08-23 23:58:33,504 INFO ncaa_identity: contest_id=1120232 teams 2045/2045 matched, players 222/717 matched
2026-08-23 23:58:34,537 INFO ncaa_identity: contest_id=1120263 teams 1908/1908 matched, players 251/710 matched
2026-08-23 23:58:35,784 INFO ncaa_identity: contest_id=1120273 teams 1914/1914 matched, players 342/797 matched
2026-08-23 23:58:36,909 INFO ncaa_identity: contest_id=1120341 teams 1878/1878 matched, players 270/722 matched
2026-08-23 23:58:37,854 INFO ncaa_identity: contest_id=1120374 teams 1730/1730 matched, players 224/641 matched
2026-08-23 23:58:39,007 INFO ncaa_identity: contest_id=1120395 teams 1820/1820 matched, players 220/659 matched
2026-08-23 23:58:40,232 INFO ncaa_identity: contest_id=1120405 teams 1716/1716 matched, players 197/612 matched
2026-08-23 23:58:41,363 INFO ncaa_identity: contest_id=1120426 teams 1896/1896 matched, players 295/749 matched
2026-08-23 23:58:42,645 INFO ncaa_identity: contest_id=1120483 teams 2052/2052 matched, players 315/807 matched
2026-08-23 23:58:43,821 INFO ncaa_identity: contest_id=1120508 teams 2272/2272 matched, players 349/892 matched
2026-08-23 23:58:45,021 INFO ncaa_identity: contest_id=1120554 teams 2352/2352 matched, players 333/899 matched
2026-08-23 23:58:46,484 INFO ncaa_identity: contest_id=1120580 teams 1984/1984 matched, players 343/817 matched
2026-08-23 23:58:47,611 INFO ncaa_identity: contest_id=1120620 teams 1998/1998 matched, players 92/585 matched
2026-08-23 23:58:48,935 INFO ncaa_identity: contest_id=1120637 teams 1776/1776 matched, players 203/632 matched
2026-08-23 23:58:50,315 INFO ncaa_identity: contest_id=1120699 teams 1896/1896 matched, players 329/781 matched
2026-08-23 23:58:51,446 INFO ncaa_identity: contest_id=1120722 teams 2074/2074 matched, players 380/872 matched
2026-08-23 23:58:52,428 INFO ncaa_identity: contest_id=1120764 teams 1681/1681 matched, players 259/661 matched
2026-08-23 23:58:53,648 INFO ncaa_identity: contest_id=1120788 teams 2114/2114 matched, players 390/892 matched
2026-08-23 23:58:54,939 INFO ncaa_identity: contest_id=1120812 teams 1720/1720 matched, players 97/520 matched
2026-08-23 23:58:55,946 INFO ncaa_identity: contest_id=1120846 teams 1819/1819 matched, players 119/565 matched
2026-08-23 23:58:57,121 INFO ncaa_identity: contest_id=1120877 teams 1748/1748 matched, players 225/622 matched
2026-08-23 23:58:58,761 INFO ncaa_identity: contest_id=1120892 teams 2150/2150 matched, players 414/924 matched
2026-08-23 23:59:00,043 INFO ncaa_identity: contest_id=1120929 teams 1801/1801 matched, players 299/729 matched
2026-08-23 23:59:01,588 INFO ncaa_identity: contest_id=1121015 teams 2172/2172 matched, players 333/853 matched
2026-08-23 23:59:02,705 INFO ncaa_identity: contest_id=1121055 teams 1694/1694 matched, players 184/594 matched
2026-08-23 23:59:03,942 INFO ncaa_identity: contest_id=1121093 teams 1987/1987 matched, players 239/720 matched
2026-08-23 23:59:04,955 INFO ncaa_identity: contest_id=1121111 teams 1762/1762 matched, players 178/606 matched
2026-08-23 23:59:06,286 INFO ncaa_identity: contest_id=1121154 teams 1697/1697 matched, players 128/543 matched
2026-08-23 23:59:07,404 INFO ncaa_identity: contest_id=1121226 teams 1521/1521 matched, players 20/398 matched
2026-08-23 23:59:08,594 INFO ncaa_identity: contest_id=1121243 teams 2017/2017 matched, players 335/817 matched
2026-08-23 23:59:09,926 INFO ncaa_identity: contest_id=1121268 teams 1907/1907 matched, players 122/590 matched
2026-08-23 23:59:11,161 INFO ncaa_identity: contest_id=1121320 teams 1852/1852 matched, players 146/572 matched
2026-08-23 23:59:12,808 INFO ncaa_identity: contest_id=1121351 teams 2230/2230 matched, players 274/812 matched
2026-08-23 23:59:13,813 INFO ncaa_identity: contest_id=1121365 teams 2236/2236 matched, players 396/928 matched
2026-08-23 23:59:14,833 INFO ncaa_identity: contest_id=1121394 teams 2162/2162 matched, players 316/837 matched
2026-08-23 23:59:16,184 INFO ncaa_identity: contest_id=1121404 teams 1872/1872 matched, players 75/537 matched
2026-08-23 23:59:17,161 INFO ncaa_identity: contest_id=1121414 teams 1792/1792 matched, players 266/695 matched
2026-08-23 23:59:18,109 INFO ncaa_identity: contest_id=1121424 teams 2232/2232 matched, players 407/938 matched
2026-08-23 23:59:18,967 INFO ncaa_identity: contest_id=1121460 teams 1610/1610 matched, players 148/540 matched
2026-08-23 23:59:20,184 INFO ncaa_identity: contest_id=1121485 teams 1838/1838 matched, players 96/549 matched
2026-08-23 23:59:21,095 INFO ncaa_identity: contest_id=1121514 teams 1826/1826 matched, players 168/613 matched
2026-08-23 23:59:22,383 INFO ncaa_identity: contest_id=1121534 teams 2192/2192 matched, players 248/779 matched
2026-08-23 23:59:23,771 INFO ncaa_identity: contest_id=1121608 teams 1952/1952 matched, players 180/658 matched
2026-08-23 23:59:24,694 INFO ncaa_identity: contest_id=1121632 teams 1573/1573 matched, players 178/559 matched
2026-08-23 23:59:25,802 INFO ncaa_identity: contest_id=1121643 teams 2056/2056 matched, players 266/763 matched
2026-08-23 23:59:26,766 INFO ncaa_identity: contest_id=1121688 teams 1930/1930 matched, players 254/720 matched
2026-08-23 23:59:28,387 INFO ncaa_identity: contest_id=1121718 teams 2613/2613 matched, players 445/1042 matched
2026-08-23 23:59:29,506 INFO ncaa_identity: contest_id=1121747 teams 1957/1957 matched, players 341/807 matched
2026-08-23 23:59:30,957 INFO ncaa_identity: contest_id=1121777 teams 1912/1912 matched, players 384/836 matched
2026-08-23 23:59:32,213 INFO ncaa_identity: contest_id=1121787 teams 2208/2208 matched, players 237/773 matched
2026-08-23 23:59:33,465 INFO ncaa_identity: contest_id=1121797 teams 1876/1876 matched, players 178/634 matched
2026-08-23 23:59:34,396 INFO ncaa_identity: contest_id=1121807 teams 1406/1406 matched, players 91/435 matched
2026-08-23 23:59:35,541 INFO ncaa_identity: contest_id=1121831 teams 2098/2098 matched, players 336/838 matched
2026-08-23 23:59:36,932 INFO ncaa_identity: contest_id=1121872 teams 1852/1852 matched, players 301/745 matched
2026-08-23 23:59:38,035 INFO ncaa_identity: contest_id=1121898 teams 1734/1734 matched, players 196/616 matched
2026-08-23 23:59:39,106 INFO ncaa_identity: contest_id=1121930 teams 1998/1998 matched, players 229/713 matched
2026-08-23 23:59:40,227 INFO ncaa_identity: contest_id=1121988 teams 1972/1972 matched, players 335/806 matched
2026-08-23 23:59:41,826 INFO ncaa_identity: contest_id=1122000 teams 2357/2357 matched, players 210/749 matched
2026-08-23 23:59:43,096 INFO ncaa_identity: contest_id=1122040 teams 2396/2396 matched, players 362/936 matched
2026-08-23 23:59:44,914 INFO ncaa_identity: contest_id=1122063 teams 2794/2794 matched, players 572/1234 matched
2026-08-23 23:59:46,100 INFO ncaa_identity: contest_id=1122074 teams 1794/1794 matched, players 238/670 matched
2026-08-23 23:59:47,131 INFO ncaa_identity: contest_id=1122086 teams 1742/1742 matched, players 138/564 matched
2026-08-23 23:59:48,588 INFO ncaa_identity: contest_id=1122096 teams 2559/2559 matched, players 232/857 matched
2026-08-23 23:59:49,689 INFO ncaa_identity: contest_id=1122110 teams 1107/2184 matched, players 183/800 matched
2026-08-23 23:59:50,802 INFO ncaa_identity: contest_id=1122172 teams 1854/1854 matched, players 255/701 matched
2026-08-23 23:59:52,383 INFO ncaa_identity: contest_id=1122189 teams 2530/2530 matched, players 292/905 matched
2026-08-23 23:59:53,704 INFO ncaa_identity: contest_id=1122199 teams 2003/2003 matched, players 95/589 matched
2026-08-23 23:59:55,014 INFO ncaa_identity: contest_id=1122231 teams 1718/1718 matched, players 322/729 matched
2026-08-23 23:59:56,202 INFO ncaa_identity: contest_id=1122242 teams 2210/2210 matched, players 472/995 matched
2026-08-23 23:59:57,425 INFO ncaa_identity: contest_id=1122252 teams 1841/1841 matched, players 65/521 matched
2026-08-23 23:59:58,842 INFO ncaa_identity: contest_id=1122294 teams 1872/1872 matched, players 188/616 matched
2026-08-23 23:59:59,863 INFO ncaa_identity: contest_id=1122307 teams 2050/2050 matched, players 216/715 matched
2026-08-24 00:00:00,934 INFO ncaa_identity: contest_id=1122329 teams 1860/1860 matched, players 183/636 matched
2026-08-24 00:00:02,521 INFO ncaa_identity: contest_id=1122343 teams 2350/2350 matched, players 157/716 matched
2026-08-24 00:00:02,657 INFO 5 starters not found for period 1; using estimate
2026-08-24 00:00:02,657 INFO 5 starters not found for period 1; using estimate
2026-08-24 00:00:02,658 INFO 5 starters not found for period 2; using estimate
2026-08-24 00:00:02,658 INFO 5 starters not found for period 2; using estimate
2026-08-24 00:00:03,805 INFO ncaa_identity: contest_id=1122361 teams 1947/1947 matched, players 741/3051 matched
2026-08-24 00:00:04,879 INFO ncaa_identity: contest_id=1122371 teams 2057/2057 matched, players 206/706 matched
2026-08-24 00:00:06,369 INFO ncaa_identity: contest_id=1122399 teams 1846/1846 matched, players 130/582 matched
2026-08-24 00:00:07,406 INFO ncaa_identity: contest_id=1122419 teams 2114/2114 matched, players 354/860 matched
2026-08-24 00:00:08,451 INFO ncaa_identity: contest_id=1122443 teams 1982/1982 matched, players 348/819 matched
2026-08-24 00:00:09,762 INFO ncaa_identity: contest_id=1122460 teams 2263/2263 matched, players 313/858 matched
2026-08-24 00:00:10,845 INFO ncaa_identity: contest_id=1122481 teams 1833/1833 matched, players 246/688 matched
2026-08-24 00:00:11,809 INFO ncaa_identity: contest_id=1122496 teams 1885/1885 matched, players 256/710 matched
2026-08-24 00:00:13,164 INFO ncaa_identity: contest_id=1122508 teams 2046/2046 matched, players 162/662 matched
2026-08-24 00:00:14,225 INFO ncaa_identity: contest_id=1122522 teams 2021/2021 matched, players 330/811 matched
2026-08-24 00:00:15,148 INFO ncaa_identity: contest_id=1122536 teams 2060/2060 matched, players 161/667 matched
2026-08-24 00:00:16,513 INFO ncaa_identity: contest_id=1122556 teams 1682/1682 matched, players 256/659 matched
2026-08-24 00:00:17,737 INFO ncaa_identity: contest_id=1122589 teams 2506/2506 matched, players 452/1048 matched
2026-08-24 00:00:19,027 INFO ncaa_identity: contest_id=1122617 teams 1980/1980 matched, players 218/698 matched
2026-08-24 00:00:19,882 INFO ncaa_identity: contest_id=1122637 teams 1737/1737 matched, players 248/665 matched
2026-08-24 00:00:20,762 INFO ncaa_identity: contest_id=1122648 teams 1926/1926 matched, players 207/674 matched
2026-08-24 00:00:21,898 INFO ncaa_identity: contest_id=1122663 teams 2124/2124 matched, players 193/710 matched
2026-08-24 00:00:22,842 INFO ncaa_identity: contest_id=1122675 teams 2088/2088 matched, players 359/857 matched
2026-08-24 00:00:23,962 INFO ncaa_identity: contest_id=1122692 teams 1708/1708 matched, players 223/634 matched
2026-08-24 00:00:25,139 INFO ncaa_identity: contest_id=1122703 teams 2222/2222 matched, players 422/949 matched
2026-08-24 00:00:26,265 INFO ncaa_identity: contest_id=1122721 teams 1497/1497 matched, players 140/505 matched
2026-08-24 00:00:27,466 INFO ncaa_identity: contest_id=1122739 teams 1919/1919 matched, players 195/661 matched
2026-08-24 00:00:28,937 INFO ncaa_identity: contest_id=1122761 teams 2614/2614 matched, players 438/1061 matched
2026-08-24 00:00:30,351 INFO ncaa_identity: contest_id=1122777 teams 2364/2364 matched, players 401/966 matched
2026-08-24 00:00:31,456 INFO ncaa_identity: contest_id=1122795 teams 1720/1720 matched, players 332/739 matched
2026-08-24 00:00:32,570 INFO ncaa_identity: contest_id=1122809 teams 2228/2228 matched, players 315/850 matched
2026-08-24 00:00:33,801 INFO ncaa_identity: contest_id=1122823 teams 1751/1751 matched, players 215/637 matched
2026-08-24 00:00:34,994 INFO ncaa_identity: contest_id=1122838 teams 2008/2008 matched, players 339/818 matched
2026-08-24 00:00:35,402 WARNING ncaa_parse: family=lineups contest_id=1122853 team=UConn produced NO good stints (21 bad, roster=10) -- parsed successfully but contributed nothing
2026-08-24 00:00:36,000 INFO ncaa_identity: contest_id=1122853 teams 1991/1991 matched, players 5/502 matched
2026-08-24 00:00:37,035 INFO ncaa_identity: contest_id=1122864 teams 1898/1898 matched, players 132/597 matched
2026-08-24 00:00:38,354 INFO ncaa_identity: contest_id=1122875 teams 2094/2094 matched, players 212/720 matched
2026-08-24 00:00:39,282 INFO ncaa_identity: contest_id=1122885 teams 1494/1494 matched, players 226/583 matched
2026-08-24 00:00:40,350 INFO ncaa_identity: contest_id=1122895 teams 1680/1680 matched, players 250/654 matched
2026-08-24 00:00:41,682 INFO ncaa_identity: contest_id=1122906 teams 2062/2062 matched, players 378/867 matched
2026-08-24 00:00:42,552 INFO ncaa_identity: contest_id=1122916 teams 1592/1592 matched, players 210/547 matched
2026-08-24 00:00:43,497 INFO ncaa_identity: contest_id=1122927 teams 1953/1953 matched, players 234/707 matched
2026-08-24 00:00:44,424 INFO ncaa_identity: contest_id=1122937 teams 1770/1770 matched, players 250/675 matched
2026-08-24 00:00:45,621 INFO ncaa_identity: contest_id=1122948 teams 1724/1724 matched, players 303/713 matched
2026-08-24 00:00:46,586 INFO ncaa_identity: contest_id=1122966 teams 1824/1824 matched, players 199/641 matched
2026-08-24 00:00:46,676 INFO 5 starters not found for period 1; using estimate
2026-08-24 00:00:46,677 INFO 5 starters not found for period 1; using estimate
2026-08-24 00:00:46,677 INFO 5 starters not found for period 2; using estimate
2026-08-24 00:00:46,677 INFO 5 starters not found for period 2; using estimate
2026-08-24 00:00:47,486 INFO ncaa_identity: contest_id=1122978 teams 1927/1927 matched, players 686/2990 matched
2026-08-24 00:00:48,447 INFO ncaa_identity: contest_id=1122988 teams 1783/1783 matched, players 116/553 matched
2026-08-24 00:00:50,002 INFO ncaa_identity: contest_id=1123013 teams 2020/2020 matched, players 349/792 matched
2026-08-24 00:00:51,119 INFO ncaa_identity: contest_id=1123031 teams 1658/1658 matched, players 198/598 matched
2026-08-24 00:00:52,388 INFO ncaa_identity: contest_id=1123065 teams 2024/2024 matched, players 338/821 matched
2026-08-24 00:00:54,110 INFO ncaa_identity: contest_id=1123081 teams 2318/2318 matched, players 376/928 matched
2026-08-24 00:00:55,391 INFO ncaa_identity: contest_id=1123098 teams 1936/1936 matched, players 217/686 matched
2026-08-24 00:00:56,523 INFO ncaa_identity: contest_id=1123108 teams 1667/1667 matched, players 123/532 matched
2026-08-24 00:00:58,068 INFO ncaa_identity: contest_id=1123122 teams 2346/2346 matched, players 388/947 matched
2026-08-24 00:00:59,237 INFO ncaa_identity: contest_id=1123132 teams 1742/1742 matched, players 258/675 matched
2026-08-24 00:01:00,460 INFO ncaa_identity: contest_id=1123144 teams 1970/1970 matched, players 371/840 matched
2026-08-24 00:01:02,021 INFO ncaa_identity: contest_id=1123158 teams 1807/1807 matched, players 196/611 matched
2026-08-24 00:01:02,925 INFO ncaa_identity: contest_id=1123173 teams 1881/1881 matched, players 222/676 matched
2026-08-24 00:01:03,953 INFO ncaa_identity: contest_id=1123183 teams 2080/2080 matched, players 359/855 matched
2026-08-24 00:01:05,446 INFO ncaa_identity: contest_id=1123193 teams 2538/2538 matched, players 196/816 matched
2026-08-24 00:01:06,886 INFO ncaa_identity: contest_id=1123209 teams 2280/2280 matched, players 450/992 matched
2026-08-24 00:01:08,597 INFO ncaa_identity: contest_id=1123220 teams 1996/1996 matched, players 383/850 matched
2026-08-24 00:01:11,008 INFO ncaa_identity: contest_id=1733886 teams 1283/2562 matched, players 3680/7230 matched
2026-08-24 00:01:12,622 INFO ncaa_identity: contest_id=844166 teams 2362/2362 matched, players 6284/6637 matched
2026-08-24 00:01:14,413 INFO ncaa_identity: contest_id=844187 teams 1055/2115 matched, players 475/936 matched
2026-08-24 00:01:16,203 INFO ncaa_identity: contest_id=844203 teams 2277/2277 matched, players 6204/6393 matched
2026-08-24 00:01:18,155 INFO ncaa_identity: contest_id=844213 teams 1234/2405 matched, players 3379/6779 matched
2026-08-24 00:01:19,815 INFO ncaa_identity: contest_id=844224 teams 2607/2607 matched, players 6962/7354 matched
2026-08-24 00:01:21,904 INFO ncaa_identity: contest_id=844239 teams 1210/2427 matched, players 3105/6801 matched
2026-08-24 00:01:23,218 INFO ncaa_identity: contest_id=844249 teams 1177/2272 matched, players 3268/6404 matched
2026-08-24 00:01:24,693 INFO ncaa_identity: contest_id=844261 teams 1137/2374 matched, players 3310/6642 matched
2026-08-24 00:01:27,789 INFO ncaa_identity: contest_id=844281 teams 2046/2046 matched, players 5472/5752 matched
2026-08-24 00:01:33,890 INFO ncaa_identity: contest_id=844329 teams 2399/2399 matched, players 6559/6736 matched
2026-08-24 00:01:35,165 INFO ncaa_identity: contest_id=844373 teams 1328/2654 matched, players 3714/7488 matched
2026-08-24 00:01:36,992 INFO ncaa_identity: contest_id=844383 teams 1394/2647 matched, players 3564/7480 matched
2026-08-24 00:01:38,306 INFO ncaa_identity: contest_id=844397 teams 2483/2483 matched, players 6650/6982 matched
2026-08-24 00:01:40,403 INFO ncaa_identity: contest_id=844419 teams 2290/2290 matched, players 809/836 matched
2026-08-24 00:01:41,564 INFO ncaa_identity: contest_id=844437 teams 1845/1845 matched, players 728/745 matched
2026-08-24 00:01:43,298 INFO ncaa_identity: contest_id=844464 teams 2629/2629 matched, players 7034/7413 matched
2026-08-24 00:01:46,805 INFO ncaa_identity: contest_id=844502 teams 2341/2341 matched, players 6310/6570 matched
2026-08-24 00:01:53,347 INFO ncaa_identity: contest_id=844599 teams 3215/3215 matched, players 8807/9104 matched
2026-08-24 00:01:55,440 INFO ncaa_identity: contest_id=844633 teams 1297/2494 matched, players 3450/7004 matched
2026-08-24 00:01:56,904 INFO ncaa_identity: contest_id=844655 teams 1215/2480 matched, players 3504/6985 matched
2026-08-24 00:01:59,757 INFO ncaa_identity: contest_id=844716 teams 2152/2152 matched, players 5654/6048 matched
2026-08-24 00:02:01,453 INFO ncaa_identity: contest_id=844756 teams 2543/2543 matched, players 6606/7176 matched
2026-08-24 00:02:06,909 INFO ncaa_identity: contest_id=844836 teams 2699/2699 matched, players 7068/7638 matched
2026-08-24 00:02:13,613 INFO ncaa_identity: contest_id=844959 teams 1259/2459 matched, players 3261/6957 matched
2026-08-24 00:02:14,818 INFO ncaa_identity: contest_id=844978 teams 1866/1866 matched, players 4864/5220 matched
2026-08-24 00:02:17,920 INFO ncaa_identity: contest_id=845017 teams 1371/2713 matched, players 3396/7656 matched
2026-08-24 00:02:19,451 INFO ncaa_identity: contest_id=845044 teams 2399/2399 matched, players 6711/6756 matched
2026-08-24 00:02:20,992 INFO ncaa_identity: contest_id=845068 teams 2155/2155 matched, players 5965/6074 matched
2026-08-24 00:02:22,551 INFO ncaa_identity: contest_id=845082 teams 1440/2844 matched, players 3981/8013 matched
2026-08-24 00:02:24,194 INFO ncaa_identity: contest_id=845097 teams 2613/2613 matched, players 6447/7378 matched
2026-08-24 00:02:25,460 INFO ncaa_identity: contest_id=845109 teams 1338/2589 matched, players 3649/7284 matched
2026-08-24 00:02:28,602 INFO ncaa_identity: contest_id=845189 teams 2870/2870 matched, players 7529/8110 matched
2026-08-24 00:02:33,615 INFO ncaa_identity: contest_id=845357 teams 2814/2814 matched, players 7797/7984 matched
2026-08-24 00:02:34,984 INFO ncaa_identity: contest_id=845423 teams 938/1884 matched, players 2626/5293 matched
2026-08-24 00:02:38,002 INFO ncaa_identity: contest_id=845463 teams 2801/2801 matched, players 7532/7863 matched
2026-08-24 00:02:39,904 INFO ncaa_identity: contest_id=845499 teams 2519/2519 matched, players 6569/7126 matched
2026-08-24 00:02:42,814 INFO ncaa_identity: contest_id=845582 teams 1187/2361 matched, players 402/881 matched
2026-08-24 00:02:44,190 INFO ncaa_identity: contest_id=845612 teams 2574/2574 matched, players 6665/7280 matched
2026-08-24 00:02:45,286 INFO ncaa_identity: contest_id=845640 teams 1903/1903 matched, players 5048/5332 matched
2026-08-24 00:02:46,773 INFO ncaa_identity: contest_id=845742 teams 2399/2399 matched, players 6734/6763 matched
2026-08-24 00:02:49,695 INFO ncaa_identity: contest_id=845792 teams 2243/2243 matched, players 5515/6333 matched
2026-08-24 00:02:50,859 INFO ncaa_identity: contest_id=845808 teams 2035/2035 matched, players 5662/5698 matched
2026-08-24 00:02:57,446 INFO ncaa_identity: contest_id=845872 teams 1345/2731 matched, players 3843/7695 matched
2026-08-24 00:02:58,878 INFO ncaa_identity: contest_id=845893 teams 1514/3053 matched, players 3785/8616 matched
2026-08-24 00:03:04,208 INFO 5 starters not found for period 3; using estimate
2026-08-24 00:03:05,341 INFO ncaa_identity: contest_id=845985 teams 2697/2697 matched, players 7099/7593 matched
2026-08-24 00:03:06,668 INFO ncaa_identity: contest_id=846017 teams 1800/1800 matched, players 625/662 matched
2026-08-24 00:03:08,175 INFO ncaa_identity: contest_id=846067 teams 2395/2395 matched, players 6530/6752 matched
2026-08-24 00:03:12,609 INFO ncaa_identity: contest_id=846214 teams 2576/2576 matched, players 7058/7264 matched
2026-08-24 00:03:14,230 INFO ncaa_identity: contest_id=846225 teams 2724/2724 matched, players 7534/7684 matched
2026-08-24 00:03:16,157 INFO ncaa_identity: contest_id=846236 teams 2223/2223 matched, players 6084/6291 matched
2026-08-24 00:03:18,574 INFO ncaa_identity: contest_id=846253 teams 2164/4293 matched, players 5989/12171 matched
2026-08-24 00:03:20,169 INFO ncaa_identity: contest_id=846270 teams 2124/2124 matched, players 863/870 matched
2026-08-24 00:03:24,662 INFO ncaa_identity: contest_id=846309 teams 2329/2329 matched, players 5990/6584 matched
2026-08-24 00:03:26,152 INFO ncaa_identity: contest_id=846322 teams 2261/2261 matched, players 5992/6332 matched
2026-08-24 00:03:29,227 INFO ncaa_identity: contest_id=846377 teams 2466/2466 matched, players 6123/6942 matched
2026-08-24 00:03:30,510 INFO ncaa_identity: contest_id=846389 teams 2462/2462 matched, players 6939/6962 matched
2026-08-24 00:03:31,781 INFO ncaa_identity: contest_id=846413 teams 2616/2616 matched, players 7331/7358 matched
2026-08-24 00:03:33,655 INFO ncaa_identity: contest_id=846438 teams 2468/2468 matched, players 5801/6948 matched
2026-08-24 00:03:35,191 INFO ncaa_identity: contest_id=846473 teams 2237/2237 matched, players 6096/6279 matched
2026-08-24 00:03:36,621 INFO ncaa_identity: contest_id=846513 teams 1206/2485 matched, players 3170/6973 matched
2026-08-24 00:03:39,751 INFO ncaa_identity: contest_id=846563 teams 1026/2058 matched, players 2894/5742 matched
2026-08-24 00:03:42,591 INFO ncaa_identity: contest_id=846629 teams 2937/2937 matched, players 8129/8341 matched
2026-08-24 00:03:46,889 INFO ncaa_identity: contest_id=846688 teams 2406/2406 matched, players 6444/6788 matched
2026-08-24 00:03:48,454 INFO ncaa_identity: contest_id=846718 teams 2441/2441 matched, players 5716/6858 matched
2026-08-24 00:03:49,736 INFO ncaa_identity: contest_id=846760 teams 1930/1930 matched, players 5278/5408 matched
2026-08-24 00:03:52,486 INFO ncaa_identity: contest_id=846806 teams 2396/2396 matched, players 5977/6771 matched
2026-08-24 00:03:54,210 WARNING ncaa_parse: family=lineups contest_id=846880 team=Minnesota produced NO good stints (2 bad, roster=10) -- parsed successfully but contributed nothing
2026-08-24 00:03:54,901 INFO ncaa_identity: contest_id=846880 teams 1458/1458 matched, players 320/396 matched
2026-08-24 00:03:56,635 INFO ncaa_identity: contest_id=846900 teams 1430/2799 matched, players 3507/7855 matched
2026-08-24 00:03:57,977 INFO ncaa_identity: contest_id=846922 teams 1199/2332 matched, players 3359/6606 matched
2026-08-24 00:03:59,334 INFO ncaa_identity: contest_id=846949 teams 2352/2352 matched, players 6240/6614 matched
2026-08-24 00:04:00,788 INFO ncaa_identity: contest_id=846985 teams 2424/2424 matched, players 6379/6811 matched
2026-08-24 00:04:03,854 INFO ncaa_identity: contest_id=847049 teams 1195/2369 matched, players 3121/6683 matched
2026-08-24 00:04:15,308 INFO ncaa_identity: contest_id=847278 teams 1425/2825 matched, players 4040/8020 matched
2026-08-24 00:04:16,605 INFO ncaa_identity: contest_id=847307 teams 2049/2049 matched, players 5591/5778 matched
2026-08-24 00:04:18,389 INFO ncaa_identity: contest_id=847340 teams 2464/2464 matched, players 6613/6943 matched
2026-08-24 00:04:19,903 INFO ncaa_identity: contest_id=847363 teams 2536/2536 matched, players 7057/7113 matched
2026-08-24 00:04:25,880 INFO ncaa_identity: contest_id=847576 teams 2038/2038 matched, players 5150/5710 matched
2026-08-24 00:04:27,412 INFO ncaa_identity: contest_id=847628 teams 2330/2330 matched, players 6457/6505 matched
2026-08-24 00:04:29,306 INFO ncaa_identity: contest_id=847644 teams 2550/2550 matched, players 6857/7199 matched
2026-08-24 00:04:33,603 INFO ncaa_identity: contest_id=847743 teams 2695/2695 matched, players 6894/7598 matched
2026-08-24 00:04:36,594 INFO ncaa_identity: contest_id=847795 teams 1968/1968 matched, players 5463/5537 matched
2026-08-24 00:04:42,032 INFO ncaa_identity: contest_id=847918 teams 2154/2154 matched, players 5691/6086 matched
2026-08-24 00:04:45,988 INFO ncaa_identity: contest_id=848021 teams 2194/2194 matched, players 5471/6164 matched
2026-08-24 00:04:53,292 INFO ncaa_identity: contest_id=848165 teams 2186/2186 matched, players 5399/6166 matched
2026-08-24 00:04:54,860 INFO ncaa_identity: contest_id=848191 teams 2453/2453 matched, players 6512/6903 matched
2026-08-24 00:05:00,574 INFO ncaa_identity: contest_id=848323 teams 2142/2142 matched, players 5637/6054 matched
2026-08-24 00:05:03,546 INFO ncaa_identity: contest_id=848393 teams 1296/2608 matched, players 3666/7351 matched
2026-08-24 00:05:06,880 INFO ncaa_identity: contest_id=848480 teams 2415/2415 matched, players 6715/6774 matched
2026-08-24 00:05:10,041 INFO ncaa_identity: contest_id=848532 teams 2407/2407 matched, players 6448/6778 matched
2026-08-24 00:05:11,503 INFO ncaa_identity: contest_id=848566 teams 2290/2290 matched, players 5949/6432 matched
2026-08-24 00:05:12,846 INFO ncaa_identity: contest_id=848594 teams 1010/1978 matched, players 2797/5555 matched
2026-08-24 00:05:18,865 INFO ncaa_identity: contest_id=848731 teams 2144/2144 matched, players 5858/5993 matched
2026-08-24 00:05:20,146 INFO ncaa_identity: contest_id=848748 teams 2224/2224 matched, players 5543/6261 matched
2026-08-24 00:05:21,809 INFO ncaa_identity: contest_id=848782 teams 2394/2394 matched, players 6243/6739 matched
2026-08-24 00:05:22,971 INFO ncaa_identity: contest_id=848796 teams 2034/2034 matched, players 5474/5750 matched
2026-08-24 00:05:24,215 INFO ncaa_identity: contest_id=848813 teams 2434/2434 matched, players 6616/6878 matched
2026-08-24 00:05:27,212 INFO ncaa_identity: contest_id=848857 teams 1421/2812 matched, players 3983/7879 matched
2026-08-24 00:05:28,840 INFO ncaa_identity: contest_id=848887 teams 1305/2652 matched, players 3331/7461 matched
2026-08-24 00:05:31,888 INFO ncaa_identity: contest_id=848945 teams 2504/2504 matched, players 6499/7055 matched
2026-08-24 00:05:33,267 INFO ncaa_identity: contest_id=848960 teams 2368/2368 matched, players 6265/6671 matched
2026-08-24 00:05:34,831 INFO ncaa_identity: contest_id=848986 teams 1316/2677 matched, players 3787/7588 matched
2026-08-24 00:05:36,238 INFO ncaa_identity: contest_id=849011 teams 2346/2346 matched, players 6261/6657 matched
2026-08-24 00:05:38,918 INFO ncaa_identity: contest_id=849075 teams 2471/2471 matched, players 6492/6957 matched
2026-08-24 00:05:42,055 INFO ncaa_identity: contest_id=849158 teams 1037/2008 matched, players 2816/5650 matched
2026-08-24 00:05:45,569 INFO ncaa_identity: contest_id=849205 teams 2752/2752 matched, players 6916/7806 matched
2026-08-24 00:05:47,954 INFO ncaa_identity: contest_id=849247 teams 2390/2390 matched, players 6344/6775 matched
2026-08-24 00:05:50,961 INFO ncaa_identity: contest_id=849289 teams 2523/2523 matched, players 6970/7109 matched
2026-08-24 00:05:52,104 INFO ncaa_identity: contest_id=849317 teams 1993/1993 matched, players 5274/5593 matched
2026-08-24 00:06:02,065 INFO ncaa_identity: contest_id=849486 teams 2443/2443 matched, players 6675/6924 matched
2026-08-24 00:06:03,565 INFO ncaa_identity: contest_id=849502 teams 2205/2205 matched, players 5691/6235 matched
2026-08-24 00:06:05,266 INFO ncaa_identity: contest_id=849517 teams 1859/1859 matched, players 4759/5187 matched
2026-08-24 00:06:06,812 INFO ncaa_identity: contest_id=849529 teams 2607/2607 matched, players 6967/7389 matched
2026-08-24 00:06:08,261 INFO ncaa_identity: contest_id=849540 teams 2008/2008 matched, players 5531/5667 matched
2026-08-24 00:06:11,255 INFO ncaa_identity: contest_id=849562 teams 2235/2235 matched, players 5955/6312 matched
2026-08-24 00:06:13,059 INFO ncaa_identity: contest_id=849573 teams 1292/2535 matched, players 3568/7103 matched
2026-08-24 00:06:17,595 INFO ncaa_identity: contest_id=849610 teams 2437/2437 matched, players 6749/6883 matched
2026-08-24 00:06:26,326 INFO ncaa_identity: contest_id=849675 teams 2371/2371 matched, players 6425/6679 matched
2026-08-24 00:06:27,746 INFO ncaa_identity: contest_id=849685 teams 2236/2236 matched, players 5795/6276 matched
2026-08-24 00:06:29,109 INFO ncaa_identity: contest_id=849698 teams 1924/1924 matched, players 5178/5338 matched
2026-08-24 00:06:33,933 INFO ncaa_identity: contest_id=849728 teams 2216/2216 matched, players 5934/6193 matched
2026-08-24 00:06:36,903 INFO ncaa_identity: contest_id=849750 teams 1087/2117 matched, players 3012/5940 matched
2026-08-24 00:06:38,161 INFO ncaa_identity: contest_id=849767 teams 2293/2293 matched, players 6244/6408 matched
2026-08-24 00:06:39,580 INFO ncaa_identity: contest_id=849777 teams 2775/2775 matched, players 7114/7873 matched
2026-08-24 00:06:42,779 INFO ncaa_identity: contest_id=849806 teams 2040/2040 matched, players 5288/5709 matched
2026-08-24 00:06:50,491 INFO ncaa_identity: contest_id=849900 teams 2402/2402 matched, players 6570/6772 matched
2026-08-24 00:06:53,698 INFO ncaa_identity: contest_id=849972 teams 2223/2223 matched, players 5739/6258 matched
2026-08-24 00:06:55,197 INFO ncaa_identity: contest_id=849994 teams 2109/2109 matched, players 5478/5950 matched
2026-08-24 00:06:59,476 INFO ncaa_identity: contest_id=850047 teams 2311/2311 matched, players 6411/6495 matched
2026-08-24 00:07:01,426 INFO ncaa_identity: contest_id=850078 teams 2748/2748 matched, players 7293/7727 matched
2026-08-24 00:07:02,751 INFO ncaa_identity: contest_id=850151 teams 1279/2541 matched, players 3214/7176 matched
2026-08-24 00:07:04,487 INFO ncaa_identity: contest_id=850194 teams 2259/2259 matched, players 5895/6341 matched
2026-08-24 00:07:05,874 INFO ncaa_identity: contest_id=850211 teams 2453/2453 matched, players 6457/6927 matched
2026-08-24 00:07:06,008 INFO 5 starters not found for period 3; using estimate
2026-08-24 00:07:07,880 INFO ncaa_identity: contest_id=850228 teams 2764/2764 matched, players 7493/7800 matched
2026-08-24 00:07:09,380 INFO ncaa_identity: contest_id=850239 teams 2790/2790 matched, players 7558/7875 matched
2026-08-24 00:07:18,176 INFO ncaa_identity: contest_id=850367 teams 2279/2279 matched, players 6357/6437 matched
2026-08-24 00:07:20,040 INFO ncaa_identity: contest_id=850390 teams 1229/2477 matched, players 3528/6952 matched
2026-08-24 00:07:22,648 INFO ncaa_identity: contest_id=850466 teams 1187/2302 matched, players 3164/6499 matched
2026-08-24 00:07:24,201 INFO ncaa_identity: contest_id=850488 teams 2019/2019 matched, players 5503/5677 matched
2026-08-24 00:07:25,573 INFO ncaa_identity: contest_id=850526 teams 2579/2579 matched, players 7080/7276 matched
2026-08-24 00:07:30,111 INFO ncaa_identity: contest_id=850642 teams 2320/2320 matched, players 6257/6553 matched
2026-08-24 00:07:33,288 INFO ncaa_identity: contest_id=850713 teams 2636/2636 matched, players 6370/7431 matched
2026-08-24 00:07:41,512 INFO ncaa_identity: contest_id=850870 teams 1976/1976 matched, players 5023/5480 matched
2026-08-24 00:07:43,609 INFO ncaa_identity: contest_id=850905 teams 2808/2808 matched, players 7354/7965 matched
2026-08-24 00:07:44,863 INFO ncaa_identity: contest_id=850964 teams 2410/2410 matched, players 5929/6773 matched
2026-08-24 00:07:50,601 INFO ncaa_identity: contest_id=851054 teams 2337/2337 matched, players 6142/6566 matched
2026-08-24 00:07:51,699 INFO ncaa_identity: contest_id=851090 teams 2353/2353 matched, players 6225/6650 matched
2026-08-24 00:07:54,702 INFO ncaa_identity: contest_id=851151 teams 2522/2522 matched, players 6978/7131 matched
2026-08-24 00:08:05,269 INFO ncaa_identity: contest_id=851381 teams 2807/2807 matched, players 7767/7953 matched
2026-08-24 00:08:19,157 INFO ncaa_identity: contest_id=851636 teams 2269/2269 matched, players 5972/6424 matched
2026-08-24 00:08:30,115 INFO ncaa_identity: contest_id=851911 teams 2056/2056 matched, players 5533/5821 matched
2026-08-24 00:08:31,511 INFO ncaa_identity: contest_id=851963 teams 1337/2698 matched, players 3829/7583 matched
2026-08-24 00:08:36,489 INFO ncaa_identity: contest_id=852061 teams 2135/2135 matched, players 5561/6018 matched
2026-08-24 00:08:39,701 INFO ncaa_identity: contest_id=852129 teams 2384/2384 matched, players 6569/6699 matched
2026-08-24 00:08:45,991 INFO ncaa_identity: contest_id=852269 teams 2290/2290 matched, players 5484/6438 matched
2026-08-24 00:08:47,169 INFO ncaa_identity: contest_id=852290 teams 2335/2335 matched, players 6410/6554 matched
2026-08-24 00:08:48,547 INFO ncaa_identity: contest_id=852313 teams 1228/1228 matched, players 326/341 matched
2026-08-24 00:08:50,043 INFO ncaa_identity: contest_id=852358 teams 2844/2844 matched, players 7197/8045 matched
2026-08-24 00:08:51,529 INFO ncaa_identity: contest_id=852373 teams 2527/2527 matched, players 7091/7118 matched
2026-08-24 00:08:53,073 INFO ncaa_identity: contest_id=852390 teams 0/2005 matched, players 0/5640 matched
2026-08-24 00:08:57,546 INFO ncaa_identity: contest_id=852557 teams 1874/1874 matched, players 4913/5321 matched
2026-08-24 00:09:09,405 INFO ncaa_identity: contest_id=852765 teams 2158/2158 matched, players 5558/6079 matched
2026-08-24 00:09:15,229 INFO ncaa_identity: contest_id=852907 teams 2517/2517 matched, players 6886/7100 matched
2026-08-24 00:09:22,846 INFO ncaa_identity: contest_id=853061 teams 1904/1904 matched, players 660/694 matched
2026-08-24 00:09:25,629 INFO ncaa_identity: contest_id=853104 teams 2513/2513 matched, players 6534/7082 matched
2026-08-24 00:09:32,874 INFO ncaa_identity: contest_id=853333 teams 2464/2464 matched, players 6814/6931 matched
2026-08-24 00:09:36,894 INFO ncaa_identity: contest_id=853409 teams 2442/2442 matched, players 6519/6841 matched
2026-08-24 00:09:39,859 INFO ncaa_identity: contest_id=853503 teams 1253/2527 matched, players 3581/7126 matched
2026-08-24 00:09:42,475 INFO ncaa_identity: contest_id=853537 teams 2016/2016 matched, players 4939/5666 matched
2026-08-24 00:09:44,030 INFO ncaa_identity: contest_id=853562 teams 2720/2720 matched, players 7693/7695 matched
2026-08-24 00:09:45,489 INFO ncaa_identity: contest_id=853583 teams 2341/2341 matched, players 6326/6573 matched
2026-08-24 00:09:49,449 INFO ncaa_identity: contest_id=853693 teams 2082/2082 matched, players 5359/5855 matched
2026-08-24 00:09:59,388 INFO ncaa_identity: contest_id=853901 teams 2097/2097 matched, players 5290/5914 matched
2026-08-24 00:10:03,665 INFO ncaa_identity: contest_id=853988 teams 2368/2368 matched, players 6126/6692 matched
2026-08-24 00:10:16,059 INFO ncaa_identity: contest_id=854283 teams 2257/2257 matched, players 5780/6364 matched
2026-08-24 00:10:17,327 INFO ncaa_identity: contest_id=854320 teams 974/2040 matched, players 2848/5728 matched
2026-08-24 00:10:18,980 INFO ncaa_identity: contest_id=854348 teams 2354/2354 matched, players 6402/6687 matched
2026-08-24 00:10:32,654 INFO ncaa_identity: contest_id=854631 teams 2295/2295 matched, players 6296/6457 matched
2026-08-24 00:10:34,217 INFO ncaa_identity: contest_id=854667 teams 2497/2497 matched, players 6599/7032 matched
2026-08-24 00:10:37,376 INFO ncaa_identity: contest_id=854745 teams 2451/2451 matched, players 6511/6908 matched
2026-08-24 00:10:42,235 INFO ncaa_identity: contest_id=854828 teams 2683/2683 matched, players 7251/7534 matched
2026-08-24 00:11:02,545 INFO ncaa_identity: contest_id=855263 teams 2654/2654 matched, players 7458/7478 matched
2026-08-24 00:11:05,363 INFO ncaa_identity: contest_id=855345 teams 2177/2177 matched, players 5741/6136 matched
2026-08-24 00:11:06,733 INFO ncaa_identity: contest_id=855383 teams 2300/2300 matched, players 6013/6454 matched
2026-08-24 00:11:08,219 INFO ncaa_identity: contest_id=855402 teams 2331/2331 matched, players 6516/6568 matched
2026-08-24 00:11:09,444 INFO ncaa_identity: contest_id=855444 teams 2252/2252 matched, players 5539/6316 matched
2026-08-24 00:11:10,929 INFO ncaa_identity: contest_id=855466 teams 2078/2078 matched, players 5808/5836 matched
2026-08-24 00:11:12,304 INFO ncaa_identity: contest_id=855491 teams 2920/2920 matched, players 7780/8293 matched
2026-08-24 00:11:13,813 INFO ncaa_identity: contest_id=855519 teams 2246/2246 matched, players 6158/6367 matched
2026-08-24 00:11:14,903 INFO ncaa_identity: contest_id=855538 teams 2178/2178 matched, players 5449/6147 matched
2026-08-24 00:11:16,946 INFO ncaa_identity: contest_id=855557 teams 2252/2252 matched, players 6108/6331 matched
2026-08-24 00:11:22,139 INFO ncaa_identity: contest_id=855711 teams 2195/2195 matched, players 5802/6195 matched
2026-08-24 00:11:23,475 INFO ncaa_identity: contest_id=855736 teams 2261/2261 matched, players 5933/6428 matched
2026-08-24 00:11:26,587 INFO ncaa_identity: contest_id=855799 teams 2710/2710 matched, players 7043/7659 matched
2026-08-24 00:11:28,052 INFO ncaa_identity: contest_id=855840 teams 2403/2403 matched, players 5801/6764 matched
2026-08-24 00:11:38,071 INFO ncaa_identity: contest_id=856084 teams 1249/2380 matched, players 3025/6730 matched
2026-08-24 00:11:42,498 INFO ncaa_identity: contest_id=856175 teams 2373/2373 matched, players 6033/6694 matched
2026-08-24 00:11:45,711 INFO ncaa_identity: contest_id=856230 teams 2310/2310 matched, players 5934/6498 matched
2026-08-24 00:11:47,450 INFO ncaa_identity: contest_id=856248 teams 2287/2287 matched, players 6123/6402 matched
2026-08-24 00:11:50,440 INFO ncaa_identity: contest_id=856296 teams 2085/2085 matched, players 5823/5891 matched
2026-08-24 00:11:51,724 INFO ncaa_identity: contest_id=856338 teams 2125/2125 matched, players 5446/5995 matched
2026-08-24 00:12:00,287 INFO ncaa_identity: contest_id=856558 teams 2353/2353 matched, players 6182/6632 matched
2026-08-24 00:12:05,707 INFO ncaa_identity: contest_id=856674 teams 2280/2280 matched, players 6085/6440 matched
2026-08-24 00:12:09,072 INFO ncaa_identity: contest_id=856749 teams 2646/2646 matched, players 7043/7498 matched
2026-08-24 00:12:10,840 INFO ncaa_identity: contest_id=856797 teams 2669/2669 matched, players 6974/7570 matched
2026-08-24 00:12:17,688 INFO ncaa_identity: contest_id=856877 teams 2034/2034 matched, players 5262/5745 matched
2026-08-24 00:12:20,227 INFO ncaa_identity: contest_id=856957 teams 2149/2149 matched, players 5894/5993 matched
2026-08-24 00:12:23,520 INFO ncaa_identity: contest_id=857019 teams 2378/2378 matched, players 6318/6722 matched
2026-08-24 00:12:31,811 INFO ncaa_identity: contest_id=857217 teams 2246/2246 matched, players 5758/6316 matched
2026-08-24 00:12:33,351 INFO ncaa_identity: contest_id=857241 teams 2492/2492 matched, players 5931/7050 matched
2026-08-24 00:12:37,857 INFO ncaa_identity: contest_id=857346 teams 1939/1939 matched, players 5428/5430 matched
2026-08-24 00:12:42,935 INFO ncaa_identity: contest_id=857464 teams 2507/2507 matched, players 6622/7045 matched
2026-08-24 00:12:47,605 INFO ncaa_identity: contest_id=857595 teams 2331/2331 matched, players 6100/6581 matched
2026-08-24 00:12:55,325 INFO ncaa_identity: contest_id=857684 teams 2011/2011 matched, players 5373/5683 matched
2026-08-24 00:13:06,691 INFO ncaa_identity: contest_id=857774 teams 2225/2225 matched, players 5849/6276 matched
2026-08-24 00:13:10,113 INFO ncaa_identity: contest_id=857811 teams 2995/2995 matched, players 7734/8446 matched
2026-08-24 00:13:17,748 INFO ncaa_identity: contest_id=857845 teams 1927/1927 matched, players 843/845 matched
2026-08-24 00:13:24,551 INFO ncaa_identity: contest_id=857896 teams 2350/2350 matched, players 6579/6616 matched
2026-08-24 00:13:31,874 INFO ncaa_identity: contest_id=857952 teams 2239/2239 matched, players 5868/6330 matched
2026-08-24 00:13:47,239 INFO ncaa_identity: contest_id=858232 teams 2155/2155 matched, players 6051/6087 matched
2026-08-24 00:13:51,467 INFO ncaa_identity: contest_id=858291 teams 2448/2448 matched, players 6320/6842 matched
2026-08-24 00:13:54,275 INFO ncaa_identity: contest_id=858317 teams 2899/2899 matched, players 7850/8179 matched
2026-08-24 00:14:01,649 INFO ncaa_identity: contest_id=858482 teams 2090/2090 matched, players 5407/5884 matched
2026-08-24 00:14:02,951 INFO ncaa_identity: contest_id=858501 teams 2037/2037 matched, players 5691/5719 matched
2026-08-24 00:14:04,378 INFO ncaa_identity: contest_id=858519 teams 2461/2461 matched, players 6293/6977 matched
2026-08-24 00:14:08,230 INFO ncaa_identity: contest_id=858600 teams 2292/2292 matched, players 5906/6433 matched
2026-08-24 00:14:11,485 INFO ncaa_identity: contest_id=858623 teams 2426/2426 matched, players 6757/6844 matched
2026-08-24 00:14:13,884 INFO ncaa_identity: contest_id=858662 teams 2273/2273 matched, players 6005/6412 matched
2026-08-24 00:14:15,359 INFO ncaa_identity: contest_id=858679 teams 2320/2320 matched, players 6415/6489 matched
2026-08-24 00:14:16,820 INFO ncaa_identity: contest_id=858716 teams 2799/2799 matched, players 7728/7923 matched
2026-08-24 00:14:18,008 INFO ncaa_identity: contest_id=858727 teams 1073/2197 matched, players 3085/6211 matched
2026-08-24 00:14:22,193 INFO ncaa_identity: contest_id=858802 teams 2238/2238 matched, players 6188/6298 matched
2026-08-24 00:14:23,452 INFO ncaa_identity: contest_id=858819 teams 2437/2437 matched, players 6146/6879 matched
2026-08-24 00:14:24,574 INFO ncaa_identity: contest_id=858860 teams 2264/2264 matched, players 6164/6350 matched
2026-08-24 00:14:30,095 INFO ncaa_identity: contest_id=858928 teams 2232/2232 matched, players 5870/6225 matched
2026-08-24 00:14:31,041 INFO ncaa_identity: contest_id=858938 teams 1707/1707 matched, players 4485/4810 matched
2026-08-24 00:14:32,071 INFO ncaa_identity: contest_id=858951 teams 1930/1930 matched, players 5304/5403 matched
2026-08-24 00:14:34,810 INFO ncaa_identity: contest_id=858994 teams 2313/2313 matched, players 6499/6516 matched
2026-08-24 00:14:40,056 INFO ncaa_identity: contest_id=859075 teams 1979/1979 matched, players 5431/5565 matched
2026-08-24 00:14:41,285 INFO ncaa_identity: contest_id=859097 teams 2253/2253 matched, players 5916/6316 matched
2026-08-24 00:14:44,228 INFO ncaa_identity: contest_id=859145 teams 2334/2334 matched, players 6141/6579 matched
2026-08-24 00:14:46,881 INFO ncaa_identity: contest_id=859169 teams 1882/1882 matched, players 5058/5311 matched
2026-08-24 00:14:52,119 INFO ncaa_identity: contest_id=859224 teams 2307/2307 matched, players 6005/6525 matched
2026-08-24 00:14:55,441 INFO ncaa_identity: contest_id=859257 teams 2706/2706 matched, players 7535/7658 matched
2026-08-24 00:15:00,483 INFO ncaa_identity: contest_id=859330 teams 2157/2157 matched, players 5021/6050 matched
2026-08-24 00:15:03,084 INFO ncaa_identity: contest_id=859356 teams 2662/2662 matched, players 7336/7554 matched
2026-08-24 00:15:04,538 INFO ncaa_identity: contest_id=859369 teams 2656/2656 matched, players 7099/7502 matched
2026-08-24 00:15:09,952 INFO ncaa_identity: contest_id=859414 teams 2176/2176 matched, players 5797/6101 matched
2026-08-24 00:15:15,296 INFO ncaa_identity: contest_id=859456 teams 2032/2032 matched, players 687/727 matched
2026-08-24 00:15:17,920 INFO ncaa_identity: contest_id=859482 teams 2345/2345 matched, players 6287/6647 matched
2026-08-24 00:15:34,537 INFO ncaa_identity: contest_id=859680 teams 2149/2149 matched, players 6044/6075 matched
2026-08-24 00:15:47,379 INFO ncaa_identity: contest_id=820719 teams 948/1909 matched, players 2438/5346 matched
2026-08-24 00:15:48,855 INFO ncaa_identity: contest_id=820729 teams 2632/2632 matched, players 7382/7411 matched
2026-08-24 00:15:50,501 INFO ncaa_identity: contest_id=820741 teams 2557/2557 matched, players 6887/7216 matched
2026-08-24 00:15:51,956 INFO ncaa_identity: contest_id=820753 teams 2732/2732 matched, players 6957/7715 matched
2026-08-24 00:15:53,391 INFO ncaa_identity: contest_id=820763 teams 2527/2527 matched, players 6772/7151 matched
2026-08-24 00:15:55,367 INFO ncaa_identity: contest_id=820774 teams 1631/3185 matched, players 4455/8986 matched
2026-08-24 00:15:56,543 INFO ncaa_identity: contest_id=820787 teams 1164/2277 matched, players 3196/6378 matched
2026-08-24 00:15:58,340 INFO ncaa_identity: contest_id=820797 teams 2723/2723 matched, players 7415/7702 matched
2026-08-24 00:15:59,979 INFO ncaa_identity: contest_id=820814 teams 1548/3027 matched, players 4292/8496 matched
2026-08-24 00:16:01,583 INFO ncaa_identity: contest_id=820831 teams 1193/2326 matched, players 3304/6525 matched
2026-08-24 00:16:02,863 INFO ncaa_identity: contest_id=820853 teams 993/2022 matched, players 288/750 matched
2026-08-24 00:16:04,620 INFO ncaa_identity: contest_id=820896 teams 2836/2836 matched, players 7031/8028 matched
2026-08-24 00:16:10,162 INFO ncaa_identity: contest_id=820959 teams 2232/2232 matched, players 5825/6296 matched
2026-08-24 00:16:11,475 INFO ncaa_identity: contest_id=820996 teams 1072/2073 matched, players 2891/5769 matched
2026-08-24 00:16:14,410 INFO ncaa_identity: contest_id=821070 teams 2538/2538 matched, players 6787/7162 matched
2026-08-24 00:16:20,646 INFO ncaa_identity: contest_id=821107 teams 1354/2754 matched, players 3843/7770 matched
2026-08-24 00:16:22,173 INFO ncaa_identity: contest_id=821130 teams 2527/2527 matched, players 6526/7137 matched
2026-08-24 00:16:23,745 INFO ncaa_identity: contest_id=821140 teams 2815/2815 matched, players 7688/7974 matched
2026-08-24 00:16:26,553 INFO ncaa_identity: contest_id=821161 teams 2931/2931 matched, players 8123/8295 matched
2026-08-24 00:16:28,214 INFO ncaa_identity: contest_id=821172 teams 2581/2581 matched, players 6591/7285 matched
2026-08-24 00:16:30,964 INFO ncaa_identity: contest_id=821196 teams 1101/2154 matched, players 2977/6036 matched
2026-08-24 00:16:37,628 INFO ncaa_identity: contest_id=821348 teams 1198/2340 matched, players 3353/6584 matched
2026-08-24 00:16:38,878 INFO ncaa_identity: contest_id=821396 teams 1303/2561 matched, players 3650/7178 matched
2026-08-24 00:16:43,300 INFO ncaa_identity: contest_id=821514 teams 1480/2889 matched, players 4184/8105 matched
2026-08-24 00:16:46,876 INFO ncaa_identity: contest_id=821548 teams 1464/2931 matched, players 4169/8324 matched
2026-08-24 00:16:48,339 INFO ncaa_identity: contest_id=821588 teams 1151/2241 matched, players 3232/6311 matched
2026-08-24 00:16:51,008 INFO ncaa_identity: contest_id=821614 teams 1216/2376 matched, players 3119/6634 matched
2026-08-24 00:16:52,539 INFO ncaa_identity: contest_id=821626 teams 1933/1933 matched, players 5155/5446 matched
2026-08-24 00:16:53,949 INFO ncaa_identity: contest_id=821652 teams 2213/2213 matched, players 604/656 matched
2026-08-24 00:16:55,148 INFO ncaa_identity: contest_id=821669 teams 2240/2240 matched, players 5714/6262 matched
2026-08-24 00:17:02,335 INFO ncaa_identity: contest_id=821928 teams 2604/2604 matched, players 7187/7332 matched
2026-08-24 00:17:05,615 INFO ncaa_identity: contest_id=821983 teams 3100/3100 matched, players 8393/8762 matched
2026-08-24 00:17:09,929 INFO ncaa_identity: contest_id=822034 teams 2720/2720 matched, players 7632/7669 matched
2026-08-24 00:17:13,635 INFO ncaa_identity: contest_id=822302 teams 2249/2249 matched, players 6172/6317 matched
2026-08-24 00:17:16,436 INFO ncaa_identity: contest_id=822344 teams 2235/2235 matched, players 6224/6286 matched
2026-08-24 00:17:18,067 INFO ncaa_identity: contest_id=822358 teams 2520/2520 matched, players 7106/7115 matched
2026-08-24 00:17:20,007 INFO ncaa_identity: contest_id=822392 teams 2856/2856 matched, players 917/1016 matched
2026-08-24 00:17:25,520 INFO ncaa_identity: contest_id=822461 teams 2247/2247 matched, players 5393/6319 matched
2026-08-24 00:17:26,886 INFO ncaa_identity: contest_id=822477 teams 2148/2148 matched, players 5511/5983 matched
2026-08-24 00:17:29,669 INFO ncaa_identity: contest_id=822516 teams 2853/2853 matched, players 7714/8088 matched
2026-08-24 00:17:32,112 INFO ncaa_identity: contest_id=822575 teams 2541/2541 matched, players 6676/7145 matched
2026-08-24 00:17:36,051 INFO ncaa_identity: contest_id=822704 teams 1265/2543 matched, players 3560/7148 matched
2026-08-24 00:17:43,927 INFO ncaa_identity: contest_id=822849 teams 1390/2683 matched, players 3485/7581 matched
2026-08-24 00:17:50,295 INFO ncaa_identity: contest_id=822909 teams 1992/1992 matched, players 4729/5591 matched
2026-08-24 00:17:53,009 INFO ncaa_identity: contest_id=822969 teams 2332/2332 matched, players 6282/6610 matched
2026-08-24 00:17:59,736 INFO ncaa_identity: contest_id=823078 teams 2034/2034 matched, players 5245/5714 matched
2026-08-24 00:18:01,230 INFO ncaa_identity: contest_id=823097 teams 1190/2285 matched, players 3230/6407 matched
2026-08-24 00:18:03,561 INFO ncaa_identity: contest_id=823132 teams 1125/2138 matched, players 2314/5993 matched
2026-08-24 00:18:04,814 INFO ncaa_identity: contest_id=823152 teams 1020/2006 matched, players 2489/5666 matched
2026-08-24 00:18:06,274 INFO ncaa_identity: contest_id=823247 teams 2561/2561 matched, players 6755/7233 matched
2026-08-24 00:18:07,523 INFO ncaa_identity: contest_id=823279 teams 2368/2368 matched, players 5265/6661 matched
2026-08-24 00:18:10,531 INFO ncaa_identity: contest_id=823333 teams 2394/2394 matched, players 6331/6766 matched
2026-08-24 00:18:11,939 INFO ncaa_identity: contest_id=823354 teams 2285/2285 matched, players 6043/6413 matched
2026-08-24 00:18:13,249 INFO ncaa_identity: contest_id=823390 teams 1469/2906 matched, players 4086/8223 matched
2026-08-24 00:18:17,448 INFO ncaa_identity: contest_id=823462 teams 1782/1782 matched, players 4818/5022 matched
2026-08-24 00:18:19,068 INFO ncaa_identity: contest_id=823483 teams 2246/2246 matched, players 6305/6324 matched
2026-08-24 00:18:23,130 INFO ncaa_identity: contest_id=823561 teams 2572/2572 matched, players 6913/7235 matched
2026-08-24 00:18:24,105 INFO ncaa_identity: contest_id=823608 teams 1037/2040 matched, players 2966/5813 matched
2026-08-24 00:18:28,468 INFO ncaa_identity: contest_id=823708 teams 2393/2393 matched, players 6379/6770 matched
2026-08-24 00:18:29,968 INFO ncaa_identity: contest_id=823726 teams 2119/2119 matched, players 5633/5924 matched
2026-08-24 00:18:32,115 INFO ncaa_identity: contest_id=823827 teams 1980/1980 matched, players 5393/5568 matched
2026-08-24 00:18:35,298 INFO ncaa_identity: contest_id=823865 teams 2259/2259 matched, players 6187/6347 matched
2026-08-24 00:18:39,777 INFO ncaa_identity: contest_id=823945 teams 1104/2219 matched, players 3075/6246 matched
2026-08-24 00:18:42,225 INFO ncaa_identity: contest_id=824059 teams 2259/2259 matched, players 6060/6340 matched
2026-08-24 00:18:43,724 INFO ncaa_identity: contest_id=824085 teams 2684/2684 matched, players 7110/7539 matched
2026-08-24 00:18:46,412 INFO ncaa_identity: contest_id=824155 teams 2461/2461 matched, players 6613/6964 matched
2026-08-24 00:18:49,293 INFO ncaa_identity: contest_id=824206 teams 2278/2278 matched, players 5688/6454 matched
2026-08-24 00:18:56,319 INFO ncaa_identity: contest_id=824424 teams 1108/2144 matched, players 2980/6042 matched
2026-08-24 00:19:01,899 INFO ncaa_identity: contest_id=824550 teams 2290/2290 matched, players 6302/6455 matched
2026-08-24 00:19:02,986 INFO ncaa_identity: contest_id=824579 teams 1861/1861 matched, players 5140/5214 matched
2026-08-24 00:19:05,514 INFO ncaa_identity: contest_id=824627 teams 2373/2373 matched, players 6308/6677 matched
2026-08-24 00:19:07,187 INFO ncaa_identity: contest_id=824652 teams 2495/2495 matched, players 6618/6988 matched
2026-08-24 00:19:08,617 INFO ncaa_identity: contest_id=824697 teams 1329/2731 matched, players 3935/7691 matched
2026-08-24 00:19:09,882 INFO ncaa_identity: contest_id=824742 teams 2226/2226 matched, players 6196/6248 matched
2026-08-24 00:19:11,344 INFO ncaa_identity: contest_id=824760 teams 2184/2184 matched, players 5971/6121 matched
2026-08-24 00:19:15,434 INFO ncaa_identity: contest_id=824830 teams 2324/2324 matched, players 6318/6587 matched
2026-08-24 00:19:16,988 INFO ncaa_identity: contest_id=824844 teams 1503/3026 matched, players 3779/8551 matched
2026-08-24 00:19:18,381 INFO ncaa_identity: contest_id=824922 teams 1999/1999 matched, players 5512/5603 matched
2026-08-24 00:19:19,569 INFO ncaa_identity: contest_id=824968 teams 1568/3047 matched, players 4327/8620 matched
2026-08-24 00:19:23,180 INFO ncaa_identity: contest_id=825099 teams 2130/2130 matched, players 5945/6037 matched
2026-08-24 00:19:24,524 INFO ncaa_identity: contest_id=825118 teams 2103/2103 matched, players 5658/5915 matched
2026-08-24 00:19:31,082 INFO ncaa_identity: contest_id=825226 teams 2077/2077 matched, players 5682/5822 matched
2026-08-24 00:19:32,429 INFO ncaa_identity: contest_id=825245 teams 2286/2286 matched, players 5966/6390 matched
2026-08-24 00:19:33,970 INFO ncaa_identity: contest_id=825295 teams 2248/2248 matched, players 6205/6332 matched
2026-08-24 00:19:35,341 INFO ncaa_identity: contest_id=825358 teams 1289/2533 matched, players 3584/7157 matched
2026-08-24 00:19:36,598 INFO ncaa_identity: contest_id=825433 teams 2412/2412 matched, players 6384/6834 matched
2026-08-24 00:19:42,117 INFO ncaa_identity: contest_id=825522 teams 2071/2071 matched, players 5349/5801 matched
2026-08-24 00:19:43,398 INFO ncaa_identity: contest_id=825541 teams 2540/2540 matched, players 6876/7168 matched
2026-08-24 00:19:45,926 INFO ncaa_identity: contest_id=825592 teams 2162/2162 matched, players 5815/6103 matched
2026-08-24 00:19:49,900 INFO ncaa_identity: contest_id=825655 teams 1087/2190 matched, players 3019/6152 matched
2026-08-24 00:19:51,526 INFO ncaa_identity: contest_id=825687 teams 2665/2665 matched, players 7364/7495 matched
2026-08-24 00:19:52,873 INFO ncaa_identity: contest_id=825752 teams 2266/2266 matched, players 5599/6323 matched
2026-08-24 00:20:01,082 INFO ncaa_identity: contest_id=825856 teams 1957/1957 matched, players 5213/5508 matched
2026-08-24 00:20:02,524 INFO ncaa_identity: contest_id=825868 teams 3208/3208 matched, players 8834/9127 matched
2026-08-24 00:20:04,081 INFO ncaa_identity: contest_id=825923 teams 2314/2314 matched, players 6093/6539 matched
2026-08-24 00:20:07,938 INFO ncaa_identity: contest_id=826032 teams 2084/2084 matched, players 5772/5812 matched
2026-08-24 00:20:10,287 INFO ncaa_identity: contest_id=826105 teams 2235/2235 matched, players 6100/6260 matched
2026-08-24 00:20:11,791 INFO ncaa_identity: contest_id=826120 teams 2151/2151 matched, players 5576/6048 matched
2026-08-24 00:20:18,436 INFO ncaa_identity: contest_id=826231 teams 2374/2374 matched, players 6658/6673 matched
2026-08-24 00:20:21,140 INFO ncaa_identity: contest_id=826256 teams 2371/2371 matched, players 6375/6677 matched
2026-08-24 00:20:22,810 INFO ncaa_identity: contest_id=826266 teams 1168/2363 matched, players 2837/6667 matched
2026-08-24 00:20:24,155 INFO ncaa_identity: contest_id=826281 teams 1317/2482 matched, players 3549/6997 matched
2026-08-24 00:20:29,515 INFO ncaa_identity: contest_id=826345 teams 2049/2049 matched, players 5459/5779 matched
2026-08-24 00:20:30,899 INFO ncaa_identity: contest_id=826367 teams 2390/2390 matched, players 6377/6731 matched
2026-08-24 00:20:32,545 INFO ncaa_identity: contest_id=826377 teams 2632/2632 matched, players 6908/7363 matched
2026-08-24 00:20:36,766 INFO ncaa_identity: contest_id=826408 teams 1861/1861 matched, players 4867/5189 matched
2026-08-24 00:20:39,752 INFO ncaa_identity: contest_id=826442 teams 1865/1865 matched, players 5228/5243 matched
2026-08-24 00:20:41,274 INFO ncaa_identity: contest_id=826455 teams 1033/1960 matched, players 2894/5515 matched
2026-08-24 00:20:42,428 INFO ncaa_identity: contest_id=826467 teams 2101/2101 matched, players 3145/5934 matched
2026-08-24 00:20:44,039 INFO ncaa_identity: contest_id=826481 teams 2243/2243 matched, players 5834/6262 matched
2026-08-24 00:20:45,284 INFO ncaa_identity: contest_id=826491 teams 2319/2319 matched, players 6084/6545 matched
2026-08-24 00:20:49,710 INFO ncaa_identity: contest_id=826522 teams 1189/2323 matched, players 3238/6529 matched
2026-08-24 00:20:52,614 INFO ncaa_identity: contest_id=826543 teams 2351/2351 matched, players 6207/6619 matched
2026-08-24 00:20:56,968 INFO ncaa_identity: contest_id=826576 teams 1898/1898 matched, players 5218/5329 matched
2026-08-24 00:20:58,196 INFO ncaa_identity: contest_id=826609 teams 2240/2240 matched, players 6174/6286 matched
2026-08-24 00:21:00,930 INFO ncaa_identity: contest_id=826637 teams 2090/2090 matched, players 5786/5888 matched
2026-08-24 00:21:02,087 INFO ncaa_identity: contest_id=826652 teams 2523/2523 matched, players 7119/7171 matched
2026-08-24 00:21:07,510 INFO ncaa_identity: contest_id=826802 teams 2410/2410 matched, players 6504/6789 matched
2026-08-24 00:21:14,675 INFO ncaa_identity: contest_id=827003 teams 2364/2364 matched, players 6650/6703 matched
2026-08-24 00:21:15,999 INFO ncaa_identity: contest_id=827018 teams 2424/2424 matched, players 6807/6814 matched
2026-08-24 00:21:17,232 INFO ncaa_identity: contest_id=827031 teams 2220/2220 matched, players 5789/6232 matched
2026-08-24 00:21:22,191 INFO ncaa_identity: contest_id=827070 teams 2541/2541 matched, players 6962/7222 matched
2026-08-24 00:21:24,936 INFO ncaa_identity: contest_id=827137 teams 2742/2742 matched, players 7468/7746 matched
2026-08-24 00:21:26,726 INFO ncaa_identity: contest_id=827151 teams 2010/2010 matched, players 702/731 matched
2026-08-24 00:21:27,839 INFO ncaa_identity: contest_id=827168 teams 2364/2364 matched, players 6261/6672 matched
2026-08-24 00:21:30,557 INFO ncaa_identity: contest_id=827199 teams 2827/2827 matched, players 7917/8004 matched
2026-08-24 00:21:31,647 INFO ncaa_identity: contest_id=827214 teams 2129/2129 matched, players 5563/6017 matched
2026-08-24 00:21:33,261 INFO ncaa_identity: contest_id=827235 teams 1380/2679 matched, players 3795/7559 matched
2026-08-24 00:21:37,010 INFO ncaa_identity: contest_id=827336 teams 2433/2433 matched, players 6828/6878 matched
2026-08-24 00:21:42,380 INFO ncaa_identity: contest_id=827473 teams 1884/1884 matched, players 5277/5331 matched
2026-08-24 00:21:43,736 INFO ncaa_identity: contest_id=827493 teams 2514/2514 matched, players 6580/7123 matched
2026-08-24 00:21:45,213 INFO ncaa_identity: contest_id=827579 teams 3020/3020 matched, players 7761/8489 matched
2026-08-24 00:21:48,174 INFO ncaa_identity: contest_id=827611 teams 2230/2230 matched, players 6095/6226 matched
2026-08-24 00:21:50,710 INFO ncaa_identity: contest_id=827641 teams 1871/1871 matched, players 740/744 matched
2026-08-24 00:21:53,332 INFO ncaa_identity: contest_id=827670 teams 1850/1850 matched, players 5046/5207 matched
2026-08-24 00:22:00,249 INFO ncaa_identity: contest_id=827888 teams 2022/2022 matched, players 4653/5706 matched
2026-08-24 00:22:02,823 INFO ncaa_identity: contest_id=827939 teams 2279/2279 matched, players 5817/6393 matched
2026-08-24 00:22:04,255 INFO 5 starters not found for period 3; using estimate
2026-08-24 00:22:09,727 INFO ncaa_identity: contest_id=828038 teams 2014/2014 matched, players 5431/5662 matched
2026-08-24 00:22:16,594 INFO ncaa_identity: contest_id=828269 teams 1240/2402 matched, players 3393/6741 matched
2026-08-24 00:22:22,120 INFO ncaa_identity: contest_id=828374 teams 2285/2285 matched, players 6182/6415 matched
2026-08-24 00:22:28,355 INFO ncaa_identity: contest_id=828566 teams 2213/2213 matched, players 5701/6194 matched
2026-08-24 00:22:33,720 INFO ncaa_identity: contest_id=828700 teams 2607/2607 matched, players 6997/7350 matched
2026-08-24 00:22:35,115 INFO ncaa_identity: contest_id=828717 teams 2566/2566 matched, players 7144/7226 matched
2026-08-24 00:22:36,561 INFO ncaa_identity: contest_id=828733 teams 2433/2433 matched, players 6615/6845 matched
2026-08-24 00:22:37,969 INFO ncaa_identity: contest_id=828779 teams 1317/2595 matched, players 3695/7339 matched
2026-08-24 00:22:39,585 INFO ncaa_identity: contest_id=828828 teams 2406/2406 matched, players 6750/6779 matched
2026-08-24 00:22:49,864 INFO ncaa_identity: contest_id=829033 teams 2726/2726 matched, players 7445/7644 matched
2026-08-24 00:22:51,327 INFO ncaa_identity: contest_id=829059 teams 1052/2070 matched, players 2942/5842 matched
2026-08-24 00:22:52,772 INFO ncaa_identity: contest_id=829073 teams 2300/2300 matched, players 6010/6485 matched
2026-08-24 00:22:55,700 INFO ncaa_identity: contest_id=829122 teams 1870/1870 matched, players 5109/5255 matched
2026-08-24 00:22:57,092 INFO ncaa_identity: contest_id=829134 teams 2083/2083 matched, players 5525/5893 matched
2026-08-24 00:22:58,312 INFO ncaa_identity: contest_id=829150 teams 2491/2491 matched, players 6989/7060 matched
2026-08-24 00:23:03,563 INFO ncaa_identity: contest_id=829370 teams 2181/2181 matched, players 5591/6125 matched
2026-08-24 00:23:05,692 INFO ncaa_identity: contest_id=829419 teams 2281/2281 matched, players 6018/6416 matched
2026-08-24 00:23:12,180 INFO ncaa_identity: contest_id=829625 teams 2509/2509 matched, players 6714/7082 matched
2026-08-24 00:23:17,199 INFO ncaa_identity: contest_id=829761 teams 2007/2007 matched, players 5585/5671 matched
2026-08-24 00:23:18,132 INFO ncaa_identity: contest_id=829784 teams 2115/2115 matched, players 5631/5974 matched
2026-08-24 00:23:20,866 INFO ncaa_identity: contest_id=829826 teams 2738/2738 matched, players 7302/7727 matched
2026-08-24 00:23:26,189 INFO ncaa_identity: contest_id=830012 teams 2565/2565 matched, players 6874/7206 matched
2026-08-24 00:23:33,056 INFO ncaa_identity: contest_id=830138 teams 2400/2400 matched, players 6320/6755 matched
2026-08-24 00:23:37,520 INFO ncaa_identity: contest_id=830197 teams 2677/2677 matched, players 6798/7561 matched
2026-08-24 00:23:43,440 INFO ncaa_identity: contest_id=830281 teams 1969/1969 matched, players 705/716 matched
2026-08-24 00:23:47,870 INFO ncaa_identity: contest_id=830470 teams 1979/1979 matched, players 5450/5598 matched
2026-08-24 00:23:49,092 INFO ncaa_identity: contest_id=830486 teams 2373/2373 matched, players 6158/6685 matched
2026-08-24 00:23:52,187 INFO ncaa_identity: contest_id=830546 teams 2268/2268 matched, players 6095/6351 matched
2026-08-24 00:23:59,621 INFO ncaa_identity: contest_id=830727 teams 2321/2321 matched, players 6452/6578 matched
2026-08-24 00:24:00,776 INFO ncaa_identity: contest_id=830756 teams 1877/1877 matched, players 5007/5296 matched
2026-08-24 00:24:03,411 INFO ncaa_identity: contest_id=830847 teams 1951/1951 matched, players 5217/5438 matched
2026-08-24 00:24:11,353 INFO ncaa_identity: contest_id=831048 teams 2249/2249 matched, players 5847/6366 matched
2026-08-24 00:24:18,183 INFO ncaa_identity: contest_id=831160 teams 2470/2470 matched, players 6614/6964 matched
2026-08-24 00:24:19,670 INFO ncaa_identity: contest_id=831190 teams 2497/2497 matched, players 7032/7036 matched
2026-08-24 00:24:24,152 INFO ncaa_identity: contest_id=831276 teams 2368/2368 matched, players 6243/6719 matched
2026-08-24 00:24:25,395 INFO ncaa_identity: contest_id=831293 teams 2228/2228 matched, players 5584/6259 matched
2026-08-24 00:24:29,378 INFO ncaa_identity: contest_id=831407 teams 644/1333 matched, players 231/454 matched
2026-08-24 00:24:32,997 INFO ncaa_identity: contest_id=831553 teams 2193/2193 matched, players 5685/6214 matched
2026-08-24 00:24:34,100 INFO ncaa_identity: contest_id=831568 teams 2450/2450 matched, players 5855/6882 matched
2026-08-24 00:24:35,390 INFO ncaa_identity: contest_id=831591 teams 1199/2356 matched, players 3379/6653 matched
2026-08-24 00:24:36,917 INFO ncaa_identity: contest_id=831655 teams 2126/2126 matched, players 5489/5979 matched
2026-08-24 00:24:40,095 INFO ncaa_identity: contest_id=831725 teams 2096/2096 matched, players 4518/5866 matched
2026-08-24 00:24:40,302 INFO 5 starters not found for period 3; using estimate
2026-08-24 00:24:45,035 INFO ncaa_identity: contest_id=831804 teams 2515/2515 matched, players 7014/7033 matched
2026-08-24 00:24:50,476 INFO ncaa_identity: contest_id=831941 teams 2011/2011 matched, players 4836/5635 matched
2026-08-24 00:24:52,134 INFO ncaa_identity: contest_id=831955 teams 2356/2356 matched, players 6397/6653 matched
2026-08-24 00:24:55,239 INFO ncaa_identity: contest_id=832039 teams 2036/2036 matched, players 5385/5716 matched
2026-08-24 00:24:56,734 INFO ncaa_identity: contest_id=832106 teams 2265/2265 matched, players 6056/6386 matched
2026-08-24 00:24:59,375 INFO ncaa_identity: contest_id=832146 teams 2319/2319 matched, players 6100/6524 matched
2026-08-24 00:25:01,189 INFO ncaa_identity: contest_id=832170 teams 2451/2451 matched, players 6407/6920 matched
2026-08-24 00:25:02,387 INFO ncaa_identity: contest_id=832193 teams 2104/2104 matched, players 5811/5923 matched
2026-08-24 00:25:06,835 INFO ncaa_identity: contest_id=832271 teams 2503/2503 matched, players 6756/7068 matched
2026-08-24 00:25:12,079 INFO ncaa_identity: contest_id=832327 teams 2287/2287 matched, players 6013/6456 matched
2026-08-24 00:25:14,991 INFO ncaa_identity: contest_id=832376 teams 2015/2015 matched, players 4824/5679 matched
2026-08-24 00:25:24,046 INFO ncaa_identity: contest_id=832619 teams 2182/2182 matched, players 5746/6173 matched
2026-08-24 00:25:30,214 INFO ncaa_identity: contest_id=832792 teams 2309/2309 matched, players 6139/6511 matched
2026-08-24 00:25:40,143 INFO ncaa_identity: contest_id=833000 teams 2510/2510 matched, players 6770/7121 matched
2026-08-24 00:25:47,889 INFO ncaa_identity: contest_id=833174 teams 2466/2466 matched, players 6749/6937 matched
2026-08-24 00:25:49,150 INFO ncaa_identity: contest_id=833196 teams 2165/2165 matched, players 5633/6130 matched
2026-08-24 00:25:53,000 INFO ncaa_identity: contest_id=833254 teams 1996/1996 matched, players 5106/5615 matched
2026-08-24 00:25:54,804 INFO ncaa_identity: contest_id=833274 teams 2243/2243 matched, players 5905/6289 matched
2026-08-24 00:25:56,519 INFO ncaa_identity: contest_id=833297 teams 2064/2064 matched, players 5342/5781 matched
2026-08-24 00:26:01,124 INFO ncaa_identity: contest_id=833375 teams 2052/2052 matched, players 5513/5802 matched
2026-08-24 00:26:02,436 INFO ncaa_identity: contest_id=833402 teams 2367/2367 matched, players 6638/6662 matched
2026-08-24 00:26:03,723 INFO ncaa_identity: contest_id=833419 teams 1910/1910 matched, players 5140/5374 matched
2026-08-24 00:26:06,710 INFO ncaa_identity: contest_id=833519 teams 2260/2260 matched, players 5508/6356 matched
2026-08-24 00:26:11,180 INFO ncaa_identity: contest_id=833663 teams 2258/2258 matched, players 5443/6351 matched
2026-08-24 00:26:12,516 INFO ncaa_identity: contest_id=833681 teams 2074/2074 matched, players 5758/5814 matched
2026-08-24 00:26:18,307 INFO ncaa_identity: contest_id=833817 teams 1040/1987 matched, players 2810/5588 matched
2026-08-24 00:26:22,950 INFO ncaa_identity: contest_id=833908 teams 2405/2405 matched, players 6510/6775 matched
2026-08-24 00:26:27,589 INFO ncaa_identity: contest_id=833960 teams 2566/2566 matched, players 7194/7201 matched
2026-08-24 00:26:29,655 INFO ncaa_identity: contest_id=833989 teams 1205/2350 matched, players 3378/6613 matched
2026-08-24 00:26:38,343 INFO ncaa_identity: contest_id=834247 teams 3005/3005 matched, players 7832/8496 matched
2026-08-24 00:26:39,804 INFO ncaa_identity: contest_id=834272 teams 2047/2047 matched, players 5287/5699 matched
2026-08-24 00:26:42,816 INFO ncaa_identity: contest_id=834332 teams 1940/1940 matched, players 4550/5460 matched
2026-08-24 00:26:49,561 INFO ncaa_identity: contest_id=834554 teams 2094/2094 matched, players 5794/5865 matched
2026-08-24 00:26:52,407 INFO ncaa_identity: contest_id=834574 teams 2081/2081 matched, players 5727/5852 matched
2026-08-24 00:27:00,246 INFO ncaa_identity: contest_id=834695 teams 2688/2688 matched, players 7064/7596 matched
2026-08-24 00:27:01,381 INFO ncaa_identity: contest_id=834713 teams 2433/2433 matched, players 6312/6861 matched
2026-08-24 00:27:04,125 INFO ncaa_identity: contest_id=834759 teams 2160/2160 matched, players 5747/6055 matched
2026-08-24 00:27:05,308 INFO ncaa_identity: contest_id=834849 teams 2060/2060 matched, players 5371/5828 matched
2026-08-24 00:27:06,658 INFO ncaa_identity: contest_id=834868 teams 2253/2253 matched, players 6056/6339 matched
2026-08-24 00:27:09,045 INFO ncaa_identity: contest_id=834902 teams 1934/1934 matched, players 4965/5435 matched
2026-08-24 00:27:10,216 INFO ncaa_identity: contest_id=834914 teams 2422/2422 matched, players 5719/6863 matched
2026-08-24 00:27:18,920 INFO ncaa_identity: contest_id=835043 teams 1908/1908 matched, players 5255/5386 matched
2026-08-24 00:27:36,687 INFO ncaa_identity: contest_id=835313 teams 977/1919 matched, players 2735/5405 matched
2026-08-24 00:27:41,226 INFO ncaa_identity: contest_id=835348 teams 2285/2285 matched, players 5955/6400 matched
2026-08-24 00:27:52,723 INFO ncaa_identity: contest_id=835600 teams 2450/2450 matched, players 6407/6899 matched
2026-08-24 00:28:05,920 INFO ncaa_identity: contest_id=835766 teams 2564/2564 matched, players 6657/7242 matched
2026-08-24 00:28:09,089 INFO ncaa_identity: contest_id=835843 teams 2405/2405 matched, players 6709/6745 matched
2026-08-24 00:28:15,214 INFO ncaa_identity: contest_id=835887 teams 2184/2184 matched, players 5976/6152 matched
2026-08-24 00:28:20,083 INFO ncaa_identity: contest_id=835917 teams 2194/2194 matched, players 5652/6085 matched
2026-08-24 00:28:21,634 INFO ncaa_identity: contest_id=835954 teams 2141/2141 matched, players 5872/5973 matched
2026-08-24 00:28:22,995 INFO ncaa_identity: contest_id=835986 teams 1967/1967 matched, players 5276/5529 matched
2026-08-24 00:28:26,706 INFO ncaa_identity: contest_id=836033 teams 2424/2424 matched, players 6692/6866 matched
2026-08-24 00:28:28,902 INFO ncaa_identity: contest_id=836062 teams 1785/1785 matched, players 4862/5029 matched
2026-08-24 00:28:32,783 INFO ncaa_identity: contest_id=836095 teams 2197/2197 matched, players 5608/6158 matched
2026-08-24 00:28:35,837 INFO ncaa_identity: contest_id=836117 teams 2436/2436 matched, players 6212/6855 matched
2026-08-24 00:28:38,667 INFO ncaa_identity: contest_id=836138 teams 2322/2322 matched, players 6096/6467 matched
2026-08-24 00:28:41,885 INFO ncaa_identity: contest_id=836160 teams 2060/2060 matched, players 5785/5788 matched
2026-08-24 00:28:44,946 INFO ncaa_identity: contest_id=836187 teams 2219/2219 matched, players 5299/6272 matched
2026-08-24 00:28:55,661 INFO ncaa_identity: contest_id=836321 teams 2787/2787 matched, players 7693/7920 matched
2026-08-24 00:28:57,868 INFO ncaa_identity: contest_id=836343 teams 2101/2101 matched, players 5538/5952 matched
2026-08-24 00:28:59,791 INFO ncaa_identity: contest_id=836355 teams 2530/2530 matched, players 6970/7135 matched
2026-08-24 00:29:05,121 INFO ncaa_identity: contest_id=836400 teams 2248/2248 matched, players 5852/6365 matched
2026-08-24 00:29:09,827 INFO ncaa_identity: contest_id=836432 teams 2708/2708 matched, players 7326/7636 matched
2026-08-24 00:29:11,723 INFO ncaa_identity: contest_id=836448 teams 2469/2469 matched, players 6426/6981 matched
2026-08-24 00:29:17,826 INFO ncaa_identity: contest_id=736180 teams 1300/2557 matched, players 3683/7217 matched
2026-08-24 00:29:19,698 INFO ncaa_identity: contest_id=736192 teams 2259/2259 matched, players 5674/6373 matched
2026-08-24 00:29:21,061 INFO ncaa_identity: contest_id=736203 teams 2530/2530 matched, players 6797/7121 matched
2026-08-24 00:29:22,328 INFO ncaa_identity: contest_id=736214 teams 2178/2178 matched, players 5896/6094 matched
2026-08-24 00:29:25,096 INFO ncaa_identity: contest_id=736235 teams 2103/2103 matched, players 5884/5922 matched
2026-08-24 00:29:28,779 INFO ncaa_identity: contest_id=736256 teams 1445/2920 matched, players 3828/8261 matched
2026-08-24 00:29:30,244 INFO ncaa_identity: contest_id=736276 teams 2212/2212 matched, players 5595/6266 matched
2026-08-24 00:29:31,965 INFO ncaa_identity: contest_id=736298 teams 1344/2644 matched, players 3736/7455 matched
2026-08-24 00:29:33,553 INFO ncaa_identity: contest_id=736335 teams 2620/2620 matched, players 7173/7394 matched
2026-08-24 00:29:38,429 INFO ncaa_identity: contest_id=736390 teams 1218/2407 matched, players 3405/6780 matched
2026-08-24 00:29:40,129 INFO ncaa_identity: contest_id=736419 teams 1330/2663 matched, players 3744/7480 matched
2026-08-24 00:29:43,402 INFO ncaa_identity: contest_id=736499 teams 2176/2176 matched, players 5911/6096 matched
2026-08-24 00:29:46,440 INFO ncaa_identity: contest_id=736520 teams 2055/2055 matched, players 5546/5791 matched
2026-08-24 00:29:47,887 INFO ncaa_identity: contest_id=736538 teams 1382/2768 matched, players 3861/7826 matched
2026-08-24 00:29:52,198 INFO ncaa_identity: contest_id=736583 teams 2781/2781 matched, players 7212/7828 matched
2026-08-24 00:29:55,355 INFO ncaa_identity: contest_id=736606 teams 1117/2212 matched, players 3111/6177 matched
2026-08-24 00:29:56,997 INFO ncaa_identity: contest_id=736629 teams 1218/2447 matched, players 3443/6868 matched
2026-08-24 00:29:58,620 INFO ncaa_identity: contest_id=736642 teams 2376/2376 matched, players 6629/6644 matched
2026-08-24 00:29:59,823 INFO ncaa_identity: contest_id=736653 teams 2494/2494 matched, players 6485/7053 matched
2026-08-24 00:30:05,333 INFO ncaa_identity: contest_id=736713 teams 1147/2277 matched, players 2823/6397 matched
2026-08-24 00:30:06,911 INFO ncaa_identity: contest_id=736738 teams 1071/2174 matched, players 3080/6157 matched
2026-08-24 00:30:11,757 INFO ncaa_identity: contest_id=736794 teams 1882/1882 matched, players 5135/5275 matched
2026-08-24 00:30:21,797 INFO ncaa_identity: contest_id=736962 teams 2324/2324 matched, players 6127/6535 matched
2026-08-24 00:30:28,210 INFO ncaa_identity: contest_id=737135 teams 1103/2183 matched, players 2818/6144 matched
2026-08-24 00:30:31,217 INFO ncaa_identity: contest_id=737219 teams 2798/2798 matched, players 7409/7920 matched
2026-08-24 00:30:32,800 INFO ncaa_identity: contest_id=737248 teams 2450/2450 matched, players 6560/6840 matched
2026-08-24 00:30:33,965 INFO ncaa_identity: contest_id=737273 teams 2461/2461 matched, players 6805/6943 matched
2026-08-24 00:30:35,750 INFO ncaa_identity: contest_id=737292 teams 2193/2193 matched, players 5962/6185 matched
2026-08-24 00:30:37,265 INFO ncaa_identity: contest_id=737344 teams 2226/2226 matched, players 5445/6277 matched
2026-08-24 00:30:42,916 INFO ncaa_identity: contest_id=737580 teams 2505/2505 matched, players 6887/7097 matched
2026-08-24 00:30:45,628 INFO ncaa_identity: contest_id=737607 teams 2744/2744 matched, players 7122/7744 matched
2026-08-24 00:30:47,097 INFO ncaa_identity: contest_id=737629 teams 2260/2260 matched, players 6230/6379 matched
2026-08-24 00:30:48,527 INFO ncaa_identity: contest_id=737646 teams 2312/2312 matched, players 6166/6515 matched
2026-08-24 00:30:49,668 INFO ncaa_identity: contest_id=737657 teams 1823/1823 matched, players 4661/5098 matched
2026-08-24 00:30:53,123 INFO ncaa_identity: contest_id=737691 teams 1046/2149 matched, players 2959/5997 matched
2026-08-24 00:30:56,143 INFO ncaa_identity: contest_id=737733 teams 1136/2242 matched, players 3160/6264 matched
2026-08-24 00:30:57,887 INFO ncaa_identity: contest_id=737755 teams 2677/2677 matched, players 7006/7534 matched
2026-08-24 00:30:59,458 INFO ncaa_identity: contest_id=737786 teams 1979/1979 matched, players 5145/5575 matched
2026-08-24 00:31:02,861 INFO ncaa_identity: contest_id=737841 teams 3108/3108 matched, players 8482/8825 matched
2026-08-24 00:31:04,315 INFO ncaa_identity: contest_id=737923 teams 2386/2386 matched, players 6161/6721 matched
2026-08-24 00:31:06,271 INFO ncaa_identity: contest_id=738000 teams 2592/2592 matched, players 7258/7312 matched
2026-08-24 00:31:07,612 INFO ncaa_identity: contest_id=738031 teams 1977/1977 matched, players 5511/5554 matched
2026-08-24 00:31:08,946 INFO ncaa_identity: contest_id=738043 teams 995/1915 matched, players 2745/5415 matched
2026-08-24 00:31:10,680 INFO ncaa_identity: contest_id=738057 teams 2250/2250 matched, players 6296/6343 matched
2026-08-24 00:31:11,981 INFO ncaa_identity: contest_id=738069 teams 2470/2470 matched, players 6615/6987 matched
2026-08-24 00:31:24,437 INFO ncaa_identity: contest_id=738202 teams 1265/2534 matched, players 3345/7151 matched
2026-08-24 00:31:27,653 INFO ncaa_identity: contest_id=738260 teams 2311/2311 matched, players 5978/6523 matched
2026-08-24 00:31:30,545 INFO ncaa_identity: contest_id=738302 teams 2488/2488 matched, players 6597/7033 matched
2026-08-24 00:31:32,124 INFO ncaa_identity: contest_id=738324 teams 2521/2521 matched, players 6997/7157 matched
2026-08-24 00:31:33,879 INFO ncaa_identity: contest_id=738340 teams 1273/2517 matched, players 3545/7044 matched
2026-08-24 00:31:38,201 INFO ncaa_identity: contest_id=738398 teams 1942/1942 matched, players 827/829 matched
2026-08-24 00:31:42,078 INFO ncaa_identity: contest_id=738565 teams 1232/2413 matched, players 3135/6819 matched
2026-08-24 00:31:43,537 INFO ncaa_identity: contest_id=738582 teams 2269/2269 matched, players 5586/6355 matched
2026-08-24 00:31:43,639 INFO 5 starters not found for period 4; using estimate
2026-08-24 00:31:46,711 INFO ncaa_identity: contest_id=738638 teams 1077/2133 matched, players 3008/5993 matched
2026-08-24 00:31:50,055 INFO ncaa_identity: contest_id=738704 teams 2551/2551 matched, players 6452/7207 matched
2026-08-24 00:31:51,573 INFO ncaa_identity: contest_id=738718 teams 2158/2158 matched, players 6005/6063 matched
2026-08-24 00:31:54,903 INFO ncaa_identity: contest_id=738785 teams 2253/2253 matched, players 6087/6347 matched
2026-08-24 00:31:56,521 INFO ncaa_identity: contest_id=738837 teams 1181/2325 matched, players 3307/6573 matched
2026-08-24 00:31:58,261 INFO ncaa_identity: contest_id=738887 teams 2494/2494 matched, players 6723/7066 matched
2026-08-24 00:32:04,701 INFO ncaa_identity: contest_id=738984 teams 2625/2625 matched, players 6884/7418 matched
2026-08-24 00:32:06,077 INFO ncaa_identity: contest_id=738998 teams 2177/2177 matched, players 5523/6147 matched
2026-08-24 00:32:07,757 INFO ncaa_identity: contest_id=739062 teams 1513/3034 matched, players 4265/8598 matched
2026-08-24 00:32:09,337 INFO ncaa_identity: contest_id=739100 teams 2213/2213 matched, players 6087/6232 matched
2026-08-24 00:32:11,281 INFO ncaa_identity: contest_id=739125 teams 2439/2439 matched, players 6521/6835 matched
2026-08-24 00:32:12,991 INFO ncaa_identity: contest_id=739164 teams 2345/2345 matched, players 5743/6660 matched
2026-08-24 00:32:21,203 INFO ncaa_identity: contest_id=739348 teams 1164/2261 matched, players 3221/6324 matched
2026-08-24 00:32:27,913 INFO ncaa_identity: contest_id=739446 teams 2056/2056 matched, players 5509/5808 matched
2026-08-24 00:32:29,835 INFO ncaa_identity: contest_id=739478 teams 2456/2456 matched, players 6776/6954 matched
2026-08-24 00:32:36,775 INFO ncaa_identity: contest_id=739700 teams 2491/2491 matched, players 6884/7002 matched
2026-08-24 00:32:41,169 INFO ncaa_identity: contest_id=739817 teams 2322/2322 matched, players 6084/6545 matched
2026-08-24 00:32:42,342 INFO ncaa_identity: contest_id=739837 teams 2344/2344 matched, players 6571/6595 matched
2026-08-24 00:32:46,497 INFO ncaa_identity: contest_id=739912 teams 2393/2393 matched, players 6773/6822 matched
2026-08-24 00:32:48,584 INFO ncaa_identity: contest_id=739945 teams 2642/2642 matched, players 6827/7406 matched
2026-08-24 00:32:53,329 INFO ncaa_identity: contest_id=740032 teams 2418/2418 matched, players 6313/6819 matched
2026-08-24 00:32:54,835 INFO ncaa_identity: contest_id=740044 teams 2492/2492 matched, players 6541/7065 matched
2026-08-24 00:32:59,764 INFO ncaa_identity: contest_id=740159 teams 2409/2409 matched, players 6228/6788 matched
2026-08-24 00:33:01,433 INFO ncaa_identity: contest_id=740216 teams 2961/2961 matched, players 7975/8370 matched
2026-08-24 00:33:02,964 INFO ncaa_identity: contest_id=740287 teams 2263/2263 matched, players 6083/6349 matched
2026-08-24 00:33:08,227 INFO ncaa_identity: contest_id=740373 teams 2615/2615 matched, players 6991/7341 matched
2026-08-24 00:33:09,990 INFO ncaa_identity: contest_id=740404 teams 2169/2169 matched, players 5878/6085 matched
2026-08-24 00:33:13,380 INFO ncaa_identity: contest_id=740443 teams 2171/2171 matched, players 6121/6141 matched
2026-08-24 00:33:14,802 INFO ncaa_identity: contest_id=740464 teams 2234/2234 matched, players 5758/6234 matched
2026-08-24 00:33:18,373 INFO ncaa_identity: contest_id=740551 teams 1094/2234 matched, players 3119/6327 matched
2026-08-24 00:33:19,876 INFO ncaa_identity: contest_id=740625 teams 1110/2192 matched, players 3101/6140 matched
2026-08-24 00:33:21,493 INFO ncaa_identity: contest_id=740670 teams 2201/2201 matched, players 5047/6179 matched
2026-08-24 00:33:22,902 INFO ncaa_identity: contest_id=740689 teams 1211/2386 matched, players 2753/6731 matched
2026-08-24 00:33:24,498 INFO ncaa_identity: contest_id=740707 teams 2118/2118 matched, players 5532/5998 matched
2026-08-24 00:33:31,275 INFO ncaa_identity: contest_id=740835 teams 2000/2000 matched, players 5314/5619 matched
2026-08-24 00:33:32,722 INFO ncaa_identity: contest_id=740872 teams 2280/2280 matched, players 6023/6413 matched
2026-08-24 00:33:34,364 INFO ncaa_identity: contest_id=740892 teams 1031/2071 matched, players 2956/5815 matched
2026-08-24 00:33:36,110 INFO ncaa_identity: contest_id=740955 teams 2529/2529 matched, players 6651/7140 matched
2026-08-24 00:33:37,800 INFO ncaa_identity: contest_id=740971 teams 2337/2337 matched, players 6521/6547 matched
2026-08-24 00:33:40,714 INFO ncaa_identity: contest_id=741009 teams 2802/2802 matched, players 7218/7895 matched
2026-08-24 00:33:42,782 INFO ncaa_identity: contest_id=741032 teams 2240/2240 matched, players 5960/6329 matched
2026-08-24 00:33:44,291 INFO ncaa_identity: contest_id=741063 teams 2444/2444 matched, players 6886/6901 matched
2026-08-24 00:33:54,047 INFO ncaa_identity: contest_id=741247 teams 2538/2538 matched, players 7127/7172 matched
2026-08-24 00:33:55,637 INFO ncaa_identity: contest_id=741278 teams 2331/2331 matched, players 5811/6581 matched
2026-08-24 00:33:59,464 INFO ncaa_identity: contest_id=741342 teams 1165/2370 matched, players 3315/6633 matched
2026-08-24 00:34:01,046 INFO ncaa_identity: contest_id=741389 teams 2243/2243 matched, players 6025/6337 matched
2026-08-24 00:34:05,571 INFO ncaa_identity: contest_id=741436 teams 2444/2444 matched, players 6443/6882 matched
2026-08-24 00:34:07,264 INFO ncaa_identity: contest_id=741460 teams 1444/2797 matched, players 3575/7878 matched
2026-08-24 00:34:11,960 INFO ncaa_identity: contest_id=741541 teams 2348/2348 matched, players 6188/6611 matched
2026-08-24 00:34:17,080 INFO ncaa_identity: contest_id=741617 teams 1144/2260 matched, players 3116/6336 matched
2026-08-24 00:34:19,084 INFO ncaa_identity: contest_id=741651 teams 2941/2941 matched, players 8099/8317 matched
2026-08-24 00:34:20,553 INFO ncaa_identity: contest_id=741666 teams 2263/2263 matched, players 6310/6325 matched
2026-08-24 00:34:22,531 INFO ncaa_identity: contest_id=741690 teams 2258/2258 matched, players 6055/6359 matched
2026-08-24 00:34:23,846 INFO ncaa_identity: contest_id=741702 teams 2243/2243 matched, players 5606/6341 matched
2026-08-24 00:34:26,828 INFO ncaa_identity: contest_id=741727 teams 1357/2690 matched, players 3762/7591 matched
2026-08-24 00:34:34,939 INFO ncaa_identity: contest_id=741793 teams 2283/2283 matched, players 5934/6465 matched
2026-08-24 00:34:37,933 INFO ncaa_identity: contest_id=741815 teams 2420/2420 matched, players 6779/6838 matched
2026-08-24 00:34:40,777 INFO ncaa_identity: contest_id=741842 teams 1065/2108 matched, players 2725/5908 matched
2026-08-24 00:34:43,852 INFO ncaa_identity: contest_id=741872 teams 2153/2153 matched, players 6033/6070 matched
2026-08-24 00:34:46,742 INFO ncaa_identity: contest_id=741892 teams 2278/2278 matched, players 5857/6410 matched
2026-08-24 00:34:48,098 INFO ncaa_identity: contest_id=741903 teams 2081/2081 matched, players 5455/5840 matched
2026-08-24 00:34:49,606 INFO ncaa_identity: contest_id=741915 teams 2585/2585 matched, players 7050/7322 matched
2026-08-24 00:34:53,085 INFO ncaa_identity: contest_id=741949 teams 1164/2323 matched, players 2959/6514 matched
2026-08-24 00:34:56,005 INFO ncaa_identity: contest_id=742004 teams 2203/2203 matched, players 5740/6198 matched
2026-08-24 00:35:02,526 INFO ncaa_identity: contest_id=742058 teams 2265/2265 matched, players 6172/6395 matched
2026-08-24 00:35:04,303 INFO ncaa_identity: contest_id=742071 teams 2565/2565 matched, players 6712/7217 matched
2026-08-24 00:35:09,031 INFO ncaa_identity: contest_id=742140 teams 1069/2143 matched, players 3027/6075 matched
2026-08-24 00:35:15,187 INFO ncaa_identity: contest_id=742308 teams 1111/2106 matched, players 3014/5929 matched
2026-08-24 00:35:16,729 INFO ncaa_identity: contest_id=742374 teams 2969/2969 matched, players 7988/8378 matched
2026-08-24 00:35:19,803 INFO ncaa_identity: contest_id=742396 teams 2603/2603 matched, players 6772/7367 matched
2026-08-24 00:35:21,296 INFO ncaa_identity: contest_id=742416 teams 1453/2751 matched, players 3948/7762 matched
2026-08-24 00:35:23,042 INFO ncaa_identity: contest_id=742448 teams 2174/2174 matched, players 5836/6129 matched
2026-08-24 00:35:24,768 INFO ncaa_identity: contest_id=742465 teams 2181/2181 matched, players 5726/6079 matched
2026-08-24 00:35:26,116 INFO ncaa_identity: contest_id=742484 teams 2557/2557 matched, players 6765/7174 matched
2026-08-24 00:35:29,110 INFO ncaa_identity: contest_id=742523 teams 2323/2323 matched, players 6436/6570 matched
2026-08-24 00:35:36,229 INFO ncaa_identity: contest_id=742672 teams 2262/2262 matched, players 6193/6358 matched
2026-08-24 00:35:37,470 INFO ncaa_identity: contest_id=742690 teams 2133/2133 matched, players 5826/6025 matched
2026-08-24 00:35:39,054 INFO ncaa_identity: contest_id=742705 teams 2567/2567 matched, players 6549/7230 matched
2026-08-24 00:35:43,510 INFO ncaa_identity: contest_id=742880 teams 2576/2576 matched, players 6904/7309 matched
2026-08-24 00:35:44,815 INFO ncaa_identity: contest_id=742903 teams 2374/2374 matched, players 6366/6702 matched
2026-08-24 00:35:47,943 INFO ncaa_identity: contest_id=742953 teams 2295/2295 matched, players 5893/6492 matched
2026-08-24 00:35:49,127 INFO ncaa_identity: contest_id=742980 teams 2020/2020 matched, players 5402/5699 matched
2026-08-24 00:35:50,784 INFO ncaa_identity: contest_id=743010 teams 2494/2494 matched, players 6684/7072 matched
2026-08-24 00:35:53,972 INFO ncaa_identity: contest_id=743040 teams 2554/2554 matched, players 6802/7240 matched
2026-08-24 00:35:55,314 INFO ncaa_identity: contest_id=743068 teams 2286/2286 matched, players 6278/6446 matched
2026-08-24 00:35:57,433 INFO ncaa_identity: contest_id=743093 teams 3167/3167 matched, players 8325/8941 matched
2026-08-24 00:36:00,035 INFO ncaa_identity: contest_id=743203 teams 927/1893 matched, players 2267/5343 matched
2026-08-24 00:36:02,833 INFO ncaa_identity: contest_id=743312 teams 1869/1869 matched, players 4750/5232 matched
2026-08-24 00:36:05,746 INFO ncaa_identity: contest_id=743374 teams 2424/2424 matched, players 6768/6844 matched
2026-08-24 00:36:13,238 INFO ncaa_identity: contest_id=743554 teams 2704/2704 matched, players 7650/7666 matched
2026-08-24 00:36:16,204 INFO ncaa_identity: contest_id=743612 teams 2465/2465 matched, players 6689/6960 matched
2026-08-24 00:36:19,062 INFO ncaa_identity: contest_id=743666 teams 2022/2022 matched, players 5165/5664 matched
2026-08-24 00:36:21,661 INFO ncaa_identity: contest_id=743746 teams 2185/2185 matched, players 5582/6156 matched
2026-08-24 00:36:24,424 INFO ncaa_identity: contest_id=743779 teams 2284/2284 matched, players 6294/6444 matched
2026-08-24 00:36:25,770 INFO ncaa_identity: contest_id=743793 teams 2190/2190 matched, players 5222/6169 matched
2026-08-24 00:36:28,571 INFO ncaa_identity: contest_id=743955 teams 2134/2134 matched, players 5724/6028 matched
2026-08-24 00:36:30,060 INFO ncaa_identity: contest_id=743981 teams 2604/2604 matched, players 6826/7364 matched
2026-08-24 00:36:31,747 INFO ncaa_identity: contest_id=744001 teams 2616/2616 matched, players 7187/7465 matched
2026-08-24 00:36:33,227 INFO ncaa_identity: contest_id=744025 teams 2554/2554 matched, players 5236/7237 matched
2026-08-24 00:36:34,901 INFO ncaa_identity: contest_id=744055 teams 2275/2275 matched, players 5734/6431 matched
2026-08-24 00:36:40,005 INFO ncaa_identity: contest_id=744130 teams 2956/2956 matched, players 8303/8306 matched
2026-08-24 00:36:44,697 INFO ncaa_identity: contest_id=744197 teams 0/2406 matched, players 0/6782 matched
2026-08-24 00:36:47,943 INFO ncaa_identity: contest_id=744230 teams 1925/1925 matched, players 5135/5387 matched
2026-08-24 00:36:54,826 INFO ncaa_identity: contest_id=744439 teams 2322/2322 matched, players 6206/6467 matched
2026-08-24 00:37:00,620 INFO ncaa_identity: contest_id=744625 teams 2068/2068 matched, players 5809/5830 matched
2026-08-24 00:37:02,234 INFO ncaa_identity: contest_id=744667 teams 2702/2702 matched, players 6872/7583 matched
2026-08-24 00:37:16,442 INFO ncaa_identity: contest_id=744899 teams 2049/2049 matched, players 5575/5760 matched
2026-08-24 00:37:17,741 INFO ncaa_identity: contest_id=744911 teams 2438/2438 matched, players 6314/6877 matched
2026-08-24 00:37:29,791 INFO ncaa_identity: contest_id=745212 teams 2174/2174 matched, players 6062/6127 matched
2026-08-24 00:37:31,590 INFO ncaa_identity: contest_id=745230 teams 2430/2430 matched, players 6218/6895 matched
2026-08-24 00:37:33,422 INFO ncaa_identity: contest_id=745246 teams 2256/2256 matched, players 6277/6351 matched
2026-08-24 00:37:34,956 INFO ncaa_identity: contest_id=745269 teams 1092/2218 matched, players 3135/6262 matched
2026-08-24 00:37:36,558 INFO ncaa_identity: contest_id=745293 teams 2354/2354 matched, players 6062/6595 matched
2026-08-24 00:37:37,949 INFO ncaa_identity: contest_id=745311 teams 2039/2039 matched, players 5257/5758 matched
2026-08-24 00:37:39,543 INFO ncaa_identity: contest_id=745327 teams 1972/1972 matched, players 5237/5488 matched
2026-08-24 00:37:45,357 INFO ncaa_identity: contest_id=745554 teams 1775/1775 matched, players 4623/4990 matched
2026-08-24 00:37:47,057 INFO ncaa_identity: contest_id=745584 teams 2080/2080 matched, players 4976/5834 matched
2026-08-24 00:38:08,630 INFO ncaa_identity: contest_id=746031 teams 2477/2477 matched, players 6751/6997 matched
2026-08-24 00:38:10,189 INFO ncaa_identity: contest_id=746126 teams 2476/2476 matched, players 6265/6975 matched
2026-08-24 00:38:17,691 INFO ncaa_identity: contest_id=746255 teams 2729/2729 matched, players 7133/7667 matched
2026-08-24 00:38:34,508 INFO ncaa_identity: contest_id=746391 teams 2324/2324 matched, players 6153/6542 matched
2026-08-24 00:38:39,957 INFO ncaa_identity: contest_id=746413 teams 2500/2500 matched, players 6715/7081 matched
2026-08-24 00:38:50,096 INFO ncaa_identity: contest_id=746584 teams 1136/2221 matched, players 3157/6251 matched
2026-08-24 00:38:59,429 INFO ncaa_identity: contest_id=746620 teams 2254/2254 matched, players 6280/6342 matched
2026-08-24 00:39:22,727 INFO ncaa_identity: contest_id=746807 teams 2302/2302 matched, players 6249/6508 matched
2026-08-24 00:39:55,965 INFO ncaa_identity: contest_id=747013 teams 2394/2394 matched, players 5983/6749 matched
2026-08-24 00:40:01,169 INFO ncaa_identity: contest_id=747027 teams 1933/1933 matched, players 5386/5463 matched
2026-08-24 00:40:11,893 INFO ncaa_identity: contest_id=747093 teams 2091/2091 matched, players 5181/5923 matched
2026-08-24 00:40:16,264 INFO ncaa_identity: contest_id=747174 teams 2319/2319 matched, players 6134/6582 matched
2026-08-24 00:40:20,366 INFO ncaa_identity: contest_id=747225 teams 2328/2328 matched, players 6042/6566 matched
2026-08-24 00:40:25,282 INFO ncaa_identity: contest_id=747249 teams 2272/2272 matched, players 5885/6365 matched
2026-08-24 00:40:35,729 INFO ncaa_identity: contest_id=747302 teams 2549/2549 matched, players 6533/7188 matched
2026-08-24 00:40:49,301 INFO ncaa_identity: contest_id=747485 teams 2526/2526 matched, players 6946/7125 matched
2026-08-24 00:40:53,327 INFO ncaa_identity: contest_id=747635 teams 2211/2211 matched, players 5865/6252 matched
2026-08-24 00:40:55,970 INFO ncaa_identity: contest_id=747722 teams 2248/2248 matched, players 6101/6289 matched
2026-08-24 00:40:58,284 INFO ncaa_identity: contest_id=747741 teams 2099/2099 matched, players 5467/5916 matched
2026-08-24 00:40:59,914 INFO ncaa_identity: contest_id=747776 teams 2272/2272 matched, players 6043/6377 matched
2026-08-24 00:41:01,546 INFO ncaa_identity: contest_id=747820 teams 2465/2465 matched, players 6900/6959 matched
2026-08-24 00:41:04,972 INFO ncaa_identity: contest_id=747887 teams 2311/2311 matched, players 6419/6456 matched
2026-08-24 00:41:06,586 INFO ncaa_identity: contest_id=747912 teams 2024/2024 matched, players 5613/5657 matched
2026-08-24 00:41:08,159 INFO ncaa_identity: contest_id=747944 teams 2301/2301 matched, players 5700/6492 matched
2026-08-24 00:41:09,688 INFO ncaa_identity: contest_id=747995 teams 1835/1835 matched, players 4837/5153 matched
2026-08-24 00:41:11,750 INFO ncaa_identity: contest_id=748061 teams 2494/2494 matched, players 6790/7049 matched
2026-08-24 00:41:13,157 INFO ncaa_identity: contest_id=748076 teams 2576/2576 matched, players 7014/7293 matched
2026-08-24 00:41:27,300 INFO ncaa_identity: contest_id=748314 teams 2377/2377 matched, players 6597/6702 matched
2026-08-24 00:41:28,793 INFO ncaa_identity: contest_id=748333 teams 2068/2068 matched, players 5707/5807 matched
2026-08-24 00:41:30,755 INFO 5 starters not found for period 5; using estimate
2026-08-24 00:41:32,849 INFO ncaa_identity: contest_id=748393 teams 3688/3688 matched, players 10466/10478 matched
2026-08-24 00:41:34,548 INFO ncaa_identity: contest_id=748413 teams 2265/2265 matched, players 6247/6352 matched
2026-08-24 00:41:37,220 INFO ncaa_identity: contest_id=748447 teams 2024/2024 matched, players 5418/5716 matched
2026-08-24 00:41:44,726 INFO ncaa_identity: contest_id=748592 teams 2379/2379 matched, players 6064/6737 matched
2026-08-24 00:41:48,048 INFO ncaa_identity: contest_id=748697 teams 2033/2033 matched, players 5503/5745 matched
2026-08-24 00:41:51,472 INFO ncaa_identity: contest_id=748757 teams 2311/2311 matched, players 6206/6494 matched
2026-08-24 00:41:52,631 INFO ncaa_identity: contest_id=748798 teams 1968/1968 matched, players 5109/5517 matched
2026-08-24 00:41:55,921 INFO ncaa_identity: contest_id=748901 teams 2307/2307 matched, players 6166/6485 matched
2026-08-24 00:41:57,618 INFO ncaa_identity: contest_id=748924 teams 2532/2532 matched, players 5217/7151 matched
2026-08-24 00:42:01,106 INFO ncaa_identity: contest_id=748982 teams 2795/2795 matched, players 7611/7891 matched
2026-08-24 00:42:02,785 INFO ncaa_identity: contest_id=749009 teams 2043/2043 matched, players 5276/5750 matched
2026-08-24 00:42:04,787 INFO ncaa_identity: contest_id=749066 teams 2143/2143 matched, players 5606/5993 matched
2026-08-24 00:42:07,401 INFO ncaa_identity: contest_id=749119 teams 2249/2249 matched, players 6335/6337 matched
2026-08-24 00:42:09,302 INFO ncaa_identity: contest_id=749133 teams 2379/2379 matched, players 6239/6739 matched
2026-08-24 00:42:18,516 INFO ncaa_identity: contest_id=749335 teams 2316/2316 matched, players 6409/6568 matched
2026-08-24 00:42:36,643 INFO ncaa_identity: contest_id=749594 teams 2548/2548 matched, players 6604/7202 matched
2026-08-24 00:42:41,223 INFO ncaa_identity: contest_id=749799 teams 2016/2016 matched, players 5583/5671 matched
2026-08-24 00:42:42,568 INFO ncaa_identity: contest_id=749813 teams 2004/2004 matched, players 5448/5582 matched
2026-08-24 00:42:50,115 INFO ncaa_identity: contest_id=749964 teams 2393/2393 matched, players 6120/6683 matched
2026-08-24 00:42:53,622 INFO ncaa_identity: contest_id=749996 teams 3300/3300 matched, players 8763/9339 matched
2026-08-24 00:42:55,532 INFO ncaa_identity: contest_id=750016 teams 2717/2717 matched, players 7078/7705 matched
2026-08-24 00:42:56,965 INFO ncaa_identity: contest_id=750028 teams 2425/2425 matched, players 6320/6818 matched
2026-08-24 00:42:59,777 INFO ncaa_identity: contest_id=750094 teams 2438/2438 matched, players 6683/6934 matched
2026-08-24 00:43:04,115 INFO ncaa_identity: contest_id=750267 teams 2256/2256 matched, players 6111/6358 matched
2026-08-24 00:43:06,933 INFO ncaa_identity: contest_id=750313 teams 1327/2564 matched, players 3475/7243 matched
2026-08-24 00:43:08,189 INFO ncaa_identity: contest_id=750335 teams 2310/2310 matched, players 6337/6534 matched
2026-08-24 00:43:11,118 INFO ncaa_identity: contest_id=750368 teams 2419/2419 matched, players 6743/6767 matched
2026-08-24 00:43:19,555 INFO ncaa_identity: contest_id=750520 teams 2217/2217 matched, players 5838/6214 matched
2026-08-24 00:43:22,547 INFO ncaa_identity: contest_id=750541 teams 2532/2532 matched, players 7156/7174 matched
2026-08-24 00:43:26,538 INFO ncaa_identity: contest_id=750630 teams 1949/1949 matched, players 5178/5468 matched
2026-08-24 00:43:27,717 INFO ncaa_identity: contest_id=750640 teams 2038/2038 matched, players 4388/5706 matched
2026-08-24 00:43:30,705 INFO ncaa_identity: contest_id=750698 teams 2276/2276 matched, players 6295/6441 matched
2026-08-24 00:43:32,761 INFO ncaa_identity: contest_id=750715 teams 2720/2720 matched, players 7351/7726 matched
2026-08-24 00:43:36,101 INFO ncaa_identity: contest_id=750741 teams 2152/2152 matched, players 5909/6045 matched
2026-08-24 00:43:40,230 INFO ncaa_identity: contest_id=750823 teams 2221/2221 matched, players 6014/6291 matched
2026-08-24 00:43:45,963 INFO ncaa_identity: contest_id=750870 teams 1971/1971 matched, players 4586/5525 matched
2026-08-24 00:43:48,629 INFO ncaa_identity: contest_id=750927 teams 2392/2392 matched, players 6214/6763 matched
2026-08-24 00:43:52,556 INFO ncaa_identity: contest_id=750984 teams 2286/2286 matched, players 6021/6458 matched
2026-08-24 00:43:53,960 INFO ncaa_identity: contest_id=750994 teams 2311/2311 matched, players 6347/6531 matched
2026-08-24 00:43:58,592 INFO ncaa_identity: contest_id=751028 teams 2556/2556 matched, players 6890/7207 matched
2026-08-24 00:44:00,184 INFO ncaa_identity: contest_id=751039 teams 1410/2770 matched, players 3929/7767 matched
2026-08-24 00:44:03,372 INFO ncaa_identity: contest_id=751063 teams 2295/2295 matched, players 6158/6415 matched
2026-08-24 00:44:05,941 INFO ncaa_identity: contest_id=751085 teams 2343/2343 matched, players 6163/6643 matched
2026-08-24 00:44:07,506 INFO ncaa_identity: contest_id=751097 teams 2331/2331 matched, players 6385/6583 matched
2026-08-24 00:44:10,554 INFO ncaa_identity: contest_id=751127 teams 2034/2034 matched, players 5306/5711 matched
2026-08-24 00:44:12,986 INFO ncaa_identity: contest_id=751242 teams 1949/1949 matched, players 5275/5495 matched
2026-08-24 00:44:14,787 INFO ncaa_identity: contest_id=751267 teams 2117/2117 matched, players 5557/5847 matched
2026-08-24 00:44:18,813 INFO ncaa_identity: contest_id=751318 teams 2737/2737 matched, players 7056/7673 matched
2026-08-24 00:44:21,502 INFO ncaa_identity: contest_id=751338 teams 2293/2293 matched, players 4667/6444 matched
2026-08-24 00:44:23,767 INFO ncaa_identity: contest_id=751373 teams 2025/2025 matched, players 5734/5740 matched
2026-08-24 00:44:25,344 INFO ncaa_identity: contest_id=751383 teams 2418/2418 matched, players 6695/6747 matched
2026-08-24 00:44:26,441 INFO ncaa_identity: contest_id=751393 teams 2250/2250 matched, players 6297/6346 matched
2026-08-24 00:44:27,835 INFO ncaa_identity: contest_id=751403 teams 2174/2174 matched, players 5109/6136 matched
2026-08-24 00:44:29,480 INFO ncaa_identity: contest_id=751437 teams 2822/2822 matched, players 7977/7979 matched
2026-08-24 00:44:30,846 INFO ncaa_identity: contest_id=751448 teams 2332/2332 matched, players 6220/6627 matched
2026-08-24 00:44:32,738 INFO ncaa_identity: contest_id=751488 teams 2841/2841 matched, players 8019/8021 matched
2026-08-24 00:44:35,658 INFO ncaa_identity: contest_id=751514 teams 2176/2176 matched, players 5834/6146 matched
2026-08-24 00:44:38,659 INFO ncaa_identity: contest_id=751534 teams 2441/2441 matched, players 6413/6867 matched
2026-08-24 00:44:41,877 INFO ncaa_identity: contest_id=751554 teams 2318/2318 matched, players 6465/6556 matched
2026-08-24 00:44:43,149 INFO ncaa_identity: contest_id=751564 teams 2429/2429 matched, players 5900/6818 matched
2026-08-24 00:44:44,760 INFO ncaa_identity: contest_id=751574 teams 1954/1954 matched, players 5492/5506 matched
2026-08-24 00:44:53,624 INFO ncaa_identity: contest_id=751689 teams 2469/2469 matched, players 6563/6965 matched
2026-08-24 00:44:55,061 INFO ncaa_identity: contest_id=751699 teams 1954/1954 matched, players 5010/5472 matched
2026-08-24 00:44:58,042 INFO ncaa_identity: contest_id=751719 teams 2272/2272 matched, players 6349/6396 matched
2026-08-24 00:45:07,651 INFO ncaa_identity: contest_id=751795 teams 2553/2553 matched, players 6930/7172 matched
2026-08-24 00:45:13,234 INFO ncaa_identity: contest_id=751843 teams 2365/2365 matched, players 6121/6669 matched
2026-08-24 00:45:18,484 INFO ncaa_identity: contest_id=751946 teams 2218/2218 matched, players 6163/6268 matched
2026-08-24 00:45:19,714 INFO ncaa_identity: contest_id=751956 teams 2340/2340 matched, players 6474/6572 matched
2026-08-24 00:45:21,059 INFO ncaa_identity: contest_id=751967 teams 2480/2480 matched, players 6440/7025 matched
2026-08-24 00:45:22,202 INFO ncaa_identity: contest_id=751977 teams 2160/2160 matched, players 5624/6072 matched
2026-08-24 00:45:24,919 INFO ncaa_identity: contest_id=751997 teams 2185/2185 matched, players 6049/6094 matched
2026-08-24 00:45:26,275 INFO ncaa_identity: contest_id=752007 teams 2087/2087 matched, players 5808/5871 matched
2026-08-24 00:45:28,641 INFO ncaa_identity: contest_id=752031 teams 2148/2148 matched, players 5672/6049 matched
2026-08-24 00:45:35,828 INFO ncaa_identity: contest_id=752089 teams 1914/1914 matched, players 5028/5428 matched
2026-08-24 00:45:41,672 INFO ncaa_identity: contest_id=717537 teams 2356/2356 matched, players 6606/6631 matched
2026-08-24 00:45:43,014 INFO ncaa_identity: contest_id=717547 teams 2909/2909 matched, players 7856/8223 matched
2026-08-24 00:45:48,408 INFO ncaa_identity: contest_id=717580 teams 2917/2917 matched, players 7299/8193 matched
2026-08-24 00:45:52,483 INFO ncaa_identity: contest_id=717614 teams 1318/2618 matched, players 3768/7406 matched
2026-08-24 00:45:54,159 INFO ncaa_identity: contest_id=717628 teams 1646/3240 matched, players 4664/9191 matched
2026-08-24 00:45:55,891 INFO ncaa_identity: contest_id=717651 teams 1192/2357 matched, players 3397/6594 matched
2026-08-24 00:45:57,266 INFO ncaa_identity: contest_id=717682 teams 2719/2719 matched, players 7028/7629 matched
2026-08-24 00:46:00,093 INFO ncaa_identity: contest_id=717722 teams 2130/2130 matched, players 5941/5948 matched
2026-08-24 00:46:01,442 INFO ncaa_identity: contest_id=717735 teams 1239/2516 matched, players 3587/7110 matched
2026-08-24 00:46:07,731 INFO ncaa_identity: contest_id=717878 teams 2630/2630 matched, players 7186/7375 matched
2026-08-24 00:46:09,524 INFO ncaa_identity: contest_id=717895 teams 2284/2284 matched, players 6170/6373 matched
2026-08-24 00:46:11,183 INFO ncaa_identity: contest_id=717916 teams 2450/2450 matched, players 6807/6847 matched
2026-08-24 00:46:16,499 INFO ncaa_identity: contest_id=717967 teams 1260/2374 matched, players 3367/6705 matched
2026-08-24 00:46:17,963 INFO ncaa_identity: contest_id=717985 teams 1148/2333 matched, players 3305/6557 matched
2026-08-24 00:46:19,571 INFO ncaa_identity: contest_id=718003 teams 1104/2180 matched, players 3011/6106 matched
2026-08-24 00:46:25,811 INFO ncaa_identity: contest_id=718046 teams 2645/2645 matched, players 6939/7470 matched
2026-08-24 00:46:31,177 INFO ncaa_identity: contest_id=718090 teams 1271/2555 matched, players 3252/7214 matched
2026-08-24 00:46:33,184 INFO ncaa_identity: contest_id=718120 teams 813/1637 matched, players 233/435 matched
2026-08-24 00:46:34,748 INFO ncaa_identity: contest_id=718133 teams 1322/2634 matched, players 3734/7395 matched
2026-08-24 00:46:36,726 INFO ncaa_identity: contest_id=718145 teams 2222/2222 matched, players 6078/6193 matched
2026-08-24 00:46:44,532 INFO ncaa_identity: contest_id=718227 teams 2070/2070 matched, players 4948/5827 matched
2026-08-24 00:46:45,933 INFO ncaa_identity: contest_id=718252 teams 1145/2358 matched, players 2934/6584 matched
2026-08-24 00:46:48,518 INFO ncaa_identity: contest_id=718304 teams 2212/2212 matched, players 5654/6230 matched
2026-08-24 00:46:52,384 INFO ncaa_identity: contest_id=718504 teams 2323/2323 matched, players 6359/6507 matched
2026-08-24 00:46:56,860 INFO ncaa_identity: contest_id=718568 teams 2392/2392 matched, players 6257/6740 matched
2026-08-24 00:46:58,023 INFO ncaa_identity: contest_id=718588 teams 1934/1934 matched, players 5015/5452 matched
2026-08-24 00:47:01,388 INFO ncaa_identity: contest_id=718671 teams 1550/3081 matched, players 4354/8726 matched
2026-08-24 00:47:04,107 INFO ncaa_identity: contest_id=718850 teams 2104/2104 matched, players 5618/5921 matched
2026-08-24 00:47:08,930 INFO ncaa_identity: contest_id=718891 teams 2340/2340 matched, players 6302/6596 matched
2026-08-24 00:47:15,580 INFO ncaa_identity: contest_id=718977 teams 2362/2362 matched, players 6322/6631 matched
2026-08-24 00:47:17,312 INFO ncaa_identity: contest_id=718997 teams 1321/2523 matched, players 2435/7051 matched
2026-08-24 00:47:21,408 INFO ncaa_identity: contest_id=719070 teams 2110/2110 matched, players 5648/5920 matched
2026-08-24 00:47:22,955 INFO ncaa_identity: contest_id=719094 teams 2643/2643 matched, players 7154/7437 matched
2026-08-24 00:47:24,447 INFO ncaa_identity: contest_id=719167 teams 2531/2531 matched, players 6749/7125 matched
2026-08-24 00:47:27,746 INFO ncaa_identity: contest_id=719221 teams 1299/2649 matched, players 3690/7455 matched
2026-08-24 00:47:30,270 INFO ncaa_identity: contest_id=719265 teams 1854/1854 matched, players 686/706 matched
2026-08-24 00:47:31,890 INFO ncaa_identity: contest_id=719328 teams 2454/2454 matched, players 6833/6855 matched
2026-08-24 00:47:34,712 INFO ncaa_identity: contest_id=719381 teams 2303/2303 matched, players 5862/6444 matched
2026-08-24 00:47:36,043 INFO ncaa_identity: contest_id=719405 teams 1296/2572 matched, players 3271/7267 matched
2026-08-24 00:47:37,917 INFO ncaa_identity: contest_id=719447 teams 2518/2518 matched, players 6603/7071 matched
2026-08-24 00:47:39,202 INFO ncaa_identity: contest_id=719463 teams 2922/2922 matched, players 7763/8228 matched
2026-08-24 00:47:41,953 INFO ncaa_identity: contest_id=719499 teams 2517/2517 matched, players 7013/7079 matched
2026-08-24 00:47:43,392 INFO ncaa_identity: contest_id=719523 teams 1386/2765 matched, players 3874/7768 matched
2026-08-24 00:47:48,209 INFO ncaa_identity: contest_id=719619 teams 2791/2791 matched, players 7553/7880 matched
2026-08-24 00:47:49,634 INFO ncaa_identity: contest_id=719649 teams 2252/2252 matched, players 6069/6317 matched
2026-08-24 00:47:51,391 INFO ncaa_identity: contest_id=719681 teams 1409/2780 matched, players 3575/7833 matched
2026-08-24 00:47:55,998 INFO ncaa_identity: contest_id=719755 teams 1181/2332 matched, players 3277/6609 matched
2026-08-24 00:47:57,456 INFO ncaa_identity: contest_id=719844 teams 1045/2037 matched, players 311/718 matched
2026-08-24 00:48:03,766 INFO ncaa_identity: contest_id=719996 teams 2062/2062 matched, players 5283/5778 matched
2026-08-24 00:48:11,011 INFO ncaa_identity: contest_id=720100 teams 1284/2564 matched, players 3604/7236 matched
2026-08-24 00:48:12,536 INFO 5 starters not found for period 3; using estimate
2026-08-24 00:48:13,618 INFO ncaa_identity: contest_id=720126 teams 2359/2359 matched, players 6544/6633 matched
2026-08-24 00:48:15,199 INFO ncaa_identity: contest_id=720152 teams 2507/2507 matched, players 6630/7073 matched
2026-08-24 00:48:19,614 INFO ncaa_identity: contest_id=720238 teams 2232/2232 matched, players 6106/6283 matched
2026-08-24 00:48:21,084 INFO ncaa_identity: contest_id=720288 teams 2787/2787 matched, players 7591/7874 matched
2026-08-24 00:48:22,545 INFO ncaa_identity: contest_id=720350 teams 2313/2313 matched, players 6452/6460 matched
2026-08-24 00:48:25,273 INFO ncaa_identity: contest_id=720381 teams 1102/2180 matched, players 3109/6178 matched
2026-08-24 00:48:34,294 INFO ncaa_identity: contest_id=720485 teams 2326/2326 matched, players 6240/6533 matched
2026-08-24 00:48:35,935 INFO ncaa_identity: contest_id=720498 teams 2547/2547 matched, players 7134/7166 matched
2026-08-24 00:48:39,521 INFO ncaa_identity: contest_id=720563 teams 1119/2163 matched, players 3152/6113 matched
2026-08-24 00:48:42,264 INFO ncaa_identity: contest_id=720605 teams 1011/2052 matched, players 2452/5727 matched
2026-08-24 00:48:43,240 INFO ncaa_identity: contest_id=720630 teams 1979/1979 matched, players 5180/5595 matched
2026-08-24 00:48:48,431 INFO ncaa_identity: contest_id=720745 teams 1015/2024 matched, players 2835/5708 matched
2026-08-24 00:48:51,209 INFO ncaa_identity: contest_id=720821 teams 2901/2901 matched, players 8203/8235 matched
2026-08-24 00:48:52,440 INFO ncaa_identity: contest_id=720842 teams 1261/2459 matched, players 3444/6916 matched
2026-08-24 00:48:54,062 INFO ncaa_identity: contest_id=720872 teams 2154/2154 matched, players 5690/6003 matched
2026-08-24 00:48:55,206 INFO ncaa_identity: contest_id=720888 teams 2384/2384 matched, players 6583/6724 matched
2026-08-24 00:48:58,121 INFO ncaa_identity: contest_id=720939 teams 2320/2320 matched, players 6465/6516 matched
2026-08-24 00:49:00,761 INFO ncaa_identity: contest_id=720978 teams 2097/2097 matched, players 5523/5875 matched
2026-08-24 00:49:01,978 INFO ncaa_identity: contest_id=721006 teams 1248/2410 matched, players 3482/6801 matched
2026-08-24 00:49:03,440 INFO ncaa_identity: contest_id=721034 teams 2387/2387 matched, players 6492/6701 matched
2026-08-24 00:49:07,971 INFO ncaa_identity: contest_id=721118 teams 1340/2714 matched, players 3654/7655 matched
2026-08-24 00:49:10,850 INFO ncaa_identity: contest_id=721179 teams 2392/2392 matched, players 6383/6723 matched
2026-08-24 00:49:15,101 INFO ncaa_identity: contest_id=721251 teams 2615/2615 matched, players 6324/7353 matched
2026-08-24 00:49:16,450 INFO ncaa_identity: contest_id=721286 teams 2397/2397 matched, players 6457/6811 matched
2026-08-24 00:49:20,954 INFO ncaa_identity: contest_id=721439 teams 1203/2441 matched, players 3402/6912 matched
2026-08-24 00:49:22,486 INFO ncaa_identity: contest_id=721473 teams 2546/2546 matched, players 7080/7154 matched
2026-08-24 00:49:23,799 INFO ncaa_identity: contest_id=721527 teams 2531/2531 matched, players 7046/7105 matched
2026-08-24 00:49:26,836 INFO ncaa_identity: contest_id=721570 teams 2504/2504 matched, players 6530/7037 matched
2026-08-24 00:49:36,191 INFO ncaa_identity: contest_id=721712 teams 3248/3248 matched, players 8871/9155 matched
2026-08-24 00:49:37,396 INFO ncaa_identity: contest_id=721816 teams 2179/2179 matched, players 6031/6157 matched
2026-08-24 00:49:45,033 INFO ncaa_identity: contest_id=721990 teams 1294/2524 matched, players 3522/7136 matched
2026-08-24 00:49:46,503 INFO ncaa_identity: contest_id=722013 teams 2224/2224 matched, players 5983/6260 matched
2026-08-24 00:49:49,313 INFO ncaa_identity: contest_id=722074 teams 2484/2484 matched, players 5046/7001 matched
2026-08-24 00:49:54,627 INFO ncaa_identity: contest_id=722244 teams 1173/2275 matched, players 2820/6420 matched
2026-08-24 00:49:57,366 INFO ncaa_identity: contest_id=722278 teams 2160/2160 matched, players 5851/6036 matched
2026-08-24 00:49:57,509 INFO 5 starters not found for period 3; using estimate
2026-08-24 00:50:00,390 INFO ncaa_identity: contest_id=722320 teams 2363/2363 matched, players 6527/6676 matched
2026-08-24 00:50:03,340 INFO ncaa_identity: contest_id=722376 teams 2343/2343 matched, players 6259/6639 matched
2026-08-24 00:50:04,687 INFO ncaa_identity: contest_id=722444 teams 1275/2387 matched, players 3428/6712 matched
2026-08-24 00:50:18,345 INFO ncaa_identity: contest_id=722671 teams 2553/2553 matched, players 7187/7189 matched
2026-08-24 00:50:21,451 INFO ncaa_identity: contest_id=722723 teams 1309/2492 matched, players 3570/7077 matched
2026-08-24 00:50:24,008 INFO ncaa_identity: contest_id=722772 teams 2273/2273 matched, players 6385/6391 matched
2026-08-24 00:50:27,860 INFO ncaa_identity: contest_id=722859 teams 1090/2154 matched, players 3074/6091 matched
2026-08-24 00:50:29,160 INFO ncaa_identity: contest_id=722885 teams 2551/2551 matched, players 6790/7251 matched
2026-08-24 00:50:34,678 INFO ncaa_identity: contest_id=723001 teams 2329/2329 matched, players 6447/6487 matched
2026-08-24 00:50:37,060 INFO ncaa_identity: contest_id=723032 teams 2057/2057 matched, players 5667/5759 matched
2026-08-24 00:50:38,567 INFO ncaa_identity: contest_id=723046 teams 2653/2653 matched, players 6839/7468 matched
2026-08-24 00:50:39,878 INFO ncaa_identity: contest_id=723063 teams 2532/2532 matched, players 6746/7162 matched
2026-08-24 00:50:41,453 INFO ncaa_identity: contest_id=723080 teams 2463/2463 matched, players 6582/6934 matched
2026-08-24 00:50:43,840 INFO ncaa_identity: contest_id=723114 teams 1131/2193 matched, players 3137/6193 matched
2026-08-24 00:50:45,413 INFO ncaa_identity: contest_id=723162 teams 1416/2818 matched, players 4004/7984 matched
2026-08-24 00:50:48,074 INFO ncaa_identity: contest_id=723203 teams 2200/2200 matched, players 3253/6149 matched
2026-08-24 00:50:50,686 INFO ncaa_identity: contest_id=723243 teams 2328/2328 matched, players 6136/6563 matched
2026-08-24 00:50:53,485 INFO ncaa_identity: contest_id=723267 teams 2430/2430 matched, players 6321/6844 matched
2026-08-24 00:50:54,957 INFO ncaa_identity: contest_id=723292 teams 2462/2462 matched, players 6681/6904 matched
2026-08-24 00:50:56,174 INFO ncaa_identity: contest_id=723313 teams 2123/2123 matched, players 5491/5979 matched
2026-08-24 00:51:00,015 INFO ncaa_identity: contest_id=723344 teams 2721/2721 matched, players 6961/7680 matched
2026-08-24 00:51:05,455 INFO ncaa_identity: contest_id=723395 teams 2474/2474 matched, players 6481/6959 matched
2026-08-24 00:51:09,531 INFO ncaa_identity: contest_id=723431 teams 1238/2441 matched, players 3464/6873 matched
2026-08-24 00:51:10,761 INFO ncaa_identity: contest_id=723461 teams 2490/2490 matched, players 6109/6962 matched
2026-08-24 00:51:13,644 INFO ncaa_identity: contest_id=723490 teams 2375/2375 matched, players 6138/6699 matched
2026-08-24 00:51:18,384 INFO ncaa_identity: contest_id=723577 teams 2286/2286 matched, players 6150/6431 matched
2026-08-24 00:51:19,473 INFO ncaa_identity: contest_id=723587 teams 2127/2127 matched, players 5371/5977 matched
2026-08-24 00:51:23,363 INFO ncaa_identity: contest_id=723642 teams 1139/2219 matched, players 3048/6269 matched
2026-08-24 00:51:26,196 INFO ncaa_identity: contest_id=723702 teams 3002/3002 matched, players 8174/8475 matched
2026-08-24 00:51:29,113 INFO ncaa_identity: contest_id=723736 teams 1234/2467 matched, players 3088/6863 matched
2026-08-24 00:51:31,730 INFO ncaa_identity: contest_id=723778 teams 1046/2007 matched, players 2835/5632 matched
2026-08-24 00:51:36,649 INFO ncaa_identity: contest_id=723838 teams 2234/2234 matched, players 6030/6314 matched
2026-08-24 00:51:38,144 INFO ncaa_identity: contest_id=723851 teams 2295/2295 matched, players 6007/6460 matched
2026-08-24 00:51:40,575 INFO ncaa_identity: contest_id=723919 teams 2546/2546 matched, players 7003/7168 matched
2026-08-24 00:51:43,425 INFO ncaa_identity: contest_id=724021 teams 2371/2371 matched, players 6378/6666 matched
2026-08-24 00:51:46,177 INFO ncaa_identity: contest_id=724057 teams 2242/2242 matched, players 5962/6335 matched
2026-08-24 00:51:47,834 INFO ncaa_identity: contest_id=724082 teams 2589/2589 matched, players 6326/7269 matched
2026-08-24 00:51:49,231 INFO ncaa_identity: contest_id=724104 teams 2788/2788 matched, players 6667/7889 matched
2026-08-24 00:51:50,364 INFO ncaa_identity: contest_id=724133 teams 2078/2078 matched, players 5737/5866 matched
2026-08-24 00:51:54,526 INFO ncaa_identity: contest_id=724190 teams 2286/2286 matched, players 6272/6440 matched
2026-08-24 00:51:56,997 INFO ncaa_identity: contest_id=724233 teams 2384/2384 matched, players 6436/6681 matched
2026-08-24 00:51:58,468 INFO ncaa_identity: contest_id=724337 teams 1178/2315 matched, players 3255/6504 matched
2026-08-24 00:52:00,961 INFO ncaa_identity: contest_id=724427 teams 2716/2716 matched, players 7318/7701 matched
2026-08-24 00:52:02,318 INFO ncaa_identity: contest_id=724442 teams 2432/2432 matched, players 6828/6833 matched
2026-08-24 00:52:05,138 INFO ncaa_identity: contest_id=724527 teams 1366/2642 matched, players 3760/7376 matched
2026-08-24 00:52:06,302 INFO ncaa_identity: contest_id=724559 teams 2541/2541 matched, players 6679/7155 matched
2026-08-24 00:52:07,780 INFO ncaa_identity: contest_id=724606 teams 2329/2329 matched, players 6181/6576 matched
2026-08-24 00:52:11,758 INFO ncaa_identity: contest_id=724684 teams 2449/2449 matched, players 6647/6923 matched
2026-08-24 00:52:24,886 INFO ncaa_identity: contest_id=725030 teams 2340/2340 matched, players 6175/6560 matched
2026-08-24 00:52:26,019 INFO ncaa_identity: contest_id=725080 teams 1147/2261 matched, players 3195/6337 matched
2026-08-24 00:52:28,990 INFO ncaa_identity: contest_id=725126 teams 2240/2240 matched, players 6267/6305 matched
2026-08-24 00:52:30,356 INFO ncaa_identity: contest_id=725155 teams 2178/2178 matched, players 5592/6156 matched
2026-08-24 00:52:31,518 INFO ncaa_identity: contest_id=725190 teams 2540/2540 matched, players 7151/7176 matched
2026-08-24 00:52:33,226 INFO ncaa_identity: contest_id=725213 teams 2799/2799 matched, players 7754/7861 matched
2026-08-24 00:52:35,655 INFO ncaa_identity: contest_id=725245 teams 2176/2176 matched, players 5967/6143 matched
2026-08-24 00:52:36,969 INFO ncaa_identity: contest_id=725272 teams 1077/2174 matched, players 2976/6111 matched
2026-08-24 00:52:38,312 INFO ncaa_identity: contest_id=725297 teams 2590/2590 matched, players 6731/7303 matched
2026-08-24 00:52:41,223 INFO ncaa_identity: contest_id=725351 teams 2685/2685 matched, players 6883/7579 matched
2026-08-24 00:52:45,409 INFO ncaa_identity: contest_id=725525 teams 2567/2567 matched, players 7202/7232 matched
2026-08-24 00:52:48,116 INFO ncaa_identity: contest_id=725577 teams 1139/2245 matched, players 3221/6324 matched
2026-08-24 00:52:49,701 INFO ncaa_identity: contest_id=725595 teams 2422/2422 matched, players 6517/6860 matched
2026-08-24 00:52:53,080 INFO ncaa_identity: contest_id=725727 teams 2362/2362 matched, players 6636/6659 matched
2026-08-24 00:52:56,016 INFO ncaa_identity: contest_id=725785 teams 2625/2625 matched, players 6946/7411 matched
2026-08-24 00:52:58,600 INFO ncaa_identity: contest_id=725898 teams 2734/2734 matched, players 7239/7685 matched
2026-08-24 00:53:01,260 INFO ncaa_identity: contest_id=725931 teams 1950/1950 matched, players 5139/5447 matched
2026-08-24 00:53:02,243 INFO ncaa_identity: contest_id=725945 teams 1845/1845 matched, players 5082/5183 matched
2026-08-24 00:53:03,504 INFO ncaa_identity: contest_id=725960 teams 1099/2143 matched, players 2779/6046 matched
2026-08-24 00:53:07,989 INFO ncaa_identity: contest_id=726033 teams 2123/2123 matched, players 5615/5998 matched
2026-08-24 00:53:11,880 INFO ncaa_identity: contest_id=726178 teams 2384/2384 matched, players 6623/6656 matched
2026-08-24 00:53:13,206 INFO ncaa_identity: contest_id=726191 teams 2533/2533 matched, players 6742/7122 matched
2026-08-24 00:53:17,036 INFO ncaa_identity: contest_id=726256 teams 2459/2459 matched, players 6347/6954 matched
2026-08-24 00:53:22,508 INFO ncaa_identity: contest_id=726341 teams 2850/2850 matched, players 7451/8064 matched
2026-08-24 00:53:28,010 INFO ncaa_identity: contest_id=726535 teams 2202/2202 matched, players 6035/6188 matched
2026-08-24 00:53:30,807 INFO ncaa_identity: contest_id=726606 teams 2280/2280 matched, players 6156/6396 matched
2026-08-24 00:53:34,435 INFO ncaa_identity: contest_id=726705 teams 2245/2245 matched, players 6261/6290 matched
2026-08-24 00:53:37,487 INFO ncaa_identity: contest_id=726762 teams 2371/2371 matched, players 6372/6704 matched
2026-08-24 00:53:47,668 INFO ncaa_identity: contest_id=727007 teams 2237/2237 matched, players 5934/6271 matched
2026-08-24 00:53:57,671 INFO ncaa_identity: contest_id=727305 teams 2905/2905 matched, players 7856/8147 matched
2026-08-24 00:53:59,043 INFO ncaa_identity: contest_id=727331 teams 2356/2356 matched, players 6472/6651 matched
2026-08-24 00:54:01,827 INFO ncaa_identity: contest_id=727376 teams 2421/2421 matched, players 5775/6797 matched
2026-08-24 00:54:02,902 INFO ncaa_identity: contest_id=727393 teams 2119/2119 matched, players 5703/5948 matched
2026-08-24 00:54:05,711 INFO ncaa_identity: contest_id=727441 teams 2324/2324 matched, players 5615/6513 matched
2026-08-24 00:54:12,522 INFO ncaa_identity: contest_id=727654 teams 2519/2519 matched, players 6758/7131 matched
2026-08-24 00:54:15,057 INFO ncaa_identity: contest_id=727696 teams 2653/2653 matched, players 7024/7542 matched
2026-08-24 00:54:19,314 INFO ncaa_identity: contest_id=727812 teams 2185/2185 matched, players 5829/6155 matched
2026-08-24 00:54:20,884 INFO ncaa_identity: contest_id=727840 teams 2367/2367 matched, players 6250/6651 matched
2026-08-24 00:54:27,784 INFO ncaa_identity: contest_id=728011 teams 2218/2218 matched, players 5867/6309 matched
2026-08-24 00:54:30,158 INFO ncaa_identity: contest_id=728043 teams 2693/2693 matched, players 7034/7599 matched
2026-08-24 00:54:36,802 INFO ncaa_identity: contest_id=728232 teams 2249/2249 matched, players 6235/6366 matched
2026-08-24 00:54:39,493 INFO ncaa_identity: contest_id=728280 teams 2386/2386 matched, players 6593/6711 matched
2026-08-24 00:54:48,059 INFO ncaa_identity: contest_id=728406 teams 2729/2729 matched, players 7689/7716 matched
2026-08-24 00:54:57,491 INFO ncaa_identity: contest_id=728705 teams 2814/2814 matched, players 7527/7950 matched
2026-08-24 00:55:01,438 INFO ncaa_identity: contest_id=728788 teams 2330/2330 matched, players 6010/6605 matched
2026-08-24 00:55:05,657 INFO ncaa_identity: contest_id=728876 teams 2238/2238 matched, players 5904/6380 matched
2026-08-24 00:55:10,642 INFO ncaa_identity: contest_id=728997 teams 1209/2384 matched, players 3387/6747 matched
2026-08-24 00:55:11,985 INFO ncaa_identity: contest_id=729028 teams 2394/2394 matched, players 6163/6725 matched
2026-08-24 00:55:14,700 INFO ncaa_identity: contest_id=729075 teams 2419/2419 matched, players 6322/6787 matched
2026-08-24 00:55:17,822 INFO ncaa_identity: contest_id=729107 teams 2918/2918 matched, players 7505/8215 matched
2026-08-24 00:55:22,429 INFO ncaa_identity: contest_id=729291 teams 2554/2554 matched, players 6947/7191 matched
2026-08-24 00:55:25,128 INFO ncaa_identity: contest_id=729333 teams 2439/2439 matched, players 6858/6889 matched
2026-08-24 00:55:26,454 INFO ncaa_identity: contest_id=729359 teams 2202/2202 matched, players 6082/6157 matched
2026-08-24 00:55:28,883 INFO ncaa_identity: contest_id=729408 teams 2179/2179 matched, players 5639/6149 matched
2026-08-24 00:55:31,945 INFO ncaa_identity: contest_id=729456 teams 2548/2548 matched, players 6811/7185 matched
2026-08-24 00:55:35,518 INFO ncaa_identity: contest_id=729525 teams 2182/2182 matched, players 5621/6136 matched
2026-08-24 00:55:45,280 INFO ncaa_identity: contest_id=729810 teams 2451/2451 matched, players 5522/6873 matched
2026-08-24 00:55:52,159 INFO ncaa_identity: contest_id=729989 teams 2035/2035 matched, players 5352/5690 matched
2026-08-24 00:55:53,703 INFO ncaa_identity: contest_id=730015 teams 2198/2198 matched, players 5594/6189 matched
2026-08-24 00:55:56,412 INFO ncaa_identity: contest_id=730110 teams 2335/2335 matched, players 6235/6589 matched
2026-08-24 00:56:02,940 INFO 5 starters not found for period 3; using estimate
2026-08-24 00:56:05,633 INFO ncaa_identity: contest_id=730292 teams 2579/2579 matched, players 6972/7275 matched
2026-08-24 00:56:08,201 INFO ncaa_identity: contest_id=730361 teams 2147/2147 matched, players 5628/6066 matched
2026-08-24 00:56:09,490 INFO ncaa_identity: contest_id=730378 teams 2274/2274 matched, players 6353/6401 matched
2026-08-24 00:56:16,240 INFO ncaa_identity: contest_id=730486 teams 2292/2292 matched, players 5555/6431 matched
2026-08-24 00:56:17,301 INFO ncaa_identity: contest_id=730512 teams 2200/2200 matched, players 5974/6209 matched
2026-08-24 00:56:23,809 INFO ncaa_identity: contest_id=730758 teams 2259/2259 matched, players 5996/6391 matched
2026-08-24 00:56:27,910 INFO ncaa_identity: contest_id=730831 teams 2193/2193 matched, players 5331/6166 matched
2026-08-24 00:56:31,838 INFO ncaa_identity: contest_id=730928 teams 2460/2460 matched, players 6205/6971 matched
2026-08-24 00:56:34,932 INFO ncaa_identity: contest_id=730992 teams 2732/2732 matched, players 7190/7751 matched
2026-08-24 00:56:37,859 INFO ncaa_identity: contest_id=731052 teams 2070/2070 matched, players 5805/5848 matched
2026-08-24 00:56:49,336 INFO ncaa_identity: contest_id=731252 teams 2543/2543 matched, players 6560/7184 matched
2026-08-24 00:57:01,978 INFO ncaa_identity: contest_id=731357 teams 3036/3036 matched, players 8493/8639 matched
2026-08-24 00:57:05,714 INFO ncaa_identity: contest_id=731413 teams 2276/2276 matched, players 6175/6376 matched
2026-08-24 00:57:13,361 INFO ncaa_identity: contest_id=731471 teams 2499/2499 matched, players 6469/6996 matched
2026-08-24 00:57:28,861 INFO ncaa_identity: contest_id=731560 teams 2281/2281 matched, players 5867/6374 matched
2026-08-24 00:57:44,255 INFO ncaa_identity: contest_id=731646 teams 2463/2463 matched, players 6285/6939 matched
2026-08-24 00:58:03,092 INFO ncaa_identity: contest_id=731870 teams 1895/1895 matched, players 4864/5373 matched
2026-08-24 00:58:10,209 INFO ncaa_identity: contest_id=731900 teams 2773/2773 matched, players 7484/7820 matched
2026-08-24 00:58:15,068 INFO ncaa_identity: contest_id=731929 teams 2085/2085 matched, players 5432/5868 matched
2026-08-24 00:58:18,532 INFO 5 starters not found for period 3; using estimate
2026-08-24 00:58:25,920 INFO ncaa_identity: contest_id=732041 teams 2321/2321 matched, players 5876/6464 matched
2026-08-24 00:58:41,103 INFO ncaa_identity: contest_id=732146 teams 2128/2128 matched, players 5922/6012 matched
2026-08-24 00:58:48,240 INFO ncaa_identity: contest_id=732171 teams 1964/1964 matched, players 5069/5521 matched
2026-08-24 00:59:05,398 INFO ncaa_identity: contest_id=732220 teams 2837/2837 matched, players 7383/7963 matched
2026-08-24 00:59:10,746 INFO ncaa_identity: contest_id=732280 teams 3091/3091 matched, players 8694/8756 matched
2026-08-24 00:59:15,051 INFO ncaa_identity: contest_id=732306 teams 2105/2105 matched, players 5507/5939 matched
2026-08-24 00:59:24,000 INFO ncaa_identity: contest_id=732393 teams 2432/2432 matched, players 6761/6872 matched
2026-08-24 00:59:44,746 INFO ncaa_identity: contest_id=732454 teams 2040/2040 matched, players 5520/5740 matched
2026-08-24 01:00:25,215 INFO ncaa_identity: contest_id=732705 teams 2618/2618 matched, players 6872/7380 matched
2026-08-24 01:00:30,071 INFO ncaa_identity: contest_id=732715 teams 2371/2371 matched, players 5713/6657 matched
2026-08-24 01:00:32,568 INFO ncaa_identity: contest_id=732730 teams 2112/2112 matched, players 5383/5919 matched
2026-08-24 01:00:39,903 INFO ncaa_identity: contest_id=732822 teams 2716/2716 matched, players 7498/7626 matched
2026-08-24 01:00:43,145 INFO ncaa_identity: contest_id=732854 teams 2390/2390 matched, players 6314/6737 matched
2026-08-24 01:00:46,204 INFO ncaa_identity: contest_id=732874 teams 2268/2268 matched, players 5820/6355 matched
2026-08-24 01:00:50,677 INFO ncaa_identity: contest_id=732930 teams 2480/2480 matched, players 6615/7006 matched
2026-08-24 01:00:59,693 INFO ncaa_identity: contest_id=733065 teams 2285/2285 matched, players 5600/6412 matched
2026-08-24 01:01:00,816 INFO ncaa_identity: contest_id=733075 teams 2169/2169 matched, players 5570/6096 matched
2026-08-24 01:01:03,449 INFO ncaa_identity: contest_id=733100 teams 2410/2410 matched, players 6761/6788 matched
2026-08-24 01:01:10,959 INFO ncaa_identity: contest_id=733224 teams 2046/2046 matched, players 5727/5769 matched
2026-08-24 01:01:21,213 INFO ncaa_identity: contest_id=733297 teams 2547/2547 matched, players 7153/7191 matched
2026-08-24 01:01:22,655 INFO ncaa_identity: contest_id=733307 teams 1954/1954 matched, players 5181/5496 matched
2026-08-24 01:01:33,947 INFO ncaa_identity: contest_id=733438 teams 1956/1956 matched, players 5163/5481 matched
2026-08-24 01:01:44,883 INFO ncaa_identity: contest_id=733567 teams 2402/2402 matched, players 6266/6745 matched
2026-08-24 01:01:46,477 INFO ncaa_identity: contest_id=733579 teams 2413/2413 matched, players 6745/6747 matched
2026-08-24 01:01:53,291 INFO ncaa_identity: contest_id=733638 teams 2222/2222 matched, players 6246/6258 matched
2026-08-24 01:01:59,228 INFO ncaa_identity: contest_id=514754 teams 2396/2396 matched, players 6423/6751 matched
2026-08-24 01:02:00,359 INFO ncaa_identity: contest_id=514766 teams 1005/1973 matched, players 2777/5546 matched
2026-08-24 01:02:06,772 INFO ncaa_identity: contest_id=514813 teams 2262/2262 matched, players 6318/6349 matched
2026-08-24 01:02:08,290 INFO ncaa_identity: contest_id=514824 teams 1223/2423 matched, players 3446/6797 matched
2026-08-24 01:02:10,078 INFO ncaa_identity: contest_id=514840 teams 2512/2512 matched, players 6102/7076 matched
2026-08-24 01:02:13,407 INFO ncaa_identity: contest_id=514862 teams 1825/3482 matched, players 5087/9817 matched
2026-08-24 01:02:14,840 INFO ncaa_identity: contest_id=514878 teams 2837/2837 matched, players 6634/8013 matched
2026-08-24 01:02:16,386 INFO ncaa_identity: contest_id=514901 teams 1197/2312 matched, players 3256/6472 matched
2026-08-24 01:02:17,898 INFO ncaa_identity: contest_id=514919 teams 1373/2767 matched, players 3858/7795 matched
2026-08-24 01:02:19,851 INFO ncaa_identity: contest_id=514935 teams 1379/2698 matched, players 3873/7558 matched
2026-08-24 01:02:21,153 INFO ncaa_identity: contest_id=514999 teams 1126/2231 matched, players 2726/6198 matched
2026-08-24 01:02:26,614 INFO ncaa_identity: contest_id=515271 teams 2180/2180 matched, players 5674/6166 matched
2026-08-24 01:02:29,024 INFO ncaa_identity: contest_id=515387 teams 2673/2673 matched, players 6992/7577 matched
2026-08-24 01:02:30,627 INFO ncaa_identity: contest_id=515399 teams 2943/2943 matched, players 8276/8307 matched
2026-08-24 01:02:33,345 INFO ncaa_identity: contest_id=515436 teams 1064/2164 matched, players 3046/6120 matched
2026-08-24 01:02:34,647 INFO ncaa_identity: contest_id=515546 teams 1167/2273 matched, players 3199/6384 matched
2026-08-24 01:02:40,546 INFO ncaa_identity: contest_id=515593 teams 2563/2563 matched, players 6652/7149 matched
2026-08-24 01:02:43,673 INFO ncaa_identity: contest_id=515630 teams 1220/2381 matched, players 3432/6723 matched
2026-08-24 01:02:44,743 INFO ncaa_identity: contest_id=515653 teams 790/1569 matched, players 2161/4384 matched
2026-08-24 01:02:45,851 INFO ncaa_identity: contest_id=515677 teams 1926/1926 matched, players 5210/5385 matched
2026-08-24 01:02:48,698 INFO ncaa_identity: contest_id=515718 teams 2396/2396 matched, players 6149/6749 matched
2026-08-24 01:02:50,661 INFO ncaa_identity: contest_id=515743 teams 1300/2491 matched, players 3509/6946 matched
2026-08-24 01:02:52,201 INFO ncaa_identity: contest_id=515769 teams 1328/2594 matched, players 3726/7313 matched
2026-08-24 01:02:54,218 INFO ncaa_identity: contest_id=515804 teams 2731/2731 matched, players 7140/7616 matched
2026-08-24 01:02:58,993 INFO ncaa_identity: contest_id=515876 teams 2462/2462 matched, players 6002/6909 matched
2026-08-24 01:03:00,386 INFO ncaa_identity: contest_id=515902 teams 2102/2102 matched, players 785/790 matched
2026-08-24 01:03:02,219 INFO ncaa_identity: contest_id=515957 teams 1312/2595 matched, players 3608/7264 matched
2026-08-24 01:03:07,139 INFO ncaa_identity: contest_id=516033 teams 1317/2546 matched, players 3446/7184 matched
2026-08-24 01:03:08,952 INFO ncaa_identity: contest_id=516060 teams 2709/2709 matched, players 7341/7621 matched
2026-08-24 01:03:10,552 INFO ncaa_identity: contest_id=516086 teams 1340/2799 matched, players 3813/7948 matched
2026-08-24 01:03:16,895 INFO ncaa_identity: contest_id=516160 teams 2445/2445 matched, players 6631/6837 matched
2026-08-24 01:03:19,810 INFO ncaa_identity: contest_id=516254 teams 2209/2209 matched, players 6225/6246 matched
2026-08-24 01:03:21,455 INFO ncaa_identity: contest_id=516289 teams 2156/2156 matched, players 818/824 matched
2026-08-24 01:03:24,562 INFO ncaa_identity: contest_id=516362 teams 2627/2627 matched, players 6893/7386 matched
2026-08-24 01:03:31,262 INFO ncaa_identity: contest_id=516561 teams 1067/2011 matched, players 2887/5648 matched
2026-08-24 01:03:32,586 INFO ncaa_identity: contest_id=516636 teams 3083/3083 matched, players 8207/8677 matched
2026-08-24 01:03:43,026 INFO ncaa_identity: contest_id=516772 teams 2220/2220 matched, players 5546/6264 matched
2026-08-24 01:03:45,909 INFO ncaa_identity: contest_id=516802 teams 2419/2419 matched, players 6526/6823 matched
2026-08-24 01:03:49,354 INFO ncaa_identity: contest_id=516862 teams 2311/2311 matched, players 6510/6534 matched
2026-08-24 01:03:50,664 INFO ncaa_identity: contest_id=516872 teams 2872/2872 matched, players 7640/8107 matched
2026-08-24 01:03:52,253 INFO ncaa_identity: contest_id=516901 teams 2400/2400 matched, players 6440/6771 matched
2026-08-24 01:03:53,671 INFO ncaa_identity: contest_id=516938 teams 2476/2476 matched, players 5606/6954 matched
2026-08-24 01:03:58,278 INFO ncaa_identity: contest_id=517066 teams 1186/2361 matched, players 3310/6670 matched
2026-08-24 01:03:59,926 INFO ncaa_identity: contest_id=517133 teams 2325/2325 matched, players 6240/6546 matched
2026-08-24 01:04:02,715 INFO ncaa_identity: contest_id=517177 teams 1258/2442 matched, players 3478/6893 matched
2026-08-24 01:04:03,980 INFO ncaa_identity: contest_id=517189 teams 2356/2356 matched, players 6564/6661 matched
2026-08-24 01:04:04,624 WARNING ncaa_parse: family=lineups contest_id=517199 team=Minnesota produced NO good stints (22 bad, roster=9) -- parsed successfully but contributed nothing
2026-08-24 01:04:05,139 WARNING ncaa_parse: family=lineups contest_id=517199 team=St. John's (NY) produced NO good stints (27 bad, roster=8) -- parsed successfully but contributed nothing
2026-08-24 01:04:07,179 INFO ncaa_identity: contest_id=517209 teams 2122/2122 matched, players 5608/6005 matched
2026-08-24 01:04:08,526 INFO ncaa_identity: contest_id=517234 teams 1289/2475 matched, players 3485/6965 matched
2026-08-24 01:04:12,079 INFO ncaa_identity: contest_id=517262 teams 2392/2392 matched, players 6643/6672 matched
2026-08-24 01:04:13,948 INFO ncaa_identity: contest_id=517273 teams 2380/2380 matched, players 6181/6664 matched
2026-08-24 01:04:15,205 INFO ncaa_identity: contest_id=517285 teams 2236/2236 matched, players 6040/6265 matched
2026-08-24 01:04:16,393 INFO ncaa_identity: contest_id=517295 teams 2214/2214 matched, players 6220/6241 matched
2026-08-24 01:04:18,450 INFO ncaa_identity: contest_id=517310 teams 2528/2528 matched, players 6780/7142 matched
2026-08-24 01:04:20,119 INFO ncaa_identity: contest_id=517326 teams 2033/2033 matched, players 708/738 matched
2026-08-24 01:04:23,282 INFO ncaa_identity: contest_id=517375 teams 2381/2381 matched, players 6545/6728 matched
2026-08-24 01:04:26,022 INFO ncaa_identity: contest_id=517416 teams 2754/2754 matched, players 7679/7806 matched
2026-08-24 01:04:27,251 INFO ncaa_identity: contest_id=517444 teams 2216/2216 matched, players 6149/6202 matched
2026-08-24 01:04:28,745 INFO ncaa_identity: contest_id=517466 teams 2167/2167 matched, players 5872/6115 matched
2026-08-24 01:04:31,574 INFO ncaa_identity: contest_id=517516 teams 1013/2017 matched, players 2828/5661 matched
2026-08-24 01:04:34,528 INFO ncaa_identity: contest_id=517590 teams 1400/2692 matched, players 3557/7568 matched
2026-08-24 01:04:36,328 INFO ncaa_identity: contest_id=517636 teams 1189/2324 matched, players 3301/6555 matched
2026-08-24 01:04:38,596 INFO ncaa_identity: contest_id=517691 teams 1647/1647 matched, players 4490/4578 matched
2026-08-24 01:04:42,951 INFO ncaa_identity: contest_id=517785 teams 2129/2129 matched, players 5286/5996 matched
2026-08-24 01:04:44,489 INFO ncaa_identity: contest_id=517811 teams 1367/2695 matched, players 3826/7614 matched
2026-08-24 01:04:47,435 INFO ncaa_identity: contest_id=517863 teams 2044/2044 matched, players 812/831 matched
2026-08-24 01:04:48,823 INFO ncaa_identity: contest_id=517878 teams 2347/2347 matched, players 6477/6577 matched
2026-08-24 01:04:50,002 INFO ncaa_identity: contest_id=517923 teams 2210/2210 matched, players 5753/6211 matched
2026-08-24 01:04:51,762 INFO ncaa_identity: contest_id=517943 teams 2743/2743 matched, players 7054/7724 matched
2026-08-24 01:04:53,127 INFO ncaa_identity: contest_id=517959 teams 2076/2076 matched, players 5380/5812 matched
2026-08-24 01:04:54,611 INFO ncaa_identity: contest_id=517976 teams 2164/2164 matched, players 5160/6087 matched
2026-08-24 01:04:56,040 INFO ncaa_identity: contest_id=517993 teams 2355/2355 matched, players 6008/6651 matched
2026-08-24 01:04:57,719 INFO ncaa_identity: contest_id=518035 teams 1185/2426 matched, players 3439/6825 matched
2026-08-24 01:05:00,289 INFO ncaa_identity: contest_id=518093 teams 2181/2181 matched, players 6000/6051 matched
2026-08-24 01:05:02,137 INFO ncaa_identity: contest_id=518119 teams 2324/2324 matched, players 5466/6503 matched
2026-08-24 01:05:06,051 INFO ncaa_identity: contest_id=518178 teams 2218/2218 matched, players 5985/6232 matched
2026-08-24 01:05:07,339 INFO ncaa_identity: contest_id=518242 teams 1370/2760 matched, players 4010/7762 matched
2026-08-24 01:05:10,091 INFO ncaa_identity: contest_id=518315 teams 2477/2477 matched, players 6236/6989 matched
2026-08-24 01:05:11,438 INFO ncaa_identity: contest_id=518345 teams 1246/2447 matched, players 3405/6867 matched
2026-08-24 01:05:12,509 INFO ncaa_identity: contest_id=518421 teams 2265/2265 matched, players 5461/6378 matched
2026-08-24 01:05:13,755 INFO ncaa_identity: contest_id=518458 teams 1338/2673 matched, players 3800/7570 matched
2026-08-24 01:05:15,023 INFO ncaa_identity: contest_id=518490 teams 2191/2191 matched, players 6047/6172 matched
2026-08-24 01:05:16,609 INFO ncaa_identity: contest_id=518519 teams 2664/2664 matched, players 6413/7450 matched
2026-08-24 01:05:18,313 INFO ncaa_identity: contest_id=518552 teams 2478/2478 matched, players 6930/6951 matched
2026-08-24 01:05:19,864 INFO ncaa_identity: contest_id=518589 teams 2541/2541 matched, players 7010/7156 matched
2026-08-24 01:05:24,187 INFO ncaa_identity: contest_id=518651 teams 2578/2578 matched, players 7063/7277 matched
2026-08-24 01:05:25,723 INFO ncaa_identity: contest_id=518668 teams 2333/2333 matched, players 6086/6547 matched
2026-08-24 01:05:26,930 INFO ncaa_identity: contest_id=518693 teams 2481/2481 matched, players 6855/7013 matched
2026-08-24 01:05:28,621 INFO ncaa_identity: contest_id=518753 teams 1085/2047 matched, players 2935/5768 matched
2026-08-24 01:05:30,067 INFO ncaa_identity: contest_id=518844 teams 1390/2752 matched, players 3841/7795 matched
2026-08-24 01:05:33,137 INFO ncaa_identity: contest_id=518918 teams 2472/2472 matched, players 6645/7012 matched
2026-08-24 01:05:34,470 INFO ncaa_identity: contest_id=518931 teams 2232/2232 matched, players 5834/6277 matched
2026-08-24 01:05:36,110 INFO ncaa_identity: contest_id=518946 teams 1201/2369 matched, players 3360/6699 matched
2026-08-24 01:05:38,743 INFO ncaa_identity: contest_id=518992 teams 2073/2073 matched, players 5757/5813 matched
2026-08-24 01:05:40,498 INFO ncaa_identity: contest_id=519023 teams 2555/2555 matched, players 5938/7249 matched
2026-08-24 01:05:43,638 INFO ncaa_identity: contest_id=519063 teams 1165/2315 matched, players 3269/6507 matched
2026-08-24 01:05:46,980 INFO ncaa_identity: contest_id=519115 teams 2622/2622 matched, players 6695/7409 matched
2026-08-24 01:05:49,394 INFO ncaa_identity: contest_id=519187 teams 1957/1957 matched, players 5179/5495 matched
2026-08-24 01:05:50,594 INFO ncaa_identity: contest_id=519206 teams 2650/2650 matched, players 6387/7455 matched
2026-08-24 01:05:53,044 INFO ncaa_identity: contest_id=519313 teams 2201/2201 matched, players 6113/6215 matched
2026-08-24 01:05:56,270 INFO ncaa_identity: contest_id=519355 teams 2514/2514 matched, players 6213/7074 matched
2026-08-24 01:05:59,201 INFO ncaa_identity: contest_id=519385 teams 2535/2535 matched, players 6978/7135 matched
2026-08-24 01:06:02,015 INFO ncaa_identity: contest_id=519421 teams 2276/2276 matched, players 5915/6417 matched
2026-08-24 01:06:03,228 INFO ncaa_identity: contest_id=519478 teams 2259/2259 matched, players 831/843 matched
2026-08-24 01:06:05,790 INFO ncaa_identity: contest_id=519584 teams 2546/2546 matched, players 6840/7213 matched
2026-08-24 01:06:12,520 INFO ncaa_identity: contest_id=519673 teams 1217/2421 matched, players 3445/6820 matched
2026-08-24 01:06:13,963 INFO ncaa_identity: contest_id=519717 teams 1718/1718 matched, players 701/704 matched
2026-08-24 01:06:16,503 INFO ncaa_identity: contest_id=519756 teams 2351/2351 matched, players 6226/6618 matched
2026-08-24 01:06:17,878 INFO ncaa_identity: contest_id=519817 teams 1931/1931 matched, players 5122/5415 matched
2026-08-24 01:06:21,540 INFO ncaa_identity: contest_id=519873 teams 1063/2136 matched, players 3021/6011 matched
2026-08-24 01:06:24,169 INFO ncaa_identity: contest_id=519929 teams 2401/2401 matched, players 6547/6798 matched
2026-08-24 01:06:28,219 INFO ncaa_identity: contest_id=520028 teams 3048/3048 matched, players 8477/8567 matched
2026-08-24 01:06:29,771 INFO ncaa_identity: contest_id=520054 teams 2804/2804 matched, players 7627/7861 matched
2026-08-24 01:06:31,069 INFO ncaa_identity: contest_id=520070 teams 2389/2389 matched, players 6446/6706 matched
2026-08-24 01:06:34,024 INFO ncaa_identity: contest_id=520132 teams 1219/2497 matched, players 3514/7059 matched
2026-08-24 01:06:38,276 INFO ncaa_identity: contest_id=520192 teams 1823/1823 matched, players 4511/5146 matched
2026-08-24 01:06:42,513 INFO ncaa_identity: contest_id=520241 teams 2120/2120 matched, players 5507/6012 matched
2026-08-24 01:06:44,332 INFO ncaa_identity: contest_id=520282 teams 1345/2597 matched, players 3694/7274 matched
2026-08-24 01:06:45,621 INFO ncaa_identity: contest_id=520337 teams 2483/2483 matched, players 6625/7014 matched
2026-08-24 01:06:48,480 INFO ncaa_identity: contest_id=520395 teams 2237/2237 matched, players 5816/6313 matched
2026-08-24 01:06:50,979 INFO ncaa_identity: contest_id=520422 teams 2364/2364 matched, players 6296/6667 matched
2026-08-24 01:06:52,728 INFO ncaa_identity: contest_id=520441 teams 1342/2662 matched, players 3788/7532 matched
2026-08-24 01:06:53,767 INFO ncaa_identity: contest_id=520469 teams 2280/2280 matched, players 5998/6443 matched
2026-08-24 01:06:57,374 INFO ncaa_identity: contest_id=520501 teams 2178/2178 matched, players 6011/6025 matched
2026-08-24 01:06:58,823 INFO ncaa_identity: contest_id=520511 teams 2370/2370 matched, players 6391/6675 matched
2026-08-24 01:07:02,993 INFO ncaa_identity: contest_id=520549 teams 2175/2175 matched, players 5681/6120 matched
2026-08-24 01:07:06,014 INFO ncaa_identity: contest_id=520570 teams 2330/2330 matched, players 5409/6529 matched
2026-08-24 01:07:09,925 INFO ncaa_identity: contest_id=520600 teams 2168/2168 matched, players 6026/6047 matched
2026-08-24 01:07:12,780 INFO ncaa_identity: contest_id=520621 teams 2159/2159 matched, players 5965/6088 matched
2026-08-24 01:07:13,922 INFO ncaa_identity: contest_id=520631 teams 1218/2392 matched, players 3095/6744 matched
2026-08-24 01:07:17,816 INFO ncaa_identity: contest_id=520665 teams 1330/2660 matched, players 3715/7478 matched
2026-08-24 01:07:20,859 INFO ncaa_identity: contest_id=520688 teams 1051/2079 matched, players 2913/5882 matched
2026-08-24 01:07:22,237 INFO ncaa_identity: contest_id=520713 teams 1084/2183 matched, players 3052/6099 matched
2026-08-24 01:07:23,532 INFO ncaa_identity: contest_id=520727 teams 2557/2557 matched, players 6837/7141 matched
2026-08-24 01:07:26,240 INFO ncaa_identity: contest_id=520758 teams 1124/2219 matched, players 3140/6210 matched
2026-08-24 01:07:30,549 INFO ncaa_identity: contest_id=520843 teams 2487/2487 matched, players 6754/6967 matched
2026-08-24 01:07:34,632 INFO ncaa_identity: contest_id=520882 teams 1194/2349 matched, players 3298/6637 matched
2026-08-24 01:07:36,117 INFO ncaa_identity: contest_id=520904 teams 1139/2168 matched, players 3121/6092 matched
2026-08-24 01:07:38,407 INFO ncaa_identity: contest_id=520976 teams 2045/2045 matched, players 5656/5688 matched
2026-08-24 01:07:39,930 INFO ncaa_identity: contest_id=520987 teams 2433/2433 matched, players 6487/6847 matched
2026-08-24 01:07:42,377 INFO ncaa_identity: contest_id=521017 teams 1741/1741 matched, players 4600/4883 matched
2026-08-24 01:07:45,121 INFO ncaa_identity: contest_id=521077 teams 2319/2319 matched, players 6095/6515 matched
2026-08-24 01:07:45,258 INFO 5 starters not found for period 3; using estimate
2026-08-24 01:07:53,868 INFO ncaa_identity: contest_id=521263 teams 2063/2063 matched, players 5624/5773 matched
2026-08-24 01:07:55,362 INFO ncaa_identity: contest_id=521286 teams 2463/2463 matched, players 6467/6938 matched
2026-08-24 01:07:56,572 INFO ncaa_identity: contest_id=521314 teams 2408/2408 matched, players 6774/6788 matched
2026-08-24 01:07:57,952 INFO ncaa_identity: contest_id=521332 teams 1366/2682 matched, players 3753/7593 matched
2026-08-24 01:08:03,387 INFO ncaa_identity: contest_id=521403 teams 1192/2353 matched, players 3349/6650 matched
2026-08-24 01:08:06,459 INFO ncaa_identity: contest_id=521548 teams 2685/2685 matched, players 6149/7573 matched
2026-08-24 01:08:09,294 INFO ncaa_identity: contest_id=521621 teams 2042/2042 matched, players 5228/5729 matched
2026-08-24 01:08:10,814 INFO ncaa_identity: contest_id=521641 teams 2431/2431 matched, players 6531/6828 matched
2026-08-24 01:08:12,085 INFO ncaa_identity: contest_id=521673 teams 1983/1983 matched, players 5425/5548 matched
2026-08-24 01:08:13,972 INFO ncaa_identity: contest_id=521690 teams 2617/2617 matched, players 6959/7330 matched
2026-08-24 01:08:20,246 INFO ncaa_identity: contest_id=521809 teams 2245/2245 matched, players 6214/6340 matched
2026-08-24 01:08:23,038 INFO ncaa_identity: contest_id=521866 teams 1164/2282 matched, players 3266/6481 matched
2026-08-24 01:08:24,609 INFO ncaa_identity: contest_id=521900 teams 2307/2307 matched, players 5899/6505 matched
2026-08-24 01:08:25,670 INFO ncaa_identity: contest_id=521928 teams 1984/1984 matched, players 5030/5595 matched
2026-08-24 01:08:26,665 INFO ncaa_identity: contest_id=521962 teams 1881/1881 matched, players 4918/5289 matched
2026-08-24 01:08:30,575 INFO ncaa_identity: contest_id=522094 teams 2029/2029 matched, players 5240/5720 matched
2026-08-24 01:08:32,149 INFO ncaa_identity: contest_id=522109 teams 2181/2181 matched, players 6000/6128 matched
2026-08-24 01:08:37,588 INFO ncaa_identity: contest_id=522223 teams 915/1874 matched, players 2571/5194 matched
2026-08-24 01:08:38,932 INFO ncaa_identity: contest_id=522311 teams 2077/2077 matched, players 5448/5843 matched
2026-08-24 01:08:41,688 INFO ncaa_identity: contest_id=522361 teams 2081/2081 matched, players 5644/5829 matched
2026-08-24 01:08:43,131 INFO ncaa_identity: contest_id=522381 teams 1963/1963 matched, players 5238/5485 matched
2026-08-24 01:08:45,051 INFO ncaa_identity: contest_id=522403 teams 2464/2464 matched, players 6289/6905 matched
2026-08-24 01:08:57,654 INFO ncaa_identity: contest_id=522568 teams 2155/2155 matched, players 5106/6105 matched
2026-08-24 01:09:02,189 INFO ncaa_identity: contest_id=522789 teams 2726/2726 matched, players 7497/7695 matched
2026-08-24 01:09:06,406 INFO ncaa_identity: contest_id=522880 teams 2402/2402 matched, players 6376/6771 matched
2026-08-24 01:09:11,170 INFO ncaa_identity: contest_id=522996 teams 2507/2507 matched, players 6698/7036 matched
2026-08-24 01:09:13,915 INFO ncaa_identity: contest_id=523041 teams 2773/2773 matched, players 7464/7852 matched
2026-08-24 01:09:19,777 INFO ncaa_identity: contest_id=523158 teams 1075/2141 matched, players 3066/6047 matched
2026-08-24 01:09:22,442 INFO ncaa_identity: contest_id=523218 teams 2504/2504 matched, players 6778/7073 matched
2026-08-24 01:09:23,898 INFO ncaa_identity: contest_id=523237 teams 2723/2723 matched, players 7057/7717 matched
2026-08-24 01:09:30,083 INFO ncaa_identity: contest_id=523417 teams 2237/2237 matched, players 6068/6317 matched
2026-08-24 01:09:31,465 INFO ncaa_identity: contest_id=523438 teams 2223/2223 matched, players 5898/6233 matched
2026-08-24 01:09:36,022 INFO ncaa_identity: contest_id=523515 teams 2748/2748 matched, players 7060/7808 matched
2026-08-24 01:09:39,867 INFO ncaa_identity: contest_id=523578 teams 2102/2102 matched, players 4504/5923 matched
2026-08-24 01:09:41,571 INFO ncaa_identity: contest_id=523610 teams 2355/2355 matched, players 6537/6625 matched
2026-08-24 01:09:42,994 INFO ncaa_identity: contest_id=523629 teams 2389/2389 matched, players 6612/6642 matched
2026-08-24 01:09:44,445 INFO ncaa_identity: contest_id=523643 teams 2050/2050 matched, players 5724/5756 matched
2026-08-24 01:09:52,704 INFO ncaa_identity: contest_id=523919 teams 2446/2446 matched, players 6358/6910 matched
2026-08-24 01:09:55,229 INFO ncaa_identity: contest_id=523948 teams 2598/2598 matched, players 6122/7309 matched
2026-08-24 01:10:01,221 INFO ncaa_identity: contest_id=524138 teams 2205/2205 matched, players 5963/6175 matched
2026-08-24 01:10:02,576 INFO ncaa_identity: contest_id=524160 teams 2220/2220 matched, players 5759/6237 matched
2026-08-24 01:10:05,802 INFO ncaa_identity: contest_id=524268 teams 2550/2550 matched, players 7122/7203 matched
2026-08-24 01:10:10,214 INFO ncaa_identity: contest_id=524310 teams 1972/1972 matched, players 5176/5553 matched
2026-08-24 01:10:12,032 INFO ncaa_identity: contest_id=524324 teams 2138/2138 matched, players 5944/6054 matched
2026-08-24 01:10:14,793 INFO ncaa_identity: contest_id=524345 teams 1948/1948 matched, players 4870/5488 matched
2026-08-24 01:10:20,223 INFO ncaa_identity: contest_id=524529 teams 2179/2179 matched, players 5274/6125 matched
2026-08-24 01:10:27,486 INFO ncaa_identity: contest_id=524647 teams 2056/2056 matched, players 5377/5783 matched
2026-08-24 01:10:30,213 INFO ncaa_identity: contest_id=524688 teams 1983/1983 matched, players 5403/5606 matched
2026-08-24 01:10:31,861 INFO ncaa_identity: contest_id=524714 teams 2616/2616 matched, players 7334/7389 matched
2026-08-24 01:10:33,513 INFO ncaa_identity: contest_id=524739 teams 2379/2379 matched, players 6615/6691 matched
2026-08-24 01:10:34,985 INFO ncaa_identity: contest_id=524756 teams 2331/2331 matched, players 6029/6582 matched
2026-08-24 01:10:36,501 INFO ncaa_identity: contest_id=524797 teams 1709/1709 matched, players 4727/4792 matched
2026-08-24 01:10:38,246 INFO ncaa_identity: contest_id=524908 teams 1326/2618 matched, players 3715/7366 matched
2026-08-24 01:10:50,237 INFO ncaa_identity: contest_id=525090 teams 2582/2582 matched, players 6728/7305 matched
2026-08-24 01:10:53,559 INFO ncaa_identity: contest_id=525163 teams 2298/2298 matched, players 6227/6435 matched
2026-08-24 01:10:54,831 INFO ncaa_identity: contest_id=525188 teams 2249/2249 matched, players 5734/6320 matched
2026-08-24 01:10:59,433 INFO ncaa_identity: contest_id=525316 teams 2109/2109 matched, players 5807/5966 matched
2026-08-24 01:11:00,996 INFO ncaa_identity: contest_id=525334 teams 2230/2230 matched, players 6257/6290 matched
2026-08-24 01:11:02,424 INFO ncaa_identity: contest_id=525351 teams 2667/2667 matched, players 7261/7547 matched
2026-08-24 01:11:06,779 INFO ncaa_identity: contest_id=525468 teams 2209/2209 matched, players 6175/6201 matched
2026-08-24 01:11:15,043 INFO ncaa_identity: contest_id=525650 teams 2539/2539 matched, players 6776/7149 matched
2026-08-24 01:11:17,706 INFO ncaa_identity: contest_id=525698 teams 2281/2281 matched, players 6277/6434 matched
2026-08-24 01:11:23,700 INFO ncaa_identity: contest_id=525786 teams 2227/2227 matched, players 5589/6263 matched
2026-08-24 01:11:27,825 INFO ncaa_identity: contest_id=525851 teams 2187/2187 matched, players 6092/6156 matched
2026-08-24 01:11:29,440 INFO ncaa_identity: contest_id=526001 teams 2603/2603 matched, players 7109/7376 matched
2026-08-24 01:11:31,263 INFO ncaa_identity: contest_id=526039 teams 2336/2336 matched, players 6177/6608 matched
2026-08-24 01:11:44,932 INFO ncaa_identity: contest_id=526327 teams 2387/2387 matched, players 6376/6699 matched
2026-08-24 01:11:47,776 INFO ncaa_identity: contest_id=526430 teams 1706/1706 matched, players 4390/4807 matched
2026-08-24 01:11:48,989 INFO ncaa_identity: contest_id=526447 teams 1190/2356 matched, players 3321/6639 matched
2026-08-24 01:11:50,607 INFO ncaa_identity: contest_id=526460 teams 2266/2266 matched, players 5932/6417 matched
2026-08-24 01:11:51,927 INFO ncaa_identity: contest_id=526470 teams 2015/2015 matched, players 5324/5659 matched
2026-08-24 01:11:54,785 INFO ncaa_identity: contest_id=526575 teams 2083/2083 matched, players 5528/5880 matched
2026-08-24 01:12:08,805 INFO ncaa_identity: contest_id=526830 teams 2126/2126 matched, players 5456/6012 matched
2026-08-24 01:12:10,297 INFO ncaa_identity: contest_id=526852 teams 1079/2189 matched, players 3062/6142 matched
2026-08-24 01:12:15,759 INFO ncaa_identity: contest_id=527007 teams 2012/2012 matched, players 5569/5638 matched
2026-08-24 01:12:21,488 INFO ncaa_identity: contest_id=527158 teams 2298/2298 matched, players 6129/6491 matched
2026-08-24 01:12:22,884 INFO ncaa_identity: contest_id=527179 teams 1811/1811 matched, players 4926/5062 matched
2026-08-24 01:12:24,192 INFO ncaa_identity: contest_id=527203 teams 2116/2116 matched, players 5774/5893 matched
2026-08-24 01:12:28,099 INFO ncaa_identity: contest_id=527302 teams 2857/2857 matched, players 7960/8127 matched
2026-08-24 01:12:29,608 INFO ncaa_identity: contest_id=527327 teams 2131/2131 matched, players 5684/5992 matched
2026-08-24 01:12:31,046 INFO ncaa_identity: contest_id=527366 teams 2157/2157 matched, players 5609/6102 matched
2026-08-24 01:12:35,242 INFO ncaa_identity: contest_id=527508 teams 2238/2238 matched, players 6290/6305 matched
2026-08-24 01:12:44,569 INFO ncaa_identity: contest_id=527708 teams 2705/2705 matched, players 7255/7645 matched
2026-08-24 01:12:46,038 INFO ncaa_identity: contest_id=527734 teams 1845/1845 matched, players 4830/5192 matched
2026-08-24 01:12:51,823 INFO 5 starters not found for period 5; using estimate
2026-08-24 01:12:57,469 INFO ncaa_identity: contest_id=527922 teams 2202/2202 matched, players 6102/6193 matched
2026-08-24 01:12:58,561 INFO ncaa_identity: contest_id=527946 teams 2374/2374 matched, players 6486/6680 matched
2026-08-24 01:13:01,116 INFO ncaa_identity: contest_id=527990 teams 2566/2566 matched, players 6431/7227 matched
2026-08-24 01:13:02,142 INFO ncaa_identity: contest_id=528127 teams 1665/1665 matched, players 505/538 matched
2026-08-24 01:13:07,672 INFO ncaa_identity: contest_id=528238 teams 2363/2363 matched, players 6602/6638 matched
2026-08-24 01:13:10,290 INFO ncaa_identity: contest_id=528293 teams 2183/2183 matched, players 5992/6150 matched
2026-08-24 01:13:11,683 INFO ncaa_identity: contest_id=528322 teams 2209/2209 matched, players 5844/6236 matched
2026-08-24 01:13:16,579 INFO ncaa_identity: contest_id=528437 teams 2521/2521 matched, players 6972/7124 matched
2026-08-24 01:13:24,895 INFO ncaa_identity: contest_id=528616 teams 2009/2009 matched, players 5618/5652 matched
2026-08-24 01:13:27,885 INFO ncaa_identity: contest_id=528640 teams 2461/2461 matched, players 6599/6928 matched
2026-08-24 01:13:30,468 INFO ncaa_identity: contest_id=528782 teams 2125/2125 matched, players 5851/5984 matched
2026-08-24 01:13:33,379 INFO ncaa_identity: contest_id=528833 teams 1954/1954 matched, players 5181/5500 matched
2026-08-24 01:13:43,476 INFO ncaa_identity: contest_id=528973 teams 2244/2244 matched, players 6331/6347 matched
2026-08-24 01:13:44,968 INFO ncaa_identity: contest_id=528993 teams 2331/2331 matched, players 6121/6543 matched
2026-08-24 01:13:46,958 INFO ncaa_identity: contest_id=529007 teams 2096/2096 matched, players 5540/5908 matched
2026-08-24 01:13:49,543 INFO ncaa_identity: contest_id=529167 teams 1889/1889 matched, players 4888/5346 matched
2026-08-24 01:13:59,011 INFO ncaa_identity: contest_id=529339 teams 1871/1871 matched, players 5256/5266 matched
2026-08-24 01:14:00,284 INFO ncaa_identity: contest_id=529435 teams 2418/2418 matched, players 6336/6857 matched
2026-08-24 01:14:05,896 INFO ncaa_identity: contest_id=529483 teams 2372/2372 matched, players 6568/6707 matched
2026-08-24 01:14:17,670 INFO ncaa_identity: contest_id=529760 teams 2542/2542 matched, players 6590/7126 matched
2026-08-24 01:14:22,329 INFO ncaa_identity: contest_id=529798 teams 2045/2045 matched, players 5495/5751 matched
2026-08-24 01:14:25,124 INFO ncaa_identity: contest_id=529820 teams 2174/2174 matched, players 5261/6158 matched
2026-08-24 01:14:26,810 INFO ncaa_identity: contest_id=529831 teams 3125/3125 matched, players 8233/8874 matched
2026-08-24 01:14:47,734 INFO ncaa_identity: contest_id=530158 teams 2354/2354 matched, players 6359/6628 matched
2026-08-24 01:14:51,888 INFO ncaa_identity: contest_id=530198 teams 1225/2450 matched, players 3578/6919 matched
2026-08-24 01:14:52,956 INFO ncaa_identity: contest_id=530229 teams 2143/2143 matched, players 6038/6045 matched
2026-08-24 01:14:54,535 INFO ncaa_identity: contest_id=530239 teams 2061/2061 matched, players 5712/5814 matched
2026-08-24 01:14:55,776 INFO ncaa_identity: contest_id=530249 teams 2307/2307 matched, players 6392/6498 matched
2026-08-24 01:14:59,966 INFO ncaa_identity: contest_id=530281 teams 2533/2533 matched, players 6449/7152 matched
2026-08-24 01:15:02,764 INFO ncaa_identity: contest_id=530345 teams 1914/1914 matched, players 5251/5349 matched
2026-08-24 01:15:06,615 INFO ncaa_identity: contest_id=530408 teams 2183/2183 matched, players 6108/6130 matched
2026-08-24 01:15:08,293 INFO ncaa_identity: contest_id=530418 teams 2497/2497 matched, players 6897/7075 matched
2026-08-24 01:15:14,798 INFO ncaa_identity: contest_id=530468 teams 2176/2176 matched, players 5563/6090 matched
2026-08-24 01:15:23,520 INFO ncaa_identity: contest_id=530602 teams 2292/2292 matched, players 6010/6424 matched
2026-08-24 01:15:25,874 INFO ncaa_identity: contest_id=530622 teams 1623/1623 matched, players 4524/4578 matched
2026-08-24 01:15:28,817 INFO ncaa_identity: contest_id=530643 teams 2240/2240 matched, players 5720/6268 matched
2026-08-24 01:15:30,229 INFO ncaa_identity: contest_id=530653 teams 2068/2068 matched, players 5452/5790 matched
2026-08-24 01:15:31,745 INFO ncaa_identity: contest_id=530664 teams 2079/2079 matched, players 5514/5878 matched
2026-08-24 01:15:35,772 INFO ncaa_identity: contest_id=530698 teams 2261/2261 matched, players 6279/6379 matched
2026-08-24 01:15:37,250 INFO ncaa_identity: contest_id=530708 teams 2431/2431 matched, players 5936/6861 matched
2026-08-24 01:15:43,884 INFO ncaa_identity: contest_id=530776 teams 1550/1550 matched, players 4010/4369 matched
2026-08-24 01:15:46,641 INFO ncaa_identity: contest_id=530818 teams 2068/2068 matched, players 5475/5789 matched
2026-08-24 01:15:56,576 INFO ncaa_identity: contest_id=530928 teams 2239/2239 matched, players 6103/6296 matched
2026-08-24 01:16:02,004 INFO ncaa_identity: contest_id=530974 teams 2412/2412 matched, players 6593/6823 matched
2026-08-24 01:16:10,122 INFO ncaa_identity: contest_id=239465 teams 2088/2088 matched, players 5677/5893 matched
2026-08-24 01:16:19,941 INFO ncaa_identity: contest_id=239559 teams 1582/3020 matched, players 4111/8491 matched
2026-08-24 01:16:21,426 INFO ncaa_identity: contest_id=239572 teams 2349/2349 matched, players 6064/6625 matched
2026-08-24 01:16:23,043 INFO ncaa_identity: contest_id=239596 teams 1935/1935 matched, players 752/754 matched
2026-08-24 01:16:25,746 INFO ncaa_identity: contest_id=239627 teams 1950/1950 matched, players 5395/5404 matched
2026-08-24 01:16:27,320 INFO ncaa_identity: contest_id=239654 teams 2481/2481 matched, players 6611/7023 matched
2026-08-24 01:16:28,691 INFO ncaa_identity: contest_id=239668 teams 1253/2438 matched, players 3430/6835 matched
2026-08-24 01:16:31,686 INFO ncaa_identity: contest_id=239750 teams 2373/2373 matched, players 6083/6732 matched
2026-08-24 01:16:33,698 INFO ncaa_identity: contest_id=239802 teams 1305/2543 matched, players 3600/7170 matched
2026-08-24 01:16:35,315 INFO ncaa_identity: contest_id=239850 teams 2869/2869 matched, players 7490/8105 matched
2026-08-24 01:16:36,787 INFO ncaa_identity: contest_id=239880 teams 1478/2797 matched, players 3971/7897 matched
2026-08-24 01:16:39,800 INFO ncaa_identity: contest_id=240024 teams 2606/2606 matched, players 7303/7445 matched
2026-08-24 01:16:43,101 INFO ncaa_identity: contest_id=240108 teams 1325/2670 matched, players 3773/7500 matched
2026-08-24 01:16:44,944 INFO ncaa_identity: contest_id=240132 teams 1297/2572 matched, players 3634/7230 matched
2026-08-24 01:16:47,831 INFO ncaa_identity: contest_id=240185 teams 1252/2489 matched, players 3475/7000 matched
2026-08-24 01:16:52,486 INFO ncaa_identity: contest_id=240219 teams 1299/2477 matched, players 3651/7034 matched
2026-08-24 01:16:55,631 INFO ncaa_identity: contest_id=240244 teams 2721/2721 matched, players 7010/7689 matched
2026-08-24 01:16:57,154 INFO ncaa_identity: contest_id=240258 teams 2416/2416 matched, players 6754/6800 matched
2026-08-24 01:16:58,949 INFO ncaa_identity: contest_id=240269 teams 0/2735 matched, players 0/7714 matched
2026-08-24 01:17:00,375 INFO ncaa_identity: contest_id=240291 teams 1457/2829 matched, players 3967/7952 matched
2026-08-24 01:17:01,970 INFO ncaa_identity: contest_id=240316 teams 2502/2502 matched, players 6595/7074 matched
2026-08-24 01:17:04,821 INFO ncaa_identity: contest_id=240386 teams 1414/2770 matched, players 3628/7753 matched
2026-08-24 01:17:06,047 INFO ncaa_identity: contest_id=240420 teams 2348/2348 matched, players 5883/6621 matched
2026-08-24 01:17:07,628 INFO ncaa_identity: contest_id=240442 teams 2913/2913 matched, players 7925/8254 matched
2026-08-24 01:17:09,225 INFO ncaa_identity: contest_id=240463 teams 1674/3355 matched, players 4361/9510 matched
2026-08-24 01:17:10,665 INFO ncaa_identity: contest_id=240490 teams 1102/2198 matched, players 3115/6184 matched
2026-08-24 01:17:13,982 INFO ncaa_identity: contest_id=240567 teams 2437/2437 matched, players 6850/6876 matched
2026-08-24 01:17:17,004 INFO ncaa_identity: contest_id=240617 teams 1451/2874 matched, players 4073/8102 matched
2026-08-24 01:17:18,925 INFO ncaa_identity: contest_id=240639 teams 2334/2334 matched, players 6266/6579 matched
2026-08-24 01:17:20,233 INFO ncaa_identity: contest_id=240656 teams 2445/2445 matched, players 6419/6908 matched
2026-08-24 01:17:21,586 INFO ncaa_identity: contest_id=240672 teams 2215/2215 matched, players 5445/6180 matched
2026-08-24 01:17:24,769 INFO ncaa_identity: contest_id=240715 teams 1281/2513 matched, players 3562/7102 matched
2026-08-24 01:17:26,519 INFO ncaa_identity: contest_id=240728 teams 1436/2840 matched, players 4074/8111 matched
2026-08-24 01:17:29,091 INFO ncaa_identity: contest_id=240787 teams 1251/2557 matched, players 3585/7209 matched
2026-08-24 01:17:30,403 INFO ncaa_identity: contest_id=240819 teams 1137/2293 matched, players 3251/6478 matched
2026-08-24 01:17:34,587 INFO ncaa_identity: contest_id=240958 teams 2178/2178 matched, players 5254/6161 matched
2026-08-24 01:17:37,927 INFO ncaa_identity: contest_id=241026 teams 2399/2399 matched, players 6306/6752 matched
2026-08-24 01:17:41,016 INFO ncaa_identity: contest_id=241100 teams 2351/2351 matched, players 6544/6625 matched
2026-08-24 01:17:42,534 INFO ncaa_identity: contest_id=241126 teams 1247/2511 matched, players 3433/7037 matched
2026-08-24 01:17:45,789 INFO ncaa_identity: contest_id=241206 teams 0/2715 matched, players 0/7681 matched
2026-08-24 01:17:47,477 INFO ncaa_identity: contest_id=241291 teams 2268/2268 matched, players 5989/6413 matched
2026-08-24 01:17:50,308 INFO ncaa_identity: contest_id=241358 teams 2292/2292 matched, players 6150/6453 matched
2026-08-24 01:17:51,592 INFO ncaa_identity: contest_id=241373 teams 1610/1610 matched, players 4332/4461 matched
2026-08-24 01:17:56,033 INFO ncaa_identity: contest_id=241428 teams 2443/2443 matched, players 5506/6857 matched
2026-08-24 01:17:57,805 INFO ncaa_identity: contest_id=241446 teams 1215/2392 matched, players 2768/6702 matched
2026-08-24 01:17:59,714 INFO ncaa_identity: contest_id=241474 teams 1160/2263 matched, players 2642/6303 matched
2026-08-24 01:18:05,389 INFO ncaa_identity: contest_id=241559 teams 2110/2110 matched, players 5736/5984 matched
2026-08-24 01:18:07,258 INFO ncaa_identity: contest_id=241599 teams 1175/2327 matched, players 3319/6552 matched
2026-08-24 01:18:11,542 INFO ncaa_identity: contest_id=241740 teams 1472/2881 matched, players 4052/8122 matched
2026-08-24 01:18:12,783 INFO ncaa_identity: contest_id=241782 teams 2289/2289 matched, players 6386/6433 matched
2026-08-24 01:18:14,285 INFO ncaa_identity: contest_id=241803 teams 2292/2292 matched, players 6271/6416 matched
2026-08-24 01:18:15,792 INFO ncaa_identity: contest_id=241819 teams 1331/2651 matched, players 3370/7243 matched
2026-08-24 01:18:18,062 INFO ncaa_identity: contest_id=241838 teams 1227/2447 matched, players 2873/6908 matched
2026-08-24 01:18:19,559 INFO ncaa_identity: contest_id=241856 teams 2373/2373 matched, players 6466/6655 matched
2026-08-24 01:18:20,756 INFO ncaa_identity: contest_id=241869 teams 2312/2312 matched, players 5893/6505 matched
2026-08-24 01:18:22,396 INFO ncaa_identity: contest_id=241885 teams 1073/2071 matched, players 2917/5740 matched
2026-08-24 01:18:23,846 INFO ncaa_identity: contest_id=241896 teams 1171/2337 matched, players 3265/6540 matched
2026-08-24 01:18:25,091 INFO ncaa_identity: contest_id=241908 teams 2012/2012 matched, players 5304/5685 matched
2026-08-24 01:18:34,334 INFO ncaa_identity: contest_id=241998 teams 1469/2924 matched, players 4181/8318 matched
2026-08-24 01:18:39,039 INFO ncaa_identity: contest_id=242062 teams 2129/2129 matched, players 5441/5931 matched
2026-08-24 01:18:42,462 INFO ncaa_identity: contest_id=242112 teams 2455/2455 matched, players 6367/6895 matched
2026-08-24 01:18:44,657 INFO ncaa_identity: contest_id=242145 teams 3242/3242 matched, players 8368/9184 matched
2026-08-24 01:18:49,221 INFO ncaa_identity: contest_id=242243 teams 2033/2033 matched, players 5000/5673 matched
2026-08-24 01:18:52,435 INFO ncaa_identity: contest_id=242293 teams 2592/2592 matched, players 7101/7357 matched
2026-08-24 01:18:54,770 INFO ncaa_identity: contest_id=242339 teams 1902/1902 matched, players 5056/5327 matched
2026-08-24 01:18:56,255 INFO ncaa_identity: contest_id=242396 teams 2306/2306 matched, players 5720/6523 matched
2026-08-24 01:19:00,308 INFO ncaa_identity: contest_id=242488 teams 2167/2167 matched, players 5918/6116 matched
2026-08-24 01:19:01,751 INFO ncaa_identity: contest_id=242504 teams 2065/2065 matched, players 5354/5769 matched
2026-08-24 01:19:05,092 INFO ncaa_identity: contest_id=242549 teams 1538/3002 matched, players 4326/8524 matched
2026-08-24 01:19:08,155 INFO ncaa_identity: contest_id=242599 teams 1160/2255 matched, players 3296/6364 matched
2026-08-24 01:19:11,745 INFO ncaa_identity: contest_id=242652 teams 2507/2507 matched, players 3668/7056 matched
2026-08-24 01:19:14,531 INFO ncaa_identity: contest_id=242699 teams 2262/2262 matched, players 5252/6401 matched
2026-08-24 01:19:16,058 INFO ncaa_identity: contest_id=242734 teams 2559/2559 matched, players 7040/7209 matched
2026-08-24 01:19:29,215 INFO ncaa_identity: contest_id=242969 teams 1412/2800 matched, players 3940/7919 matched
2026-08-24 01:19:30,479 INFO ncaa_identity: contest_id=243005 teams 1061/2106 matched, players 2873/5923 matched
2026-08-24 01:19:31,742 INFO ncaa_identity: contest_id=243051 teams 1153/2270 matched, players 2819/6432 matched
2026-08-24 01:19:42,356 INFO ncaa_identity: contest_id=243310 teams 1264/2483 matched, players 3104/7011 matched
2026-08-24 01:19:47,531 INFO ncaa_identity: contest_id=243432 teams 2212/2212 matched, players 6095/6235 matched
2026-08-24 01:19:49,386 INFO ncaa_identity: contest_id=243450 teams 2355/2355 matched, players 6542/6589 matched
2026-08-24 01:19:50,692 INFO ncaa_identity: contest_id=243507 teams 1917/1917 matched, players 4701/5396 matched
2026-08-24 01:19:52,185 INFO ncaa_identity: contest_id=243547 teams 2583/2583 matched, players 7172/7294 matched
2026-08-24 01:19:55,161 INFO ncaa_identity: contest_id=243593 teams 2583/2583 matched, players 6974/7303 matched
2026-08-24 01:19:57,731 INFO ncaa_identity: contest_id=243632 teams 2278/2278 matched, players 6312/6355 matched
2026-08-24 01:19:59,489 INFO ncaa_identity: contest_id=243655 teams 1281/2563 matched, players 3606/7228 matched
2026-08-24 01:20:00,783 INFO ncaa_identity: contest_id=243680 teams 2251/2251 matched, players 6217/6354 matched
2026-08-24 01:20:07,645 INFO ncaa_identity: contest_id=243807 teams 963/1887 matched, players 319/773 matched
2026-08-24 01:20:11,223 INFO ncaa_identity: contest_id=243858 teams 2178/2178 matched, players 5751/6124 matched
2026-08-24 01:20:12,941 INFO ncaa_identity: contest_id=243884 teams 2510/2510 matched, players 6313/7067 matched
2026-08-24 01:20:14,675 INFO ncaa_identity: contest_id=243916 teams 2631/2631 matched, players 7333/7430 matched
2026-08-24 01:20:20,139 INFO ncaa_identity: contest_id=244096 teams 1159/2331 matched, players 3290/6558 matched
2026-08-24 01:20:21,388 INFO ncaa_identity: contest_id=244111 teams 2277/2277 matched, players 6331/6425 matched
2026-08-24 01:20:22,936 INFO ncaa_identity: contest_id=244154 teams 1283/2537 matched, players 3612/7158 matched
2026-08-24 01:20:24,311 INFO ncaa_identity: contest_id=244185 teams 2701/2701 matched, players 6965/7623 matched
2026-08-24 01:20:27,146 INFO ncaa_identity: contest_id=244265 teams 2190/2190 matched, players 6038/6148 matched
2026-08-24 01:20:28,349 INFO ncaa_identity: contest_id=244291 teams 2779/2779 matched, players 7364/7866 matched
2026-08-24 01:20:31,414 INFO ncaa_identity: contest_id=244349 teams 2476/2476 matched, players 6446/7016 matched
2026-08-24 01:20:35,954 INFO ncaa_identity: contest_id=244403 teams 2438/2438 matched, players 6532/6834 matched
2026-08-24 01:20:42,155 INFO ncaa_identity: contest_id=244506 teams 2687/2687 matched, players 7090/7628 matched
2026-08-24 01:20:45,008 INFO ncaa_identity: contest_id=244544 teams 2387/2387 matched, players 6482/6740 matched
2026-08-24 01:20:46,866 INFO ncaa_identity: contest_id=244568 teams 1112/2262 matched, players 3093/6364 matched
2026-08-24 01:20:48,344 INFO ncaa_identity: contest_id=244592 teams 1162/2223 matched, players 3160/6231 matched
2026-08-24 01:20:53,209 INFO ncaa_identity: contest_id=244659 teams 1370/2671 matched, players 3803/7536 matched
2026-08-24 01:20:55,015 INFO ncaa_identity: contest_id=244686 teams 2297/2297 matched, players 4895/6417 matched
2026-08-24 01:20:56,617 INFO ncaa_identity: contest_id=244727 teams 1233/2364 matched, players 2584/6715 matched
2026-08-24 01:20:58,181 INFO ncaa_identity: contest_id=244753 teams 2354/2354 matched, players 5834/6618 matched
2026-08-24 01:20:59,916 INFO ncaa_identity: contest_id=244771 teams 2798/2798 matched, players 7494/7888 matched
2026-08-24 01:21:01,206 INFO ncaa_identity: contest_id=244789 teams 1237/2421 matched, players 3433/6804 matched
2026-08-24 01:21:03,134 INFO ncaa_identity: contest_id=244820 teams 1475/2927 matched, players 4149/8296 matched
2026-08-24 01:21:04,663 INFO ncaa_identity: contest_id=244863 teams 2332/2332 matched, players 5418/6541 matched
2026-08-24 01:21:09,348 INFO ncaa_identity: contest_id=244943 teams 2128/2128 matched, players 5834/6003 matched
2026-08-24 01:21:11,166 INFO ncaa_identity: contest_id=244960 teams 2580/2580 matched, players 6638/7276 matched
2026-08-24 01:21:15,341 INFO ncaa_identity: contest_id=245040 teams 975/1988 matched, players 2683/5616 matched
2026-08-24 01:21:19,787 INFO ncaa_identity: contest_id=245133 teams 1359/2593 matched, players 3300/7322 matched
2026-08-24 01:21:22,654 INFO ncaa_identity: contest_id=245198 teams 2699/2699 matched, players 7576/7611 matched
2026-08-24 01:21:28,975 INFO ncaa_identity: contest_id=245253 teams 2292/2292 matched, players 6201/6505 matched
2026-08-24 01:21:32,147 INFO ncaa_identity: contest_id=245273 teams 1210/2457 matched, players 3392/6860 matched
2026-08-24 01:21:37,316 INFO ncaa_identity: contest_id=245309 teams 2154/2154 matched, players 5971/6073 matched
2026-08-24 01:21:38,907 INFO ncaa_identity: contest_id=245319 teams 2303/2303 matched, players 5993/6452 matched
2026-08-24 01:21:40,707 INFO ncaa_identity: contest_id=245329 teams 2637/2637 matched, players 7076/7471 matched
2026-08-24 01:21:42,116 INFO ncaa_identity: contest_id=245340 teams 1061/2188 matched, players 3095/6149 matched
2026-08-24 01:21:44,141 INFO ncaa_identity: contest_id=245351 teams 2381/2381 matched, players 6612/6683 matched
2026-08-24 01:21:45,794 INFO ncaa_identity: contest_id=245361 teams 3207/3207 matched, players 9040/9089 matched
2026-08-24 01:21:47,713 INFO ncaa_identity: contest_id=245373 teams 2411/2411 matched, players 6762/6840 matched
2026-08-24 01:21:59,777 INFO ncaa_identity: contest_id=245458 teams 1413/2669 matched, players 3792/7524 matched
2026-08-24 01:22:01,132 INFO ncaa_identity: contest_id=245480 teams 1144/2265 matched, players 3210/6354 matched
2026-08-24 01:22:02,740 INFO ncaa_identity: contest_id=245502 teams 1195/2410 matched, players 3290/6749 matched
2026-08-24 01:22:05,322 INFO ncaa_identity: contest_id=245528 teams 2394/2394 matched, players 6382/6761 matched
2026-08-24 01:22:06,855 INFO ncaa_identity: contest_id=245543 teams 2132/2132 matched, players 5697/5987 matched
2026-08-24 01:22:07,956 INFO ncaa_identity: contest_id=245559 teams 1973/1973 matched, players 5034/5549 matched
2026-08-24 01:22:12,347 INFO ncaa_identity: contest_id=245658 teams 2098/2098 matched, players 5584/5915 matched
2026-08-24 01:22:17,864 INFO ncaa_identity: contest_id=245735 teams 2579/2579 matched, players 6826/7250 matched
2026-08-24 01:22:21,310 INFO ncaa_identity: contest_id=245837 teams 2474/2474 matched, players 6735/6996 matched
2026-08-24 01:22:22,642 INFO ncaa_identity: contest_id=245858 teams 2287/2287 matched, players 6034/6403 matched
2026-08-24 01:22:26,143 INFO ncaa_identity: contest_id=245905 teams 2282/2282 matched, players 6087/6429 matched
2026-08-24 01:22:27,823 INFO ncaa_identity: contest_id=245938 teams 2487/2487 matched, players 6847/6987 matched
2026-08-24 01:22:29,271 INFO ncaa_identity: contest_id=245958 teams 2764/2764 matched, players 7299/7840 matched
2026-08-24 01:22:31,030 INFO ncaa_identity: contest_id=245973 teams 2683/2683 matched, players 7066/7586 matched
2026-08-24 01:22:32,462 INFO ncaa_identity: contest_id=246002 teams 2683/2683 matched, players 7510/7646 matched
2026-08-24 01:22:33,872 INFO ncaa_identity: contest_id=246031 teams 2444/2444 matched, players 6498/6919 matched
2026-08-24 01:22:36,519 INFO ncaa_identity: contest_id=246066 teams 2218/2218 matched, players 6136/6262 matched
2026-08-24 01:22:37,536 INFO ncaa_identity: contest_id=246100 teams 1041/1981 matched, players 407/748 matched
2026-08-24 01:22:40,453 INFO ncaa_identity: contest_id=246135 teams 1340/2716 matched, players 3759/7638 matched
2026-08-24 01:22:46,421 INFO ncaa_identity: contest_id=246253 teams 2291/2291 matched, players 6046/6478 matched
2026-08-24 01:22:48,047 INFO ncaa_identity: contest_id=246276 teams 2182/2182 matched, players 5690/6135 matched
2026-08-24 01:22:49,406 INFO ncaa_identity: contest_id=246322 teams 2425/2425 matched, players 6120/6805 matched
2026-08-24 01:22:52,621 INFO ncaa_identity: contest_id=246402 teams 2415/2415 matched, players 6392/6814 matched
2026-08-24 01:22:53,811 INFO ncaa_identity: contest_id=246431 teams 1217/2461 matched, players 3509/6967 matched
2026-08-24 01:22:58,080 INFO ncaa_identity: contest_id=246512 teams 1084/2171 matched, players 3068/6102 matched
2026-08-24 01:23:04,421 INFO ncaa_identity: contest_id=246656 teams 2476/2476 matched, players 6645/7044 matched
2026-08-24 01:23:07,629 INFO ncaa_identity: contest_id=246722 teams 2221/2221 matched, players 6152/6187 matched
2026-08-24 01:23:11,066 INFO ncaa_identity: contest_id=246803 teams 2259/2259 matched, players 5970/6368 matched
2026-08-24 01:23:12,391 INFO ncaa_identity: contest_id=246839 teams 2267/2267 matched, players 6341/6405 matched
2026-08-24 01:23:17,037 INFO ncaa_identity: contest_id=246932 teams 2549/2549 matched, players 6164/7207 matched
2026-08-24 01:23:21,114 INFO ncaa_identity: contest_id=247049 teams 3358/3358 matched, players 8771/9568 matched
2026-08-24 01:23:24,397 INFO ncaa_identity: contest_id=247101 teams 2539/2539 matched, players 6792/7131 matched
2026-08-24 01:23:25,742 INFO ncaa_identity: contest_id=247142 teams 2319/2319 matched, players 6099/6543 matched
2026-08-24 01:23:27,588 INFO ncaa_identity: contest_id=247176 teams 2381/2381 matched, players 6587/6735 matched
2026-08-24 01:23:28,912 INFO ncaa_identity: contest_id=247200 teams 2113/2113 matched, players 5926/5966 matched
2026-08-24 01:23:30,574 INFO ncaa_identity: contest_id=247265 teams 2143/2143 matched, players 5911/6106 matched
2026-08-24 01:23:31,854 INFO ncaa_identity: contest_id=247294 teams 2108/2108 matched, players 4927/5952 matched
2026-08-24 01:23:33,301 INFO ncaa_identity: contest_id=247313 teams 1918/1918 matched, players 841/850 matched
2026-08-24 01:23:36,768 INFO ncaa_identity: contest_id=247358 teams 2196/2196 matched, players 5880/6118 matched
2026-08-24 01:23:38,687 INFO ncaa_identity: contest_id=247388 teams 2558/2558 matched, players 6689/7256 matched
2026-08-24 01:23:44,097 INFO ncaa_identity: contest_id=247511 teams 1948/1948 matched, players 5462/5464 matched
2026-08-24 01:23:45,490 INFO ncaa_identity: contest_id=247537 teams 2195/2195 matched, players 5490/6155 matched
2026-08-24 01:23:50,523 INFO ncaa_identity: contest_id=247621 teams 2183/2183 matched, players 3250/6169 matched
2026-08-24 01:23:54,896 INFO ncaa_identity: contest_id=247738 teams 2005/2005 matched, players 5451/5682 matched
2026-08-24 01:24:01,657 INFO ncaa_identity: contest_id=247896 teams 2198/2198 matched, players 5875/6151 matched
2026-08-24 01:24:08,365 INFO ncaa_identity: contest_id=248013 teams 1992/1992 matched, players 5256/5613 matched
2026-08-24 01:24:14,550 INFO ncaa_identity: contest_id=248181 teams 2630/2630 matched, players 6715/7407 matched
2026-08-24 01:24:17,561 INFO ncaa_identity: contest_id=248256 teams 2603/2603 matched, players 6746/7318 matched
2026-08-24 01:24:18,884 INFO ncaa_identity: contest_id=248284 teams 2297/2297 matched, players 5997/6515 matched
2026-08-24 01:24:22,050 INFO ncaa_identity: contest_id=248361 teams 2385/2385 matched, players 6507/6746 matched
2026-08-24 01:24:26,155 INFO ncaa_identity: contest_id=248456 teams 2364/2364 matched, players 6386/6672 matched
2026-08-24 01:24:27,957 INFO ncaa_identity: contest_id=248478 teams 2504/2504 matched, players 5997/7052 matched
2026-08-24 01:24:30,459 INFO ncaa_identity: contest_id=248547 teams 1030/2017 matched, players 2845/5689 matched
2026-08-24 01:24:31,787 INFO ncaa_identity: contest_id=248578 teams 2472/2472 matched, players 6658/6989 matched
2026-08-24 01:24:33,372 INFO ncaa_identity: contest_id=248596 teams 2384/2384 matched, players 6290/6640 matched
2026-08-24 01:24:34,816 INFO ncaa_identity: contest_id=248636 teams 2642/2642 matched, players 7407/7444 matched
2026-08-24 01:24:36,184 INFO ncaa_identity: contest_id=248672 teams 2291/2291 matched, players 6037/6438 matched
2026-08-24 01:24:37,813 INFO ncaa_identity: contest_id=248699 teams 2379/2379 matched, players 6355/6689 matched
2026-08-24 01:24:39,235 INFO ncaa_identity: contest_id=248715 teams 2548/2548 matched, players 6254/7180 matched
2026-08-24 01:24:40,983 INFO ncaa_identity: contest_id=248738 teams 2722/2722 matched, players 6891/7684 matched
2026-08-24 01:24:42,670 INFO ncaa_identity: contest_id=248757 teams 2808/2808 matched, players 7704/7916 matched
2026-08-24 01:24:48,812 INFO ncaa_identity: contest_id=248966 teams 2421/2421 matched, players 6409/6827 matched
2026-08-24 01:24:50,393 INFO ncaa_identity: contest_id=248997 teams 2410/2410 matched, players 5918/6820 matched
2026-08-24 01:24:51,594 INFO ncaa_identity: contest_id=249021 teams 1959/1959 matched, players 5327/5540 matched
2026-08-24 01:24:58,761 INFO ncaa_identity: contest_id=249155 teams 2142/2142 matched, players 5519/6034 matched
2026-08-24 01:25:02,991 INFO ncaa_identity: contest_id=249295 teams 2274/2274 matched, players 5231/6386 matched
2026-08-24 01:25:05,936 INFO ncaa_identity: contest_id=249358 teams 2591/2591 matched, players 6925/7322 matched
2026-08-24 01:25:07,116 INFO ncaa_identity: contest_id=249407 teams 1161/2323 matched, players 3293/6586 matched
2026-08-24 01:25:08,405 INFO ncaa_identity: contest_id=249440 teams 2498/2498 matched, players 6509/7039 matched
2026-08-24 01:25:16,127 INFO ncaa_identity: contest_id=249517 teams 2344/2344 matched, players 5779/6574 matched
2026-08-24 01:25:31,493 INFO ncaa_identity: contest_id=249584 teams 2449/2449 matched, players 6249/6902 matched
2026-08-24 01:25:58,874 INFO ncaa_identity: contest_id=249725 teams 2436/2436 matched, players 6810/6890 matched
2026-08-24 01:26:04,333 INFO ncaa_identity: contest_id=249758 teams 2285/2285 matched, players 6267/6486 matched
2026-08-24 01:26:16,446 INFO ncaa_identity: contest_id=249885 teams 1956/1956 matched, players 5017/5502 matched
2026-08-24 01:26:19,641 INFO ncaa_identity: contest_id=249926 teams 2237/2237 matched, players 5668/6279 matched
2026-08-24 01:26:25,018 INFO ncaa_identity: contest_id=249973 teams 2676/2676 matched, players 7236/7540 matched
2026-08-24 01:26:33,207 INFO ncaa_identity: contest_id=250030 teams 2293/2293 matched, players 6395/6505 matched
2026-08-24 01:26:48,929 INFO ncaa_identity: contest_id=250122 teams 2234/2234 matched, players 5779/6224 matched
2026-08-24 01:26:54,677 INFO ncaa_identity: contest_id=250162 teams 2568/2568 matched, players 6494/7240 matched
2026-08-24 01:27:10,631 INFO ncaa_identity: contest_id=250310 teams 2608/2608 matched, players 7231/7343 matched
2026-08-24 01:27:23,601 INFO ncaa_identity: contest_id=250421 teams 2200/2200 matched, players 5629/6166 matched
2026-08-24 01:27:44,352 INFO ncaa_identity: contest_id=250590 teams 2383/2383 matched, players 6068/6724 matched
2026-08-24 01:27:48,203 INFO ncaa_identity: contest_id=250614 teams 2301/2301 matched, players 6086/6504 matched
2026-08-24 01:27:56,644 INFO ncaa_identity: contest_id=250687 teams 2275/2275 matched, players 6293/6404 matched
2026-08-24 01:28:00,102 INFO ncaa_identity: contest_id=250714 teams 2122/2122 matched, players 5853/5997 matched
2026-08-24 01:28:04,857 INFO ncaa_identity: contest_id=250730 teams 2159/2159 matched, players 5994/6085 matched
2026-08-24 01:28:17,454 INFO ncaa_identity: contest_id=250813 teams 1253/2542 matched, players 3567/7134 matched
2026-08-24 01:28:27,116 INFO ncaa_identity: contest_id=250868 teams 2198/2198 matched, players 5189/6180 matched
2026-08-24 01:28:28,561 INFO 5 starters not found for period 3; using estimate
2026-08-24 01:28:32,881 INFO ncaa_identity: contest_id=250886 teams 2682/2682 matched, players 6970/7611 matched
2026-08-24 01:28:41,249 INFO ncaa_identity: contest_id=250989 teams 2388/2388 matched, players 6675/6700 matched
2026-08-24 01:29:03,298 INFO ncaa_identity: contest_id=251168 teams 2483/2483 matched, players 6556/7028 matched
2026-08-24 01:29:19,682 INFO ncaa_identity: contest_id=251347 teams 2302/2302 matched, players 5915/6514 matched
2026-08-24 01:29:20,904 INFO ncaa_identity: contest_id=251385 teams 2389/2389 matched, players 6513/6768 matched
2026-08-24 01:29:22,413 INFO ncaa_identity: contest_id=251407 teams 2423/2423 matched, players 5721/6808 matched
2026-08-24 01:29:23,679 INFO ncaa_identity: contest_id=251428 teams 2586/2586 matched, players 6760/7323 matched
2026-08-24 01:29:28,844 INFO ncaa_identity: contest_id=251539 teams 2235/2235 matched, players 5791/6311 matched
2026-08-24 01:29:36,850 INFO ncaa_identity: contest_id=251746 teams 2263/2263 matched, players 6154/6407 matched
2026-08-24 01:29:38,307 INFO ncaa_identity: contest_id=251775 teams 2711/2711 matched, players 7042/7594 matched
2026-08-24 01:29:43,882 INFO ncaa_identity: contest_id=251887 teams 2390/2390 matched, players 5822/6726 matched
2026-08-24 01:29:45,165 INFO ncaa_identity: contest_id=251901 teams 2790/2790 matched, players 7624/7944 matched
2026-08-24 01:29:49,282 INFO ncaa_identity: contest_id=251994 teams 2596/2596 matched, players 6939/7289 matched
2026-08-24 01:29:52,029 INFO ncaa_identity: contest_id=252081 teams 2595/2595 matched, players 6830/7360 matched
2026-08-24 01:29:53,334 INFO ncaa_identity: contest_id=252156 teams 2373/2373 matched, players 6323/6657 matched
2026-08-24 01:29:55,954 INFO ncaa_identity: contest_id=252228 teams 2349/2349 matched, players 6148/6628 matched
2026-08-24 01:29:58,461 INFO ncaa_identity: contest_id=252277 teams 2264/2264 matched, players 6172/6398 matched
2026-08-24 01:30:02,947 INFO ncaa_identity: contest_id=252331 teams 1206/2476 matched, players 3556/7058 matched
2026-08-24 01:30:05,970 INFO ncaa_identity: contest_id=252430 teams 2603/2603 matched, players 7108/7343 matched
2026-08-24 01:30:11,013 INFO ncaa_identity: contest_id=252557 teams 2376/2376 matched, players 6284/6740 matched
2026-08-24 01:30:12,812 INFO ncaa_identity: contest_id=252601 teams 2449/2449 matched, players 6620/6868 matched
2026-08-24 01:30:17,774 INFO ncaa_identity: contest_id=252762 teams 2338/2338 matched, players 6329/6564 matched
2026-08-24 01:30:22,973 INFO ncaa_identity: contest_id=252866 teams 2261/2261 matched, players 6006/6358 matched
2026-08-24 01:30:25,277 INFO ncaa_identity: contest_id=252926 teams 1803/1803 matched, players 4584/5106 matched
2026-08-24 01:30:27,554 INFO ncaa_identity: contest_id=252963 teams 2278/2278 matched, players 6292/6436 matched
2026-08-24 01:30:29,036 INFO ncaa_identity: contest_id=252981 teams 2457/2457 matched, players 6443/6924 matched
2026-08-24 01:30:30,191 INFO ncaa_identity: contest_id=253006 teams 2084/2084 matched, players 5479/5881 matched
2026-08-24 01:30:31,562 INFO ncaa_identity: contest_id=253030 teams 2333/2333 matched, players 6350/6552 matched
2026-08-24 01:30:32,854 INFO ncaa_identity: contest_id=253059 teams 2856/2856 matched, players 8013/8060 matched
2026-08-24 01:30:35,513 INFO ncaa_identity: contest_id=253136 teams 2576/2576 matched, players 6759/7292 matched
2026-08-24 01:30:36,911 INFO ncaa_identity: contest_id=253190 teams 2565/2565 matched, players 6883/7263 matched
2026-08-24 01:30:38,081 INFO ncaa_identity: contest_id=253249 teams 2413/2413 matched, players 6448/6804 matched
2026-08-24 01:30:39,374 INFO ncaa_identity: contest_id=253292 teams 2596/2596 matched, players 6635/7324 matched
2026-08-24 01:30:44,092 INFO ncaa_identity: contest_id=253355 teams 2215/2215 matched, players 5721/6236 matched
2026-08-24 01:30:48,304 INFO ncaa_identity: contest_id=253418 teams 1065/2196 matched, players 2558/6106 matched
2026-08-24 01:30:49,555 INFO ncaa_identity: contest_id=253455 teams 2687/2687 matched, players 7033/7584 matched
2026-08-24 01:30:56,653 INFO ncaa_identity: contest_id=253620 teams 2269/2269 matched, players 5853/6400 matched
2026-08-24 01:30:58,253 INFO ncaa_identity: contest_id=253666 teams 2189/2189 matched, players 5898/6117 matched
2026-08-24 01:30:59,621 INFO ncaa_identity: contest_id=253693 teams 1986/1986 matched, players 5506/5585 matched
2026-08-24 01:31:03,821 INFO ncaa_identity: contest_id=253807 teams 2439/2439 matched, players 6583/6843 matched
2026-08-24 01:31:07,634 INFO ncaa_identity: contest_id=253910 teams 2191/2191 matched, players 5770/6170 matched
2026-08-24 01:31:08,766 INFO ncaa_identity: contest_id=253948 teams 2171/2171 matched, players 5806/6136 matched
2026-08-24 01:31:10,160 INFO ncaa_identity: contest_id=253975 teams 2037/2037 matched, players 4858/5741 matched
2026-08-24 01:31:12,412 INFO ncaa_identity: contest_id=254012 teams 1824/1824 matched, players 4743/5147 matched
2026-08-24 01:31:15,055 INFO ncaa_identity: contest_id=254053 teams 2452/2452 matched, players 6049/6927 matched
2026-08-24 01:31:16,217 INFO ncaa_identity: contest_id=254073 teams 2072/2072 matched, players 5676/5822 matched
2026-08-24 01:31:18,785 INFO ncaa_identity: contest_id=254169 teams 2319/2319 matched, players 6052/6574 matched
2026-08-24 01:31:19,838 INFO ncaa_identity: contest_id=254188 teams 2319/2319 matched, players 5766/6560 matched
2026-08-24 01:31:21,525 INFO ncaa_identity: contest_id=254206 teams 2719/2719 matched, players 7392/7631 matched
2026-08-24 01:31:24,262 INFO ncaa_identity: contest_id=254274 teams 2183/2183 matched, players 5859/6131 matched
2026-08-24 01:31:25,568 INFO ncaa_identity: contest_id=254288 teams 2432/2432 matched, players 6429/6886 matched
2026-08-24 01:31:31,010 INFO ncaa_identity: contest_id=254359 teams 2436/2436 matched, players 6525/6913 matched
2026-08-24 01:31:33,762 INFO ncaa_identity: contest_id=254437 teams 2477/2477 matched, players 6857/7017 matched
2026-08-24 01:31:34,996 INFO ncaa_identity: contest_id=254511 teams 2303/2303 matched, players 6007/6488 matched
2026-08-24 01:31:36,098 INFO ncaa_identity: contest_id=254523 teams 2023/2023 matched, players 5657/5700 matched
2026-08-24 01:31:37,571 INFO ncaa_identity: contest_id=254536 teams 2383/2383 matched, players 6156/6754 matched
2026-08-24 01:31:44,099 INFO ncaa_identity: contest_id=254626 teams 2549/2549 matched, players 6997/7196 matched
2026-08-24 01:31:45,187 INFO ncaa_identity: contest_id=254639 teams 1834/1834 matched, players 5175/5196 matched
2026-08-24 01:31:48,930 INFO ncaa_identity: contest_id=254677 teams 2240/2240 matched, players 5951/6324 matched
2026-08-24 01:31:51,318 INFO ncaa_identity: contest_id=254705 teams 2074/2074 matched, players 5748/5839 matched
2026-08-24 01:31:52,468 INFO ncaa_identity: contest_id=254785 teams 2768/2768 matched, players 7458/7846 matched
2026-08-24 01:31:56,577 INFO ncaa_identity: contest_id=254839 teams 2561/2561 matched, players 6492/7231 matched
2026-08-24 01:31:57,992 INFO ncaa_identity: contest_id=254853 teams 2209/2209 matched, players 5724/6200 matched
2026-08-24 01:32:02,082 INFO ncaa_identity: contest_id=254921 teams 2222/2222 matched, players 5518/6249 matched
2026-08-24 01:32:03,416 INFO ncaa_identity: contest_id=254931 teams 2562/2562 matched, players 6796/7252 matched
2026-08-24 01:32:05,965 INFO ncaa_identity: contest_id=254974 teams 2038/2038 matched, players 792/798 matched
2026-08-24 01:32:08,581 INFO ncaa_identity: contest_id=254997 teams 2477/2477 matched, players 6032/6958 matched
2026-08-24 01:32:13,534 INFO ncaa_identity: contest_id=255052 teams 2118/2118 matched, players 5944/5969 matched
2026-08-24 01:32:17,844 INFO ncaa_identity: contest_id=255146 teams 2566/2566 matched, players 6652/7249 matched
2026-08-24 01:32:19,228 INFO ncaa_identity: contest_id=255156 teams 2342/2342 matched, players 6090/6602 matched
2026-08-24 01:32:28,394 INFO ncaa_identity: contest_id=255216 teams 2296/2296 matched, players 6415/6523 matched
2026-08-24 01:32:31,513 INFO ncaa_identity: contest_id=255249 teams 2772/2772 matched, players 7713/7869 matched
2026-08-24 01:32:32,733 INFO ncaa_identity: contest_id=255268 teams 2316/2316 matched, players 6279/6548 matched
2026-08-24 01:32:37,201 INFO ncaa_identity: contest_id=255335 teams 2495/2495 matched, players 6665/7066 matched
2026-08-24 01:32:43,317 INFO ncaa_identity: contest_id=255387 teams 3263/3263 matched, players 8985/9233 matched
2026-08-24 01:32:44,639 INFO ncaa_identity: contest_id=255397 teams 1926/1926 matched, players 4869/5396 matched
2026-08-24 01:32:46,499 INFO ncaa_identity: contest_id=255407 teams 2654/2654 matched, players 7466/7481 matched
2026-08-24 01:32:48,112 INFO ncaa_identity: contest_id=255419 teams 2611/2611 matched, players 7275/7368 matched
2026-08-24 01:32:53,715 INFO ncaa_identity: contest_id=255461 teams 2918/2918 matched, players 7513/8258 matched
2026-08-24 01:32:59,139 INFO ncaa_identity: contest_id=255508 teams 2527/2527 matched, players 6931/7110 matched
2026-08-24 01:33:00,551 INFO ncaa_identity: contest_id=255518 teams 2416/2416 matched, players 6453/6779 matched
2026-08-24 01:33:01,950 INFO ncaa_identity: contest_id=255534 teams 2360/2360 matched, players 6033/6646 matched
2026-08-24 01:33:05,513 INFO ncaa_identity: contest_id=255608 teams 2347/2347 matched, players 6323/6563 matched
2026-08-24 01:33:07,442 INFO ncaa_identity: contest_id=255638 teams 1414/2772 matched, players 3916/7839 matched
2026-08-24 01:33:10,616 INFO ncaa_identity: contest_id=255660 teams 2356/2356 matched, players 6002/6640 matched
2026-08-24 01:33:11,700 INFO ncaa_identity: contest_id=255670 teams 1842/1842 matched, players 5127/5187 matched
2026-08-24 01:33:13,248 INFO ncaa_identity: contest_id=255681 teams 2529/2529 matched, players 6328/7138 matched
2026-08-24 01:33:14,436 INFO ncaa_identity: contest_id=255691 teams 1314/1314 matched, players 341/361 matched
2026-08-24 01:33:15,507 INFO ncaa_identity: contest_id=255704 teams 2037/2037 matched, players 5648/5717 matched
2026-08-24 01:33:29,659 INFO ncaa_identity: contest_id=176558 teams 1432/2881 matched, players 4052/8115 matched
2026-08-24 01:33:31,522 INFO ncaa_identity: contest_id=176572 teams 1433/2878 matched, players 4029/8106 matched
2026-08-24 01:33:32,816 INFO ncaa_identity: contest_id=176587 teams 2394/2394 matched, players 6438/6769 matched
2026-08-24 01:33:37,995 INFO ncaa_identity: contest_id=176628 teams 2869/2869 matched, players 7720/8138 matched
2026-08-24 01:33:39,796 INFO ncaa_identity: contest_id=176642 teams 1642/3254 matched, players 4611/9180 matched
2026-08-24 01:33:42,825 INFO ncaa_identity: contest_id=176672 teams 1143/2231 matched, players 393/799 matched
2026-08-24 01:33:44,487 INFO ncaa_identity: contest_id=176685 teams 1177/2289 matched, players 2808/6369 matched
2026-08-24 01:33:49,726 INFO ncaa_identity: contest_id=176731 teams 2359/2359 matched, players 6328/6621 matched
2026-08-24 01:33:51,138 INFO ncaa_identity: contest_id=176742 teams 2510/2510 matched, players 6524/7072 matched
2026-08-24 01:33:54,553 INFO ncaa_identity: contest_id=176810 teams 3293/3293 matched, players 8698/9344 matched
2026-08-24 01:33:56,366 INFO ncaa_identity: contest_id=176853 teams 1143/2273 matched, players 2901/6328 matched
2026-08-24 01:33:59,768 INFO ncaa_identity: contest_id=176914 teams 2425/2425 matched, players 6534/6850 matched
2026-08-24 01:34:01,212 INFO ncaa_identity: contest_id=177005 teams 1407/2708 matched, players 3840/7638 matched
2026-08-24 01:34:02,896 INFO ncaa_identity: contest_id=177018 teams 2467/2467 matched, players 6285/6909 matched
2026-08-24 01:34:04,233 INFO ncaa_identity: contest_id=177034 teams 1309/2602 matched, players 3681/7318 matched
2026-08-24 01:34:07,897 INFO ncaa_identity: contest_id=177058 teams 2982/2982 matched, players 7600/8387 matched
2026-08-24 01:34:09,429 INFO ncaa_identity: contest_id=177082 teams 2643/2643 matched, players 6385/7411 matched
2026-08-24 01:34:12,562 INFO ncaa_identity: contest_id=177106 teams 2473/2473 matched, players 6552/6921 matched
2026-08-24 01:34:14,214 INFO ncaa_identity: contest_id=177119 teams 2289/2289 matched, players 6131/6423 matched
2026-08-24 01:34:23,798 INFO ncaa_identity: contest_id=177213 teams 2758/2758 matched, players 7621/7754 matched
2026-08-24 01:34:25,719 INFO ncaa_identity: contest_id=177251 teams 1475/2935 matched, players 4259/8314 matched
2026-08-24 01:34:27,358 INFO ncaa_identity: contest_id=177298 teams 1102/2234 matched, players 3144/6272 matched
2026-08-24 01:34:29,035 INFO ncaa_identity: contest_id=177356 teams 2075/2075 matched, players 5419/5793 matched
2026-08-24 01:34:30,467 INFO ncaa_identity: contest_id=177403 teams 2374/2374 matched, players 6439/6720 matched
2026-08-24 01:34:33,601 INFO ncaa_identity: contest_id=177452 teams 946/1876 matched, players 327/708 matched
2026-08-24 01:34:34,769 INFO ncaa_identity: contest_id=177484 teams 689/1468 matched, players 1927/4077 matched
2026-08-24 01:34:36,826 INFO ncaa_identity: contest_id=177501 teams 1575/3102 matched, players 4134/8787 matched
2026-08-24 01:34:38,388 INFO ncaa_identity: contest_id=177552 teams 1077/2204 matched, players 3144/6195 matched
2026-08-24 01:34:39,997 INFO ncaa_identity: contest_id=177569 teams 1282/2422 matched, players 2983/6804 matched
2026-08-24 01:34:41,814 INFO ncaa_identity: contest_id=177585 teams 2637/2637 matched, players 7105/7471 matched
2026-08-24 01:34:43,787 INFO ncaa_identity: contest_id=177602 teams 2788/2788 matched, players 7312/7834 matched
2026-08-24 01:34:45,173 INFO ncaa_identity: contest_id=177620 teams 2250/2250 matched, players 6007/6340 matched
2026-08-24 01:34:46,901 INFO ncaa_identity: contest_id=177632 teams 2486/2486 matched, players 7000/7014 matched
2026-08-24 01:34:49,890 INFO ncaa_identity: contest_id=177694 teams 2196/2196 matched, players 5868/6171 matched
2026-08-24 01:34:51,208 INFO ncaa_identity: contest_id=177732 teams 2079/2079 matched, players 5339/5852 matched
2026-08-24 01:34:52,496 INFO ncaa_identity: contest_id=177758 teams 2450/2450 matched, players 6460/6886 matched
2026-08-24 01:34:55,630 INFO ncaa_identity: contest_id=177814 teams 2354/2354 matched, players 6104/6647 matched
2026-08-24 01:34:58,824 INFO ncaa_identity: contest_id=177914 teams 2891/2891 matched, players 7177/8158 matched
2026-08-24 01:35:01,982 INFO ncaa_identity: contest_id=177981 teams 1264/2525 matched, players 3551/7114 matched
2026-08-24 01:35:09,942 INFO ncaa_identity: contest_id=178302 teams 2365/2365 matched, players 6477/6644 matched
2026-08-24 01:35:15,582 INFO ncaa_identity: contest_id=178355 teams 2544/2544 matched, players 6296/7108 matched
2026-08-24 01:35:16,867 INFO ncaa_identity: contest_id=178367 teams 2102/2102 matched, players 5548/5933 matched
2026-08-24 01:35:19,930 INFO ncaa_identity: contest_id=178405 teams 2183/2183 matched, players 5938/6089 matched
2026-08-24 01:35:21,305 INFO ncaa_identity: contest_id=178422 teams 2796/2796 matched, players 7650/7962 matched
2026-08-24 01:35:22,957 INFO ncaa_identity: contest_id=178453 teams 2241/2241 matched, players 5812/6321 matched
2026-08-24 01:35:25,727 INFO ncaa_identity: contest_id=178483 teams 1323/2540 matched, players 3638/7147 matched
2026-08-24 01:35:33,357 INFO ncaa_identity: contest_id=178708 teams 1392/2800 matched, players 3968/7875 matched
2026-08-24 01:35:36,354 INFO ncaa_identity: contest_id=178784 teams 2112/2112 matched, players 5711/5931 matched
2026-08-24 01:35:39,123 INFO ncaa_identity: contest_id=178812 teams 1236/2393 matched, players 3402/6719 matched
2026-08-24 01:35:47,397 INFO ncaa_identity: contest_id=178900 teams 1269/2488 matched, players 3549/7036 matched
2026-08-24 01:35:49,081 INFO ncaa_identity: contest_id=178913 teams 2523/2523 matched, players 6633/7115 matched
2026-08-24 01:35:50,349 INFO ncaa_identity: contest_id=178923 teams 2565/2565 matched, players 7042/7245 matched
2026-08-24 01:35:51,947 INFO ncaa_identity: contest_id=178937 teams 2663/2663 matched, players 7365/7495 matched
2026-08-24 01:35:53,136 INFO ncaa_identity: contest_id=178954 teams 2381/2381 matched, players 6565/6710 matched
2026-08-24 01:35:54,553 INFO ncaa_identity: contest_id=178978 teams 2559/2559 matched, players 6976/7211 matched
2026-08-24 01:35:56,187 INFO ncaa_identity: contest_id=179005 teams 2428/2428 matched, players 6076/6792 matched
2026-08-24 01:35:57,418 INFO ncaa_identity: contest_id=179020 teams 2451/2451 matched, players 6575/6875 matched
2026-08-24 01:35:59,943 INFO ncaa_identity: contest_id=179058 teams 1968/1968 matched, players 5114/5566 matched
2026-08-24 01:36:01,002 INFO ncaa_identity: contest_id=179078 teams 1961/1961 matched, players 5267/5504 matched
2026-08-24 01:36:03,746 INFO ncaa_identity: contest_id=179139 teams 2455/2455 matched, players 6815/6905 matched
2026-08-24 01:36:14,131 INFO ncaa_identity: contest_id=179391 teams 2333/2333 matched, players 6013/6576 matched
2026-08-24 01:36:15,693 INFO 5 starters not found for period 4; using estimate
2026-08-24 01:36:17,119 INFO ncaa_identity: contest_id=179445 teams 2538/2538 matched, players 6608/7205 matched
2026-08-24 01:36:19,171 INFO ncaa_identity: contest_id=179481 teams 2173/2173 matched, players 6103/6126 matched
2026-08-24 01:36:20,813 INFO ncaa_identity: contest_id=179492 teams 2382/2382 matched, players 6310/6734 matched
2026-08-24 01:36:22,978 INFO ncaa_identity: contest_id=179527 teams 2851/2851 matched, players 7362/8063 matched
2026-08-24 01:36:28,112 INFO ncaa_identity: contest_id=179596 teams 1208/2376 matched, players 3238/6703 matched
2026-08-24 01:36:29,767 INFO ncaa_identity: contest_id=179614 teams 2300/2300 matched, players 5934/6509 matched
2026-08-24 01:36:31,123 INFO ncaa_identity: contest_id=179639 teams 2476/2476 matched, players 6741/7008 matched
2026-08-24 01:36:32,747 INFO ncaa_identity: contest_id=179677 teams 1452/2902 matched, players 3957/8180 matched
2026-08-24 01:36:34,148 INFO ncaa_identity: contest_id=179704 teams 2477/2477 matched, players 6488/6988 matched
2026-08-24 01:36:35,963 INFO ncaa_identity: contest_id=179732 teams 1240/2400 matched, players 3056/6762 matched
2026-08-24 01:36:37,235 INFO ncaa_identity: contest_id=179754 teams 1071/2100 matched, players 2951/5899 matched
2026-08-24 01:36:38,562 INFO ncaa_identity: contest_id=179786 teams 2777/2777 matched, players 7566/7862 matched
2026-08-24 01:36:40,162 INFO ncaa_identity: contest_id=179814 teams 1217/2395 matched, players 3104/6703 matched
2026-08-24 01:36:43,411 INFO ncaa_identity: contest_id=179876 teams 2815/2815 matched, players 7848/7948 matched
2026-08-24 01:36:46,520 INFO ncaa_identity: contest_id=179918 teams 1184/2377 matched, players 3330/6700 matched
2026-08-24 01:36:50,786 INFO ncaa_identity: contest_id=180005 teams 1230/2361 matched, players 2590/6681 matched
2026-08-24 01:37:00,650 INFO ncaa_identity: contest_id=180262 teams 2461/2461 matched, players 6559/6932 matched
2026-08-24 01:37:02,026 INFO ncaa_identity: contest_id=180284 teams 2310/2310 matched, players 6219/6511 matched
2026-08-24 01:37:05,357 INFO ncaa_identity: contest_id=180379 teams 2579/2579 matched, players 7107/7294 matched
2026-08-24 01:37:06,795 INFO ncaa_identity: contest_id=180413 teams 2508/2508 matched, players 6807/7111 matched
2026-08-24 01:37:10,052 INFO ncaa_identity: contest_id=180495 teams 2233/2233 matched, players 6111/6309 matched
2026-08-24 01:37:24,296 INFO ncaa_identity: contest_id=180723 teams 2380/2380 matched, players 6074/6714 matched
2026-08-24 01:37:25,772 INFO ncaa_identity: contest_id=180745 teams 2269/2269 matched, players 6283/6389 matched
2026-08-24 01:37:30,671 INFO ncaa_identity: contest_id=180837 teams 2679/2679 matched, players 7340/7572 matched
2026-08-24 01:37:32,546 INFO ncaa_identity: contest_id=180857 teams 1279/2596 matched, players 3715/7333 matched
2026-08-24 01:37:34,198 INFO ncaa_identity: contest_id=180898 teams 2201/2201 matched, players 5749/6199 matched
2026-08-24 01:37:36,031 INFO ncaa_identity: contest_id=180934 teams 2566/2566 matched, players 6692/7256 matched
2026-08-24 01:37:39,162 INFO ncaa_identity: contest_id=180997 teams 2187/2187 matched, players 6028/6154 matched
2026-08-24 01:37:45,969 INFO ncaa_identity: contest_id=181167 teams 2004/2004 matched, players 5459/5619 matched
2026-08-24 01:37:50,155 INFO ncaa_identity: contest_id=181249 teams 2335/2335 matched, players 6416/6586 matched
2026-08-24 01:37:53,767 INFO ncaa_identity: contest_id=181297 teams 1223/2293 matched, players 3294/6444 matched
2026-08-24 01:37:55,041 INFO ncaa_identity: contest_id=181330 teams 2082/2082 matched, players 5778/5878 matched
2026-08-24 01:37:56,850 INFO ncaa_identity: contest_id=181358 teams 1203/2397 matched, players 3436/6754 matched
2026-08-24 01:37:58,287 INFO ncaa_identity: contest_id=181394 teams 2511/2511 matched, players 6638/7076 matched
2026-08-24 01:38:01,299 INFO ncaa_identity: contest_id=181490 teams 2341/2341 matched, players 6426/6600 matched
2026-08-24 01:38:04,001 INFO ncaa_identity: contest_id=181537 teams 2324/2324 matched, players 6532/6539 matched
2026-08-24 01:38:07,312 INFO ncaa_identity: contest_id=181582 teams 2917/2917 matched, players 7474/8255 matched
2026-08-24 01:38:08,603 INFO ncaa_identity: contest_id=181598 teams 1087/2109 matched, players 2988/5878 matched
2026-08-24 01:38:10,378 INFO ncaa_identity: contest_id=181627 teams 0/2506 matched, players 0/7129 matched
2026-08-24 01:38:11,823 INFO ncaa_identity: contest_id=181651 teams 1319/2657 matched, players 3755/7484 matched
2026-08-24 01:38:13,210 INFO ncaa_identity: contest_id=181679 teams 2362/2362 matched, players 6202/6670 matched
2026-08-24 01:38:15,094 INFO ncaa_identity: contest_id=181706 teams 2332/2332 matched, players 6014/6614 matched
2026-08-24 01:38:21,348 INFO ncaa_identity: contest_id=181793 teams 2346/2346 matched, players 6421/6634 matched
2026-08-24 01:38:23,844 INFO ncaa_identity: contest_id=181846 teams 1878/1878 matched, players 684/728 matched
2026-08-24 01:38:25,497 INFO ncaa_identity: contest_id=181894 teams 2399/2399 matched, players 6130/6732 matched
2026-08-24 01:38:29,889 INFO ncaa_identity: contest_id=181977 teams 2004/2004 matched, players 5283/5623 matched
2026-08-24 01:38:31,534 INFO ncaa_identity: contest_id=182019 teams 1374/2715 matched, players 3581/7669 matched
2026-08-24 01:38:36,035 INFO ncaa_identity: contest_id=182106 teams 2366/2366 matched, players 6246/6684 matched
2026-08-24 01:38:38,359 INFO ncaa_identity: contest_id=182135 teams 2095/2095 matched, players 5866/5909 matched
2026-08-24 01:38:45,687 INFO ncaa_identity: contest_id=182252 teams 2656/2656 matched, players 6985/7532 matched
2026-08-24 01:38:46,921 INFO ncaa_identity: contest_id=182289 teams 2170/2170 matched, players 5626/6145 matched
2026-08-24 01:38:51,688 INFO ncaa_identity: contest_id=182367 teams 2202/2202 matched, players 5734/6130 matched
2026-08-24 01:38:59,703 INFO ncaa_identity: contest_id=182472 teams 1825/1825 matched, players 4916/5143 matched
2026-08-24 01:39:02,893 INFO ncaa_identity: contest_id=182512 teams 2238/2238 matched, players 5830/6284 matched
2026-08-24 01:39:10,177 INFO ncaa_identity: contest_id=182579 teams 1358/2672 matched, players 3457/7576 matched
2026-08-24 01:39:13,203 INFO ncaa_identity: contest_id=182601 teams 2062/2062 matched, players 717/748 matched
2026-08-24 01:39:16,371 INFO ncaa_identity: contest_id=182623 teams 2502/2502 matched, players 6586/7032 matched
2026-08-24 01:39:17,804 INFO ncaa_identity: contest_id=182636 teams 2698/2698 matched, players 7143/7651 matched
2026-08-24 01:39:19,362 INFO ncaa_identity: contest_id=182648 teams 2504/2504 matched, players 6840/7082 matched
2026-08-24 01:39:20,599 INFO ncaa_identity: contest_id=182659 teams 2664/2664 matched, players 7078/7527 matched
2026-08-24 01:39:21,793 INFO ncaa_identity: contest_id=182670 teams 2075/2075 matched, players 5486/5865 matched
2026-08-24 01:39:23,587 INFO ncaa_identity: contest_id=182680 teams 2743/2743 matched, players 7569/7774 matched
2026-08-24 01:39:31,672 INFO ncaa_identity: contest_id=182742 teams 2341/2341 matched, players 6280/6635 matched
2026-08-24 01:39:33,544 INFO ncaa_identity: contest_id=182753 teams 1297/2557 matched, players 3615/7214 matched
2026-08-24 01:39:35,039 INFO ncaa_identity: contest_id=182769 teams 1128/2315 matched, players 3276/6561 matched
2026-08-24 01:39:36,774 INFO ncaa_identity: contest_id=182782 teams 1536/3210 matched, players 452/1274 matched
2026-08-24 01:39:38,074 INFO ncaa_identity: contest_id=182802 teams 2458/2458 matched, players 6802/6933 matched
2026-08-24 01:39:39,600 INFO ncaa_identity: contest_id=182823 teams 822/1598 matched, players 223/426 matched
2026-08-24 01:39:41,201 INFO ncaa_identity: contest_id=182847 teams 2230/2230 matched, players 5219/6297 matched
2026-08-24 01:39:42,660 INFO ncaa_identity: contest_id=182871 teams 2569/2569 matched, players 6961/7269 matched
2026-08-24 01:39:45,698 INFO ncaa_identity: contest_id=182914 teams 1228/2460 matched, players 2996/6945 matched
2026-08-24 01:39:47,507 INFO ncaa_identity: contest_id=182982 teams 2384/2384 matched, players 6581/6699 matched
2026-08-24 01:39:49,209 INFO ncaa_identity: contest_id=183017 teams 1410/2784 matched, players 3572/7814 matched
2026-08-24 01:39:51,173 INFO ncaa_identity: contest_id=183073 teams 1401/2708 matched, players 3811/7611 matched
2026-08-24 01:39:54,094 INFO ncaa_identity: contest_id=183189 teams 2488/2488 matched, players 6614/7058 matched
2026-08-24 01:40:00,673 INFO ncaa_identity: contest_id=183286 teams 2080/2080 matched, players 5566/5761 matched
2026-08-24 01:40:02,661 INFO ncaa_identity: contest_id=183305 teams 2313/2313 matched, players 6061/6522 matched
2026-08-24 01:40:05,927 INFO ncaa_identity: contest_id=183350 teams 2374/2374 matched, players 6049/6676 matched
2026-08-24 01:40:07,649 INFO ncaa_identity: contest_id=183368 teams 2877/2877 matched, players 7673/8155 matched
2026-08-24 01:40:09,144 INFO ncaa_identity: contest_id=183396 teams 2502/2502 matched, players 6669/7029 matched
2026-08-24 01:40:14,259 INFO ncaa_identity: contest_id=183446 teams 2420/2420 matched, players 6384/6806 matched
2026-08-24 01:40:19,719 INFO ncaa_identity: contest_id=183512 teams 1223/2465 matched, players 3499/6971 matched
2026-08-24 01:40:23,159 INFO ncaa_identity: contest_id=183580 teams 1188/2341 matched, players 3318/6650 matched
2026-08-24 01:40:26,529 INFO ncaa_identity: contest_id=183685 teams 2801/2801 matched, players 7872/7902 matched
2026-08-24 01:40:27,703 INFO ncaa_identity: contest_id=183712 teams 2323/2323 matched, players 6233/6570 matched
2026-08-24 01:40:29,343 INFO ncaa_identity: contest_id=183755 teams 2472/2472 matched, players 6652/7002 matched
2026-08-24 01:40:37,613 INFO ncaa_identity: contest_id=183931 teams 2337/2337 matched, players 5998/6533 matched
2026-08-24 01:40:42,771 INFO ncaa_identity: contest_id=184104 teams 2723/2723 matched, players 7160/7693 matched
2026-08-24 01:40:43,886 INFO ncaa_identity: contest_id=184125 teams 2284/2284 matched, players 6292/6471 matched
2026-08-24 01:40:45,289 INFO ncaa_identity: contest_id=184158 teams 2361/2361 matched, players 6250/6682 matched
2026-08-24 01:40:46,415 INFO ncaa_identity: contest_id=184189 teams 2641/2641 matched, players 7145/7511 matched
2026-08-24 01:40:49,310 INFO ncaa_identity: contest_id=184251 teams 2380/2380 matched, players 6357/6733 matched
2026-08-24 01:40:50,648 INFO ncaa_identity: contest_id=184284 teams 2249/2249 matched, players 6287/6336 matched
2026-08-24 01:40:51,714 INFO ncaa_identity: contest_id=184326 teams 2005/2005 matched, players 5093/5676 matched
2026-08-24 01:40:52,931 INFO ncaa_identity: contest_id=184352 teams 2445/2445 matched, players 5977/6896 matched
2026-08-24 01:40:58,393 INFO ncaa_identity: contest_id=184483 teams 1796/1796 matched, players 4664/5069 matched
2026-08-24 01:40:59,617 INFO ncaa_identity: contest_id=184514 teams 2535/2535 matched, players 6629/7149 matched
2026-08-24 01:41:10,174 INFO ncaa_identity: contest_id=184763 teams 1944/1944 matched, players 5017/5471 matched
2026-08-24 01:41:11,257 INFO ncaa_identity: contest_id=184797 teams 2227/2227 matched, players 5193/6245 matched
2026-08-24 01:41:12,292 INFO ncaa_identity: contest_id=184860 teams 2212/2212 matched, players 6216/6223 matched
2026-08-24 01:41:13,862 INFO ncaa_identity: contest_id=184902 teams 2574/2574 matched, players 7202/7234 matched
2026-08-24 01:41:17,123 INFO ncaa_identity: contest_id=184971 teams 2376/2376 matched, players 6443/6660 matched
2026-08-24 01:41:18,679 INFO ncaa_identity: contest_id=185001 teams 2585/2585 matched, players 6983/7330 matched
2026-08-24 01:41:20,276 INFO ncaa_identity: contest_id=185019 teams 2456/2456 matched, players 5929/6975 matched
2026-08-24 01:41:22,846 INFO ncaa_identity: contest_id=185065 teams 1831/1831 matched, players 5039/5127 matched
2026-08-24 01:41:25,997 INFO ncaa_identity: contest_id=185119 teams 3018/3018 matched, players 8205/8564 matched
2026-08-24 01:41:27,757 INFO ncaa_identity: contest_id=185191 teams 2596/2596 matched, players 7080/7336 matched
2026-08-24 01:41:29,027 INFO ncaa_identity: contest_id=185228 teams 2205/2205 matched, players 5831/6197 matched
2026-08-24 01:41:33,903 INFO ncaa_identity: contest_id=185321 teams 2390/2390 matched, players 6437/6749 matched
2026-08-24 01:41:35,564 INFO ncaa_identity: contest_id=185341 teams 2089/2089 matched, players 5071/5877 matched
2026-08-24 01:41:39,460 INFO ncaa_identity: contest_id=185439 teams 2032/2032 matched, players 4903/5714 matched
2026-08-24 01:41:42,436 INFO ncaa_identity: contest_id=185504 teams 2404/2404 matched, players 5907/6737 matched
2026-08-24 01:41:45,150 INFO ncaa_identity: contest_id=185589 teams 2452/2452 matched, players 6491/6937 matched
2026-08-24 01:41:49,279 INFO ncaa_identity: contest_id=185665 teams 2330/2330 matched, players 6509/6582 matched
2026-08-24 01:41:50,589 INFO ncaa_identity: contest_id=185693 teams 2233/2233 matched, players 5393/6275 matched
2026-08-24 01:41:53,508 INFO ncaa_identity: contest_id=185740 teams 2291/2291 matched, players 6421/6442 matched
2026-08-24 01:41:54,841 INFO ncaa_identity: contest_id=185771 teams 2090/2090 matched, players 5055/5939 matched
2026-08-24 01:41:56,387 INFO ncaa_identity: contest_id=185807 teams 2269/2269 matched, players 5808/6414 matched
2026-08-24 01:41:58,949 INFO ncaa_identity: contest_id=185883 teams 2409/2409 matched, players 6528/6810 matched
2026-08-24 01:42:00,441 INFO ncaa_identity: contest_id=185943 teams 2784/2784 matched, players 7739/7913 matched
2026-08-24 01:42:01,970 INFO ncaa_identity: contest_id=185987 teams 1184/2402 matched, players 3404/6793 matched
2026-08-24 01:42:07,636 INFO ncaa_identity: contest_id=186124 teams 2157/2157 matched, players 5869/6121 matched
2026-08-24 01:42:08,983 INFO ncaa_identity: contest_id=186155 teams 2233/2233 matched, players 6051/6324 matched
2026-08-24 01:42:10,640 INFO ncaa_identity: contest_id=186167 teams 2478/2478 matched, players 6088/7029 matched
2026-08-24 01:42:13,469 INFO ncaa_identity: contest_id=186215 teams 2404/2404 matched, players 6257/6832 matched
2026-08-24 01:42:18,827 INFO ncaa_identity: contest_id=186371 teams 2273/2273 matched, players 4998/6362 matched
2026-08-24 01:42:20,750 INFO ncaa_identity: contest_id=186404 teams 3226/3226 matched, players 9048/9125 matched
2026-08-24 01:42:22,220 INFO ncaa_identity: contest_id=186441 teams 2571/2571 matched, players 6943/7248 matched
2026-08-24 01:42:23,721 INFO ncaa_identity: contest_id=186494 teams 2188/2188 matched, players 6119/6177 matched
2026-08-24 01:42:24,916 INFO ncaa_identity: contest_id=186541 teams 2381/2381 matched, players 6468/6772 matched
2026-08-24 01:42:29,036 INFO ncaa_identity: contest_id=186640 teams 2115/2115 matched, players 5681/6005 matched
2026-08-24 01:42:30,651 INFO ncaa_identity: contest_id=186687 teams 2439/2439 matched, players 6602/6887 matched
2026-08-24 01:42:33,414 INFO ncaa_identity: contest_id=186724 teams 2303/2303 matched, players 6333/6478 matched
2026-08-24 01:42:34,991 INFO ncaa_identity: contest_id=186752 teams 2761/2761 matched, players 7433/7797 matched
2026-08-24 01:42:38,112 INFO ncaa_identity: contest_id=186802 teams 2564/2564 matched, players 7031/7189 matched
2026-08-24 01:42:39,498 INFO ncaa_identity: contest_id=186823 teams 2412/2412 matched, players 6517/6793 matched
2026-08-24 01:42:42,556 INFO ncaa_identity: contest_id=186868 teams 2403/2403 matched, players 6255/6793 matched
2026-08-24 01:42:46,748 INFO ncaa_identity: contest_id=186922 teams 2334/2334 matched, players 6012/6572 matched
2026-08-24 01:42:57,151 INFO ncaa_identity: contest_id=187168 teams 2544/2544 matched, players 6672/7148 matched
2026-08-24 01:43:01,125 INFO ncaa_identity: contest_id=187253 teams 2291/2291 matched, players 6257/6478 matched
2026-08-24 01:43:04,269 INFO ncaa_identity: contest_id=187298 teams 1146/2284 matched, players 3190/6441 matched
2026-08-24 01:43:05,931 INFO ncaa_identity: contest_id=187349 teams 2231/2231 matched, players 5670/6232 matched
2026-08-24 01:43:07,101 INFO ncaa_identity: contest_id=187391 teams 2382/2382 matched, players 6381/6742 matched
2026-08-24 01:43:08,832 INFO ncaa_identity: contest_id=187420 teams 2396/2396 matched, players 6367/6752 matched
2026-08-24 01:43:10,443 INFO ncaa_identity: contest_id=187454 teams 2430/2430 matched, players 6128/6878 matched
2026-08-24 01:43:14,043 INFO ncaa_identity: contest_id=187514 teams 2660/2660 matched, players 7200/7548 matched
2026-08-24 01:43:15,967 INFO ncaa_identity: contest_id=187543 teams 2275/2275 matched, players 5968/6389 matched
2026-08-24 01:43:17,108 INFO ncaa_identity: contest_id=187581 teams 2037/2037 matched, players 4900/5776 matched
2026-08-24 01:43:18,295 INFO ncaa_identity: contest_id=187622 teams 2376/2376 matched, players 6491/6692 matched
2026-08-24 01:43:23,312 INFO ncaa_identity: contest_id=187734 teams 2549/2549 matched, players 6766/7248 matched
2026-08-24 01:43:26,114 INFO ncaa_identity: contest_id=187817 teams 2743/2743 matched, players 7151/7772 matched
2026-08-24 01:43:32,484 INFO ncaa_identity: contest_id=187901 teams 2612/2612 matched, players 7353/7362 matched
2026-08-24 01:43:33,696 INFO ncaa_identity: contest_id=187921 teams 2470/2470 matched, players 5763/6977 matched
2026-08-24 01:43:35,544 INFO 5 starters not found for period 3; using estimate
2026-08-24 01:43:39,793 INFO ncaa_identity: contest_id=188038 teams 2314/2314 matched, players 6041/6524 matched
2026-08-24 01:43:41,356 INFO ncaa_identity: contest_id=188060 teams 2501/2501 matched, players 6968/7059 matched
2026-08-24 01:43:43,130 INFO ncaa_identity: contest_id=188100 teams 2217/2217 matched, players 5776/6262 matched
2026-08-24 01:43:44,383 INFO ncaa_identity: contest_id=188136 teams 2299/2299 matched, players 5868/6502 matched
2026-08-24 01:43:46,058 INFO ncaa_identity: contest_id=188189 teams 2071/2071 matched, players 5775/5803 matched
2026-08-24 01:43:47,944 INFO ncaa_identity: contest_id=188240 teams 2608/2608 matched, players 6959/7378 matched
2026-08-24 01:43:50,935 INFO ncaa_identity: contest_id=188295 teams 2276/2276 matched, players 6145/6421 matched
2026-08-24 01:43:52,543 INFO ncaa_identity: contest_id=188320 teams 2166/2166 matched, players 6038/6066 matched
2026-08-24 01:43:55,798 INFO ncaa_identity: contest_id=188382 teams 2181/2181 matched, players 5282/6183 matched
2026-08-24 01:44:00,073 INFO ncaa_identity: contest_id=188502 teams 2309/2309 matched, players 6233/6515 matched
2026-08-24 01:44:01,432 INFO ncaa_identity: contest_id=188527 teams 1907/1907 matched, players 5028/5395 matched
2026-08-24 01:44:10,449 INFO ncaa_identity: contest_id=188731 teams 2359/2359 matched, players 6534/6636 matched
2026-08-24 01:44:13,553 INFO ncaa_identity: contest_id=188789 teams 2421/2421 matched, players 5995/6855 matched
2026-08-24 01:44:16,787 INFO ncaa_identity: contest_id=188868 teams 2061/2061 matched, players 5544/5811 matched
2026-08-24 01:44:18,201 INFO ncaa_identity: contest_id=188897 teams 2423/2423 matched, players 6009/6803 matched
2026-08-24 01:44:22,868 INFO ncaa_identity: contest_id=188979 teams 2396/2396 matched, players 6213/6762 matched
2026-08-24 01:44:24,163 INFO ncaa_identity: contest_id=189018 teams 1814/1814 matched, players 4881/5105 matched
2026-08-24 01:44:25,504 INFO ncaa_identity: contest_id=189035 teams 2447/2447 matched, players 6083/6846 matched
2026-08-24 01:44:28,632 INFO ncaa_identity: contest_id=189081 teams 1221/2354 matched, players 3378/6610 matched
2026-08-24 01:44:29,793 INFO ncaa_identity: contest_id=189111 teams 2327/2327 matched, players 6136/6585 matched
2026-08-24 01:44:32,837 INFO ncaa_identity: contest_id=189216 teams 2548/2548 matched, players 6777/7161 matched
2026-08-24 01:44:34,511 INFO ncaa_identity: contest_id=189287 teams 1195/2412 matched, players 3442/6836 matched
2026-08-24 01:44:37,039 INFO ncaa_identity: contest_id=189352 teams 2061/2061 matched, players 5055/5828 matched
2026-08-24 01:44:38,805 INFO ncaa_identity: contest_id=189374 teams 2333/2333 matched, players 6138/6526 matched
2026-08-24 01:44:42,224 INFO ncaa_identity: contest_id=189416 teams 1374/2736 matched, players 3948/7763 matched
2026-08-24 01:44:44,976 INFO ncaa_identity: contest_id=189459 teams 2364/2364 matched, players 6445/6690 matched
2026-08-24 01:44:59,449 INFO ncaa_identity: contest_id=189730 teams 2284/2284 matched, players 5753/6406 matched
2026-08-24 01:45:02,359 INFO ncaa_identity: contest_id=189819 teams 2384/2384 matched, players 985/987 matched
2026-08-24 01:45:03,831 INFO ncaa_identity: contest_id=189863 teams 1055/2107 matched, players 2870/5965 matched
2026-08-24 01:45:08,554 INFO ncaa_identity: contest_id=189984 teams 2231/2231 matched, players 5844/6259 matched
2026-08-24 01:45:13,960 INFO ncaa_identity: contest_id=190075 teams 2326/2326 matched, players 5988/6561 matched
2026-08-24 01:45:15,627 INFO ncaa_identity: contest_id=190098 teams 2040/2040 matched, players 5432/5699 matched
2026-08-24 01:45:20,518 INFO ncaa_identity: contest_id=190172 teams 2024/2024 matched, players 5588/5684 matched
2026-08-24 01:45:21,789 INFO ncaa_identity: contest_id=190220 teams 2086/2086 matched, players 5783/5872 matched
2026-08-24 01:45:25,047 INFO ncaa_identity: contest_id=190295 teams 2361/2361 matched, players 6416/6647 matched
2026-08-24 01:45:27,952 INFO ncaa_identity: contest_id=190380 teams 2398/2398 matched, players 6237/6796 matched
2026-08-24 01:45:30,920 INFO ncaa_identity: contest_id=190452 teams 2247/2247 matched, players 6139/6342 matched
2026-08-24 01:45:33,565 INFO ncaa_identity: contest_id=190512 teams 2087/2087 matched, players 5325/5899 matched
2026-08-24 01:45:35,124 INFO ncaa_identity: contest_id=190535 teams 2950/2950 matched, players 8112/8382 matched
2026-08-24 01:45:38,397 INFO ncaa_identity: contest_id=190590 teams 2677/2677 matched, players 7512/7574 matched
2026-08-24 01:45:41,291 INFO ncaa_identity: contest_id=190664 teams 2156/2156 matched, players 5949/6056 matched
2026-08-24 01:45:44,397 INFO ncaa_identity: contest_id=190724 teams 1982/1982 matched, players 5365/5610 matched
2026-08-24 01:45:50,865 INFO ncaa_identity: contest_id=190841 teams 1361/2680 matched, players 3904/7585 matched
2026-08-24 01:45:53,281 INFO ncaa_identity: contest_id=190948 teams 2142/2142 matched, players 5446/5982 matched
2026-08-24 01:45:54,854 INFO ncaa_identity: contest_id=190989 teams 2302/2302 matched, players 6075/6458 matched
2026-08-24 01:46:00,101 INFO ncaa_identity: contest_id=191093 teams 1663/1663 matched, players 4382/4676 matched
2026-08-24 01:46:02,751 INFO ncaa_identity: contest_id=191137 teams 1124/2279 matched, players 3182/6436 matched
2026-08-24 01:46:10,992 INFO ncaa_identity: contest_id=191251 teams 1996/1996 matched, players 5236/5668 matched
2026-08-24 01:46:15,404 INFO ncaa_identity: contest_id=191349 teams 2217/2217 matched, players 6247/6286 matched
2026-08-24 01:46:18,456 INFO ncaa_identity: contest_id=191379 teams 2202/2202 matched, players 5719/6217 matched
2026-08-24 01:46:19,908 INFO ncaa_identity: contest_id=191431 teams 2431/2431 matched, players 6580/6877 matched
2026-08-24 01:46:21,600 INFO ncaa_identity: contest_id=191455 teams 2618/2618 matched, players 6940/7364 matched
2026-08-24 01:46:22,965 INFO ncaa_identity: contest_id=191482 teams 2571/2571 matched, players 6978/7294 matched
2026-08-24 01:46:24,281 INFO ncaa_identity: contest_id=191498 teams 2211/2211 matched, players 5775/6193 matched
2026-08-24 01:46:32,669 INFO ncaa_identity: contest_id=191696 teams 2296/2296 matched, players 6471/6473 matched
2026-08-24 01:46:34,098 INFO ncaa_identity: contest_id=191715 teams 2555/2555 matched, players 6613/7190 matched
2026-08-24 01:46:35,501 INFO ncaa_identity: contest_id=191729 teams 2456/2456 matched, players 6674/6963 matched
2026-08-24 01:46:40,045 INFO ncaa_identity: contest_id=191785 teams 2270/2270 matched, players 5918/6384 matched
2026-08-24 01:46:41,328 INFO ncaa_identity: contest_id=191797 teams 2270/2270 matched, players 5841/6427 matched
2026-08-24 01:46:46,279 INFO ncaa_identity: contest_id=191850 teams 2459/2459 matched, players 5350/6957 matched
2026-08-24 01:46:50,603 INFO ncaa_identity: contest_id=191950 teams 2026/2026 matched, players 5550/5697 matched
2026-08-24 01:47:03,115 INFO ncaa_identity: contest_id=192088 teams 1949/1949 matched, players 5398/5488 matched
2026-08-24 01:47:07,646 INFO ncaa_identity: contest_id=192145 teams 1831/1831 matched, players 4339/5158 matched
2026-08-24 01:47:09,030 INFO ncaa_identity: contest_id=192155 teams 2382/2382 matched, players 6373/6716 matched
2026-08-24 01:47:10,748 INFO ncaa_identity: contest_id=192165 teams 2521/2521 matched, players 6557/7140 matched
2026-08-24 01:47:12,376 INFO ncaa_identity: contest_id=192175 teams 2101/2101 matched, players 5123/5900 matched
2026-08-24 01:47:15,814 INFO ncaa_identity: contest_id=192215 teams 2623/2623 matched, players 7263/7353 matched
2026-08-24 01:47:18,772 INFO ncaa_identity: contest_id=192278 teams 2456/2456 matched, players 6791/6974 matched
2026-08-24 01:47:21,313 INFO ncaa_identity: contest_id=192318 teams 2107/2107 matched, players 5180/5890 matched
2026-08-24 01:47:22,751 INFO ncaa_identity: contest_id=192328 teams 2268/2268 matched, players 5914/6450 matched
2026-08-24 01:47:24,302 INFO ncaa_identity: contest_id=192338 teams 2171/2171 matched, players 4757/6096 matched
2026-08-24 01:47:27,275 INFO ncaa_identity: contest_id=192358 teams 1975/1975 matched, players 5431/5606 matched
2026-08-24 01:47:36,081 INFO ncaa_identity: contest_id=192471 teams 2274/2274 matched, players 5949/6415 matched
2026-08-24 01:47:40,534 INFO ncaa_identity: contest_id=192520 teams 2220/2220 matched, players 5826/6258 matched
2026-08-24 01:47:42,395 INFO ncaa_identity: contest_id=192530 teams 2928/2928 matched, players 7844/8219 matched
2026-08-24 01:47:43,915 INFO ncaa_identity: contest_id=192540 teams 2710/2710 matched, players 5970/7685 matched
2026-08-24 01:47:48,415 INFO ncaa_identity: contest_id=192570 teams 2441/2441 matched, players 6725/6868 matched
2026-08-24 01:47:51,314 INFO ncaa_identity: contest_id=192590 teams 2395/2395 matched, players 6318/6757 matched
2026-08-24 01:47:52,688 INFO ncaa_identity: contest_id=192601 teams 2167/2167 matched, players 728/779 matched
2026-08-24 01:47:54,485 INFO ncaa_identity: contest_id=192611 teams 2373/2373 matched, players 6627/6682 matched
2026-08-24 01:47:59,012 INFO ncaa_identity: contest_id=192641 teams 2032/2032 matched, players 5240/5728 matched
2026-08-24 01:48:00,413 INFO ncaa_identity: contest_id=192656 teams 2522/2522 matched, players 6940/7134 matched
2026-08-24 01:48:03,845 INFO ncaa_identity: contest_id=192680 teams 2148/2148 matched, players 5808/6024 matched
2026-08-24 01:48:05,361 INFO ncaa_identity: contest_id=192690 teams 2487/2487 matched, players 6469/6952 matched
2026-08-24 01:48:06,866 INFO ncaa_identity: contest_id=192706 teams 2200/2200 matched, players 5660/6178 matched
2026-08-24 01:48:08,195 INFO ncaa_identity: contest_id=192736 teams 2318/2318 matched, players 6079/6522 matched
2026-08-24 01:48:11,210 INFO ncaa_identity: contest_id=192773 teams 1825/1825 matched, players 4676/5140 matched
2026-08-24 01:48:12,721 INFO ncaa_identity: contest_id=192803 teams 1120/2230 matched, players 3169/6333 matched
2026-08-24 01:48:16,848 INFO ncaa_identity: contest_id=192834 teams 2100/2100 matched, players 5893/5916 matched
2026-08-24 01:48:18,828 INFO ncaa_identity: contest_id=192844 teams 2426/2426 matched, players 6452/6865 matched
2026-08-24 01:48:23,076 INFO ncaa_identity: contest_id=192876 teams 2047/2047 matched, players 5352/5811 matched
2026-08-24 01:48:31,815 INFO ncaa_identity: contest_id=192944 teams 2573/2573 matched, players 7112/7286 matched
2026-08-24 01:48:35,018 INFO ncaa_identity: contest_id=10062 teams 1204/2312 matched, players 3291/6523 matched
2026-08-24 01:48:38,463 INFO ncaa_identity: contest_id=10086 teams 1417/2802 matched, players 3875/7885 matched
2026-08-24 01:48:41,610 INFO ncaa_identity: contest_id=10121 teams 2506/2506 matched, players 6920/7091 matched
2026-08-24 01:48:43,497 INFO ncaa_identity: contest_id=10133 teams 1452/2847 matched, players 3956/7963 matched
2026-08-24 01:48:45,114 INFO ncaa_identity: contest_id=10143 teams 2157/2157 matched, players 925/927 matched
2026-08-24 01:48:46,607 INFO ncaa_identity: contest_id=10157 teams 1235/2488 matched, players 3487/7008 matched
2026-08-24 01:48:48,250 INFO ncaa_identity: contest_id=10171 teams 2828/2828 matched, players 7985/8049 matched
2026-08-24 01:48:51,686 INFO ncaa_identity: contest_id=10199 teams 2656/2656 matched, players 6551/7527 matched
2026-08-24 01:48:55,365 INFO ncaa_identity: contest_id=10225 teams 1603/3222 matched, players 4430/9179 matched
2026-08-24 01:48:58,243 INFO ncaa_identity: contest_id=10301 teams 2489/2489 matched, players 6454/7042 matched
2026-08-24 01:48:59,988 INFO ncaa_identity: contest_id=10334 teams 1375/2699 matched, players 3751/7628 matched
2026-08-24 01:49:01,613 INFO ncaa_identity: contest_id=10355 teams 1369/2690 matched, players 3513/7600 matched
2026-08-24 01:49:04,685 INFO ncaa_identity: contest_id=10490 teams 2271/2271 matched, players 5658/6434 matched
2026-08-24 01:49:06,380 INFO ncaa_identity: contest_id=10504 teams 2467/2467 matched, players 6372/6981 matched
2026-08-24 01:49:08,001 INFO ncaa_identity: contest_id=10514 teams 1380/2747 matched, players 3840/7762 matched
2026-08-24 01:49:11,294 INFO ncaa_identity: contest_id=10538 teams 1145/2266 matched, players 3178/6378 matched
2026-08-24 01:49:14,640 INFO ncaa_identity: contest_id=10585 teams 2528/2528 matched, players 7100/7136 matched
2026-08-24 01:49:16,150 INFO ncaa_identity: contest_id=10597 teams 1394/2674 matched, players 3823/7527 matched
2026-08-24 01:49:18,020 INFO ncaa_identity: contest_id=10608 teams 1340/2649 matched, players 3726/7447 matched
2026-08-24 01:49:19,491 INFO ncaa_identity: contest_id=10619 teams 2463/2463 matched, players 6398/6921 matched
2026-08-24 01:49:21,212 INFO ncaa_identity: contest_id=10629 teams 1957/1957 matched, players 4506/5486 matched
2026-08-24 01:49:22,586 INFO ncaa_identity: contest_id=10640 teams 2745/2745 matched, players 6790/7759 matched
2026-08-24 01:49:24,311 INFO ncaa_identity: contest_id=10652 teams 1444/2839 matched, players 4021/8030 matched
2026-08-24 01:49:28,440 INFO ncaa_identity: contest_id=10694 teams 2705/2705 matched, players 7121/7697 matched
2026-08-24 01:49:29,861 INFO ncaa_identity: contest_id=10719 teams 2626/2626 matched, players 7322/7390 matched
2026-08-24 01:49:33,520 INFO ncaa_identity: contest_id=10751 teams 1238/2465 matched, players 3459/6953 matched
2026-08-24 01:49:35,146 INFO ncaa_identity: contest_id=10779 teams 2904/2904 matched, players 8072/8258 matched
2026-08-24 01:49:39,967 INFO ncaa_identity: contest_id=10864 teams 2586/2586 matched, players 7031/7316 matched
2026-08-24 01:49:42,776 INFO ncaa_identity: contest_id=11009 teams 2127/2127 matched, players 5761/5991 matched
2026-08-24 01:49:44,209 INFO ncaa_identity: contest_id=11023 teams 1100/2136 matched, players 2980/5954 matched
2026-08-24 01:49:45,905 INFO ncaa_identity: contest_id=11039 teams 1229/2374 matched, players 3419/6679 matched
2026-08-24 01:49:49,092 INFO ncaa_identity: contest_id=11077 teams 1406/2819 matched, players 3784/7981 matched
2026-08-24 01:49:50,438 INFO ncaa_identity: contest_id=11087 teams 2490/2490 matched, players 6578/7037 matched
2026-08-24 01:49:59,011 INFO ncaa_identity: contest_id=11252 teams 2614/2614 matched, players 7197/7367 matched
2026-08-24 01:50:00,337 INFO ncaa_identity: contest_id=11276 teams 1225/2485 matched, players 3532/7046 matched
2026-08-24 01:50:04,535 INFO ncaa_identity: contest_id=11408 teams 2048/2048 matched, players 5276/5759 matched
2026-08-24 01:50:06,005 INFO ncaa_identity: contest_id=11441 teams 2421/2421 matched, players 6483/6849 matched
2026-08-24 01:50:09,186 INFO ncaa_identity: contest_id=11507 teams 2282/2282 matched, players 5850/6387 matched
2026-08-24 01:50:10,490 INFO ncaa_identity: contest_id=11609 teams 2247/2247 matched, players 5878/6365 matched
2026-08-24 01:50:21,631 INFO ncaa_identity: contest_id=11802 teams 1807/1807 matched, players 671/681 matched
2026-08-24 01:50:23,736 INFO ncaa_identity: contest_id=11842 teams 2890/2890 matched, players 7966/8171 matched
2026-08-24 01:50:25,161 INFO ncaa_identity: contest_id=11856 teams 2476/2476 matched, players 6569/7024 matched
2026-08-24 01:50:26,933 INFO ncaa_identity: contest_id=11875 teams 2160/2160 matched, players 5175/6069 matched
2026-08-24 01:50:28,224 INFO ncaa_identity: contest_id=11893 teams 2483/2483 matched, players 6284/7020 matched
2026-08-24 01:50:31,290 INFO ncaa_identity: contest_id=11927 teams 2254/2254 matched, players 5803/6333 matched
2026-08-24 01:50:32,716 INFO ncaa_identity: contest_id=11939 teams 1439/2766 matched, players 3921/7828 matched
2026-08-24 01:50:34,582 INFO ncaa_identity: contest_id=11968 teams 1535/3021 matched, players 3857/8498 matched
2026-08-24 01:50:36,012 INFO ncaa_identity: contest_id=12010 teams 2196/2196 matched, players 5742/6204 matched
2026-08-24 01:50:39,169 INFO ncaa_identity: contest_id=12146 teams 2706/2706 matched, players 7551/7649 matched
2026-08-24 01:50:43,910 INFO ncaa_identity: contest_id=12230 teams 2486/2486 matched, players 6956/6969 matched
2026-08-24 01:50:45,266 INFO ncaa_identity: contest_id=12252 teams 1196/2363 matched, players 3405/6689 matched
2026-08-24 01:50:49,565 INFO ncaa_identity: contest_id=12308 teams 1253/2432 matched, players 3453/6861 matched
2026-08-24 01:50:56,271 INFO ncaa_identity: contest_id=12362 teams 2401/2401 matched, players 6061/6739 matched
2026-08-24 01:50:57,935 INFO ncaa_identity: contest_id=12372 teams 2438/2438 matched, players 5915/6873 matched
2026-08-24 01:51:01,355 INFO ncaa_identity: contest_id=12394 teams 1219/2331 matched, players 3061/6553 matched
2026-08-24 01:51:05,881 INFO ncaa_identity: contest_id=12446 teams 2443/2443 matched, players 6771/6911 matched
2026-08-24 01:51:08,631 INFO ncaa_identity: contest_id=12491 teams 2028/2028 matched, players 5086/5728 matched
2026-08-24 01:51:15,951 INFO ncaa_identity: contest_id=12605 teams 2241/2241 matched, players 5796/6319 matched
2026-08-24 01:51:20,705 INFO ncaa_identity: contest_id=12733 teams 2417/2417 matched, players 6418/6838 matched
2026-08-24 01:51:25,126 INFO ncaa_identity: contest_id=12827 teams 1148/2197 matched, players 3166/6222 matched
2026-08-24 01:51:26,737 INFO ncaa_identity: contest_id=12850 teams 2000/2000 matched, players 5478/5605 matched
2026-08-24 01:51:29,930 INFO ncaa_identity: contest_id=12882 teams 2469/2469 matched, players 6599/6920 matched
2026-08-24 01:51:33,081 INFO ncaa_identity: contest_id=12950 teams 2460/2460 matched, players 6928/6934 matched
2026-08-24 01:51:36,162 INFO ncaa_identity: contest_id=12995 teams 2449/2449 matched, players 6384/6923 matched
2026-08-24 01:51:39,288 INFO ncaa_identity: contest_id=13063 teams 2380/2380 matched, players 6649/6702 matched
2026-08-24 01:51:42,796 INFO ncaa_identity: contest_id=13102 teams 2595/2595 matched, players 6793/7302 matched
2026-08-24 01:51:44,324 INFO ncaa_identity: contest_id=13116 teams 3111/3111 matched, players 7937/8809 matched
2026-08-24 01:51:46,057 INFO ncaa_identity: contest_id=13155 teams 1098/2233 matched, players 3116/6321 matched
2026-08-24 01:51:48,455 INFO ncaa_identity: contest_id=13226 teams 2177/2177 matched, players 5942/6136 matched
2026-08-24 01:51:54,901 INFO ncaa_identity: contest_id=13309 teams 2455/2455 matched, players 6740/6911 matched
2026-08-24 01:51:56,467 INFO ncaa_identity: contest_id=13350 teams 2350/2350 matched, players 6521/6577 matched
2026-08-24 01:51:59,780 INFO ncaa_identity: contest_id=13426 teams 1262/2509 matched, players 3519/7061 matched
2026-08-24 01:52:01,454 INFO ncaa_identity: contest_id=13452 teams 1141/2250 matched, players 2904/6278 matched
2026-08-24 01:52:04,706 INFO ncaa_identity: contest_id=13538 teams 2703/2703 matched, players 7549/7664 matched
2026-08-24 01:52:06,188 INFO ncaa_identity: contest_id=13566 teams 1251/2449 matched, players 3475/6904 matched
2026-08-24 01:52:07,503 INFO ncaa_identity: contest_id=13615 teams 2173/2173 matched, players 6083/6125 matched
2026-08-24 01:52:09,324 INFO ncaa_identity: contest_id=13650 teams 1198/2402 matched, players 3420/6732 matched
2026-08-24 01:52:17,111 INFO ncaa_identity: contest_id=13783 teams 2275/2275 matched, players 5760/6380 matched
2026-08-24 01:52:21,335 INFO ncaa_identity: contest_id=13909 teams 2257/2257 matched, players 6084/6358 matched
2026-08-24 01:52:24,409 INFO ncaa_identity: contest_id=14011 teams 1376/2605 matched, players 3710/7398 matched
2026-08-24 01:52:25,983 INFO ncaa_identity: contest_id=14042 teams 1957/1957 matched, players 5224/5527 matched
2026-08-24 01:52:27,378 INFO ncaa_identity: contest_id=14079 teams 2127/2127 matched, players 5954/5966 matched
2026-08-24 01:52:32,387 INFO ncaa_identity: contest_id=14140 teams 1036/2092 matched, players 2951/5850 matched
2026-08-24 01:52:34,060 INFO ncaa_identity: contest_id=14157 teams 2320/2320 matched, players 6070/6540 matched
2026-08-24 01:52:36,772 INFO ncaa_identity: contest_id=14202 teams 2277/2277 matched, players 5679/6435 matched
2026-08-24 01:52:40,029 INFO ncaa_identity: contest_id=14256 teams 2837/2837 matched, players 7926/8053 matched
2026-08-24 01:52:50,645 INFO ncaa_identity: contest_id=14432 teams 2165/2165 matched, players 5595/6137 matched
2026-08-24 01:52:52,414 INFO ncaa_identity: contest_id=14481 teams 2321/2321 matched, players 6194/6489 matched
2026-08-24 01:52:55,339 INFO ncaa_identity: contest_id=14593 teams 1144/2246 matched, players 3201/6341 matched
2026-08-24 01:53:02,987 INFO ncaa_identity: contest_id=14775 teams 2562/2562 matched, players 6998/7217 matched
2026-08-24 01:53:04,275 INFO ncaa_identity: contest_id=14789 teams 1317/2657 matched, players 3775/7512 matched
2026-08-24 01:53:07,455 INFO ncaa_identity: contest_id=14849 teams 1154/2294 matched, players 2831/6444 matched
2026-08-24 01:53:10,448 INFO ncaa_identity: contest_id=14919 teams 2057/2057 matched, players 5370/5764 matched
2026-08-24 01:53:11,780 INFO ncaa_identity: contest_id=14965 teams 1201/2415 matched, players 3401/6845 matched
2026-08-24 01:53:17,769 INFO ncaa_identity: contest_id=15074 teams 1088/2179 matched, players 3079/6136 matched
2026-08-24 01:53:19,294 INFO ncaa_identity: contest_id=15095 teams 1247/2467 matched, players 3489/6936 matched
2026-08-24 01:53:22,336 INFO ncaa_identity: contest_id=15150 teams 2502/2502 matched, players 6205/7081 matched
2026-08-24 01:53:23,665 INFO ncaa_identity: contest_id=15162 teams 1088/2175 matched, players 3060/6059 matched
2026-08-24 01:53:28,297 INFO ncaa_identity: contest_id=15247 teams 1986/1986 matched, players 5121/5593 matched
2026-08-24 01:53:30,996 INFO ncaa_identity: contest_id=15308 teams 2275/2275 matched, players 6270/6421 matched
2026-08-24 01:53:34,161 INFO ncaa_identity: contest_id=15382 teams 1182/2353 matched, players 3336/6628 matched
2026-08-24 01:53:37,234 INFO ncaa_identity: contest_id=15423 teams 1145/2238 matched, players 2971/6300 matched
2026-08-24 01:53:38,597 INFO ncaa_identity: contest_id=15459 teams 2691/2691 matched, players 7431/7593 matched
2026-08-24 01:53:41,921 INFO ncaa_identity: contest_id=15496 teams 2213/2213 matched, players 5371/6228 matched
2026-08-24 01:53:43,540 INFO ncaa_identity: contest_id=15533 teams 2447/2447 matched, players 6221/6978 matched
2026-08-24 01:53:45,817 INFO ncaa_identity: contest_id=15613 teams 1083/2117 matched, players 3029/5984 matched
2026-08-24 01:53:47,371 INFO ncaa_identity: contest_id=15632 teams 2327/2327 matched, players 6042/6562 matched
2026-08-24 01:53:48,933 INFO ncaa_identity: contest_id=15662 teams 2684/2684 matched, players 7145/7552 matched
2026-08-24 01:53:50,505 INFO ncaa_identity: contest_id=15678 teams 2449/2449 matched, players 6491/6928 matched
2026-08-24 01:53:51,879 INFO ncaa_identity: contest_id=15694 teams 2384/2384 matched, players 6003/6699 matched
2026-08-24 01:53:53,377 INFO ncaa_identity: contest_id=15725 teams 2287/2287 matched, players 5935/6460 matched
2026-08-24 01:53:55,038 INFO ncaa_identity: contest_id=15759 teams 2212/2212 matched, players 5656/6246 matched
2026-08-24 01:53:56,257 INFO ncaa_identity: contest_id=15783 teams 2159/2159 matched, players 5931/6081 matched
2026-08-24 01:53:57,391 INFO ncaa_identity: contest_id=15805 teams 1199/2257 matched, players 3189/6382 matched
2026-08-24 01:53:59,226 INFO ncaa_identity: contest_id=15839 teams 2674/2674 matched, players 7251/7548 matched
2026-08-24 01:54:04,423 INFO ncaa_identity: contest_id=15961 teams 2408/2408 matched, players 6202/6810 matched
2026-08-24 01:54:07,254 INFO ncaa_identity: contest_id=16002 teams 1967/1967 matched, players 5086/5529 matched
2026-08-24 01:54:09,346 INFO ncaa_identity: contest_id=16033 teams 2408/2408 matched, players 6483/6786 matched
2026-08-24 01:54:15,132 INFO ncaa_identity: contest_id=16120 teams 1028/2098 matched, players 2985/5917 matched
2026-08-24 01:54:19,479 INFO ncaa_identity: contest_id=16166 teams 2434/2434 matched, players 6435/6882 matched
2026-08-24 01:54:20,765 INFO ncaa_identity: contest_id=16177 teams 2649/2649 matched, players 7164/7500 matched
2026-08-24 01:54:22,392 INFO ncaa_identity: contest_id=16194 teams 2160/2160 matched, players 5791/6106 matched
2026-08-24 01:54:23,930 INFO ncaa_identity: contest_id=16212 teams 2108/2108 matched, players 5716/5936 matched
2026-08-24 01:54:28,269 INFO ncaa_identity: contest_id=16242 teams 1999/1999 matched, players 5106/5663 matched
2026-08-24 01:54:31,517 INFO ncaa_identity: contest_id=16263 teams 2453/2453 matched, players 6475/6974 matched
2026-08-24 01:54:34,503 INFO ncaa_identity: contest_id=16285 teams 2457/2457 matched, players 6042/6926 matched
2026-08-24 01:54:35,890 INFO ncaa_identity: contest_id=16295 teams 2429/2429 matched, players 6265/6820 matched
2026-08-24 01:54:42,203 INFO ncaa_identity: contest_id=16337 teams 2319/2319 matched, players 6512/6516 matched
2026-08-24 01:54:48,166 INFO ncaa_identity: contest_id=16382 teams 1090/2223 matched, players 3148/6275 matched
2026-08-24 01:54:50,960 INFO ncaa_identity: contest_id=16407 teams 2253/2253 matched, players 5998/6384 matched
2026-08-24 01:54:52,601 INFO ncaa_identity: contest_id=16428 teams 1160/2294 matched, players 3260/6450 matched
2026-08-24 01:54:53,859 INFO ncaa_identity: contest_id=16456 teams 1009/2037 matched, players 2845/5741 matched
2026-08-24 01:54:55,364 INFO ncaa_identity: contest_id=16485 teams 2424/2424 matched, players 6514/6846 matched
2026-08-24 01:54:56,794 INFO ncaa_identity: contest_id=16498 teams 1548/3040 matched, players 3364/8715 matched
2026-08-24 01:55:03,207 INFO ncaa_identity: contest_id=16639 teams 2583/2583 matched, players 6633/7263 matched
2026-08-24 01:55:04,579 INFO ncaa_identity: contest_id=16656 teams 944/1894 matched, players 2400/5297 matched
2026-08-24 01:55:07,650 INFO ncaa_identity: contest_id=16706 teams 2612/2612 matched, players 6635/7346 matched
2026-08-24 01:55:09,307 INFO ncaa_identity: contest_id=16725 teams 2267/2267 matched, players 6199/6423 matched
2026-08-24 01:55:10,726 INFO ncaa_identity: contest_id=16759 teams 2329/2329 matched, players 6020/6601 matched
2026-08-24 01:55:11,876 INFO ncaa_identity: contest_id=16785 teams 2151/2151 matched, players 5928/6070 matched
2026-08-24 01:55:13,204 INFO ncaa_identity: contest_id=16829 teams 2450/2450 matched, players 6773/6903 matched
2026-08-24 01:55:16,147 INFO ncaa_identity: contest_id=16957 teams 2210/2210 matched, players 5631/6181 matched
2026-08-24 01:55:17,517 INFO ncaa_identity: contest_id=16979 teams 2345/2345 matched, players 6296/6591 matched
2026-08-24 01:55:18,930 INFO ncaa_identity: contest_id=16994 teams 1051/2085 matched, players 3014/5887 matched
2026-08-24 01:55:24,715 INFO ncaa_identity: contest_id=17068 teams 2341/2341 matched, players 6296/6580 matched
2026-08-24 01:55:28,800 INFO ncaa_identity: contest_id=17136 teams 2230/2230 matched, players 5841/6335 matched
2026-08-24 01:55:30,360 INFO ncaa_identity: contest_id=17163 teams 2846/2846 matched, players 7547/8075 matched
2026-08-24 01:55:33,426 INFO ncaa_identity: contest_id=17205 teams 2592/2592 matched, players 6289/7327 matched
2026-08-24 01:55:37,380 INFO ncaa_identity: contest_id=17375 teams 2004/2004 matched, players 5388/5664 matched
2026-08-24 01:55:39,252 INFO ncaa_identity: contest_id=17390 teams 2944/2944 matched, players 7811/8357 matched
2026-08-24 01:55:40,514 INFO ncaa_identity: contest_id=17409 teams 0/2226 matched, players 0/6298 matched
2026-08-24 01:55:44,894 INFO ncaa_identity: contest_id=17490 teams 1132/2275 matched, players 3225/6436 matched
2026-08-24 01:55:47,834 INFO ncaa_identity: contest_id=17572 teams 2504/2504 matched, players 6710/7087 matched
2026-08-24 01:55:51,713 INFO ncaa_identity: contest_id=17654 teams 2305/2305 matched, players 5916/6506 matched
2026-08-24 01:55:59,548 INFO ncaa_identity: contest_id=17767 teams 2469/2469 matched, players 6408/6990 matched
2026-08-24 01:56:01,286 INFO ncaa_identity: contest_id=17791 teams 2275/2275 matched, players 5833/6386 matched
2026-08-24 01:56:02,555 INFO ncaa_identity: contest_id=17815 teams 2234/2234 matched, players 6234/6351 matched
2026-08-24 01:56:05,538 INFO ncaa_identity: contest_id=17894 teams 2440/2440 matched, players 5570/6899 matched
2026-08-24 01:56:08,311 INFO ncaa_identity: contest_id=18032 teams 2261/2261 matched, players 6325/6402 matched
2026-08-24 01:56:18,905 INFO ncaa_identity: contest_id=18232 teams 2339/2339 matched, players 5770/6596 matched
2026-08-24 01:56:21,644 INFO ncaa_identity: contest_id=18298 teams 2373/2373 matched, players 6065/6739 matched
2026-08-24 01:56:24,314 INFO 5 starters not found for period 3; using estimate
2026-08-24 01:56:34,842 INFO ncaa_identity: contest_id=18622 teams 1252/2539 matched, players 3575/7175 matched
2026-08-24 01:56:37,611 INFO ncaa_identity: contest_id=18703 teams 2241/2241 matched, players 5744/6314 matched
2026-08-24 01:56:40,049 INFO ncaa_identity: contest_id=18749 teams 1444/1444 matched, players 407/416 matched
2026-08-24 01:56:45,123 INFO ncaa_identity: contest_id=18865 teams 2391/2391 matched, players 6235/6793 matched
2026-08-24 01:56:49,025 INFO ncaa_identity: contest_id=18956 teams 2596/2596 matched, players 6829/7353 matched
2026-08-24 01:56:50,438 INFO ncaa_identity: contest_id=18995 teams 1977/1977 matched, players 4562/5556 matched
2026-08-24 01:56:54,496 INFO ncaa_identity: contest_id=19131 teams 1391/2721 matched, players 3857/7689 matched
2026-08-24 01:56:55,556 INFO ncaa_identity: contest_id=19169 teams 1828/1828 matched, players 4827/5161 matched
2026-08-24 01:57:03,008 INFO ncaa_identity: contest_id=19317 teams 2358/2358 matched, players 6602/6618 matched
2026-08-24 01:57:04,753 INFO ncaa_identity: contest_id=19338 teams 1857/1857 matched, players 4841/5233 matched
2026-08-24 01:57:06,154 INFO ncaa_identity: contest_id=19378 teams 2378/2378 matched, players 6490/6727 matched
2026-08-24 01:57:07,708 INFO ncaa_identity: contest_id=19396 teams 2184/2184 matched, players 5687/6105 matched
2026-08-24 01:57:09,225 INFO ncaa_identity: contest_id=19420 teams 2089/2089 matched, players 5445/5910 matched
2026-08-24 01:57:13,419 INFO ncaa_identity: contest_id=19585 teams 2285/2285 matched, players 6115/6437 matched
2026-08-24 01:57:14,736 INFO ncaa_identity: contest_id=19602 teams 2350/2350 matched, players 6328/6626 matched
2026-08-24 01:57:17,733 INFO ncaa_identity: contest_id=19635 teams 1038/2056 matched, players 2870/5774 matched
2026-08-24 01:57:18,986 INFO ncaa_identity: contest_id=19658 teams 2325/2325 matched, players 6193/6525 matched
2026-08-24 01:57:20,615 INFO ncaa_identity: contest_id=19682 teams 2371/2371 matched, players 6690/6722 matched
2026-08-24 01:57:21,622 INFO ncaa_identity: contest_id=19714 teams 1982/1982 matched, players 5058/5578 matched
2026-08-24 01:57:24,102 INFO ncaa_identity: contest_id=19819 teams 2551/2551 matched, players 6452/7208 matched
2026-08-24 01:57:26,674 INFO ncaa_identity: contest_id=19864 teams 2732/2732 matched, players 7462/7774 matched
2026-08-24 01:57:28,081 INFO ncaa_identity: contest_id=19876 teams 2401/2401 matched, players 6496/6761 matched
2026-08-24 01:57:29,239 INFO ncaa_identity: contest_id=19895 teams 2193/2193 matched, players 5539/6180 matched
2026-08-24 01:57:35,584 INFO ncaa_identity: contest_id=20062 teams 1947/1947 matched, players 5139/5492 matched
2026-08-24 01:57:36,783 INFO ncaa_identity: contest_id=20089 teams 2370/2370 matched, players 6161/6677 matched
2026-08-24 01:57:38,452 INFO ncaa_identity: contest_id=20114 teams 2220/2220 matched, players 5887/6273 matched
2026-08-24 01:57:39,855 INFO ncaa_identity: contest_id=20193 teams 2692/2692 matched, players 6821/7597 matched
2026-08-24 01:57:42,790 INFO ncaa_identity: contest_id=20281 teams 2215/2215 matched, players 5951/6299 matched
2026-08-24 01:57:48,530 INFO ncaa_identity: contest_id=20388 teams 1360/2704 matched, players 3918/7673 matched
2026-08-24 01:57:49,904 INFO ncaa_identity: contest_id=20413 teams 1385/2718 matched, players 3816/7778 matched
2026-08-24 01:57:53,473 INFO ncaa_identity: contest_id=20516 teams 2060/2060 matched, players 5596/5824 matched
2026-08-24 01:57:54,714 INFO ncaa_identity: contest_id=20543 teams 2270/2270 matched, players 5885/6398 matched
2026-08-24 01:58:02,554 INFO ncaa_identity: contest_id=20750 teams 2634/2634 matched, players 6819/7446 matched
2026-08-24 01:58:03,926 INFO ncaa_identity: contest_id=20787 teams 2372/2372 matched, players 6670/6727 matched
2026-08-24 01:58:04,972 INFO ncaa_identity: contest_id=20810 teams 1060/2136 matched, players 2885/6014 matched
2026-08-24 01:58:06,265 INFO ncaa_identity: contest_id=20845 teams 2327/2327 matched, players 6328/6540 matched
2026-08-24 01:58:08,476 INFO ncaa_identity: contest_id=20937 teams 2584/2584 matched, players 6777/7349 matched
2026-08-24 01:58:13,098 INFO ncaa_identity: contest_id=21021 teams 2407/2407 matched, players 6616/6775 matched
2026-08-24 01:58:14,141 INFO ncaa_identity: contest_id=21053 teams 2104/2104 matched, players 5533/5961 matched
2026-08-24 01:58:18,511 INFO ncaa_identity: contest_id=21117 teams 1213/2390 matched, players 3206/6713 matched
2026-08-24 01:58:19,995 INFO ncaa_identity: contest_id=21143 teams 2250/2250 matched, players 5407/6320 matched
2026-08-24 01:58:27,426 INFO ncaa_identity: contest_id=21375 teams 1734/1734 matched, players 4479/4884 matched
2026-08-24 01:58:28,933 INFO ncaa_identity: contest_id=21392 teams 2245/2245 matched, players 6233/6298 matched
2026-08-24 01:58:30,621 INFO ncaa_identity: contest_id=21419 teams 2630/2630 matched, players 6889/7471 matched
2026-08-24 01:58:31,855 INFO ncaa_identity: contest_id=21435 teams 2270/2270 matched, players 6053/6399 matched
2026-08-24 01:58:36,762 INFO ncaa_identity: contest_id=21555 teams 2285/2285 matched, players 5933/6479 matched
2026-08-24 01:58:40,371 INFO ncaa_identity: contest_id=21640 teams 2135/2135 matched, players 5711/6054 matched
2026-08-24 01:58:41,767 INFO ncaa_identity: contest_id=21690 teams 2594/2594 matched, players 6662/7356 matched
2026-08-24 01:58:45,531 INFO ncaa_identity: contest_id=21808 teams 2473/2473 matched, players 6516/6987 matched
2026-08-24 01:58:47,012 INFO ncaa_identity: contest_id=21841 teams 2097/2097 matched, players 5678/5917 matched
2026-08-24 01:58:48,413 INFO ncaa_identity: contest_id=21863 teams 1146/2266 matched, players 3216/6399 matched
2026-08-24 01:58:52,046 INFO ncaa_identity: contest_id=21952 teams 1037/2086 matched, players 2925/5910 matched
2026-08-24 01:58:53,688 INFO ncaa_identity: contest_id=22005 teams 2086/2086 matched, players 5334/5884 matched
2026-08-24 01:58:56,038 INFO ncaa_identity: contest_id=22045 teams 1977/1977 matched, players 5395/5587 matched
2026-08-24 01:59:02,925 INFO ncaa_identity: contest_id=22161 teams 2241/2241 matched, players 6322/6363 matched
2026-08-24 01:59:04,407 INFO ncaa_identity: contest_id=22193 teams 2312/2312 matched, players 6035/6496 matched
2026-08-24 01:59:08,345 INFO ncaa_identity: contest_id=22309 teams 2609/2609 matched, players 7265/7339 matched
2026-08-24 01:59:15,847 INFO ncaa_identity: contest_id=22542 teams 2289/2289 matched, players 5921/6475 matched
2026-08-24 01:59:18,158 INFO ncaa_identity: contest_id=22592 teams 2313/2313 matched, players 5942/6533 matched
2026-08-24 01:59:19,463 INFO ncaa_identity: contest_id=22629 teams 2049/2049 matched, players 5273/5773 matched
2026-08-24 01:59:23,732 INFO ncaa_identity: contest_id=22734 teams 2421/2421 matched, players 6340/6829 matched
2026-08-24 01:59:24,869 INFO ncaa_identity: contest_id=22795 teams 2315/2315 matched, players 5639/6533 matched
2026-08-24 01:59:26,506 INFO ncaa_identity: contest_id=22830 teams 1167/2405 matched, players 3408/6798 matched
2026-08-24 01:59:27,760 INFO ncaa_identity: contest_id=22848 teams 2229/2229 matched, players 5824/6262 matched
2026-08-24 01:59:29,796 INFO 5 starters not found for period 3; using estimate
2026-08-24 01:59:32,088 INFO ncaa_identity: contest_id=22911 teams 2474/2474 matched, players 6269/6956 matched
2026-08-24 01:59:37,856 INFO ncaa_identity: contest_id=23076 teams 2091/2091 matched, players 5352/5925 matched
2026-08-24 01:59:45,612 INFO ncaa_identity: contest_id=23235 teams 2327/2327 matched, players 6428/6457 matched
2026-08-24 01:59:47,199 INFO ncaa_identity: contest_id=23247 teams 2453/2453 matched, players 6568/6926 matched
2026-08-24 01:59:49,880 INFO ncaa_identity: contest_id=23314 teams 2311/2311 matched, players 6256/6566 matched
2026-08-24 01:59:52,882 INFO ncaa_identity: contest_id=23397 teams 2530/2530 matched, players 6544/7174 matched
2026-08-24 01:59:54,393 INFO ncaa_identity: contest_id=23464 teams 2259/2259 matched, players 6092/6361 matched
2026-08-24 01:59:57,156 INFO ncaa_identity: contest_id=23548 teams 2478/2478 matched, players 6964/7014 matched
2026-08-24 01:59:59,793 INFO ncaa_identity: contest_id=23588 teams 1083/2116 matched, players 2796/5964 matched
2026-08-24 02:00:01,325 INFO ncaa_identity: contest_id=23609 teams 2340/2340 matched, players 5871/6591 matched
2026-08-24 02:00:05,716 INFO ncaa_identity: contest_id=23715 teams 2327/2327 matched, players 6396/6586 matched
2026-08-24 02:00:10,846 INFO ncaa_identity: contest_id=23833 teams 2072/2072 matched, players 5721/5856 matched
2026-08-24 02:00:12,201 INFO ncaa_identity: contest_id=23945 teams 2166/2166 matched, players 5862/6133 matched
2026-08-24 02:00:13,192 INFO ncaa_identity: contest_id=23961 teams 1828/1828 matched, players 4755/5135 matched
2026-08-24 02:00:20,083 INFO ncaa_identity: contest_id=24051 teams 2529/2529 matched, players 7039/7136 matched
2026-08-24 02:00:25,267 INFO ncaa_identity: contest_id=24175 teams 2533/2533 matched, players 6647/7177 matched
2026-08-24 02:00:29,103 INFO ncaa_identity: contest_id=24253 teams 2016/2016 matched, players 5553/5601 matched
2026-08-24 02:00:30,382 INFO ncaa_identity: contest_id=24277 teams 1977/1977 matched, players 5122/5567 matched
2026-08-24 02:00:31,670 INFO ncaa_identity: contest_id=24305 teams 1222/2496 matched, players 3313/7036 matched
2026-08-24 02:00:33,505 INFO ncaa_identity: contest_id=24322 teams 2261/2261 matched, players 6031/6433 matched
2026-08-24 02:00:48,101 INFO ncaa_identity: contest_id=24472 teams 2183/2183 matched, players 5934/6172 matched
2026-08-24 02:00:52,669 INFO ncaa_identity: contest_id=24539 teams 2120/2120 matched, players 5909/5983 matched
2026-08-24 02:00:57,840 INFO ncaa_identity: contest_id=24605 teams 2277/2277 matched, players 6040/6453 matched
2026-08-24 02:01:07,821 INFO ncaa_identity: contest_id=24627 teams 2439/2439 matched, players 6797/6877 matched
2026-08-24 02:01:11,854 INFO ncaa_identity: contest_id=24645 teams 1121/2224 matched, players 3133/6281 matched
2026-08-24 02:01:37,206 INFO ncaa_identity: contest_id=24806 teams 2166/2166 matched, players 5766/6109 matched
2026-08-24 02:01:55,751 INFO ncaa_identity: contest_id=24917 teams 2100/2100 matched, players 5753/5953 matched
2026-08-24 02:02:03,588 INFO 5 starters not found for period 3; using estimate
2026-08-24 02:02:10,089 INFO ncaa_identity: contest_id=24951 teams 2417/2417 matched, players 6189/6847 matched
2026-08-24 02:02:20,768 INFO 5 starters not found for period 3; using estimate
2026-08-24 02:02:25,790 INFO ncaa_identity: contest_id=25011 teams 2359/2359 matched, players 5734/6655 matched
2026-08-24 02:02:30,263 INFO ncaa_identity: contest_id=25030 teams 1306/2563 matched, players 3486/7217 matched
2026-08-24 02:02:35,352 INFO ncaa_identity: contest_id=25069 teams 1144/2273 matched, players 3257/6412 matched
2026-08-24 02:03:02,817 INFO ncaa_identity: contest_id=25236 teams 2239/2239 matched, players 6145/6332 matched
2026-08-24 02:03:08,169 INFO ncaa_identity: contest_id=25251 teams 1988/1988 matched, players 5519/5618 matched
2026-08-24 02:03:17,004 INFO ncaa_identity: contest_id=25273 teams 2194/2194 matched, players 5269/6178 matched
2026-08-24 02:03:27,973 INFO ncaa_identity: contest_id=25307 teams 2162/2162 matched, players 5585/6123 matched
2026-08-24 02:03:32,966 INFO ncaa_identity: contest_id=25325 teams 2095/2095 matched, players 5484/5928 matched
2026-08-24 02:03:45,252 INFO ncaa_identity: contest_id=25368 teams 2176/2176 matched, players 6001/6172 matched
2026-08-24 02:03:50,437 INFO ncaa_identity: contest_id=25389 teams 1132/2218 matched, players 3157/6268 matched
2026-08-24 02:04:00,105 INFO ncaa_identity: contest_id=25473 teams 2103/2103 matched, players 5354/5943 matched
2026-08-24 02:04:15,560 INFO ncaa_identity: contest_id=25528 teams 2456/2456 matched, players 6462/6900 matched
2026-08-24 02:04:21,084 INFO ncaa_identity: contest_id=25538 teams 2250/2250 matched, players 5821/6335 matched
2026-08-24 02:04:25,423 INFO ncaa_identity: contest_id=25572 teams 2490/2490 matched, players 6574/7037 matched
2026-08-24 02:04:29,319 INFO ncaa_identity: contest_id=25588 teams 2352/2352 matched, players 6325/6644 matched
2026-08-24 02:04:34,976 INFO ncaa_identity: contest_id=25598 teams 2404/2404 matched, players 6294/6795 matched
2026-08-24 02:04:47,277 INFO ncaa_identity: contest_id=25668 teams 2300/2300 matched, players 6278/6492 matched
2026-08-24 02:04:55,842 INFO ncaa_identity: contest_id=25688 teams 2107/2107 matched, players 5387/5949 matched
2026-08-24 02:05:16,229 INFO ncaa_identity: contest_id=25764 teams 2568/2568 matched, players 6735/7233 matched
2026-08-24 02:05:20,877 INFO ncaa_identity: contest_id=25803 teams 2031/2031 matched, players 5345/5740 matched
2026-08-24 02:05:45,760 INFO ncaa_identity: contest_id=25873 teams 2487/2487 matched, players 5970/6998 matched
2026-08-24 02:05:55,163 INFO ncaa_identity: contest_id=25893 teams 2239/2239 matched, players 5676/6316 matched
2026-08-24 02:06:04,705 INFO ncaa_identity: contest_id=25919 teams 2051/2051 matched, players 5680/5811 matched
2026-08-24 02:06:19,319 INFO ncaa_identity: contest_id=25999 teams 2250/2250 matched, players 5972/6296 matched
2026-08-24 02:06:22,739 INFO ncaa_identity: contest_id=26014 teams 2175/2175 matched, players 6000/6134 matched
2026-08-24 02:06:28,938 INFO ncaa_identity: contest_id=26032 teams 2619/2619 matched, players 7098/7427 matched
2026-08-24 02:06:36,212 INFO ncaa_identity: contest_id=26075 teams 2360/2360 matched, players 6495/6656 matched
2026-08-24 02:06:38,973 INFO ncaa_identity: contest_id=26095 teams 2117/2117 matched, players 5477/5988 matched
2026-08-24 02:06:40,352 INFO ncaa_identity: contest_id=26105 teams 2054/2054 matched, players 5268/5804 matched
2026-08-24 02:06:44,365 INFO ncaa_identity: contest_id=26136 teams 2386/2386 matched, players 6293/6674 matched
2026-08-24 02:06:45,955 INFO ncaa_identity: contest_id=26146 teams 2452/2452 matched, players 6885/6913 matched
2026-08-24 02:06:48,508 INFO ncaa_identity: contest_id=26173 teams 2597/2597 matched, players 6114/7307 matched
2026-08-24 02:06:51,106 INFO ncaa_identity: contest_id=26194 teams 2095/2095 matched, players 5702/5872 matched
2026-08-24 02:06:52,695 INFO ncaa_identity: contest_id=26208 teams 2614/2614 matched, players 6295/7406 matched
2026-08-24 02:06:53,595 INFO ncaa_identity: contest_id=26220 teams 1732/1732 matched, players 4415/4837 matched
2026-08-24 02:06:54,639 INFO ncaa_identity: contest_id=26254 teams 2035/2035 matched, players 5095/5725 matched
2026-08-24 02:06:56,373 INFO 5 starters not found for period 3; using estimate
2026-08-24 02:06:59,641 INFO ncaa_identity: contest_id=26318 teams 1974/1974 matched, players 5098/5575 matched
2026-08-24 02:07:04,152 INFO ncaa_identity: contest_id=26351 teams 2093/2093 matched, players 5574/5918 matched
2026-08-24 02:07:07,623 INFO ncaa_identity: contest_id=26371 teams 1998/1998 matched, players 5064/5621 matched
2026-08-24 02:07:11,236 INFO ncaa_identity: contest_id=26394 teams 2187/2187 matched, players 5697/6195 matched
2026-08-24 02:07:19,069 INFO ncaa_identity: contest_id=26441 teams 2795/2795 matched, players 3966/7878 matched
2026-08-24 02:07:22,563 INFO ncaa_identity: contest_id=1602668 teams 1271/2474 matched, players 2881/6949 matched
2026-08-24 02:07:24,414 INFO ncaa_identity: contest_id=1602678 teams 1408/2808 matched, players 4007/7942 matched
2026-08-24 02:07:26,077 INFO ncaa_identity: contest_id=1602688 teams 1299/2635 matched, players 4110/7368 matched
2026-08-24 02:07:27,837 INFO ncaa_identity: contest_id=1602698 teams 2545/2545 matched, players 6957/7191 matched
2026-08-24 02:07:29,349 INFO ncaa_identity: contest_id=1602708 teams 2791/2791 matched, players 7245/7907 matched
2026-08-24 02:07:31,630 INFO ncaa_identity: contest_id=1602718 teams 3185/3185 matched, players 8297/8310 matched
2026-08-24 02:07:34,213 INFO ncaa_identity: contest_id=1602729 teams 1413/2807 matched, players 3865/7644 matched
2026-08-24 02:07:37,672 INFO ncaa_identity: contest_id=1602749 teams 1264/2530 matched, players 3255/7121 matched
2026-08-24 02:07:41,077 INFO ncaa_identity: contest_id=1602770 teams 1577/3068 matched, players 3486/8684 matched
2026-08-24 02:07:42,913 INFO ncaa_identity: contest_id=1602780 teams 1346/2761 matched, players 3811/7561 matched
2026-08-24 02:07:44,301 INFO ncaa_identity: contest_id=1602790 teams 1466/2884 matched, players 3367/7900 matched
2026-08-24 02:07:49,207 INFO ncaa_identity: contest_id=1602822 teams 1356/2694 matched, players 3870/7606 matched
2026-08-24 02:07:50,681 INFO ncaa_identity: contest_id=1602832 teams 1469/2861 matched, players 4061/7983 matched
2026-08-24 02:07:53,852 INFO ncaa_identity: contest_id=1602873 teams 1407/2774 matched, players 3629/7793 matched
2026-08-24 02:07:56,977 INFO ncaa_identity: contest_id=1602989 teams 2672/2672 matched, players 6710/7552 matched
2026-08-24 02:08:01,218 INFO ncaa_identity: contest_id=1603036 teams 1263/2518 matched, players 3608/7107 matched
2026-08-24 02:08:02,977 INFO ncaa_identity: contest_id=1603054 teams 1215/2397 matched, players 3216/6772 matched
2026-08-24 02:08:04,544 INFO ncaa_identity: contest_id=1603086 teams 3030/3030 matched, players 7668/8333 matched
2026-08-24 02:08:06,678 INFO ncaa_identity: contest_id=1603120 teams 2401/2401 matched, players 290/492 matched
2026-08-24 02:08:11,399 INFO ncaa_identity: contest_id=1603209 teams 1096/2167 matched, players 3079/6127 matched
2026-08-24 02:08:14,487 INFO ncaa_identity: contest_id=1603358 teams 2361/2361 matched, players 305/497 matched
2026-08-24 02:08:16,262 INFO ncaa_identity: contest_id=1603376 teams 2476/2476 matched, players 270/474 matched
2026-08-24 02:08:17,408 INFO ncaa_identity: contest_id=1603393 teams 2111/2111 matched, players 215/378 matched
2026-08-24 02:08:19,044 INFO ncaa_identity: contest_id=1603434 teams 1223/2440 matched, players 3470/6920 matched
2026-08-24 02:08:22,115 INFO ncaa_identity: contest_id=1603482 teams 2926/2926 matched, players 7853/8028 matched
2026-08-24 02:08:24,924 INFO ncaa_identity: contest_id=1603517 teams 3309/3309 matched, players 9001/9373 matched
2026-08-24 02:08:26,099 INFO ncaa_identity: contest_id=1603530 teams 1151/2241 matched, players 2933/6302 matched
2026-08-24 02:08:28,873 INFO ncaa_identity: contest_id=1603562 teams 2689/2689 matched, players 7280/7613 matched
2026-08-24 02:08:31,713 INFO ncaa_identity: contest_id=1603606 teams 1221/2357 matched, players 3406/6636 matched
2026-08-24 02:08:35,035 INFO ncaa_identity: contest_id=1603657 teams 1203/2381 matched, players 3458/6706 matched
2026-08-24 02:08:36,188 INFO ncaa_identity: contest_id=1603674 teams 2069/2069 matched, players 5261/5865 matched
2026-08-24 02:08:37,485 INFO ncaa_identity: contest_id=1603699 teams 2314/2314 matched, players 6280/6545 matched
2026-08-24 02:08:40,080 INFO ncaa_identity: contest_id=1603774 teams 2393/2393 matched, players 6252/6782 matched
2026-08-24 02:08:41,940 INFO ncaa_identity: contest_id=1603789 teams 2513/2513 matched, players 6743/7112 matched
2026-08-24 02:08:46,112 INFO ncaa_identity: contest_id=1603888 teams 2149/2149 matched, players 5499/6048 matched
2026-08-24 02:08:53,761 INFO ncaa_identity: contest_id=1604027 teams 2245/2245 matched, players 6063/6297 matched
2026-08-24 02:08:55,353 INFO ncaa_identity: contest_id=1604095 teams 0/2822 matched, players 0/7973 matched
2026-08-24 02:08:58,454 INFO ncaa_identity: contest_id=1604138 teams 2257/2257 matched, players 6306/6335 matched
2026-08-24 02:09:00,070 INFO ncaa_identity: contest_id=1604159 teams 2434/2434 matched, players 6062/6893 matched
2026-08-24 02:09:03,907 INFO ncaa_identity: contest_id=1604375 teams 2279/2279 matched, players 6422/6439 matched
2026-08-24 02:09:06,981 INFO ncaa_identity: contest_id=1604512 teams 3335/3335 matched, players 8956/9267 matched
2026-08-24 02:09:13,100 INFO ncaa_identity: contest_id=1604733 teams 2284/2284 matched, players 6247/6475 matched
2026-08-24 02:09:14,500 INFO ncaa_identity: contest_id=1604757 teams 2522/2522 matched, players 6683/6917 matched
2026-08-24 02:09:20,571 INFO ncaa_identity: contest_id=1604830 teams 2538/2538 matched, players 6586/7165 matched
2026-08-24 02:09:22,062 INFO ncaa_identity: contest_id=1604846 teams 2485/2485 matched, players 6581/6834 matched
2026-08-24 02:09:23,775 INFO ncaa_identity: contest_id=1604871 teams 2310/2310 matched, players 6052/6499 matched
2026-08-24 02:09:25,006 INFO ncaa_identity: contest_id=1604941 teams 1177/2247 matched, players 3222/6327 matched
2026-08-24 02:09:26,737 INFO ncaa_identity: contest_id=1604963 teams 1454/2905 matched, players 4001/7957 matched
2026-08-24 02:09:29,360 INFO ncaa_identity: contest_id=1605133 teams 2445/2445 matched, players 6668/6878 matched
2026-08-24 02:09:32,051 INFO ncaa_identity: contest_id=1605197 teams 2235/2235 matched, players 5393/6298 matched
2026-08-24 02:09:35,401 INFO ncaa_identity: contest_id=1605227 teams 1337/2618 matched, players 3747/7353 matched
2026-08-24 02:09:38,467 INFO ncaa_identity: contest_id=1605276 teams 2316/2316 matched, players 6322/6348 matched
2026-08-24 02:09:40,657 INFO ncaa_identity: contest_id=1605300 teams 3328/3328 matched, players 8914/9179 matched
2026-08-24 02:09:44,079 INFO ncaa_identity: contest_id=1605353 teams 2502/2502 matched, players 6786/6893 matched
2026-08-24 02:09:45,747 INFO ncaa_identity: contest_id=1605389 teams 2791/2791 matched, players 7190/7658 matched
2026-08-24 02:09:47,699 INFO ncaa_identity: contest_id=1605413 teams 2595/2595 matched, players 6505/7381 matched
2026-08-24 02:09:49,094 INFO ncaa_identity: contest_id=1605435 teams 2213/2213 matched, players 5738/6242 matched
2026-08-24 02:09:50,910 INFO ncaa_identity: contest_id=1605464 teams 2276/2276 matched, players 6254/6424 matched
2026-08-24 02:09:52,252 INFO ncaa_identity: contest_id=1605480 teams 2361/2361 matched, players 6335/6338 matched
2026-08-24 02:09:54,157 INFO ncaa_identity: contest_id=1605538 teams 1614/3200 matched, players 4549/9074 matched
2026-08-24 02:09:55,581 INFO ncaa_identity: contest_id=1605576 teams 2488/2488 matched, players 6944/7020 matched
2026-08-24 02:09:57,427 INFO ncaa_identity: contest_id=1605627 teams 2834/2834 matched, players 7374/8082 matched
2026-08-24 02:10:00,780 INFO ncaa_identity: contest_id=1605708 teams 1180/2295 matched, players 3254/6474 matched
2026-08-24 02:10:02,216 INFO ncaa_identity: contest_id=1605742 teams 1362/2772 matched, players 3782/7558 matched
2026-08-24 02:10:06,538 INFO ncaa_identity: contest_id=1605839 teams 2196/2196 matched, players 6156/6192 matched
2026-08-24 02:10:10,104 INFO ncaa_identity: contest_id=1605891 teams 1335/2583 matched, players 3651/7067 matched
2026-08-24 02:10:12,484 INFO ncaa_identity: contest_id=1605913 teams 1311/2571 matched, players 3579/7228 matched
2026-08-24 02:10:14,100 INFO ncaa_identity: contest_id=1605939 teams 2550/2550 matched, players 6923/7017 matched
2026-08-24 02:10:24,974 INFO ncaa_identity: contest_id=1606051 teams 2370/2370 matched, players 6252/6647 matched
2026-08-24 02:10:26,459 INFO ncaa_identity: contest_id=1606073 teams 1789/1789 matched, players 664/668 matched
2026-08-24 02:10:29,613 INFO ncaa_identity: contest_id=1606194 teams 2775/2775 matched, players 7814/7819 matched
2026-08-24 02:10:31,179 INFO ncaa_identity: contest_id=1606219 teams 1244/2422 matched, players 3474/6823 matched
2026-08-24 02:10:41,794 INFO ncaa_identity: contest_id=1606571 teams 2633/2633 matched, players 6651/7454 matched
2026-08-24 02:10:50,543 INFO ncaa_identity: contest_id=1606766 teams 2459/2459 matched, players 6926/6950 matched
2026-08-24 02:10:52,389 INFO ncaa_identity: contest_id=1606783 teams 2494/2494 matched, players 6538/6550 matched
2026-08-24 02:10:52,532 INFO 5 starters not found for period 3; using estimate
2026-08-24 02:10:55,979 INFO ncaa_identity: contest_id=1606841 teams 2535/2535 matched, players 6863/7185 matched
2026-08-24 02:10:57,672 INFO ncaa_identity: contest_id=1606861 teams 2747/2747 matched, players 7615/7771 matched
2026-08-24 02:10:59,115 INFO ncaa_identity: contest_id=1606893 teams 2428/2428 matched, players 6510/6639 matched
2026-08-24 02:11:01,247 INFO ncaa_identity: contest_id=1606919 teams 2817/2817 matched, players 7720/7940 matched
2026-08-24 02:11:07,679 INFO ncaa_identity: contest_id=1607030 teams 2434/2434 matched, players 6839/6845 matched
2026-08-24 02:11:09,544 INFO ncaa_identity: contest_id=1607046 teams 2379/2379 matched, players 6543/6544 matched
2026-08-24 02:11:12,100 INFO ncaa_identity: contest_id=1607061 teams 1423/2794 matched, players 3939/7860 matched
2026-08-24 02:11:17,325 INFO ncaa_identity: contest_id=1607102 teams 2522/2522 matched, players 6558/7108 matched
2026-08-24 02:11:22,387 INFO ncaa_identity: contest_id=1607233 teams 1353/2618 matched, players 3677/7148 matched
2026-08-24 02:11:31,056 INFO ncaa_identity: contest_id=1607392 teams 1231/2498 matched, players 3471/6897 matched
2026-08-24 02:11:32,632 INFO ncaa_identity: contest_id=1607421 teams 3063/3063 matched, players 8356/8476 matched
2026-08-24 02:11:36,072 INFO ncaa_identity: contest_id=1607583 teams 2395/2395 matched, players 5705/6740 matched
2026-08-24 02:11:42,228 INFO ncaa_identity: contest_id=1607704 teams 1124/2191 matched, players 3121/6189 matched
2026-08-24 02:11:45,182 INFO ncaa_identity: contest_id=1607745 teams 2428/2428 matched, players 6010/6855 matched
2026-08-24 02:11:48,856 INFO ncaa_identity: contest_id=1607772 teams 2117/2117 matched, players 836/885 matched
2026-08-24 02:11:53,555 INFO ncaa_identity: contest_id=1607866 teams 1153/2250 matched, players 2735/6300 matched
2026-08-24 02:11:58,733 INFO ncaa_identity: contest_id=1607960 teams 2452/2452 matched, players 6815/6926 matched
2026-08-24 02:12:00,760 INFO ncaa_identity: contest_id=1607983 teams 1209/2372 matched, players 2958/6652 matched
2026-08-24 02:12:04,191 INFO ncaa_identity: contest_id=1608061 teams 2904/2904 matched, players 7869/7870 matched
2026-08-24 02:12:05,331 INFO ncaa_identity: contest_id=1608087 teams 2073/2073 matched, players 5303/5816 matched
2026-08-24 02:12:07,401 INFO ncaa_identity: contest_id=1608150 teams 2758/2758 matched, players 7240/7615 matched
2026-08-24 02:12:14,788 INFO ncaa_identity: contest_id=1608288 teams 2297/2297 matched, players 6002/6471 matched
2026-08-24 02:12:19,165 INFO ncaa_identity: contest_id=1608369 teams 1109/2229 matched, players 2942/6287 matched
2026-08-24 02:12:25,389 INFO ncaa_identity: contest_id=1608559 teams 2589/2589 matched, players 6884/7328 matched
2026-08-24 02:12:26,654 INFO ncaa_identity: contest_id=1608580 teams 1037/2007 matched, players 2828/5614 matched
2026-08-24 02:12:28,249 INFO ncaa_identity: contest_id=1608598 teams 2295/2295 matched, players 6082/6427 matched
2026-08-24 02:12:32,394 INFO ncaa_identity: contest_id=1608656 teams 1170/2472 matched, players 3429/6932 matched
2026-08-24 02:12:35,602 INFO ncaa_identity: contest_id=1608746 teams 2665/2665 matched, players 6842/7311 matched
2026-08-24 02:12:42,613 INFO ncaa_identity: contest_id=1608855 teams 2415/2415 matched, players 6520/6805 matched
2026-08-24 02:12:44,087 INFO ncaa_identity: contest_id=1608871 teams 1439/2848 matched, players 2827/8079 matched
2026-08-24 02:12:50,110 INFO ncaa_identity: contest_id=1608920 teams 1217/2410 matched, players 3287/6614 matched
2026-08-24 02:12:53,081 INFO ncaa_identity: contest_id=1608942 teams 2132/2132 matched, players 5722/6050 matched
2026-08-24 02:12:54,656 INFO ncaa_identity: contest_id=1608954 teams 2672/2672 matched, players 7490/7521 matched
2026-08-24 02:12:57,909 INFO ncaa_identity: contest_id=1608979 teams 2531/2531 matched, players 6944/7119 matched
2026-08-24 02:13:01,420 INFO ncaa_identity: contest_id=1609000 teams 2566/2566 matched, players 6366/7223 matched
2026-08-24 02:13:06,453 INFO ncaa_identity: contest_id=1609039 teams 1410/2759 matched, players 3755/7530 matched
2026-08-24 02:13:08,262 INFO ncaa_identity: contest_id=1609052 teams 2310/2310 matched, players 6320/6355 matched
2026-08-24 02:13:09,654 INFO ncaa_identity: contest_id=1609062 teams 2335/2335 matched, players 6513/6578 matched
2026-08-24 02:13:16,374 INFO ncaa_identity: contest_id=1609166 teams 2529/2529 matched, players 6541/6932 matched
2026-08-24 02:13:18,141 INFO ncaa_identity: contest_id=1609211 teams 2457/2457 matched, players 6755/6775 matched
2026-08-24 02:13:19,691 INFO ncaa_identity: contest_id=1609223 teams 1196/2271 matched, players 3200/6394 matched
2026-08-24 02:13:26,255 INFO ncaa_identity: contest_id=1609346 teams 2667/2667 matched, players 7158/7496 matched
2026-08-24 02:13:28,150 INFO ncaa_identity: contest_id=1609368 teams 2354/2354 matched, players 6507/6649 matched
2026-08-24 02:13:29,957 INFO ncaa_identity: contest_id=1609394 teams 1531/3046 matched, players 4198/8383 matched
2026-08-24 02:13:37,764 INFO ncaa_identity: contest_id=1609588 teams 1332/2702 matched, players 3870/7621 matched
2026-08-24 02:13:39,479 INFO ncaa_identity: contest_id=1609613 teams 2386/2386 matched, players 6331/6781 matched
2026-08-24 02:13:41,032 INFO ncaa_identity: contest_id=1609634 teams 1235/2448 matched, players 3515/6903 matched
2026-08-24 02:13:55,706 INFO ncaa_identity: contest_id=1609902 teams 1583/3002 matched, players 4033/8249 matched
2026-08-24 02:13:57,482 INFO ncaa_identity: contest_id=1609920 teams 2627/2627 matched, players 6765/6882 matched
2026-08-24 02:14:04,024 INFO ncaa_identity: contest_id=1610093 teams 2577/2577 matched, players 7116/7250 matched
2026-08-24 02:14:05,515 INFO ncaa_identity: contest_id=1610110 teams 2683/2683 matched, players 7100/7607 matched
2026-08-24 02:14:06,915 INFO ncaa_identity: contest_id=1610127 teams 2071/2071 matched, players 5283/5676 matched
2026-08-24 02:14:10,348 INFO ncaa_identity: contest_id=1610175 teams 2574/2574 matched, players 6571/7283 matched
2026-08-24 02:14:20,124 INFO ncaa_identity: contest_id=1610450 teams 2307/2307 matched, players 6052/6474 matched
2026-08-24 02:14:27,569 INFO ncaa_identity: contest_id=1610520 teams 2315/2315 matched, players 6098/6099 matched
2026-08-24 02:14:38,527 INFO ncaa_identity: contest_id=1610648 teams 2521/2521 matched, players 6463/6926 matched
2026-08-24 02:14:48,584 INFO ncaa_identity: contest_id=1610819 teams 2996/2996 matched, players 8234/8534 matched
2026-08-24 02:14:52,641 INFO ncaa_identity: contest_id=1610936 teams 1193/2374 matched, players 3378/6724 matched
2026-08-24 02:14:57,893 INFO ncaa_identity: contest_id=1610974 teams 2616/2616 matched, players 6916/7201 matched
2026-08-24 02:14:59,660 INFO ncaa_identity: contest_id=1610990 teams 2401/2401 matched, players 6216/6808 matched
2026-08-24 02:15:01,082 INFO ncaa_identity: contest_id=1611006 teams 2470/2470 matched, players 6148/6946 matched
2026-08-24 02:15:02,995 INFO ncaa_identity: contest_id=1611103 teams 2823/2823 matched, players 7262/7753 matched
2026-08-24 02:15:09,395 INFO ncaa_identity: contest_id=1611227 teams 2405/2405 matched, players 6225/6758 matched
2026-08-24 02:15:12,575 INFO ncaa_identity: contest_id=1611285 teams 2208/2208 matched, players 5734/6251 matched
2026-08-24 02:15:14,460 INFO ncaa_identity: contest_id=1611401 teams 2600/2600 matched, players 6699/7174 matched
2026-08-24 02:15:16,231 INFO ncaa_identity: contest_id=1611453 teams 2195/2195 matched, players 5817/6167 matched
2026-08-24 02:15:17,552 INFO ncaa_identity: contest_id=1611502 teams 2370/2370 matched, players 6174/6666 matched
2026-08-24 02:15:25,748 INFO ncaa_identity: contest_id=1611591 teams 2294/2294 matched, players 6191/6506 matched
2026-08-24 02:15:34,921 INFO ncaa_identity: contest_id=1611701 teams 2491/2491 matched, players 6428/7071 matched
2026-08-24 02:15:36,453 INFO ncaa_identity: contest_id=1611724 teams 2157/2157 matched, players 5647/6107 matched
2026-08-24 02:15:46,150 INFO ncaa_identity: contest_id=1611862 teams 2556/2556 matched, players 6345/7236 matched
2026-08-24 02:15:47,844 INFO ncaa_identity: contest_id=1611887 teams 2135/2135 matched, players 5545/6015 matched
2026-08-24 02:15:49,434 INFO ncaa_identity: contest_id=1612015 teams 2345/2345 matched, players 6446/6590 matched
2026-08-24 02:15:53,130 INFO ncaa_identity: contest_id=1612042 teams 2543/2543 matched, players 6449/7165 matched
2026-08-24 02:15:56,029 INFO ncaa_identity: contest_id=1612071 teams 1916/1916 matched, players 5165/5390 matched
2026-08-24 02:15:57,556 INFO ncaa_identity: contest_id=1612109 teams 2976/2976 matched, players 7340/8227 matched
2026-08-24 02:16:02,173 INFO ncaa_identity: contest_id=1612238 teams 2006/2006 matched, players 5179/5689 matched
2026-08-24 02:16:06,570 INFO ncaa_identity: contest_id=1612306 teams 2219/2219 matched, players 6240/6295 matched
2026-08-24 02:16:08,131 INFO ncaa_identity: contest_id=1612412 teams 2450/2450 matched, players 6634/6752 matched
2026-08-24 02:16:17,784 INFO ncaa_identity: contest_id=1612650 teams 1774/1774 matched, players 4892/5008 matched
2026-08-24 02:16:19,546 INFO ncaa_identity: contest_id=1612666 teams 2693/2693 matched, players 6932/7402 matched
2026-08-24 02:16:24,374 INFO ncaa_identity: contest_id=1612740 teams 2244/2244 matched, players 5901/6348 matched
2026-08-24 02:16:32,871 INFO ncaa_identity: contest_id=1612884 teams 2640/2640 matched, players 6956/7332 matched
2026-08-24 02:16:36,947 INFO ncaa_identity: contest_id=1613067 teams 2456/2456 matched, players 6119/6959 matched
2026-08-24 02:16:38,160 INFO ncaa_identity: contest_id=1613085 teams 2175/2175 matched, players 6075/6115 matched
2026-08-24 02:16:39,805 INFO ncaa_identity: contest_id=1613096 teams 1963/1963 matched, players 5070/5528 matched
2026-08-24 02:16:43,226 INFO ncaa_identity: contest_id=1613122 teams 1225/2449 matched, players 3329/6684 matched
2026-08-24 02:16:52,650 INFO ncaa_identity: contest_id=1613324 teams 1251/2545 matched, players 3482/6969 matched
2026-08-24 02:16:55,387 INFO ncaa_identity: contest_id=1613368 teams 2159/2159 matched, players 5586/6117 matched
2026-08-24 02:16:59,889 INFO ncaa_identity: contest_id=1613601 teams 2078/2078 matched, players 5460/5857 matched
2026-08-24 02:17:03,291 INFO ncaa_identity: contest_id=1613665 teams 2563/2563 matched, players 7043/7057 matched
2026-08-24 02:17:04,677 INFO ncaa_identity: contest_id=1613693 teams 2085/2085 matched, players 5348/5690 matched
2026-08-24 02:17:08,878 INFO ncaa_identity: contest_id=1613740 teams 2030/2030 matched, players 5262/5727 matched
2026-08-24 02:17:18,123 INFO ncaa_identity: contest_id=1613918 teams 2260/2260 matched, players 6269/6412 matched
2026-08-24 02:17:24,251 INFO ncaa_identity: contest_id=1614012 teams 2126/2126 matched, players 6021/6033 matched
2026-08-24 02:17:27,131 INFO ncaa_identity: contest_id=1614162 teams 2534/2534 matched, players 6860/6935 matched
2026-08-24 02:17:34,844 INFO ncaa_identity: contest_id=1614263 teams 3020/3020 matched, players 7539/8347 matched
2026-08-24 02:17:43,451 INFO ncaa_identity: contest_id=1614412 teams 2789/2789 matched, players 7641/7671 matched
2026-08-24 02:17:44,999 INFO ncaa_identity: contest_id=1614475 teams 2018/2018 matched, players 5675/5707 matched
2026-08-24 02:17:46,628 INFO ncaa_identity: contest_id=1614597 teams 2838/2838 matched, players 6952/8058 matched
2026-08-24 02:17:53,970 INFO ncaa_identity: contest_id=1614758 teams 2136/2136 matched, players 5639/5799 matched
2026-08-24 02:17:56,890 INFO ncaa_identity: contest_id=1614774 teams 3485/3485 matched, players 7717/9602 matched
2026-08-24 02:18:00,013 INFO ncaa_identity: contest_id=1614798 teams 2228/2228 matched, players 4632/6314 matched
2026-08-24 02:18:03,101 INFO ncaa_identity: contest_id=1614843 teams 2362/2362 matched, players 5997/6423 matched
2026-08-24 02:18:05,344 INFO ncaa_identity: contest_id=1614870 teams 2568/2568 matched, players 7071/7286 matched
2026-08-24 02:18:12,990 INFO ncaa_identity: contest_id=1614996 teams 2033/2033 matched, players 5450/5742 matched
2026-08-24 02:18:17,534 INFO ncaa_identity: contest_id=1615178 teams 2589/2589 matched, players 6242/7348 matched
2026-08-24 02:18:19,135 INFO ncaa_identity: contest_id=1615199 teams 2198/2198 matched, players 5935/6249 matched
2026-08-24 02:18:20,654 INFO ncaa_identity: contest_id=1615217 teams 2189/2189 matched, players 5705/6203 matched
2026-08-24 02:18:24,765 INFO ncaa_identity: contest_id=1615239 teams 2994/2994 matched, players 8202/8240 matched
2026-08-24 02:18:25,954 INFO ncaa_identity: contest_id=1615249 teams 1784/1784 matched, players 4609/5001 matched
2026-08-24 02:18:27,825 INFO ncaa_identity: contest_id=1615314 teams 2666/2666 matched, players 6577/7312 matched
2026-08-24 02:18:30,033 INFO ncaa_identity: contest_id=1615405 teams 2301/2301 matched, players 6291/6485 matched
2026-08-24 02:18:31,749 INFO ncaa_identity: contest_id=1615418 teams 2341/2341 matched, players 6091/6617 matched
2026-08-24 02:18:33,000 INFO ncaa_identity: contest_id=1615440 teams 2509/2509 matched, players 6675/7082 matched
2026-08-24 02:18:34,692 INFO ncaa_identity: contest_id=1615458 teams 2433/2433 matched, players 6193/6894 matched
2026-08-24 02:18:36,125 INFO ncaa_identity: contest_id=1615480 teams 2765/2765 matched, players 7397/7620 matched
2026-08-24 02:18:40,230 INFO ncaa_identity: contest_id=1615724 teams 2608/2608 matched, players 7161/7337 matched
2026-08-24 02:18:41,279 INFO ncaa_identity: contest_id=1615753 teams 1928/1928 matched, players 5308/5405 matched
2026-08-24 02:18:50,677 INFO ncaa_identity: contest_id=1615876 teams 2771/2771 matched, players 7404/7615 matched
2026-08-24 02:18:52,077 INFO ncaa_identity: contest_id=1615892 teams 2110/2110 matched, players 5828/5982 matched
2026-08-24 02:18:55,240 INFO ncaa_identity: contest_id=1615941 teams 2785/2785 matched, players 6297/7884 matched
2026-08-24 02:18:58,232 INFO ncaa_identity: contest_id=1616007 teams 2344/2344 matched, players 6112/6602 matched
2026-08-24 02:19:01,231 INFO ncaa_identity: contest_id=1616051 teams 2645/2645 matched, players 7322/7489 matched
2026-08-24 02:19:03,903 INFO ncaa_identity: contest_id=1616100 teams 2603/2603 matched, players 6507/7349 matched
2026-08-24 02:19:07,103 INFO ncaa_identity: contest_id=1616254 teams 2535/2535 matched, players 6800/6938 matched
2026-08-24 02:19:08,265 INFO ncaa_identity: contest_id=1616269 teams 2033/2033 matched, players 5317/5758 matched
2026-08-24 02:19:09,449 INFO ncaa_identity: contest_id=1616282 teams 2356/2356 matched, players 6638/6649 matched
2026-08-24 02:19:14,267 INFO ncaa_identity: contest_id=1616369 teams 2594/2594 matched, players 6834/7331 matched
2026-08-24 02:19:17,624 INFO ncaa_identity: contest_id=1616438 teams 2583/2583 matched, players 6478/7078 matched
2026-08-24 02:19:22,191 INFO ncaa_identity: contest_id=1616490 teams 1158/2363 matched, players 2960/6667 matched
2026-08-24 02:19:23,504 INFO ncaa_identity: contest_id=1616509 teams 1439/2833 matched, players 3881/7777 matched
2026-08-24 02:19:25,262 INFO ncaa_identity: contest_id=1616632 teams 2409/2409 matched, players 5819/6819 matched
2026-08-24 02:19:29,855 INFO ncaa_identity: contest_id=1616777 teams 2544/2544 matched, players 7146/7148 matched
2026-08-24 02:19:35,632 INFO ncaa_identity: contest_id=1616854 teams 2209/2209 matched, players 5802/6245 matched
2026-08-24 02:19:38,560 INFO ncaa_identity: contest_id=1616892 teams 2347/2347 matched, players 5047/6629 matched
2026-08-24 02:19:42,262 INFO ncaa_identity: contest_id=1616925 teams 2514/2514 matched, players 7026/7095 matched
2026-08-24 02:19:43,545 INFO ncaa_identity: contest_id=1616946 teams 2250/2250 matched, players 5955/6323 matched
2026-08-24 02:19:48,258 INFO ncaa_identity: contest_id=1617000 teams 2425/2425 matched, players 6429/6844 matched
2026-08-24 02:19:52,191 INFO ncaa_identity: contest_id=1617034 teams 2660/2660 matched, players 7169/7319 matched
2026-08-24 02:19:58,124 INFO ncaa_identity: contest_id=1617118 teams 2781/2781 matched, players 7586/7679 matched
2026-08-24 02:19:58,259 INFO 5 starters not found for period 3; using estimate
2026-08-24 02:19:59,721 INFO ncaa_identity: contest_id=1617129 teams 3010/3010 matched, players 7894/8543 matched
2026-08-24 02:20:01,316 INFO ncaa_identity: contest_id=1617141 teams 2236/2236 matched, players 5810/6308 matched
2026-08-24 02:20:02,828 INFO ncaa_identity: contest_id=1617206 teams 2642/2642 matched, players 7165/7487 matched
2026-08-24 02:20:04,418 INFO ncaa_identity: contest_id=1617234 teams 2196/2196 matched, players 5594/6223 matched
2026-08-24 02:20:07,641 INFO ncaa_identity: contest_id=1617255 teams 2539/2539 matched, players 6908/6924 matched
2026-08-24 02:20:11,057 INFO ncaa_identity: contest_id=1617279 teams 2793/2793 matched, players 6902/7942 matched
2026-08-24 02:20:14,353 INFO ncaa_identity: contest_id=1617370 teams 1163/2310 matched, players 3149/6302 matched
2026-08-24 02:20:18,474 INFO ncaa_identity: contest_id=1617431 teams 2570/2570 matched, players 7056/7073 matched
2026-08-24 02:20:20,043 INFO ncaa_identity: contest_id=1617453 teams 2576/2576 matched, players 7241/7304 matched
2026-08-24 02:20:24,899 INFO ncaa_identity: contest_id=1617495 teams 2540/2540 matched, players 6453/7192 matched
2026-08-24 02:20:36,549 INFO ncaa_identity: contest_id=1617607 teams 1363/2747 matched, players 3758/7596 matched
2026-08-24 02:20:39,175 INFO ncaa_identity: contest_id=1617628 teams 2152/2152 matched, players 5800/6083 matched
2026-08-24 02:21:07,197 INFO ncaa_identity: contest_id=1617995 teams 3287/3287 matched, players 8964/9007 matched
2026-08-24 02:21:08,798 INFO ncaa_identity: contest_id=1618007 teams 1289/2477 matched, players 3408/6770 matched
2026-08-24 02:21:10,317 INFO ncaa_identity: contest_id=1618019 teams 2401/2401 matched, players 6247/6730 matched
2026-08-24 02:21:15,456 INFO ncaa_identity: contest_id=1618065 teams 1950/1950 matched, players 5054/5514 matched
2026-08-24 02:21:18,374 INFO ncaa_identity: contest_id=1618085 teams 2029/2029 matched, players 5237/5702 matched
2026-08-24 02:21:29,557 INFO ncaa_identity: contest_id=1618146 teams 2239/2239 matched, players 5603/6134 matched
2026-08-24 02:21:41,587 INFO ncaa_identity: contest_id=1618216 teams 1959/1959 matched, players 5384/5529 matched
2026-08-24 02:21:45,045 INFO ncaa_identity: contest_id=1618236 teams 2010/2010 matched, players 5633/5637 matched
2026-08-24 02:21:46,778 INFO ncaa_identity: contest_id=1618246 teams 2105/2105 matched, players 5456/5880 matched
2026-08-24 02:21:51,490 INFO ncaa_identity: contest_id=1638324 teams 2285/2285 matched, players 6297/6472 matched
2026-08-24 02:21:56,135 INFO ncaa_identity: contest_id=1638742 teams 2389/2389 matched, players 6713/6714 matched
2026-08-24 02:21:59,074 INFO ncaa_identity: contest_id=1639160 teams 2217/2217 matched, players 6200/6225 matched
2026-08-24 02:22:04,093 INFO ncaa_identity: contest_id=1639726 teams 2116/2116 matched, players 5477/5961 matched
2026-08-24 02:22:07,019 INFO ncaa_identity: contest_id=1639980 teams 2162/2162 matched, players 5679/6086 matched
2026-08-24 02:22:08,294 INFO ncaa_identity: contest_id=1640030 teams 2034/2034 matched, players 5682/5740 matched
2026-08-24 02:22:10,069 INFO ncaa_identity: contest_id=1640605 teams 1187/2332 matched, players 2745/6547 matched
2026-08-24 02:22:11,494 INFO ncaa_identity: contest_id=1642321 teams 1201/2476 matched, players 3528/6961 matched
2026-08-24 02:22:12,882 INFO ncaa_identity: contest_id=1644701 teams 2449/2449 matched, players 6699/6906 matched
2026-08-24 02:22:14,278 INFO ncaa_identity: contest_id=1644910 teams 1445/2835 matched, players 3760/8018 matched
2026-08-24 02:22:17,077 INFO ncaa_identity: contest_id=1704702 teams 1192/2349 matched, players 3301/6596 matched
2026-08-24 02:22:18,265 INFO ncaa_identity: contest_id=1708046 teams 2332/2332 matched, players 6210/6576 matched
2026-08-24 02:22:21,311 INFO ncaa_identity: contest_id=1708231 teams 2532/2532 matched, players 5914/7138 matched
2026-08-24 02:22:24,248 INFO ncaa_identity: contest_id=1716360 teams 2401/2401 matched, players 6082/6610 matched
2026-08-24 02:22:25,649 INFO ncaa_identity: contest_id=1716409 teams 2021/2021 matched, players 5210/5692 matched
2026-08-24 02:22:37,934 INFO ncaa_identity: contest_id=1717219 teams 2519/2519 matched, players 5404/7125 matched
2026-08-24 02:22:39,465 INFO ncaa_identity: contest_id=1717729 teams 2502/2502 matched, players 6478/7040 matched
2026-08-24 02:22:41,185 INFO ncaa_identity: contest_id=1717757 teams 2231/2231 matched, players 6010/6267 matched
2026-08-24 02:22:49,667 INFO ncaa_identity: contest_id=1718190 teams 2776/2776 matched, players 7503/7884 matched
2026-08-24 02:22:57,906 INFO ncaa_identity: contest_id=1718376 teams 2369/2369 matched, players 6430/6463 matched
2026-08-24 02:22:59,345 INFO ncaa_identity: contest_id=1718427 teams 2065/2065 matched, players 5386/5796 matched
2026-08-24 02:23:01,090 INFO ncaa_identity: contest_id=1718467 teams 2157/2157 matched, players 6044/6101 matched
2026-08-24 02:23:07,289 INFO ncaa_identity: contest_id=1718633 teams 2277/2277 matched, players 5613/6372 matched
2026-08-24 02:23:21,138 INFO ncaa_identity: contest_id=1719555 teams 1337/2689 matched, players 3616/7301 matched
2026-08-24 02:23:28,746 INFO ncaa_identity: contest_id=1720574 teams 2737/2737 matched, players 6734/7776 matched
2026-08-24 02:23:34,829 INFO ncaa_identity: contest_id=1797124 teams 1709/3412 matched, players 4140/9397 matched
2026-08-24 02:23:35,019 INFO 5 starters not found for period 1; using estimate
2026-08-24 02:23:35,019 INFO 5 starters not found for period 2; using estimate
2026-08-24 02:23:36,596 INFO ncaa_identity: contest_id=1797134 teams 1136/2205 matched, players 3002/3156 matched
2026-08-24 02:23:38,288 INFO ncaa_identity: contest_id=1797144 teams 2721/2721 matched, players 7127/7501 matched
2026-08-24 02:23:41,729 INFO ncaa_identity: contest_id=1797164 teams 1441/2818 matched, players 3299/7739 matched
2026-08-24 02:23:43,560 INFO ncaa_identity: contest_id=1797174 teams 2744/2744 matched, players 7466/7553 matched
2026-08-24 02:23:45,246 INFO ncaa_identity: contest_id=1797184 teams 1443/2880 matched, players 3976/7880 matched
2026-08-24 02:23:51,211 INFO ncaa_identity: contest_id=1797216 teams 1221/2394 matched, players 3089/6728 matched
2026-08-24 02:23:53,063 INFO ncaa_identity: contest_id=1797226 teams 1462/2852 matched, players 3430/7828 matched
2026-08-24 02:23:55,241 INFO ncaa_identity: contest_id=1797236 teams 1539/3008 matched, players 4226/8257 matched
2026-08-24 02:23:57,426 INFO ncaa_identity: contest_id=1797246 teams 2705/2705 matched, players 7154/7474 matched
2026-08-24 02:23:59,153 INFO ncaa_identity: contest_id=1797256 teams 2774/2774 matched, players 7377/7797 matched
2026-08-24 02:24:01,373 INFO ncaa_identity: contest_id=1797266 teams 1695/3420 matched, players 4777/9421 matched
2026-08-24 02:24:02,724 INFO ncaa_identity: contest_id=1797276 teams 2552/2552 matched, players 6999/7000 matched
2026-08-24 02:24:04,342 INFO ncaa_identity: contest_id=1797286 teams 1266/2565 matched, players 2989/7214 matched
2026-08-24 02:24:07,564 INFO ncaa_identity: contest_id=1797308 teams 1523/3017 matched, players 4110/8330 matched
2026-08-24 02:24:08,920 INFO ncaa_identity: contest_id=1797319 teams 1267/2602 matched, players 3393/7399 matched
2026-08-24 02:24:13,761 INFO ncaa_identity: contest_id=1797468 teams 2823/2823 matched, players 7112/7780 matched
2026-08-24 02:24:16,831 INFO ncaa_identity: contest_id=1797501 teams 2872/2872 matched, players 7893/7910 matched
2026-08-24 02:24:19,856 INFO ncaa_identity: contest_id=1797576 teams 2925/2925 matched, players 7954/8013 matched
2026-08-24 02:24:21,514 INFO ncaa_identity: contest_id=1797610 teams 1189/2417 matched, players 2997/6805 matched
2026-08-24 02:24:24,696 INFO ncaa_identity: contest_id=1797685 teams 2430/2430 matched, players 6348/6635 matched
2026-08-24 02:24:34,060 INFO ncaa_identity: contest_id=1797903 teams 3263/3263 matched, players 8691/8937 matched
2026-08-24 02:24:35,579 INFO ncaa_identity: contest_id=1797931 teams 2218/2218 matched, players 6234/6260 matched
2026-08-24 02:24:37,074 INFO ncaa_identity: contest_id=1797954 teams 2436/2436 matched, players 6348/6673 matched
2026-08-24 02:24:38,863 INFO ncaa_identity: contest_id=1797965 teams 1349/2658 matched, players 3621/7296 matched
2026-08-24 02:24:40,159 INFO ncaa_identity: contest_id=1797978 teams 1137/2258 matched, players 3097/6155 matched
2026-08-24 02:24:43,347 INFO ncaa_identity: contest_id=1798020 teams 2502/2502 matched, players 6693/6842 matched
2026-08-24 02:24:49,845 INFO ncaa_identity: contest_id=1798114 teams 2784/2784 matched, players 7221/7649 matched
2026-08-24 02:24:53,689 INFO ncaa_identity: contest_id=1798170 teams 1707/3254 matched, players 4611/8982 matched
2026-08-24 02:24:58,475 INFO ncaa_identity: contest_id=1798232 teams 2877/2877 matched, players 7284/7932 matched
2026-08-24 02:25:01,904 INFO ncaa_identity: contest_id=1798289 teams 3199/3199 matched, players 8616/8858 matched
2026-08-24 02:25:04,064 INFO ncaa_identity: contest_id=1798326 teams 1280/2604 matched, players 3566/7090 matched
2026-08-24 02:25:05,907 INFO ncaa_identity: contest_id=1798351 teams 2839/2839 matched, players 7278/7794 matched
2026-08-24 02:25:07,527 INFO ncaa_identity: contest_id=1798385 teams 2689/2689 matched, players 6714/7374 matched
2026-08-24 02:25:08,973 INFO ncaa_identity: contest_id=1798401 teams 2434/2434 matched, players 6662/6671 matched
2026-08-24 02:25:18,838 INFO ncaa_identity: contest_id=1798604 teams 2513/2513 matched, players 6559/6888 matched
2026-08-24 02:25:20,307 INFO ncaa_identity: contest_id=1798702 teams 1282/2536 matched, players 3467/6976 matched
2026-08-24 02:25:24,086 INFO ncaa_identity: contest_id=1798747 teams 2665/2665 matched, players 6792/7368 matched
2026-08-24 02:25:26,287 INFO ncaa_identity: contest_id=1798828 teams 1309/2551 matched, players 3660/7223 matched
2026-08-24 02:25:35,706 INFO ncaa_identity: contest_id=1799026 teams 1077/2162 matched, players 2933/5920 matched
2026-08-24 02:25:40,862 INFO ncaa_identity: contest_id=1799100 teams 1176/2311 matched, players 3228/6308 matched
2026-08-24 02:25:46,978 INFO ncaa_identity: contest_id=1799154 teams 3102/3102 matched, players 8380/8529 matched
2026-08-24 02:25:49,867 INFO ncaa_identity: contest_id=1799166 teams 2699/2699 matched, players 7227/7451 matched
2026-08-24 02:25:59,639 INFO ncaa_identity: contest_id=1799209 teams 2862/2862 matched, players 7698/8104 matched
2026-08-24 02:26:10,757 INFO ncaa_identity: contest_id=1799259 teams 1178/2406 matched, players 3322/6571 matched
2026-08-24 02:26:24,339 INFO ncaa_identity: contest_id=1799330 teams 1369/2675 matched, players 3687/7310 matched
2026-08-24 02:26:44,210 INFO ncaa_identity: contest_id=1799441 teams 1364/2596 matched, players 3561/7076 matched
2026-08-24 02:26:50,548 INFO ncaa_identity: contest_id=1799479 teams 1281/2554 matched, players 3444/6941 matched
2026-08-24 02:26:56,920 INFO ncaa_identity: contest_id=1799489 teams 1325/2709 matched, players 3725/7469 matched
2026-08-24 02:27:02,870 INFO ncaa_identity: contest_id=1799506 teams 2721/2721 matched, players 7121/7510 matched
2026-08-24 02:27:21,565 INFO ncaa_identity: contest_id=1799595 teams 2334/2334 matched, players 5601/6558 matched
2026-08-24 02:27:27,433 INFO ncaa_identity: contest_id=1799610 teams 2153/2153 matched, players 5190/6090 matched
2026-08-24 02:27:48,340 INFO ncaa_identity: contest_id=1799692 teams 1735/3529 matched, players 4894/9809 matched
2026-08-24 02:28:13,986 INFO ncaa_identity: contest_id=1799862 teams 1534/2919 matched, players 3954/8020 matched
2026-08-24 02:28:30,417 INFO ncaa_identity: contest_id=1800089 teams 1284/2484 matched, players 3425/6846 matched
2026-08-24 02:28:37,182 INFO ncaa_identity: contest_id=1800122 teams 1547/2873 matched, players 3591/7955 matched
2026-08-24 02:28:51,624 INFO ncaa_identity: contest_id=1800179 teams 2517/2517 matched, players 6851/6969 matched
2026-08-24 02:28:55,539 INFO ncaa_identity: contest_id=1800195 teams 2335/2335 matched, players 5632/6383 matched
2026-08-24 02:29:02,494 INFO ncaa_identity: contest_id=1800219 teams 1392/2769 matched, players 3821/7578 matched
2026-08-24 02:29:15,215 INFO ncaa_identity: contest_id=1800282 teams 2417/2417 matched, players 6393/6603 matched
2026-08-24 02:29:50,851 INFO ncaa_identity: contest_id=1800557 teams 1498/2882 matched, players 3954/7937 matched
2026-08-24 02:30:47,461 INFO ncaa_identity: contest_id=1800855 teams 1330/2617 matched, players 3319/7113 matched
2026-08-24 02:30:51,576 INFO ncaa_identity: contest_id=1800898 teams 2314/2314 matched, players 6186/6565 matched
2026-08-24 02:30:54,069 INFO ncaa_identity: contest_id=1800913 teams 2670/2670 matched, players 7167/7348 matched
2026-08-24 02:30:59,940 INFO ncaa_identity: contest_id=1801028 teams 3255/3255 matched, players 8528/9025 matched
2026-08-24 02:31:01,751 INFO ncaa_identity: contest_id=1801047 teams 2613/2613 matched, players 7179/7201 matched
2026-08-24 02:31:08,405 INFO ncaa_identity: contest_id=1801139 teams 2616/2616 matched, players 6977/7124 matched
2026-08-24 02:31:09,715 INFO ncaa_identity: contest_id=1801157 teams 2383/2383 matched, players 6449/6565 matched
2026-08-24 02:31:23,376 INFO ncaa_identity: contest_id=1801288 teams 1349/2664 matched, players 3350/7261 matched
2026-08-24 02:31:27,074 INFO ncaa_identity: contest_id=1801325 teams 2465/2465 matched, players 6380/6777 matched
2026-08-24 02:31:30,283 INFO ncaa_identity: contest_id=1801346 teams 2780/2780 matched, players 7526/7854 matched
2026-08-24 02:31:35,892 INFO ncaa_identity: contest_id=1801509 teams 2387/2387 matched, players 6370/6742 matched
2026-08-24 02:31:42,188 INFO ncaa_identity: contest_id=1801600 teams 2976/2976 matched, players 7605/8195 matched
2026-08-24 02:31:46,080 INFO ncaa_identity: contest_id=1801655 teams 2582/2582 matched, players 6579/7092 matched
2026-08-24 02:31:51,132 INFO ncaa_identity: contest_id=1801879 teams 2325/2325 matched, players 6505/6510 matched
2026-08-24 02:31:55,814 INFO ncaa_identity: contest_id=1801948 teams 1391/2676 matched, players 3762/7337 matched
2026-08-24 02:31:57,813 INFO ncaa_identity: contest_id=1801988 teams 2921/2921 matched, players 7468/8027 matched
2026-08-24 02:32:02,036 INFO ncaa_identity: contest_id=1802021 teams 2983/2983 matched, players 8211/8212 matched
2026-08-24 02:32:05,642 INFO ncaa_identity: contest_id=1802065 teams 2827/2827 matched, players 7441/7749 matched
2026-08-24 02:32:14,892 INFO ncaa_identity: contest_id=1802210 teams 1418/2759 matched, players 3854/7572 matched
2026-08-24 02:32:17,210 INFO ncaa_identity: contest_id=1802257 teams 1334/2680 matched, players 3750/7365 matched
2026-08-24 02:32:18,797 INFO ncaa_identity: contest_id=1802292 teams 2410/2410 matched, players 6399/6641 matched
2026-08-24 02:32:20,396 INFO ncaa_identity: contest_id=1802312 teams 2203/2203 matched, players 5262/6193 matched
2026-08-24 02:32:22,240 INFO ncaa_identity: contest_id=1802336 teams 1317/2524 matched, players 3498/6905 matched
2026-08-24 02:32:33,057 INFO ncaa_identity: contest_id=1802540 teams 1479/2903 matched, players 4097/7995 matched
2026-08-24 02:32:37,383 INFO ncaa_identity: contest_id=1802588 teams 2523/2523 matched, players 6167/6889 matched
2026-08-24 02:32:42,962 INFO ncaa_identity: contest_id=1802683 teams 2314/2314 matched, players 5992/6373 matched
2026-08-24 02:32:46,666 INFO ncaa_identity: contest_id=1802731 teams 1112/2293 matched, players 3141/6190 matched
2026-08-24 02:32:53,687 INFO ncaa_identity: contest_id=1802852 teams 2712/2712 matched, players 7450/7505 matched
2026-08-24 02:32:55,511 INFO ncaa_identity: contest_id=1802872 teams 3046/3046 matched, players 8368/8369 matched
2026-08-24 02:32:57,372 INFO ncaa_identity: contest_id=1802888 teams 2860/2860 matched, players 7450/7883 matched
2026-08-24 02:32:58,922 INFO ncaa_identity: contest_id=1802901 teams 2395/2395 matched, players 6229/6547 matched
2026-08-24 02:33:03,863 INFO ncaa_identity: contest_id=1802924 teams 2541/2541 matched, players 6427/7013 matched
2026-08-24 02:33:07,831 INFO ncaa_identity: contest_id=1802941 teams 1297/2564 matched, players 3518/7259 matched
2026-08-24 02:33:12,799 INFO ncaa_identity: contest_id=1802976 teams 1054/2003 matched, players 2920/5675 matched
2026-08-24 02:33:20,018 INFO ncaa_identity: contest_id=1803048 teams 2102/2102 matched, players 2881/5928 matched
2026-08-24 02:33:36,614 INFO ncaa_identity: contest_id=1803137 teams 2495/2495 matched, players 6851/6867 matched
2026-08-24 02:33:50,801 INFO ncaa_identity: contest_id=1803184 teams 2713/2713 matched, players 7049/7354 matched
2026-08-24 02:33:56,274 INFO ncaa_identity: contest_id=1803194 teams 2283/2283 matched, players 6325/6455 matched
2026-08-24 02:34:01,875 INFO ncaa_identity: contest_id=1803215 teams 1433/2859 matched, players 3831/7846 matched
2026-08-24 02:34:13,751 INFO ncaa_identity: contest_id=1803300 teams 1302/2635 matched, players 3696/7397 matched
2026-08-24 02:34:23,985 INFO ncaa_identity: contest_id=1803342 teams 2392/2392 matched, players 6425/6541 matched
2026-08-24 02:34:31,317 INFO ncaa_identity: contest_id=1803364 teams 2826/2826 matched, players 7779/7784 matched
2026-08-24 02:34:42,318 INFO ncaa_identity: contest_id=1803391 teams 1241/2460 matched, players 3314/6693 matched
2026-08-24 02:35:03,706 INFO ncaa_identity: contest_id=1803463 teams 3040/3040 matched, players 8098/8364 matched
2026-08-24 02:35:09,440 INFO ncaa_identity: contest_id=1803483 teams 2767/2767 matched, players 7444/7594 matched
2026-08-24 02:35:19,213 INFO ncaa_identity: contest_id=1803515 teams 1535/3136 matched, players 4316/8554 matched
2026-08-24 02:35:24,981 INFO ncaa_identity: contest_id=1803531 teams 1432/2828 matched, players 3960/7786 matched
2026-08-24 02:35:29,875 INFO ncaa_identity: contest_id=1803552 teams 2652/2652 matched, players 7058/7291 matched
2026-08-24 02:35:46,796 INFO ncaa_identity: contest_id=1803615 teams 1299/2584 matched, players 3571/7078 matched
2026-08-24 02:35:52,849 INFO ncaa_identity: contest_id=1803634 teams 2733/2733 matched, players 7060/7500 matched
2026-08-24 02:35:57,254 INFO ncaa_identity: contest_id=1803659 teams 2424/2424 matched, players 6105/6630 matched
2026-08-24 02:36:01,649 INFO ncaa_identity: contest_id=1803682 teams 1152/2346 matched, players 3248/6440 matched
2026-08-24 02:36:10,426 INFO ncaa_identity: contest_id=1803756 teams 1248/2401 matched, players 3399/6589 matched
2026-08-24 02:36:18,444 INFO ncaa_identity: contest_id=1803809 teams 2692/2692 matched, players 6425/7409 matched
2026-08-24 02:36:48,917 INFO ncaa_identity: contest_id=1803938 teams 1437/2868 matched, players 3995/7912 matched
2026-08-24 02:36:53,895 INFO ncaa_identity: contest_id=1803953 teams 2068/2068 matched, players 5687/5688 matched
2026-08-24 02:37:02,772 INFO ncaa_identity: contest_id=1803980 teams 2405/2405 matched, players 5990/6596 matched
2026-08-24 02:37:14,769 INFO ncaa_identity: contest_id=1804040 teams 2450/2450 matched, players 6228/6947 matched
2026-08-24 02:37:25,664 INFO ncaa_identity: contest_id=1804107 teams 1265/2548 matched, players 3495/6973 matched
2026-08-24 02:37:36,773 INFO ncaa_identity: contest_id=1804162 teams 1474/2918 matched, players 4098/8047 matched
2026-08-24 02:37:52,480 INFO ncaa_identity: contest_id=1804217 teams 2911/2911 matched, players 7588/8022 matched
2026-08-24 02:37:58,274 INFO ncaa_identity: contest_id=1804319 teams 2535/2535 matched, players 6967/6981 matched
2026-08-24 02:38:02,259 INFO ncaa_identity: contest_id=1804448 teams 2101/2101 matched, players 5524/5951 matched
2026-08-24 02:38:06,083 INFO ncaa_identity: contest_id=1804504 teams 2149/2149 matched, players 5759/6098 matched
2026-08-24 02:38:07,988 INFO ncaa_identity: contest_id=1804530 teams 2258/2258 matched, players 5952/6170 matched
2026-08-24 02:38:13,247 INFO ncaa_identity: contest_id=1804582 teams 2317/2317 matched, players 6085/6373 matched
2026-08-24 02:38:15,010 INFO ncaa_identity: contest_id=1804610 teams 2062/2062 matched, players 5119/5634 matched
2026-08-24 02:38:18,929 INFO ncaa_identity: contest_id=1804678 teams 2905/2905 matched, players 7578/8004 matched
2026-08-24 02:38:20,732 INFO ncaa_identity: contest_id=1804719 teams 2472/2472 matched, players 5764/6764 matched
2026-08-24 02:38:25,345 INFO ncaa_identity: contest_id=1804764 teams 2110/2110 matched, players 5668/5771 matched
2026-08-24 02:38:29,607 INFO ncaa_identity: contest_id=1804821 teams 2924/2924 matched, players 7698/8064 matched
2026-08-24 02:38:32,348 INFO ncaa_identity: contest_id=1804855 teams 2514/2514 matched, players 6649/6919 matched
2026-08-24 02:38:37,002 INFO ncaa_identity: contest_id=1804887 teams 2765/2765 matched, players 7419/7643 matched
2026-08-24 02:38:46,627 INFO ncaa_identity: contest_id=1805030 teams 1139/2249 matched, players 3136/6191 matched
2026-08-24 02:38:52,205 INFO ncaa_identity: contest_id=1805200 teams 2372/2372 matched, players 6348/6490 matched
2026-08-24 02:39:01,029 INFO ncaa_identity: contest_id=1805329 teams 3005/3005 matched, players 7736/8308 matched
2026-08-24 02:39:06,665 INFO ncaa_identity: contest_id=1805552 teams 2451/2451 matched, players 6536/6735 matched
2026-08-24 02:39:08,685 INFO ncaa_identity: contest_id=1805583 teams 2469/2469 matched, players 6612/6998 matched
2026-08-24 02:39:12,088 INFO ncaa_identity: contest_id=1805618 teams 2515/2515 matched, players 6257/7110 matched
2026-08-24 02:39:14,879 INFO ncaa_identity: contest_id=1805652 teams 2137/2137 matched, players 5602/6023 matched
2026-08-24 02:39:18,283 INFO ncaa_identity: contest_id=1805692 teams 1266/2583 matched, players 3557/7057 matched
2026-08-24 02:39:31,009 INFO ncaa_identity: contest_id=1805904 teams 2848/2848 matched, players 7256/7820 matched
2026-08-24 02:39:38,440 INFO ncaa_identity: contest_id=1806055 teams 2387/2387 matched, players 5955/6566 matched
2026-08-24 02:39:45,904 INFO ncaa_identity: contest_id=1806108 teams 2885/2885 matched, players 7402/7999 matched
2026-08-24 02:39:56,241 INFO ncaa_identity: contest_id=1806318 teams 2322/2322 matched, players 6369/6381 matched
2026-08-24 02:40:01,265 INFO ncaa_identity: contest_id=1806403 teams 2265/2265 matched, players 5804/6398 matched
2026-08-24 02:40:04,696 INFO ncaa_identity: contest_id=1806575 teams 1836/1836 matched, players 5104/5176 matched
2026-08-24 02:40:13,008 INFO ncaa_identity: contest_id=1806708 teams 2353/2353 matched, players 4838/6441 matched
2026-08-24 02:40:14,916 INFO ncaa_identity: contest_id=1806733 teams 2584/2584 matched, players 6434/7116 matched
2026-08-24 02:40:21,442 INFO ncaa_identity: contest_id=1806828 teams 2651/2651 matched, players 7215/7274 matched
2026-08-24 02:40:31,987 INFO ncaa_identity: contest_id=1806998 teams 2639/2639 matched, players 6698/7256 matched
2026-08-24 02:40:41,723 INFO ncaa_identity: contest_id=1807172 teams 3061/3061 matched, players 8233/8430 matched
2026-08-24 02:40:47,999 INFO ncaa_identity: contest_id=1807330 teams 2188/2188 matched, players 5821/6129 matched
2026-08-24 02:40:55,598 INFO ncaa_identity: contest_id=1807575 teams 2826/2826 matched, players 7463/7753 matched
2026-08-24 02:40:57,832 INFO ncaa_identity: contest_id=1807628 teams 1304/2566 matched, players 3545/7015 matched
2026-08-24 02:41:12,035 INFO ncaa_identity: contest_id=1807826 teams 2765/2765 matched, players 7285/7591 matched
2026-08-24 02:41:13,967 INFO ncaa_identity: contest_id=1807844 teams 2975/2975 matched, players 7704/8440 matched
2026-08-24 02:41:17,954 INFO ncaa_identity: contest_id=1807887 teams 1352/2682 matched, players 3674/7325 matched
2026-08-24 02:41:19,672 INFO ncaa_identity: contest_id=1807923 teams 1252/2475 matched, players 3010/6777 matched
2026-08-24 02:41:23,424 INFO ncaa_identity: contest_id=1807981 teams 2294/2294 matched, players 6207/6301 matched
2026-08-24 02:41:25,221 INFO ncaa_identity: contest_id=1808022 teams 2592/2592 matched, players 6290/7119 matched
2026-08-24 02:41:26,989 INFO ncaa_identity: contest_id=1808040 teams 2864/2864 matched, players 7065/7862 matched
2026-08-24 02:41:38,587 INFO ncaa_identity: contest_id=1808207 teams 2274/2274 matched, players 6316/6419 matched
2026-08-24 02:41:40,657 INFO ncaa_identity: contest_id=1808269 teams 3128/3128 matched, players 8207/8654 matched
2026-08-24 02:41:45,750 INFO ncaa_identity: contest_id=1808369 teams 2403/2403 matched, players 6451/6606 matched
2026-08-24 02:41:47,256 INFO ncaa_identity: contest_id=1808383 teams 2446/2446 matched, players 6083/6934 matched
2026-08-24 02:41:52,928 INFO ncaa_identity: contest_id=1808480 teams 2554/2554 matched, players 6994/7052 matched
2026-08-24 02:42:04,311 INFO ncaa_identity: contest_id=1808777 teams 1295/2568 matched, players 3594/7021 matched
2026-08-24 02:42:07,955 INFO ncaa_identity: contest_id=1808804 teams 2157/2157 matched, players 5266/5882 matched
2026-08-24 02:42:11,097 INFO ncaa_identity: contest_id=1808847 teams 2914/2914 matched, players 7341/7991 matched
2026-08-24 02:42:12,975 INFO ncaa_identity: contest_id=1808871 teams 2841/2841 matched, players 7746/7747 matched
2026-08-24 02:42:16,190 INFO ncaa_identity: contest_id=1808913 teams 2399/2399 matched, players 6509/6551 matched
2026-08-24 02:42:22,855 INFO ncaa_identity: contest_id=1809042 teams 2006/2006 matched, players 4562/5436 matched
2026-08-24 02:42:27,322 INFO ncaa_identity: contest_id=1809186 teams 2159/2159 matched, players 5676/6105 matched
2026-08-24 02:42:34,420 INFO ncaa_identity: contest_id=1809235 teams 2473/2473 matched, players 6488/6830 matched
2026-08-24 02:42:42,059 WARNING ncaa_parse: family=shots contest_id=1809412 team=Georgetown SKIPPED (1 parse error(s)): Missing fields from shot: param_indices=[2,6] in [<circle class="shot" cx="855.4" cy="105.0" r="5"><title>1st 19:33:00 : made by Paul Reed() 2-0</title></circle...
2026-08-24 02:42:43,301 INFO ncaa_identity: contest_id=1809428 teams 2085/2085 matched, players 5657/5877 matched
2026-08-24 02:42:46,692 INFO ncaa_identity: contest_id=1809511 teams 2686/2686 matched, players 7050/7335 matched
2026-08-24 02:42:53,544 INFO ncaa_identity: contest_id=1809750 teams 1261/2481 matched, players 3329/6775 matched
2026-08-24 02:42:55,536 INFO ncaa_identity: contest_id=1809771 teams 2911/2911 matched, players 7480/8025 matched
2026-08-24 02:43:05,856 INFO ncaa_identity: contest_id=1809890 teams 2103/2103 matched, players 5542/5919 matched
2026-08-24 02:43:13,522 INFO ncaa_identity: contest_id=1810025 teams 2716/2716 matched, players 7414/7468 matched
2026-08-24 02:43:22,927 INFO ncaa_identity: contest_id=1810220 teams 2727/2727 matched, players 6947/7471 matched
2026-08-24 02:43:24,638 INFO ncaa_identity: contest_id=1810233 teams 2133/2133 matched, players 5093/5784 matched
2026-08-24 02:43:26,105 INFO ncaa_identity: contest_id=1810244 teams 2462/2462 matched, players 3344/6771 matched
2026-08-24 02:43:29,457 INFO ncaa_identity: contest_id=1810264 teams 2235/2235 matched, players 6048/6332 matched
2026-08-24 02:43:31,601 INFO ncaa_identity: contest_id=1810332 teams 2869/2869 matched, players 7746/7926 matched
2026-08-24 02:43:33,115 INFO ncaa_identity: contest_id=1810360 teams 2436/2436 matched, players 6620/6665 matched
2026-08-24 02:43:34,887 INFO ncaa_identity: contest_id=1810412 teams 1096/2176 matched, players 2962/5953 matched
2026-08-24 02:43:45,030 INFO ncaa_identity: contest_id=1810637 teams 2546/2546 matched, players 6562/6947 matched
2026-08-24 02:43:49,018 INFO 5 starters not found for period 3; using estimate
2026-08-24 02:44:01,402 INFO ncaa_identity: contest_id=1810881 teams 2899/2899 matched, players 7902/7956 matched
2026-08-24 02:44:12,895 INFO ncaa_identity: contest_id=1811024 teams 0/3115 matched, players 0/8582 matched
2026-08-24 02:44:16,686 INFO ncaa_identity: contest_id=1811076 teams 2188/2188 matched, players 6165/6183 matched
2026-08-24 02:44:16,867 INFO 5 starters not found for period 4; using estimate
2026-08-24 02:44:29,209 INFO ncaa_identity: contest_id=1811276 teams 2335/2335 matched, players 6133/6376 matched
2026-08-24 02:44:34,954 INFO ncaa_identity: contest_id=1811370 teams 2256/2256 matched, players 6018/6170 matched
2026-08-24 02:44:40,447 INFO ncaa_identity: contest_id=1811449 teams 2709/2709 matched, players 7170/7433 matched
2026-08-24 02:45:00,461 INFO ncaa_identity: contest_id=1811848 teams 2317/2317 matched, players 6050/6363 matched
2026-08-24 02:45:06,307 INFO ncaa_identity: contest_id=1811904 teams 3393/3393 matched, players 8608/9366 matched
2026-08-24 02:45:16,478 INFO 5 starters not found for period 3; using estimate
2026-08-24 02:45:23,160 INFO ncaa_identity: contest_id=1812079 teams 2444/2444 matched, players 6531/6709 matched
2026-08-24 02:45:25,991 INFO ncaa_identity: contest_id=1812103 teams 2033/2033 matched, players 5399/5757 matched
2026-08-24 02:45:27,414 INFO ncaa_identity: contest_id=1812113 teams 1349/2663 matched, players 3663/7289 matched
2026-08-24 02:45:36,140 INFO ncaa_identity: contest_id=1812226 teams 2754/2754 matched, players 7553/7559 matched
2026-08-24 02:45:44,626 INFO ncaa_identity: contest_id=1812323 teams 2622/2622 matched, players 6725/7247 matched
2026-08-24 02:45:46,921 INFO ncaa_identity: contest_id=1812344 teams 3027/3027 matched, players 7531/8333 matched
2026-08-24 02:45:50,217 INFO ncaa_identity: contest_id=1812393 teams 2074/2074 matched, players 5607/5855 matched
2026-08-24 02:45:55,155 INFO ncaa_identity: contest_id=1812427 teams 2476/2476 matched, players 6693/6740 matched
2026-08-24 02:45:56,996 INFO ncaa_identity: contest_id=1812440 teams 2514/2514 matched, players 6573/7021 matched
2026-08-24 02:46:15,397 INFO 5 starters not found for period 3; using estimate
2026-08-24 02:46:38,903 INFO ncaa_identity: contest_id=1816613 teams 2522/2522 matched, players 5852/6887 matched
2026-08-24 02:46:41,860 INFO ncaa_identity: contest_id=1816827 teams 2027/2027 matched, players 5041/5721 matched
2026-08-24 02:46:49,404 INFO ncaa_identity: contest_id=1817004 teams 2560/2560 matched, players 6992/6993 matched
2026-08-24 02:46:52,601 INFO ncaa_identity: contest_id=1817082 teams 2556/2556 matched, players 6915/7002 matched
2026-08-24 02:47:01,169 INFO ncaa_identity: contest_id=1817506 teams 1311/2660 matched, players 3667/7208 matched
2026-08-24 02:47:03,281 INFO ncaa_identity: contest_id=1821366 teams 1213/2428 matched, players 3300/6590 matched
2026-08-24 02:47:06,880 INFO ncaa_identity: contest_id=1967710 teams 2719/2719 matched, players 6985/7486 matched
2026-08-24 02:47:13,640 INFO ncaa_identity: contest_id=1970298 teams 2325/2325 matched, players 3143/6365 matched
2026-08-24 02:47:15,215 INFO ncaa_identity: contest_id=1970369 teams 2620/2620 matched, players 6779/7159 matched
2026-08-24 02:47:34,920 INFO ncaa_identity: contest_id=1972177 teams 2908/2908 matched, players 7451/8031 matched
2026-08-24 02:47:37,648 INFO ncaa_identity: contest_id=1982636 teams 2700/2700 matched, players 7411/7415 matched
2026-08-24 02:47:39,409 INFO ncaa_identity: contest_id=1982649 teams 2864/2864 matched, players 7593/7868 matched
2026-08-24 02:47:53,183 INFO ncaa_identity: contest_id=1982781 teams 2682/2682 matched, players 6899/7350 matched
2026-08-24 02:48:08,587 INFO ncaa_identity: contest_id=1982937 teams 2563/2563 matched, players 6842/7023 matched
2026-08-24 02:48:14,579 INFO ncaa_identity: contest_id=1983007 teams 2761/2761 matched, players 7570/7571 matched
2026-08-24 02:48:16,074 INFO ncaa_identity: contest_id=1983022 teams 2474/2474 matched, players 5905/6786 matched
2026-08-24 02:48:22,314 WARNING ncaa_parse: family=shots contest_id=1983108 team=Southeast Mo. St. SKIPPED (1 parse error(s)): No shot events found [<!DOCTYPE html> <html lang="en"> <head> <meta content="text/html; charset=utf-8" http-equiv="CONTENT-TYPE"/> <meta charset="utf-8"/> <meta...
2026-08-24 02:48:22,449 INFO ncaa_identity: contest_id=1983108 teams 2182/2182 matched, players 5852/6194 matched
2026-08-24 02:48:29,712 INFO ncaa_identity: contest_id=1983186 teams 2313/2313 matched, players 6338/6341 matched
2026-08-24 02:48:31,690 INFO ncaa_identity: contest_id=1983216 teams 1351/2655 matched, players 3625/7283 matched
2026-08-24 02:48:33,805 INFO ncaa_identity: contest_id=1983228 teams 2744/2744 matched, players 7271/7519 matched
2026-08-24 02:48:35,720 INFO ncaa_identity: contest_id=1983247 teams 1369/2735 matched, players 3682/7500 matched
2026-08-24 02:48:39,766 INFO ncaa_identity: contest_id=1983307 teams 2740/2740 matched, players 7489/7573 matched
2026-08-24 02:48:45,294 INFO ncaa_identity: contest_id=1983361 teams 2893/2893 matched, players 7702/7971 matched
2026-08-24 02:48:54,847 INFO ncaa_identity: contest_id=1983465 teams 1445/3027 matched, players 4105/8321 matched
2026-08-24 02:49:01,003 INFO ncaa_identity: contest_id=1983518 teams 2986/2986 matched, players 8121/8190 matched
2026-08-24 02:49:05,561 WARNING ncaa_parse: family=shots contest_id=1983570 team=Eastern Ky. SKIPPED (1 parse error(s)): No shot events found [<!DOCTYPE html> <html lang="en"> <head> <meta content="text/html; charset=utf-8" http-equiv="CONTENT-TYPE"/> <meta charset="utf-8"/> <meta...
2026-08-24 02:49:05,673 INFO ncaa_identity: contest_id=1983570 teams 2741/2741 matched, players 7595/7749 matched
2026-08-24 02:49:11,367 INFO ncaa_identity: contest_id=1983616 teams 2282/2282 matched, players 5937/6232 matched
2026-08-24 02:49:13,264 INFO ncaa_identity: contest_id=1983637 teams 3028/3028 matched, players 8330/8331 matched
2026-08-24 02:49:14,972 WARNING ncaa_parse: family=shots contest_id=1983658 team=Hampton SKIPPED (1 parse error(s)): No shot events found [<!DOCTYPE html> <html lang="en"> <head> <meta content="text/html; charset=utf-8" http-equiv="CONTENT-TYPE"/> <meta charset="utf-8"/> <meta...
2026-08-24 02:49:15,070 INFO ncaa_identity: contest_id=1983658 teams 2502/2502 matched, players 6360/7067 matched
2026-08-24 02:49:16,619 INFO ncaa_identity: contest_id=1983670 teams 2270/2270 matched, players 5029/6217 matched
2026-08-24 02:49:21,925 INFO ncaa_identity: contest_id=1983711 teams 2741/2741 matched, players 7128/7500 matched
2026-08-24 02:49:23,473 INFO ncaa_identity: contest_id=1983731 teams 2492/2492 matched, players 6652/6849 matched
2026-08-24 02:49:25,249 WARNING ncaa_parse: family=shots contest_id=1983746 team=Furman SKIPPED (1 parse error(s)): No shot events found [<!DOCTYPE html> <html lang="en"> <head> <meta content="text/html; charset=utf-8" http-equiv="CONTENT-TYPE"/> <meta charset="utf-8"/> <meta...
2026-08-24 02:49:30,869 WARNING ncaa_parse: family=shots contest_id=1983790 team=Southeast Mo. St. SKIPPED (1 parse error(s)): No shot events found [<!DOCTYPE html> <html lang="en"> <head> <meta content="text/html; charset=utf-8" http-equiv="CONTENT-TYPE"/> <meta charset="utf-8"/> <meta...
2026-08-24 02:49:30,969 INFO ncaa_identity: contest_id=1983790 teams 3100/3100 matched, players 7451/8750 matched
2026-08-24 02:49:32,670 INFO ncaa_identity: contest_id=1983804 teams 2292/2292 matched, players 6151/6297 matched
2026-08-24 02:49:35,770 WARNING ncaa_parse: family=shots contest_id=1983852 team=Alabama St. SKIPPED (1 parse error(s)): No shot events found [<!DOCTYPE html> <html lang="en"> <head> <meta content="text/html; charset=utf-8" http-equiv="CONTENT-TYPE"/> <meta charset="utf-8"/> <meta...
2026-08-24 02:49:35,855 INFO ncaa_identity: contest_id=1983852 teams 2156/2156 matched, players 6020/6054 matched
2026-08-24 02:49:39,611 INFO ncaa_identity: contest_id=1983902 teams 2728/2728 matched, players 7471/7475 matched
2026-08-24 02:49:48,223 WARNING ncaa_parse: family=shots contest_id=1984022 team=Marshall SKIPPED (1 parse error(s)): No shot events found [<!DOCTYPE html> <html lang="en"> <head> <meta content="text/html; charset=utf-8" http-equiv="CONTENT-TYPE"/> <meta charset="utf-8"/> <meta...
2026-08-24 02:49:48,505 INFO ncaa_identity: contest_id=1984022 teams 2033/2033 matched, players 5307/5755 matched
2026-08-24 02:49:54,802 INFO ncaa_identity: contest_id=1984083 teams 2423/2423 matched, players 5918/6574 matched
2026-08-24 02:49:58,204 INFO ncaa_identity: contest_id=1984160 teams 2320/2320 matched, players 6015/6332 matched
2026-08-24 02:50:07,173 INFO ncaa_identity: contest_id=1984301 teams 2926/2926 matched, players 7410/8089 matched
2026-08-24 02:50:10,837 INFO ncaa_identity: contest_id=1984329 teams 2339/2339 matched, players 6248/6378 matched
2026-08-24 02:50:12,511 INFO ncaa_identity: contest_id=1984352 teams 2356/2356 matched, players 6330/6484 matched
2026-08-24 02:50:16,838 INFO ncaa_identity: contest_id=1984380 teams 2660/2660 matched, players 7180/7304 matched
2026-08-24 02:50:22,164 INFO ncaa_identity: contest_id=1984468 teams 2624/2624 matched, players 7038/7195 matched
2026-08-24 02:50:25,614 WARNING ncaa_parse: family=shots contest_id=1984514 team=Alcorn SKIPPED (1 parse error(s)): No shot events found [<!DOCTYPE html> <html lang="en"> <head> <meta content="text/html; charset=utf-8" http-equiv="CONTENT-TYPE"/> <meta charset="utf-8"/> <meta...
2026-08-24 02:50:25,633 INFO ncaa_identity: contest_id=1984514 teams 1848/1848 matched, players 717/739 matched
2026-08-24 02:50:27,054 WARNING ncaa_parse: family=shots contest_id=1984536 team=Gardner-Webb SKIPPED (1 parse error(s)): No shot events found [<!DOCTYPE html> <html lang="en"> <head> <meta content="text/html; charset=utf-8" http-equiv="CONTENT-TYPE"/> <meta charset="utf-8"/> <meta...
2026-08-24 02:50:27,176 INFO ncaa_identity: contest_id=1984536 teams 2395/2395 matched, players 6381/6761 matched
2026-08-24 02:50:29,064 INFO ncaa_identity: contest_id=1984562 teams 2726/2726 matched, players 6917/7505 matched
2026-08-24 02:50:30,702 INFO ncaa_identity: contest_id=1984600 teams 2623/2623 matched, players 7090/7206 matched
2026-08-24 02:50:35,963 INFO ncaa_identity: contest_id=1984664 teams 2313/2313 matched, players 5801/6314 matched
2026-08-24 02:50:37,494 INFO ncaa_identity: contest_id=1984677 teams 2448/2448 matched, players 6099/6695 matched
2026-08-24 02:50:41,788 INFO ncaa_identity: contest_id=1984734 teams 2457/2457 matched, players 6232/6726 matched
2026-08-24 02:50:43,752 INFO ncaa_identity: contest_id=1984751 teams 2654/2654 matched, players 7192/7296 matched
2026-08-24 02:50:45,197 INFO ncaa_identity: contest_id=1984770 teams 2320/2320 matched, players 6042/6264 matched
2026-08-24 02:50:51,850 INFO ncaa_identity: contest_id=1984907 teams 2524/2524 matched, players 6605/6936 matched
2026-08-24 02:50:59,306 INFO ncaa_identity: contest_id=1985049 teams 2562/2562 matched, players 6538/7075 matched
2026-08-24 02:51:04,494 INFO ncaa_identity: contest_id=1985119 teams 2281/2281 matched, players 6152/6203 matched
2026-08-24 02:51:09,009 INFO ncaa_identity: contest_id=1985178 teams 2595/2595 matched, players 6555/7148 matched
2026-08-24 02:51:17,399 WARNING ncaa_parse: family=shots contest_id=1985363 team=Southeast Mo. St. SKIPPED (1 parse error(s)): No shot events found [<!DOCTYPE html> <html lang="en"> <head> <meta content="text/html; charset=utf-8" http-equiv="CONTENT-TYPE"/> <meta charset="utf-8"/> <meta...
2026-08-24 02:51:17,521 INFO ncaa_identity: contest_id=1985363 teams 2263/2263 matched, players 5939/6399 matched
2026-08-24 02:51:37,814 INFO ncaa_identity: contest_id=1985630 teams 2320/2320 matched, players 6275/6355 matched
2026-08-24 02:51:50,647 INFO ncaa_identity: contest_id=1985838 teams 2323/2323 matched, players 6188/6372 matched
2026-08-24 02:51:52,824 INFO ncaa_identity: contest_id=1985858 teams 2440/2440 matched, players 6025/6649 matched
2026-08-24 02:52:01,878 WARNING ncaa_parse: family=shots contest_id=1986040 team=Furman SKIPPED (1 parse error(s)): No shot events found [<!DOCTYPE html> <html lang="en"> <head> <meta content="text/html; charset=utf-8" http-equiv="CONTENT-TYPE"/> <meta charset="utf-8"/> <meta...
2026-08-24 02:52:05,280 WARNING ncaa_parse: family=shots contest_id=1986103 team=Campbell SKIPPED (1 parse error(s)): No shot events found [<!DOCTYPE html> <html lang="en"> <head> <meta content="text/html; charset=utf-8" http-equiv="CONTENT-TYPE"/> <meta charset="utf-8"/> <meta...
2026-08-24 02:52:05,494 INFO ncaa_identity: contest_id=1986103 teams 1844/1844 matched, players 4897/5126 matched
2026-08-24 02:52:11,359 INFO ncaa_identity: contest_id=1986156 teams 1234/2476 matched, players 3138/6796 matched
2026-08-24 02:52:19,263 INFO ncaa_identity: contest_id=1986233 teams 2473/2473 matched, players 6550/6760 matched
2026-08-24 02:52:20,737 WARNING ncaa_parse: family=shots contest_id=1986254 team=Lipscomb SKIPPED (1 parse error(s)): No shot events found [<!DOCTYPE html> <html lang="en"> <head> <meta content="text/html; charset=utf-8" http-equiv="CONTENT-TYPE"/> <meta charset="utf-8"/> <meta...
2026-08-24 02:52:28,773 INFO ncaa_identity: contest_id=1986408 teams 2924/2924 matched, players 8051/8052 matched
2026-08-24 02:52:30,738 INFO ncaa_identity: contest_id=1986440 teams 2384/2384 matched, players 6091/6536 matched
2026-08-24 02:52:33,299 INFO ncaa_identity: contest_id=1986471 teams 3263/3263 matched, players 8585/8958 matched
2026-08-24 02:52:37,342 INFO ncaa_identity: contest_id=1986501 teams 2367/2367 matched, players 6280/6473 matched
2026-08-24 02:52:43,078 INFO ncaa_identity: contest_id=1986548 teams 2570/2570 matched, players 6586/7077 matched
2026-08-24 02:52:44,874 INFO ncaa_identity: contest_id=1986563 teams 2679/2679 matched, players 7153/7372 matched
2026-08-24 02:52:48,724 INFO ncaa_identity: contest_id=1986629 teams 2587/2587 matched, players 6621/7115 matched
2026-08-24 02:52:58,467 WARNING ncaa_parse: family=shots contest_id=1986708 team=Texas Southern SKIPPED (1 parse error(s)): No shot events found [<!DOCTYPE html> <html lang="en"> <head> <meta content="text/html; charset=utf-8" http-equiv="CONTENT-TYPE"/> <meta charset="utf-8"/> <meta...
2026-08-24 02:52:58,560 INFO ncaa_identity: contest_id=1986708 teams 2143/2143 matched, players 5604/6030 matched
2026-08-24 02:53:08,159 INFO ncaa_identity: contest_id=1986823 teams 2724/2724 matched, players 7452/7499 matched
2026-08-24 02:53:10,747 INFO ncaa_identity: contest_id=1986844 teams 3586/3586 matched, players 9718/9925 matched
2026-08-24 02:53:12,217 INFO ncaa_identity: contest_id=1986855 teams 2412/2412 matched, players 6477/6653 matched
2026-08-24 02:53:15,699 WARNING ncaa_parse: family=shots contest_id=1986960 team=Old Dominion SKIPPED (1 parse error(s)): No shot events found [<!DOCTYPE html> <html lang="en"> <head> <meta content="text/html; charset=utf-8" http-equiv="CONTENT-TYPE"/> <meta charset="utf-8"/> <meta...
2026-08-24 02:53:15,941 INFO ncaa_identity: contest_id=1986960 teams 1200/2415 matched, players 3389/6809 matched
2026-08-24 02:53:27,306 INFO ncaa_identity: contest_id=1987218 teams 3053/3053 matched, players 7834/8465 matched
2026-08-24 02:53:30,883 INFO ncaa_identity: contest_id=1987395 teams 2520/2520 matched, players 6544/6920 matched
2026-08-24 02:53:39,396 INFO ncaa_identity: contest_id=1987626 teams 2366/2366 matched, players 6162/6474 matched
2026-08-24 02:53:39,569 INFO 5 starters not found for period 3; using estimate
2026-08-24 02:53:41,667 INFO ncaa_identity: contest_id=1987637 teams 2631/2631 matched, players 7196/7212 matched
2026-08-24 02:53:45,751 INFO ncaa_identity: contest_id=1987686 teams 2567/2567 matched, players 7047/7068 matched
2026-08-24 02:53:55,912 INFO ncaa_identity: contest_id=1987812 teams 2525/2525 matched, players 6402/6961 matched
2026-08-24 02:53:57,708 INFO ncaa_identity: contest_id=1987859 teams 2329/2329 matched, players 5959/6375 matched
2026-08-24 02:53:59,699 INFO ncaa_identity: contest_id=1987954 teams 2715/2715 matched, players 7407/7412 matched
2026-08-24 02:54:01,960 INFO ncaa_identity: contest_id=1988046 teams 2588/2588 matched, players 6970/7048 matched
2026-08-24 02:54:03,395 WARNING ncaa_parse: family=shots contest_id=1988113 team=Texas Southern SKIPPED (1 parse error(s)): No shot events found [<!DOCTYPE html> <html lang="en"> <head> <meta content="text/html; charset=utf-8" http-equiv="CONTENT-TYPE"/> <meta charset="utf-8"/> <meta...
2026-08-24 02:54:03,494 INFO ncaa_identity: contest_id=1988113 teams 2409/2409 matched, players 6290/6792 matched
2026-08-24 02:54:05,408 INFO ncaa_identity: contest_id=1988181 teams 2644/2644 matched, players 6462/7252 matched
2026-08-24 02:54:15,909 INFO ncaa_identity: contest_id=1989127 teams 2599/2599 matched, players 6557/7118 matched
2026-08-24 02:54:22,012 INFO ncaa_identity: contest_id=1989214 teams 2584/2584 matched, players 6767/7095 matched
2026-08-24 02:54:23,531 INFO ncaa_identity: contest_id=1989235 teams 2580/2580 matched, players 6957/7104 matched
2026-08-24 02:54:29,224 WARNING ncaa_parse: family=shots contest_id=1989477 team=Navy SKIPPED (1 parse error(s)): No shot events found [<!DOCTYPE html> <html lang="en"> <head> <meta content="text/html; charset=utf-8" http-equiv="CONTENT-TYPE"/> <meta charset="utf-8"/> <meta...
2026-08-24 02:54:33,320 INFO ncaa_identity: contest_id=1989606 teams 2966/2966 matched, players 7656/8151 matched
2026-08-24 02:54:44,288 INFO ncaa_identity: contest_id=1989911 teams 2089/2089 matched, players 4786/5682 matched
2026-08-24 02:54:50,464 WARNING ncaa_parse: family=shots contest_id=1990122 team=Rice SKIPPED (1 parse error(s)): No shot events found [<!DOCTYPE html> <html lang="en"> <head> <meta content="text/html; charset=utf-8" http-equiv="CONTENT-TYPE"/> <meta charset="utf-8"/> <meta...
2026-08-24 02:54:50,574 INFO ncaa_identity: contest_id=1990122 teams 1506/2933 matched, players 4163/8322 matched
2026-08-24 02:54:54,045 INFO ncaa_identity: contest_id=1990249 teams 3119/3119 matched, players 8491/8599 matched
2026-08-24 02:54:58,407 WARNING ncaa_parse: family=shots contest_id=1990368 team=ETSU SKIPPED (1 parse error(s)): No shot events found [<!DOCTYPE html> <html lang="en"> <head> <meta content="text/html; charset=utf-8" http-equiv="CONTENT-TYPE"/> <meta charset="utf-8"/> <meta...
2026-08-24 02:55:00,292 INFO ncaa_identity: contest_id=1990420 teams 1388/2779 matched, players 3165/7646 matched
2026-08-24 02:55:01,722 INFO ncaa_identity: contest_id=1990463 teams 2519/2519 matched, players 6885/6941 matched
2026-08-24 02:55:08,261 INFO ncaa_identity: contest_id=1990633 teams 2416/2416 matched, players 6592/6634 matched
2026-08-24 02:55:16,765 INFO ncaa_identity: contest_id=1990776 teams 2884/2884 matched, players 7928/7942 matched
2026-08-24 02:55:32,915 WARNING ncaa_parse: family=shots contest_id=1990960 team=Fresno St. SKIPPED (1 parse error(s)): No shot events found [<!DOCTYPE html> <html lang="en"> <head> <meta content="text/html; charset=utf-8" http-equiv="CONTENT-TYPE"/> <meta charset="utf-8"/> <meta...
2026-08-24 02:55:36,641 INFO ncaa_identity: contest_id=1991033 teams 2698/2698 matched, players 7144/7402 matched
2026-08-24 02:55:38,115 INFO ncaa_identity: contest_id=1991055 teams 2627/2627 matched, players 6725/7216 matched
2026-08-24 02:55:43,038 INFO ncaa_identity: contest_id=1991090 teams 1108/2280 matched, players 3069/6275 matched
2026-08-24 02:56:07,671 INFO ncaa_identity: contest_id=1991578 teams 2570/2570 matched, players 6452/7051 matched
2026-08-24 02:56:09,767 INFO ncaa_identity: contest_id=1991607 teams 2561/2561 matched, players 6753/7061 matched
2026-08-24 02:56:11,134 INFO ncaa_identity: contest_id=1991665 teams 2898/2898 matched, players 7410/7993 matched
2026-08-24 02:56:13,073 INFO ncaa_identity: contest_id=1991679 teams 2477/2477 matched, players 6299/6837 matched
2026-08-24 02:56:18,509 INFO ncaa_identity: contest_id=1991751 teams 2685/2685 matched, players 6555/7348 matched
2026-08-24 02:56:25,787 INFO ncaa_identity: contest_id=1991848 teams 2540/2540 matched, players 6326/6962 matched
2026-08-24 02:56:27,029 WARNING ncaa_parse: family=shots contest_id=1991945 team=Utah Tech SKIPPED (1 parse error(s)): No shot events found [<!DOCTYPE html> <html lang="en"> <head> <meta content="text/html; charset=utf-8" http-equiv="CONTENT-TYPE"/> <meta charset="utf-8"/> <meta...
2026-08-24 02:56:27,101 INFO ncaa_identity: contest_id=1991945 teams 2619/2619 matched, players 7350/7368 matched
2026-08-24 02:56:32,198 INFO ncaa_identity: contest_id=1992136 teams 1308/2572 matched, players 3494/6996 matched
2026-08-24 02:56:33,706 INFO ncaa_identity: contest_id=1992308 teams 2496/2496 matched, players 5693/6848 matched
2026-08-24 02:56:37,360 WARNING ncaa_parse: family=shots contest_id=1992578 team=Texas Southern SKIPPED (1 parse error(s)): No shot events found [<!DOCTYPE html> <html lang="en"> <head> <meta content="text/html; charset=utf-8" http-equiv="CONTENT-TYPE"/> <meta charset="utf-8"/> <meta...
2026-08-24 02:56:37,415 INFO ncaa_identity: contest_id=1992578 teams 2337/2337 matched, players 6361/6593 matched
2026-08-24 02:56:39,191 INFO ncaa_identity: contest_id=1992704 teams 2707/2707 matched, players 7178/7449 matched
2026-08-24 02:56:41,401 INFO ncaa_identity: contest_id=1992810 teams 1532/2947 matched, players 3723/8035 matched
2026-08-24 02:56:44,992 WARNING ncaa_parse: family=shots contest_id=1993023 team=Fresno St. SKIPPED (1 parse error(s)): No shot events found [<!DOCTYPE html> <html lang="en"> <head> <meta content="text/html; charset=utf-8" http-equiv="CONTENT-TYPE"/> <meta charset="utf-8"/> <meta...
2026-08-24 02:56:45,167 INFO ncaa_identity: contest_id=1993023 teams 1372/2699 matched, players 3789/7578 matched
2026-08-24 02:57:01,849 INFO ncaa_identity: contest_id=1993260 teams 3117/3117 matched, players 8394/8607 matched
2026-08-24 02:57:03,288 INFO ncaa_identity: contest_id=1993344 teams 2620/2620 matched, players 6733/7158 matched
2026-08-24 02:57:14,709 INFO ncaa_identity: contest_id=1993736 teams 1227/2425 matched, players 3327/6643 matched
2026-08-24 02:57:16,123 INFO ncaa_identity: contest_id=1993782 teams 1321/2614 matched, players 3255/7175 matched
2026-08-24 02:57:18,362 INFO ncaa_identity: contest_id=1993871 teams 1364/2633 matched, players 3606/7211 matched
2026-08-24 02:57:23,670 INFO ncaa_identity: contest_id=1994207 teams 1424/2864 matched, players 3895/7851 matched
2026-08-24 02:57:26,462 INFO ncaa_identity: contest_id=1994264 teams 1288/2506 matched, players 3480/6904 matched
2026-08-24 02:57:29,839 INFO ncaa_identity: contest_id=1994315 teams 1368/2748 matched, players 3540/7529 matched
2026-08-24 02:57:31,414 WARNING ncaa_parse: family=shots contest_id=1994364 team=Coppin St. SKIPPED (1 parse error(s)): No shot events found [<!DOCTYPE html> <html lang="en"> <head> <meta content="text/html; charset=utf-8" http-equiv="CONTENT-TYPE"/> <meta charset="utf-8"/> <meta...
2026-08-24 02:57:32,985 INFO ncaa_identity: contest_id=1994427 teams 1423/2865 matched, players 3905/7854 matched
2026-08-24 02:57:35,047 INFO ncaa_identity: contest_id=1994526 teams 2025/2025 matched, players 5068/5542 matched
2026-08-24 02:57:36,934 INFO ncaa_identity: contest_id=1994728 teams 1438/2757 matched, players 3890/7583 matched
2026-08-24 02:57:40,123 INFO ncaa_identity: contest_id=1995049 teams 2196/2196 matched, players 5801/6036 matched
2026-08-24 02:57:50,617 INFO ncaa_identity: contest_id=1995236 teams 1089/2171 matched, players 3053/5913 matched
2026-08-24 02:57:55,589 WARNING ncaa_parse: family=shots contest_id=1995365 team=Coppin St. SKIPPED (1 parse error(s)): No shot events found [<!DOCTYPE html> <html lang="en"> <head> <meta content="text/html; charset=utf-8" http-equiv="CONTENT-TYPE"/> <meta charset="utf-8"/> <meta...
2026-08-24 02:57:59,464 INFO ncaa_identity: contest_id=1995505 teams 1713/3179 matched, players 4470/8656 matched
2026-08-24 02:58:08,279 INFO ncaa_identity: contest_id=1995654 teams 1226/2383 matched, players 3376/6530 matched
2026-08-24 02:58:16,835 WARNING ncaa_parse: family=shots contest_id=1995842 team=Old Dominion SKIPPED (1 parse error(s)): No shot events found [<!DOCTYPE html> <html lang="en"> <head> <meta content="text/html; charset=utf-8" http-equiv="CONTENT-TYPE"/> <meta charset="utf-8"/> <meta...
2026-08-24 02:58:23,232 INFO ncaa_identity: contest_id=1996056 teams 2222/2222 matched, players 5682/6089 matched
2026-08-24 02:58:33,484 WARNING ncaa_parse: family=shots contest_id=1996457 team=Utah St. SKIPPED (1 parse error(s)): No shot events found [<!DOCTYPE html> <html lang="en"> <head> <meta content="text/html; charset=utf-8" http-equiv="CONTENT-TYPE"/> <meta charset="utf-8"/> <meta...
2026-08-24 02:58:33,801 INFO ncaa_identity: contest_id=1996457 teams 2334/2334 matched, players 6081/6559 matched
2026-08-24 02:58:42,364 INFO ncaa_identity: contest_id=1998371 teams 2386/2386 matched, players 6441/6484 matched
2026-08-24 02:58:48,086 INFO ncaa_identity: contest_id=2001571 teams 1331/2681 matched, players 3749/7379 matched
2026-08-24 02:58:50,167 INFO ncaa_identity: contest_id=2001696 teams 1237/2442 matched, players 3079/6697 matched
2026-08-24 02:58:52,207 INFO ncaa_identity: contest_id=2002494 teams 1506/2980 matched, players 3823/8201 matched
2026-08-24 02:58:58,520 INFO ncaa_identity: contest_id=2007825 teams 1385/2799 matched, players 3896/7730 matched
2026-08-24 02:58:59,898 WARNING ncaa_parse: family=shots contest_id=2027176 team=Gardner-Webb SKIPPED (1 parse error(s)): No shot events found [<!DOCTYPE html> <html lang="en"> <head> <meta content="text/html; charset=utf-8" http-equiv="CONTENT-TYPE"/> <meta charset="utf-8"/> <meta...
2026-08-24 02:59:01,469 INFO ncaa_identity: contest_id=2027319 teams 2264/2264 matched, players 5648/6191 matched
2026-08-24 02:59:06,148 INFO ncaa_identity: contest_id=2033923 teams 1302/2576 matched, players 3256/7015 matched
2026-08-24 02:59:08,528 INFO ncaa_identity: contest_id=2035097 teams 1137/2240 matched, players 3097/6094 matched
2026-08-24 02:59:10,542 INFO ncaa_identity: contest_id=2035821 teams 2700/2700 matched, players 7381/7388 matched
2026-08-24 02:59:14,389 INFO ncaa_identity: contest_id=2039440 teams 2798/2798 matched, players 7562/7714 matched
2026-08-24 02:59:22,259 INFO ncaa_identity: contest_id=2046138 teams 1390/2738 matched, players 3454/7467 matched
2026-08-24 02:59:25,965 INFO ncaa_identity: contest_id=2047929 teams 1233/2356 matched, players 2958/6467 matched
2026-08-24 02:59:27,502 INFO ncaa_identity: contest_id=2048631 teams 2359/2359 matched, players 5924/6403 matched
2026-08-24 02:59:29,048 INFO ncaa_identity: contest_id=2048658 teams 1347/2594 matched, players 3600/7118 matched
2026-08-24 02:59:32,957 WARNING ncaa_parse: family=shots contest_id=2051640 team=South Carolina St. SKIPPED (1 parse error(s)): No shot events found [<!DOCTYPE html> <html lang="en"> <head> <meta content="text/html; charset=utf-8" http-equiv="CONTENT-TYPE"/> <meta charset="utf-8"/> <meta...
2026-08-24 02:59:34,337 WARNING ncaa_parse: family=shots contest_id=2052007 team=Utah St. SKIPPED (1 parse error(s)): No shot events found [<!DOCTYPE html> <html lang="en"> <head> <meta content="text/html; charset=utf-8" http-equiv="CONTENT-TYPE"/> <meta charset="utf-8"/> <meta...
2026-08-24 02:59:35,798 WARNING ncaa_parse: family=shots contest_id=2052432 team=Campbell SKIPPED (1 parse error(s)): No shot events found [<!DOCTYPE html> <html lang="en"> <head> <meta content="text/html; charset=utf-8" http-equiv="CONTENT-TYPE"/> <meta charset="utf-8"/> <meta...
2026-08-24 02:59:35,864 INFO ncaa_identity: contest_id=2052432 teams 1824/1824 matched, players 5092/5139 matched
2026-08-24 02:59:37,138 INFO ncaa_identity: contest_id=2052605 teams 2249/2249 matched, players 5601/6168 matched
2026-08-24 03:00:00,324 INFO ncaa_identity: contest_id=2057054 teams 2783/2783 matched, players 7666/7671 matched
2026-08-24 03:00:06,627 INFO ncaa_identity: contest_id=2057366 teams 2385/2385 matched, players 6116/6564 matched
2026-08-24 03:00:11,965 INFO ncaa_identity: contest_id=2057649 teams 2694/2694 matched, players 6633/7365 matched
2026-08-24 03:00:13,925 INFO ncaa_identity: contest_id=2057700 teams 2883/2883 matched, players 7925/7940 matched
2026-08-24 03:00:16,026 INFO ncaa_identity: contest_id=2057753 teams 2822/2822 matched, players 6719/7760 matched
2026-08-24 03:00:17,780 INFO ncaa_identity: contest_id=2057824 teams 2544/2544 matched, players 6395/6979 matched
2026-08-24 03:00:18,867 INFO ncaa_identity: contest_id=2060223 teams 2136/2136 matched, players 5040/5830 matched
2026-08-24 03:00:20,757 INFO ncaa_identity: contest_id=2060235 teams 3088/3088 matched, players 8558/8559 matched
2026-08-24 03:00:32,911 INFO ncaa_identity: contest_id=2139897 teams 2752/2752 matched, players 7584/7588 matched
2026-08-24 03:00:36,355 INFO ncaa_identity: contest_id=2139917 teams 3245/3245 matched, players 8435/8945 matched
2026-08-24 03:00:38,448 INFO ncaa_identity: contest_id=2139927 teams 1536/3110 matched, players 4369/8586 matched
2026-08-24 03:00:40,021 INFO ncaa_identity: contest_id=2139937 teams 2842/2842 matched, players 7715/7781 matched
2026-08-24 03:00:41,707 INFO ncaa_identity: contest_id=2139947 teams 2708/2708 matched, players 6637/7420 matched
2026-08-24 03:00:45,043 INFO ncaa_identity: contest_id=2139968 teams 1559/3099 matched, players 4340/8547 matched
2026-08-24 03:00:47,998 INFO ncaa_identity: contest_id=2139994 teams 1434/2887 matched, players 4051/7979 matched
2026-08-24 03:00:49,433 INFO ncaa_identity: contest_id=2140006 teams 3033/3102 matched, players 8491/8491 matched
2026-08-24 03:00:51,527 INFO ncaa_identity: contest_id=2140024 teams 1421/2789 matched, players 3664/7654 matched
2026-08-24 03:00:53,321 INFO ncaa_identity: contest_id=2140044 teams 1451/2888 matched, players 3778/7935 matched
2026-08-24 03:00:55,160 INFO ncaa_identity: contest_id=2140061 teams 1419/2796 matched, players 3836/7669 matched
2026-08-24 03:00:57,074 INFO ncaa_identity: contest_id=2140073 teams 1509/2892 matched, players 3713/7959 matched
2026-08-24 03:01:00,603 INFO ncaa_identity: contest_id=2140108 teams 1331/2591 matched, players 3466/7080 matched
2026-08-24 03:01:02,521 INFO ncaa_identity: contest_id=2140122 teams 1233/2448 matched, players 3015/6609 matched
2026-08-24 03:01:12,040 INFO ncaa_identity: contest_id=2140228 teams 1771/3472 matched, players 5012/9649 matched
2026-08-24 03:01:14,141 INFO ncaa_identity: contest_id=2140249 teams 2626/2626 matched, players 6961/7199 matched
2026-08-24 03:01:24,285 INFO ncaa_identity: contest_id=2140430 teams 2486/2486 matched, players 6625/6791 matched
2026-08-24 03:01:26,190 INFO ncaa_identity: contest_id=2140449 teams 1347/2560 matched, players 3369/6955 matched
2026-08-24 03:01:34,974 INFO ncaa_identity: contest_id=2140594 teams 3308/3308 matched, players 8939/9062 matched
2026-08-24 03:01:38,095 WARNING ncaa_parse: family=shots contest_id=2140725 team=Bradley SKIPPED (1 parse error(s)): No shot events found [<!DOCTYPE html> <html lang="en"> <head> <meta content="text/html; charset=utf-8" http-equiv="CONTENT-TYPE"/> <meta charset="utf-8"/> <meta...
2026-08-24 03:01:38,219 INFO ncaa_identity: contest_id=2140725 teams 2521/2521 matched, players 6210/7133 matched
2026-08-24 03:01:39,746 WARNING ncaa_parse: family=shots contest_id=2140819 team=UMES SKIPPED (1 parse error(s)): No shot events found [<!DOCTYPE html> <html lang="en"> <head> <meta content="text/html; charset=utf-8" http-equiv="CONTENT-TYPE"/> <meta charset="utf-8"/> <meta...
2026-08-24 03:01:39,836 INFO ncaa_identity: contest_id=2140819 teams 1297/2503 matched, players 2831/6983 matched
2026-08-24 03:01:42,948 INFO ncaa_identity: contest_id=2140921 teams 1346/2636 matched, players 3650/7238 matched
2026-08-24 03:01:44,553 INFO ncaa_identity: contest_id=2140946 teams 3210/3210 matched, players 8239/8859 matched
2026-08-24 03:01:48,065 INFO ncaa_identity: contest_id=2141013 teams 1362/2591 matched, players 3396/7081 matched
2026-08-24 03:01:51,467 INFO ncaa_identity: contest_id=2141041 teams 1476/2868 matched, players 3922/7815 matched
2026-08-24 03:01:54,941 INFO ncaa_identity: contest_id=2141065 teams 1202/2439 matched, players 3344/6701 matched
2026-08-24 03:02:01,670 INFO ncaa_identity: contest_id=2141129 teams 2295/2295 matched, players 5873/6262 matched
2026-08-24 03:02:07,627 INFO ncaa_identity: contest_id=2141203 teams 1350/2683 matched, players 3667/7344 matched
2026-08-24 03:02:15,280 INFO ncaa_identity: contest_id=2141329 teams 2483/2483 matched, players 6569/6792 matched
2026-08-24 03:02:21,765 INFO ncaa_identity: contest_id=2141480 teams 2420/2420 matched, players 6500/6629 matched
2026-08-24 03:02:25,675 INFO ncaa_identity: contest_id=2141517 teams 1359/2641 matched, players 3281/7257 matched
2026-08-24 03:02:27,280 WARNING ncaa_parse: family=shots contest_id=2141549 team=Morehead St. SKIPPED (1 parse error(s)): No shot events found [<!DOCTYPE html> <html lang="en"> <head> <meta content="text/html; charset=utf-8" http-equiv="CONTENT-TYPE"/> <meta charset="utf-8"/> <meta...
2026-08-24 03:02:27,431 INFO ncaa_identity: contest_id=2141549 teams 1155/2311 matched, players 3290/6490 matched
2026-08-24 03:02:29,421 INFO ncaa_identity: contest_id=2141561 teams 2884/2884 matched, players 7318/7906 matched
2026-08-24 03:02:34,921 INFO ncaa_identity: contest_id=2141666 teams 1245/2428 matched, players 3359/6668 matched
2026-08-24 03:02:38,249 WARNING ncaa_parse: family=shots contest_id=2141736 team=Loyola Chicago SKIPPED (1 parse error(s)): No shot events found [<!DOCTYPE html> <html lang="en"> <head> <meta content="text/html; charset=utf-8" http-equiv="CONTENT-TYPE"/> <meta charset="utf-8"/> <meta...
2026-08-24 03:02:45,027 INFO ncaa_identity: contest_id=2141905 teams 1941/3786 matched, players 5082/10383 matched
2026-08-24 03:02:46,722 INFO ncaa_identity: contest_id=2142047 teams 1450/2897 matched, players 3936/7969 matched
2026-08-24 03:02:49,536 WARNING ncaa_parse: family=shots contest_id=2142120 team=Longwood SKIPPED (1 parse error(s)): No shot events found [<!DOCTYPE html> <html lang="en"> <head> <meta content="text/html; charset=utf-8" http-equiv="CONTENT-TYPE"/> <meta charset="utf-8"/> <meta...
2026-08-24 03:02:49,620 INFO ncaa_identity: contest_id=2142120 teams 2491/2491 matched, players 5590/7050 matched
2026-08-24 03:02:55,620 INFO ncaa_identity: contest_id=2142218 teams 1281/2606 matched, players 3537/7144 matched
2026-08-24 03:03:00,262 INFO ncaa_identity: contest_id=2142271 teams 1438/2763 matched, players 3856/7602 matched
2026-08-24 03:03:01,996 INFO ncaa_identity: contest_id=2142286 teams 1423/2847 matched, players 3924/7865 matched
2026-08-24 03:03:03,515 INFO ncaa_identity: contest_id=2142308 teams 2729/2729 matched, players 7441/7484 matched
2026-08-24 03:03:05,187 INFO ncaa_identity: contest_id=2142321 teams 2363/2363 matched, players 6313/6436 matched
2026-08-24 03:03:12,333 INFO ncaa_identity: contest_id=2142603 teams 1294/2543 matched, players 3563/6963 matched
2026-08-24 03:03:17,687 INFO ncaa_identity: contest_id=2142681 teams 1303/2535 matched, players 3514/6969 matched
2026-08-24 03:03:20,112 INFO ncaa_identity: contest_id=2142704 teams 1324/2518 matched, players 3460/6907 matched
2026-08-24 03:03:22,363 INFO ncaa_identity: contest_id=2142721 teams 2593/2593 matched, players 6653/7118 matched
2026-08-24 03:03:26,403 INFO ncaa_identity: contest_id=2142753 teams 2339/2339 matched, players 5989/6369 matched
2026-08-24 03:03:40,193 INFO ncaa_identity: contest_id=2142943 teams 2166/2166 matched, players 5502/5959 matched
2026-08-24 03:04:09,766 INFO ncaa_identity: contest_id=2143231 teams 3039/3039 matched, players 8236/8380 matched
2026-08-24 03:04:15,758 INFO ncaa_identity: contest_id=2143248 teams 2679/2679 matched, players 6841/7335 matched
2026-08-24 03:04:40,741 INFO ncaa_identity: contest_id=2143338 teams 3046/3046 matched, players 8273/8387 matched
2026-08-24 03:04:47,161 INFO ncaa_identity: contest_id=2143363 teams 1398/2760 matched, players 3780/7559 matched
2026-08-24 03:05:36,401 INFO ncaa_identity: contest_id=2143538 teams 2446/2446 matched, players 6270/6675 matched
2026-08-24 03:05:42,133 INFO ncaa_identity: contest_id=2143643 teams 1469/2906 matched, players 4013/8021 matched
2026-08-24 03:06:03,024 INFO ncaa_identity: contest_id=2143772 teams 2890/2890 matched, players 7951/7954 matched
2026-08-24 03:06:08,360 INFO ncaa_identity: contest_id=2143802 teams 1125/2235 matched, players 3067/6060 matched
2026-08-24 03:06:24,691 INFO ncaa_identity: contest_id=2143863 teams 2085/2085 matched, players 5685/5720 matched
2026-08-24 03:06:31,393 INFO ncaa_identity: contest_id=2143877 teams 2484/2484 matched, players 6760/6842 matched
2026-08-24 03:06:58,396 INFO ncaa_identity: contest_id=2144030 teams 2692/2692 matched, players 6978/7402 matched
2026-08-24 03:07:08,205 INFO ncaa_identity: contest_id=2144231 teams 1208/2448 matched, players 3342/6711 matched
2026-08-24 03:07:13,536 INFO ncaa_identity: contest_id=2144266 teams 1361/2690 matched, players 3727/7384 matched
2026-08-24 03:07:19,885 INFO ncaa_identity: contest_id=2144276 teams 2453/2453 matched, players 6517/6741 matched
2026-08-24 03:07:46,356 INFO ncaa_identity: contest_id=2144330 teams 1454/2804 matched, players 3888/7651 matched
2026-08-24 03:07:51,842 INFO ncaa_identity: contest_id=2144354 teams 1218/2454 matched, players 3356/6684 matched
2026-08-24 03:07:56,267 INFO ncaa_identity: contest_id=2144364 teams 2488/2488 matched, players 6501/6823 matched
2026-08-24 03:08:11,631 INFO ncaa_identity: contest_id=2144410 teams 2553/2553 matched, players 6656/7035 matched
2026-08-24 03:08:25,532 INFO ncaa_identity: contest_id=2144465 teams 2427/2427 matched, players 6236/6700 matched
2026-08-24 03:08:35,119 INFO ncaa_identity: contest_id=2144486 teams 2748/2748 matched, players 7252/7570 matched
2026-08-24 03:08:55,860 INFO ncaa_identity: contest_id=2144651 teams 2419/2419 matched, players 6594/6598 matched
2026-08-24 03:09:01,330 INFO ncaa_identity: contest_id=2144695 teams 1328/2598 matched, players 3602/7121 matched
2026-08-24 03:09:07,053 INFO ncaa_identity: contest_id=2144737 teams 2657/2657 matched, players 6582/7283 matched
2026-08-24 03:09:22,838 WARNING ncaa_parse: family=shots contest_id=2144791 team=Longwood SKIPPED (1 parse error(s)): No shot events found [<!DOCTYPE html> <html lang="en"> <head> <meta content="text/html; charset=utf-8" http-equiv="CONTENT-TYPE"/> <meta charset="utf-8"/> <meta...
2026-08-24 03:09:22,991 INFO ncaa_identity: contest_id=2144791 teams 2951/2951 matched, players 8248/8311 matched
2026-08-24 03:09:25,165 INFO ncaa_identity: contest_id=2144807 teams 2583/2583 matched, players 7109/7112 matched
2026-08-24 03:09:29,716 INFO ncaa_identity: contest_id=2144872 teams 2864/2864 matched, players 7346/7885 matched
2026-08-24 03:09:31,926 INFO ncaa_identity: contest_id=2144964 teams 2371/2371 matched, players 5916/6498 matched
2026-08-24 03:09:33,698 INFO ncaa_identity: contest_id=2145018 teams 1388/2635 matched, players 3445/7150 matched
2026-08-24 03:09:46,021 INFO ncaa_identity: contest_id=2145153 teams 2454/2454 matched, players 6235/6753 matched
2026-08-24 03:09:48,196 INFO ncaa_identity: contest_id=2145172 teams 1340/2584 matched, players 3618/7063 matched
2026-08-24 03:09:50,593 INFO ncaa_identity: contest_id=2145202 teams 1315/2711 matched, players 3705/7377 matched
2026-08-24 03:10:00,237 INFO ncaa_identity: contest_id=2145299 teams 2801/2801 matched, players 7673/7688 matched
2026-08-24 03:10:04,638 INFO ncaa_identity: contest_id=2145348 teams 2732/2732 matched, players 6973/7577 matched
2026-08-24 03:10:06,956 INFO ncaa_identity: contest_id=2145380 teams 2462/2462 matched, players 6322/6685 matched
2026-08-24 03:10:08,994 INFO ncaa_identity: contest_id=2145430 teams 1273/2586 matched, players 3530/7031 matched
2026-08-24 03:10:10,944 INFO ncaa_identity: contest_id=2145451 teams 2409/2409 matched, players 5881/6547 matched
2026-08-24 03:10:15,122 INFO ncaa_identity: contest_id=2145528 teams 2780/2780 matched, players 7239/7629 matched
2026-08-24 03:10:26,136 INFO ncaa_identity: contest_id=2145698 teams 2561/2561 matched, players 6553/6963 matched
2026-08-24 03:10:34,196 INFO ncaa_identity: contest_id=2145816 teams 2294/2367 matched, players 6471/6471 matched
2026-08-24 03:10:35,682 INFO ncaa_identity: contest_id=2145877 teams 2565/2565 matched, players 6981/6982 matched
2026-08-24 03:10:52,841 INFO ncaa_identity: contest_id=2146082 teams 1203/2400 matched, players 3307/6579 matched
2026-08-24 03:10:57,780 INFO ncaa_identity: contest_id=2146108 teams 2426/2426 matched, players 5885/6594 matched
2026-08-24 03:11:00,059 INFO ncaa_identity: contest_id=2146124 teams 2884/2884 matched, players 7818/7832 matched
2026-08-24 03:11:04,076 INFO ncaa_identity: contest_id=2146155 teams 3278/3278 matched, players 8578/9117 matched
2026-08-24 03:11:11,295 INFO ncaa_identity: contest_id=2146228 teams 1266/2455 matched, players 3432/6750 matched
2026-08-24 03:11:17,604 INFO ncaa_identity: contest_id=2146274 teams 1207/2487 matched, players 3453/6822 matched
2026-08-24 03:11:19,741 INFO ncaa_identity: contest_id=2146357 teams 1158/2265 matched, players 3098/6157 matched
2026-08-24 03:11:21,708 INFO ncaa_identity: contest_id=2146390 teams 2190/2190 matched, players 5789/6023 matched
2026-08-24 03:11:25,292 INFO ncaa_identity: contest_id=2146524 teams 2639/2639 matched, players 6637/7214 matched
2026-08-24 03:11:32,113 INFO ncaa_identity: contest_id=2146588 teams 1325/2619 matched, players 3162/7129 matched
2026-08-24 03:11:38,182 INFO ncaa_identity: contest_id=2146704 teams 2159/2159 matched, players 5821/5906 matched
2026-08-24 03:11:42,482 INFO ncaa_identity: contest_id=2146731 teams 2318/2318 matched, players 5923/6376 matched
2026-08-24 03:11:44,581 INFO ncaa_identity: contest_id=2146751 teams 2675/2675 matched, players 7130/7326 matched
2026-08-24 03:11:53,300 INFO ncaa_identity: contest_id=2146844 teams 3239/3239 matched, players 7623/8965 matched
2026-08-24 03:11:56,846 INFO ncaa_identity: contest_id=2146868 teams 2748/2748 matched, players 7255/7554 matched
2026-08-24 03:12:00,296 INFO ncaa_identity: contest_id=2146973 teams 1312/2561 matched, players 3517/7031 matched
2026-08-24 03:12:16,245 INFO ncaa_identity: contest_id=2147257 teams 3039/3039 matched, players 7763/8444 matched
2026-08-24 03:12:22,535 INFO ncaa_identity: contest_id=2147387 teams 3699/3699 matched, players 10204/10208 matched
2026-08-24 03:12:29,063 INFO ncaa_identity: contest_id=2147546 teams 2479/2479 matched, players 6763/6784 matched
2026-08-24 03:12:30,460 INFO ncaa_identity: contest_id=2147590 teams 2631/2631 matched, players 6831/7226 matched
2026-08-24 03:12:38,408 INFO ncaa_identity: contest_id=2147655 teams 2571/2571 matched, players 6262/7088 matched
2026-08-24 03:12:43,103 INFO ncaa_identity: contest_id=2147826 teams 2410/2410 matched, players 6455/6581 matched
2026-08-24 03:12:44,333 INFO ncaa_identity: contest_id=2147929 teams 2153/2153 matched, players 5406/5860 matched
2026-08-24 03:12:53,957 WARNING ncaa_parse: family=shots contest_id=2148094 team=South Carolina St. SKIPPED (1 parse error(s)): No shot events found [<!DOCTYPE html> <html lang="en"> <head> <meta content="text/html; charset=utf-8" http-equiv="CONTENT-TYPE"/> <meta charset="utf-8"/> <meta...
2026-08-24 03:12:54,020 INFO ncaa_identity: contest_id=2148094 teams 2814/2814 matched, players 6282/8018 matched
2026-08-24 03:12:55,468 INFO ncaa_identity: contest_id=2148133 teams 2497/2497 matched, players 6522/6523 matched
2026-08-24 03:13:00,203 INFO ncaa_identity: contest_id=2148179 teams 2293/2293 matched, players 6254/6255 matched
2026-08-24 03:13:07,105 INFO ncaa_identity: contest_id=2148293 teams 2498/2498 matched, players 6535/6868 matched
2026-08-24 03:13:16,791 INFO ncaa_identity: contest_id=2148507 teams 1159/2293 matched, players 3150/6304 matched
2026-08-24 03:13:28,138 WARNING ncaa_parse: family=shots contest_id=2148715 team=Longwood SKIPPED (1 parse error(s)): No shot events found [<!DOCTYPE html> <html lang="en"> <head> <meta content="text/html; charset=utf-8" http-equiv="CONTENT-TYPE"/> <meta charset="utf-8"/> <meta...
2026-08-24 03:13:33,661 INFO ncaa_identity: contest_id=2148781 teams 1216/2388 matched, players 3280/6558 matched
2026-08-24 03:13:37,783 INFO ncaa_identity: contest_id=2149045 teams 2496/2496 matched, players 6495/6863 matched
2026-08-24 03:13:39,088 INFO ncaa_identity: contest_id=2149067 teams 2462/2462 matched, players 6184/6781 matched
2026-08-24 03:14:00,949 INFO 5 starters not found for period 3; using estimate
2026-08-24 03:14:07,103 INFO ncaa_identity: contest_id=2149537 teams 2839/2839 matched, players 7635/7803 matched
2026-08-24 03:14:10,517 INFO ncaa_identity: contest_id=2149615 teams 2390/2390 matched, players 6511/6529 matched
2026-08-24 03:14:16,081 INFO ncaa_identity: contest_id=2149714 teams 2358/2358 matched, players 6468/6474 matched
2026-08-24 03:14:22,509 INFO ncaa_identity: contest_id=2149769 teams 2948/2948 matched, players 7797/8126 matched
2026-08-24 03:14:24,011 INFO ncaa_identity: contest_id=2149780 teams 2348/2348 matched, players 6268/6396 matched
2026-08-24 03:14:29,484 INFO ncaa_identity: contest_id=2149883 teams 3108/3108 matched, players 8254/8602 matched
2026-08-24 03:14:35,738 INFO ncaa_identity: contest_id=2150133 teams 2409/2409 matched, players 6113/6594 matched
2026-08-24 03:14:42,681 WARNING ncaa_parse: family=shots contest_id=2150214 team=Texas Southern SKIPPED (1 parse error(s)): No shot events found [<!DOCTYPE html> <html lang="en"> <head> <meta content="text/html; charset=utf-8" http-equiv="CONTENT-TYPE"/> <meta charset="utf-8"/> <meta...
2026-08-24 03:14:42,737 INFO ncaa_identity: contest_id=2150214 teams 2548/2548 matched, players 6991/7186 matched
2026-08-24 03:14:57,160 INFO ncaa_identity: contest_id=2150422 teams 2355/2355 matched, players 6011/6489 matched
2026-08-24 03:15:00,621 INFO ncaa_identity: contest_id=2150551 teams 2681/2681 matched, players 7220/7304 matched
2026-08-24 03:15:07,710 INFO ncaa_identity: contest_id=2150601 teams 1298/2520 matched, players 3568/6933 matched
2026-08-24 03:15:09,656 INFO ncaa_identity: contest_id=2150662 teams 3051/3051 matched, players 8259/8400 matched
2026-08-24 03:15:16,012 WARNING ncaa_parse: family=shots contest_id=2150779 team=Morgan St. SKIPPED (1 parse error(s)): No shot events found [<!DOCTYPE html> <html lang="en"> <head> <meta content="text/html; charset=utf-8" http-equiv="CONTENT-TYPE"/> <meta charset="utf-8"/> <meta...
2026-08-24 03:15:16,073 INFO ncaa_identity: contest_id=2150779 teams 2444/2444 matched, players 6457/6913 matched
2026-08-24 03:15:21,138 INFO ncaa_identity: contest_id=2150814 teams 2729/2729 matched, players 6924/7516 matched
2026-08-24 03:15:24,366 INFO ncaa_identity: contest_id=2150863 teams 2576/2576 matched, players 6190/7056 matched
2026-08-24 03:15:25,794 WARNING ncaa_parse: family=shots contest_id=2150892 team=Alabama A&M SKIPPED (1 parse error(s)): No shot events found [<!DOCTYPE html> <html lang="en"> <head> <meta content="text/html; charset=utf-8" http-equiv="CONTENT-TYPE"/> <meta charset="utf-8"/> <meta...
2026-08-24 03:15:28,671 INFO ncaa_identity: contest_id=2151090 teams 2375/2375 matched, players 6227/6514 matched
2026-08-24 03:15:30,624 INFO ncaa_identity: contest_id=2151141 teams 2620/2620 matched, players 7140/7168 matched
2026-08-24 03:15:32,578 INFO ncaa_identity: contest_id=2151164 teams 2954/2954 matched, players 7507/8124 matched
2026-08-24 03:15:35,271 INFO ncaa_identity: contest_id=2151195 teams 2566/2566 matched, players 6987/6989 matched
2026-08-24 03:15:41,002 WARNING ncaa_parse: family=shots contest_id=2151269 team=UMES SKIPPED (1 parse error(s)): No shot events found [<!DOCTYPE html> <html lang="en"> <head> <meta content="text/html; charset=utf-8" http-equiv="CONTENT-TYPE"/> <meta charset="utf-8"/> <meta...
2026-08-24 03:15:41,132 INFO ncaa_identity: contest_id=2151269 teams 3273/3273 matched, players 8691/9307 matched
2026-08-24 03:15:42,439 INFO ncaa_identity: contest_id=2151284 teams 2045/2045 matched, players 5528/5629 matched
2026-08-24 03:15:45,523 INFO ncaa_identity: contest_id=2151346 teams 2716/2716 matched, players 7439/7440 matched
2026-08-24 03:15:49,492 INFO ncaa_identity: contest_id=2151369 teams 2385/2385 matched, players 6068/6533 matched
2026-08-24 03:15:58,321 INFO ncaa_identity: contest_id=2151597 teams 2646/2646 matched, players 6846/7266 matched
2026-08-24 03:16:00,928 WARNING ncaa_parse: family=shots contest_id=2151620 team=Morehead St. SKIPPED (1 parse error(s)): No shot events found [<!DOCTYPE html> <html lang="en"> <head> <meta content="text/html; charset=utf-8" http-equiv="CONTENT-TYPE"/> <meta charset="utf-8"/> <meta...
2026-08-24 03:16:21,650 INFO ncaa_identity: contest_id=2151922 teams 2535/2535 matched, players 6891/6893 matched
2026-08-24 03:16:25,051 INFO ncaa_identity: contest_id=2152125 teams 3001/3001 matched, players 7787/8226 matched
2026-08-24 03:16:26,581 INFO ncaa_identity: contest_id=2152172 teams 2199/2199 matched, players 5926/5967 matched
2026-08-24 03:16:27,842 INFO ncaa_identity: contest_id=2152199 teams 2809/2809 matched, players 7301/7739 matched
2026-08-24 03:16:29,261 INFO ncaa_identity: contest_id=2152218 teams 2204/2204 matched, players 6056/6089 matched
2026-08-24 03:16:35,460 INFO ncaa_identity: contest_id=2152278 teams 2558/2558 matched, players 6571/6992 matched
2026-08-24 03:16:37,509 INFO ncaa_identity: contest_id=2152308 teams 3195/3195 matched, players 7791/8781 matched
2026-08-24 03:16:39,124 INFO ncaa_identity: contest_id=2152319 teams 1474/2878 matched, players 3973/7896 matched
2026-08-24 03:16:52,557 INFO ncaa_identity: contest_id=2152621 teams 2695/2695 matched, players 7278/7428 matched
2026-08-24 03:16:54,177 INFO ncaa_identity: contest_id=2152635 teams 2912/2912 matched, players 7304/8064 matched
2026-08-24 03:16:56,779 INFO ncaa_identity: contest_id=2152657 teams 2109/2109 matched, players 5479/5722 matched
2026-08-24 03:17:03,681 INFO ncaa_identity: contest_id=2152839 teams 2429/2429 matched, players 6054/6688 matched
2026-08-24 03:17:10,513 INFO ncaa_identity: contest_id=2152889 teams 2954/2954 matched, players 7468/8158 matched
2026-08-24 03:17:15,637 INFO ncaa_identity: contest_id=2153041 teams 3205/3205 matched, players 8593/8779 matched
2026-08-24 03:17:19,689 INFO ncaa_identity: contest_id=2153193 teams 2586/2586 matched, players 6761/7061 matched
2026-08-24 03:17:24,905 INFO ncaa_identity: contest_id=2153265 teams 2499/2499 matched, players 6011/6877 matched
2026-08-24 03:17:34,099 INFO ncaa_identity: contest_id=2153355 teams 2763/2763 matched, players 7212/7605 matched
2026-08-24 03:17:42,989 INFO ncaa_identity: contest_id=2153511 teams 2412/2412 matched, players 6243/6551 matched
2026-08-24 03:17:51,600 INFO ncaa_identity: contest_id=2153683 teams 2348/2348 matched, players 6189/6428 matched
2026-08-24 03:17:54,908 INFO ncaa_identity: contest_id=2153728 teams 2954/2954 matched, players 8012/8124 matched
2026-08-24 03:18:06,269 INFO ncaa_identity: contest_id=2153906 teams 2426/2426 matched, players 6634/6649 matched
2026-08-24 03:18:07,940 INFO ncaa_identity: contest_id=2153917 teams 2642/2642 matched, players 6941/7259 matched
2026-08-24 03:18:12,608 INFO ncaa_identity: contest_id=2154091 teams 3126/3126 matched, players 8479/8632 matched
2026-08-24 03:18:23,297 WARNING ncaa_parse: family=shots contest_id=2154303 team=Florida A&M SKIPPED (1 parse error(s)): No shot events found [<!DOCTYPE html> <html lang="en"> <head> <meta content="text/html; charset=utf-8" http-equiv="CONTENT-TYPE"/> <meta charset="utf-8"/> <meta...
2026-08-24 03:18:24,801 INFO ncaa_identity: contest_id=2154315 teams 2363/2363 matched, players 6299/6439 matched
2026-08-24 03:18:40,304 INFO ncaa_identity: contest_id=2154485 teams 2713/2713 matched, players 7327/7484 matched
2026-08-24 03:18:44,562 INFO ncaa_identity: contest_id=2154519 teams 1398/2720 matched, players 3771/7448 matched
2026-08-24 03:18:49,264 INFO ncaa_identity: contest_id=2154613 teams 1069/2092 matched, players 2953/5715 matched
2026-08-24 03:18:53,903 INFO ncaa_identity: contest_id=2154643 teams 2653/2653 matched, players 6874/7248 matched
2026-08-24 03:18:54,997 INFO ncaa_identity: contest_id=2154653 teams 1943/1943 matched, players 4780/5278 matched
2026-08-24 03:19:12,126 WARNING ncaa_parse: family=shots contest_id=2154873 team=Texas Southern SKIPPED (1 parse error(s)): No shot events found [<!DOCTYPE html> <html lang="en"> <head> <meta content="text/html; charset=utf-8" http-equiv="CONTENT-TYPE"/> <meta charset="utf-8"/> <meta...
2026-08-24 03:19:12,179 INFO ncaa_identity: contest_id=2154873 teams 2160/2160 matched, players 5759/6068 matched
2026-08-24 03:19:17,949 INFO ncaa_identity: contest_id=2154915 teams 2566/2566 matched, players 6392/7026 matched
2026-08-24 03:19:35,159 INFO ncaa_identity: contest_id=2155046 teams 2226/2226 matched, players 6001/6109 matched
2026-08-24 03:19:45,838 INFO ncaa_identity: contest_id=2155855 teams 1443/2879 matched, players 3755/7865 matched
2026-08-24 03:19:48,968 INFO ncaa_identity: contest_id=2157297 teams 2502/2502 matched, players 6666/6884 matched
2026-08-24 03:19:54,757 INFO ncaa_identity: contest_id=2158574 teams 2725/2795 matched, players 7687/7687 matched
2026-08-24 03:19:57,767 INFO ncaa_identity: contest_id=2158958 teams 2597/2597 matched, players 6759/7115 matched
2026-08-24 03:20:02,399 INFO ncaa_identity: contest_id=2159296 teams 2484/2484 matched, players 6774/6787 matched
2026-08-24 03:20:03,859 INFO ncaa_identity: contest_id=2159752 teams 1399/2810 matched, players 3834/7730 matched
2026-08-24 03:20:06,624 INFO ncaa_identity: contest_id=2160758 teams 1301/2484 matched, players 3437/6778 matched
2026-08-24 03:20:08,232 INFO ncaa_identity: contest_id=2160996 teams 1385/2691 matched, players 3744/7393 matched
2026-08-24 03:20:11,387 INFO ncaa_identity: contest_id=2163419 teams 2389/2389 matched, players 6118/6291 matched
2026-08-24 03:20:14,270 INFO ncaa_identity: contest_id=2163576 teams 2327/2327 matched, players 6052/6404 matched
2026-08-24 03:20:15,502 WARNING ncaa_parse: family=shots contest_id=2163667 team=Longwood SKIPPED (1 parse error(s)): No shot events found [<!DOCTYPE html> <html lang="en"> <head> <meta content="text/html; charset=utf-8" http-equiv="CONTENT-TYPE"/> <meta charset="utf-8"/> <meta...
2026-08-24 03:20:15,564 INFO ncaa_identity: contest_id=2163667 teams 1468/2834 matched, players 4103/8019 matched
2026-08-24 03:20:17,196 INFO ncaa_identity: contest_id=2163835 teams 1211/2463 matched, players 3382/6726 matched
2026-08-24 03:20:18,360 INFO ncaa_identity: contest_id=2211618 teams 1285/2557 matched, players 3521/7028 matched
2026-08-24 03:20:19,887 INFO ncaa_identity: contest_id=2255331 teams 1310/2575 matched, players 3548/7087 matched
2026-08-24 03:20:23,201 INFO ncaa_identity: contest_id=2259772 teams 2951/2951 matched, players 7031/8117 matched
2026-08-24 03:20:24,257 INFO ncaa_identity: contest_id=2259799 teams 2431/2431 matched, players 6400/6661 matched
2026-08-24 03:20:25,687 INFO ncaa_identity: contest_id=2259821 teams 2944/2944 matched, players 7887/8113 matched
2026-08-24 03:20:36,831 INFO ncaa_identity: contest_id=2260472 teams 2328/2328 matched, players 6277/6332 matched
2026-08-24 03:20:38,054 WARNING ncaa_parse: family=shots contest_id=2260678 team=Norfolk St. SKIPPED (1 parse error(s)): No shot events found [<!DOCTYPE html> <html lang="en"> <head> <meta content="text/html; charset=utf-8" http-equiv="CONTENT-TYPE"/> <meta charset="utf-8"/> <meta...
2026-08-24 03:20:38,089 INFO ncaa_identity: contest_id=2260678 teams 2251/2251 matched, players 5866/6338 matched
2026-08-24 03:20:46,527 INFO ncaa_identity: contest_id=2261153 teams 2439/2439 matched, players 6519/6707 matched
2026-08-24 03:20:52,703 INFO ncaa_identity: contest_id=2261411 teams 2280/2280 matched, players 5885/6209 matched
2026-08-24 03:21:04,798 INFO ncaa_identity: contest_id=2261564 teams 2616/2616 matched, players 6990/7193 matched
2026-08-24 03:21:12,723 INFO ncaa_identity: contest_id=2262786 teams 2601/2601 matched, players 6829/6830 matched
2026-08-24 03:21:21,251 INFO ncaa_identity: contest_id=2263080 teams 2645/2645 matched, players 7177/7255 matched
2026-08-24 03:21:32,082 INFO ncaa_identity: contest_id=2335251 teams 1233/2468 matched, players 3418/6748 matched
2026-08-24 03:21:35,977 INFO ncaa_identity: contest_id=2335271 teams 1333/2674 matched, players 3654/7340 matched
2026-08-24 03:21:38,109 INFO ncaa_identity: contest_id=2335281 teams 1452/2941 matched, players 3989/8031 matched
2026-08-24 03:21:43,013 INFO ncaa_identity: contest_id=2335312 teams 1561/3106 matched, players 4314/8532 matched
2026-08-24 03:21:44,735 INFO ncaa_identity: contest_id=2335322 teams 1194/2378 matched, players 3264/6497 matched
2026-08-24 03:21:46,331 INFO ncaa_identity: contest_id=2335332 teams 2897/2897 matched, players 7477/7987 matched
2026-08-24 03:21:50,014 INFO ncaa_identity: contest_id=2335352 teams 2426/2426 matched, players 6427/6632 matched
2026-08-24 03:21:51,993 INFO ncaa_identity: contest_id=2335362 teams 2706/2706 matched, players 7342/7382 matched
2026-08-24 03:21:53,679 INFO ncaa_identity: contest_id=2335372 teams 1494/3034 matched, players 3664/8314 matched
2026-08-24 03:21:55,466 INFO ncaa_identity: contest_id=2335382 teams 2988/2988 matched, players 8206/8253 matched
2026-08-24 03:21:57,095 INFO ncaa_identity: contest_id=2335392 teams 1506/2961 matched, players 4080/8108 matched
2026-08-24 03:21:58,985 INFO ncaa_identity: contest_id=2335402 teams 1448/2932 matched, players 3981/8011 matched
2026-08-24 03:22:05,558 INFO ncaa_identity: contest_id=2335543 teams 1567/3112 matched, players 4313/8541 matched
2026-08-24 03:22:07,421 INFO ncaa_identity: contest_id=2335571 teams 1514/2995 matched, players 4097/8229 matched
2026-08-24 03:22:08,826 INFO ncaa_identity: contest_id=2335599 teams 3098/3098 matched, players 8488/8525 matched
2026-08-24 03:22:10,724 INFO ncaa_identity: contest_id=2335609 teams 3121/3121 matched, players 8279/8584 matched
2026-08-24 03:22:12,307 INFO ncaa_identity: contest_id=2335621 teams 1513/2913 matched, players 4069/7993 matched
2026-08-24 03:22:14,576 INFO ncaa_identity: contest_id=2335642 teams 3235/3235 matched, players 8483/8954 matched
2026-08-24 03:22:18,024 INFO ncaa_identity: contest_id=2335669 teams 2282/2282 matched, players 6215/6216 matched
2026-08-24 03:22:23,725 INFO ncaa_identity: contest_id=2335702 teams 3304/3304 matched, players 8662/9087 matched
2026-08-24 03:22:30,181 INFO ncaa_identity: contest_id=2335867 teams 1351/2704 matched, players 3473/7380 matched
2026-08-24 03:22:34,728 INFO ncaa_identity: contest_id=2335988 teams 1450/2863 matched, players 3923/7819 matched
2026-08-24 03:22:36,676 INFO ncaa_identity: contest_id=2336015 teams 1346/2613 matched, players 3606/7116 matched
2026-08-24 03:22:38,112 INFO ncaa_identity: contest_id=2336134 teams 2804/2804 matched, players 7611/7708 matched
2026-08-24 03:22:43,180 INFO ncaa_identity: contest_id=2336332 teams 1307/2554 matched, players 3536/6997 matched
2026-08-24 03:22:44,531 WARNING ncaa_parse: family=shots contest_id=2336372 team=Texas Southern SKIPPED (1 parse error(s)): No shot events found [<!DOCTYPE html> <html lang="en"> <head> <meta content="text/html; charset=utf-8" http-equiv="CONTENT-TYPE"/> <meta charset="utf-8"/> <meta...
2026-08-24 03:22:44,630 INFO ncaa_identity: contest_id=2336372 teams 2503/2503 matched, players 6548/7075 matched
2026-08-24 03:22:46,829 INFO ncaa_identity: contest_id=2336403 teams 3048/3048 matched, players 8312/8437 matched
2026-08-24 03:22:48,665 INFO ncaa_identity: contest_id=2336443 teams 2318/2318 matched, players 6035/6354 matched
2026-08-24 03:22:50,851 INFO ncaa_identity: contest_id=2336458 teams 1354/2773 matched, players 3545/7583 matched
2026-08-24 03:22:52,597 INFO ncaa_identity: contest_id=2336473 teams 1293/2564 matched, players 3468/7010 matched
2026-08-24 03:22:54,568 INFO ncaa_identity: contest_id=2336483 teams 1333/2693 matched, players 3672/7368 matched
2026-08-24 03:23:00,528 INFO ncaa_identity: contest_id=2336524 teams 1410/2674 matched, players 3663/7289 matched
2026-08-24 03:23:05,641 WARNING ncaa_parse: family=shots contest_id=2336562 team=Texas Southern SKIPPED (1 parse error(s)): No shot events found [<!DOCTYPE html> <html lang="en"> <head> <meta content="text/html; charset=utf-8" http-equiv="CONTENT-TYPE"/> <meta charset="utf-8"/> <meta...
2026-08-24 03:23:07,241 INFO ncaa_identity: contest_id=2336589 teams 2546/2546 matched, players 6942/7034 matched
2026-08-24 03:23:20,979 INFO ncaa_identity: contest_id=2336893 teams 2614/2614 matched, players 6916/7133 matched
2026-08-24 03:23:22,486 INFO ncaa_identity: contest_id=2336911 teams 2610/2610 matched, players 6547/7137 matched
2026-08-24 03:23:35,349 INFO ncaa_identity: contest_id=2337092 teams 2409/2409 matched, players 6604/6639 matched
2026-08-24 03:23:43,575 WARNING ncaa_parse: family=shots contest_id=2337230 team=Alabama A&M SKIPPED (1 parse error(s)): No shot events found [<!DOCTYPE html> <html lang="en"> <head> <meta content="text/html; charset=utf-8" http-equiv="CONTENT-TYPE"/> <meta charset="utf-8"/> <meta...
2026-08-24 03:23:43,659 INFO ncaa_identity: contest_id=2337230 teams 2603/2603 matched, players 7241/7302 matched
2026-08-24 03:23:53,639 INFO ncaa_identity: contest_id=2337614 teams 1094/2178 matched, players 2947/5881 matched
2026-08-24 03:23:56,725 INFO ncaa_identity: contest_id=2337663 teams 2767/2767 matched, players 7483/7605 matched
2026-08-24 03:23:58,096 INFO ncaa_identity: contest_id=2337686 teams 2483/2483 matched, players 6247/6817 matched
2026-08-24 03:24:01,156 INFO ncaa_identity: contest_id=2337715 teams 2976/2976 matched, players 7799/8252 matched
2026-08-24 03:24:02,829 INFO ncaa_identity: contest_id=2337737 teams 2735/2735 matched, players 6573/7535 matched
2026-08-24 03:24:09,024 INFO ncaa_identity: contest_id=2337888 teams 1115/2184 matched, players 2951/5923 matched
2026-08-24 03:24:11,312 INFO ncaa_identity: contest_id=2337930 teams 1653/3273 matched, players 4565/8982 matched
2026-08-24 03:24:17,953 INFO ncaa_identity: contest_id=2338160 teams 1184/2460 matched, players 3351/6659 matched
2026-08-24 03:24:19,368 INFO ncaa_identity: contest_id=2338179 teams 1403/2719 matched, players 3770/7443 matched
2026-08-24 03:24:22,586 INFO ncaa_identity: contest_id=2338212 teams 2471/2471 matched, players 6707/6792 matched
2026-08-24 03:24:25,496 INFO ncaa_identity: contest_id=2338241 teams 2312/2312 matched, players 5917/6317 matched
2026-08-24 03:24:34,660 INFO ncaa_identity: contest_id=2338380 teams 1386/2758 matched, players 3803/7563 matched
2026-08-24 03:24:36,241 INFO ncaa_identity: contest_id=2338397 teams 2562/2562 matched, players 6523/6997 matched
2026-08-24 03:24:37,633 INFO ncaa_identity: contest_id=2338439 teams 1407/2826 matched, players 3857/7780 matched
2026-08-24 03:24:44,615 INFO ncaa_identity: contest_id=2338636 teams 2444/2444 matched, players 6355/6733 matched
2026-08-24 03:24:50,596 INFO ncaa_identity: contest_id=2338773 teams 2611/2611 matched, players 6877/7100 matched
2026-08-24 03:24:52,625 INFO ncaa_identity: contest_id=2338799 teams 1586/3115 matched, players 4271/8517 matched
2026-08-24 03:24:55,984 INFO ncaa_identity: contest_id=2338865 teams 1495/2966 matched, players 4183/8194 matched
2026-08-24 03:24:57,581 INFO ncaa_identity: contest_id=2338891 teams 2465/2465 matched, players 6207/6724 matched
2026-08-24 03:24:59,366 INFO ncaa_identity: contest_id=2338911 teams 1249/2444 matched, players 3421/6726 matched
2026-08-24 03:25:00,882 INFO ncaa_identity: contest_id=2338935 teams 1333/2690 matched, players 3661/7387 matched
2026-08-24 03:25:02,517 INFO ncaa_identity: contest_id=2338967 teams 2400/2400 matched, players 6035/6557 matched
2026-08-24 03:25:04,034 INFO ncaa_identity: contest_id=2338977 teams 1426/2743 matched, players 3824/7473 matched
2026-08-24 03:25:10,910 INFO ncaa_identity: contest_id=2339078 teams 1313/2582 matched, players 3178/7004 matched
2026-08-24 03:25:12,717 INFO ncaa_identity: contest_id=2339100 teams 1374/2689 matched, players 3694/7379 matched
2026-08-24 03:25:16,381 INFO ncaa_identity: contest_id=2339181 teams 1303/2614 matched, players 3589/7148 matched
2026-08-24 03:25:31,513 WARNING ncaa_parse: family=shots contest_id=2339418 team=Winthrop SKIPPED (1 parse error(s)): No shot events found [<!DOCTYPE html> <html lang="en"> <head> <meta content="text/html; charset=utf-8" http-equiv="CONTENT-TYPE"/> <meta charset="utf-8"/> <meta...
2026-08-24 03:25:40,018 INFO ncaa_identity: contest_id=2339697 teams 1081/2177 matched, players 2965/5905 matched
2026-08-24 03:25:43,377 INFO ncaa_identity: contest_id=2339768 teams 1721/3392 matched, players 4742/9352 matched
2026-08-24 03:25:45,295 INFO ncaa_identity: contest_id=2339798 teams 1243/2477 matched, players 3415/6741 matched
2026-08-24 03:25:50,042 INFO ncaa_identity: contest_id=2339840 teams 2493/2493 matched, players 6852/6870 matched
2026-08-24 03:25:55,625 INFO ncaa_identity: contest_id=2339914 teams 1353/2706 matched, players 3711/7440 matched
2026-08-24 03:25:58,745 INFO ncaa_identity: contest_id=2339955 teams 2463/2463 matched, players 6525/6754 matched
2026-08-24 03:26:00,198 INFO ncaa_identity: contest_id=2339989 teams 2473/2473 matched, players 6356/6775 matched
2026-08-24 03:26:10,784 INFO ncaa_identity: contest_id=2340123 teams 1315/2601 matched, players 3592/7085 matched
2026-08-24 03:26:19,281 INFO ncaa_identity: contest_id=2340342 teams 1485/2918 matched, players 3966/7961 matched
2026-08-24 03:26:24,223 INFO ncaa_identity: contest_id=2340388 teams 2259/2259 matched, players 5977/6166 matched
2026-08-24 03:26:30,979 INFO ncaa_identity: contest_id=2340606 teams 2544/2544 matched, players 6925/6944 matched
2026-08-24 03:26:38,025 INFO ncaa_identity: contest_id=2340684 teams 3105/3105 matched, players 8423/8564 matched
2026-08-24 03:26:39,621 INFO ncaa_identity: contest_id=2340705 teams 1360/2804 matched, players 3810/7731 matched
2026-08-24 03:26:41,672 INFO ncaa_identity: contest_id=2340736 teams 2640/2640 matched, players 7123/7241 matched
2026-08-24 03:26:43,270 INFO ncaa_identity: contest_id=2340752 teams 1491/2966 matched, players 4071/8158 matched
2026-08-24 03:26:45,150 INFO ncaa_identity: contest_id=2340769 teams 2430/2430 matched, players 6595/6688 matched
2026-08-24 03:26:49,296 INFO ncaa_identity: contest_id=2340816 teams 1324/2616 matched, players 3396/7216 matched
2026-08-24 03:26:50,833 INFO ncaa_identity: contest_id=2340834 teams 2489/2489 matched, players 6048/6826 matched
2026-08-24 03:26:52,707 INFO ncaa_identity: contest_id=2340854 teams 2566/2566 matched, players 6875/7049 matched
2026-08-24 03:26:54,384 INFO ncaa_identity: contest_id=2340881 teams 1377/2789 matched, players 3860/7651 matched
2026-08-24 03:27:00,610 INFO ncaa_identity: contest_id=2340989 teams 1411/2709 matched, players 3728/7434 matched
2026-08-24 03:27:07,380 INFO ncaa_identity: contest_id=2341101 teams 1357/2724 matched, players 3719/7447 matched
2026-08-24 03:27:12,846 INFO ncaa_identity: contest_id=2341157 teams 1352/2733 matched, players 3673/7401 matched
2026-08-24 03:27:18,608 INFO ncaa_identity: contest_id=2341294 teams 3250/3250 matched, players 8566/9001 matched
2026-08-24 03:27:25,671 INFO ncaa_identity: contest_id=2341374 teams 3423/3423 matched, players 8979/9468 matched
2026-08-24 03:27:27,491 INFO ncaa_identity: contest_id=2341398 teams 1329/2576 matched, players 3571/7079 matched
2026-08-24 03:27:31,202 INFO ncaa_identity: contest_id=2341453 teams 1412/2752 matched, players 3795/7484 matched
2026-08-24 03:27:32,962 INFO ncaa_identity: contest_id=2341543 teams 1200/2330 matched, players 552/993 matched
2026-08-24 03:27:34,791 INFO ncaa_identity: contest_id=2341563 teams 2577/2577 matched, players 6644/7068 matched
2026-08-24 03:27:44,087 INFO ncaa_identity: contest_id=2341692 teams 2690/2690 matched, players 7226/7405 matched
2026-08-24 03:27:45,250 INFO ncaa_identity: contest_id=2341702 teams 2276/2276 matched, players 5834/6232 matched
2026-08-24 03:27:47,129 INFO ncaa_identity: contest_id=2341713 teams 2695/2695 matched, players 7145/7363 matched
2026-08-24 03:27:48,809 INFO ncaa_identity: contest_id=2341728 teams 2863/2863 matched, players 7346/7908 matched
2026-08-24 03:27:55,602 INFO ncaa_identity: contest_id=2341787 teams 2491/2491 matched, players 6773/6803 matched
2026-08-24 03:27:58,754 INFO ncaa_identity: contest_id=2341811 teams 1298/2633 matched, players 3621/7210 matched
2026-08-24 03:28:00,538 INFO ncaa_identity: contest_id=2341825 teams 1130/2299 matched, players 3144/6239 matched
2026-08-24 03:28:01,710 INFO ncaa_identity: contest_id=2341837 teams 2425/2425 matched, players 6251/6638 matched
2026-08-24 03:28:03,618 INFO ncaa_identity: contest_id=2341850 teams 1393/2735 matched, players 3446/7483 matched
2026-08-24 03:28:10,470 INFO ncaa_identity: contest_id=2341922 teams 1291/2572 matched, players 3542/7033 matched
2026-08-24 03:28:15,118 INFO ncaa_identity: contest_id=2341963 teams 2582/2582 matched, players 6730/7071 matched
2026-08-24 03:28:24,841 INFO ncaa_identity: contest_id=2342110 teams 3420/3420 matched, players 8863/9395 matched
2026-08-24 03:28:28,538 INFO ncaa_identity: contest_id=2342150 teams 2708/2708 matched, players 7369/7458 matched
2026-08-24 03:28:37,271 INFO ncaa_identity: contest_id=2342362 teams 2262/2262 matched, players 5727/6230 matched
2026-08-24 03:28:39,444 INFO ncaa_identity: contest_id=2342374 teams 2891/2891 matched, players 7887/7905 matched
2026-08-24 03:29:06,042 INFO ncaa_identity: contest_id=2342770 teams 2441/2441 matched, players 6207/6671 matched
2026-08-24 03:29:07,973 INFO ncaa_identity: contest_id=2342821 teams 2856/2856 matched, players 7431/7819 matched
2026-08-24 03:29:11,518 INFO ncaa_identity: contest_id=2342880 teams 2506/2506 matched, players 6638/6897 matched
2026-08-24 03:29:25,587 INFO ncaa_identity: contest_id=2343127 teams 1197/2405 matched, players 3340/6618 matched
2026-08-24 03:29:28,947 INFO ncaa_identity: contest_id=2343213 teams 2457/2457 matched, players 6623/6767 matched
2026-08-24 03:29:32,785 INFO ncaa_identity: contest_id=2343235 teams 2614/2614 matched, players 6829/7123 matched
2026-08-24 03:29:36,243 INFO ncaa_identity: contest_id=2343257 teams 2737/2737 matched, players 6893/7578 matched
2026-08-24 03:29:42,976 INFO ncaa_identity: contest_id=2343355 teams 2592/2592 matched, players 6979/7137 matched
2026-08-24 03:29:45,915 WARNING ncaa_parse: family=shots contest_id=2343573 team=Morgan St. SKIPPED (1 parse error(s)): No shot events found [<!DOCTYPE html> <html lang="en"> <head> <meta content="text/html; charset=utf-8" http-equiv="CONTENT-TYPE"/> <meta charset="utf-8"/> <meta...
2026-08-24 03:29:46,098 INFO ncaa_identity: contest_id=2343573 teams 2611/2611 matched, players 6655/7338 matched
2026-08-24 03:29:48,058 INFO ncaa_identity: contest_id=2343605 teams 2505/2505 matched, players 6867/6880 matched
2026-08-24 03:30:01,663 INFO ncaa_identity: contest_id=2343750 teams 2686/2686 matched, players 7195/7397 matched
2026-08-24 03:30:05,269 INFO ncaa_identity: contest_id=2343794 teams 2149/2149 matched, players 5744/5840 matched
2026-08-24 03:30:09,909 INFO ncaa_identity: contest_id=2343889 teams 3325/3325 matched, players 8792/9179 matched
2026-08-24 03:30:21,490 INFO ncaa_identity: contest_id=2344102 teams 2986/2986 matched, players 7488/8218 matched
2026-08-24 03:30:24,063 INFO ncaa_identity: contest_id=2344115 teams 2751/2751 matched, players 7496/7595 matched
2026-08-24 03:30:26,094 INFO ncaa_identity: contest_id=2344166 teams 2985/2985 matched, players 8054/8235 matched
2026-08-24 03:30:31,578 INFO ncaa_identity: contest_id=2344276 teams 2731/2731 matched, players 7132/7480 matched
2026-08-24 03:30:33,020 INFO ncaa_identity: contest_id=2344286 teams 2893/2893 matched, players 7521/7944 matched
2026-08-24 03:30:45,842 INFO ncaa_identity: contest_id=2344555 teams 3009/3009 matched, players 7517/8270 matched
2026-08-24 03:30:47,923 INFO ncaa_identity: contest_id=2344634 teams 1280/2508 matched, players 3320/6845 matched
2026-08-24 03:31:03,775 INFO ncaa_identity: contest_id=2344829 teams 2889/2889 matched, players 7136/7950 matched
2026-08-24 03:31:05,262 INFO ncaa_identity: contest_id=2344849 teams 2684/2684 matched, players 6818/7347 matched
2026-08-24 03:31:07,005 INFO ncaa_identity: contest_id=2344868 teams 2523/2523 matched, players 6729/6918 matched
2026-08-24 03:31:08,625 INFO ncaa_identity: contest_id=2344914 teams 2759/2759 matched, players 7335/7575 matched
2026-08-24 03:31:14,649 INFO ncaa_identity: contest_id=2345018 teams 2766/2766 matched, players 7151/7654 matched
2026-08-24 03:31:22,632 INFO ncaa_identity: contest_id=2345184 teams 2863/2863 matched, players 7810/7830 matched
2026-08-24 03:31:30,044 INFO ncaa_identity: contest_id=2345349 teams 2457/2457 matched, players 6299/6730 matched
2026-08-24 03:31:35,137 INFO ncaa_identity: contest_id=2345381 teams 2530/2530 matched, players 6768/6967 matched
2026-08-24 03:31:37,943 INFO ncaa_identity: contest_id=2345403 teams 1171/2363 matched, players 3253/6497 matched
2026-08-24 03:31:47,234 WARNING ncaa_parse: family=shots contest_id=2345738 team=South Carolina St. SKIPPED (1 parse error(s)): No shot events found [<!DOCTYPE html> <html lang="en"> <head> <meta content="text/html; charset=utf-8" http-equiv="CONTENT-TYPE"/> <meta charset="utf-8"/> <meta...
2026-08-24 03:31:49,455 INFO ncaa_identity: contest_id=2345764 teams 2392/2392 matched, players 6481/6536 matched
2026-08-24 03:32:03,752 INFO ncaa_identity: contest_id=2345973 teams 2250/2250 matched, players 6099/6159 matched
2026-08-24 03:32:04,924 WARNING ncaa_parse: family=shots contest_id=2345985 team=Winthrop SKIPPED (1 parse error(s)): No shot events found [<!DOCTYPE html> <html lang="en"> <head> <meta content="text/html; charset=utf-8" http-equiv="CONTENT-TYPE"/> <meta charset="utf-8"/> <meta...
2026-08-24 03:32:10,311 INFO ncaa_identity: contest_id=2346169 teams 2447/2447 matched, players 6709/6722 matched
2026-08-24 03:32:19,657 INFO ncaa_identity: contest_id=2346253 teams 2585/2585 matched, players 6555/7115 matched
2026-08-24 03:32:25,043 INFO ncaa_identity: contest_id=2346410 teams 3004/3004 matched, players 8068/8316 matched
2026-08-24 03:32:34,412 INFO ncaa_identity: contest_id=2346500 teams 2294/2294 matched, players 6298/6299 matched
2026-08-24 03:32:36,130 INFO ncaa_identity: contest_id=2346521 teams 2485/2485 matched, players 6313/6833 matched
2026-08-24 03:32:42,609 INFO ncaa_identity: contest_id=2346791 teams 1266/2548 matched, players 3415/6995 matched
2026-08-24 03:32:44,533 INFO ncaa_identity: contest_id=2346810 teams 2824/2824 matched, players 7652/7757 matched
2026-08-24 03:32:50,583 INFO ncaa_identity: contest_id=2346884 teams 2273/2273 matched, players 5595/6204 matched
2026-08-24 03:32:52,232 WARNING ncaa_parse: family=shots contest_id=2346903 team=Morgan St. SKIPPED (1 parse error(s)): No shot events found [<!DOCTYPE html> <html lang="en"> <head> <meta content="text/html; charset=utf-8" http-equiv="CONTENT-TYPE"/> <meta charset="utf-8"/> <meta...
2026-08-24 03:32:52,364 INFO ncaa_identity: contest_id=2346903 teams 2353/2353 matched, players 5862/6647 matched
2026-08-24 03:33:08,746 INFO ncaa_identity: contest_id=2347238 teams 1201/2435 matched, players 2811/6705 matched
2026-08-24 03:33:18,908 INFO ncaa_identity: contest_id=2347446 teams 2368/2368 matched, players 6219/6220 matched
2026-08-24 03:33:22,333 INFO ncaa_identity: contest_id=2347467 teams 2602/2602 matched, players 7105/7124 matched
2026-08-24 03:33:23,771 INFO ncaa_identity: contest_id=2347477 teams 1167/2361 matched, players 3237/6519 matched
2026-08-24 03:33:33,775 INFO ncaa_identity: contest_id=2347664 teams 2868/2868 matched, players 7860/7890 matched
2026-08-24 03:33:41,678 INFO ncaa_identity: contest_id=2347892 teams 2196/2196 matched, players 5862/5973 matched
2026-08-24 03:33:54,358 INFO ncaa_identity: contest_id=2348072 teams 2372/2372 matched, players 6191/6508 matched
2026-08-24 03:33:57,331 INFO ncaa_identity: contest_id=2348125 teams 1241/2440 matched, players 3409/6681 matched
2026-08-24 03:34:03,675 INFO ncaa_identity: contest_id=2348292 teams 2415/2415 matched, players 5951/6601 matched
2026-08-24 03:34:08,372 INFO ncaa_identity: contest_id=2348331 teams 2262/2262 matched, players 5748/6190 matched
2026-08-24 03:34:17,335 INFO ncaa_identity: contest_id=2348499 teams 1230/2354 matched, players 2990/6416 matched
2026-08-24 03:34:20,029 INFO ncaa_identity: contest_id=2348523 teams 2400/2400 matched, players 6145/6582 matched
2026-08-24 03:34:23,709 INFO ncaa_identity: contest_id=2348549 teams 2472/2472 matched, players 6528/6791 matched
2026-08-24 03:34:25,328 INFO ncaa_identity: contest_id=2348569 teams 2326/2326 matched, players 6001/6097 matched
2026-08-24 03:34:28,543 INFO ncaa_identity: contest_id=2348624 teams 3060/3060 matched, players 8376/8440 matched
2026-08-24 03:34:30,152 INFO ncaa_identity: contest_id=2348780 teams 1274/2565 matched, players 3439/7053 matched
2026-08-24 03:34:35,127 INFO ncaa_identity: contest_id=2348909 teams 2603/2603 matched, players 6824/7167 matched
2026-08-24 03:34:44,341 INFO ncaa_identity: contest_id=2349013 teams 2531/2531 matched, players 6945/6946 matched
2026-08-24 03:34:55,113 INFO ncaa_identity: contest_id=2349203 teams 2726/2726 matched, players 7173/7504 matched
2026-08-24 03:34:57,468 INFO ncaa_identity: contest_id=2349317 teams 2119/2119 matched, players 5557/5796 matched
2026-08-24 03:35:12,630 INFO ncaa_identity: contest_id=2349521 teams 2456/2456 matched, players 6437/6724 matched
2026-08-24 03:35:13,975 INFO ncaa_identity: contest_id=2349533 teams 2353/2353 matched, players 5945/6390 matched
2026-08-24 03:35:15,458 INFO ncaa_identity: contest_id=2349546 teams 2294/2294 matched, players 5584/6286 matched
2026-08-24 03:35:17,017 INFO ncaa_identity: contest_id=2349561 teams 2341/2341 matched, players 5981/6429 matched
2026-08-24 03:35:20,230 INFO ncaa_identity: contest_id=2349612 teams 2677/2677 matched, players 7348/7356 matched
2026-08-24 03:35:21,866 INFO ncaa_identity: contest_id=2349657 teams 2353/2353 matched, players 6300/6439 matched
2026-08-24 03:35:30,327 INFO ncaa_identity: contest_id=2349910 teams 2517/2517 matched, players 6854/6876 matched
2026-08-24 03:35:41,518 INFO ncaa_identity: contest_id=2350018 teams 2364/2364 matched, players 6230/6480 matched
2026-08-24 03:35:58,292 INFO ncaa_identity: contest_id=2350196 teams 2446/2446 matched, players 6684/6701 matched
2026-08-24 03:36:13,081 INFO ncaa_identity: contest_id=2350347 teams 2546/2546 matched, players 6806/6976 matched
2026-08-24 03:36:19,200 WARNING ncaa_parse: family=shots contest_id=2350462 team=Morgan St. SKIPPED (1 parse error(s)): No shot events found [<!DOCTYPE html> <html lang="en"> <head> <meta content="text/html; charset=utf-8" http-equiv="CONTENT-TYPE"/> <meta charset="utf-8"/> <meta...
2026-08-24 03:36:19,315 INFO ncaa_identity: contest_id=2350462 teams 2300/2300 matched, players 5992/6496 matched
2026-08-24 03:36:26,036 INFO ncaa_identity: contest_id=2350529 teams 2566/2566 matched, players 6701/7042 matched
2026-08-24 03:36:31,274 INFO ncaa_identity: contest_id=2350560 teams 3086/3086 matched, players 7917/8544 matched
2026-08-24 03:36:32,945 INFO ncaa_identity: contest_id=2350570 teams 2414/2414 matched, players 6279/6626 matched
2026-08-24 03:36:42,326 INFO ncaa_identity: contest_id=2350632 teams 2619/2619 matched, players 7133/7171 matched
2026-08-24 03:36:46,521 INFO ncaa_identity: contest_id=2350664 teams 2986/2986 matched, players 7699/8233 matched
2026-08-24 03:36:47,980 INFO ncaa_identity: contest_id=2350674 teams 2153/2153 matched, players 5840/5862 matched
2026-08-24 03:36:49,252 INFO ncaa_identity: contest_id=2350684 teams 2375/2375 matched, players 6180/6507 matched
2026-08-24 03:37:03,303 INFO ncaa_identity: contest_id=2351015 teams 2271/2271 matched, players 6178/6240 matched
2026-08-24 03:37:15,032 INFO ncaa_identity: contest_id=2352882 teams 1324/2717 matched, players 3737/7486 matched
2026-08-24 03:37:24,471 INFO ncaa_identity: contest_id=2354225 teams 2450/2450 matched, players 6338/6707 matched
2026-08-24 03:37:27,342 INFO ncaa_identity: contest_id=2355080 teams 1273/2462 matched, players 3453/6762 matched
2026-08-24 03:37:30,807 INFO ncaa_identity: contest_id=2420117 teams 1510/2994 matched, players 4103/8207 matched
2026-08-24 03:37:35,270 INFO ncaa_identity: contest_id=2421159 teams 2873/2873 matched, players 7813/7935 matched
2026-08-24 03:37:44,479 INFO ncaa_identity: contest_id=2421656 teams 1371/2681 matched, players 3722/7373 matched
2026-08-24 03:37:56,424 INFO ncaa_identity: contest_id=2422501 teams 2763/2763 matched, players 6956/7628 matched
2026-08-24 03:38:00,125 INFO ncaa_identity: contest_id=2422527 teams 2519/2519 matched, players 6730/6905 matched
2026-08-24 03:38:10,948 INFO ncaa_identity: contest_id=2422737 teams 2746/2746 matched, players 7060/7565 matched
2026-08-24 03:38:29,481 INFO ncaa_identity: contest_id=2424241 teams 1450/2907 matched, players 4008/8002 matched
2026-08-24 03:38:32,624 INFO ncaa_identity: contest_id=2424261 teams 2721/2721 matched, players 7443/7450 matched
2026-08-24 03:38:37,015 WARNING ncaa_parse: family=shots contest_id=2424491 team=Eastern Ky. SKIPPED (1 parse error(s)): No shot events found [<!DOCTYPE html> <html lang="en"> <head> <meta content="text/html; charset=utf-8" http-equiv="CONTENT-TYPE"/> <meta charset="utf-8"/> <meta...
2026-08-24 03:38:37,131 INFO ncaa_identity: contest_id=2424491 teams 1901/1901 matched, players 5325/5350 matched
2026-08-24 03:38:40,761 INFO ncaa_identity: contest_id=3727925 teams 2587/2587 matched, players 6690/7083 matched
2026-08-24 03:39:01,255 INFO ncaa_identity: contest_id=3953973 teams 2664/2664 matched, players 7269/7276 matched
2026-08-24 03:39:07,535 INFO ncaa_identity: contest_id=3954103 teams 2573/2573 matched, players 6979/6981 matched
2026-08-24 03:39:30,685 INFO ncaa_identity: contest_id=3954946 teams 2504/2504 matched, players 6012/6858 matched
2026-08-24 03:39:32,493 INFO ncaa_identity: contest_id=3954956 teams 1140/2339 matched, players 3138/6324 matched
2026-08-24 03:39:40,076 INFO ncaa_identity: contest_id=3954996 teams 1569/3157 matched, players 4338/8657 matched
2026-08-24 03:39:41,577 INFO 5 starters not found for period 3; using estimate
2026-08-24 03:39:45,298 INFO ncaa_identity: contest_id=3955026 teams 1453/2866 matched, players 3970/7877 matched
2026-08-24 03:39:47,103 INFO ncaa_identity: contest_id=3955036 teams 1429/2741 matched, players 3622/7479 matched
2026-08-24 03:39:48,770 INFO ncaa_identity: contest_id=3955047 teams 1363/2707 matched, players 3737/7415 matched
2026-08-24 03:39:54,603 INFO ncaa_identity: contest_id=3955077 teams 2484/2484 matched, players 6582/6818 matched
2026-08-24 03:39:56,199 INFO ncaa_identity: contest_id=3955087 teams 1385/2825 matched, players 3805/7741 matched
2026-08-24 03:39:58,264 INFO ncaa_identity: contest_id=3955101 teams 1421/2857 matched, players 3882/7837 matched
2026-08-24 03:40:02,544 INFO ncaa_identity: contest_id=3955134 teams 1325/2582 matched, players 3537/7062 matched
2026-08-24 03:40:04,441 INFO ncaa_identity: contest_id=3955177 teams 1329/2564 matched, players 3523/6973 matched
2026-08-24 03:40:08,093 INFO ncaa_identity: contest_id=3955258 teams 1557/2995 matched, players 4168/8184 matched
2026-08-24 03:40:09,678 INFO ncaa_identity: contest_id=3955271 teams 1304/2563 matched, players 3583/6997 matched
2026-08-24 03:40:12,685 INFO ncaa_identity: contest_id=3955285 teams 1430/2853 matched, players 3953/7803 matched
2026-08-24 03:40:18,561 INFO ncaa_identity: contest_id=3955320 teams 1379/2677 matched, players 3677/7312 matched
2026-08-24 03:40:27,910 INFO ncaa_identity: contest_id=3955575 teams 2787/2787 matched, players 7413/7682 matched
2026-08-24 03:40:35,284 INFO ncaa_identity: contest_id=3955800 teams 2452/2452 matched, players 6223/6728 matched
2026-08-24 03:40:36,882 INFO ncaa_identity: contest_id=3955885 teams 1341/2661 matched, players 3638/7268 matched
2026-08-24 03:40:45,693 INFO ncaa_identity: contest_id=3956054 teams 2590/2590 matched, players 6499/7084 matched
2026-08-24 03:40:49,697 INFO ncaa_identity: contest_id=3956083 teams 1286/2581 matched, players 3489/7027 matched
2026-08-24 03:40:51,516 INFO ncaa_identity: contest_id=3956100 teams 2690/2690 matched, players 7343/7350 matched
2026-08-24 03:40:53,453 INFO ncaa_identity: contest_id=3956112 teams 2822/2822 matched, players 7274/7800 matched
2026-08-24 03:40:58,448 INFO ncaa_identity: contest_id=3956161 teams 2828/2828 matched, players 7231/7742 matched
2026-08-24 03:41:01,505 INFO ncaa_identity: contest_id=3956223 teams 1388/2696 matched, players 3700/7356 matched
2026-08-24 03:41:04,775 INFO ncaa_identity: contest_id=3956299 teams 2548/2548 matched, players 6951/6962 matched
2026-08-24 03:41:09,946 INFO ncaa_identity: contest_id=3956444 teams 1245/2542 matched, players 3481/6946 matched
2026-08-24 03:41:11,357 INFO ncaa_identity: contest_id=3956459 teams 2381/2381 matched, players 5946/6538 matched
2026-08-24 03:41:13,288 INFO ncaa_identity: contest_id=3956501 teams 1473/2772 matched, players 3831/7574 matched
2026-08-24 03:41:16,541 INFO ncaa_identity: contest_id=3956532 teams 2689/2689 matched, players 6959/7388 matched
2026-08-24 03:41:17,785 INFO ncaa_identity: contest_id=3956556 teams 2348/2348 matched, players 6189/6391 matched
2026-08-24 03:41:23,926 INFO ncaa_identity: contest_id=3956646 teams 1309/2586 matched, players 3628/7108 matched
2026-08-24 03:41:29,533 INFO ncaa_identity: contest_id=3956732 teams 1650/3195 matched, players 4422/8740 matched
2026-08-24 03:41:34,921 INFO ncaa_identity: contest_id=3957034 teams 2789/2789 matched, players 7211/7660 matched
2026-08-24 03:41:40,872 INFO ncaa_identity: contest_id=3957147 teams 3046/3046 matched, players 7923/8349 matched
2026-08-24 03:41:47,947 INFO ncaa_identity: contest_id=3957227 teams 1352/2656 matched, players 3695/7324 matched
2026-08-24 03:41:58,739 INFO ncaa_identity: contest_id=3957541 teams 2580/2580 matched, players 6523/7060 matched
2026-08-24 03:42:02,255 INFO 5 starters not found for period 4; using estimate
2026-08-24 03:42:05,700 INFO ncaa_identity: contest_id=3957648 teams 2391/2391 matched, players 5896/6582 matched
2026-08-24 03:42:09,377 INFO ncaa_identity: contest_id=3957677 teams 3308/3308 matched, players 8012/9134 matched
2026-08-24 03:42:17,248 INFO ncaa_identity: contest_id=3957758 teams 1534/3055 matched, players 4196/8397 matched
2026-08-24 03:42:19,727 INFO ncaa_identity: contest_id=3957772 teams 1417/2855 matched, players 3659/7808 matched
2026-08-24 03:42:23,221 INFO ncaa_identity: contest_id=3957820 teams 1283/2546 matched, players 3532/6946 matched
2026-08-24 03:42:25,267 INFO ncaa_identity: contest_id=3957850 teams 2950/2950 matched, players 8060/8083 matched
2026-08-24 03:42:26,846 INFO ncaa_identity: contest_id=3957930 teams 1453/2894 matched, players 3494/7920 matched
2026-08-24 03:42:28,537 INFO ncaa_identity: contest_id=3957966 teams 2212/2212 matched, players 5759/6034 matched
2026-08-24 03:42:30,509 INFO ncaa_identity: contest_id=3957990 teams 2323/2323 matched, players 5996/6333 matched
2026-08-24 03:42:35,949 INFO ncaa_identity: contest_id=3958090 teams 2840/2840 matched, players 7246/7802 matched
2026-08-24 03:42:40,614 INFO ncaa_identity: contest_id=3958184 teams 2161/2161 matched, players 5305/5894 matched
2026-08-24 03:42:53,463 INFO ncaa_identity: contest_id=3958361 teams 0/2715 matched, players 0/7441 matched
2026-08-24 03:42:55,345 INFO ncaa_identity: contest_id=3958383 teams 3004/3004 matched, players 7786/8314 matched
2026-08-24 03:42:57,232 INFO ncaa_identity: contest_id=3958407 teams 2584/2584 matched, players 6601/7095 matched
2026-08-24 03:42:58,992 INFO ncaa_identity: contest_id=3958468 teams 2824/2824 matched, players 7569/7807 matched
2026-08-24 03:43:12,585 INFO ncaa_identity: contest_id=3958690 teams 2910/2910 matched, players 7936/8022 matched
2026-08-24 03:43:14,866 INFO ncaa_identity: contest_id=3958725 teams 2877/2877 matched, players 7558/7901 matched
2026-08-24 03:43:16,366 INFO ncaa_identity: contest_id=3958765 teams 1358/2604 matched, players 3604/7127 matched
2026-08-24 03:43:25,405 INFO ncaa_identity: contest_id=3959070 teams 1596/3236 matched, players 4437/8867 matched
2026-08-24 03:43:33,713 INFO ncaa_identity: contest_id=3959169 teams 1256/2488 matched, players 3434/6791 matched
2026-08-24 03:43:35,477 INFO ncaa_identity: contest_id=3959189 teams 2568/2568 matched, players 7030/7044 matched
2026-08-24 03:43:38,639 INFO ncaa_identity: contest_id=3959221 teams 2546/2546 matched, players 7000/7010 matched
2026-08-24 03:43:43,131 INFO ncaa_identity: contest_id=3959280 teams 2473/2473 matched, players 6712/6766 matched
2026-08-24 03:43:50,067 INFO ncaa_identity: contest_id=3959371 teams 2432/2432 matched, players 6690/6695 matched
2026-08-24 03:44:09,723 INFO ncaa_identity: contest_id=3959582 teams 1319/2537 matched, players 3513/6954 matched
2026-08-24 03:44:43,580 INFO ncaa_identity: contest_id=3959761 teams 1447/2892 matched, players 3854/7847 matched
2026-08-24 03:44:49,000 INFO ncaa_identity: contest_id=3959872 teams 2485/2485 matched, players 6525/6869 matched
2026-08-24 03:44:58,974 INFO ncaa_identity: contest_id=3959921 teams 1142/2248 matched, players 3081/6047 matched
2026-08-24 03:45:03,912 INFO ncaa_identity: contest_id=3959941 teams 1431/2782 matched, players 3855/7646 matched
2026-08-24 03:45:20,328 INFO ncaa_identity: contest_id=3960001 teams 2787/2787 matched, players 7366/7699 matched
2026-08-24 03:45:31,656 INFO ncaa_identity: contest_id=3960048 teams 1478/3038 matched, players 4135/8361 matched
2026-08-24 03:46:09,069 INFO ncaa_identity: contest_id=3960270 teams 2881/2881 matched, players 7829/7945 matched
2026-08-24 03:47:17,006 INFO ncaa_identity: contest_id=3960625 teams 2380/2380 matched, players 6087/6501 matched
2026-08-24 03:47:28,247 INFO ncaa_identity: contest_id=3960695 teams 1285/2537 matched, players 3497/6982 matched
2026-08-24 03:47:34,885 INFO ncaa_identity: contest_id=3960734 teams 1400/2799 matched, players 3875/7690 matched
2026-08-24 03:47:39,244 INFO ncaa_identity: contest_id=3960744 teams 1432/2767 matched, players 3229/7537 matched
2026-08-24 03:47:49,709 INFO ncaa_identity: contest_id=3960848 teams 1558/3055 matched, players 4195/8389 matched
2026-08-24 03:48:24,437 INFO ncaa_identity: contest_id=3960985 teams 2439/2439 matched, players 6124/6679 matched
2026-08-24 03:48:28,755 INFO ncaa_identity: contest_id=3960997 teams 1495/2913 matched, players 4009/7962 matched
2026-08-24 03:48:49,348 INFO ncaa_identity: contest_id=3961059 teams 1232/2516 matched, players 3368/6861 matched
2026-08-24 03:48:54,761 INFO ncaa_identity: contest_id=3961070 teams 1187/2353 matched, players 3273/6461 matched
2026-08-24 03:49:12,311 INFO ncaa_identity: contest_id=3961119 teams 2403/2403 matched, players 6271/6601 matched
2026-08-24 03:49:35,399 INFO ncaa_identity: contest_id=3961199 teams 2454/2454 matched, players 6446/6712 matched
2026-08-24 03:49:41,471 INFO ncaa_identity: contest_id=3961210 teams 1499/2888 matched, players 4071/7938 matched
2026-08-24 03:49:52,604 INFO ncaa_identity: contest_id=3961303 teams 2448/2448 matched, players 6414/6684 matched
2026-08-24 03:50:23,527 INFO ncaa_identity: contest_id=3961458 teams 1314/2638 matched, players 3152/7251 matched
2026-08-24 03:50:46,932 INFO ncaa_identity: contest_id=3961620 teams 2672/2672 matched, players 6764/7302 matched
2026-08-24 03:51:03,646 INFO ncaa_identity: contest_id=3961688 teams 3068/3068 matched, players 7847/8433 matched
2026-08-24 03:51:09,218 INFO ncaa_identity: contest_id=3961748 teams 2421/2421 matched, players 6265/6637 matched
2026-08-24 03:51:14,474 INFO ncaa_identity: contest_id=3961834 teams 1527/2943 matched, players 4098/8051 matched
2026-08-24 03:51:19,051 INFO ncaa_identity: contest_id=3961994 teams 2881/2881 matched, players 7156/7921 matched
2026-08-24 03:51:27,174 INFO ncaa_identity: contest_id=3962143 teams 2387/2387 matched, players 6129/6524 matched
2026-08-24 03:51:32,565 INFO ncaa_identity: contest_id=3962207 teams 2577/2577 matched, players 6713/7100 matched
2026-08-24 03:51:46,830 INFO ncaa_identity: contest_id=3962534 teams 2880/2880 matched, players 7382/7935 matched
2026-08-24 03:51:53,532 INFO ncaa_identity: contest_id=3962636 teams 1403/2775 matched, players 3826/7620 matched
2026-08-24 03:51:56,220 WARNING ncaa_parse: family=shots contest_id=3962682 team=Morgan St. SKIPPED (1 parse error(s)): No shot events found [<!DOCTYPE html> <html lang="en"> <head> <meta content="text/html; charset=utf-8" http-equiv="CONTENT-TYPE"/> <meta charset="utf-8"/> <meta...
2026-08-24 03:51:56,310 INFO ncaa_identity: contest_id=3962682 teams 2569/2569 matched, players 6138/7267 matched
2026-08-24 03:51:57,653 INFO ncaa_identity: contest_id=3962694 teams 2424/2424 matched, players 6375/6630 matched
2026-08-24 03:52:32,000 INFO ncaa_identity: contest_id=3963265 teams 2514/2514 matched, players 6610/6900 matched
2026-08-24 03:52:33,951 INFO ncaa_identity: contest_id=3963307 teams 1176/2310 matched, players 3198/6323 matched
2026-08-24 03:52:37,549 INFO ncaa_identity: contest_id=3963434 teams 2919/2919 matched, players 7488/8060 matched
2026-08-24 03:52:49,060 INFO ncaa_identity: contest_id=3963689 teams 2504/2504 matched, players 6862/6869 matched
2026-08-24 03:52:50,875 INFO ncaa_identity: contest_id=3963712 teams 2579/2579 matched, players 6911/7096 matched
2026-08-24 03:52:57,009 INFO ncaa_identity: contest_id=3963806 teams 2397/2397 matched, players 6303/6564 matched
2026-08-24 03:53:00,113 INFO ncaa_identity: contest_id=3963879 teams 2703/2703 matched, players 6815/7409 matched
2026-08-24 03:53:09,226 INFO ncaa_identity: contest_id=3964068 teams 2764/2764 matched, players 7568/7573 matched
2026-08-24 03:53:11,209 INFO ncaa_identity: contest_id=3964132 teams 1597/3093 matched, players 4376/8489 matched
2026-08-24 03:53:12,583 INFO ncaa_identity: contest_id=3964202 teams 2497/2497 matched, players 6433/6831 matched
2026-08-24 03:53:28,821 INFO ncaa_identity: contest_id=3964506 teams 3450/3450 matched, players 9085/9557 matched
2026-08-24 03:53:34,862 INFO ncaa_identity: contest_id=3964662 teams 2395/2395 matched, players 6547/6587 matched
2026-08-24 03:53:37,697 INFO ncaa_identity: contest_id=3964696 teams 1444/2867 matched, players 3445/7903 matched
2026-08-24 03:53:39,061 INFO ncaa_identity: contest_id=3964717 teams 1466/2876 matched, players 4015/7938 matched
2026-08-24 03:53:40,474 INFO ncaa_identity: contest_id=3964727 teams 2512/2512 matched, players 6504/6896 matched
2026-08-24 03:54:01,500 INFO ncaa_identity: contest_id=3965219 teams 2444/2444 matched, players 6363/6723 matched
2026-08-24 03:54:03,205 INFO ncaa_identity: contest_id=3965229 teams 1362/2702 matched, players 3726/7387 matched
2026-08-24 03:54:08,185 INFO ncaa_identity: contest_id=3965260 teams 2477/2477 matched, players 6654/6808 matched
2026-08-24 03:54:13,579 INFO ncaa_identity: contest_id=3965330 teams 1500/3021 matched, players 4091/8318 matched
2026-08-24 03:54:25,760 INFO ncaa_identity: contest_id=3965682 teams 2250/2250 matched, players 5715/6176 matched
2026-08-24 03:54:37,590 INFO ncaa_identity: contest_id=3965891 teams 2260/2260 matched, players 5751/6151 matched
2026-08-24 03:54:45,351 INFO ncaa_identity: contest_id=3966077 teams 1392/2851 matched, players 3850/7862 matched
2026-08-24 03:54:50,241 INFO ncaa_identity: contest_id=3966186 teams 2964/2964 matched, players 7871/8148 matched
2026-08-24 03:54:51,619 INFO ncaa_identity: contest_id=3966233 teams 2314/2314 matched, players 5924/6371 matched
2026-08-24 03:55:07,225 INFO ncaa_identity: contest_id=3966537 teams 2452/2452 matched, players 6679/6688 matched
2026-08-24 03:55:17,964 INFO ncaa_identity: contest_id=3966740 teams 2632/2632 matched, players 6832/7224 matched
2026-08-24 03:55:21,149 INFO ncaa_identity: contest_id=3966776 teams 2105/2105 matched, players 5490/5731 matched
2026-08-24 03:55:38,780 INFO ncaa_identity: contest_id=3967095 teams 1222/2432 matched, players 3267/6667 matched
2026-08-24 03:55:41,914 INFO ncaa_identity: contest_id=3967238 teams 2133/2133 matched, players 5295/5808 matched
2026-08-24 03:55:43,492 INFO ncaa_identity: contest_id=3967251 teams 2064/2064 matched, players 5319/5606 matched
2026-08-24 03:55:45,293 INFO ncaa_identity: contest_id=3967262 teams 2629/2629 matched, players 6770/7233 matched
2026-08-24 03:55:50,520 INFO ncaa_identity: contest_id=3967304 teams 2280/2280 matched, players 6017/6247 matched
2026-08-24 03:55:55,393 INFO ncaa_identity: contest_id=3967393 teams 2426/2426 matched, players 6598/6677 matched
2026-08-24 03:55:56,811 INFO ncaa_identity: contest_id=3967525 teams 2612/2612 matched, players 6942/7136 matched
2026-08-24 03:55:58,952 INFO ncaa_identity: contest_id=3967571 teams 2658/2658 matched, players 6757/7275 matched
2026-08-24 03:56:08,029 INFO ncaa_identity: contest_id=3967725 teams 2759/2759 matched, players 7049/7555 matched
2026-08-24 03:56:11,319 INFO ncaa_identity: contest_id=3967757 teams 2636/2636 matched, players 6734/7205 matched
2026-08-24 03:56:14,672 INFO ncaa_identity: contest_id=3967835 teams 2710/2710 matched, players 7439/7445 matched
2026-08-24 03:56:32,023 INFO ncaa_identity: contest_id=3968201 teams 2340/2340 matched, players 5874/6365 matched
2026-08-24 03:56:36,644 INFO ncaa_identity: contest_id=3968233 teams 2571/2571 matched, players 6952/7056 matched
2026-08-24 03:56:38,244 INFO ncaa_identity: contest_id=3968246 teams 2728/2728 matched, players 7452/7495 matched
2026-08-24 03:56:45,573 INFO ncaa_identity: contest_id=3968447 teams 2566/2566 matched, players 6958/7010 matched
2026-08-24 03:56:53,942 INFO ncaa_identity: contest_id=3968623 teams 3023/3023 matched, players 7963/8311 matched
2026-08-24 03:56:57,420 INFO ncaa_identity: contest_id=3968653 teams 1562/2996 matched, players 3929/8239 matched
2026-08-24 03:56:59,561 INFO ncaa_identity: contest_id=3968667 teams 3027/3027 matched, players 8310/8391 matched
2026-08-24 03:57:01,120 INFO ncaa_identity: contest_id=3968677 teams 2349/2349 matched, players 6053/6483 matched
2026-08-24 03:57:09,335 INFO ncaa_identity: contest_id=3968748 teams 2223/2223 matched, players 6027/6086 matched
2026-08-24 03:57:33,246 INFO ncaa_identity: contest_id=3969004 teams 3098/3098 matched, players 8499/8586 matched
2026-08-24 03:57:37,251 INFO ncaa_identity: contest_id=3969040 teams 2542/2542 matched, players 6632/6978 matched
2026-08-24 03:57:40,128 INFO ncaa_identity: contest_id=3969149 teams 2978/2978 matched, players 7672/8248 matched
2026-08-24 03:57:49,480 WARNING ncaa_parse: family=shots contest_id=3969260 team=South Carolina St. SKIPPED (1 parse error(s)): No shot events found [<!DOCTYPE html> <html lang="en"> <head> <meta content="text/html; charset=utf-8" http-equiv="CONTENT-TYPE"/> <meta charset="utf-8"/> <meta...
2026-08-24 03:58:00,527 INFO ncaa_identity: contest_id=3969354 teams 2808/2808 matched, players 7366/7725 matched
2026-08-24 03:58:03,399 INFO ncaa_identity: contest_id=3969417 teams 2512/2512 matched, players 6387/6880 matched
2026-08-24 03:58:09,928 INFO ncaa_identity: contest_id=3969519 teams 2516/2516 matched, players 6892/6893 matched
2026-08-24 03:58:11,637 INFO ncaa_identity: contest_id=3969535 teams 2496/2496 matched, players 6830/6834 matched
2026-08-24 03:58:20,673 INFO ncaa_identity: contest_id=3969586 teams 2243/2243 matched, players 6058/6122 matched
2026-08-24 03:58:35,026 INFO ncaa_identity: contest_id=3969771 teams 2623/2623 matched, players 6084/7217 matched
2026-08-24 03:58:37,632 WARNING ncaa_parse: family=shots contest_id=3969791 team=Morgan St. SKIPPED (1 parse error(s)): No shot events found [<!DOCTYPE html> <html lang="en"> <head> <meta content="text/html; charset=utf-8" http-equiv="CONTENT-TYPE"/> <meta charset="utf-8"/> <meta...
2026-08-24 03:58:37,682 INFO ncaa_identity: contest_id=3969791 teams 2240/2240 matched, players 5482/6285 matched
2026-08-24 03:58:46,642 INFO ncaa_identity: contest_id=3969852 teams 2503/2503 matched, players 6863/6868 matched
2026-08-24 03:58:50,370 WARNING ncaa_parse: family=shots contest_id=3969872 team=Morgan St. SKIPPED (1 parse error(s)): No shot events found [<!DOCTYPE html> <html lang="en"> <head> <meta content="text/html; charset=utf-8" http-equiv="CONTENT-TYPE"/> <meta charset="utf-8"/> <meta...
2026-08-24 03:58:50,444 INFO ncaa_identity: contest_id=3969872 teams 2260/2260 matched, players 5342/6386 matched
2026-08-24 03:58:53,035 INFO ncaa_identity: contest_id=3969892 teams 2210/2210 matched, players 5968/6053 matched
2026-08-24 03:58:55,983 INFO ncaa_identity: contest_id=3969912 teams 2376/2376 matched, players 6081/6510 matched
2026-08-24 03:59:25,327 INFO ncaa_identity: contest_id=3996539 teams 1580/3068 matched, players 4334/8412 matched
2026-08-24 03:59:34,679 INFO ncaa_identity: contest_id=4446710 teams 1230/2428 matched, players 2838/6605 matched
2026-08-24 03:59:41,316 INFO ncaa_identity: contest_id=4469329 teams 2585/2585 matched, players 6451/7066 matched
2026-08-24 03:59:46,191 INFO ncaa_identity: contest_id=4470475 teams 1550/3125 matched, players 4381/8554 matched
2026-08-24 03:59:49,501 INFO ncaa_identity: contest_id=4472990 teams 1237/2513 matched, players 3281/6817 matched
2026-08-24 03:59:51,721 INFO 5 starters not found for period 3; using estimate
2026-08-24 04:00:02,015 INFO ncaa_identity: contest_id=5250823 teams 1320/2700 matched, players 3618/7410 matched
2026-08-24 04:00:05,020 INFO ncaa_identity: contest_id=5250900 teams 1980/1980 matched, players 4896/5401 matched
2026-08-24 04:00:21,286 INFO ncaa_identity: contest_id=5252301 teams 2116/2116 matched, players 5304/5726 matched
2026-08-24 04:00:27,882 INFO ncaa_identity: contest_id=5252404 teams 2603/2603 matched, players 6958/7120 matched
2026-08-24 04:00:29,129 INFO ncaa_identity: contest_id=5252504 teams 3022/3022 matched, players 7780/8376 matched
2026-08-24 04:00:52,570 INFO ncaa_identity: contest_id=5254116 teams 2298/2298 matched, players 6202/6235 matched
2026-08-24 04:01:01,365 INFO ncaa_identity: contest_id=5722009 teams 1615/3088 matched, players 4303/8462 matched
2026-08-24 04:01:08,580 INFO ncaa_identity: contest_id=5722324 teams 2686/2686 matched, players 7234/7369 matched
2026-08-24 04:01:39,735 INFO ncaa_identity: contest_id=5722782 teams 2749/2749 matched, players 7493/7517 matched
2026-08-24 04:01:41,948 INFO ncaa_identity: contest_id=5722804 teams 2536/2536 matched, players 6455/6947 matched
2026-08-24 04:01:58,766 INFO ncaa_identity: contest_id=5722933 teams 2763/2763 matched, players 6238/7587 matched
2026-08-24 04:02:07,814 INFO ncaa_identity: contest_id=5723035 teams 2189/2189 matched, players 5876/5972 matched
2026-08-24 04:02:11,719 INFO ncaa_identity: contest_id=5723083 teams 2792/2792 matched, players 7686/7697 matched
2026-08-24 04:02:32,991 INFO ncaa_identity: contest_id=5723312 teams 2339/2339 matched, players 6368/6404 matched
2026-08-24 04:02:37,076 INFO ncaa_identity: contest_id=5723371 teams 2263/2263 matched, players 6066/6128 matched
2026-08-24 04:02:39,416 INFO ncaa_identity: contest_id=5723431 teams 2664/2664 matched, players 7280/7281 matched
2026-08-24 04:02:48,022 INFO ncaa_identity: contest_id=5723533 teams 1533/2853 matched, players 3621/7852 matched
2026-08-24 04:03:02,225 INFO ncaa_identity: contest_id=5723649 teams 2590/2590 matched, players 6549/7117 matched
2026-08-24 04:03:05,548 INFO ncaa_identity: contest_id=5723707 teams 2567/2567 matched, players 6419/7036 matched
2026-08-24 04:03:11,722 INFO ncaa_identity: contest_id=5723820 teams 2264/2264 matched, players 5654/6178 matched
2026-08-24 04:03:20,056 INFO ncaa_identity: contest_id=5723895 teams 1342/2579 matched, players 3456/6998 matched
2026-08-24 04:03:29,924 INFO ncaa_identity: contest_id=5723994 teams 1209/2332 matched, players 3218/6357 matched
2026-08-24 04:03:35,671 INFO ncaa_identity: contest_id=5724047 teams 2301/2301 matched, players 5114/6322 matched
2026-08-24 04:03:41,507 INFO ncaa_identity: contest_id=5725832 teams 3070/3070 matched, players 6591/8463 matched
2026-08-24 04:03:46,788 INFO ncaa_identity: contest_id=5725886 teams 1615/3158 matched, players 4387/8660 matched
2026-08-24 04:03:50,251 INFO ncaa_identity: contest_id=5725914 teams 2552/2552 matched, players 6903/6978 matched
2026-08-24 04:04:05,657 INFO ncaa_identity: contest_id=5728247 teams 2721/2721 matched, players 6914/7498 matched
2026-08-24 04:04:09,149 INFO ncaa_identity: contest_id=5728279 teams 3225/3225 matched, players 8923/8924 matched
2026-08-24 04:04:22,969 INFO ncaa_identity: contest_id=5728381 teams 2993/2993 matched, players 7984/8289 matched
2026-08-24 04:04:29,639 INFO ncaa_identity: contest_id=5728483 teams 1264/2428 matched, players 3286/6560 matched
2026-08-24 04:04:31,218 INFO ncaa_identity: contest_id=5728500 teams 1304/2602 matched, players 3588/7131 matched
2026-08-24 04:04:33,507 INFO ncaa_identity: contest_id=5728514 teams 3355/3355 matched, players 8081/9272 matched
2026-08-24 04:04:34,847 INFO ncaa_identity: contest_id=5728531 teams 2448/2448 matched, players 6730/6747 matched
2026-08-24 04:04:38,033 INFO ncaa_identity: contest_id=5728565 teams 2375/2375 matched, players 6094/6516 matched
2026-08-24 04:04:44,789 INFO ncaa_identity: contest_id=5728624 teams 1517/2922 matched, players 3700/7955 matched
2026-08-24 04:04:48,251 INFO ncaa_identity: contest_id=5728652 teams 2649/2649 matched, players 6348/7273 matched
2026-08-24 04:04:49,940 INFO ncaa_identity: contest_id=5728670 teams 2761/2761 matched, players 7069/7542 matched
2026-08-24 04:04:51,862 INFO ncaa_identity: contest_id=5728684 teams 3001/3001 matched, players 7717/8323 matched
2026-08-24 04:04:53,234 INFO ncaa_identity: contest_id=5728694 teams 2652/2652 matched, players 6740/7289 matched
2026-08-24 04:05:08,742 INFO ncaa_identity: contest_id=5729034 teams 2378/2378 matched, players 6186/6475 matched
2026-08-24 04:05:20,386 INFO ncaa_identity: contest_id=5729259 teams 2775/2775 matched, players 7294/7660 matched
2026-08-24 04:05:28,305 INFO ncaa_identity: contest_id=5729363 teams 1400/2752 matched, players 3375/7541 matched
2026-08-24 04:05:36,501 INFO ncaa_identity: contest_id=5729420 teams 2756/2756 matched, players 7129/7590 matched
2026-08-24 04:05:50,207 INFO ncaa_identity: contest_id=5729598 teams 1382/2653 matched, players 3712/7277 matched
2026-08-24 04:06:04,131 INFO ncaa_identity: contest_id=5729800 teams 1191/2429 matched, players 3291/6665 matched
2026-08-24 04:06:14,037 INFO ncaa_identity: contest_id=5729923 teams 2565/2565 matched, players 7046/7057 matched
2026-08-24 04:06:15,878 INFO ncaa_identity: contest_id=5729934 teams 2927/2927 matched, players 7546/8050 matched
2026-08-24 04:06:31,554 INFO ncaa_identity: contest_id=5730070 teams 1331/2632 matched, players 3610/7241 matched
2026-08-24 04:06:37,007 INFO ncaa_identity: contest_id=5730155 teams 1379/2669 matched, players 3638/7300 matched
2026-08-24 04:06:41,608 INFO ncaa_identity: contest_id=5730187 teams 1337/2670 matched, players 3715/7313 matched
2026-08-24 04:07:00,241 INFO ncaa_identity: contest_id=5730473 teams 1573/3167 matched, players 4394/8690 matched
2026-08-24 04:07:21,630 INFO ncaa_identity: contest_id=5730691 teams 1496/2983 matched, players 3851/8205 matched
2026-08-24 04:07:23,795 INFO ncaa_identity: contest_id=5730705 teams 3296/3296 matched, players 8610/9108 matched
2026-08-24 04:07:38,904 INFO ncaa_identity: contest_id=5730904 teams 2279/2279 matched, players 6196/6197 matched
2026-08-24 04:07:40,482 INFO ncaa_identity: contest_id=5730915 teams 2732/2732 matched, players 7364/7532 matched
2026-08-24 04:07:43,742 INFO ncaa_identity: contest_id=5730937 teams 3081/3081 matched, players 8129/8505 matched
2026-08-24 04:07:45,187 INFO ncaa_identity: contest_id=5730948 teams 2850/2850 matched, players 7837/7865 matched
2026-08-24 04:07:51,339 INFO ncaa_identity: contest_id=5731022 teams 2356/2356 matched, players 6479/6480 matched
2026-08-24 04:07:52,677 INFO ncaa_identity: contest_id=5731038 teams 2466/2466 matched, players 6761/6762 matched
2026-08-24 04:08:01,780 INFO ncaa_identity: contest_id=5731180 teams 2532/2532 matched, players 6893/6922 matched
2026-08-24 04:08:18,528 INFO ncaa_identity: contest_id=5731363 teams 1271/2482 matched, players 3443/6773 matched
2026-08-24 04:08:26,368 INFO ncaa_identity: contest_id=5731447 teams 2606/2606 matched, players 6872/7100 matched
2026-08-24 04:08:31,239 INFO ncaa_identity: contest_id=5731610 teams 2518/2518 matched, players 6926/6948 matched
2026-08-24 04:08:31,409 INFO 5 starters not found for period 4; using estimate
2026-08-24 04:08:34,608 INFO ncaa_identity: contest_id=5731642 teams 1417/2794 matched, players 3867/7659 matched
2026-08-24 04:08:37,750 INFO ncaa_identity: contest_id=5731677 teams 2681/2681 matched, players 7318/7319 matched
2026-08-24 04:09:19,204 INFO ncaa_identity: contest_id=5732358 teams 2307/2307 matched, players 6274/6290 matched
2026-08-24 04:09:22,700 INFO ncaa_identity: contest_id=5732378 teams 1262/2552 matched, players 3470/6908 matched
2026-08-24 04:09:46,724 INFO ncaa_identity: contest_id=5732561 teams 2955/2955 matched, players 7677/8144 matched
2026-08-24 04:10:07,392 INFO ncaa_identity: contest_id=5732724 teams 2618/2618 matched, players 6695/7193 matched
2026-08-24 04:10:08,534 INFO ncaa_identity: contest_id=5732735 teams 1310/2580 matched, players 3573/7069 matched
2026-08-24 04:10:15,898 INFO ncaa_identity: contest_id=5732789 teams 2595/2595 matched, players 6799/7085 matched
2026-08-24 04:10:18,995 INFO ncaa_identity: contest_id=5732811 teams 2764/2764 matched, players 7086/7561 matched
2026-08-24 04:10:20,282 INFO ncaa_identity: contest_id=5732822 teams 2772/2772 matched, players 7410/7645 matched
2026-08-24 04:10:21,808 INFO ncaa_identity: contest_id=5732835 teams 1414/2791 matched, players 3856/7676 matched
2026-08-24 04:10:37,544 INFO ncaa_identity: contest_id=5732978 teams 1745/3497 matched, players 4902/9676 matched
2026-08-24 04:10:38,829 INFO ncaa_identity: contest_id=5732992 teams 1245/2399 matched, players 3340/6523 matched
2026-08-24 04:10:41,649 INFO ncaa_identity: contest_id=5733013 teams 2433/2433 matched, players 6559/6632 matched
2026-08-24 04:10:49,229 INFO ncaa_identity: contest_id=5733064 teams 2686/2686 matched, players 7267/7398 matched
2026-08-24 04:10:50,627 INFO ncaa_identity: contest_id=5733074 teams 2880/2880 matched, players 7887/7935 matched
2026-08-24 04:10:52,262 INFO 5 starters not found for period 3; using estimate
2026-08-24 04:10:52,263 INFO 5 starters not found for period 3; using estimate
2026-08-24 04:10:55,190 INFO ncaa_identity: contest_id=5733104 teams 2463/2463 matched, players 6537/6731 matched
2026-08-24 04:11:01,475 INFO ncaa_identity: contest_id=5733159 teams 1338/2700 matched, players 3714/7411 matched
2026-08-24 04:11:11,940 INFO ncaa_identity: contest_id=5733245 teams 1278/2491 matched, players 3422/6813 matched
2026-08-24 04:11:16,586 INFO ncaa_identity: contest_id=5733283 teams 1487/2885 matched, players 4008/7863 matched
2026-08-24 04:11:33,718 INFO ncaa_identity: contest_id=5733785 teams 2662/2662 matched, players 6899/7362 matched
2026-08-24 04:11:38,584 INFO ncaa_identity: contest_id=5733864 teams 1281/2576 matched, players 3512/7018 matched
2026-08-24 04:11:51,091 INFO ncaa_identity: contest_id=5733997 teams 1435/2799 matched, players 3889/7650 matched
2026-08-24 04:11:52,723 INFO ncaa_identity: contest_id=5734067 teams 1353/2672 matched, players 3648/7318 matched
2026-08-24 04:11:53,837 INFO ncaa_identity: contest_id=5734080 teams 2181/2181 matched, players 5468/5964 matched
2026-08-24 04:11:55,306 INFO ncaa_identity: contest_id=5734094 teams 2518/2518 matched, players 6891/6927 matched
2026-08-24 04:11:59,532 INFO ncaa_identity: contest_id=5734128 teams 2768/2768 matched, players 7477/7564 matched
2026-08-24 04:12:01,145 INFO ncaa_identity: contest_id=5734140 teams 1285/2566 matched, players 3623/7059 matched
2026-08-24 04:12:17,555 INFO ncaa_identity: contest_id=5734451 teams 1387/2731 matched, players 3750/7464 matched
2026-08-24 04:12:26,206 INFO ncaa_identity: contest_id=5734607 teams 1403/2716 matched, players 3732/7460 matched
2026-08-24 04:12:27,758 INFO ncaa_identity: contest_id=5734619 teams 1306/2665 matched, players 3584/7360 matched
2026-08-24 04:12:29,480 INFO ncaa_identity: contest_id=5734631 teams 2475/2475 matched, players 6586/6788 matched
2026-08-24 04:12:31,130 INFO ncaa_identity: contest_id=5734644 teams 1336/2675 matched, players 3645/7371 matched
2026-08-24 04:12:38,433 INFO ncaa_identity: contest_id=5734759 teams 2322/2322 matched, players 6086/6359 matched
2026-08-24 04:12:47,475 INFO ncaa_identity: contest_id=5734928 teams 2696/2696 matched, players 6782/7400 matched
2026-08-24 04:13:08,655 INFO ncaa_identity: contest_id=5735242 teams 1456/2863 matched, players 3959/7831 matched
2026-08-24 04:13:13,534 INFO ncaa_identity: contest_id=5735313 teams 1362/2710 matched, players 3687/7381 matched
2026-08-24 04:13:19,279 INFO ncaa_identity: contest_id=5735377 teams 2251/2251 matched, players 5764/6151 matched
2026-08-24 04:13:22,193 INFO ncaa_identity: contest_id=5735411 teams 1373/2732 matched, players 3826/7493 matched
2026-08-24 04:13:23,518 INFO ncaa_identity: contest_id=5735422 teams 2287/2287 matched, players 6080/6225 matched
2026-08-24 04:13:28,443 INFO ncaa_identity: contest_id=5735471 teams 2420/2420 matched, players 6556/6574 matched
2026-08-24 04:13:31,522 INFO ncaa_identity: contest_id=5735505 teams 0/2990 matched, players 0/8166 matched
2026-08-24 04:13:34,300 INFO ncaa_identity: contest_id=5735527 teams 0/2513 matched, players 0/6855 matched
2026-08-24 04:13:39,660 INFO ncaa_identity: contest_id=5735583 teams 2548/2548 matched, players 6911/7016 matched
2026-08-24 04:13:44,424 INFO ncaa_identity: contest_id=5735703 teams 1271/2599 matched, players 3548/7138 matched
2026-08-24 04:13:45,690 INFO ncaa_identity: contest_id=5735737 teams 2703/2703 matched, players 6921/7452 matched
2026-08-24 04:13:47,319 INFO ncaa_identity: contest_id=5735749 teams 2585/2585 matched, players 7083/7084 matched
2026-08-24 04:13:55,835 INFO ncaa_identity: contest_id=5735927 teams 1380/2730 matched, players 3697/7421 matched
2026-08-24 04:14:08,447 INFO ncaa_identity: contest_id=5736269 teams 1378/2744 matched, players 3819/7606 matched
2026-08-24 04:14:13,774 INFO ncaa_identity: contest_id=5736301 teams 1341/2684 matched, players 3653/7293 matched
2026-08-24 04:14:15,456 INFO ncaa_identity: contest_id=5736316 teams 2298/2298 matched, players 6269/6276 matched
2026-08-24 04:14:15,586 INFO 5 starters not found for period 3; using estimate
2026-08-24 04:14:23,803 INFO ncaa_identity: contest_id=5736704 teams 1403/2690 matched, players 3735/7368 matched
2026-08-24 04:14:25,780 INFO ncaa_identity: contest_id=5736751 teams 3065/3065 matched, players 7892/8448 matched
2026-08-24 04:14:28,267 INFO ncaa_identity: contest_id=5736805 teams 2592/2592 matched, players 6792/7108 matched
2026-08-24 04:14:32,245 INFO ncaa_identity: contest_id=5736884 teams 2455/2455 matched, players 6267/6710 matched
2026-08-24 04:14:33,683 INFO ncaa_identity: contest_id=5736901 teams 1447/2802 matched, players 3810/7649 matched
2026-08-24 04:14:33,839 INFO 5 starters not found for period 3; using estimate
2026-08-24 04:14:36,636 INFO ncaa_identity: contest_id=5736948 teams 1251/2447 matched, players 2813/6728 matched
2026-08-24 04:14:39,615 INFO ncaa_identity: contest_id=5737012 teams 1253/2593 matched, players 3548/7113 matched
2026-08-24 04:14:41,207 INFO ncaa_identity: contest_id=5737036 teams 2938/2938 matched, players 7409/8096 matched
2026-08-24 04:14:47,488 INFO ncaa_identity: contest_id=5737370 teams 2739/2739 matched, players 7459/7547 matched
2026-08-24 04:14:48,799 INFO ncaa_identity: contest_id=5737385 teams 2358/2358 matched, players 5917/6420 matched
2026-08-24 04:14:50,611 INFO ncaa_identity: contest_id=5737395 teams 2516/2516 matched, players 6478/6890 matched
2026-08-24 04:14:51,942 INFO ncaa_identity: contest_id=5737406 teams 2232/2232 matched, players 5188/6085 matched
2026-08-24 04:14:58,245 INFO ncaa_identity: contest_id=5737465 teams 2426/2426 matched, players 6594/6654 matched
2026-08-24 04:15:04,748 INFO ncaa_identity: contest_id=5737599 teams 1362/2823 matched, players 3831/7756 matched
2026-08-24 04:15:07,658 INFO ncaa_identity: contest_id=5737711 teams 1455/2807 matched, players 3531/7748 matched
2026-08-24 04:15:09,292 INFO ncaa_identity: contest_id=5737725 teams 1577/3000 matched, players 4067/8237 matched
2026-08-24 04:15:12,348 INFO ncaa_identity: contest_id=5737794 teams 1460/2928 matched, players 4068/8065 matched
2026-08-24 04:15:14,006 INFO ncaa_identity: contest_id=5737808 teams 2288/2288 matched, players 5693/6220 matched
2026-08-24 04:15:20,099 INFO ncaa_identity: contest_id=5737904 teams 3018/3018 matched, players 7685/8305 matched
2026-08-24 04:15:28,802 INFO ncaa_identity: contest_id=5738026 teams 1276/2457 matched, players 3463/6701 matched
2026-08-24 04:15:31,668 INFO ncaa_identity: contest_id=5738050 teams 2290/2290 matched, players 5858/6222 matched
2026-08-24 04:15:34,694 INFO ncaa_identity: contest_id=5738110 teams 1259/2509 matched, players 3447/6785 matched
2026-08-24 04:15:37,683 INFO ncaa_identity: contest_id=5738140 teams 1727/3262 matched, players 4592/8955 matched
2026-08-24 04:15:51,748 INFO ncaa_identity: contest_id=5738251 teams 2425/2425 matched, players 6223/6678 matched
2026-08-24 04:15:57,636 INFO ncaa_identity: contest_id=5738656 teams 2476/2476 matched, players 6230/6766 matched
2026-08-24 04:15:59,632 INFO ncaa_identity: contest_id=5740541 teams 1707/3434 matched, players 4664/9448 matched
2026-08-24 04:16:02,433 INFO ncaa_identity: contest_id=5740576 teams 2568/2568 matched, players 5976/7054 matched
2026-08-24 04:16:06,643 INFO ncaa_identity: contest_id=5740640 teams 2958/2958 matched, players 7381/8013 matched
2026-08-24 04:16:08,171 INFO ncaa_identity: contest_id=5740653 teams 1304/2517 matched, players 2918/6944 matched
2026-08-24 04:16:09,585 INFO ncaa_identity: contest_id=5740664 teams 3046/3046 matched, players 7969/8385 matched
2026-08-24 04:16:11,191 INFO ncaa_identity: contest_id=5740674 teams 1277/2533 matched, players 3498/6909 matched
2026-08-24 04:16:12,399 INFO ncaa_identity: contest_id=5740684 teams 2690/2690 matched, players 7086/7407 matched
2026-08-24 04:16:15,660 INFO ncaa_identity: contest_id=5740707 teams 1617/3203 matched, players 4490/8892 matched
2026-08-24 04:16:17,414 INFO ncaa_identity: contest_id=5740718 teams 1416/2854 matched, players 3849/7768 matched
2026-08-24 04:16:18,653 INFO ncaa_identity: contest_id=5740729 teams 2383/2383 matched, players 6403/6534 matched
2026-08-24 04:16:23,301 INFO ncaa_identity: contest_id=5740763 teams 1495/2917 matched, players 3863/8051 matched
2026-08-24 04:16:26,531 INFO ncaa_identity: contest_id=5740785 teams 1486/2969 matched, players 3813/8089 matched
2026-08-24 04:16:27,836 INFO ncaa_identity: contest_id=5756598 teams 2433/2433 matched, players 6313/6659 matched
2026-08-24 04:16:29,434 INFO ncaa_identity: contest_id=5756620 teams 1510/3002 matched, players 4123/8212 matched
2026-08-24 04:16:30,909 INFO ncaa_identity: contest_id=5756727 teams 1429/2811 matched, players 3882/7710 matched
2026-08-24 04:16:37,009 INFO ncaa_identity: contest_id=5809602 teams 3616/3616 matched, players 9909/9912 matched
2026-08-24 04:16:37,124 INFO 5 starters not found for period 3; using estimate
2026-08-24 04:16:38,281 INFO ncaa_identity: contest_id=5809614 teams 2554/2554 matched, players 6946/6999 matched
2026-08-24 04:16:49,223 INFO ncaa_identity: contest_id=5810582 teams 1521/3000 matched, players 4172/8249 matched
2026-08-24 04:16:53,302 INFO ncaa_identity: contest_id=5810976 teams 2423/2423 matched, players 6272/6651 matched
2026-08-24 04:16:54,744 INFO ncaa_identity: contest_id=5811373 teams 2295/2295 matched, players 5710/6275 matched
2026-08-24 04:16:56,141 INFO ncaa_identity: contest_id=5833970 teams 2637/2637 matched, players 6896/7174 matched
2026-08-24 04:16:57,628 INFO ncaa_identity: contest_id=5834325 teams 1156/2338 matched, players 3216/6392 matched
2026-08-24 04:17:00,637 INFO ncaa_identity: contest_id=6300373 teams 1236/2419 matched, players 3283/6632 matched
2026-08-24 04:17:08,559 INFO ncaa_identity: contest_id=6363187 teams 2524/2524 matched, players 6964/6969 matched
2026-08-24 04:17:09,720 INFO ncaa_identity: contest_id=6363199 teams 2242/2242 matched, players 5477/6005 matched
2026-08-24 04:17:18,668 INFO ncaa_identity: contest_id=6363512 teams 2487/2487 matched, players 6593/6823 matched
2026-08-24 04:17:24,394 INFO ncaa_identity: contest_id=6363677 teams 3308/3308 matched, players 8577/9125 matched
2026-08-24 04:17:28,688 INFO ncaa_identity: contest_id=6363892 teams 2780/2780 matched, players 7151/7615 matched
2026-08-24 04:17:31,632 INFO ncaa_identity: contest_id=6364097 teams 3330/3330 matched, players 8927/9217 matched
2026-08-24 04:17:41,425 INFO ncaa_identity: contest_id=6364815 teams 1288/2613 matched, players 3556/7179 matched
2026-08-24 04:17:42,917 INFO ncaa_identity: contest_id=6366651 teams 1218/2315 matched, players 3226/6326 matched
2026-08-24 04:17:44,283 INFO ncaa_identity: contest_id=6366662 teams 2539/2539 matched, players 6734/6902 matched
2026-08-24 04:18:02,983 INFO ncaa_identity: contest_id=6403331 teams 1299/2550 matched, players 3501/6944 matched
2026-08-24 04:18:07,383 INFO ncaa_identity: contest_id=6406385 teams 1314/2636 matched, players 3625/7189 matched
2026-08-24 04:18:08,781 INFO ncaa_identity: contest_id=6406477 teams 2419/2419 matched, players 6620/6631 matched
2026-08-24 04:18:33,969 INFO ncaa_identity: contest_id=6422783 teams 2890/2890 matched, players 7960/7981 matched
2026-08-24 04:18:37,971 WARNING ncaa_parse: family=lineups contest_id=6424024 team=Bob Jones produced NO good stints (24 bad, roster=15) -- parsed successfully but contributed nothing
2026-08-24 04:18:38,350 INFO ncaa_identity: contest_id=6424024 teams 1168/2277 matched, players 574/881 matched
2026-08-24 04:18:39,863 INFO ncaa_identity: contest_id=6424037 teams 1287/2623 matched, players 3594/7181 matched
2026-08-24 04:18:58,079 INFO ncaa_identity: contest_id=6428350 teams 1594/3177 matched, players 4360/8778 matched
2026-08-24 04:19:07,330 INFO ncaa_identity: contest_id=6429023 teams 2595/2595 matched, players 7117/7120 matched
2026-08-24 04:19:13,088 INFO ncaa_identity: contest_id=6429168 teams 2757/2757 matched, players 7581/7589 matched
2026-08-24 04:19:14,467 INFO ncaa_identity: contest_id=6429178 teams 2897/2897 matched, players 7875/7937 matched
2026-08-24 04:20:03,881 INFO ncaa_identity: contest_id=6455175 teams 1625/3140 matched, players 4461/8683 matched
2026-08-24 04:20:20,647 INFO ncaa_identity: contest_id=6456155 teams 1524/3014 matched, players 4132/8262 matched
2026-08-24 04:20:26,929 INFO ncaa_identity: contest_id=6456458 teams 1205/2469 matched, players 3396/6753 matched
2026-08-24 04:20:35,508 INFO ncaa_identity: contest_id=6456716 teams 2999/2999 matched, players 7513/8250 matched
2026-08-24 04:21:11,926 INFO ncaa_identity: contest_id=6457610 teams 2600/2600 matched, players 7111/7136 matched
2026-08-24 04:21:23,247 INFO ncaa_identity: contest_id=6458099 teams 1144/2220 matched, players 3047/6060 matched
2026-08-24 04:21:25,292 INFO ncaa_identity: contest_id=6458485 teams 1380/2773 matched, players 3856/7573 matched
2026-08-24 04:21:28,573 INFO ncaa_identity: contest_id=6458582 teams 3130/3130 matched, players 8649/8709 matched
2026-08-24 04:21:32,836 INFO ncaa_identity: contest_id=6458687 teams 1396/2667 matched, players 3714/7244 matched
2026-08-24 04:21:58,008 INFO ncaa_identity: contest_id=6459216 teams 2329/2329 matched, players 6348/6377 matched
2026-08-24 04:22:03,281 INFO ncaa_identity: contest_id=6459301 teams 2978/2978 matched, players 7622/8151 matched
2026-08-24 04:22:39,970 INFO ncaa_identity: contest_id=6460511 teams 1424/2815 matched, players 3827/7720 matched
2026-08-24 04:22:47,614 INFO ncaa_identity: contest_id=6460729 teams 1361/2754 matched, players 3778/7555 matched
2026-08-24 04:22:53,100 INFO ncaa_identity: contest_id=6460814 teams 1446/2895 matched, players 3934/7922 matched
2026-08-24 04:23:00,934 INFO ncaa_identity: contest_id=6460948 teams 1551/2978 matched, players 4045/8174 matched
2026-08-24 04:23:05,797 INFO ncaa_identity: contest_id=6461232 teams 1278/2487 matched, players 3429/6756 matched
2026-08-24 04:23:16,322 INFO ncaa_identity: contest_id=6461462 teams 1648/3146 matched, players 4306/8636 matched
2026-08-24 04:23:17,848 INFO ncaa_identity: contest_id=6461486 teams 1324/2608 matched, players 3572/7076 matched
2026-08-24 04:23:27,772 INFO ncaa_identity: contest_id=6461791 teams 1237/2508 matched, players 3417/6786 matched
2026-08-24 04:23:33,338 INFO ncaa_identity: contest_id=6462104 teams 2399/2399 matched, players 6459/6581 matched
2026-08-24 04:23:37,718 INFO ncaa_identity: contest_id=6462289 teams 1322/2572 matched, players 3511/7056 matched
2026-08-24 04:23:47,476 INFO ncaa_identity: contest_id=6462909 teams 1637/3315 matched, players 4580/9097 matched
2026-08-24 04:23:50,713 INFO ncaa_identity: contest_id=6462995 teams 1426/2824 matched, players 3957/7773 matched
2026-08-24 04:23:56,902 INFO ncaa_identity: contest_id=6463198 teams 1352/2651 matched, players 3401/7280 matched
2026-08-24 04:24:09,105 INFO ncaa_identity: contest_id=6463868 teams 2855/2855 matched, players 7714/7864 matched
2026-08-24 04:24:18,861 INFO ncaa_identity: contest_id=6464341 teams 2646/2646 matched, players 6892/7270 matched
2026-08-24 04:24:26,909 INFO 5 starters not found for period 4; using estimate
2026-08-24 04:24:50,107 INFO ncaa_identity: contest_id=6465158 teams 2249/2249 matched, players 6074/6111 matched
2026-08-24 04:24:53,472 INFO ncaa_identity: contest_id=6465180 teams 1394/2633 matched, players 3625/7226 matched
2026-08-24 04:25:54,888 INFO ncaa_identity: contest_id=6466863 teams 2791/2791 matched, players 7278/7654 matched
2026-08-24 04:26:18,259 INFO ncaa_identity: contest_id=6467949 teams 1525/3038 matched, players 4217/8400 matched
2026-08-24 04:26:31,984 INFO ncaa_identity: contest_id=6468307 teams 2786/2786 matched, players 7632/7661 matched
2026-08-24 04:26:33,745 INFO ncaa_identity: contest_id=6468411 teams 3053/3053 matched, players 8397/8398 matched
2026-08-24 04:26:39,943 INFO ncaa_identity: contest_id=6468832 teams 1385/2657 matched, players 3715/7270 matched
2026-08-24 04:26:49,322 INFO ncaa_identity: contest_id=6469488 teams 2277/2277 matched, players 5923/5924 matched
2026-08-24 04:27:42,142 INFO ncaa_identity: contest_id=6470603 teams 2657/2657 matched, players 6710/7306 matched
2026-08-24 04:27:49,151 INFO ncaa_identity: contest_id=6470732 teams 1354/2658 matched, players 3650/7238 matched
2026-08-24 04:27:59,807 INFO ncaa_identity: contest_id=6470997 teams 1681/3409 matched, players 4496/9422 matched
2026-08-24 04:28:03,203 INFO ncaa_identity: contest_id=6471043 teams 1216/2550 matched, players 3485/6933 matched
2026-08-24 04:28:06,147 INFO ncaa_identity: contest_id=6471706 teams 1323/2547 matched, players 3518/6928 matched
2026-08-24 04:28:10,417 INFO ncaa_identity: contest_id=6472596 teams 1239/2436 matched, players 3349/6614 matched
2026-08-24 04:28:53,676 INFO ncaa_identity: contest_id=6473951 teams 1558/3106 matched, players 4252/8479 matched
2026-08-24 04:28:57,126 INFO ncaa_identity: contest_id=6474192 teams 1603/3063 matched, players 4313/8412 matched
2026-08-24 04:28:59,218 INFO ncaa_identity: contest_id=6474314 teams 1573/3067 matched, players 4274/8441 matched
2026-08-24 04:29:12,941 INFO ncaa_identity: contest_id=6474767 teams 2641/2641 matched, players 6753/7228 matched
2026-08-24 04:29:23,710 INFO ncaa_identity: contest_id=6475276 teams 1368/2703 matched, players 3720/7389 matched
2026-08-24 04:29:30,824 INFO ncaa_identity: contest_id=6475578 teams 1746/3362 matched, players 4667/9251 matched
2026-08-24 04:30:03,199 INFO ncaa_identity: contest_id=6477328 teams 2885/2885 matched, players 7167/7918 matched
2026-08-24 04:30:17,111 INFO ncaa_identity: contest_id=6477781 teams 1298/2509 matched, players 3402/6795 matched
2026-08-24 04:30:18,587 INFO ncaa_identity: contest_id=6477826 teams 1149/2258 matched, players 3115/6163 matched
2026-08-24 04:30:20,161 INFO ncaa_identity: contest_id=6477838 teams 1307/2522 matched, players 3467/6873 matched
2026-08-24 04:30:35,383 INFO ncaa_identity: contest_id=6478294 teams 1395/2766 matched, players 3833/7568 matched
2026-08-24 04:30:56,959 INFO ncaa_identity: contest_id=6478849 teams 1544/3091 matched, players 4288/8500 matched
2026-08-24 04:31:43,460 INFO ncaa_identity: contest_id=6480248 teams 1127/2208 matched, players 3077/6006 matched
2026-08-24 04:31:59,244 INFO ncaa_identity: contest_id=6480633 teams 1598/3138 matched, players 4305/8697 matched
2026-08-24 04:32:05,833 INFO ncaa_identity: contest_id=6480841 teams 1487/2884 matched, players 4003/7878 matched
2026-08-24 04:32:17,136 INFO ncaa_identity: contest_id=6481082 teams 1260/2480 matched, players 3413/6806 matched
2026-08-24 04:33:10,624 INFO ncaa_identity: contest_id=6484064 teams 1558/2993 matched, players 4283/8282 matched
2026-08-24 04:33:11,817 WARNING ncaa_parse: family=lineups contest_id=6484406 team=Virginia-Lynchburg produced NO good stints (23 bad, roster=11) -- parsed successfully but contributed nothing
2026-08-24 04:33:12,364 INFO ncaa_identity: contest_id=6484406 teams 1652/3240 matched, players 4528/8842 matched
2026-08-24 04:33:25,290 INFO ncaa_identity: contest_id=6484913 teams 3010/3010 matched, players 7941/7942 matched
2026-08-24 04:33:28,404 INFO ncaa_identity: contest_id=6485078 teams 1406/2739 matched, players 3821/7485 matched
2026-08-24 04:33:31,905 INFO ncaa_identity: contest_id=6485577 teams 1337/2665 matched, players 3673/7271 matched
2026-08-24 04:33:37,627 INFO ncaa_identity: contest_id=6486210 teams 1451/2830 matched, players 3907/7700 matched
2026-08-24 04:33:38,773 WARNING ncaa_parse: family=lineups contest_id=6486757 team=Biblical Stud. (TX) produced NO good stints (16 bad, roster=13) -- parsed successfully but contributed nothing
2026-08-24 04:33:39,749 INFO ncaa_identity: contest_id=6486757 teams 1389/2680 matched, players 3763/7311 matched
2026-08-24 04:33:45,431 INFO ncaa_identity: contest_id=6488214 teams 1326/2644 matched, players 3631/7226 matched
2026-08-24 04:34:04,241 INFO ncaa_identity: contest_id=6505198 teams 1478/3039 matched, players 4193/8396 matched
parsed=9993 failed=0
