seasons=2010,2011,2012,2013,2014,2015,2016,2017,2018,2019,2020,2021,2022,2023,2024,2025,2026 bundles=99932 pending=99932 force=True shard=0/10 assigned=9994
2026-08-19 12:59:11,468 INFO ncaa_identity: contest_id=1107646 teams 2279/2279 matched, players 373/866 matched22026-08-19 12:59:12,264 INFO ncaa_identity: contest_id=1107660 teams 1371/2700 matched, players 2642/7653 match22222026-08-19 12:59:13,379 INFO ncaa_identity: contest_id=1107670 teams 2740/2740 matched, players 463/1119 matc202022026-08-19 12:59:14,263 INFO ncaa_identity: contest_id=1107680 teams 2358/2358 matched, players 271/844 matc22202026-08-19 12:59:15,275 INFO ncaa_identity: contest_id=1107691 teams 1403/2728 matched, players 3937/7698 matc222022026-08-19 12:59:16,126 INFO ncaa_identity: contest_id=1107701 teams 975/2327 matched, players 92/883 match22020262026-08-19 12:59:16,937 INFO ncaa_identity: contest_id=1107710 teams 2184/2184 matched, players 279/805 ma22220262026-08-19 12:59:17,908 INFO ncaa_identity: contest_id=1107720 teams 1293/2655 matched, players 3668/7491 ma22026-02026-08-19 12:59:18,811 INFO ncaa_identity: contest_id=1107730 teams 2097/2097 matched, players 246/754 ma2026-082026-08-19 12:59:19,497 INFO ncaa_identity: contest_id=1107740 teams 2224/2224 matched, players 287/824 m2026-08-2026-08-19 12:59:20,364 INFO ncaa_identity: contest_id=1107750 teams 2102/2102 matched, players 398/897 2026-08-12026-08-19 12:59:21,050 INFO ncaa_identity: contest_id=1107761 teams 1086/2006 matched, players 108/757 2026-08-12026-08-19 12:59:21,801 INFO ncaa_identity: contest_id=1107771 teams 2358/2358 matched, players 279/849 2026-08-19 12:59:22,740 INFO ncaa_identity: contest_id=1107773 teams 2120/2120 matched, players 211/728 matched
2026-08-12026-08-19 12:59:23,927 INFO ncaa_identity: contest_id=1107792 teams 1179/2407 matched, players 3390/6822026-08-19 2026-08-19 12:59:24,936 INFO ncaa_identity: contest_id=1107802 teams 2125/2125 matched, players 187/72026-08-19 12026-08-19 12:59:25,881 INFO ncaa_identity: contest_id=1107812 teams 2494/2494 matched, players 518/12026-08-19 122026-08-19 12:59:26,823 INFO ncaa_identity: contest_id=1107822 teams 1370/2814 matched, players 286/2026-08-19 12:2026-08-19 12:59:27,833 INFO ncaa_identity: contest_id=1107832 teams 962/1792 matched, players 1192026-08-19 12:2026-08-19 12:59:28,611 INFO ncaa_identity: contest_id=1107842 teams 1986/1986 matched, players 3082026-08-19 12:2026-08-19 12:59:29,353 INFO ncaa_identity: contest_id=1107878 teams 2205/2205 matched, players 3732026-08-19 12:59:30,266 INFO ncaa_identity: contest_id=1107889 teams 2182/2182 matched, players 231/761 matched
2026-08-19 12:59:30,985 INFO ncaa_identity: contest_id=1107937 teams 2112/2112 matched, players 421/923 matched
2026-08-19 12:59:31,600 INFO ncaa_identity: contest_id=1107965 teams 1718/1718 matched, players 169/586 matched
2026-08-19 12:2026-08-19 12:59:32,504 INFO ncaa_identity: contest_id=1108009 teams 2148/2148 matched, players 3122026-08-19 12:2026-08-19 12:59:33,338 INFO ncaa_identity: contest_id=1108031 teams 810/1803 matched, players 99/62026-08-19 12:59:34,218 INFO ncaa_identity: contest_id=1108034 teams 1289/2614 matched, players 3666/7438 matched22026-08-19 12:59:35,154 INFO ncaa_identity: contest_id=1108052 teams 2248/2248 matched, players 373/910 matched
2026-08-19 12:59:35,862 INFO ncaa_identity: contest_id=1108063 teams 1171/2250 matched, players 3224/6305 matche2022026-08-19 12:59:36,684 INFO ncaa_identity: contest_id=1108093 teams 2007/2007 matched, players 284/769 matche2022026-08-19 12:59:37,610 INFO ncaa_identity: contest_id=1108110 teams 2228/2228 matched, players 228/769 matched22026-08-19 12:59:38,304 INFO ncaa_identity: contest_id=1108164 teams 2133/2133 matched, players 318/816 matched22026-08-192026-08-19 12:59:39,157 INFO ncaa_identity: contest_id=1108193 teams 2158/2158 matched, players 313/2022026-08-192026-08-19 12:59:40,127 INFO ncaa_identity: contest_id=1108223 teams 2612/2612 matched, players 497/2022026-08-19 2026-08-19 12:59:40,797 INFO ncaa_identity: contest_id=1108233 teams 1942/1942 matched, players 3352022026-08-19 2026-08-19 12:59:41,374 INFO ncaa_identity: contest_id=1108255 teams 1531/1531 matched, players 1482022026-08-19 12:59:42,175 INFO ncaa_identity: contest_id=1108257 teams 1875/1875 matched, players 239/693 matche2022026-08-19 12:59:42,955 INFO ncaa_identity: contest_id=1108294 teams 2342/2342 matched, players 333/848 matche2026-08-19 12:59:43,766 INFO ncaa_identity: contest_id=1108358 teams 1674/3252 matched, players 4691/9206 matche2022026-08-19 12:59:44,674 INFO ncaa_identity: contest_id=1108384 teams 1583/3092 matched, players 4401/8814 matc202202026-08-19 12:59:45,757 INFO ncaa_identity: contest_id=1108404 teams 2200/2200 matched, players 323/851 matched202026-08-19 12:59:46,761 INFO ncaa_identity: contest_id=1108429 teams 3074/3074 matched, players 589/1296 matche2022026-08-19 12:59:47,539 INFO ncaa_identity: contest_id=1108464 teams 1172/2337 matched, players 2677/6578 match20262026-08-19 12:59:48,637 INFO ncaa_identity: contest_id=1108485 teams 1198/2375 matched, players 3334/6668 matched
2026-08-19 12:59:49,355 INFO ncaa_identity: contest_id=1108498 teams 1898/1898 matched, players 236/695 matched22026-08-19 12:59:50,068 INFO ncaa_identity: contest_id=1108524 teams 1944/1944 matched, players 265/72026-08-19 22026-08-19 12:59:50,944 INFO ncaa_identity: contest_id=1108539 teams 2130/2130 matched, players 374/882 matched22026-08-19 12:59:51,628 INFO ncaa_identity: contest_id=1108585 teams 1848/1848 matched, players 194/6422026-08-202026-08-19 12:59:52,420 INFO ncaa_identity: contest_id=1108627 teams 1254/2479 matched, players 3470/7019 match20262026-08-19 12:59:53,258 INFO ncaa_identity: contest_id=1108642 teams 1979/1979 matched, players 261/739 matc2026-2026-08-19 12:59:54,000 INFO ncaa_identity: contest_id=1108709 teams 2157/2157 matched, players 370/82026-082026-2026-08-19 12:59:54,811 INFO ncaa_identity: contest_id=1108768 teams 1953/1953 matched, players 414/82026-082026-2026-08-19 12:59:55,843 INFO ncaa_identity: contest_id=1108799 teams 1708/1708 matched, players 101/521 matc2026-2026-08-19 12:59:56,532 INFO ncaa_identity: contest_id=1108831 teams 2120/2120 matched, players 157/2026-08-19 122026-08-19 12:59:57,113 INFO ncaa_identity: contest_id=1108860 teams 1422/1422 matched, players 64/2026-08-19 122026-08-19 12:59:57,918 INFO ncaa_identity: contest_id=1108921 teams 1998/1998 matched, players 72/52026-08-19 12:59:58,727 INFO ncaa_identity: contest_id=1108942 teams 2302/2302 matched, players 162/727 matched
2026-08-19 12:59:59,477 INFO ncaa_identity: contest_id=1108967 teams 1912/1912 matched, players 257/717 matched
2026-08-19 13:00:00,129 INFO ncaa_identity: contest_id=1108996 teams 1091/2201 matched, players 3124/6214 matched
2026-08-19 13:00:01,008 INFO ncaa_identity: contest_id=1109006 teams 2138/2138 matched, players 269/749 matched
2026-08-19 13:00:01,665 INFO ncaa_identity: contest_id=1109029 teams 2150/2150 matched, players 312/828 matched
2026-08-192026-08-19 13:00:02,586 INFO ncaa_identity: contest_id=1109191 teams 2404/2404 matched, players 215/8012026-08-19 13:00:03,386 INFO ncaa_identity: contest_id=1109201 teams 2264/2264 matched, players 363/905 matched
2026-08-19 13:00:04,306 INFO ncaa_identity: contest_id=1109229 teams 2620/2620 matched, players 76/727 matched
2026-08-19 13:00:05,205 INFO ncaa_identity: contest_id=1109251 teams 2144/2144 matched, players 287/806 matched
2026-08-19 13:00:06,056 INFO ncaa_identity: contest_id=1109267 teams 2450/2450 matched, players 381/968 matched
2026-08-19 13:00:06,969 INFO ncaa_identity: contest_id=1109282 teams 2634/2634 matched, players 630/1247 matched
2026-08-19 13:00:07,778 INFO ncaa_identity: contest_id=1109304 teams 1810/1810 matched, players 280/713 matched
2026-08-19 13:00:08,646 INFO ncaa_identity: contest_id=1109323 teams 2672/2672 matched, players 447/1086 matched
2026-08-19 13:00:09,476 INFO ncaa_identity: contest_id=1109352 teams 1952/1952 matched, players 297/765 matched
2026-08-19 13:00:10,185 INFO ncaa_identity: contest_id=1109362 teams 1976/1976 matched, players 212/692 matched
2026-08-2026-08-19 13:00:10,964 INFO ncaa_identity: contest_id=1109370 teams 2053/2053 matched, players 272/769 m2026-08-2026-08-19 13:00:11,913 INFO ncaa_identity: contest_id=1109414 teams 1684/1684 matched, players 235/640 m2026-08-19 13:00:12,962 INFO ncaa_identity: contest_id=1109474 teams 2343/2343 matched, players 523/1073 matched
2026-08-19 13:00:13,808 INFO ncaa_identity: contest_id=1109493 teams 1903/1903 matched, players 300/755 matched
2026-08-19 13:00:14,704 INFO ncaa_identity: contest_id=1109556 teams 2220/2220 matched, players 401/930 matched
2026-08-19 13:00:15,400 INFO ncaa_identity: contest_id=1109579 teams 2044/2044 matched, players 223/695 matched
2026-08-19 13:00:16,149 INFO ncaa_identity: contest_id=1109603 teams 2019/2019 matched, players 359/840 matched
2026-082026-08-19 13:00:16,934 INFO ncaa_identity: contest_id=1109655 teams 1794/1794 matched, players 254/685 ma2026-08-19 13:00:18,003 INFO ncaa_identity: contest_id=1109669 teams 0/2448 matched, players 0/6904 matched
2026-08-19 13:00:18,835 INFO ncaa_identity: contest_id=1109682 teams 2182/2182 matched, players 408/925 matched
2026-08-19 13:00:19,709 INFO ncaa_identity: contest_id=1109700 teams 2311/2311 matched, players 368/923 matched
2026-08-19 13:00:20,413 INFO ncaa_identity: contest_id=1109719 teams 1699/1699 matched, players 279/648 matched
2026-08-19 13:00:21,207 INFO ncaa_identity: contest_id=1109734 teams 1840/1840 matched, players 295/735 matched
2026-08-19 13:00:21,856 INFO ncaa_identity: contest_id=1109744 teams 1842/1842 matched, players 223/642 matched
2026-08-19 13:00:22,844 INFO ncaa_identity: contest_id=1109756 teams 2386/2386 matched, players 320/857 matched
2026-08-19 13:00:23,514 INFO ncaa_identity: contest_id=1109775 teams 1751/1751 matched, players 212/598 matched
2026-08-19 13:00:24,429 INFO ncaa_identity: contest_id=1109797 teams 2508/2508 matched, players 480/1076 matched
2026-08-19 13:00:25,400 INFO ncaa_identity: contest_id=1109828 teams 1900/1900 matched, players 237/696 matched
2026-08-19 13:00:26,032 INFO ncaa_identity: contest_id=1109855 teams 1987/1987 matched, players 314/790 matched
2026-08-19 13:00:26,902 INFO ncaa_identity: contest_id=1109873 teams 2075/2075 matched, players 244/730 matched
2026-08-19 13:00:27,609 INFO ncaa_identity: contest_id=1109887 teams 2051/2051 matched, players 211/709 matched
2026-08-19 13:00:28,472 INFO ncaa_identity: contest_id=1109911 teams 1902/1902 matched, players 275/731 matched
2026-08-19 13:00:29,197 INFO ncaa_identity: contest_id=1109921 teams 1282/2559 matched, players 3618/7212 matched
2026-08-19 13:00:30,001 INFO ncaa_identity: contest_id=1109941 teams 1602/1602 matched, players 150/540 matched
2026-08-19 13:00:30,828 INFO ncaa_identity: contest_id=1109978 teams 1004/2066 matched, players 190/847 matched
2026-08-19 13:00:31,646 INFO ncaa_identity: contest_id=1109988 teams 2000/2000 matched, players 337/814 matched
2026-08-19 13:00:32,435 INFO ncaa_identity: contest_id=1110037 teams 2375/2375 matched, players 413/979 matched
2026-08-19 13:00:33,178 INFO ncaa_identity: contest_id=1110054 teams 1808/1808 matched, players 299/731 matched
2026-08-19 13:00:34,136 INFO ncaa_identity: contest_id=1110113 teams 2130/2130 matched, players 222/740 matched
2026-08-19 13:00:35,182 INFO ncaa_identity: contest_id=1110146 teams 3163/3163 matched, players 772/1517 matched
2026-08-19 13:00:36,032 INFO ncaa_identity: contest_id=1110174 teams 1930/1930 matched, players 349/809 matched
2026-08-19 13:00:36,614 INFO ncaa_identity: contest_id=1110209 teams 1556/1556 matched, players 239/612 matched
2026-08-19 13:00:37,331 INFO ncaa_identity: contest_id=1110238 teams 2062/2062 matched, players 238/737 matched
2026-08-19 13:00:37,919 INFO ncaa_identity: contest_id=1110262 teams 956/1872 matched, players 2331/5272 matched
2026-08-19 13:00:38,564 INFO ncaa_identity: contest_id=1110287 teams 1860/1860 matched, players 174/627 matched
2026-08-19 13:00:39,545 INFO ncaa_identity: contest_id=1110313 teams 2111/2111 matched, players 417/918 matched
2026-08-19 13:00:40,381 INFO ncaa_identity: contest_id=1110349 teams 1227/2391 matched, players 3369/6765 matched
2026-08-19 13:00:41,049 INFO ncaa_identity: contest_id=1110363 teams 2054/2054 matched, players 355/820 matched
2026-08-19 13:00:41,981 INFO ncaa_identity: contest_id=1110397 teams 1636/1636 matched, players 85/488 matched
2026-08-19 13:00:42,750 INFO ncaa_identity: contest_id=1110433 teams 2317/2317 matched, players 426/976 matched
2026-08-19 13:00:43,742 INFO ncaa_identity: contest_id=1110478 teams 1930/1930 matched, players 334/794 matched
2026-08-19 13:00:44,429 INFO ncaa_identity: contest_id=1110524 teams 2051/2051 matched, players 225/723 matched
2026-08-19 13:00:45,431 INFO ncaa_identity: contest_id=1110553 teams 2490/2490 matched, players 279/883 matched
2026-08-19 13:00:46,169 INFO ncaa_identity: contest_id=1110589 teams 1898/1898 matched, players 336/788 matched
2026-08-19 13:00:46,870 INFO ncaa_identity: contest_id=1110605 teams 2069/2069 matched, players 372/865 matched
2026-08-19 13:00:47,762 INFO ncaa_identity: contest_id=1110621 teams 2094/2094 matched, players 386/883 matched
2026-08-19 13:00:48,454 INFO ncaa_identity: contest_id=1110668 teams 1740/1740 matched, players 254/632 matched
2026-08-19 13:00:49,178 INFO ncaa_identity: contest_id=1110709 teams 2286/2286 matched, players 361/907 matched
2026-08-19 13:00:50,013 INFO ncaa_identity: contest_id=1110719 teams 2258/2258 matched, players 372/912 matched
2026-08-19 13:00:50,787 INFO ncaa_identity: contest_id=1110729 teams 1928/1928 matched, players 319/780 matched
2026-08-19 13:00:51,410 INFO ncaa_identity: contest_id=1110761 teams 1724/1724 matched, players 165/585 matched
2026-08-19 13:00:52,295 INFO ncaa_identity: contest_id=1110804 teams 777/1774 matched, players 47/504 matched
2026-08-19 13:00:53,046 INFO ncaa_identity: contest_id=1110850 teams 2000/2000 matched, players 268/749 matched
2026-08-19 13:00:53,765 INFO ncaa_identity: contest_id=1110900 teams 2082/2082 matched, players 128/639 matched
2026-08-19 13:00:54,568 INFO ncaa_identity: contest_id=1110948 teams 1918/1918 matched, players 268/729 matched
2026-08-19 13:00:55,303 INFO ncaa_identity: contest_id=1110958 teams 1871/1871 matched, players 281/730 matched
2026-08-19 13:00:55,972 INFO ncaa_identity: contest_id=1110968 teams 2155/2155 matched, players 177/703 matched
2026-08-19 13:00:56,790 INFO ncaa_identity: contest_id=1110978 teams 2020/2020 matched, players 298/783 matched
2026-08-19 13:00:57,588 INFO ncaa_identity: contest_id=1110988 teams 1032/2177 matched, players 126/842 matched
2026-08-19 13:00:58,196 INFO ncaa_identity: contest_id=1111035 teams 1987/1987 matched, players 315/790 matched
2026-08-19 13:00:58,752 INFO ncaa_identity: contest_id=1111052 teams 1532/1532 matched, players 240/585 matched
2026-08-19 13:00:59,584 INFO ncaa_identity: contest_id=1111086 teams 2140/2140 matched, players 167/690 matched
2026-08-19 13:01:00,269 INFO ncaa_identity: contest_id=1111140 teams 2094/2094 matched, players 274/779 matched
2026-08-19 13:01:01,146 INFO ncaa_identity: contest_id=1111208 teams 2238/2238 matched, players 366/900 matched
2026-08-19 13:01:01,832 INFO ncaa_identity: contest_id=1111257 teams 2278/2278 matched, players 469/1009 matched
2026-08-19 13:01:02,575 INFO ncaa_identity: contest_id=1111355 teams 1893/1893 matched, players 259/714 matched
2026-08-19 13:01:03,371 INFO ncaa_identity: contest_id=1111370 teams 1773/1773 matched, players 221/649 matched
2026-08-19 13:01:04,183 INFO ncaa_identity: contest_id=1111383 teams 1183/2319 matched, players 3274/6537 matched
2026-08-19 13:01:04,926 INFO ncaa_identity: contest_id=1111407 teams 2300/2300 matched, players 321/874 matched
2026-08-19 13:01:05,789 INFO ncaa_identity: contest_id=1111423 teams 1975/1975 matched, players 240/719 matched
2026-08-19 13:01:06,500 INFO ncaa_identity: contest_id=1111467 teams 2013/2013 matched, players 185/676 matched
2026-08-19 13:01:07,395 INFO ncaa_identity: contest_id=1111486 teams 2052/2052 matched, players 319/811 matched
2026-08-19 13:01:07,947 INFO ncaa_identity: contest_id=1111527 teams 1564/1564 matched, players 158/509 matched
2026-08-19 13:01:08,747 INFO ncaa_identity: contest_id=1111574 teams 2206/2206 matched, players 280/813 matched
2026-08-19 13:01:09,390 INFO ncaa_identity: contest_id=1111589 teams 1891/1891 matched, players 291/744 matched
2026-08-19 13:01:10,185 INFO ncaa_identity: contest_id=1111611 teams 1045/2026 matched, players 2863/5676 matched
2026-08-19 13:01:10,897 INFO ncaa_identity: contest_id=1111655 teams 860/1824 matched, players 116/583 matched
2026-08-19 13:01:11,585 INFO ncaa_identity: contest_id=1111667 teams 2029/2029 matched, players 344/827 matched
2026-08-19 13:01:12,426 INFO ncaa_identity: contest_id=1111705 teams 1808/1808 matched, players 269/702 matched
2026-08-19 13:01:13,310 INFO ncaa_identity: contest_id=1111732 teams 1372/2509 matched, players 136/1018 matched
2026-08-19 13:01:13,978 INFO ncaa_identity: contest_id=1111801 teams 1162/2364 matched, players 3265/6622 matched
2026-08-19 13:01:14,760 INFO ncaa_identity: contest_id=1111843 teams 1009/2073 matched, players 2887/5827 matched
2026-08-19 13:01:15,424 INFO ncaa_identity: contest_id=1111871 teams 1000/1914 matched, players 204/815 matched
2026-08-19 13:01:16,089 INFO ncaa_identity: contest_id=1111887 teams 1899/1899 matched, players 201/663 matched
2026-08-19 13:01:16,931 INFO ncaa_identity: contest_id=1111904 teams 1155/1907 matched, players 115/722 matched
2026-08-19 13:01:17,639 INFO ncaa_identity: contest_id=1111934 teams 2207/2207 matched, players 356/856 matched
2026-08-19 13:01:18,469 INFO ncaa_identity: contest_id=1111967 teams 2115/2115 matched, players 240/753 matched
2026-08-19 13:01:19,272 INFO ncaa_identity: contest_id=1111983 teams 1996/1996 matched, players 307/785 matched
2026-08-19 13:01:20,051 INFO ncaa_identity: contest_id=1112051 teams 2183/2183 matched, players 357/860 matched
2026-08-19 13:01:20,954 INFO ncaa_identity: contest_id=1112068 teams 2064/2064 matched, players 408/898 matched
2026-08-19 13:01:21,488 INFO ncaa_identity: contest_id=1112103 teams 1574/1574 matched, players 126/510 matched
2026-08-19 13:01:22,306 INFO ncaa_identity: contest_id=1112170 teams 2503/2503 matched, players 457/1053 matched
2026-08-19 13:01:23,024 INFO ncaa_identity: contest_id=1112193 teams 1836/1836 matched, players 192/637 matched
2026-08-19 13:01:23,946 INFO ncaa_identity: contest_id=1112210 teams 2052/2052 matched, players 223/721 matched
2026-08-19 13:01:24,559 INFO ncaa_identity: contest_id=1112220 teams 1930/1930 matched, players 339/801 matched
2026-08-19 13:01:25,363 INFO ncaa_identity: contest_id=1112253 teams 2386/2386 matched, players 421/991 matched
2026-08-19 13:01:26,190 INFO ncaa_identity: contest_id=1112286 teams 1233/2473 matched, players 3543/6942 matched
2026-08-19 13:01:26,932 INFO ncaa_identity: contest_id=1112319 teams 2148/2148 matched, players 369/881 matched
2026-08-19 13:01:27,857 INFO ncaa_identity: contest_id=1112354 teams 2370/2370 matched, players 417/982 matched
2026-08-19 13:01:28,545 INFO ncaa_identity: contest_id=1112367 teams 961/1897 matched, players 2452/5324 matched
2026-08-19 13:01:29,267 INFO ncaa_identity: contest_id=1112377 teams 1982/1982 matched, players 106/594 matched
2026-08-19 13:01:30,061 INFO ncaa_identity: contest_id=1112393 teams 2084/2084 matched, players 383/879 matched
2026-08-19 13:01:30,693 INFO ncaa_identity: contest_id=1112418 teams 1722/1722 matched, players 205/621 matched
2026-08-19 13:01:31,287 INFO ncaa_identity: contest_id=1112438 teams 1750/1750 matched, players 96/526 matched
2026-08-19 13:01:32,362 INFO ncaa_identity: contest_id=1112490 teams 2234/2234 matched, players 461/989 matched
2026-08-19 13:01:33,087 INFO ncaa_identity: contest_id=1112537 teams 1883/1883 matched, players 171/612 matched
2026-08-19 13:01:33,716 INFO ncaa_identity: contest_id=1112553 teams 1057/2034 matched, players 216/849 matched
2026-08-19 13:01:34,549 INFO ncaa_identity: contest_id=1112572 teams 1982/1982 matched, players 184/666 matched
2026-08-19 13:01:35,311 INFO ncaa_identity: contest_id=1112594 teams 2469/2469 matched, players 540/1122 matched
2026-08-19 13:01:36,008 INFO ncaa_identity: contest_id=1112604 teams 1972/1972 matched, players 209/688 matched
2026-08-19 13:01:36,876 INFO ncaa_identity: contest_id=1112619 teams 1891/1891 matched, players 315/767 matched
2026-08-19 13:01:37,616 INFO ncaa_identity: contest_id=1112632 teams 2325/2325 matched, players 399/952 matched
2026-08-19 13:01:38,342 INFO ncaa_identity: contest_id=1112646 teams 2004/2004 matched, players 312/792 matched
2026-08-19 13:01:39,194 INFO ncaa_identity: contest_id=1112658 teams 1926/1926 matched, players 278/742 matched
2026-08-19 13:01:39,852 INFO ncaa_identity: contest_id=1112684 teams 1041/2018 matched, players 2891/5691 matched
2026-08-19 13:01:40,453 INFO ncaa_identity: contest_id=1112743 teams 1766/1766 matched, players 223/649 matched
2026-08-19 13:01:41,444 INFO ncaa_identity: contest_id=1112768 teams 1302/2616 matched, players 3641/7399 matched
2026-08-19 13:01:42,259 INFO ncaa_identity: contest_id=1112781 teams 2029/2029 matched, players 314/801 matched
2026-08-19 13:01:42,961 INFO ncaa_identity: contest_id=1112819 teams 2144/2144 matched, players 244/709 matched
2026-08-19 13:01:43,856 INFO ncaa_identity: contest_id=1112832 teams 1116/2256 matched, players 3214/6317 matched
2026-08-19 13:01:44,532 INFO ncaa_identity: contest_id=1112848 teams 1974/1974 matched, players 320/792 matched
2026-08-19 13:01:45,135 INFO ncaa_identity: contest_id=1112860 teams 1654/1654 matched, players 198/597 matched
2026-08-19 13:01:45,880 INFO ncaa_identity: contest_id=1112894 teams 1870/1870 matched, players 168/624 matched
2026-08-19 13:01:46,532 INFO ncaa_identity: contest_id=1112908 teams 2219/2219 matched, players 289/823 matched
2026-08-19 13:01:47,318 INFO ncaa_identity: contest_id=1112921 teams 1206/2332 matched, players 3341/6506 matched
2026-08-19 13:01:48,291 INFO ncaa_identity: contest_id=1112934 teams 2126/2126 matched, players 197/716 matched
2026-08-19 13:01:48,990 INFO ncaa_identity: contest_id=1112944 teams 2419/2419 matched, players 561/1088 matched
2026-08-19 13:01:49,981 INFO ncaa_identity: contest_id=1112954 teams 2718/2718 matched, players 497/1145 matched
2026-08-19 13:01:50,649 INFO ncaa_identity: contest_id=1112964 teams 2045/2045 matched, players 135/630 matched
2026-08-19 13:01:51,294 INFO ncaa_identity: contest_id=1112977 teams 2103/2103 matched, players 113/631 matched
2026-08-19 13:01:52,206 INFO ncaa_identity: contest_id=1113001 teams 926/1927 matched, players 103/726 matched
2026-08-19 13:01:52,886 INFO ncaa_identity: contest_id=1113014 teams 2132/2132 matched, players 335/844 matched
2026-08-19 13:01:53,586 INFO ncaa_identity: contest_id=1113024 teams 1855/1855 matched, players 308/752 matched
2026-08-19 13:01:54,454 INFO ncaa_identity: contest_id=1113034 teams 884/1962 matched, players 109/773 matched
2026-08-19 13:01:55,199 INFO ncaa_identity: contest_id=1113045 teams 2051/2051 matched, players 329/819 matched
2026-08-19 13:01:55,793 INFO ncaa_identity: contest_id=1113057 teams 1716/1716 matched, players 115/536 matched
2026-08-19 13:01:56,554 INFO ncaa_identity: contest_id=1113068 teams 1802/1802 matched, players 284/715 matched
2026-08-19 13:01:57,315 INFO ncaa_identity: contest_id=1113080 teams 1596/1596 matched, players 180/568 matched
2026-08-19 13:01:58,042 INFO ncaa_identity: contest_id=1113094 teams 885/2045 matched, players 12/550 matched
2026-08-19 13:01:58,914 INFO ncaa_identity: contest_id=1113110 teams 1029/2022 matched, players 2606/5679 matched
2026-08-19 13:01:59,893 INFO ncaa_identity: contest_id=1113121 teams 2073/2073 matched, players 405/898 matched
2026-08-19 13:02:00,465 INFO ncaa_identity: contest_id=1113133 teams 1572/1572 matched, players 224/602 matched
2026-08-19 13:02:01,364 INFO ncaa_identity: contest_id=1113147 teams 1849/1849 matched, players 184/633 matched
2026-08-19 13:02:02,124 INFO ncaa_identity: contest_id=1113176 teams 2008/2008 matched, players 407/861 matched
2026-08-19 13:02:02,733 INFO ncaa_identity: contest_id=1113190 teams 1758/1758 matched, players 240/663 matched
2026-08-19 13:02:03,647 INFO ncaa_identity: contest_id=1113216 teams 2046/2046 matched, players 396/882 matched
2026-08-19 13:02:04,369 INFO ncaa_identity: contest_id=1113228 teams 2155/2155 matched, players 273/793 matched
2026-08-19 13:02:04,908 INFO ncaa_identity: contest_id=1113247 teams 1361/1361 matched, players 17/316 matched
2026-08-19 13:02:05,696 INFO ncaa_identity: contest_id=1113261 teams 1756/1756 matched, players 105/536 matched
2026-08-19 13:02:06,577 INFO ncaa_identity: contest_id=1113342 teams 2763/2763 matched, players 537/1193 matched
2026-08-19 13:02:07,472 INFO ncaa_identity: contest_id=1113360 teams 2192/2192 matched, players 369/893 matched
2026-08-19 13:02:08,347 INFO ncaa_identity: contest_id=1113390 teams 2324/2324 matched, players 329/888 matched
2026-08-19 13:02:09,114 INFO ncaa_identity: contest_id=1113406 teams 2355/2355 matched, players 305/873 matched
2026-08-19 13:02:10,068 INFO ncaa_identity: contest_id=1113426 teams 2459/2459 matched, players 308/871 matched
2026-08-19 13:02:10,664 INFO ncaa_identity: contest_id=1113439 teams 2138/2138 matched, players 334/846 matched
2026-08-19 13:02:11,366 INFO ncaa_identity: contest_id=1113522 teams 1937/1937 matched, players 270/738 matched
2026-08-19 13:02:12,378 INFO ncaa_identity: contest_id=1113544 teams 2197/2197 matched, players 324/853 matched
2026-08-19 13:02:13,016 INFO ncaa_identity: contest_id=1113556 teams 1942/1942 matched, players 361/822 matched
2026-08-19 13:02:13,919 INFO ncaa_identity: contest_id=1113568 teams 1881/1881 matched, players 206/662 matched
2026-08-19 13:02:14,717 INFO ncaa_identity: contest_id=1113581 teams 1959/1959 matched, players 115/557 matched
2026-08-19 13:02:15,475 INFO ncaa_identity: contest_id=1113601 teams 2220/2220 matched, players 339/871 matched
2026-08-19 13:02:16,451 INFO ncaa_identity: contest_id=1113634 teams 1974/1974 matched, players 412/877 matched
2026-08-19 13:02:17,238 INFO ncaa_identity: contest_id=1113648 teams 1654/1654 matched, players 210/608 matched
2026-08-19 13:02:18,097 INFO ncaa_identity: contest_id=1113663 teams 2094/2094 matched, players 179/690 matched
2026-08-19 13:02:18,968 INFO ncaa_identity: contest_id=1113681 teams 2604/2604 matched, players 381/977 matched
2026-08-19 13:02:19,565 INFO ncaa_identity: contest_id=1113706 teams 1693/1693 matched, players 290/693 matched
2026-08-19 13:02:20,198 INFO ncaa_identity: contest_id=1113720 teams 1986/1986 matched, players 262/740 matched
2026-08-19 13:02:21,106 INFO ncaa_identity: contest_id=1113731 teams 1038/2102 matched, players 2942/5932 matched
2026-08-19 13:02:21,983 INFO ncaa_identity: contest_id=1113741 teams 1976/1976 matched, players 401/868 matched
2026-08-19 13:02:22,809 INFO ncaa_identity: contest_id=1113768 teams 2506/2506 matched, players 516/1107 matched
2026-08-19 13:02:23,763 INFO ncaa_identity: contest_id=1113782 teams 2185/2185 matched, players 458/975 matched
2026-08-19 13:02:24,536 INFO ncaa_identity: contest_id=1113794 teams 1906/1906 matched, players 127/594 matched
2026-08-19 13:02:25,334 INFO ncaa_identity: contest_id=1113920 teams 1724/1724 matched, players 221/636 matched
2026-08-19 13:02:26,045 INFO ncaa_identity: contest_id=1113947 teams 1864/1864 matched, players 362/804 matched
2026-08-19 13:02:26,681 INFO ncaa_identity: contest_id=1113965 teams 1649/1649 matched, players 219/616 matched
2026-08-19 13:02:27,691 INFO ncaa_identity: contest_id=1114023 teams 2317/2317 matched, players 328/850 matched
2026-08-19 13:02:28,484 INFO ncaa_identity: contest_id=1114040 teams 2295/2295 matched, players 297/851 matched
2026-08-19 13:02:29,154 INFO ncaa_identity: contest_id=1114051 teams 1978/1978 matched, players 239/714 matched
2026-08-19 13:02:30,211 INFO ncaa_identity: contest_id=1114066 teams 2056/2056 matched, players 281/774 matched
2026-08-19 13:02:30,987 INFO ncaa_identity: contest_id=1114128 teams 1846/1846 matched, players 268/687 matched
2026-08-19 13:02:31,794 INFO ncaa_identity: contest_id=1114139 teams 2295/2295 matched, players 336/888 matched
2026-08-19 13:02:32,763 INFO ncaa_identity: contest_id=1114183 teams 1843/1843 matched, players 323/763 matched
2026-08-19 13:02:33,575 INFO ncaa_identity: contest_id=1114228 teams 2196/2196 matched, players 275/806 matched
2026-08-19 13:02:34,381 INFO ncaa_identity: contest_id=1114252 teams 2118/2118 matched, players 261/772 matched
2026-08-19 13:02:35,461 INFO ncaa_identity: contest_id=1114276 teams 2241/2241 matched, players 438/969 matched
2026-08-19 13:02:36,103 INFO ncaa_identity: contest_id=1114299 teams 1894/1894 matched, players 356/805 matched
2026-08-19 13:02:36,882 INFO ncaa_identity: contest_id=1114379 teams 1998/1998 matched, players 286/766 matched
2026-08-19 13:02:37,730 INFO ncaa_identity: contest_id=1114390 teams 1901/1901 matched, players 229/689 matched
2026-08-19 13:02:38,276 INFO ncaa_identity: contest_id=1114427 teams 931/1659 matched, players 146/585 matched
2026-08-19 13:02:39,059 INFO ncaa_identity: contest_id=1114454 teams 2065/2065 matched, players 261/760 matched
2026-08-19 13:02:39,798 INFO ncaa_identity: contest_id=1114474 teams 2017/2017 matched, players 287/772 matched
2026-08-19 13:02:40,888 INFO ncaa_identity: contest_id=1114513 teams 1130/2226 matched, players 213/801 matched
2026-08-19 13:02:41,617 INFO ncaa_identity: contest_id=1114534 teams 2030/2030 matched, players 214/706 matched
2026-08-19 13:02:42,350 INFO ncaa_identity: contest_id=1114581 teams 1968/1968 matched, players 230/706 matched
2026-08-19 13:02:43,346 INFO ncaa_identity: contest_id=1114620 teams 2040/2040 matched, players 349/834 matched
2026-08-19 13:02:44,150 INFO ncaa_identity: contest_id=1114637 teams 1582/1582 matched, players 135/521 matched
2026-08-19 13:02:44,939 INFO ncaa_identity: contest_id=1114658 teams 1876/1876 matched, players 237/690 matched
2026-08-19 13:02:45,824 INFO ncaa_identity: contest_id=1114669 teams 2852/2852 matched, players 462/1146 matched
2026-08-19 13:02:46,809 INFO ncaa_identity: contest_id=1114686 teams 2171/2171 matched, players 375/893 matched
2026-08-19 13:02:47,934 INFO ncaa_identity: contest_id=1114718 teams 2171/2171 matched, players 367/887 matched
2026-08-19 13:02:48,627 INFO ncaa_identity: contest_id=1114773 teams 2035/2035 matched, players 337/823 matched
2026-08-19 13:02:49,431 INFO ncaa_identity: contest_id=1114783 teams 1948/1948 matched, players 353/816 matched
2026-08-19 13:02:50,161 INFO ncaa_identity: contest_id=1114807 teams 2480/2480 matched, players 535/1118 matched
2026-08-19 13:02:50,919 INFO ncaa_identity: contest_id=1114832 teams 1870/1870 matched, players 241/691 matched
2026-08-19 13:02:51,696 INFO ncaa_identity: contest_id=1114937 teams 1838/1838 matched, players 246/688 matched
2026-08-19 13:02:52,502 INFO ncaa_identity: contest_id=1114948 teams 2261/2261 matched, players 392/877 matched
2026-08-19 13:02:53,119 INFO ncaa_identity: contest_id=1114988 teams 2046/2046 matched, players 422/904 matched
2026-08-19 13:02:54,015 INFO ncaa_identity: contest_id=1115058 teams 1994/1994 matched, players 398/869 matched
2026-08-19 13:02:54,720 INFO ncaa_identity: contest_id=1115071 teams 2012/2012 matched, players 387/864 matched
2026-08-19 13:02:55,395 INFO ncaa_identity: contest_id=1115098 teams 1908/1908 matched, players 251/710 matched
2026-08-19 13:02:56,422 INFO ncaa_identity: contest_id=1115116 teams 1698/1698 matched, players 115/531 matched
2026-08-19 13:02:57,136 INFO ncaa_identity: contest_id=1115145 teams 1866/1866 matched, players 222/672 matched
2026-08-19 13:02:57,872 INFO ncaa_identity: contest_id=1115170 teams 1688/1688 matched, players 270/674 matched
2026-08-19 13:02:58,492 INFO ncaa_identity: contest_id=1115205 teams 2016/2016 matched, players 212/679 matched
2026-08-19 13:02:59,542 INFO ncaa_identity: contest_id=1115271 teams 2082/2082 matched, players 407/899 matched
2026-08-19 13:03:00,398 INFO ncaa_identity: contest_id=1115305 teams 2177/2177 matched, players 298/822 matched
2026-08-19 13:03:01,232 INFO ncaa_identity: contest_id=1115337 teams 2111/2111 matched, players 298/806 matched
2026-08-19 13:03:02,062 INFO ncaa_identity: contest_id=1115368 teams 2625/2625 matched, players 356/989 matched
2026-08-19 13:03:02,627 INFO ncaa_identity: contest_id=1115411 teams 1622/1622 matched, players 163/557 matched
2026-08-19 13:03:03,684 INFO ncaa_identity: contest_id=1115428 teams 2108/2108 matched, players 181/695 matched
2026-08-19 13:03:04,487 INFO ncaa_identity: contest_id=1115502 teams 2082/2082 matched, players 334/832 matched
2026-08-19 13:03:05,162 INFO ncaa_identity: contest_id=1115513 teams 1968/1968 matched, players 349/817 matched
2026-08-19 13:03:06,215 INFO ncaa_identity: contest_id=1115539 teams 2300/2300 matched, players 371/924 matched
2026-08-19 13:03:06,819 INFO ncaa_identity: contest_id=1115574 teams 941/2138 matched, players 95/761 matched
2026-08-19 13:03:07,790 INFO ncaa_identity: contest_id=1115585 teams 1872/1872 matched, players 251/701 matched
2026-08-19 13:03:08,464 INFO ncaa_identity: contest_id=1115609 teams 2033/2033 matched, players 336/821 matched
2026-08-19 13:03:09,185 INFO ncaa_identity: contest_id=1115649 teams 2048/2048 matched, players 309/801 matched
2026-08-19 13:03:10,258 INFO ncaa_identity: contest_id=1115712 teams 1926/1926 matched, players 126/599 matched
2026-08-19 13:03:10,824 INFO ncaa_identity: contest_id=1115755 teams 1792/1792 matched, players 232/650 matched
2026-08-19 13:03:11,721 INFO ncaa_identity: contest_id=1115774 teams 1844/1844 matched, players 245/689 matched
2026-08-19 13:03:12,580 INFO ncaa_identity: contest_id=1115784 teams 1810/1810 matched, players 100/545 matched
2026-08-19 13:03:13,259 INFO ncaa_identity: contest_id=1115794 teams 1842/1842 matched, players 304/743 matched
2026-08-19 13:03:14,468 INFO ncaa_identity: contest_id=1115810 teams 2420/2420 matched, players 293/877 matched
2026-08-19 13:03:15,224 INFO ncaa_identity: contest_id=1115820 teams 2108/2108 matched, players 418/917 matched
2026-08-19 13:03:16,316 INFO ncaa_identity: contest_id=1115846 teams 2409/2409 matched, players 457/1033 matched
2026-08-19 13:03:17,077 INFO ncaa_identity: contest_id=1115856 teams 2300/2300 matched, players 357/908 matched
2026-08-19 13:03:17,780 INFO ncaa_identity: contest_id=1115887 teams 1810/1810 matched, players 257/691 matched
2026-08-19 13:03:18,579 INFO ncaa_identity: contest_id=1115946 teams 2011/2011 matched, players 329/809 matched
2026-08-19 13:03:19,413 INFO ncaa_identity: contest_id=1115977 teams 2259/2259 matched, players 360/899 matched
2026-08-19 13:03:20,074 INFO ncaa_identity: contest_id=1115998 teams 1929/1929 matched, players 198/622 matched
2026-08-19 13:03:20,977 INFO ncaa_identity: contest_id=1116008 teams 2182/2182 matched, players 468/982 matched
2026-08-19 13:03:21,662 INFO ncaa_identity: contest_id=1116068 teams 1966/1966 matched, players 280/751 matched
2026-08-19 13:03:22,574 INFO ncaa_identity: contest_id=1116163 teams 2174/2174 matched, players 310/833 matched
2026-08-19 13:03:23,531 INFO ncaa_identity: contest_id=1116189 teams 2225/2225 matched, players 212/754 matched
2026-08-19 13:03:24,273 INFO ncaa_identity: contest_id=1116203 teams 2004/2004 matched, players 323/779 matched
2026-08-19 13:03:25,216 INFO ncaa_identity: contest_id=1116213 teams 2194/2194 matched, players 290/819 matched
2026-08-19 13:03:26,065 INFO ncaa_identity: contest_id=1116325 teams 2291/2291 matched, players 308/861 matched
2026-08-19 13:03:26,906 INFO ncaa_identity: contest_id=1116348 teams 2426/2426 matched, players 416/1063 matched
2026-08-19 13:03:27,937 INFO ncaa_identity: contest_id=1116433 teams 2243/2243 matched, players 340/875 matched
2026-08-19 13:03:28,798 INFO ncaa_identity: contest_id=1116464 teams 2255/2255 matched, players 321/864 matched
2026-08-19 13:03:29,640 INFO ncaa_identity: contest_id=1116478 teams 2070/2070 matched, players 324/819 matched
2026-08-19 13:03:30,444 INFO ncaa_identity: contest_id=1116498 teams 1903/1903 matched, players 208/670 matched
2026-08-19 13:03:31,172 INFO ncaa_identity: contest_id=1116514 teams 2182/2182 matched, players 414/933 matched
2026-08-19 13:03:31,998 INFO ncaa_identity: contest_id=1116563 teams 1938/1938 matched, players 123/598 matched
2026-08-19 13:03:32,686 INFO ncaa_identity: contest_id=1116606 teams 1831/1831 matched, players 279/718 matched
2026-08-19 13:03:33,634 INFO ncaa_identity: contest_id=1116620 teams 2005/2005 matched, players 284/778 matched
2026-08-19 13:03:34,308 INFO ncaa_identity: contest_id=1116631 teams 1978/1978 matched, players 295/769 matched
2026-08-19 13:03:35,078 INFO ncaa_identity: contest_id=1116664 teams 1785/1785 matched, players 94/533 matched
2026-08-19 13:03:35,940 INFO ncaa_identity: contest_id=1116680 teams 2018/2018 matched, players 252/740 matched
2026-08-19 13:03:36,733 INFO ncaa_identity: contest_id=1116755 teams 1810/1810 matched, players 170/610 matched
2026-08-19 13:03:37,260 INFO ncaa_identity: contest_id=1116809 teams 1568/1568 matched, players 187/565 matched
2026-08-19 13:03:37,985 INFO ncaa_identity: contest_id=1116829 teams 1741/1741 matched, players 167/591 matched
2026-08-19 13:03:38,697 INFO ncaa_identity: contest_id=1116924 teams 1838/1838 matched, players 395/827 matched
2026-08-19 13:03:39,301 INFO ncaa_identity: contest_id=1116947 teams 1994/1994 matched, players 256/736 matched
2026-08-19 13:03:40,245 INFO ncaa_identity: contest_id=1116989 teams 2214/2214 matched, players 434/959 matched
2026-08-19 13:03:40,929 INFO ncaa_identity: contest_id=1117014 teams 2244/2244 matched, players 420/953 matched
2026-08-19 13:03:41,689 INFO ncaa_identity: contest_id=1117027 teams 1772/1772 matched, players 181/611 matched
2026-08-19 13:03:42,482 INFO ncaa_identity: contest_id=1117043 teams 1913/1913 matched, players 256/717 matched
2026-08-19 13:03:43,222 INFO ncaa_identity: contest_id=1117053 teams 1713/1713 matched, players 244/656 matched
2026-08-19 13:03:43,883 INFO ncaa_identity: contest_id=1117080 teams 1717/1717 matched, players 241/654 matched
2026-08-19 13:03:44,597 INFO ncaa_identity: contest_id=1117096 teams 1962/1962 matched, players 276/748 matched
2026-08-19 13:03:45,462 INFO ncaa_identity: contest_id=1117106 teams 2166/2166 matched, players 359/876 matched
2026-08-19 13:03:46,232 INFO ncaa_identity: contest_id=1117148 teams 2448/2448 matched, players 533/1109 matched
2026-08-19 13:03:47,075 INFO ncaa_identity: contest_id=1117166 teams 2025/2025 matched, players 420/899 matched
2026-08-19 13:03:47,733 INFO ncaa_identity: contest_id=1117197 teams 2178/2178 matched, players 184/716 matched
2026-08-19 13:03:48,479 INFO ncaa_identity: contest_id=1117272 teams 2312/2312 matched, players 327/882 matched
2026-08-19 13:03:49,425 INFO ncaa_identity: contest_id=1117290 teams 2197/2197 matched, players 308/837 matched
2026-08-19 13:03:50,174 INFO ncaa_identity: contest_id=1117324 teams 2306/2306 matched, players 246/805 matched
2026-08-19 13:03:50,772 INFO ncaa_identity: contest_id=1117339 teams 1816/1816 matched, players 142/586 matched
2026-08-19 13:03:51,800 INFO ncaa_identity: contest_id=1117384 teams 2062/2062 matched, players 343/836 matched
2026-08-19 13:03:52,297 INFO ncaa_identity: contest_id=1117406 teams 1446/1446 matched, players 79/435 matched
2026-08-19 13:03:53,403 INFO ncaa_identity: contest_id=1117450 teams 2463/2463 matched, players 419/1007 matched
2026-08-19 13:03:54,065 INFO ncaa_identity: contest_id=1117513 teams 2006/2006 matched, players 253/737 matched
2026-08-19 13:03:54,586 INFO ncaa_identity: contest_id=1117553 teams 1718/1718 matched, players 146/565 matched
2026-08-19 13:03:56,189 INFO ncaa_identity: contest_id=1117590 teams 2250/2250 matched, players 326/866 matched
2026-08-19 13:03:56,929 INFO ncaa_identity: contest_id=1117638 teams 2277/2277 matched, players 288/837 matched
2026-08-19 13:03:57,629 INFO ncaa_identity: contest_id=1117648 teams 1802/1802 matched, players 236/670 matched
2026-08-19 13:03:58,361 INFO ncaa_identity: contest_id=1117685 teams 1694/1694 matched, players 172/583 matched
2026-08-19 13:03:58,934 INFO ncaa_identity: contest_id=1117707 teams 1774/1774 matched, players 312/734 matched
2026-08-19 13:04:00,076 INFO ncaa_identity: contest_id=1117739 teams 2338/2338 matched, players 434/990 matched
2026-08-19 13:04:00,621 INFO ncaa_identity: contest_id=1117757 teams 1546/1546 matched, players 192/565 matched
2026-08-19 13:04:01,278 INFO ncaa_identity: contest_id=1117770 teams 2072/2072 matched, players 275/773 matched
2026-08-19 13:04:02,161 INFO ncaa_identity: contest_id=1117844 teams 2076/2076 matched, players 365/860 matched
2026-08-19 13:04:02,988 INFO ncaa_identity: contest_id=1117884 teams 2484/2484 matched, players 403/997 matched
2026-08-19 13:04:03,662 INFO ncaa_identity: contest_id=1117920 teams 1006/1917 matched, players 175/768 matched
2026-08-19 13:04:04,549 INFO ncaa_identity: contest_id=1117944 teams 1915/1915 matched, players 154/622 matched
2026-08-19 13:04:05,176 INFO ncaa_identity: contest_id=1117967 teams 2344/2344 matched, players 495/1049 matched
2026-08-19 13:04:06,162 INFO ncaa_identity: contest_id=1118015 teams 1926/1926 matched, players 332/790 matched
2026-08-19 13:04:06,970 INFO ncaa_identity: contest_id=1118041 teams 2258/2258 matched, players 294/840 matched
2026-08-19 13:04:07,791 INFO ncaa_identity: contest_id=1118051 teams 2011/2011 matched, players 218/710 matched
2026-08-19 13:04:08,823 INFO ncaa_identity: contest_id=1118076 teams 2120/2120 matched, players 273/784 matched
2026-08-19 13:04:09,467 INFO ncaa_identity: contest_id=1118109 teams 1722/1722 matched, players 291/701 matched
2026-08-19 13:04:10,217 INFO ncaa_identity: contest_id=1118120 teams 2184/2184 matched, players 407/925 matched
2026-08-19 13:04:10,982 INFO ncaa_identity: contest_id=1118143 teams 2085/2085 matched, players 224/730 matched
2026-08-19 13:04:11,623 INFO ncaa_identity: contest_id=1118167 teams 1728/1728 matched, players 143/565 matched
2026-08-19 13:04:12,382 INFO ncaa_identity: contest_id=1118185 teams 2212/2212 matched, players 435/961 matched
2026-08-19 13:04:13,224 INFO ncaa_identity: contest_id=1118294 teams 2095/2095 matched, players 353/853 matched
2026-08-19 13:04:13,840 INFO ncaa_identity: contest_id=1118304 teams 1928/1928 matched, players 158/629 matched
2026-08-19 13:04:14,550 INFO ncaa_identity: contest_id=1118317 teams 982/2104 matched, players 98/831 matched
2026-08-19 13:04:15,104 INFO ncaa_identity: contest_id=1118338 teams 1690/1690 matched, players 137/550 matched
2026-08-19 13:04:15,905 INFO ncaa_identity: contest_id=1118364 teams 1412/1412 matched, players 181/521 matched
2026-08-19 13:04:16,523 INFO ncaa_identity: contest_id=1118396 teams 2022/2022 matched, players 275/762 matched
2026-08-19 13:04:17,347 INFO ncaa_identity: contest_id=1118465 teams 2424/2424 matched, players 311/896 matched
2026-08-19 13:04:18,302 INFO ncaa_identity: contest_id=1118482 teams 2066/2066 matched, players 306/801 matched
2026-08-19 13:04:18,402 INFO 5 starters not found for period 1; using estimate
2026-08-19 13:04:18,402 INFO 5 starters not found for period 1; using estimate
2026-08-19 13:04:18,403 INFO 5 starters not found for period 2; using estimate
2026-08-19 13:04:18,403 INFO 5 starters not found for period 2; using estimate
2026-08-19 13:04:18,403 INFO 5 starters not found for period 3; using estimate
2026-08-19 13:04:18,403 INFO 5 starters not found for period 3; using estimate
2026-08-19 13:04:19,130 INFO ncaa_identity: contest_id=1118580 teams 2410/2410 matched, players 1000/3827 matched
2026-08-19 13:04:20,130 INFO ncaa_identity: contest_id=1118623 teams 2044/2044 matched, players 399/885 matched
2026-08-19 13:04:20,876 INFO ncaa_identity: contest_id=1118633 teams 2010/2010 matched, players 318/799 matched
2026-08-19 13:04:21,621 INFO ncaa_identity: contest_id=1118656 teams 2302/2302 matched, players 371/921 matched
2026-08-19 13:04:22,682 INFO ncaa_identity: contest_id=1118711 teams 2104/2104 matched, players 374/876 matched
2026-08-19 13:04:23,574 INFO ncaa_identity: contest_id=1118730 teams 1996/1996 matched, players 138/628 matched
2026-08-19 13:04:24,191 INFO ncaa_identity: contest_id=1118784 teams 1676/1676 matched, players 277/677 matched
2026-08-19 13:04:25,097 INFO ncaa_identity: contest_id=1118795 teams 1754/1754 matched, players 100/532 matched
2026-08-19 13:04:25,832 INFO ncaa_identity: contest_id=1118809 teams 1943/1943 matched, players 316/783 matched
2026-08-19 13:04:26,722 INFO ncaa_identity: contest_id=1118819 teams 1825/1825 matched, players 268/706 matched
2026-08-19 13:04:27,493 INFO ncaa_identity: contest_id=1118848 teams 2034/2034 matched, players 303/779 matched
2026-08-19 13:04:28,129 INFO ncaa_identity: contest_id=1118896 teams 1804/1804 matched, players 189/627 matched
2026-08-19 13:04:28,965 INFO ncaa_identity: contest_id=1118937 teams 1992/1992 matched, players 285/763 matched
2026-08-19 13:04:29,780 INFO ncaa_identity: contest_id=1118958 teams 1146/1846 matched, players 186/731 matched
2026-08-19 13:04:30,533 INFO ncaa_identity: contest_id=1118968 teams 1933/1933 matched, players 178/649 matched
2026-08-19 13:04:31,192 INFO ncaa_identity: contest_id=1118994 teams 2085/2085 matched, players 185/693 matched
2026-08-19 13:04:32,030 INFO ncaa_identity: contest_id=1119004 teams 1842/1842 matched, players 251/671 matched
2026-08-19 13:04:32,798 INFO ncaa_identity: contest_id=1119046 teams 1873/1873 matched, players 254/705 matched
2026-08-19 13:04:33,380 INFO ncaa_identity: contest_id=1119065 teams 2242/2242 matched, players 421/953 matched
2026-08-19 13:04:34,244 INFO ncaa_identity: contest_id=1119078 teams 2057/2057 matched, players 165/668 matched
2026-08-19 13:04:35,128 INFO ncaa_identity: contest_id=1119104 teams 2712/2712 matched, players 455/1102 matched
2026-08-19 13:04:36,251 INFO ncaa_identity: contest_id=1119124 teams 2145/2145 matched, players 218/739 matched
2026-08-19 13:04:36,338 INFO 5 starters not found for period 1; using estimate
2026-08-19 13:04:36,339 INFO 5 starters not found for period 1; using estimate
2026-08-19 13:04:36,339 INFO 5 starters not found for period 2; using estimate
2026-08-19 13:04:36,339 INFO 52026-08-19 13:04:36,745 INFO ncaa_identity: contes2026-08-19 13:04:36,877 INFO ncaa_identity: contest_id=1119138 2026-08-19 13:04:37,525 INFO ncaa_identity: contest2026-08-19 13:04:37,658 INFO ncaa_identity: contest_id=11191672026-08-19 13:04:38,259 INFO ncaa_identity: contest2026-08-19 13:04:38,653 INFO ncaa_identity: contest_id=11191942026-08-19 13:04:39,062 INFO ncaa_identity: contest_id=1119227 teams 1766/1766 matched, players 296/717 matched
2026-08-19 13:04:39,754 INFO ncaa_identity: contest_id=1119249 teams 1920/1920 matched, players 257/720 matched
2026-08-19 13:04:40,700 INFO ncaa_identity: contest_id=1119337 teams 2262/2262 matched, players 368/909 matched
2026-08-19 13:04:41,372 INFO ncaa_identity: contest_id=1119367 teams 2120/2120 matched, players 303/812 matched
2026-08-19 13:04:42,150 INFO ncaa_identity: contest_id=1119378 teams 2068/2068 matched, players 312/807 matched
2026-08-19 13:04:42,740 INFO ncaa_identity: contest_id=1119391 teams 1907/1907 matched, players 342/795 matched
2026-08-19 13:04:43,655 INFO ncaa_identity: contest_id=1119448 teams 2215/2215 matched, players 416/942 matched
2026-08-19 13:04:44,275 INFO ncaa_identity: contest_id=1119458 teams 1911/1911 matched, players 76/548 matched
2026-08-19 13:04:45,059 INFO ncaa_identity: contest_id=1119542 teams 1948/1948 matched, players 270/738 matched
2026-08-19 13:04:45,772 INFO ncaa_identity: contest_id=1119552 teams 1731/1731 matched, players 139/529 matched
2026-08-19 13:04:46,435 INFO ncaa_identity: contest_id=1119562 teams 2394/2394 matched, players 337/914 matched
2026-08-19 13:04:47,252 INFO ncaa_identity: contest_id=1119572 teams 2316/2316 matched, players 498/1044 matched
2026-08-19 13:04:48,288 INFO ncaa_identity: contest_id=1119584 teams 2002/2002 matched, players 164/653 matched
2026-08-19 13:04:48,894 INFO ncaa_identity: contest_id=1119677 teams 1940/1940 matched, players 249/716 matched
2026-08-19 13:04:49,552 INFO ncaa_identity: contest_id=1119694 teams 1912/1912 matched, players 384/836 matched
2026-08-19 13:04:50,413 INFO ncaa_identity: contest_id=1119710 teams 2049/2049 matched, players 309/802 matched
2026-08-19 13:04:51,250 INFO ncaa_identity: contest_id=1119720 teams 2072/2072 matched, players 382/875 matched
2026-08-19 13:04:52,234 INFO ncaa_identity: contest_id=1119730 teams 1926/1926 matched, players 259/723 matched
2026-08-19 13:04:52,943 INFO ncaa_identity: contest_id=1119741 teams 1976/1976 matched, players 169/651 matched
2026-08-19 13:04:53,681 INFO ncaa_identity: contest_id=1119847 teams 2102/2102 matched, players 330/832 matched
2026-08-19 13:04:54,686 INFO ncaa_identity: contest_id=1119928 teams 2178/2178 matched, players 219/748 matched
2026-08-19 13:04:55,380 INFO ncaa_identity: contest_id=1119945 teams 2010/2010 matched, players 232/718 matched
2026-08-19 13:04:55,995 INFO ncaa_identity: contest_id=1119959 teams 2004/2004 matched, players 343/820 matched
2026-08-19 13:04:56,850 INFO ncaa_identity: contest_id=1119972 teams 2088/2088 matched, players 527/1012 matched
2026-08-19 13:04:57,514 INFO ncaa_identity: contest_id=1119988 teams 2064/2064 matched, players 323/784 matched
2026-08-19 13:04:58,235 INFO ncaa_identity: contest_id=1120000 teams 1897/1897 matched, players 214/673 matched
2026-08-19 13:04:59,157 INFO ncaa_identity: contest_id=1120011 teams 2364/2364 matched, players 87/672 matched
2026-08-19 13:04:59,893 INFO ncaa_identity: contest_id=1120068 teams 1678/1678 matched, players 156/564 matched
2026-08-19 13:05:00,519 INFO ncaa_identity: contest_id=1120104 teams 1854/1854 matched, players 336/777 matched
2026-08-19 13:05:01,415 INFO ncaa_identity: contest_id=1120176 teams 1702/1702 matched, players 93/511 matched
2026-08-19 13:05:01,978 INFO ncaa_identity: contest_id=1120231 teams 1752/1752 matched, players 361/774 matched
2026-08-19 13:05:02,764 INFO ncaa_identity: contest_id=1120262 teams 1984/1984 matched, players 283/760 matched
2026-08-19 13:05:03,512 INFO ncaa_identity: contest_id=1120272 teams 1964/1964 matched, players 263/737 matched
2026-08-19 13:05:04,681 INFO ncaa_identity: contest_id=1120340 teams 2179/2179 matched, players 388/906 matched
2026-08-19 13:05:05,532 INFO ncaa_identity: contest_id=1120371 teams 1790/1790 matched, players 278/706 matched
2026-08-19 13:05:06,405 INFO ncaa_identity: contest_id=1120394 teams 1796/1796 matched, players 229/662 matched
2026-08-19 13:05:07,145 INFO ncaa_identity: contest_id=1120404 teams 1879/1879 matched, players 203/659 matched
2026-08-19 13:05:07,992 INFO ncaa_identity: contest_id=1120419 teams 1929/1929 matched, players 166/637 matched
2026-08-19 13:05:09,504 INFO ncaa_identity: contest_id=1120481 teams 1811/1811 matched, players 226/659 matched
2026-08-19 13:05:10,430 INFO ncaa_identity: contest_id=1120496 teams 2122/2122 matched, players 320/830 matched
2026-08-19 13:05:12,530 INFO ncaa_identity: contest_id=1120553 teams 2393/2393 matched, players 364/902 matched
2026-08-19 13:05:14,288 INFO ncaa_identity: contest_id=1120579 teams 2158/2158 matched, players 285/805 matched
2026-08-19 13:05:15,476 INFO ncaa_identity: contest_id=1120619 teams 2068/2068 matched, players 180/685 matched
2026-08-19 13:05:16,691 INFO ncaa_identity: contest_id=1120636 teams 2130/2130 matched, players 410/915 matched
2026-08-19 13:05:17,515 INFO ncaa_identity: contest_id=1120697 teams 1904/1904 matched, players 273/730 matched
2026-08-19 13:05:18,568 INFO ncaa_identity: contest_id=1120714 teams 1816/1816 matched, players 311/744 matched
2026-08-19 13:05:19,220 INFO ncaa_identity: contest_id=1120763 teams 1802/1802 matched, players 180/617 matched
2026-08-19 13:05:19,979 INFO ncaa_identity: contest_id=1120787 teams 1783/1783 matched, players 295/695 matched
2026-08-19 13:05:20,741 INFO ncaa_identity: contest_id=1120810 teams 1596/1596 matched, players 253/634 matched
2026-08-19 13:05:21,300 INFO ncaa_identity: contest_id=1120845 teams 1737/1737 matched, players 168/590 matched
2026-08-19 13:05:22,120 INFO ncaa_identity: contest_id=1120875 teams 1930/1930 matched, players 199/668 matched
2026-08-19 13:05:22,887 INFO ncaa_identity: contest_id=1120891 teams 1933/1933 matched, players 201/672 matched
2026-08-19 13:05:23,695 INFO ncaa_identity: contest_id=1120926 teams 1804/1804 matched, players 209/646 matched
2026-08-19 13:05:24,468 INFO ncaa_identity: contest_id=1121014 teams 1883/1883 matched, players 267/720 matched
2026-08-19 13:05:25,328 INFO ncaa_identity: contest_id=1121054 teams 2400/2400 matched, players 508/1075 matched
2026-08-19 13:05:26,200 INFO ncaa_identity: contest_id=1121092 teams 1816/1816 matched, players 146/589 matched
2026-08-19 13:05:26,279 INFO 5 starters not found for period 1; using estimate
2026-08-19 13:05:26,279 INFO 5 starters not found for period 1; using estimate
2026-08-19 13:05:26,279 INFO 5 starters not found for period 2; using estimate
2026-08-19 13:05:26,2026-08-19 13:05:26,892 INFO ncaa_identity: contest_id=112112026-08-19 13:05:26,956 INFO ncaa_identity: contest_i2026-08-19 13:05:27,396 INFO ncaa_identity: contest_id=1121112026-08-19 13:05:27,526 INFO ncaa_identity: contest2026-08-19 13:05:28,129 INFO ncaa_identity: contest_id=11212112026-08-19 13:05:28,265 INFO ncaa_identity: contest2026-08-19 13:05:29,114 INFO ncaa_identity: contest_id=11212292026-08-19 13:05:29,137 INFO ncaa_identity: contest2026-08-19 13:05:29,962 INFO ncaa_identity: contest_id=1121253 teams 2147/2147 matched, players 343/813 matched
2026-08-19 13:05:30,765 INFO ncaa_identity: contest_id=1121287 teams 1908/1908 matched, players 334/788 matched
2026-08-19 13:05:31,344 INFO ncaa_identity: contest_id=1121338 teams 736/1694 matched, players 72/593 matched
2026-08-19 13:05:31,896 INFO ncaa_identity: contest_id=1121354 t2026-08-19 13:05:31,904 INFO ncaa_identity: conte2026-08-19 13:05:32,898 INFO ncaa_identity: contest_id=1121368 teams 2168/2168 matched, players 185/715 matched
2026-08-19 13:05:33,671 INFO ncaa_identity: contest_id=1121397 teams 2000/2000 matched, players 349/825 matched
2026-08-19 13:05:34,309 INFO ncaa_identity: contest_id=1121407 t2026-08-19 13:05:34,372 INFO ncaa_identity: con2026-08-19 13:05:35,151 INFO ncaa_identity: contest_id=1121417 teams 2160/2160 matched, players 353/870 matched
2026-08-19 13:05:35,712 INFO ncaa_identity: contest_id=1121449 team2026-08-19 13:05:36,055 INFO ncaa_identity: co2026-08-19 13:05:36,439 INFO ncaa_identity: contest_id=1121473 team2026-08-19 13:05:36,724 INFO ncaa_identity: co2026-08-19 13:05:37,313 INFO ncaa_identity: contest_id=1121493 team2026-08-19 13:05:37,372 INFO ncaa_identity: co2026-08-19 13:05:37,904 INFO ncaa_identity: contest_id=1121522 team2026-08-19 13:05:38,177 INFO ncaa_identity: co2026-08-19 13:05:38,562 INFO ncaa_identity: contest_id=1121545 team2026-08-19 13:05:38,735 INFO ncaa_identity: co2026-08-19 13:05:39,292 INFO ncaa_identity: contest_id=1121625 team2026-08-19 13:05:39,362 INFO ncaa_identity: co2026-08-19 13:05:39,911 INFO ncaa_identity: contest_id=1121635 team2026-08-19 13:05:40,188 INFO ncaa_identity: co2026-08-19 13:05:40,545 INFO ncaa_identity: contest_id=1121646 team2026-08-19 13:05:40,756 INFO ncaa_identity: co2026-08-19 13:05:41,377 INFO ncaa_identity: contest_id=1121697 teams 2204/2204 matched, players 438/961 matched
2026-08-19 13:05:41,928 INFO ncaa_identity: contest_id=1121728 teams 1570/1570 matched, players 288/661 matched
2026-08-19 13:05:42,522 INFO ncaa_identity: contest_id=1121757 teams 1941/1941 matched, players 160/634 matched
2026-08-19 13:05:43,414 INFO ncaa_identity: contest_id=1121780 team2026-08-19 13:05:43,422 INFO ncaa_identity: co2026-08-19 13:05:44,138 INFO ncaa_identity: contest_id=1121790 teams 1966/1966 matched, players 283/705 matched
2026-08-19 13:05:44,687 INFO ncaa_identity: contest_id=1121800 team2026-08-19 13:05:44,888 INFO ncaa_identity: co2026-08-19 13:05:45,332 INFO ncaa_identity: contest_id=1121810 team2026-08-19 13:05:45,533 INFO ncaa_identity: co2026-08-19 13:05:46,107 INFO ncaa_identity: contest_id=1121839 teams 1701/1701 matched, players 114/531 matched
2026-08-19 13:05:46,642 INFO ncaa_identity: contest_id=1121879 tea2026-08-19 13:05:46,735 INFO ncaa_identity: con2026-08-19 13:05:47,446 INFO ncaa_identity: contest_id=1121905 tea2026-08-19 13:05:47,790 INFO ncaa_identity: con2026-08-19 13:05:48,329 INFO ncaa_identity: contest_id=1121950 teams2026-08-19 13:05:48,536 INFO ncaa_identity: c2026-08-19 13:05:48,932 INFO ncaa_identity: contest_id=1121992 teams2026-08-19 13:05:49,429 INFO ncaa_identity: c2026-08-19 13:05:49,520 INFO ncaa_identity: contest_id=1122033 teams2026-08-19 13:05:50,055 INFO ncaa_identity:2026-08-19 13:05:50,371 INFO ncaa_identity: contest_id=1122056 teams 12026-08-19 13:05:50,922 INFO ncaa_identity:2026-08-19 13:05:50,994 INFO ncaa_identity: contest_id=1122066 teams 12026-08-19 13:05:51,713 INFO ncaa_identity: contest_id=1122073 teams 1852/1852 matched, players 139/592 matched
2026-08-19 13:05:52,476 INFO ncaa_identity: contest_id=1122085 teams 2562/2562 matched, players 275/896 matched
2026-08-19 13:05:53,399 INFO ncaa_identity: contest_id=1122095 teams 997/2156 matched, players 179/904 matched
2026-08-19 13:05:54,029 INFO ncaa_identity: contest_id=1122109 teams 1940/1940 matched, players 294/755 matched
2026-08-19 13:05:54,589 INFO ncaa_identity: contest_id=1122171 teams 1698/1698 matched, players 146/560 match20262026-08-19 13:05:55,216 INFO ncaa_identity: contest_id=1122181 teams 1704/1704 matched, players 254/662 match20262026-08-19 13:05:56,118 INFO ncaa_identity: contest_id=1122198 teams 1802/1802 matched, players 147/588 matc2026-2026-08-19 13:05:56,803 INFO ncaa_identity: contest_id=1122212 teams 2253/2253 matched, players 308/851 matched
2026-08-19 13:05:57,656 INFO ncaa_identity: contest_id=1122241 teams 1848/1848 matched, players 151/602 matched
2026-08-19 13:05:58,363 INFO ncaa_identity: contest_id=1122251 teams 1913/1913 matched, players 214/677 matched
2026-08-19 13:05:59,118 INFO ncaa_identity: contest_id=1122293 teams 2368/2368 matched, players 451/1013 matched
2026-08-19 13:05:59,867 INFO ncaa_identity: contest_id=1122306 teams 1794/1794 matched, players 235/668 matched
2026-08-19 13:06:00,507 INFO ncaa_identity: contest_id=1122328 teams 1928/1928 matched, players 299/761 matched
2026-08-19 13:06:01,535 INFO ncaa_identity: contest_id=1122342 teams 2762/2762 matched, players 571/1225 matched
2026-08-19 13:06:02,179 INFO ncaa_identity: contest_id=1122360 teams 1841/1841 matched, players 216/649 matched
2026-08-19 13:06:02,795 INFO ncaa_identity: contest_id=1122370 teams 1656/1656 matched, players 257/654 matched
2026-08-19 13:06:03,762 INFO ncaa_identity: contest_id=1122398 teams 2362/2362 matched, players 395/958 matched
2026-08-19 13:06:04,394 INFO ncaa_identity: contest_id=1122418 teams 1862/1862 matched, players 82/509 matched
2026-08-19 13:06:04,982 INFO ncaa_identity: contest_id=1122442 teams 1623/1623 matched, players 166/561 matched
2026-08-19 13:06:05,784 INFO ncaa_identity: contest_id=1122459 teams 1873/1873 matched, players 242/695 matched
2026-08-19 13:06:06,530 INFO ncaa_identity: contest_id=1122472 teams 2236/2236 matched, players 334/828 matched
2026-08-19 13:06:07,106 INFO ncaa_identity: contest_id=1122495 teams 1089/1948 matched, players 142/699 matched
2026-08-19 13:06:07,720 INFO ncaa_identity: contest_id=1122505 teams 1936/1936 matched, players 223/691 matched
2026-08-19 13:06:08,579 INFO ncaa_identity: contest_id=1122521 teams 1652/1652 matched, players 223/620 matched
2026-08-19 13:06:09,190 INFO ncaa_identity: contest_id=1122535 teams 1618/1618 matched, players 250/636 matched
2026-08-19 13:06:09,820 INFO ncaa_identity: contest_id=1122554 teams 1914/1914 matched, players 259/720 matched
2026-08-19 13:06:10,740 INFO ncaa_identity: contest_id=1122588 teams 2150/2150 matched, players 229/752 matched
2026-08-19 13:06:11,368 INFO ncaa_identity: contest_id=1122616 teams 1839/1839 matched, players 249/676 matched
2026-08-19 13:06:12,104 INFO ncaa_identity: contest_id=1122636 teams 1756/1756 matched, players 193/618 matched
2026-08-19 13:06:12,893 INFO ncaa_identity: contest_id=1122647 teams 2327/2327 matched, players 315/878 matched
2026-08-19 13:06:13,482 INFO ncaa_identity: contest_id=1122662 teams 1934/1934 matched, players 202/671 matched
2026-08-19 13:06:14,388 INFO ncaa_identity: contest_id=1122674 teams 2512/2512 matched, players 415/1014 matched
2026-08-19 13:06:14,962 INFO ncaa_identity: contest_id=1122688 teams 1802/1802 matched, players 166/604 matched
2026-08-19 13:06:15,577 INFO ncaa_identity: contest_id=1122702 teams 1946/1946 matched, players 298/764 matched
2026-08-19 13:06:16,412 INFO ncaa_identity: contest_id=1122715 teams 1993/1993 matched, players 108/599 matched
2026-08-19 13:06:16,957 INFO ncaa_identity: contest_id=1122737 teams 1608/1608 matched, players 191/579 matched
2026-08-19 13:06:17,589 INFO ncaa_identity: contest_id=1122755 teams 1908/1908 matched, players 197/660 matched
2026-08-19 13:06:18,411 INFO ncaa_identity: contest_id=1122776 teams 2208/2208 matched, players 255/789 matched
2026-08-19 13:06:19,225 INFO ncaa_identity: contest_id=1122793 teams 2268/2268 matched, players 367/910 matched
2026-08-19 13:06:19,850 INFO ncaa_identity: contest_id=1122808 teams 2096/2096 matched, players 301/805 matched
2026-08-19 13:06:20,551 INFO ncaa_identity: contest_id=1122822 teams 1821/1821 matched, players 164/607 matched
2026-08-19 13:06:21,120 INFO ncaa_identity: contest_id=1122836 teams 1847/1847 matched, players 159/612 matched
2026-08-19 13:06:21,720 INFO ncaa_identity: contest_id=1122852 teams 1803/1803 matched, players 240/674 matched
2026-08-19 13:06:22,625 INFO ncaa_identity: contest_id=1122863 teams 2376/2376 matched, players 145/728 matched
2026-08-19 13:06:23,427 INFO ncaa_identity: contest_id=1122874 teams 2474/2474 matched, players 433/1066 matched
2026-08-19 13:06:24,581 INFO ncaa_identity: contest_id=1122884 teams 2339/2339 matched, players 356/917 matched
2026-08-19 13:06:25,341 INFO ncaa_identity: contest_id=1122894 teams 2243/2243 matched, players 459/989 matched
2026-08-19 13:06:26,033 INFO ncaa_identity: contest_id=1122905 teams 1946/1946 matched, players 204/676 matched
2026-08-19 13:06:26,721 INFO ncaa_identity: contest_id=1122915 teams 1921/1921 matched, players 194/619 matched
2026-08-19 13:06:27,651 INFO ncaa_identity: contest_id=1122926 teams 2148/2148 matched, players 443/950 matched
2026-08-19 13:06:28,165 INFO ncaa_identity: contest_id=1122936 teams 1440/1440 matched, players 195/541 matched
2026-08-19 13:06:28,829 INFO ncaa_identity: contest_id=1122946 teams 2232/2232 matched, players 223/766 matched
2026-08-19 13:06:29,608 INFO ncaa_identity: contest_id=1122965 teams 1840/1840 matched, players 242/685 matched
2026-08-19 13:06:30,246 INFO ncaa_identity: contest_id=1122977 teams 2072/2072 matched, players 357/849 matched
2026-08-19 13:06:30,777 INFO ncaa_identity: contest_id=1122987 teams 1622/1622 matched, players 292/677 matched
2026-08-19 13:06:31,573 INFO ncaa_identity: contest_id=1123011 teams 1701/1701 matched, players 256/664 matched
2026-08-19 13:06:32,333 INFO ncaa_identity: contest_id=1123030 teams 2164/2164 matched, players 421/932 matched
2026-08-19 13:06:32,780 INFO ncaa_identity: contest_id=1123062 teams 1404/1404 matched, players 156/496 matched
2026-08-19 13:06:33,609 INFO ncaa_identity: contest_id=1123080 teams 2127/2127 matched, players 394/874 matched
2026-08-19 13:06:34,220 INFO ncaa_identity: contest_id=1123097 teams 1787/1787 matched, players 299/726 matched
2026-08-19 13:06:34,965 INFO ncaa_identity: contest_id=1123107 teams 2072/2072 matched, players 397/887 matched
2026-08-19 13:06:36,083 INFO ncaa_identity: contest_id=1123119 teams 2358/2358 matched, players 297/865 matched
2026-08-19 13:06:36,713 INFO ncaa_identity: contest_id=1123131 teams 1739/1739 matched, players 245/662 matched
2026-08-19 13:06:37,288 INFO ncaa_identity: contest_id=1123143 teams 1568/1568 matched, players 203/581 matched
2026-08-19 13:06:37,924 INFO ncaa_identity: contest_id=1123157 teams 1893/1893 matched, players 225/683 matched
2026-08-19 13:06:38,716 INFO ncaa_identity: contest_id=1123172 teams 1755/1755 matched, players 311/728 matched
2026-08-19 13:06:39,499 INFO ncaa_identity: contest_id=1123182 teams 2502/2502 matched, players 547/1138 matched
2026-08-19 13:06:40,499 INFO ncaa_identity: contest_id=1123192 teams 2062/2062 matched, players 375/866 matched
2026-08-19 13:06:41,064 INFO ncaa_identity: contest_id=1123206 teams 1650/1650 matched, players 119/522 matched
2026-08-19 13:06:41,699 INFO ncaa_identity: contest_id=1123219 teams 1991/1991 matched, players 351/825 matched
2026-08-19 13:06:44,400 INFO ncaa_identity: contest_id=844184 teams 2830/2830 matched, players 6929/7990 matched
2026-08-19 13:06:45,420 INFO ncaa_identity: contest_id=844202 teams 2220/2220 matched, players 6124/6280 matched
2026-08-19 13:06:48,534 INFO ncaa_identity: contest_id=844248 teams 1176/2337 matched, players 3339/6555 matched
2026-08-19 13:06:49,591 INFO ncaa_identity: contest_id=844260 teams 1553/3058 matched, players 3912/8672 matched
2026-08-19 13:06:50,383 INFO ncaa_identity: contest_id=844270 teams 1336/2575 matched, players 3669/7304 matched
2026-08-19 13:06:51,353 INFO ncaa_identity: contest_id=844280 teams 2560/2560 matched, players 7107/7260 matched
2026-08-19 13:06:52,165 INFO ncaa_identity: contest_id=844291 teams 1319/2553 matched, players 3627/7168 matched
2026-08-19 13:06:55,837 INFO ncaa_identity: contest_id=844372 teams 2761/2761 matched, players 7687/7789 matched
2026-08-19 13:06:57,761 INFO ncaa_identity: contest_id=844392 teams 1712/3336 matched, players 4731/9363 matched
2026-08-19 13:06:59,548 INFO ncaa_identity: contest_id=844435 teams 2231/2231 matched, players 5894/6296 matched
2026-08-19 13:07:00,323 INFO ncaa_identity: contest_id=844462 teams 2644/2644 matched, players 6848/7450 matched
2026-08-19 13:07:01,263 INFO ncaa_identity: contest_id=844489 teams 2900/2900 matched, players 7843/8169 matched
2026-08-19 13:07:02,817 INFO ncaa_identity: contest_id=844513 teams 1116/2205 matched, players 3121/6181 matched
2026-08-19 13:07:03,564 INFO ncaa_identity: contest_id=844524 teams 2440/2440 matched, players 6571/6888 matched
2026-08-19 13:07:06,307 INFO ncaa_identity: contest_id=844632 teams 1455/2875 matched, players 3638/8153 matched
2026-08-19 13:07:07,320 INFO ncaa_identity: contest_id=844654 teams 1094/2208 matched, players 3086/6199 matched
2026-08-19 13:07:08,248 INFO ncaa_identity: contest_id=844670 teams 1363/2699 matched, players 3154/7556 matched
2026-08-19 13:07:10,011 INFO ncaa_identity: contest_id=844748 teams 1546/3041 matched, players 4322/8625 matched
2026-08-19 13:07:10,715 INFO ncaa_identity: contest_id=844782 teams 1363/2674 matched, players 3396/7513 matched
2026-08-19 13:07:11,720 INFO ncaa_identity: contest_id=844805 teams 2200/2200 matched, players 5213/6192 matched
2026-08-19 13:07:15,548 INFO ncaa_identity: contest_id=844929 teams 2070/2070 matched, players 5092/5818 matched
2026-08-19 13:07:16,616 INFO ncaa_identity: contest_id=844958 teams 2834/2834 matched, players 7811/8000 matched
2026-08-19 13:07:17,324 INFO ncaa_identity: contest_id=844977 teams 2438/2438 matched, players 5971/6835 matched
2026-08-19 13:07:18,280 INFO ncaa_identity: contest_id=844988 teams 1133/2300 matched, players 3206/6494 matched
2026-08-19 13:07:19,925 INFO ncaa_identity: contest_id=845043 teams 1276/2634 matched, players 3724/7433 matched
2026-08-19 13:07:22,599 INFO ncaa_identity: contest_id=845096 teams 1335/2684 matched, players 3736/7631 matched
2026-08-19 13:07:23,349 INFO ncaa_identity: contest_id=845108 teams 2352/2352 matched, players 6318/6623 matched
2026-08-19 13:07:26,972 INFO ncaa_identity: contest_id=845269 teams 2896/2896 matched, players 7719/8199 matched
2026-08-19 13:07:28,538 INFO ncaa_identity: contest_id=845417 teams 2475/2475 matched, players 6924/7001 matched
2026-08-19 13:07:29,350 INFO ncaa_identity: contest_id=845436 teams 1241/2376 matched, players 3046/6644 matched
2026-08-19 13:07:30,059 INFO ncaa_identity: contest_id=845462 teams 1140/2291 matched, players 3170/6391 matched
2026-08-19 13:07:31,616 INFO ncaa_identity: contest_id=845541 teams 2332/2332 matched, players 6218/6579 matched
22026-08-19 13:07:35,427 INFO ncaa_identity: contest_id=845812 teams 2183/2183 matched, players 5913/6106 matched
2026-08-19 13:07:35,536 INFO 5 starters not found for period 3; using estimate
2026-08-19 13:07:36,376 INFO ncaa_identity: contest_id=845828 teams 2586/2586 matched, players 6275/7290 matched
2026-08-19 13:07:37,117 INFO ncaa_identity: contest_id=845847 teams 2122/2122 matched, players 5605/5927 matched
2026-08-19 13:07:40,824 INFO ncaa_identity: contest_id=845927 teams 2442/2442 matched, players 6606/6899 matched
2026-08-19 13:07:42,678 INFO ncaa_identity: contest_id=845961 teams 2345/2345 matched, players 1012/1015 matched
2026-08-19 13:07:43,433 INFO ncaa_identity: contest_id=845989 teams 2446/2446 matched, players 6491/6970 matched
2026-08-19 13:07:44,362 INFO ncaa_identity: contest_id=846024 teams 1223/2367 matched, players 3430/6707 matched
2026-08-19 13:07:45,081 INFO ncaa_identity: contest_id=846097 teams 1902/1902 matched, players 4736/5353 matched
2026-08-19 13:07:45,886 INFO ncaa_identity: contest_id=846156 teams 2636/2636 matched, players 6991/7468 matched
2026-08-19 13:07:49,443 INFO ncaa_identity: contest_id=846240 teams 2638/2638 matched, players 7328/7468 matched
2026-08-19 13:07:51,281 INFO ncaa_identity: contest_id=846274 teams 2822/2822 matched, players 7270/7953 matched
2026-08-19 13:07:52,108 INFO ncaa_identity: contest_id=846291 teams 2495/2495 matched, players 6599/6984 matched
2026-08-19 13:07:53,068 INFO ncaa_identity: contest_id=846302 teams 2210/2210 matched, players 6097/6245 matched
2026-08-19 13:07:53,771 INFO ncaa_identity: contest_id=846312 teams 2285/2285 matched, players 5345/6445 matched
2026-08-19 13:07:54,608 INFO ncaa_identity: contest_id=846325 teams 2921/2921 matched, players 7640/8244 matched
2026-08-19 13:07:55,713 INFO ncaa_identity: contest_id=846369 teams 1233/2420 matched, players 3417/6807 matched
2026-08-19 13:07:56,536 INFO ncaa_identity: contest_id=846380 teams 2535/2535 matched, players 6948/7172 matched
2026-08-19 13:07:58,350 INFO ncaa_identity: contest_id=846416 teams 2337/2337 matched, players 6218/6577 matched
2026-08-19 13:08:00,796 INFO ncaa_identity: contest_id=846517 teams 1945/1945 matched, players 4963/5474 matched
2026-08-19 13:08:04,269 INFO ncaa_identity: contest_id=846597 teams 1303/2621 matched, players 3686/7407 matched
2026-08-19 13:08:11,846 INFO ncaa_identity: contest_id=846810 teams 1978/1978 matched, players 5184/5569 matched
2026-08-19 13:08:13,228 INFO ncaa_identity: contest_id=846884 teams 940/1857 matched, players 2507/5186 matched
2026-08-19 13:08:14,156 INFO ncaa_identity: contest_id=846904 teams 2496/2496 matched, players 6779/7008 matched
2026-08-19 13:08:16,751 INFO ncaa_identity: contest_id=846998 teams 2561/2561 matched, players 7075/7223 matched
2026-08-19 13:08:18,455 INFO ncaa_identity: contest_id=847057 teams 1946/1946 matched, players 5275/5445 matched
2026-08-19 13:08:19,141 INFO ncaa_identity: contest_id=847088 teams 1979/1979 matched, players 5246/5566 matched
2026-08-19 13:08:20,901 INFO ncaa_identity: contest_id=847128 teams 2365/2365 matched, players 6391/6707 matched
2026-08-19 13:08:21,566 INFO ncaa_identity: contest_id=847155 teams 2127/2127 matched, players 5657/5995 matched
2026-08-19 13:08:24,553 INFO ncaa_identity: contest_id=847261 teams 2582/2582 matched, players 7195/7266 matched
2026-08-19 13:08:28,015 INFO ncaa_identity: contest_id=847347 teams 1929/1929 matched, players 4412/5460 matched
2026-08-19 13:08:30,091 INFO ncaa_identity: contest_id=847483 teams 2561/2561 matched, players 6911/7218 matched
2026-08-19 13:08:31,773 INFO ncaa_identity: contest_id=847548 teams 2665/2665 matched, players 7094/7501 matched
2026-08-19 13:08:33,193 INFO ncaa_identity: contest_id=847632 teams 2267/2267 matched, players 5933/6355 matched
2026-08-19 13:08:34,750 INFO ncaa_identity: contest_id=847697 teams 1193/2362 matched, players 2958/6634 matched
2026-08-19 13:08:35,352 INFO ncaa_identity: contest_id=847729 teams 1016/1988 matched, players 2839/5622 matched
2026-08-19 13:08:36,241 INFO ncaa_identity: contest_id=847746 teams 2263/2263 matched, players 5810/6377 matched
2026-08-19 13:08:38,047 INFO ncaa_identity: contest_id=847798 teams 2789/2789 matched, players 7282/7871 matched
2026-08-19 13:08:40,896 INFO ncaa_identity: contest_id=847909 teams 2309/2309 matched, players 6029/6496 matched
2026-08-19 13:08:42,356 INFO ncaa_identity: contest_id=847941 teams 2342/2342 matched, players 5948/6599 matched
2026-08-19 13:08:46,112 INFO ncaa_identity: contest_id=848089 teams 2325/2325 matched, players 6034/6548 matched
2026-08-19 13:08:47,936 INFO ncaa_identity: contest_id=848144 teams 2592/2592 matched, players 7271/7355 matched
2026-08-19 13:08:50,650 INFO ncaa_identity: contest_id=848225 teams 2709/2709 matched, players 7615/7650 matched
2026-08-19 13:08:51,341 INFO ncaa_identity: contest_id=848267 teams 1013/2051 matched, players 2845/5775 matched
2026-08-19 13:08:52,440 INFO ncaa_identity: contest_id=848291 teams 2664/2664 matched, players 6948/7457 matched
2026-08-19 13:08:54,521 INFO ncaa_identity: contest_id=848430 teams 1664/1664 matched, players 421/439 matched
2026-08-19 13:08:59,012 INFO ncaa_identity: contest_id=848572 teams 1296/2554 matched, players 3612/7253 matched
2026-08-19 13:09:03,114 INFO ncaa_identity: contest_id=848700 teams 2756/2756 matched, players 7729/7759 matched
2026-08-19 13:09:04,123 INFO ncaa_identity: contest_id=848738 teams 990/1951 matched, players 2766/5487 matched
2026-08-19 13:09:04,862 INFO ncaa_identity: contest_id=848765 teams 2506/2506 matched, players 6319/7055 matched
2026-08-19 13:09:05,966 INFO ncaa_identity: contest_id=848785 teams 2770/2770 matched, players 7511/7814 matched
2026-08-19 13:09:06,775 INFO ncaa_identity: contest_id=848802 teams 1187/2272 matched, players 3205/6368 matched
2026-08-19 13:09:09,612 INFO ncaa_identity: contest_id=848861 teams 1230/2481 matched, players 3470/6986 matched
2026-08-19 13:09:10,657 INFO ncaa_identity: contest_id=848903 teams 2402/2402 matched, players 6307/6767 matched
2026-08-19 13:09:12,402 INFO ncaa_identity: contest_id=848948 teams 2133/2133 matched, players 5770/5942 matched
2026-08-19 13:09:14,147 INFO ncaa_identity: contest_id=848991 teams 2346/2346 matched, players 6181/6588 matched
2026-08-19 13:09:15,865 INFO ncaa_identity: contest_id=849043 teams 2614/2614 matched, players 6904/7385 matched
2026-08-19 13:09:18,889 INFO ncaa_identity: contest_id=849162 teams 2720/2720 matched, players 7608/7637 matched
2026-08-19 13:09:19,562 INFO ncaa_identity: contest_id=849181 teams 1853/1853 matched, players 5131/5177 matched
2026-08-19 13:09:21,590 INFO ncaa_identity: contest_id=849234 teams 1319/2628 matched, players 3692/7446 matched
2026-08-19 13:09:24,338 INFO ncaa_identity: contest_id=849281 teams 2263/2263 matched, players 6002/6380 matched
2026-08-19 13:09:29,384 INFO ncaa_identity: contest_id=849417 teams 2296/2296 matched, players 6432/6442 matched
2026-08-19 13:09:31,493 INFO ncaa_identity: contest_id=849473 teams 2274/2274 matched, players 5903/6394 matched
2026-08-19 13:09:33,646 INFO ncaa_identity: contest_id=849505 teams 2316/2316 matched, players 5361/6546 matched
2026-08-19 13:09:35,274 INFO ncaa_identity: contest_id=849533 teams 1294/2558 matched, players 3612/7219 matched
2026-08-19 13:09:37,170 INFO ncaa_identity: contest_id=849555 teams 1423/2786 matched, players 3976/7844 matched
2026-08-19 13:09:42,093 INFO ncaa_identity: contest_id=849613 teams 2266/2266 matched, players 5871/6378 matched
2026-08-19 13:09:44,723 INFO ncaa_identity: contest_id=849643 teams 2372/2372 matched, players 6412/6655 matched
2026-08-19 13:09:47,232 INFO ncaa_identity: contest_id=849678 teams 940/1906 matched, players 2648/5385 matched
2026-08-19 13:09:48,962 INFO ncaa_identity: contest_id=849701 teams 2174/2174 matched, players 5860/6095 matched
2026-08-19 13:09:51,044 INFO 5 starters not found for period 3; using estimate
2026-08-19 13:09:56,105 INFO ncaa_identity: contest_id=849781 teams 1337/2664 matched, players 3739/7449 matched
2026-08-19 13:09:57,297 INFO ncaa_identity: contest_id=849795 teams 2007/2007 matched, players 5570/5639 matched
2026-08-19 13:10:01,147 INFO ncaa_identity: contest_id=849865 teams 2853/2853 matched, players 7551/8062 matched
2026-08-19 13:10:05,189 INFO ncaa_identity: contest_id=849998 teams 902/1879 matched, players 2632/5277 matched
2026-08-19 13:10:07,926 INFO ncaa_identity: contest_id=850050 teams 2254/2254 matched, players 6027/6333 matched
2026-08-19 13:10:08,947 INFO ncaa_identity: contest_id=850114 teams 2127/2127 matched, players 5792/5973 matched
2026-08-19 13:10:09,698 INFO ncaa_identity: contest_id=850178 teams 2157/2157 matched, players 5649/6098 matched
2026-08-19 13:10:11,505 INFO ncaa_identity: contest_id=850219 teams 2720/2720 matched, players 6908/7637 matched
2026-08-19 13:10:12,253 INFO ncaa_identity: contest_id=850232 teams 2028/2028 matched, players 5311/5704 matched
2026-08-19 13:10:13,955 INFO ncaa_identity: contest_id=850267 teams 1017/1968 matched, players 2756/5515 matched
2026-08-19 13:10:15,043 INFO ncaa_identity: contest_id=850288 teams 2688/2688 matched, players 7338/7591 matched
2026-08-19 13:10:16,799 INFO ncaa_identity: contest_id=850326 teams 2057/2057 matched, players 5449/5818 matched
2026-08-19 13:10:19,157 INFO ncaa_identity: contest_id=850371 teams 2185/2185 matched, players 5994/6149 matched
2026-08-19 13:10:21,912 INFO ncaa_identity: contest_id=850470 teams 1272/1272 matched, players 335/339 matched
2026-08-19 13:10:24,202 INFO ncaa_identity: contest_id=850530 teams 2167/2167 matched, players 6063/6087 matched
2026-08-19 13:10:25,266 INFO ncaa_identity: contest_id=850562 teams 2366/2366 matched, players 6625/6692 matched
2026-08-19 13:10:26,175 INFO ncaa_identity: contest_id=850591 teams 2094/2094 matched, players 866/868 matched
2026-08-19 13:10:27,418 INFO ncaa_identity: contest_id=850655 teams 2629/2629 matched, players 7307/7437 matched
2026-08-19 13:10:28,788 INFO ncaa_identity: contest_id=850716 teams 1503/1503 matched, players 406/407 matched
2026-08-19 13:10:36,643 INFO ncaa_identity: contest_id=850989 teams 2602/2602 matched, players 6411/7220 matched
2026-08-19 13:10:37,455 INFO ncaa_identity: contest_id=851010 teams 2646/2646 matched, players 7440/7491 matched
2026-08-19 13:10:40,234 INFO ncaa_identity: contest_id=851100 teams 2018/2018 matched, players 5555/5690 matched
2026-08-19 13:10:41,383 INFO ncaa_identity: contest_id=851139 teams 2638/2638 matched, players 6914/7440 matched
2026-08-19 13:10:43,813 INFO ncaa_identity: contest_id=851208 teams 2045/2045 matched, players 5513/5772 matched
2026-08-19 13:10:44,550 INFO ncaa_identity: contest_id=851246 teams 1084/2196 matched, players 2899/6170 matched
2026-08-19 13:10:45,492 INFO ncaa_identity: contest_id=851292 teams 1917/1917 matched, players 4937/5343 matched
2026-08-19 13:10:47,007 INFO ncaa_identity: contest_id=851362 teams 2562/2562 matched, players 6808/7189 matched
2026-08-19 13:10:49,727 INFO ncaa_identity: contest_id=851444 teams 2424/2424 matched, players 6477/6838 matched
2026-08-19 13:10:51,832 INFO ncaa_identity: contest_id=851508 teams 2388/2388 matched, players 6415/6743 matched
2026-08-19 13:10:56,460 INFO ncaa_identity: contest_id=851646 teams 2293/2293 matched, players 6224/6445 matched
2026-08-19 13:10:59,070 INFO ncaa_identity: contest_id=851773 teams 2508/2508 matched, players 6917/7060 matched
2026-08-19 13:11:01,005 INFO ncaa_identity: contest_id=851842 teams 2122/2122 matched, players 5257/5982 matched
2026-08-19 13:11:01,765 INFO ncaa_identity: contest_id=851858 teams 2167/2167 matched, players 5813/6136 matched
2026-08-19 13:11:02,570 INFO ncaa_identity: contest_id=851898 teams 2261/2261 matched, players 5908/6316 matched
2026-08-19 13:11:06,234 INFO ncaa_identity: contest_id=852040 teams 2668/2668 matched, players 7475/7477 matched
2026-08-19 13:11:06,959 INFO ncaa_identity: contest_id=852052 teams 1064/2110 matched, players 3005/5940 matched
2026-08-19 13:11:07,902 INFO ncaa_identity: contest_id=852064 teams 2029/2029 matched, players 4690/5692 matched
2026-08-19 13:11:08,704 INFO ncaa_identity: contest_id=852087 teams 2389/2389 matched, players 6367/6766 matched
2026-08-19 13:11:09,349 INFO ncaa_identity: contest_id=852176 teams2026-08-19 13:11:10,375 INFO ncaa_identity: contest_id=852091 teams 2421/2421 matched, players 6668/6805 matched
2026-08-19 13:11:13,565 INFO ncaa_identity: contest_id=852255 teams 2085/2085 matched, players 5715/5863 matched
2026-08-19 13:11:19,188 INFO ncaa_identity: contest_id=852496 teams 2275/2275 matched, players 6040/6401 matched
2026-08-19 13:11:20,140 INFO ncaa_identity: contest_id=852512 teams 2326/2326 matched, players 6108/6543 matched
2026-08-19 13:11:21,549 INFO ncaa_identity: contest_id=852581 teams 2178/2178 matched, players 5998/6138 matched
2026-08-19 13:11:22,794 INFO ncaa_identity: contest_id=852618 teams 2990/2990 matched, players 8407/8441 matched
2026-08-19 13:11:24,590 INFO ncaa_identity: contest_id=852658 teams 1225/2563 matched, players 3552/7226 matched
202026-08-19 13:11:29,937 INFO ncaa_identity: contest_id=853019 teams 2463/2463 matched, players 6437/6987 matched
2026-08-19 13:11:39,140 INFO ncaa_identity: contest_id=853351 teams 2303/2303 matched, players 6035/6518 matched
2026-08-19 13:11:39,852 INFO ncaa_identity: contest_id=853375 teams 2153/2153 matched, players 5883/6068 matched
2026-08-19 13:11:41,658 INFO ncaa_identity: contest_id=853412 teams 2494/2494 matched, players 6425/7031 matched
2026-08-19 13:11:45,244 INFO ncaa_identity: contest_id=853540 teams 1219/2364 matched, players 3404/6676 matched
2026-08-19 13:11:46,909 INFO ncaa_identity: contest_id=853590 teams 2175/2175 matched, players 5680/6090 matched
2026-08-19 13:11:51,342 INFO ncaa_identity: contest_id=853741 teams 1342/2650 matched, players 3250/7434 matched
2026-08-19 13:11:52,075 INFO ncaa_identity: contest_id=853767 teams 2315/2315 matched, players 6073/6553 matched
2026-08-19 13:11:53,193 INFO ncaa_identity: contest_id=853789 teams 2374/2374 matched, players 6348/6636 matched
2026-08-19 13:11:56,717 INFO ncaa_identity: contest_id=853922 teams 2832/2832 matched, players 7485/7996 matched
2026-08-19 13:12:00,207 INFO ncaa_identity: contest_id=854053 teams 2237/2237 matched, players 6239/6292 matched
2026-08-19 13:12:02,251 INFO ncaa_identity: contest_id=854106 teams 2238/2238 matched, players 5864/6332 matched
2026-08-19 13:12:03,035 INFO ncaa_identity: contest_id=854146 teams 2154/2154 matched, players 5763/6063 matched
2026-08-19 13:12:09,883 INFO ncaa_identity: contest_id=854393 teams 2413/2413 matched, players 6369/6764 matched
2026-08-19 13:12:12,432 INFO ncaa_identity: contest_id=854505 teams 2249/2249 matched, players 5846/6322 matched
2026-08-19 13:12:13,308 INFO ncaa_identity: contest_id=854547 teams 2174/2174 matched, players 5888/6135 matched
2026-08-19 13:12:19,908 INFO ncaa_identity: contest_id=854697 teams 1195/2381 matched, players 3341/6670 matched
2026-08-19 13:12:22,371 INFO ncaa_identity: contest_id=854805 teams 2141/2141 matched, players 4926/6032 matched
2026-08-19 13:12:23,249 INFO ncaa_identity: contest_id=854830 teams 2206/2206 matched, players 6086/6177 matched
2026-08-19 13:12:25,207 INFO ncaa_identity: contest_id=854892 teams 2297/2297 matched, players 5997/6514 matched
2026-08-19 13:12:27,038 INFO ncaa_identity: contest_id=854938 teams 2348/2348 matched, players 6505/6642 matched
2026-08-19 13:12:29,734 INFO ncaa_identity: contest_id=855012 teams 2575/2575 matched, players 7010/7265 matched
2026-08-19 13:12:31,551 INFO ncaa_identity: contest_id=855106 teams 1136/2300 matched, players 3169/6481 matched
2026-08-19 13:12:34,053 INFO ncaa_identity: contest_id=855173 teams 1126/2213 matched, players 3172/6214 matched
2026-08-19 13:12:36,055 INFO ncaa_identity: contest_id=855289 teams 2778/2778 matched, players 7258/7841 matched
2026-08-19 13:12:39,680 INFO ncaa_identity: contest_id=855413 teams 2600/2600 matched, players 7144/7384 matched
2026-08-19 13:12:40,797 INFO ncaa_identity: contest_id=855446 teams 2620/2620 matched, players 6904/7405 matched
2026-08-19 13:12:46,462 INFO ncaa_identity: contest_id=855613 teams 1226/2408 matched, players 3415/6801 matched
2026-08-19 13:12:48,392 INFO ncaa_identity: contest_id=855713 teams 2541/2541 matched, players 6840/7135 matched
2026-08-19 13:12:50,634 INFO ncaa_identit2026-08-19 13:12:51,857 INFO ncaa_identity: contest_id=855759 teams 1912/1912 matched, players 4976/5393 matched
2026-08-19 13:12:53,679 INFO ncaa_identity: contest_id=855814 teams 2410/2410 matched, players 6349/6844 matched
2026-08-19 13:12:54,393 INFO ncaa_identity: contest_id=855845 teams 1990/2026-08-19 13:12:55,913 INFO ncaa_identit2026-08-19 13:12:56,900 INFO ncaa_identity: contest_id=855986 teams 2184/2026-08-19 13:12:59,361 INFO ncaa_identity: contest_id=856182 teams 1938/1938 matched, players 5281/5459 matched
2026-08-19 13:13:01,245 INFO ncaa_identity: contest_id=856232 teams 2468/2468 matched, players 6879/6932 matched
2026-08-19 13:13:05,614 INFO ncaa_identity: contest_id=856397 teams 2174/2174 matched, players 5622/6116 matched
2026-08-19 13:13:06,436 INFO ncaa_identit2026-08-19 13:13:08,982 INFO ncaa_identity: contest_id=856421 teams 2216/2216 matched, players 5945/6251 matched
2026-08-19 13:13:10,629 INFO ncaa_identity: contest_id=856472 teams 1938/1938 matched, players 5308/5442 matched
2026-08-19 13:13:12,309 INFO ncaa_identity: contest_id=856561 teams 2183/2183 matched, players 5741/6127 matched
2026-08-19 13:13:13,120 INFO ncaa_identity: contest_id=856583 teams 2865/2026-08-19 13:13:14,348 INFO ncaa_identit2026-08-19 13:13:24,799 INFO ncaa_identity: contest_id=857008 teams 2464/2464 matched, players 6115/6960 matched
2026-08-19 13:13:25,960 INFO ncaa_identity: contest_id=857023 teams 2516/2516 matched, players 6714/7107 matched
2026-08-19 13:13:29,108 INFO ncaa_identity: contest_id=857187 teams 2150/2150 matched, players 5765/6065 matched
2026-08-19 13:13:29,847 INFO ncaa_identity: contest_id=857208 teams 2299/2299 matched, players 6202/6473 matched
2026-08-19 13:13:34,449 INFO ncaa_identity: contest_id=857364 teams 2196/2196 matched, players 5968/6179 matched
2026-08-19 13:13:36,318 INFO ncaa_identity: contest_id=857419 teams 2746/2746 matched, players 7182/7743 matched
2026-08-19 13:13:41,077 INFO ncaa_identity: contest_id=857634 teams 2221/2221 matched, players 5992/6226 matched
2026-08-19 13:13:43,718 INFO ncaa_identity: contest_id=857727 teams 2295/2295 matched, players 6043/6439 matched
2026-08-19 13:13:49,823 INFO ncaa_identity: contest_id=857905 teams 2376/2376 matched, players 6194/6689 matched
2026-08-19 13:13:58,982 INFO ncaa_identity: contest_id=858236 teams 2212/2212 matched, players 5764/6229 matched
2026-08-19 13:14:00,825 INFO ncaa_identity: contest_id=858280 teams 2193/2193 matched, players 6023/6162 matched
2026-08-19 13:14:03,301 INFO ncaa_identity: contest_id=858320 teams 2571/2571 matched, players 6874/7284 matched
2026-08-19 13:14:08,027 INFO ncaa_identity: contest_id=858491 teams 2375/2375 matched, players 6146/6674 matched
2026-08-19 13:14:16,732 INFO ncaa_identity: contest_id=858698 teams 2281/2281 matched, players 6218/6420 matched
2026-08-19 13:14:17,565 INFO ncaa_identity: contest_id=858719 teams 2473/2473 matched, players 6080/6944 matched
2026-08-19 13:14:22,533 INFO ncaa_identity: contest_id=858822 teams 2596/2596 matched, players 6831/7307 matched
2026-08-19 13:14:23,666 INFO ncaa_identity: contest_id=858863 teams 2142/2142 matched, players 5408/6074 matched
2026-08-19 13:14:27,991 INFO ncaa_identity: contest_id=858918 teams 2591/2591 matched, players 7296/7299 matched
2026-08-19 13:14:30,070 INFO ncaa_identity: contest_id=858942 teams 2431/2431 matched, players 6805/6850 matched
2026-08-19 13:14:31,550 INFO ncaa_identity: contest_id=858954 teams 1964/1964 matched, players 5278/5499 matched
2026-08-19 13:14:33,178 INFO ncaa_identity: contest_id=858998 teams 2051/2051 matched, players 5204/5746 matched
2026-08-19 13:14:34,117 INFO ncaa_identity: contest_id=859008 teams 2274/2274 matched, players 6384/6406 matched
2026-08-19 13:14:35,147 INFO ncaa_identity: contest_id=859020 teams 2664/2664 matched, players 6962/7531 matched
2026-08-19 13:14:37,163 INFO ncaa_identity: contest_id=859082 teams 2296/2296 matched, players 6194/6455 matched
2026-08-19 13:14:42,431 INFO ncaa_identity: contest_id=859185 teams 2257/2257 matched, players 5968/6336 matched
2026-08-19 13:14:43,223 INFO ncaa_identity: contest_id=859199 teams 2346/2346 matched, players 6001/6565 matched
2026-08-19 13:14:45,804 INFO ncaa_identity: contest_id=859240 teams 2002/2002 matched, players 5147/5631 matched
2026-08-19 13:14:46,463 INFO ncaa_identity: contest_id=859265 teams 2083/2083 matched, players 5381/5872 matched
2026-08-19 13:14:47,596 INFO ncaa_identity: contest_id=859284 teams 2350/2350 matched, players 5640/6547 matched
2026-08-19 13:14:48,350 INFO ncaa_identity: contest_id=859305 teams 1923/1923 matched, players 5279/5395 matched
2026-08-19 13:14:49,059 INFO ncaa_identity: contest_id=859322 teams 1894/1894 matched, players 4962/5333 matched
2026-08-19 13:14:51,803 INFO ncaa_identity: contest_id=859359 teams 2737/2737 matched, players 7699/7726 matched
2026-08-19 13:14:53,541 INFO ncaa_identity: contest_id=859384 teams 2271/2271 matched, players 5759/6371 matched
2026-08-19 13:14:55,406 INFO ncaa_identity: contest_id=859405 teams 22026-08-19 13:14:56,889 INFO ncaa_identity: c2026-08-19 13:14:57,166 INFO ncaa_identity: contest_id=859427 teams 22026-08-19 13:14:58,720 INFO ncaa_identity: contest_id=859474 teams 2085/2085 matched, players 5834/5898 matched
2026-08-19 13:15:02,951 INFO ncaa_identity: contest_id=859538 teams 2885/2885 matched, players 7460/8157 matched
2026-08-19 13:15:03,870 INFO ncaa_identity: contest_id=859556 teams 2532/2532 matched, players 6781/7150 matched
2026-08-19 13:15:05,725 INFO ncaa_identity: contest_id=859608 teams 2465/2465 matched, players 6562/6936 matched
2026-08-19 13:15:06,569 INFO ncaa_identity: contest_id=859624 teams 2641/2641 matched, players 6750/7497 matched
2026-08-19 13:15:09,089 INFO ncaa_identity: contest_id=859657 teams 2075/2075 matched, players 5620/5785 matched
2026-08-19 13:15:11,855 INFO ncaa_identity: contest_id=859695 teams 2133/2133 matched, players 5817/5960 matched
2026-08-19 13:15:19,287 INFO ncaa_identity: contest_id=820721 teams 2444/2444 matched, players 6695/6873 matched
2026-08-19 13:15:22,164 INFO ncaa_identity: contest_id=820755 teams 2699/2699 matched, players 7238/7593 matched
2026-08-19 13:15:25,052 INFO ncaa_identity: contest_id=820776 teams 1383/2707 matched, players 3823/7613 matched
2026-08-19 13:15:26,637 INFO ncaa_identity: contest_id=820801 teams 2527/2527 matched, players 6715/7147 matched
2026-08-19 13:15:27,660 INFO ncaa_identity: contest_id=820818 teams 1177/2338 matched, players 3293/6605 matched
2026-08-19 13:15:28,617 INFO ncaa_identity: contest_id=820834 teams 1265/2526 matched, players 3532/7084 matched
2026-08-19 13:15:29,510 INFO ncaa_identity: contest_id=820855 teams 1149/2229 matched, players 3174/6258 matched
2026-08-19 13:15:31,549 INFO ncaa_identity: contest_id=820919 teams 1275/2539 matched, players 3036/7134 matched
2026-08-19 13:15:32,775 INFO ncaa_identity: contest_id=820930 teams 1342/2562 matched, players 3592/7165 matched
2026-08-19 13:15:38,480 INFO ncaa_identity: contest_id=821083 teams 2561/2561 matched, players 6732/7222 matched
2026-08-19 13:15:40,391 INFO ncaa_identity: contest_id=821114 teams 1227/2420 matched, players 3187/6776 matched
2026-08-19 13:15:41,658 INFO ncaa_identity: contest_id=821132 teams 2840/2840 matched, players 7381/8013 matched
2026-08-19 13:15:46,506 INFO ncaa_identity: contest_id=821185 teams 1416/2847 matched, players 4105/8043 matched
2026-08-19 13:15:47,322 INFO ncaa_identity: contest_id=821200 teams 1359/2603 matched, players 3097/7356 matched
2026-08-19 13:15:49,203 INFO ncaa_identity: contest_id=821261 teams 2591/2591 matched, players 6478/7298 matched
2026-08-19 13:15:52,087 INFO ncaa_identity: contest_id=821355 teams 2470/2470 matched, players 6888/6929 matched
2026-08-19 13:15:52,977 INFO ncaa_identity: contest_id=821409 teams 1313/2630 matched, players 3413/7413 matched
2026-08-19 13:15:53,744 INFO ncaa_identity: contest_id=821484 teams 2050/2050 matched, players 5476/5782 matched
2026-08-19 13:15:54,732 INFO ncaa_identity: contest_id=821500 teams 2130/2130 matched, players 5615/6005 matched
2026-08-19 13:15:58,615 INFO ncaa_identity: contest_id=821566 teams 1543/3025 matched, players 4343/8610 matched
2026-08-19 13:15:59,804 INFO ncaa_identity: contest_id=821590 teams 3125/3125 matched, players 8726/8825 matched
2026-08-19 13:16:02,268 INFO ncaa_identity: contest_id=821616 teams 2521/2521 matched, players 6845/7114 matched
2026-08-19 13:16:04,754 INFO ncaa_identity: contest_id=821656 teams 2441/2441 matched, players 6454/6825 matched
2026-08-19 13:16:06,693 INFO ncaa_identity: contest_id=821695 teams 2194/2194 matched, players 5459/6184 matched
2026-08-19 13:16:07,575 INFO ncaa_identity: contest_id=821740 teams 1065/2156 matched, players 2996/6015 matched
2026-08-19 13:16:10,477 INFO ncaa_identity: contest_id=821931 teams 2663/2663 matched, players 7275/7503 matched
2026-08-19 13:16:11,833 INFO ncaa_identity: contest_id=821952 teams 3262/3262 matched, players 8837/9255 matched
2026-08-19 13:16:12,699 INFO ncaa_identity: contest_id=821986 teams 2680/2680 matched, players 7317/7559 matched
2026-08-19 13:16:14,262 INFO ncaa_identity: contest_id=822007 teams 2209/2209 matched, players 5387/6235 matched
2026-08-19 13:16:17,122 INFO ncaa_identity: contest_id=822104 teams 989/1947 matched, players 430/742 matched
2026-08-19 13:16:18,173 INFO ncaa_identity: contest_id=822261 teams 2575/2575 matched, players 7116/7154 matched
2026-08-19 13:16:22,187 INFO ncaa_identity: contest_id=822361 teams 2165/2165 matched, players 6035/6118 matched
2026-08-19 13:16:24,507 INFO ncaa_identity: contest_id=822407 teams 2362/2362 matched, players 6151/6652 matched
2026-08-19 13:16:25,411 INFO ncaa_identity: contest_id=822421 teams 2655/2655 matched, players 7327/7503 matched
2026-08-19 13:16:26,210 INFO ncaa_identity: contest_id=822435 teams 1168/2281 matched, players 3211/6407 matched
2026-08-19 13:16:27,168 INFO ncaa_identity: contest_id=822465 teams 2318/2318 matched, players 6343/6561 matched
2026-08-19 13:16:29,052 INFO ncaa_identity: contest_id=822489 teams 2103/2103 matched, players 5824/5891 matched
2026-08-19 13:16:33,752 INFO ncaa_identity: contest_id=822653 teams 2678/2678 matched, players 7041/7593 matched
2026-08-19 13:16:34,609 INFO ncaa_identity: contest_id=822728 teams 1396/2671 matched, players 3843/7519 matched
2026-08-19 13:16:37,390 INFO ncaa_identity: contest_id=822807 teams 2511/2511 matched, players 6566/7122 matched
2026-08-19 13:16:39,395 INFO ncaa_identity: contest_id=822830 teams 2309/2309 matched, players 6276/6506 matched
2026-08-19 13:16:40,306 INFO ncaa_identity: contest_id=822852 teams 1162/2320 matched, players 3276/6523 matched
2026-08-19 13:16:43,638 INFO ncaa_identity: contest_id=822886 teams 2741/2741 matched, players 7316/7726 matched
2026-08-19 13:16:46,385 INFO ncaa_identity: contest_id=822941 teams 1321/2550 matched, players 3316/7166 matched
2026-08-19 13:16:47,355 INFO ncaa_identity: contest_id=822977 teams 1819/1819 matched, players 423/581 matched
2026-08-19 13:16:48,515 INFO ncaa_identity: contest_id=822997 teams 1207/2389 matched, players 3440/6727 matched
2026-08-19 13:16:51,212 INFO ncaa_identity: contest_id=823059 teams 2291/2291 matched, players 6270/6475 matched
2026-08-19 13:16:54,228 INFO ncaa_identity: contest_id=823119 teams 2541/2541 matched, players 6877/7150 matched
2026-08-19 13:16:56,322 INFO ncaa_identity: contest_id=823174 teams 2271/2271 matched, players 5594/6360 matched
2026-08-19 13:16:57,086 INFO ncaa_identity: contest_id=823258 teams 1711/1711 matched, players 448/574 matched
2026-08-19 13:17:00,087 INFO ncaa_identity: contest_id=823335 teams 2135/2135 matched, players 5834/5999 matched
2026-08-19 13:17:01,925 INFO ncaa_identity: contest_id=823393 teams 1340/2594 matched, players 3660/7302 matched
2026-08-19 13:17:02,760 INFO ncaa_identity: contest_id=823425 teams 2411/2411 matched, players 6672/6782 matched
2026-08-19 13:17:05,528 INFO ncaa_identity: contest_id=823496 teams 1123/2242 matched, players 3086/6305 matched
2026-08-19 13:17:06,380 INFO ncaa_identity: contest_id=823528 teams 2271/2271 matched, players 6340/6367 matched
2026-08-19 13:17:08,408 INFO ncaa_identity: contest_id=823567 teams 2202/2202 matched, players 6182/6187 matched
2026-08-19 13:17:09,469 INFO ncaa_identity: contest_id=823634 teams 1970/1970 matched, players 5452/5502 matched
2026-08-19 13:17:11,428 INFO ncaa_identity: contest_id=823682 teams 1317/2511 matched, players 3516/7006 matched
2026-08-19 13:17:12,272 INFO ncaa_identity: contest_id=823710 teams 2653/2653 matched, players 7376/7486 matched
2026-08-19 13:17:14,619 INFO ncaa_identity: contest_id=823834 teams 2232/2232 matched, players 6218/6275 matched
2026-08-19 13:17:18,760 INFO ncaa_identity: contest_id=823899 teams 2091/2091 matched, players 5482/5855 matched
2026-08-19 13:17:21,630 INFO ncaa_identity: contest_id=824061 teams 2529/2529 matched, players 7047/7153 matched
2026-08-19 13:17:22,584 INFO ncaa_identity: contest_id=824088 teams 2530/2530 matched, players 6742/7115 matched
2026-08-19 13:17:31,721 INFO ncaa_identity: contest_id=824434 teams 1206/2447 matched, players 3342/6905 matched
2026-08-19 13:17:33,500 INFO ncaa_identity: contest_id=824517 teams 2227/2227 matched, players 6196/6266 matched
2026-08-19 13:17:34,499 INFO ncaa_identity: contest_id=824534 teams 1484/2846 matched, players 4035/8015 matched
2026-08-19 13:17:35,446 INFO ncaa_identity: contest_id=824556 teams 2098/2098 matched, players 5510/5858 matched
2026-08-19 13:17:37,348 INFO ncaa_identity: contest_id=824617 teams 1020/2094 matched, players 2932/5858 matched
2026-08-19 13:17:38,876 INFO ncaa_identity: contest_id=824654 teams 2184/2184 matched, players 5750/6145 matched
2026-08-19 13:17:39,849 INFO ncaa_identity: contest_id=824706 teams 1033/1930 matched, players 2802/5435 matched
2026-08-19 13:17:41,580 INFO ncaa_identity: contest_id=824768 teams 1218/2375 matched, players 3415/6702 matched
2026-08-19 13:17:42,492 INFO ncaa_identity: contest_id=824796 teams 2232/2232 matched, players 6217/6219 matched
2026-08-19 13:17:47,648 INFO ncaa_identity: contest_id=825061 teams 1805/1805 matched, players 676/693 matched
2026-08-19 13:17:48,642 INFO ncaa_identity: contest_id=825084 teams 2093/2093 matched, players 5370/5903 matched
2026-08-19 13:17:49,609 INFO ncaa_identity: contest_id=825103 teams 2994/2994 matched, players 8481/8507 matched
2026-08-19 13:17:50,476 INFO ncaa_identity: contest_id=825123 teams 1198/2356 matched, players 3335/6623 matched
2026-08-19 13:17:52,274 INFO ncaa_identity: contest_id=825163 teams 2399/2399 matched, players 6606/6741 matched
2026-08-19 13:17:55,808 INFO ncaa_identity: contest_id=825248 teams 2559/2559 matched, players 5993/7230 matched
2026-08-19 13:17:56,088 INFO 5 starters not found for period 3; using estimate
2026-08-19 13:17:57,895 INFO ncaa_identity: contest_id=825364 teams 1272/2484 matched, players 3516/7036 matched
2026-08-19 13:18:01,807 INFO ncaa_identity: contest_id=825492 teams 2915/2915 matched, players 8138/8262 matched
2026-08-19 13:18:03,512 INFO ncaa_identity: contest_id=825555 teams 2238/2238 matched, players 6148/6306 matched
2026-08-19 13:18:04,418 INFO ncaa_identity: contest_id=825582 teams 1231/2401 matched, players 3428/6759 matched
2026-08-19 13:18:05,513 INFO ncaa_identity: contest_id=825595 teams 1382/2705 matched, players 3841/7602 matched
2026-08-19 13:18:06,409 INFO ncaa_identity: contest_id=825615 teams 1354/2562 matched, players 3697/7256 matched
2026-08-19 13:18:07,446 INFO ncaa_identity: contest_id=825645 teams 2416/2416 matched, players 6658/6808 matched
2026-08-19 13:18:12,612 INFO ncaa_identity: contest_id=825785 teams 2139/2139 matched, players 5950/6014 matched
2026-08-19 13:18:18,213 INFO ncaa_identity: contest_id=825926 teams 2490/2490 matched, players 6498/7006 matched
2026-08-19 13:18:20,089 INFO ncaa_identity: contest_id=826017 teams 2534/2534 matched, players 6548/7180 matched
2026-08-19 13:18:21,720 INFO ncaa_identity: contest_id=826057 teams 1190/2409 matched, players 3393/6776 matched
2026-08-19 13:18:25,292 INFO ncaa_identity: contest_id=826138 teams 2428/2428 matched, players 6365/6859 matched
2026-08-19 13:18:27,339 INFO ncaa_identity: contest_id=826169 teams 2726/2726 matched, players 7330/7651 matched
2026-08-19 13:18:28,363 INFO ncaa_identity: contest_id=826195 teams 836/1734 matched, players 274/574 matched
2026-08-19 13:18:29,338 INFO ncaa_identity: contest_id=826234 teams 2151/2151 matched, players 5515/6009 matched
2026-08-19 13:18:30,423 INFO ncaa_identity: contest_id=826246 teams 2233/2233 matched, players 6155/6290 matched
2026-08-19 13:18:31,922 INFO ncaa_identity: contest_id=826269 teams 2008/2008 matched, players 5266/5635 matched
2026-08-19 13:18:33,069 INFO ncaa_identity: contest_id=826293 teams 2150/2150 matched, players 5461/6006 matched
2026-08-19 13:18:34,820 INFO ncaa_identity: contest_id=826325 teams 1872/1872 matched, players 4714/5223 matched
2026-08-19 13:18:37,770 INFO ncaa_identity: contest_id=826369 teams 2019/2019 matched, players 5451/5647 matched
2026-08-19 13:18:38,499 INFO ncaa_identity: contest_id=826379 teams 2130/2130 matched, players 5234/6014 matched
2026-08-19 13:18:41,285 INFO ncaa_identity: contest_id=826410 teams 2375/2375 matched, players 6027/6672 matched
2026-08-19 13:18:43,132 INFO ncaa_identity: contest_id=826434 teams 2089/2089 matched, players 5572/5870 matched
2026-08-19 13:18:46,199 INFO ncaa_identity: contest_id=826459 teams 2080/2080 matched, players 5368/5824 matched
2026-08-19 13:18:47,332 INFO ncaa_identity: contest_id=826470 teams 2555/2555 matched, players 7031/7227 matched
2026-08-19 13:18:48,314 INFO ncaa_identity: contest_id=826483 teams 2175/2175 matched, players 5849/6094 matched
2026-08-19 13:18:50,453 INFO ncaa_identity: contest_id=826503 teams 2080/2080 matched, players 3050/5840 matched
2026-08-19 13:18:52,246 INFO ncaa_identity: contest_id=826524 teams 1151/2255 matched, players 3218/6345 matched
2026-08-19 13:18:54,292 INFO ncaa_identity: contest_id=826545 teams 2072/2072 matched, players 5602/5776 matched
2026-08-19 13:18:55,550 INFO ncaa_identity: contest_id=826555 teams 1165/2323 matched, players 3264/6510 matched
2026-08-19 13:18:57,415 INFO ncaa_identity: contest_id=826579 teams 1290/2506 matched, players 3550/7086 matched
2026-08-19 13:18:58,184 INFO ncaa_identity: contest_id=826613 teams 2129/2129 matched, players 5823/5986 matched
2026-08-19 13:19:00,977 INFO ncaa_identity: contest_id=826655 teams 1997/1997 matched, players 5460/5630 matched
2026-08-19 13:19:04,956 INFO ncaa_identity: contest_id=826805 teams 2641/2641 matched, players 7387/7434 matched
2026-08-19 13:19:07,652 INFO ncaa_identity: contest_id=826885 teams 1334/2594 matched, players 3677/7366 matched
2026-08-19 13:19:09,870 INFO ncaa_identity: contest_id=827006 teams 2450/2450 matched, players 6645/6927 matched
2026-08-19 13:19:11,105 INFO ncaa_identity: contest_id=827020 teams 2514/2514 matched, players 6439/7107 matched
2026-08-19 13:19:12,232 INFO ncaa_identity: contest_id=827033 teams 2917/2917 matched, players 7439/8208 matched
2026-08-19 13:19:18,751 INFO 5 starters not found for period 3; using estimate
2026-08-19 13:19:20,373 INFO ncaa_identity: contest_id=827187 teams 1979/1979 matched, players 5290/5573 matched
2026-08-19 13:19:21,681 INFO ncaa_identity: contest_id=827201 teams 3033/3033 matched, players 8156/8607 ma2026-08-19 13:19:23,845 INFO ncaa_identity: contest_id=827222 teams 2034/2034 matched, players 5485/5711 matched
2026-08-19 13:19:24,531 INFO ncaa_identity: contest_id=827263 teams 1779/1779 matched, players 4207/4983 matched
2026-08-19 13:19:26,861 INFO ncaa_identity: contest_id=827312 teams 2274/2274 matched, players 5994/6416 matched
2026-08-19 13:19:27,819 INFO ncaa_identity: contest_id=827349 teams 1522/3041 matched, players 4164/8574 matched
2026-08-19 13:19:28,820 INFO ncaa_identity: contest_id=827415 teams 2258/2258 matched, players 5991/6386 matched
2026-082026-08-19 13:19:35,952 INFO ncaa_identity: contest_id=827644 teams 1122/2252 matched, players 3179/6334 ma2026-082026-08-19 13:19:37,514 INFO ncaa_identity: contest_id=827699 teams 2001/2001 matched, players 5506/5636 ma2026-08-19 13:19:39,568 INFO ncaa_identity: contest_id=827708 teams 1160/2193 matched, players 3074/6175 matched
2026-08-19 13:19:40,743 INFO ncaa_identity: contest_id=827796 teams 1201/2518 matched, players 3115/7041 matched
2026-082026-08-19 13:19:44,908 INFO ncaa_identity: contest_id=827941 teams 2639/2639 matched, players 6962/7456 matched
2026-08-19 13:19:45,811 INFO ncaa_identity: contest_id=827960 teams 2199/2199 matched, players 5807/6211 ma2026-082026-08-19 13:19:46,870 INFO ncaa_identity: contest_id=827979 teams 2157/2157 matched, players 5637/6103 2026-08-12026-08-19 13:19:51,483 INFO ncaa_identity: contest_id=828096 teams 2529/2529 matched, players 6882/7124 2026-08-12026-08-19 13:19:54,135 INFO ncaa_identity: contest_id=828278 teams 1993/1993 matched, players 5340/5646 2026-08-12026-08-19 13:19:59,274 INFO ncaa_identity: contest_id=828458 teams 2335/2335 matched, players 6488/6635 matched
2026-08-19 13:20:04,363 INFO ncaa_identity: contest_id=828646 teams 2140/2140 matched, players 5680/6027 matched
2026-08-19 13:20:05,205 INFO ncaa_identity: contest_id=828662 teams 2126/2126 matched, players 5787/5981 matched
2026-08-19 13:20:10,067 INFO ncaa_identity: contest_id=828796 teams 2289/2289 matched, players 726/802 matched
2026-08-19 13:20:15,478 INFO ncaa_identity: contest_id=828957 teams 2537/2537 matched, players 6553/7159 matched
2026-08-19 13:20:16,947 INFO ncaa_identity: contest_id=828986 teams 2486/2486 matched, players 6377/7014 matched
2026-08-19 13:20:19,036 INFO ncaa_identity: contest_id=829035 teams 2406/2406 matched, players 6642/6797 matched
2026-08-19 13:20:21,687 INFO ncaa_identity: contest_id=829106 teams 2516/2516 matched, players 6336/7051 matched
2026-08-19 13:20:22,849 INFO ncaa_identity: contest_id=829124 teams 2039/2039 matched, players 5609/5718 matched
2026-08-19 13:20:25,060 INFO ncaa_identity: contest_id=829152 teams 2533/2533 matched, players 7000/7176 matched
2026-08-19 13:20:26,342 INFO ncaa_identity: contest_id=829267 teams 2480/2480 matched, players 6503/6971 matched
2026-08-19 13:20:30,571 INFO ncaa_identity: contest_id=829421 teams 2198/2198 matched, players 5437/6153 matched
2026-08-19 13:20:32,709 INFO ncaa_identity: contest_id=829539 teams 1396/2523 matched, players 3652/7147 ma2026-08-19 13:20:36,584 INFO ncaa_identity: contest_id=829575 teams 2694/2694 matched, players 7624/7626 matched
2026-08-19 13:20:40,054 INFO ncaa_identity: contest_id=829723 teams 1053/2063 matched, players 2914/5765 matched
2026-082026-08-19 13:20:44,406 INFO ncaa_identity: contest_id=829939 teams 2492/2492 matched, players 6868/7037 matched
2026-08-19 13:20:45,336 INFO ncaa_identity: contest_id=829997 teams 1813/1813 matched, players 5005/5089 matched
2026-08-19 13:20:46,837 INFO ncaa_identity: contest_id=830040 teams 2189/2189 matched, players 5672/6157 matched
2026-08-19 13:20:47,696 INFO ncaa_identity: contest_id=830073 teams 2339/2339 matched, players 6256/6537 2026-08-12026-08-19 13:20:52,453 INFO ncaa_identity: contest_id=830176 teams 2199/2199 matched, players 6019/6211 matched
2026-08-19 13:20:53,333 INFO ncaa_identity: contest_id=830206 teams 0/2035 matched, players 0/5757 matched
2026-08-19 13:20:56,151 INFO ncaa_identity: contest_id=830258 teams 2895/2895 matched, players 8054/8199 matched
2026-08-19 13:20:57,011 INFO ncaa_identity: contest_id=830336 teams 2398/2398 matched, players 6322/6747 matched
2026-08-19 13:20:58,744 INFO ncaa_identity: contest_id=830443 teams 2336/2336 matched, players 6413/6577 matched
2026-08-19 13:20:59,882 INFO ncaa_identity: contest_id=830473 teams 2573/2573 matched, players 7146/7245 matched
2026-08-19 13:21:00,665 INFO ncaa_identity: contest_id=830488 teams 2411/2411 matched, players 6739/6831 match2026-08-19 13:21:07,726 INFO ncaa_identity: contest_id=830708 teams 2654/2654 matched, players 7320/7476 matched
2026-08-19 13:21:08,744 INFO ncaa_identity: contest_id=830738 teams 2599/2599 matched, players 6954/7368 matched
2026-08-19 13:21:09,643 INFO ncaa_identity: contest_id=830759 teams 2632/2632 matched, players 7389/7406 matched
2026-08-19 13:21:12,407 INFO ncaa_identity: contest_id=830872 teams 2131/2131 matched, players 5769/6005 matched
2026-08-19 13:21:16,572 INFO ncaa_identity: contest_id=831056 teams 2187/2187 matched, players 5560/6161 matched
2026-08-19 13:21:17,770 INFO ncaa_identity: contest_id=831077 teams 2725/2725 matched, players 7443/7634 matched
2026-08-19 13:21:20,881 INFO ncaa_identity: contest_id=831168 teams 2233/2233 matched, players 5793/6277 matched
2026-08-19 13:21:23,784 INFO ncaa_identity: contest_id=831263 teams 2750/2750 matched, players 7225/7745 matched
2026-08-19 13:21:27,751 INFO ncaa_identity: contest_id=831418 teams 1823/1823 matched, players 5042/5131 matched
2026-08-19 13:21:30,542 INFO ncaa_identity: contest_id=831558 teams 2583/2583 matched, players 7243/7245 matched
2026-08-19 13:21:44,651 INFO ncaa_identity: contest_id=832132 teams 2337/2337 matched, players 6106/6575 matched
2026-08-19 13:21:49,714 INFO ncaa_identity: contest_id=832275 teams 2311/2311 matched, players 5928/6502 matched
2026-08-19 13:21:51,130 INFO ncaa_identity: contest_id=832314 teams 2448/2448 matched, players 6591/6938 matched
2026-08-19 13:21:52,265 INFO ncaa_identity: contest_id=832338 teams 1264/2464 matched, players 3541/6934 matched
2026-08-19 13:21:52,929 INFO ncaa_identity: contest_id=832365 teams 2005/2005 matched, players 4221/5603 matched
2026-08-19 13:21:55,997 INFO ncaa_identity: contest_id=832577 teams 2056/2056 matched, players 5531/5716 matched
2026-08-19 13:21:57,516 INFO ncaa_identity: contest_id=832611 teams 2162/2162 matched, players 5558/6083 matched
2026-08-19 13:21:58,396 INFO ncaa_identity: contest_id=832623 teams 2203/2203 matched, players 6174/6202 matched
2026-08-19 13:22:01,803 INFO ncaa_identity: contest_id=832798 teams 2632/2632 matched, players 6954/7456 matched
2026-08-19 13:22:02,642 INFO ncaa_identity: contest_id=832823 teams 2012/2012 matched, players 5601/5641 matched
2026-08-19 13:22:04,187 INFO ncaa_identity: contest_id=832869 teams 2381/2381 matched, players 6285/6704 matched
2026-08-19 13:22:05,000 INFO ncaa_identity: contest_id=832944 teams 1939/1939 matched, players 5182/5479 matched
2026-08-19 13:22:10,089 INFO ncaa_identity: contest_id=833062 teams 1118/2199 matched, players 3147/6203 matched
2026-08-19 13:22:11,913 INFO ncaa_identity: contest_id=833180 teams 2329/2329 matched, players 6164/6519 matched
2026-08-19 13:22:13,602 INFO ncaa_identity: contest_id=833222 teams 2029/2029 matched, players 5181/5679 matched
2026-08-19 13:22:17,849 INFO ncaa_identity: contest_id=833332 teams 2718/2718 matched, players 7455/7694 matched
2026-08-19 13:22:19,494 INFO ncaa_identity: contest_id=833388 teams 2097/2097 matched, players 5422/5907 matched
2026-08-19 13:22:21,248 INFO ncaa_identity: contest_id=833424 teams 3284/3284 matched, players 9214/9216 matched
2026-08-19 13:22:22,941 INFO ncaa_identity: contest_id=833530 teams 2169/2169 matched, players 5955/6109 matched
2026-08-19 13:22:23,683 INFO ncaa_identity: contest_id=833633 teams 2273/2273 matched, players 6395/6425 matched
2026-08-19 13:22:24,367 INFO ncaa_identity: contest_id=833645 teams 1739/1739 matched, players 712/714 matched
2026-08-19 13:22:27,695 INFO ncaa_identity: contest_id=833749 teams 1203/2445 matched, players 3384/6860 matched
2026-08-19 13:22:31,010 INFO ncaa_identity: contest_id=833891 teams 2183/2183 matched, players 5743/6139 matched
2026-08-19 13:22:33,830 INFO ncaa_identity: contest_id=833953 teams 2389/2389 matched, players 5720/6755 matched
2026-08-19 13:22:34,774 INFO ncaa_identity: contest_id=833964 teams 2392/2392 matched, players 6151/6752 matched
2026-08-19 13:22:35,860 INFO ncaa_identity: contest_id=834037 teams 2323/2323 matched, players 6269/6540 matched
2026-08-19 13:22:36,596 INFO ncaa_identity: contest_id=834057 teams 2336/2336 matched, players 6132/6569 matched
2026-08-19 13:22:38,432 INFO ncaa_identity: contest_id=834133 teams 2607/2607 matched, players 6751/7342 matched
2026-08-19 13:22:43,783 INFO ncaa_identity: contest_id=834340 teams 2772/2772 matched, players 7650/7860 matched
2026-08-19 13:22:46,928 INFO ncaa_identity: contest_id=834547 teams 2357/2357 matched, players 6579/6652 matched
2026-08-19 13:22:51,800 INFO ncaa_identity: contest_id=834607 teams 2119/2119 matched, players 5497/5920 matched
2026-08-19 13:22:52,691 INFO ncaa_identity: contest_id=834676 teams 2317/2317 matched, players 6404/6551 matched
2026-08-19 13:22:55,151 INFO ncaa_identity: contest_id=834746 teams 1920/1920 matched, players 5169/5410 matched
2026-08-19 13:22:55,853 INFO ncaa_identity: contest_id=834762 teams 2294/2294 matched, players 6011/6508 matched
2026-08-19 13:22:56,843 INFO ncaa_identity: contest_id=834855 teams 2473/2473 matched, players 6828/6948 matched
2026-08-19 13:22:57,654 INFO ncaa_identity: contest_id=834876 teams 2351/2351 matched, players 6084/6587 matched
2026-08-19 13:23:00,251 INFO ncaa_identity: contest_id=834917 teams 2491/2491 matched, players 6648/7073 matched
2026-08-19 13:23:03,594 INFO ncaa_identity: contest_id=835022 teams 2553/2553 matched, players 7110/7179 matched
2026-08-19 13:23:06,136 INFO ncaa_identity: contest_id=835100 teams 2439/2439 matched, players 6841/6851 matched
2026-08-19 13:23:08,003 INFO ncaa_identity: contest_id=835192 teams 2332/2332 matched, players 6378/6531 matched
2026-08-19 13:23:09,747 INFO ncaa_identity: contest_id=835227 teams 2190/2190 matched, players 5665/6165 matched
2026-08-19 13:23:11,593 INFO ncaa_identity: contest_id=835253 teams 1994/1994 matched, players 5551/5590 matched
2026-08-19 13:23:12,331 INFO ncaa_identity: contest_id=835266 teams 1964/1964 matched, players 5183/5467 matched
2026-08-19 13:23:13,958 INFO ncaa_identity: contest_id=835290 teams 2038/2038 matched, players 5498/5768 matched
2026-08-19 13:23:18,186 INFO ncaa_identity: contest_id=835353 teams 2328/2328 matched, players 6371/6543 matched
2026-08-19 13:23:18,791 INFO ncaa_identity: contest_id=835397 teams 869/1716 matched, players 2428/4835 matched
2026-08-19 13:23:21,571 INFO ncaa_identity: contest_id=835523 teams 2034/2034 matched, players 5349/5771 matched
2026-08-19 13:23:22,248 INFO ncaa_identity: contest_id=835533 teams 2005/2005 matched, players 5218/5622 matched
2026-08-19 13:23:24,761 INFO ncaa_identity: contest_id=835593 teams 2031/2031 matched, players 5674/5728 matched
2026-08-19 13:23:26,211 INFO ncaa_identity: contest_id=835613 teams 1940/1940 matched, players 5223/5434 matched
2026-08-19 13:23:27,007 INFO ncaa_identity: contest_id=835623 teams 2099/2099 matched, players 760/796 matched
2026-08-19 13:23:35,035 INFO ncaa_identity: contest_id=835860 teams 2328/2328 matched, players 6086/6546 matched
2026-08-19 13:23:35,913 INFO ncaa_identity: contest_id=835870 teams 2117/2117 matched, players 5455/5952 matched
2026-08-19 13:23:36,629 INFO ncaa_identity: contest_id=835880 teams 2414/2414 matched, players 6458/6812 matched
2026-08-19 13:23:38,302 INFO ncaa_identity: contest_id=835900 teams 2381/2381 matched, players 6251/6692 matched
2026-08-19 13:23:41,616 INFO ncaa_identity: contest_id=835993 teams 2482/2482 matched, players 6497/6973 matched
2026-08-19 13:23:42,287 INFO ncaa_identity: contest_id=836009 teams 2374/2374 matched, players 6303/6682 matched
2026-08-19 13:23:43,818 INFO ncaa_identity: contest_id=836040 teams 2071/2071 matched, players 5748/5806 matched
2026-08-19 13:23:45,070 INFO ncaa_identity: contest_id=836065 teams 1790/1790 matched, players 4837/5010 matched
2026-08-19 13:23:48,893 INFO ncaa_identity: contest_id=836120 teams 2364/2364 matched, players 6558/6675 matched
2026-08-19 13:23:50,423 INFO ncaa_identity: contest_id=836141 teams 2120/2120 matched, players 5370/5944 matched
2026-08-19 13:23:51,835 INFO ncaa_identity: contest_id=836164 teams 1988/1988 matched, players 5100/5583 matched
2026-08-19 13:23:52,513 INFO ncaa_identity: contest_id=836180 teams 1791/1791 matched, players 4696/4992 matched
2026-08-19 13:23:54,162 INFO ncaa_identity: contest_id=836203 teams 2127/2127 matched, players 5498/6010 matched
2026-08-19 13:23:57,797 INFO ncaa_identity: contest_id=836292 teams 2460/2460 matched, players 6660/6932 matched
2026-08-19 13:24:04,305 INFO ncaa_identity: contest_id=836393 teams 2418/2418 matched, players 6368/6802 matched
2026-08-19 13:24:09,084 INFO ncaa_identity: contest_id=836462 teams 2317/2317 matched, players 5973/6512 matched
2026-08-19 13:24:10,136 INFO ncaa_identity: contest_id=736162 teams 1204/2391 matched, players 3318/6701 matched
2026-08-19 13:24:11,873 INFO ncaa_identity: contest_id=736184 teams 2372/2372 matched, players 6189/6688 matched
2026-08-19 13:24:13,874 INFO ncaa_identity: contest_id=736206 teams 2509/2509 matched, players 6568/7076 matched
2026-08-19 13:24:17,539 INFO ncaa_identity: contest_id=736248 teams 2930/2930 matched, players 7648/8283 matched
2026-08-19 13:24:20,467 INFO ncaa_identity: contest_id=736306 teams 1084/2153 matched, players 3044/6071 matched
2026-08-19 13:24:23,038 INFO ncaa_identity: contest_id=736381 teams 2784/2784 matched, players 7139/7867 matched
2026-08-19 13:24:25,221 INFO ncaa_identity: contest_id=736428 teams 1143/2278 matched, players 3147/6395 matched
2026-08-19 13:24:27,108 INFO ncaa_identity: contest_id=736502 teams 2186/2186 matched, players 5708/6153 matched
2026-08-19 13:24:27,906 INFO ncaa_identity: contest_id=736512 teams 2789/2789 matched, players 7003/7907 matched
2026-08-19 13:24:29,699 INFO ncaa_identity: contest_id=736551 teams 2447/2447 matched, players 922/966 matched
2026-08-19 13:24:31,597 INFO ncaa_identity: contest_id=736576 teams 1242/2611 matched, players 3646/7358 matched
2026-08-19 13:24:34,290 INFO ncaa_identity: contest_id=736611 teams 1174/2426 matched, players 3360/6777 matched
2026-08-19 13:24:37,145 INFO ncaa_identity: contest_id=736635 teams 2762/2762 matched, players 7274/7788 matched
2026-08-19 13:24:39,878 INFO ncaa_identity: contest_id=736645 teams 2046/2046 matched, players 5219/5696 matched
2026-08-19 13:24:52,564 INFO ncaa_identity: contest_id=736723 teams 1637/3276 matched, players 4691/9311 matched
2026-08-19 13:24:53,652 INFO ncaa_identity: contest_id=736741 teams 2449/2449 matched, players 6377/6900 matched
2026-08-19 13:24:54,505 INFO ncaa_identity: contest_id=736757 teams 2323/2323 matched, players 6127/6546 matched
2026-08-19 13:24:56,339 INFO ncaa_identity: contest_id=736805 teams 1112/2130 matched, players 2967/6004 matched
2026-08-19 13:24:57,156 INFO ncaa_identity: contest_id=736831 teams 2595/2595 matched, players 6323/7333 matched
2026-08-19 13:24:58,155 INFO ncaa_identity: contest_id=736857 teams 2506/2506 matched, players 6841/7085 matched
2026-08-19 13:24:59,049 INFO ncaa_identity: contest_id=736874 teams 2466/2466 matched, players 6434/6964 matched
2026-08-19 13:25:00,054 INFO ncaa_identity: contest_id=736896 teams 1291/2584 matched, players 3599/7269 matched
2026-08-19 13:25:05,898 INFO ncaa_identity: contest_id=737087 teams 2373/2373 matched, players 6413/6578 matched
2026-08-19 13:25:06,765 INFO ncaa_identity: contest_id=737154 teams 2621/2621 matched, players 7211/7384 matched
2026-08-19 13:25:08,886 INFO ncaa_identity: contest_id=737228 teams 2782/2782 matched, players 5216/7849 matched
2026-08-19 13:25:12,586 INFO ncaa_identity: contest_id=737366 teams 1213/2389 matched, players 3355/6699 matched
2026-08-19 13:25:15,168 INFO ncaa_identity: contest_id=737571 teams 2724/2724 matched, players 7004/7714 matched
2026-08-19 13:25:15,922 INFO ncaa_identity: contest_id=737584 teams 2060/2060 matched, players 5523/5767 matched
2026-08-19 13:25:16,733 INFO ncaa_identity: contest_id=737597 teams 2533/2533 matched, players 6801/7168 matched
2026-08-19 13:25:17,752 INFO ncaa_identity: contest_id=737612 teams 2626/2626 matched, players 7143/7395 matched
2026-08-19 13:25:20,283 INFO ncaa_identity: contest_id=737661 teams 2333/2333 matched, players 6114/6618 matched
2026-08-19 13:25:20,879 INFO ncaa_identity: contest_id=737676 teams 1824/1824 matched, players 5067/5130 matched
2026-08-19 13:25:21,823 INFO ncaa_identity: contest_id=737710 teams 2039/2039 matched, players 5338/5697 matched
2026-08-19 13:25:24,674 INFO ncaa_identity: contest_id=737762 teams 1234/2497 matched, players 3529/7011 matched
2026-08-19 13:25:25,540 INFO ncaa_identity: contest_id=737793 teams 2526/2526 matched, players 5897/7144 matched
2026-08-19 13:25:26,431 INFO ncaa_identity: contest_id=737817 teams 2130/2130 matched, players 5714/5946 matched
2026-08-19 13:25:28,177 INFO ncaa_identity: contest_id=737976 teams 1125/2186 matched, players 2663/6161 matched
2026-08-19 13:25:31,170 INFO ncaa_identity: contest_id=738047 teams 2518/2518 matched, players 6695/7076 matched
2026-08-19 13:25:32,249 INFO ncaa_identity: contest_id=738061 teams 2135/2135 matched, players 5979/6018 matched
2026-08-19 13:25:33,312 INFO ncaa_identity: contest_id=738072 teams 2499/2499 matched, players 6574/7049 matched
2026-08-19 13:25:35,274 INFO ncaa_identity: contest_id=738102 teams 1327/2570 matched, players 3500/7250 matched
2026-08-19 13:25:36,193 INFO ncaa_identity: contest_id=738118 teams 2518/2518 matched, players 7053/7110 matched
2026-08-19 13:25:37,098 INFO ncaa_identity: contest_id=738132 teams 3082/3082 matched, players 8388/8804 matched
2026-08-19 13:25:38,935 INFO ncaa_identity: contest_id=738154 teams 2334/2334 matched, players 6111/6587 matched
2026-08-19 13:25:39,702 INFO ncaa_identity: contest_id=738169 teams 2306/2306 matched, players 5716/6522 matched
2026-08-19 13:25:40,459 INFO ncaa_identity: contest_id=738218 teams 2192/2192 matched, players 5810/6179 matched
2026-08-19 13:25:42,840 INFO ncaa_identity: contest_id=738284 teams 2040/2040 matched, players 5418/5696 matched
2026-08-19 13:25:44,686 INFO ncaa_identity: contest_id=738329 teams 2366/2366 matched, players 6480/6684 matched
2026-08-19 13:25:45,738 INFO ncaa_identity: contest_id=738346 teams 2708/2708 matched, players 7113/7659 matched
2026-08-19 13:25:46,474 INFO ncaa_identity: contest_id=738364 teams 991/1931 matched, players 2658/5391 matched
2026-08-19 13:25:47,155 INFO ncaa_identity: contest_id=738377 teams 2185/2185 matched, players 5573/6145 matched
2026-08-19 13:25:48,077 INFO ncaa_identity: contest_id=738415 teams 2281/2281 matched, players 5811/6409 matched
2026-08-19 13:25:50,482 INFO ncaa_identity: contest_id=738568 teams 2360/2360 matched, players 6237/6658 matched
2026-08-19 13:25:51,464 INFO ncaa_identity: contest_id=738586 teams 2604/2604 matched, players 6749/7315 matched
2026-08-19 13:25:53,881 INFO ncaa_identity: contest_id=738685 teams 2278/2278 matched, players 5888/6372 matched
2026-08-19 13:25:54,561 INFO ncaa_identity: contest_id=738708 teams 2122/2122 matched, players 5646/5983 matched
2026-08-19 13:25:55,354 INFO ncaa_identity: contest_id=738745 teams 1301/2623 matched, players 3523/7399 matched
2026-08-19 13:25:57,273 INFO ncaa_identity: contest_id=738797 teams 2986/2986 matched, players 8071/8433 matched
2026-08-19 13:25:59,762 INFO ncaa_identity: contest_id=738917 teams 2637/2637 matched, players 7099/7438 matched
2026-08-19 13:26:02,771 INFO ncaa_identity: contest_id=739007 teams 2196/2196 matched, players 5775/6163 matched
2026-08-19 13:26:06,130 INFO ncaa_identity: contest_id=739181 teams 1198/2431 matched, players 3297/6791 matched
2026-08-19 13:26:06,837 INFO ncaa_identity: contest_id=739218 teams 2490/2490 matched, players 6979/7010 matched
2026-08-19 13:26:09,290 INFO ncaa_identity: contest_id=739323 teams 2452/2452 matched, players 6892/6917 matched
2026-08-19 13:26:10,087 INFO ncaa_identity: contest_id=739356 teams 1776/1776 matched, players 4591/4986 matched
2026-08-19 13:26:11,496 INFO ncaa_identity: contest_id=739411 teams 2470/2470 matched, players 6896/6949 matched
2026-08-19 13:26:12,498 INFO ncaa_identity: contest_id=739428 teams 2620/2620 matched, players 7241/7445 matched
2026-08-19 13:26:16,482 INFO ncaa_identity: contest_id=739650 teams 1291/2538 matched, players 3651/7165 matched
2026-08-19 13:26:17,225 INFO ncaa_identity: contest_id=739708 teams 2667/2667 matched, players 7004/7513 matched
2026-08-19 13:26:18,260 INFO ncaa_identity: contest_id=739744 teams 2668/2668 matched, players 6705/7485 matched
2026-08-19 13:26:19,125 INFO ncaa_identity: contest_id=739787 teams 1587/3092 matched, players 4485/8774 matched
2026-08-19 13:26:21,892 INFO ncaa_identity: contest_id=739858 teams 2396/2396 matched, players 6632/6785 matched
2026-08-19 13:26:23,671 INFO ncaa_identity: contest_id=739920 teams 1244/2438 matched, players 2846/6825 matched
2026-08-19 13:26:26,290 INFO ncaa_identity: contest_id=740011 teams 2292/2292 matched, players 6255/6468 matched
2026-08-19 13:26:27,069 INFO ncaa_identity: contest_id=740036 teams 2296/2296 matched, players 6417/6438 matched
2026-08-19 13:26:27,808 INFO ncaa_identity: contest_id=740053 teams 2369/2369 matched, players 6364/6697 matched
2026-08-19 13:26:28,751 INFO ncaa_identity: contest_id=740099 teams 1221/2374 matched, players 3346/6648 matched
2026-08-19 13:26:30,355 INFO ncaa_identity: contest_id=740190 teams 1128/2220 matched, players 3140/6241 matched
2026-08-19 13:26:32,909 INFO ncaa_identity: contest_id=740328 teams 2612/2612 matched, players 7079/7430 matched
2026-08-19 13:26:33,628 INFO ncaa_identity: contest_id=740354 teams 2490/2490 matched, players 5849/6999 matched
2026-08-19 13:26:35,266 INFO ncaa_identity: contest_id=740408 teams 2238/2238 matched, players 5757/6326 matched
2026-08-19 13:26:37,151 INFO ncaa_identity: contest_id=740451 teams 2051/2051 matched, players 5050/5722 matched
2026-08-19 13:26:37,873 INFO ncaa_identity: contest_id=740467 teams 2436/2436 matched, players 6572/6882 matched
2026-08-19 13:26:40,535 INFO ncaa_identity: contest_id=740634 teams 985/1925 matched, players 343/640 matched
2026-08-19 13:26:42,244 INFO ncaa_identity: contest_id=740693 teams 2607/2607 matched, players 7257/7346 matched
2026-08-19 13:26:43,897 INFO ncaa_identity: contest_id=740751 teams 2366/2366 matched, players 6000/6654 matched
2026-08-19 13:26:45,484 INFO ncaa_identity: contest_id=740823 teams 2028/2028 matched, players 5528/5716 matched
2026-08-19 13:26:47,089 INFO ncaa_identity: contest_id=740878 teams 2299/2299 matched, players 6116/6422 matched
2026-08-19 13:26:49,379 INFO ncaa_identity: contest_id=740978 teams 2485/2485 matched, players 6760/7010 matched
2026-08-19 13:26:53,779 INFO ncaa_identity: contest_id=741164 teams 1085/2149 matched, players 3018/6054 matched
2026-08-19 13:26:54,646 INFO ncaa_identity: contest_id=741198 teams 1224/2374 matched, players 2919/6688 matched
2026-08-19 13:26:55,480 INFO ncaa_identity: contest_id=741216 teams 2714/2714 matched, players 7434/7674 matched
2026-08-19 13:26:57,783 INFO ncaa_identity: contest_id=741284 teams 1091/2098 matched, players 3015/5954 matched
2026-08-19 13:27:01,170 INFO ncaa_identity: contest_id=741412 teams 2151/2151 matched, players 5623/6076 matched
2026-08-19 13:27:02,062 INFO ncaa_identity: contest_id=741423 teams 3033/3033 matched, players 8050/8547 matched
2026-08-19 13:27:02,994 INFO ncaa_identity: contest_id=741447 teams 2547/2547 matched, players 6977/7157 matched
2026-08-19 13:27:04,662 INFO ncaa_identity: contest_id=741511 teams 1684/1684 matched, players 4479/4743 matched
2026-08-19 13:27:06,240 INFO ncaa_identity: contest_id=741544 teams 2109/2109 matched, players 5590/5919 matched
2026-08-19 13:27:09,175 INFO ncaa_identity: contest_id=741640 teams 2460/2460 matched, players 6614/6975 matched
2026-08-19 13:27:14,522 INFO ncaa_identity: contest_id=741742 teams 2216/2216 matched, players 6065/6251 matched
2026-08-19 13:27:16,269 INFO ncaa_identity: contest_id=741764 teams 2448/2448 matched, players 6594/6919 matched
2026-08-19 13:27:17,815 INFO ncaa_identity: contest_id=741786 teams 2715/2715 matched, players 6929/7645 matched
2026-08-19 13:27:21,985 INFO ncaa_identity: contest_id=741850 teams 2402/2402 matched, players 6622/6738 matched
2026-08-19 13:27:24,600 INFO ncaa_identity: contest_id=741885 teams 2366/2366 matched, players 6133/6674 matched
2026-08-19 13:27:25,449 INFO ncaa_identity: contest_id=741895 teams 2214/2214 matched, players 6133/6239 matched
2026-08-19 13:27:26,165 INFO ncaa_identity: contest_id=741907 teams 2047/2047 matched, players 5588/5714 matched
2026-08-19 13:27:28,663 INFO ncaa_identity: contest_id=741953 teams 1246/2498 matched, players 3262/7032 matched
2026-08-19 13:27:32,337 INFO ncaa_identity: contest_id=742020 teams 2842/2842 matched, players 6805/8036 matched
2026-08-19 13:27:35,608 INFO ncaa_identity: contest_id=742075 teams 2063/2063 matched, players 4832/5762 matched
2026-08-19 13:27:37,257 INFO ncaa_identity: contest_id=742116 teams 1328/2516 matched, players 3659/7102 matched
2026-08-19 13:27:39,629 INFO ncaa_identity: contest_id=742264 teams 2318/2318 matched, players 5871/6519 matched
2026-08-19 13:27:40,710 INFO ncaa_identity: contest_id=742294 teams 1299/2611 matched, players 3487/7333 matched
2026-08-19 13:27:42,274 INFO ncaa_identity: contest_id=742378 teams 2634/2634 matched, players 7391/7455 matched
2026-08-19 13:27:43,443 INFO ncaa_identity: contest_id=742389 teams 2370/2370 matched, players 6110/6634 matched
2026-08-19 13:27:45,432 INFO ncaa_identity: contest_id=742428 teams 2632/2632 matched, players 7243/7436 matched
2026-08-19 13:27:47,133 INFO ncaa_identity: contest_id=742471 teams 2992/2992 matched, players 7784/8466 matched
2026-08-19 13:27:48,848 INFO ncaa_identity: contest_id=742508 teams 2127/2127 matched, players 5886/5968 matched
2026-08-19 13:27:49,898 INFO ncaa_identity: contest_id=742526 teams 1276/2515 matched, players 3592/7082 matched
2026-08-19 13:27:54,279 INFO ncaa_identity: contest_id=742676 teams 2712/2712 matched, players 7170/7652 matched
2026-08-19 13:27:56,201 INFO ncaa_identity: contest_id=742709 teams 2531/2531 matched, players 7076/7106 matched
2026-08-19 13:27:57,169 INFO ncaa_identity: contest_id=742796 teams 2455/2455 matched, players 6399/6922 matched
2026-08-19 13:27:58,777 INFO ncaa_identity: contest_id=742893 teams 1153/2231 matched, players 3224/6291 matched
2026-08-19 13:27:59,621 INFO ncaa_identity: contest_id=742914 teams 2275/2275 matched, players 6017/6352 matched
2026-08-19 13:28:00,387 INFO ncaa_identity: contest_id=742938 teams 1204/2414 matched, players 3335/6805 matched
2026-08-19 13:28:02,099 INFO ncaa_identity: contest_id=742991 teams 2276/2276 matched, players 6423/6425 matched
2026-08-19 13:28:03,399 INFO ncaa_identity: contest_id=743013 teams 2370/2370 matched, players 6381/6699 matched
2026-08-19 13:28:04,901 INFO ncaa_identity: contest_id=743047 teams 2100/2100 matched, players 5541/5898 matched
2026-08-19 13:28:05,845 INFO ncaa_identity: contest_id=743084 teams 2382/2382 matched, players 6503/6719 matched
2026-08-19 13:28:06,571 INFO ncaa_identity: contest_id=743101 teams 2067/2067 matched, players 5382/5843 matched
2026-08-19 13:28:07,333 INFO ncaa_identity: contest_id=743128 teams 2155/2155 matched, players 5780/6054 matched
2026-08-19 13:28:08,280 INFO ncaa_identity: contest_id=743231 teams 2417/2417 matched, players 6340/6825 matched
2026-08-19 13:28:11,668 INFO ncaa_identity: contest_id=743399 teams 2284/2284 matched, players 5955/6458 matched
2026-08-19 13:28:14,525 INFO ncaa_identity: contest_id=743510 teams 2457/2457 matched, players 6356/6907 matched
2026-08-19 13:28:15,205 INFO ncaa_identity: contest_id=743535 teams 2105/2105 matched, players 5468/5963 matched
2026-08-19 13:28:20,746 INFO ncaa_identity: contest_id=743729 teams 2411/2411 matched, players 6506/6791 matched
2026-08-19 13:28:23,321 INFO ncaa_identity: contest_id=743782 teams 2057/2057 matched, players 5306/5790 matched
2026-08-19 13:28:24,149 INFO ncaa_identity: contest_id=743796 teams 2391/2391 matched, players 6638/6726 matched
2026-08-19 13:28:25,973 INFO ncaa_identity: contest_id=743961 teams 2374/2374 matched, players 6642/6678 matched
2026-08-19 13:28:27,061 INFO ncaa_identity: contest_id=743988 teams 2318/2318 matched, players 6170/6558 matched
2026-08-19 13:28:29,841 INFO ncaa_identity: contest_id=744062 teams 2949/2949 matched, players 7852/8383 matched
2026-08-19 13:28:30,669 INFO ncaa_identity: contest_id=744077 teams 2244/2244 matched, players 5928/6310 matched
2026-08-19 13:28:31,689 INFO ncaa_identity: contest_id=744111 teams 2493/2493 matched, players 6999/7007 matched
2026-08-19 13:28:32,557 INFO ncaa_identity: contest_id=744136 teams 2545/2545 matched, players 6571/7155 matched
2026-08-19 13:28:33,474 INFO ncaa_identity: contest_id=744157 teams 2311/2311 matched, players 6008/6532 matched
2026-08-19 13:28:38,609 INFO ncaa_identity: contest_id=744343 teams 1116/2147 matched, players 3034/6067 matched
2026-08-19 13:28:41,795 INFO ncaa_identity: contest_id=744513 teams 2273/2273 matched, players 5968/6416 matched
2026-08-19 13:28:44,500 INFO ncaa_identity: contest_id=744672 teams 2647/2647 matched, players 7234/7507 matched
2026-08-19 13:28:46,082 INFO ncaa_identity: contest_id=744720 teams 2307/2307 matched, players 6049/6506 matched
2026-08-19 13:28:47,805 INFO ncaa_identity: contest_id=744790 teams 2522/2522 matched, players 6535/7076 matched
2026-08-19 13:28:50,199 INFO ncaa_identity: contest_id=744874 teams 2473/2473 matched, players 6437/6998 matched
2026-08-19 13:28:50,849 INFO ncaa_identity: contest_id=744885 teams 2116/2116 matched, players 5628/5934 matched
2026-08-19 13:28:54,148 INFO ncaa_identity: contest_id=745063 teams 2206/2206 matched, players 5656/6226 matched
2026-08-19 13:28:57,638 INFO ncaa_identity: contest_id=745163 teams 2267/2267 matched, players 6127/6421 matched
2026-08-19 13:28:58,403 INFO ncaa_identity: contest_id=745187 teams 2354/2354 matched, players 6177/6660 matched
2026-08-19 13:29:00,124 INFO ncaa_identity: contest_id=745234 teams 2376/2376 matched, players 6425/6749 matched
2026-08-19 13:29:03,163 INFO ncaa_identity: contest_id=745319 teams 2037/2037 matched, players 5200/5740 matched
2026-08-19 13:29:03,833 INFO ncaa_identity: contest_id=745332 teams 2008/2008 matched, players 5525/5643 matched
2026-08-19 13:29:05,692 INFO ncaa_identity: contest_id=745442 teams 2732/2732 matched, players 7154/7678 matched
2026-08-19 13:29:08,692 INFO ncaa_identity: contest_id=745621 teams 2430/2430 matched, players 6831/6848 matched
2026-08-19 13:29:10,137 INFO ncaa_identity: contest_id=745697 teams 1962/1962 matched, players 5093/5506 matched
2026-08-19 13:29:11,082 INFO ncaa_identity: contest_id=745719 teams 2456/2456 matched, players 6491/6977 matched
2026-08-19 13:29:11,746 INFO ncaa_identity: contest_id=745751 teams 2291/2291 matched, players 6466/6471 matched
2026-08-19 13:29:12,585 INFO ncaa_identity: contest_id=745798 teams 2457/2457 matched, players 6865/6931 matched
2026-08-19 13:29:15,874 INFO ncaa_identity: contest_id=745938 teams 1343/2593 matched, players 3683/7303 matched
2026-08-19 13:29:16,639 INFO ncaa_identity: contest_id=745952 teams 1969/1969 matched, players 770/772 matched
2026-08-19 13:29:21,462 INFO ncaa_identity: contest_id=746155 teams 2106/2106 matched, players 5419/5899 matched
2026-08-19 13:29:23,563 INFO ncaa_identity: contest_id=746200 teams 2328/2328 matched, players 6186/6576 matched
2026-08-19 13:29:24,646 INFO ncaa_identity: contest_id=746231 teams 2570/2570 matched, players 7090/7223 matched
2026-08-19 13:29:31,215 INFO ncaa_identity: contest_id=746421 teams 1957/1957 matched, players 5098/5501 matched
2026-08-19 13:29:31,990 INFO ncaa_identity: contest_id=746501 teams 2360/2360 matched, players 5762/6613 matched
2026-08-19 13:29:33,681 INFO ncaa_identity: contest_id=746611 teams 2243/2243 matched, players 6196/6329 matched
2026-08-19 13:29:35,349 INFO ncaa_identity: contest_id=746653 teams 2100/2100 matched, players 5585/5894 matched
2026-08-19 13:29:36,837 INFO ncaa_identity: contest_id=746756 teams 1114/2183 matched, players 3053/6163 matched
2026-08-19 13:29:37,852 INFO ncaa_identity: contest_id=746793 teams 2516/2516 matched, players 6786/7147 matched
2026-08-19 13:29:40,241 INFO ncaa_identity: contest_id=746875 teams 2064/2064 matched, players 5021/5829 matched
2026-08-19 13:29:40,989 INFO ncaa_identity: contest_id=746892 teams 2475/2475 matched, players 6951/7003 matched
2026-08-19 13:29:42,617 INFO ncaa_identity: contest_id=746988 teams 2867/2867 matched, players 7669/8156 matched
2026-08-19 13:29:44,312 INFO ncaa_identity: contest_id=747017 teams 2750/2750 matched, players 7585/7744 matched
2026-08-19 13:29:46,250 INFO ncaa_identity: contest_id=747049 teams 2929/2929 matched, players 7445/8274 matched
2026-08-19 13:29:47,651 INFO ncaa_identity: contest_id=747209 teams 2358/2358 matched, players 6295/6685 matched
2026-08-19 13:29:50,953 INFO ncaa_identity: contest_id=747308 teams 2219/2219 matched, players 5716/6260 matched
2026-08-19 13:29:53,191 INFO ncaa_identity: contest_id=747384 teams 2189/2189 matched, players 5816/6178 matched
2026-08-19 13:29:55,985 INFO ncaa_identity: contest_id=747446 teams 2721/2721 matched, players 7708/7713 matched
2026-08-19 13:29:57,779 INFO ncaa_identity: contest_id=747492 teams 1998/1998 matched, players 4751/5634 matched
2026-08-19 13:30:00,380 INFO ncaa_identity: contest_id=747683 teams 2440/2440 matched, players 6627/6896 matched
2026-08-19 13:30:02,685 INFO ncaa_identity: contest_id=747762 teams 2252/2252 matched, players 5789/6344 matched
2026-08-19 13:30:10,335 INFO ncaa_identity: contest_id=748081 teams 2182/2182 matched, players 6100/6148 matched
2026-08-19 13:30:11,144 INFO ncaa_identity: contest_id=748099 teams 2230/2230 matched, players 6281/6295 matched
2026-08-19 13:30:12,970 INFO ncaa_identity: contest_id=748125 teams 2861/2861 matched, players 7870/8084 matched
2026-08-19 13:30:13,746 INFO ncaa_identity: contest_id=748143 teams 2254/2254 matched, players 5527/6344 matched
2026-08-19 13:30:16,576 INFO ncaa_identity: contest_id=748293 teams 2115/2115 matched, players 5943/5946 matched
2026-08-19 13:30:17,269 INFO ncaa_identity: contest_id=748319 teams 2186/2186 matched, players 5684/6154 matched
2026-08-19 13:30:18,157 INFO ncaa_identity: contest_id=748337 teams 2426/2426 matched, players 6624/6791 matched
2026-08-19 13:30:19,921 INFO ncaa_identity: contest_id=748400 teams 2328/2328 matched, players 6537/6539 matched
2026-08-19 13:30:20,608 INFO ncaa_identity: contest_id=748418 teams 2400/2400 matched, players 5992/6817 matched
2026-08-19 13:30:24,335 INFO ncaa_identity: contest_id=748492 teams 2339/2339 matched, players 6032/6548 matched
2026-08-19 13:30:25,132 INFO ncaa_identity: contest_id=748508 teams 2168/2168 matched, players 5993/6114 matched
2026-08-19 13:30:26,965 INFO ncaa_identity: contest_id=748649 teams 1309/2579 matched, players 2997/7316 matched
2026-08-19 13:30:28,799 INFO ncaa_identity: contest_id=748702 teams 1957/1957 matched, players 791/793 matched
2026-08-19 13:30:30,273 INFO ncaa_identity: contest_id=748761 teams 2102/2102 matched, players 5606/5916 matched
2026-08-19 13:30:33,822 INFO ncaa_identity: contest_id=748938 teams 2358/2358 matched, players 6233/6684 matched
2026-08-19 13:30:35,393 INFO ncaa_identity: contest_id=748986 teams 2163/2163 matched, players 5794/6100 matched
2026-08-19 13:30:36,132 INFO ncaa_identity: contest_id=749012 teams 2208/2208 matched, players 6235/6242 matched
2026-08-19 13:30:38,806 INFO ncaa_identity: contest_id=749123 teams 2306/2306 matched, players 6360/6519 matched
2026-08-19 13:30:39,678 INFO ncaa_identity: contest_id=749139 teams 2233/2233 matched, players 5878/6335 matched
2026-08-19 13:30:40,390 INFO ncaa_identity: contest_id=749151 teams 1099/2192 matched, players 3074/6183 matched
2026-08-19 13:30:42,003 INFO ncaa_identity: contest_id=749200 teams 1860/1860 matched, players 4248/5214 matched
2026-08-19 13:30:43,706 INFO ncaa_identity: contest_id=749321 teams 2224/2224 matched, players 4997/6309 matched
2026-08-19 13:30:44,814 INFO ncaa_identity: contest_id=749340 teams 2443/2443 matched, players 6613/6906 matched
2026-08-19 13:30:46,440 INFO ncaa_identity: contest_id=749385 teams 2122/2122 matched, players 5438/5950 matched
2026-08-19 13:30:47,521 INFO ncaa_identity: contest_id=749407 teams 2463/2463 matched, players 6364/6940 matched
2026-08-19 13:30:48,203 INFO ncaa_identity: contest_id=749427 teams 2165/2165 matched, players 5945/6109 matched
2026-08-19 13:30:49,084 INFO ncaa_identity: contest_id=749459 teams 3048/3048 matched, players 8186/8607 matched
2026-08-19 13:30:49,935 INFO ncaa_identity: contest_id=749481 teams 1917/1917 matched, players 5285/5408 matched
2026-08-19 13:30:51,556 INFO ncaa_identity: contest_id=749520 teams 2599/2599 matched, players 7071/7343 matched
2026-08-19 13:30:52,451 INFO ncaa_identity: contest_id=749546 teams 2328/2328 matched, players 6179/6578 matched
2026-08-19 13:30:53,277 INFO ncaa_identity: contest_id=749564 teams 2295/2295 matched, players 5792/6450 matched
2026-08-19 13:30:56,743 INFO ncaa_identity: contest_id=749780 teams 2124/2124 matched, players 5913/5993 matched
2026-08-19 13:30:56,864 INFO 5 starters not found for period 4; using estimate
2026-08-19 13:30:58,607 INFO ncaa_identity: contest_id=749816 teams 2104/2104 matched, players 5596/5903 matched
2026-08-19 13:30:59,277 INFO ncaa_identity: contest_id=749846 teams 1979/1979 matched, players 5117/5544 matched
2026-08-19 13:31:00,090 INFO ncaa_identity: contest_id=749861 teams 2484/2484 matched, players 6498/7040 matched
2026-08-19 13:31:01,911 INFO ncaa_identity: contest_id=749955 teams 2860/2860 matched, players 5467/8098 matched
2026-08-19 13:31:03,005 INFO ncaa_identity: contest_id=749974 teams 2712/2712 matched, players 6756/7631 matched
2026-08-19 13:31:07,844 INFO ncaa_identity: contest_id=750099 teams 2256/2256 matched, players 6013/6345 matched
2026-08-19 13:31:11,120 INFO ncaa_identity: contest_id=750302 teams 2336/2336 matched, players 6404/6556 matched
2026-08-19 13:31:12,067 INFO ncaa_identity: contest_id=750320 teams 1854/1854 matched, players 4355/5218 matched
2026-08-19 13:31:12,955 INFO ncaa_identity: contest_id=750346 teams 1234/2437 matched, players 3525/6935 matched
2026-08-19 13:31:13,867 INFO ncaa_identity: contest_id=750358 teams 2137/2137 matched, players 5709/5974 matched
2026-08-19 13:31:15,616 INFO ncaa_identity: contest_id=750392 teams 2222/2222 matched, players 5923/6195 matched
2026-08-19 13:31:18,236 INFO ncaa_identity: contest_id=750503 teams 1362/2683 matched, players 3880/7634 matched
2026-08-19 13:31:19,753 INFO ncaa_identity: contest_id=750523 teams 1862/1862 matched, players 4773/5247 matched
2026-08-19 13:31:24,199 INFO ncaa_identity: contest_id=750633 teams 2569/2569 matched, players 6632/7242 matched
2026-08-19 13:31:27,771 INFO ncaa_identity: contest_id=750718 teams 2480/2480 matched, players 6544/7000 matched
2026-08-19 13:31:28,544 INFO ncaa_identity: contest_id=750731 teams 2076/2076 matched, players 4906/5862 matched
2026-08-19 13:31:30,739 INFO ncaa_identity: contest_id=750778 teams 1946/1946 matched, players 4695/5515 matched
2026-08-19 13:31:31,730 INFO ncaa_identity: contest_id=750826 teams 1821/1821 matched, players 708/738 matched
2026-08-19 13:31:32,546 INFO ncaa_identity: contest_id=750838 teams 2273/2273 matched, players 6188/6391 matched
2026-08-19 13:31:34,107 INFO ncaa_identity: contest_id=750861 teams 2325/2325 matched, players 6255/6578 matched
2026-08-19 13:31:38,038 INFO ncaa_identity: contest_id=750976 teams 1780/1780 matched, players 4681/5012 matched
2026-08-19 13:31:38,945 INFO ncaa_identity: contest_id=750987 teams 2102/2102 matched, players 5802/5934 matched
2026-08-19 13:31:41,734 INFO ncaa_identity: contest_id=751020 teams 2169/2169 matched, players 5965/6098 matched
2026-08-19 13:31:44,993 INFO ncaa_identity: contest_id=751056 teams 2482/2482 matched, players 6860/7004 matched
2026-08-19 13:31:50,909 INFO ncaa_identity: contest_id=751142 teams 2633/2633 matched, players 7180/7409 matched
2026-08-19 13:31:51,753 INFO ncaa_identity: contest_id=751235 teams 2619/2619 matched, players 6848/7401 matched
2026-08-19 13:31:52,743 INFO ncaa_identity: contest_id=751257 teams 2237/2237 matched, players 6237/6319 matched
2026-08-19 13:31:58,909 INFO ncaa_identity: contest_id=751363 teams 1888/1888 matched, players 5163/5359 matched
2026-08-19 13:31:59,860 INFO ncaa_identity: contest_id=751376 teams 2368/2368 matched, players 6292/6652 matched
2026-08-19 13:32:00,675 INFO ncaa_identity: contest_id=751386 teams 2532/2532 matched, players 6515/7104 matched
2026-08-19 13:32:01,375 INFO ncaa_identity: contest_id=751396 teams 2139/2139 matched, players 5650/6027 matched
2026-08-19 13:32:03,049 INFO ncaa_identity: contest_id=751440 teams 2035/2035 matched, players 5659/5720 matched
2026-08-19 13:32:06,571 INFO ncaa_identity: contest_id=751517 teams 2364/2364 matched, players 6567/6631 matched
2026-08-19 13:32:08,339 INFO ncaa_identity: contest_id=751537 teams 2271/2271 matched, players 5586/6383 matched
2026-08-19 13:32:11,810 INFO ncaa_identity: contest_id=751577 teams 2400/2400 matched, players 6440/6785 matched
2026-08-19 13:32:13,590 INFO ncaa_identity: contest_id=751635 teams 2379/2379 matched, players 5876/6679 matched
2026-08-19 13:32:14,166 INFO ncaa_identity: contest_id=751654 teams 745/1476 matched, players 2044/4139 matched
2026-08-19 13:32:15,025 INFO ncaa_identity: contest_id=751664 teams 2401/2401 matched, players 6694/6731 matched
2026-08-19 13:32:16,200 INFO ncaa_identity: contest_id=751677 teams 2657/2657 matched, players 7329/7518 matched
2026-08-19 13:32:17,880 INFO ncaa_identity: contest_id=751702 teams 1767/1767 matched, players 4494/4926 matched
2026-08-19 13:32:19,579 INFO ncaa_identity: contest_id=751723 teams 2145/2145 matched, players 5578/6010 matched
2026-08-19 13:32:20,288 INFO ncaa_identity: contest_id=751735 teams 2429/2429 matched, players 6552/6862 matched
2026-08-19 13:32:26,387 INFO ncaa_identity: contest_id=751816 teams 2284/2284 matched, players 5274/6452 matched
2026-08-19 13:32:28,103 INFO ncaa_identity: contest_id=751836 teams 1942/1942 matched, players 5129/5462 matched
2026-08-19 13:32:28,760 INFO ncaa_identity: contest_id=751846 teams 2177/2177 matched, players 5951/6127 matched
2026-08-19 13:32:31,336 INFO ncaa_identity: contest_id=751939 teams 2263/2263 matched, players 5917/6386 matched
2026-08-19 13:32:37,290 INFO ncaa_identity: contest_id=752010 teams 2019/2019 matched, players 5536/5685 matched
2026-08-19 13:32:39,891 INFO ncaa_identity: contest_id=752046 teams 2383/2383 matched, players 6120/6645 matched
2026-08-19 13:32:42,671 INFO ncaa_identity: contest_id=752080 teams 2186/2186 matched, players 5673/6157 matched
2026-08-19 13:32:44,708 INFO ncaa_identity: contest_id=717508 teams 2218/2218 matched, players 5827/6228 matched
2026-08-19 13:32:45,760 INFO ncaa_identity: contest_id=717519 teams 3328/3328 matched, players 9025/9311 matched
2026-08-19 13:32:47,611 INFO ncaa_identity: contest_id=717540 teams 2871/2871 matched, players 8105/8114 matched
2026-08-19 13:32:48,440 INFO ncaa_identity: contest_id=717551 teams 2036/2036 matched, players 5386/5729 matched
2026-08-19 13:32:49,366 INFO ncaa_identity: contest_id=717561 teams 2460/2460 matched, players 6738/6903 matched
2026-08-19 13:32:54,070 INFO ncaa_identity: contest_id=717617 teams 1755/3534 matched, players 4525/10035 matched
2026-08-19 13:32:55,126 INFO ncaa_identity: contest_id=717638 teams 1189/2369 matched, players 3323/6710 matched
2026-08-19 13:32:55,947 INFO ncaa_identity: contest_id=717666 teams 2561/2561 matched, players 6916/7211 matched
2026-08-19 13:32:56,904 INFO ncaa_identity: contest_id=717695 teams 1500/2926 matched, players 4132/8268 matched
2026-08-19 13:32:59,809 INFO ncaa_identity: contest_id=717738 teams 2583/2583 matched, players 7103/7277 matched
2026-08-19 13:33:00,544 INFO ncaa_identity: contest_id=717780 teams 1195/2417 matched, players 3462/6824 matched
2026-08-19 13:33:01,462 INFO ncaa_identity: contest_id=717807 teams 1270/2527 matched, players 3173/7099 matched
2026-08-19 13:33:02,426 INFO ncaa_identity: contest_id=717869 teams 2499/2499 matched, players 6985/7029 matched
2026-08-19 13:33:04,574 INFO ncaa_identity: contest_id=717901 teams 1375/2768 matched, players 3983/7817 matched
2026-08-19 13:33:05,521 INFO ncaa_identity: contest_id=717934 teams 2658/2658 matched, players 7031/7458 matched
2026-08-19 13:33:06,509 INFO ncaa_identity: contest_id=717949 teams 2421/2421 matched, players 6597/6816 matched
2026-08-19 13:33:09,175 INFO ncaa_identity: contest_id=717992 teams 1221/2463 matched, players 3477/6950 matched
2026-08-19 13:33:09,848 INFO ncaa_identity: contest_id=718008 teams 2350/2350 matched, players 6587/6606 matched
2026-08-19 13:33:10,848 INFO ncaa_identity: contest_id=718018 teams 1251/2504 matched, players 3571/7041 matched
2026-08-19 13:33:12,614 INFO ncaa_identity: contest_id=718039 teams 1428/2760 matched, players 2712/7720 matched
2026-08-19 13:33:14,205 INFO ncaa_identity: contest_id=718060 teams 2333/2333 matched, players 6231/6526 matched
2026-08-19 13:33:15,709 INFO ncaa_identity: contest_id=718099 teams 1340/2576 matched, players 3680/7266 matched
2026-08-19 13:33:16,636 INFO ncaa_identity: contest_id=718125 teams 2226/2226 matched, players 6202/6282 matched
2026-08-19 13:33:17,311 INFO ncaa_identity: contest_id=718137 teams 1894/1894 matched, players 5154/5210 matched
2026-08-19 13:33:20,713 INFO ncaa_identity: contest_id=718208 teams 2299/2299 matched, players 6171/6469 matched
2026-08-19 13:33:21,406 INFO ncaa_identity: contest_id=718220 teams 2405/2405 matched, players 6570/6816 matched
2026-08-19 13:33:22,210 INFO ncaa_identity: contest_id=718230 teams 2688/2688 matched, players 7613/7627 matched
2026-08-19 13:33:23,995 INFO ncaa_identity: contest_id=718287 teams 2517/2517 matched, players 7060/7064 matched
2026-08-19 13:33:26,835 INFO ncaa_identity: contest_id=718400 teams 1394/2738 matched, players 3831/7720 matched
2026-08-19 13:33:30,746 INFO ncaa_identity: contest_id=718592 teams 2199/2199 matched, players 5270/6201 matched
2026-08-19 13:33:31,479 INFO ncaa_identity: contest_id=718625 teams 1165/2320 matched, players 3243/6536 matched
2026-08-19 13:33:33,150 INFO ncaa_identity: contest_id=718836 teams 2889/2889 matched, players 7362/8162 matched
2026-08-19 13:33:34,714 INFO ncaa_identity: contest_id=718866 teams 2320/2320 matched, players 5843/6592 matched
2026-08-19 13:33:35,470 INFO ncaa_identity: contest_id=718882 teams 2397/2397 matched, players 6004/6681 matched
2026-08-19 13:33:37,875 INFO ncaa_identity: contest_id=718957 teams 3100/3100 matched, players 8423/8798 matched
2026-08-19 13:33:39,529 INFO ncaa_identity: contest_id=718981 teams 2255/2255 matched, players 6044/6360 matched
2026-08-19 13:33:40,388 INFO ncaa_identity: contest_id=719010 teams 1216/2385 matched, players 3003/6704 matched
2026-08-19 13:33:41,209 INFO ncaa_identity: contest_id=719030 teams 2549/2549 matched, players 7003/7196 matched
2026-08-19 13:33:42,109 INFO ncaa_identity: contest_id=719053 teams 2585/2585 matched, players 7093/7263 matched
2026-08-19 13:33:43,576 INFO ncaa_identity: contest_id=719111 teams 1113/2173 matched, players 3043/6115 matched
2026-08-19 13:33:45,416 INFO ncaa_identity: contest_id=719201 teams 1608/3206 matched, players 4530/9044 matched
2026-08-19 13:33:46,304 INFO ncaa_identity: contest_id=719225 teams 2598/2598 matched, players 6679/7361 matched
2026-08-19 13:33:47,964 INFO ncaa_identity: contest_id=719288 teams 1329/2639 matched, players 3722/7456 matched
2026-08-19 13:33:49,626 INFO ncaa_identity: contest_id=719370 teams 2477/2477 matched, players 6568/6979 matched
2026-08-19 13:33:50,346 INFO ncaa_identity: contest_id=719385 teams 2233/2233 matched, players 5481/6276 matched
2026-08-19 13:33:51,060 INFO ncaa_identity: contest_id=719421 teams 1180/2310 matched, players 3106/6497 matched
2026-08-19 13:33:53,597 INFO ncaa_identity: contest_id=719487 teams 2478/2478 matched, players 6978/7016 matched
2026-08-19 13:33:55,120 INFO ncaa_identity: contest_id=719550 teams 2597/2597 matched, players 6849/7348 matched
2026-08-19 13:33:56,279 INFO ncaa_identity: contest_id=719570 teams 2438/2438 matched, players 6239/6857 matched
2026-08-19 13:33:56,991 INFO ncaa_identity: contest_id=719590 teams 2489/2489 matched, players 7029/7030 matched
2026-08-19 13:33:58,499 INFO ncaa_identity: contest_id=719658 teams 1285/2503 matched, players 3580/7046 matched
2026-08-19 13:34:00,175 INFO ncaa_identity: contest_id=719708 teams 2519/2519 matched, players 6650/7078 matched
2026-08-19 13:34:00,888 INFO ncaa_identity: contest_id=719734 teams 2303/2303 matched, players 6057/6473 matched
2026-08-19 13:34:01,870 INFO ncaa_identity: contest_id=719775 teams 1303/2438 matched, players 3475/6838 matched
2026-08-19 13:34:03,543 INFO ncaa_identity: contest_id=719910 teams 1279/2550 matched, players 3610/7173 matched
2026-08-19 13:34:04,356 INFO ncaa_identity: contest_id=719972 teams 2260/2260 matched, players 5854/6378 matched
2026-08-19 13:34:06,142 INFO ncaa_identity: contest_id=719999 teams 2490/2490 matched, players 6042/6984 matched
2026-08-19 13:34:06,920 INFO ncaa_identity: contest_id=720025 teams 2622/2622 matched, players 6839/7434 matched
2026-08-19 13:34:07,855 INFO ncaa_identity: contest_id=720040 teams 2736/2736 matched, players 7078/7698 matched
2026-08-19 13:34:08,548 INFO ncaa_identity: contest_id=720056 teams 2156/2156 matched, players 5835/6044 matched
2026-08-19 13:34:09,778 INFO ncaa_identity: contest_id=720078 teams 2709/2709 matched, players 6520/7610 matched
2026-08-19 13:34:10,799 INFO ncaa_identity: contest_id=720108 teams 2547/2547 matched, players 6193/7177 matched
2026-08-19 13:34:11,650 INFO ncaa_identity: contest_id=720119 teams 2602/2602 matched, players 7258/7318 matched
2026-08-19 13:34:13,223 INFO ncaa_identity: contest_id=720156 teams 2277/2277 matched, players 6013/6426 matched
2026-08-19 13:34:15,731 INFO ncaa_identity: contest_id=720247 teams 2160/2160 matched, players 5663/6070 matched
2026-08-19 13:34:16,712 INFO ncaa_identity: contest_id=720313 teams 1271/2449 matched, players 3436/6863 matched
2026-08-19 13:34:19,837 INFO ncaa_identity: contest_id=720409 teams 2953/2953 matched, players 7939/8280 matched
2026-08-19 13:34:20,663 INFO ncaa_identity: contest_id=720429 teams 878/1738 matched, players 2439/4875 matched
2026-08-19 13:34:23,014 INFO ncaa_identity: contest_id=720463 teams 2571/2571 matched, players 6965/7244 matched
2026-08-19 13:34:24,774 INFO ncaa_identity: contest_id=720490 teams 2143/2143 matched, players 5460/6001 matched
2026-08-19 13:34:25,605 INFO ncaa_identity: contest_id=720504 teams 2746/2746 matched, players 7311/7758 matched
2026-08-19 13:34:26,306 INFO ncaa_identity: contest_id=720533 teams 2168/2168 matched, players 5884/6102 matched
2026-08-19 13:34:27,156 INFO ncaa_identity: contest_id=720553 teams 2079/2079 matched, players 5768/5857 matched
2026-08-19 13:34:27,931 INFO ncaa_identity: contest_id=720573 teams 2432/2432 matched, players 6555/6881 matched
2026-08-19 13:34:28,899 INFO ncaa_identity: contest_id=720587 teams 1227/2460 matched, players 3519/6915 matched
2026-08-19 13:34:31,197 INFO ncaa_identity: contest_id=720653 teams 2184/2184 matched, players 5750/6150 matched
2026-08-19 13:34:33,618 INFO ncaa_identity: contest_id=720754 teams 946/1842 matched, players 299/746 matched
2026-08-19 13:34:34,519 INFO 5 starters not found for period 3; using estimate
2026-08-19 13:34:36,183 INFO ncaa_identity: contest_id=720846 teams 1138/2315 matched, players 3066/6502 matched
2026-08-19 13:34:37,134 INFO ncaa_identity: contest_id=720875 teams 2201/2201 matched, players 5971/6195 matched
2026-08-19 13:34:37,686 INFO ncaa_identity: contest_id=720893 teams 1241/1241 matched, players 300/329 matched
2026-08-19 13:34:38,494 INFO ncaa_identity: contest_id=720914 teams 2078/2078 matched, players 783/828 matched
2026-08-19 13:34:40,147 INFO ncaa_identity: contest_id=720965 teams 2504/2504 matched, players 900/955 matched
2026-08-19 13:34:41,954 INFO ncaa_identity: contest_id=721017 teams 2559/2559 matched, players 6967/7172 matched
2026-08-19 13:34:43,569 INFO ncaa_identity: contest_id=721062 teams 2537/2537 matched, players 6905/7161 matched
2026-08-19 13:34:46,476 INFO ncaa_identity: contest_id=721184 teams 2057/2057 matched, players 5295/5762 matched
2026-08-19 13:34:49,860 INFO ncaa_identity: contest_id=721308 teams 1157/2298 matched, players 2785/6449 matched
2026-08-19 13:34:50,981 INFO ncaa_identity: contest_id=721366 teams 1445/2939 matched, players 4102/8282 matched
2026-08-19 13:34:51,854 INFO ncaa_identity: contest_id=721382 teams 2991/2991 matched, players 7995/8464 matched
2026-08-19 13:34:53,536 INFO ncaa_identity: contest_id=721503 teams 2333/2333 matched, players 6564/6585 matched
2026-08-19 13:34:55,331 INFO ncaa_identity: contest_id=721557 teams 2381/2381 matched, players 5806/6685 matched
2026-08-19 13:34:56,135 INFO ncaa_identity: contest_id=721578 teams 1140/2303 matched, players 3201/6448 matched
2026-08-19 13:34:58,591 INFO ncaa_identity: contest_id=721647 teams 2734/2734 matched, players 7313/7781 matched
2026-08-19 13:35:01,936 INFO ncaa_identity: contest_id=721848 teams 1185/2435 matched, players 3481/6894 matched
2026-08-19 13:35:05,263 INFO ncaa_identity: contest_id=721964 teams 2281/2281 matched, players 6117/6342 matched
2026-08-19 13:35:07,677 INFO ncaa_identity: contest_id=722044 teams 1097/2189 matched, players 3140/6157 matched
2026-08-19 13:35:10,076 INFO ncaa_identity: contest_id=722162 teams 1188/2310 matched, players 3042/6468 matched
2026-08-19 13:35:10,793 INFO ncaa_identity: contest_id=722230 teams 2391/2391 matched, players 6304/6702 matched
2026-08-19 13:35:13,385 INFO ncaa_identity: contest_id=722284 teams 2171/2171 matched, players 5995/6106 matched
2026-08-19 13:35:14,182 INFO ncaa_identity: contest_id=722308 teams 2427/2427 matched, players 6176/6786 matched
2026-08-19 13:35:15,108 INFO ncaa_identity: contest_id=722328 teams 2516/2516 matched, players 6651/7108 matched
2026-08-19 13:35:15,750 INFO ncaa_identity: contest_id=722345 teams 2301/2301 matched, players 6146/6493 matched
2026-08-19 13:35:17,346 INFO ncaa_identity: contest_id=722457 teams 2566/2566 matched, players 7086/7229 matched
2026-08-19 13:35:20,439 INFO ncaa_identity: contest_id=722533 teams 1213/2354 matched, players 3328/6545 matched
2026-08-19 13:35:24,934 INFO ncaa_identity: contest_id=722674 teams 2376/2376 matched, players 6347/6749 matched
2026-08-19 13:35:26,629 INFO ncaa_identity: contest_id=722736 teams 1084/2216 matched, players 2778/6256 matched
2026-08-19 13:35:31,492 INFO ncaa_identity: contest_id=722888 teams 2228/2228 matched, players 5814/6233 matched
2026-08-19 13:35:32,237 INFO ncaa_identity: contest_id=722910 teams 2576/2576 matched, players 7102/7280 matched
2026-08-19 13:35:32,940 INFO ncaa_identity: contest_id=722945 teams 2118/2118 matched, players 5733/5946 matched
2026-08-19 13:35:35,967 INFO ncaa_identity: contest_id=723038 teams 1925/1925 matched, players 4532/5457 matched
2026-08-19 13:35:38,409 INFO ncaa_identity: contest_id=723084 teams 2404/2404 matched, players 6586/6772 matched
2026-08-19 13:35:39,174 INFO ncaa_identity: contest_id=723098 teams 2003/2003 matched, players 5293/5591 matched
2026-08-19 13:35:39,996 INFO ncaa_identity: contest_id=723125 teams 2654/2654 matched, players 7215/7461 matched
2026-08-19 13:35:40,869 INFO ncaa_identity: contest_id=723168 teams 1237/2449 matched, players 3486/6908 matched
2026-08-19 13:35:42,532 INFO ncaa_identity: contest_id=723207 teams 2134/2134 matched, players 5703/6018 matched
2026-08-19 13:35:45,642 INFO ncaa_identity: contest_id=723271 teams 1967/1967 matched, players 709/720 matched
2026-08-19 13:35:46,546 INFO ncaa_identity: contest_id=723295 teams 2520/2520 matched, players 6823/7151 matched
2026-08-19 13:35:47,270 INFO ncaa_identity: contest_id=723316 teams 2437/2437 matched, players 6822/6873 matched
2026-08-19 13:35:47,933 INFO ncaa_identity: contest_id=723326 teams 1166/2358 matched, players 3323/6606 matched
2026-08-19 13:35:48,823 INFO ncaa_identity: contest_id=723336 teams 2495/2495 matched, players 6774/7059 matched
2026-08-19 13:35:49,496 INFO ncaa_identity: contest_id=723347 teams 2223/2223 matched, players 6205/6245 matched
2026-08-19 13:35:51,031 INFO ncaa_identity: contest_id=723378 teams 1984/1984 matched, players 5438/5565 matched
2026-08-19 13:35:52,543 INFO ncaa_identity: contest_id=723398 teams 2140/2140 matched, players 5665/6006 matched
2026-08-19 13:35:54,825 INFO ncaa_identity: contest_id=723436 teams 1149/2277 matched, players 2840/6379 matched
2026-08-19 13:35:56,369 INFO ncaa_identity: contest_id=723480 teams 2206/2206 matched, players 5784/6200 matched
2026-08-19 13:35:57,103 INFO ncaa_identity: contest_id=723495 teams 2542/2542 matched, players 6801/7131 matched
2026-08-19 13:35:58,121 INFO ncaa_identity: contest_id=723522 teams 2999/2999 matched, players 8065/8499 matched
2026-08-19 13:36:00,442 INFO ncaa_identity: contest_id=723593 teams 2320/2320 matched, players 6262/6521 matched
2026-08-19 13:36:02,799 INFO ncaa_identity: contest_id=723645 teams 1321/2672 matched, players 3700/7536 matched
2026-08-19 13:36:03,631 INFO ncaa_identity: contest_id=723689 teams 1989/1989 matched, players 5258/5571 matched
2026-08-19 13:36:05,791 INFO ncaa_identity: contest_id=723757 teams 912/1866 matched, players 2641/5212 matched
2026-08-19 13:36:06,411 INFO ncaa_identity: contest_id=723771 teams 2221/2221 matched, players 5730/6243 matched
2026-08-19 13:36:07,964 INFO ncaa_identity: contest_id=723799 teams 2087/2087 matched, players 5448/5879 matched
2026-08-19 13:36:08,710 INFO ncaa_identity: contest_id=723813 teams 2473/2473 matched, players 6677/6990 matched
2026-08-19 13:36:09,732 INFO ncaa_identity: contest_id=723829 teams 3207/3207 matched, players 7697/9059 matched
2026-08-19 13:36:11,477 INFO ncaa_identity: contest_id=723854 teams 2997/2997 matched, players 8163/8511 matched
2026-08-19 13:36:12,132 INFO ncaa_identity: contest_id=723884 teams 2021/2021 matched, players 5494/5715 matched
2026-08-19 13:36:12,803 INFO ncaa_identity: contest_id=723934 teams 2372/2372 matched, players 6495/6686 matched
2026-08-19 13:36:13,751 INFO ncaa_identity: contest_id=723986 teams 1398/2718 matched, players 3963/7678 matched
2026-08-19 13:36:14,411 INFO ncaa_identity: contest_id=724025 teams 2090/2090 matched, players 5813/5873 matched
2026-08-19 13:36:16,919 INFO ncaa_identity: contest_id=724090 teams 2410/2410 matched, players 6317/6805 matched
2026-08-19 13:36:23,189 INFO ncaa_identity: contest_id=724211 teams 2335/2335 matched, players 6308/6629 matched
2026-08-19 13:36:24,888 INFO ncaa_identity: contest_id=724351 teams 1138/2233 matched, players 2784/6312 matched
2026-08-19 13:36:29,332 INFO ncaa_identity: contest_id=724542 teams 2366/2366 matched, players 6344/6669 matched
2026-08-19 13:36:31,147 INFO 5 starters not found for period 3; using estimate
2026-08-19 13:36:31,968 INFO 5 starters not found for period 3; using estimate
2026-08-19 13:36:33,002 INFO ncaa_identity: contest_id=724672 teams 2643/2643 matched, players 7021/7464 matched
2026-08-19 13:36:36,382 INFO ncaa_identity: contest_id=724828 teams 2104/2104 matched, players 5806/5901 matched
2026-08-19 13:36:37,343 INFO ncaa_identity: contest_id=724848 teams 2548/2548 matched, players 6710/7135 matched
2026-08-19 13:36:38,825 INFO ncaa_identity: contest_id=724883 teams 2108/2108 matched, players 5551/5962 matched
2026-08-19 13:36:40,414 INFO ncaa_identity: contest_id=724918 teams 2389/2389 matched, players 6426/6730 matched
2026-08-19 13:36:42,131 INFO ncaa_identity: contest_id=725063 teams 2422/2422 matched, players 6377/6861 matched
2026-08-19 13:36:45,825 INFO ncaa_identity: contest_id=725165 teams 2721/2721 matched, players 7567/7675 matched
2026-08-19 13:36:48,550 INFO ncaa_identity: contest_id=725234 teams 1045/2062 matched, players 2949/5798 matched
2026-08-19 13:36:49,501 INFO ncaa_identity: contest_id=725252 teams 2968/2968 matched, players 7333/8352 matched
2026-08-19 13:36:50,438 INFO ncaa_identity: contest_id=725283 teams 2440/2440 matched, players 6776/6911 matched
2026-08-19 13:36:52,840 INFO ncaa_identity: contest_id=725370 teams 2379/2379 matched, players 6214/6715 matched
2026-08-19 13:36:53,571 INFO ncaa_identity: contest_id=725471 teams 1068/2206 matched, players 2629/6254 matched
2026-08-19 13:36:57,188 INFO ncaa_identity: contest_id=725581 teams 2171/2171 matched, players 5963/6080 matched
2026-08-19 13:36:58,685 INFO ncaa_identity: contest_id=725654 teams 2608/2608 matched, players 7202/7340 matched
2026-08-19 13:37:00,364 INFO ncaa_identity: contest_id=725733 teams 1944/1944 matched, players 5097/5463 matched
2026-08-19 13:37:10,047 INFO ncaa_identity: contest_id=726039 teams 2805/2805 matched, players 6528/7936 matched
2026-08-19 13:37:14,176 INFO ncaa_identity: contest_id=726221 teams 2071/2071 matched, players 5492/5840 matched
2026-08-19 13:37:14,878 INFO ncaa_identity: contest_id=726245 teams 1962/1962 matched, players 673/684 matched
2026-08-19 13:37:16,524 INFO ncaa_identity: contest_id=726283 teams 2401/2401 matched, players 6294/6792 matched
2026-08-19 13:37:17,572 INFO ncaa_identity: contest_id=726302 teams 2799/2799 matched, players 7897/7936 matched
2026-08-19 13:37:19,870 INFO ncaa_identity: contest_id=726361 teams 2202/2202 matched, players 5512/6175 matched
2026-08-19 13:37:23,779 INFO ncaa_identity: contest_id=726619 teams 1998/1998 matched, players 4613/5623 matched
2026-08-19 13:37:25,456 INFO ncaa_identity: contest_id=726659 teams 2560/2560 matched, players 6828/7188 matched
2026-08-19 13:37:29,824 INFO ncaa_identity: contest_id=726832 teams 2265/2265 matched, players 6229/6406 matched
2026-08-19 13:37:30,699 INFO ncaa_identity: contest_id=726859 teams 2538/2538 matched, players 6702/7192 matched
2026-08-19 13:37:33,111 INFO ncaa_identity: contest_id=726983 teams 2190/2190 matched, players 5672/6172 matched
2026-08-19 13:37:34,010 INFO ncaa_identity: contest_id=726999 teams 2377/2377 matched, players 6246/6716 matched
2026-08-19 13:37:34,787 INFO ncaa_identity: contest_id=727015 teams 2453/2453 matched, players 6801/6881 matched
2026-08-19 13:37:35,627 INFO ncaa_identity: contest_id=727028 teams 2049/2049 matched, players 5453/5761 matched
2026-08-19 13:37:38,214 INFO ncaa_identity: contest_id=727197 teams 2463/2463 matched, players 5673/6898 matched
2026-08-19 13:37:40,044 INFO ncaa_identity: contest_id=727259 teams 2234/2234 matched, players 6165/6275 matched
2026-08-19 13:37:45,728 INFO ncaa_identity: contest_id=727410 teams 1135/2161 matched, players 3085/6103 matched
2026-08-19 13:37:46,574 INFO ncaa_identity: contest_id=727430 teams 2572/2572 matched, players 7124/7246 matched
2026-08-19 13:37:47,503 INFO ncaa_identity: contest_id=727445 teams 2158/2158 matched, players 5116/6058 matched
2026-08-19 13:37:47,594 INFO 5 starters not found for period 3; using estimate
2026-08-19 13:37:50,049 INFO ncaa_identity: contest_id=727591 teams 2090/2090 matched, players 5414/5850 matched
2026-08-19 13:37:51,824 INFO ncaa_identity: contest_id=727657 teams 1190/2392 matched, players 3401/6693 matched
2026-08-19 13:37:54,627 INFO ncaa_identity: contest_id=727717 teams 2045/2045 matched, players 5655/5721 matched
2026-08-19 13:38:01,670 INFO ncaa_identity: contest_id=728029 teams 2159/2159 matched, players 5497/6077 matched
2026-08-19 13:38:03,975 INFO ncaa_identity: contest_id=728073 teams 2336/2336 matched, players 5742/6570 matched
2026-08-19 13:38:06,325 INFO ncaa_identity: contest_id=728243 teams 2188/2188 matched, players 5727/6172 matched
2026-08-19 13:38:08,840 INFO ncaa_identity: contest_id=728309 teams 2420/2420 matched, players 6550/6805 matched
2026-08-19 13:38:12,370 INFO ncaa_identity: contest_id=728395 teams 1070/2130 matched, players 3054/6036 matched
2026-08-19 13:38:15,027 INFO ncaa_identity: contest_id=728457 teams 2811/2811 matched, players 6608/7933 matched
2026-08-19 13:38:16,199 INFO ncaa_identity: contest_id=728473 teams 3004/3004 matched, players 7824/8541 matched
2026-08-19 13:38:17,797 INFO ncaa_identity: contest_id=728550 teams 2172/2172 matched, players 5765/6108 matched
2026-08-19 13:38:21,929 INFO ncaa_identity: contest_id=728751 teams 2388/2388 matched, players 5761/6718 matched
2026-08-19 13:38:25,528 INFO ncaa_identity: contest_id=728886 teams 2214/2214 matched, players 6148/6213 matched
2026-08-19 13:38:28,311 INFO ncaa_identity: contest_id=728954 teams 2297/2297 matched, players 5913/6474 matched
2026-08-19 13:38:29,265 INFO ncaa_identity: contest_id=729015 teams 2369/2369 matched, players 6288/6660 matched
2026-08-19 13:38:29,963 INFO ncaa_identity: contest_id=729031 teams 2104/2104 matched, players 5680/5919 matched
2026-08-19 13:38:32,579 INFO ncaa_identity: contest_id=729096 teams 2396/2396 matched, players 6503/6790 matched
2026-08-19 13:38:33,327 INFO ncaa_identity: contest_id=729111 teams 1566/1566 matched, players 3973/4382 matched
2026-08-19 13:38:38,628 INFO ncaa_identity: contest_id=729394 teams 2517/2517 matched, players 7020/7140 matched
2026-08-19 13:38:39,583 INFO ncaa_identity: contest_id=729414 teams 2516/2516 matched, players 6691/7092 matched
2026-08-19 13:38:40,270 INFO ncaa_identity: contest_id=729446 teams 2173/2173 matched, players 5414/6121 matched
2026-08-19 13:38:42,492 INFO ncaa_identity: contest_id=729516 teams 2080/2080 matched, players 5052/5823 matched
2026-08-19 13:38:45,667 INFO ncaa_identity: contest_id=729738 teams 2655/2655 matched, players 7240/7506 matched
2026-08-19 13:38:48,128 INFO ncaa_identity: contest_id=729799 teams 2357/2357 matched, players 5209/6656 matched
2026-08-19 13:38:49,498 INFO ncaa_identity: contest_id=729842 teams 1177/2270 matched, players 3252/6385 matched
2026-08-19 13:38:50,445 INFO ncaa_identity: contest_id=729884 teams 2196/2196 matched, players 5669/6169 matched
2026-08-19 13:38:52,980 INFO ncaa_identity: contest_id=729994 teams 2598/2598 matched, players 6880/7289 matched
2026-08-19 13:38:54,419 INFO ncaa_identity: contest_id=730084 teams 1003/1932 matched, players 2822/5456 matched
2026-08-19 13:38:56,842 INFO ncaa_identity: contest_id=730142 teams 2258/2258 matched, players 5542/6363 matched
2026-08-19 13:38:57,430 INFO ncaa_identity: contest_id=730155 teams 1008/1962 matched, players 2399/5557 matched
2026-08-19 13:38:58,184 INFO ncaa_identity: contest_id=730167 teams 2475/2475 matched, players 6308/6981 matched
2026-08-19 13:39:00,671 INFO ncaa_identity: contest_id=730311 teams 2107/2107 matched, players 5622/5916 matched
2026-08-19 13:39:02,966 INFO ncaa_identity: contest_id=730387 teams 2443/2443 matched, players 6616/6879 matched
2026-08-19 13:39:07,598 INFO ncaa_identity: contest_id=730491 teams 2384/2384 matched, players 6656/6681 matched
2026-08-19 13:39:09,236 INFO ncaa_identity: contest_id=730537 teams 2244/2244 matched, players 5804/6320 matched
2026-08-19 13:39:11,753 INFO 5 starters not found for period 3; using estimate
2026-08-19 13:39:13,533 INFO ncaa_identity: contest_id=730786 teams 2183/2183 matched, players 5995/6180 matched
2026-08-19 13:39:15,942 INFO ncaa_identity: contest_id=730889 teams 1976/1976 matched, players 5142/5598 matched
2026-08-19 13:39:18,366 INFO ncaa_identity: contest_id=730977 teams 2560/2560 matched, players 6750/7237 matched
2026-08-19 13:39:23,964 INFO ncaa_identity: contest_id=731213 teams 2497/2497 matched, players 6964/7026 matched
2026-08-19 13:39:24,964 INFO ncaa_identity: contest_id=731231 teams 2213/2213 matched, players 6147/6226 matched
2026-08-19 13:39:25,719 INFO ncaa_identity: contest_id=731242 teams 2382/2382 matched, players 6641/6696 matched
2026-08-19 13:39:27,518 INFO ncaa_identity: contest_id=731273 teams 2220/2220 matched, players 6237/6247 matched
2026-08-19 13:39:30,798 INFO ncaa_identity: contest_id=731443 teams 2191/2191 matched, players 5616/6174 matched
2026-08-19 13:39:32,517 INFO ncaa_identity: contest_id=731499 teams 1929/1929 matched, players 4795/5437 matched
2026-08-19 13:39:33,457 INFO ncaa_identity: contest_id=731524 teams 2337/2337 matched, players 6245/6567 matched
2026-08-19 13:39:33,587 INFO 5 starters not found for period 3; using estimate
2026-08-19 13:39:35,026 INFO ncaa_identity: contest_id=731567 teams 1849/1849 matched, players 4866/5192 matched
2026-08-19 13:39:35,922 INFO ncaa_identity: contest_id=731596 teams 2135/2135 matched, players 5660/6044 matched
2026-08-19 13:39:36,672 INFO ncaa_identity: contest_id=731621 teams 2207/2207 matched, players 5907/6230 matched
2026-08-19 13:39:38,300 INFO ncaa_identity: contest_id=731652 teams 2193/2193 matched, players 6163/6201 matched
2026-08-19 13:39:42,694 INFO ncaa_identity: contest_id=731890 teams 2070/2070 matched, players 4350/5805 matched
2026-08-19 13:39:43,487 INFO ncaa_identity: contest_id=731903 teams 979/2059 matched, players 358/800 matched
2026-08-19 13:39:45,087 INFO ncaa_identity: contest_id=731948 teams 1957/1957 matched, players 5242/5530 matched
2026-08-19 13:39:45,994 INFO ncaa_identity: contest_id=732033 teams 2345/2345 matched, players 6464/6626 matched
2026-08-19 13:39:46,711 INFO ncaa_identity: contest_id=732045 teams 2264/2264 matched, players 6197/6301 matched
2026-08-19 13:39:47,493 INFO ncaa_identity: contest_id=732063 teams 2464/2464 matched, players 6280/6977 matched
2026-08-19 13:39:49,091 INFO ncaa_identity: contest_id=732088 teams 2314/2314 matched, players 5546/6527 matched
2026-08-19 13:39:51,486 INFO ncaa_identity: contest_id=732176 teams 2145/2145 matched, players 5480/6035 matched
2026-08-19 13:39:56,033 INFO ncaa_identity: contest_id=732295 teams 2527/2527 matched, players 6461/7160 matched
2026-08-19 13:39:57,500 INFO ncaa_identity: contest_id=732386 teams 2415/2415 matched, players 6547/6788 matched
2026-08-19 13:39:59,221 INFO ncaa_identity: contest_id=732409 teams 2513/2513 matched, players 6631/7060 matched
2026-08-19 13:40:01,859 INFO ncaa_identity: contest_id=732446 teams 3234/3234 matched, players 9021/9252 matched
2026-08-19 13:40:02,955 INFO ncaa_identity: contest_id=732457 teams 2371/2371 matched, players 5802/6654 matched
2026-08-19 13:40:05,537 INFO ncaa_identity: contest_id=732492 teams 2303/2303 matched, players 5808/6472 matched
2026-08-19 13:40:06,201 INFO ncaa_identity: contest_id=732503 teams 2281/2281 matched, players 6094/6430 matched
2026-08-19 13:40:08,943 INFO ncaa_identity: contest_id=732657 teams 2419/2419 matched, players 6798/6803 matched
2026-08-19 13:40:12,175 INFO ncaa_identity: contest_id=732719 teams 2274/2274 matched, players 5984/6397 matched
2026-08-19 13:40:14,579 INFO ncaa_identity: contest_id=732774 teams 2486/2486 matched, players 6173/6993 matched
2026-08-19 13:40:14,663 INFO 5 starters not found for period 3; using estimate
2026-08-19 13:40:17,426 INFO ncaa_identity: contest_id=732825 teams 2250/2250 matched, players 6152/6298 matched
2026-08-19 13:40:18,210 INFO ncaa_identity: contest_id=732847 teams 2491/2491 matched, players 7041/7051 matched
2026-08-19 13:40:19,134 INFO ncaa_identity: contest_id=732857 teams 2241/2241 matched, players 4892/6254 matched
2026-08-19 13:40:20,018 INFO ncaa_identity: contest_id=732867 teams 2331/2331 matched, players 6214/6549 matched
2026-08-19 13:40:20,727 INFO ncaa_identity: contest_id=732877 teams 2293/2293 matched, players 5593/6438 matched
2026-08-19 13:40:26,034 INFO ncaa_identity: contest_id=733028 teams 2682/2682 matched, players 6916/7595 matched
2026-08-19 13:40:27,701 INFO ncaa_identity: contest_id=733048 teams 2638/2638 matched, players 7212/7418 matched
2026-08-19 13:40:30,139 INFO ncaa_identity: contest_id=733078 teams 2075/2075 matched, players 5250/5787 matched
2026-08-19 13:40:31,145 INFO ncaa_identity: contest_id=733088 teams 2617/2617 matched, players 6966/7365 matched
2026-08-19 13:40:33,458 INFO ncaa_identity: contest_id=733167 teams 2168/2168 matched, players 5894/6070 matched
2026-08-19 13:40:35,643 INFO ncaa_identity: contest_id=733217 teams 1976/1976 matched, players 5433/5574 matched
2026-08-19 13:40:37,178 INFO ncaa_identity: contest_id=733237 teams 2149/2149 matched, players 5793/6062 matched
2026-08-19 13:40:37,772 INFO ncaa_identity: contest_id=733247 teams 2014/2014 matched, players 5389/5670 matched
2026-08-19 13:40:39,283 INFO ncaa_identity: contest_id=733267 teams 2243/2243 matched, players 5735/6328 matched
2026-08-19 13:40:40,265 INFO ncaa_identity: contest_id=733277 teams 2230/2230 matched, players 5684/6253 matched
2026-08-19 13:40:40,902 INFO ncaa_identity: contest_id=733289 teams 2024/2024 matched, players 5312/5648 matched
2026-08-19 13:40:42,657 INFO ncaa_identity: contest_id=733310 teams 2230/2230 matched, players 6238/6276 matched
2026-08-19 13:40:45,161 INFO ncaa_identity: contest_id=733340 teams 2860/2860 matched, players 7815/8062 matched
2026-08-19 13:40:47,074 INFO ncaa_identity: contest_id=733372 teams 2750/2750 matched, players 7096/7762 matched
2026-08-19 13:40:47,730 INFO ncaa_identity: contest_id=733383 teams 2344/2344 matched, players 5826/6628 matched
2026-08-19 13:40:48,043 INFO 5 starters not found for period 3; using estimate
2026-08-19 13:40:48,043 INFO 5 starters not found for period 4; using estimate
2026-08-19 13:40:48,043 INFO 5 starters not found for period 4; using estimate
2026-08-19 13:40:52,534 INFO ncaa_identity: contest_id=733494 teams 2606/2606 matched, players 6756/7353 matched
2026-08-19 13:40:53,200 INFO ncaa_identity: contest_id=733504 teams 2199/2199 matched, players 5209/6198 matched
2026-08-19 13:40:53,920 INFO ncaa_identity: contest_id=733522 teams 2061/2061 matched, players 5762/5800 matched
2026-08-19 13:40:57,208 INFO ncaa_identity: contest_id=733570 teams 2354/2354 matched, players 6092/6588 matched
2026-08-19 13:41:00,192 INFO ncaa_identity: contest_id=733617 teams 2494/2494 matched, players 6368/7027 matched
2026-08-19 13:41:04,361 INFO ncaa_identity: contest_id=514745 teams 2096/2096 matched, players 5454/5910 matched
2026-08-19 13:41:07,111 INFO ncaa_identity: contest_id=514780 teams 1442/2860 matched, players 4017/8082 matched
2026-08-19 13:41:07,992 INFO ncaa_identity: contest_id=514793 teams 2379/2379 matched, players 5489/6647 matched
2026-08-19 13:41:10,550 INFO ncaa_identity: contest_id=514829 teams 1295/2467 matched, players 3123/6906 matched
2026-08-19 13:41:12,290 INFO ncaa_identity: contest_id=514854 teams 2579/2579 matched, players 6745/7270 matched
2026-08-19 13:41:13,263 INFO ncaa_identity: contest_id=514867 teams 2565/2565 matched, players 7179/7221 matched
2026-08-19 13:41:13,974 INFO ncaa_identity: contest_id=514881 teams 1298/2534 matched, players 3628/7185 matched
2026-08-19 13:41:14,650 INFO ncaa_identity: contest_id=514908 teams 1199/2324 matched, players 3245/6498 matched
2026-08-19 13:41:15,599 INFO ncaa_identity: contest_id=514922 teams 1165/2301 matched, players 3194/6438 matched
2026-08-19 13:41:17,469 INFO ncaa_identity: contest_id=515006 teams 2258/2258 matched, players 5899/6375 matched
2026-08-19 13:41:18,294 INFO ncaa_identity: contest_id=515030 teams 2142/2142 matched, players 5576/6036 matched
2026-08-19 13:41:20,082 INFO ncaa_identity: contest_id=515169 teams 1312/2655 matched, players 3729/7478 matched
2026-08-19 13:41:21,866 INFO ncaa_identity: contest_id=515376 teams 2090/2090 matched, players 813/816 matched
2026-08-19 13:41:22,864 INFO ncaa_identity: contest_id=515390 teams 2576/2576 matched, players 7144/7266 matched
2026-08-19 13:41:24,364 INFO ncaa_identity: contest_id=515415 teams 2146/2146 matched, players 5290/6038 matched
2026-08-19 13:41:25,409 INFO ncaa_identity: contest_id=515440 teams 1240/2503 matched, players 3436/7022 matched
2026-08-19 13:41:27,248 INFO ncaa_identity: contest_id=515564 teams 1376/2692 matched, players 3752/7584 matched
2026-08-19 13:41:28,990 INFO ncaa_identity: contest_id=515586 teams 2641/2641 matched, players 7356/7472 matched
2026-08-19 13:41:30,596 INFO ncaa_identity: contest_id=515610 teams 1148/2207 matched, players 2725/6170 matched
2026-08-19 13:41:31,522 INFO ncaa_identity: contest_id=515634 teams 968/1842 matched, players 2661/5203 matched
2026-08-19 13:41:32,368 INFO ncaa_identity: contest_id=515660 teams 2231/2231 matched, players 6077/6288 matched
2026-08-19 13:41:33,353 INFO ncaa_identity: contest_id=515682 teams 2647/2647 matched, players 6964/7468 matched
2026-08-19 13:41:35,772 INFO ncaa_identity: contest_id=515752 teams 1333/2625 matched, players 3733/7431 matched
2026-08-19 13:41:36,589 INFO ncaa_identity: contest_id=515777 teams 1376/2720 matched, players 3843/7628 matched
2026-08-19 13:41:37,573 INFO ncaa_identity: contest_id=515821 teams 2360/2360 matched, players 6314/6615 matched
2026-08-19 13:41:38,330 INFO ncaa_identity: contest_id=515846 teams 1213/2420 matched, players 3341/6808 matched
2026-08-19 13:41:40,243 INFO ncaa_identity: contest_id=515879 teams 2538/2538 matched, players 6881/7083 matched
2026-08-19 13:41:41,120 INFO ncaa_identity: contest_id=515926 teams 1126/2219 matched, players 3136/6225 matched
2026-08-19 13:41:41,680 INFO ncaa_identity: contest_id=515972 teams 854/1694 matched, players 2042/4772 matched
2026-08-19 13:41:42,417 INFO ncaa_identity: contest_id=516013 teams 1973/1973 matched, players 5534/5581 matched
2026-08-19 13:41:44,884 INFO ncaa_identity: contest_id=516072 teams 1274/2489 matched, players 3236/7017 matched
2026-08-19 13:41:45,784 INFO ncaa_identity: contest_id=516089 teams 2359/2359 matched, players 6200/6600 matched
2026-08-19 13:41:47,222 INFO ncaa_identity: contest_id=516127 teams 2380/2380 matched, players 6136/6695 matched
2026-08-19 13:41:48,143 INFO ncaa_identity: contest_id=516144 teams 2297/2297 matched, players 5412/6447 matched
2026-08-19 13:41:49,846 INFO ncaa_identity: contest_id=516235 teams 2031/2031 matched, players 5388/5716 matched
2026-08-19 13:41:50,506 INFO ncaa_identity: contest_id=516263 teams 1960/1960 matched, players 5018/5497 matched
2026-08-19 13:41:52,882 INFO ncaa_identity: contest_id=51632026-08-19 13:41:53,140 INFO ncaa_identity: contest_id=2026-08-19 13:41:53,584 INFO ncaa_identity: contest_id=51632026-08-19 13:41:54,674 INFO ncaa_identity: contest_id=2026-08-19 13:41:56,360 INFO ncaa_identity: contest_id=516518 teams 1140/2281 matched, players 3209/6429 matched
2026-08-19 13:41:57,053 INFO ncaa_identity: contest_id=512026-08-19 13:41:57,533 INFO ncaa_identity: contest_id=512026-08-19 13:42:00,390 INFO ncaa_identity: contest_id=512026-08-19 13:42:01,765 INFO ncaa_identity: contest_id=512026-08-19 13:42:02,946 INFO ncaa_identity: contest_id=516765 teams 2614/2614 matched, players 6528/7405 matched
2026-08-19 13:42:05,485 INFO ncaa_identity: contest_id=512026-08-19 13:42:08,879 INFO ncaa_identity: contest_id=516772 teams 2220/2220 matched, players 5546/6264 matched
2026-08-19 13:42:10,661 INFO ncaa_identity: contest_id=516802 teams 2419/2419 matched, players 6526/6823 matched
2026-08-19 13:42:12,471 INFO ncaa_identity: contest_id=516862 teams 2311/2311 matched, players 6510/6534 matched
2026-08-19 13:42:13,418 INFO ncaa_identity: contest_id=516872 teams 2872/2872 matched, players 7640/8107 matched
2026-08-19 13:42:14,131 INFO ncaa_identity: contest_id=516901 teams 2400/2400 matched, players 6440/6771 matched
2026-08-19 13:42:15,119 INFO ncaa_identity: contest_id=516938 teams 2476/2476 matched, players 5606/6954 matched
2026-08-19 13:42:17,629 INFO ncaa_identity: contest_id=517066 teams 1186/2361 matched, players 3310/6670 matched
2026-08-19 13:42:18,635 INFO ncaa_identity: contest_id=517133 teams 2325/2325 matched, players 6240/6546 matched
2026-08-19 13:42:20,223 INFO ncaa_identity: contest_id=517177 teams 1258/2442 matched, players 3478/6893 matched
2026-08-19 13:42:21,152 INFO ncaa_identity: contest_id=517189 teams 2356/2356 matched, players 6564/6661 matched
2026-08-19 13:42:23,149 INFO ncaa_identity: contest_id=517209 teams 2122/2122 matched, players 5608/6005 matched
2026-08-19 13:42:24,060 INFO ncaa_identity: contest_id2026-08-19 13:42:24,087 INFO ncaa_identity: contest_id=517312026-08-19 13:42:25,932 INFO ncaa_identity: contest_id2026-08-19 13:42:29,765 INFO ncaa_identity: contest_id=517448 teams 2182/2182 matched, players 5711/6147 matched
2026-08-19 13:42:31,363 INFO ncaa_identity: contest_id=517501 teams 2669/2669 matched, players 7242/7509 matched
2026-08-19 13:42:33,108 INFO ncaa_identity: contest_id=517548 teams 1161/2286 matched, players 3208/6422 matched
2026-08-19 13:42:33,789 INFO ncaa_identity: contest_id=517613 teams 1004/2061 matched, players 2893/5799 matched
2026-08-19 13:42:34,760 INFO ncaa_identity: contest_id=517649 teams 2334/2334 matched, players 6551/6591 matched
2026-08-19 13:42:38,775 INFO ncaa_identity: contest_id=517789 teams 2467/2467 matched, players 6754/6973 matched
2026-08-19 13:42:41,150 INFO ncaa_identity: contest_id=517869 teams 1171/2297 matched, players 3259/6437 matched
2026-08-19 13:42:43,473 INFO ncaa_identity: contest_id=517950 teams 2319/2319 matched, players 5342/6516 matched
2026-08-19 13:42:45,771 INFO ncaa_identity: contest_id=517997 teams 1219/2396 matched, players 3371/6723 matched
2026-08-19 13:42:46,788 INFO ncaa_identity: contest_id=518058 teams 2636/2636 matched, players 6339/7365 matched
2026-08-19 13:42:47,534 INFO ncaa_identity: contest_id=518077 teams 2492/2492 matched, players 6893/6994 matched
2026-08-19 13:42:52,346 INFO ncaa_identity: contest_id=518248 teams 1004/1940 matched, players 2714/5436 matched
2026-08-19 13:42:53,032 INFO ncaa_identity: contest_id=518292 teams 2152/2152 matched, players 5086/6104 matched
2026-08-19 13:42:54,705 INFO ncaa_identity: contest_id=518381 teams 1305/2533 matched, players 3592/7107 matched
2026-08-19 13:42:55,503 INFO ncaa_identity: contest_id=518426 teams 2640/2640 matched, players 7273/7440 matched
2026-08-19 13:42:56,399 INFO ncaa_identity: contest_id=518475 teams 2165/2165 matched, players 5576/6073 matched
2026-08-19 13:42:57,794 INFO ncaa_identity: contest_id=518535 teams 1189/2374 matched, players 3089/6660 matched
2026-08-19 13:42:59,407 INFO ncaa_identity: contest_id=518598 teams 2412/2412 matched, players 6478/6823 matched
2026-08-19 13:43:00,361 INFO ncaa_identity: contest_id=518618 teams 2740/2740 matched, players 7636/7743 matched
2026-08-19 13:43:01,120 INFO ncaa_identity: contest_id=518640 teams 2391/2391 matched, players 6127/6707 matched
2026-08-19 13:43:03,435 INFO ncaa_identity: contest_id=518711 teams 2121/2121 matched, players 5451/5982 matched
2026-08-19 13:43:04,126 INFO ncaa_identity: contest_id=518812 teams 1062/2078 matched, players 2948/5826 matched
2026-08-19 13:43:07,341 INFO ncaa_identity: contest_id=518934 teams 2357/2357 matched, players 6552/6625 matched
2026-08-19 13:43:09,012 INFO ncaa_identity: contest_id=518984 teams 2344/2344 matched, players 5594/6621 matched
2026-08-19 13:43:11,352 INFO ncaa_identity: contest_id=519051 teams 2500/2500 matched, players 6805/7020 matched
2026-08-19 13:43:12,288 INFO ncaa_identity: contest_id=519072 teams 1113/2177 matched, players 2766/6113 matched
2026-08-19 13:43:14,532 INFO ncaa_identity: contest_id=519149 teams 1848/1848 matched, players 5023/5187 matched
2026-08-19 13:43:16,010 INFO ncaa_identity: contest_id=519217 teams 1264/2340 matched, players 3287/6520 matched
2026-08-19 13:43:16,863 INFO ncaa_identity: contest_id=519296 teams 2445/2445 matched, players 6626/6909 matched
2026-08-19 13:43:19,911 INFO ncaa_identity: contest_id=519378 teams 2357/2357 matched, players 6300/6621 matched
2026-08-19 13:43:20,699 INFO ncaa_identity: contest_id=519388 teams 1954/1954 matched, players 5352/5524 matched
2026-08-19 13:43:22,236 INFO ncaa_identity: contest_id=519431 teams 2319/2319 matched, players 5641/6521 matched
2026-08-19 13:43:23,535 INFO ncaa_identity: contest_id=519504 teams 1455/2973 matched, players 4121/8392 matched
2026-08-19 13:43:27,452 INFO ncaa_identity: contest_id=519587 teams 2293/2293 matched, players 6061/6442 matched
2026-08-19 13:43:30,757 INFO ncaa_identity: contest_id=519655 teams 2312/2312 matched, players 6177/6507 matched
2026-08-19 13:43:31,631 INFO ncaa_identity: contest_id=519691 teams 1205/2305 matched, players 3187/6500 matched
2026-08-19 13:43:32,352 INFO ncaa_identity: contest_id=519722 teams 2217/2217 matched, players 6205/6236 matched
2026-08-19 13:43:34,794 INFO ncaa_identity: contest_id=519825 teams 2284/2284 matched, players 5639/6431 matched
2026-08-19 13:43:35,067 INFO 5 starters not found for period 3; using estimate
2026-08-19 13:43:38,928 INFO ncaa_identity: contest_id=519942 teams 1053/2028 matched, players 2896/5680 matched
2026-08-19 13:43:39,657 INFO ncaa_identity: contest_id=519959 teams 2216/2216 matched, players 6093/6231 matched
2026-08-19 13:43:41,369 INFO ncaa_identity: contest_id=520042 teams 2181/2181 matched, players 5773/6112 matched
2026-08-19 13:43:43,869 INFO ncaa_identity: contest_id=520105 teams 1219/2389 matched, players 2708/6750 matched
2026-08-19 13:43:44,528 INFO ncaa_identity: contest_id=520138 teams 1926/1926 matched, players 5241/5378 matched
2026-08-19 13:43:45,411 INFO ncaa_identity: contest_id=520160 teams 1321/2714 matched, players 3761/7672 matched
2026-08-19 13:43:48,525 INFO ncaa_identity: contest_id=520233 teams 3132/3132 matched, players 8869/8913 matched
2026-08-19 13:43:58,019 INFO ncaa_identity: contest_id=520504 teams 2505/2505 matched, players 6980/7067 matched
2026-08-19 13:43:59,538 INFO ncaa_identity: contest_id=520525 teams 2049/2049 matched, players 5615/5746 matched
2026-08-19 13:44:00,153 INFO ncaa_identity: contest_id=520541 teams 1019/2076 matched, players 2929/5825 matched
2026-08-19 13:44:03,726 INFO ncaa_identity: contest_id=520593 teams 1004/1983 matched, players 2833/5582 matched
2026-08-19 13:44:06,617 INFO ncaa_identity: contest_id=520634 teams 911/1887 matched, players 387/684 matched
2026-08-19 13:44:09,858 INFO ncaa_identity: contest_id=520681 teams 1164/2295 matched, players 3189/6427 matched
2026-08-19 13:44:11,498 INFO ncaa_identity: contest_id=520718 teams 2200/2200 matched, players 5972/6171 matched
2026-08-19 13:44:13,666 INFO ncaa_identity: contest_id=520764 teams 1385/2650 matched, players 3899/7497 matched
2026-08-19 13:44:15,165 INFO ncaa_identity: contest_id=520832 teams 1223/2423 matched, players 3374/6849 matched
2026-08-19 13:44:18,131 INFO ncaa_identity: contest_id=520890 teams 2236/2236 matched, players 6268/6274 matched
2026-08-19 13:44:19,002 INFO ncaa_identity: contest_id=520908 teams 1129/2248 matched, players 3141/6276 matched
2026-08-19 13:44:21,308 INFO ncaa_identity: contest_id=520992 teams 2613/2613 matched, players 6791/7375 matched
2026-08-19 13:44:22,039 INFO ncaa_identity: contest_id=521007 teams 2417/2417 matched, players 6331/6787 matched
2026-08-19 13:44:22,962 INFO ncaa_identity: contest_id=521020 teams 2234/2234 matched, players 6019/6280 matched
2026-08-19 13:44:24,406 INFO ncaa_identity: contest_id=521081 teams 2519/2519 matched, players 6034/7072 matched
2026-08-19 13:44:25,222 INFO ncaa_identity: contest_id=521121 teams 2327/2327 matched, players 6022/6579 matched
2026-08-19 13:44:26,963 INFO ncaa_identity: contest_id=521190 teams 1522/3006 matched, players 4334/8494 matched
2026-08-19 13:44:27,642 INFO ncaa_identity: contest_id=521223 teams 2153/2153 matched, players 4225/6018 matched
2026-08-19 13:44:29,904 INFO ncaa_identity: contest_id=521293 teams 2659/2659 matched, players 5833/7483 matched
2026-08-19 13:44:32,998 INFO ncaa_identity: contest_id=521379 teams 1788/1788 matched, players 730/732 matched
2026-08-19 13:44:33,710 INFO ncaa_identity: contest_id=521392 teams 2383/2383 matched, players 6559/6702 matched
2026-08-19 13:44:35,740 INFO ncaa_identity: contest_id=521573 teams 2371/2371 matched, players 6474/6695 matched
2026-08-19 13:44:36,351 INFO ncaa_identity: contest_id=521605 teams 2028/2028 matched, players 5478/5697 matched
2026-08-19 13:44:37,143 INFO ncaa_identity: contest_id=521629 teams 2144/2144 matched, players 6026/6070 matched
2026-08-19 13:44:39,507 INFO ncaa_identity: contest_id=521699 teams 2755/2755 matched, players 7781/7791 matched
2026-08-19 13:44:40,117 INFO ncaa_identity: contest_id=521713 teams 1056/2124 matched, players 3002/6002 matched
2026-08-19 13:44:41,988 INFO ncaa_identity: contest_id=521785 teams 2453/2453 matched, players 6657/6938 matched
2026-08-19 13:44:48,697 INFO ncaa_identity: contest_id=522081 teams 2786/2786 matched, players 6504/7867 matched
2026-08-19 13:44:50,391 INFO ncaa_identity: contest_id=522112 teams 2490/2490 matched, players 6694/7014 matched
2026-08-19 13:44:53,433 INFO ncaa_identity: contest_id=522238 teams 2467/2467 matched, players 6866/6985 matched
2026-08-19 13:44:59,261 INFO ncaa_identity: contest_id=522454 teams 2092/2092 matched, players 5828/5857 matched
2026-08-19 13:45:00,001 INFO ncaa_identity: contest_id=522472 teams 2329/2329 matched, players 6496/6515 matched
2026-08-19 13:45:00,913 INFO ncaa_identity: contest_id=522487 teams 2563/2563 matched, players 6559/7180 matched
2026-08-19 13:45:04,528 INFO ncaa_identity: contest_id=522591 teams 2286/2286 matched, players 5982/6434 matched
2026-08-19 13:45:05,475 INFO ncaa_identity: contest_id=522724 teams 1239/2551 matched, players 3607/7187 matched
2026-08-19 13:45:06,463 INFO ncaa_identity: contest_id=522782 teams 2214/2214 matched, players 5862/6184 matched
2026-08-19 13:45:07,039 INFO ncaa_identity: contest_id=522794 teams 1954/1954 matched, players 4600/5495 matched
2026-08-19 13:45:07,756 INFO ncaa_identity: contest_id=522818 teams 2477/2477 matched, players 6977/6979 matched
2026-08-19 13:45:08,477 INFO ncaa_identity: contest_id=522844 teams 2161/2161 matched, players 5463/6052 matched
2026-08-19 13:45:16,648 INFO 5 starters not found for period 3; using estimate
2026-08-19 13:45:17,304 INFO ncaa_identity: contest_id=523226 teams 2524/2524 matched, players 6872/7100 matched
2026-08-19 13:45:21,237 INFO ncaa_identity: contest_id=523421 teams 2207/2207 matched, players 5208/6219 matched
2026-08-19 13:45:24,936 INFO ncaa_identity: contest_id=523550 teams 2339/2339 matched, players 6044/6591 matched
2026-08-19 13:45:32,036 INFO ncaa_identity: contest_id=523882 teams 2285/2285 matched, players 6048/6441 matched
2026-08-19 13:45:34,237 INFO ncaa_identity: contest_id=523936 teams 2084/2084 matched, players 5539/5838 matched
2026-08-19 13:45:37,981 INFO ncaa_identity: contest_id=524144 teams 2015/2015 matched, players 4866/5667 matched
2026-08-19 13:45:39,460 INFO ncaa_identity: contest_id=524240 teams 1833/1833 matched, players 5074/5123 matched
2026-08-19 13:45:40,126 INFO ncaa_identity: contest_id=524272 teams 2252/2252 matched, players 6013/6388 matched
2026-08-19 13:45:45,518 INFO ncaa_identity: contest_id=524419 teams 1495/2997 matched, players 4130/8472 matched
2026-08-19 13:45:46,450 INFO ncaa_identity: contest_id=524516 teams 1926/1926 matched, players 614/623 matched
2026-08-19 13:45:47,180 INFO ncaa_identity: contest_id=524543 teams 2549/2549 matched, players 6781/7167 matched
2026-08-19 13:45:49,466 INFO ncaa_identity: contest_id=524617 teams 2119/2119 matched, players 5765/5938 matched
2026-08-19 13:45:50,136 INFO ncaa_identity: contest_id=524634 teams 2337/2337 matched, players 6334/6572 matched
2026-08-19 13:45:53,099 INFO ncaa_identity: contest_id=524729 teams 1985/1985 matched, players 5270/5572 matched
2026-08-19 13:45:54,683 INFO ncaa_identity: contest_id=524762 teams 2342/2342 matched, players 6198/6552 matched
2026-08-19 13:45:57,823 INFO ncaa_identity: contest_id=524975 teams 1847/1847 matched, players 656/708 matched
2026-08-19 13:45:58,502 INFO ncaa_identity: contest_id=524987 teams 1925/1925 matched, players 5284/5370 matched
2026-08-19 13:45:59,205 INFO ncaa_identity: contest_id=525022 teams 2258/2258 matched, players 6321/6351 matched
2026-08-19 13:46:00,696 INFO ncaa_identity: contest_id=525062 teams 2159/2159 matched, players 5414/6084 matched
2026-08-19 13:46:02,248 INFO ncaa_identity: contest_id=525106 teams 1348/2557 matched, players 3634/7219 matched
2026-08-19 13:46:04,397 INFO ncaa_identity: contest_id=525194 teams 1802/1802 matched, players 4969/5067 matched
2026-08-19 13:46:05,426 INFO ncaa_identity: contest_id=525218 teams 2812/2812 matched, players 7596/7917 matched
2026-08-19 13:46:06,816 INFO ncaa_identity: contest_id=525320 teams 1589/1589 matched, players 537/580 matched
2026-08-19 13:46:11,904 INFO ncaa_identity: contest_id=525548 teams 2660/2660 matched, players 7045/7541 matched
2026-08-19 13:46:13,458 INFO ncaa_identity: contest_id=525591 teams 2204/2204 matched, players 5904/6215 matched
2026-08-19 13:46:14,168 INFO ncaa_identity: contest_id=525611 teams 2130/2130 matched, players 5810/5976 matched
2026-08-19 13:46:14,875 INFO ncaa_identity: contest_id=525637 teams 0/2240 matched, players 0/6305 matched
2026-08-19 13:46:16,775 INFO ncaa_identity: contest_id=525684 teams 2376/2376 matched, players 6261/6686 matched
2026-08-19 13:46:17,498 INFO ncaa_identity: contest_id=525704 teams 2202/2202 matched, players 6102/6204 matched
2026-08-19 13:46:22,184 INFO ncaa_identity: contest_id=525828 teams 2063/2063 matched, players 5441/5776 matched
2026-08-19 13:46:23,809 INFO ncaa_identity: contest_id=526028 teams 2201/2201 matched, players 5907/6248 matched
2026-08-19 13:46:25,245 INFO ncaa_identity: contest_id=526068 teams 2489/2489 matched, players 6006/7062 matched
2026-08-19 13:46:26,475 INFO ncaa_identity: contest_id=526086 teams 2549/2549 matched, players 6568/7125 matched
2026-08-19 13:46:28,800 INFO ncaa_identity: contest_id=526184 teams 1037/2060 matched, players 2160/5770 matched
2026-08-19 13:46:31,344 INFO ncaa_identity: contest_id=526291 teams 2255/2255 matched, players 5950/6318 matched
2026-08-19 13:46:34,371 INFO ncaa_identity: contest_id=526434 teams 1771/1771 matched, players 4917/4954 matched
2026-08-19 13:46:36,722 INFO ncaa_identity: contest_id=526475 teams 2314/2314 matched, players 6490/6535 matched
2026-08-19 13:46:41,143 INFO ncaa_identity: contest_id=526711 teams 2612/2612 matched, players 6838/7352 matched
2026-08-19 13:46:42,726 INFO ncaa_identity: contest_id=526757 teams 2175/2175 matched, players 5752/6154 matched
2026-08-19 13:46:43,633 INFO ncaa_identity: contest_id=526779 teams 2106/2106 matched, players 5508/5887 matched
2026-08-19 13:46:45,237 INFO ncaa_identity: contest_id=526812 teams 2205/2205 matched, players 5802/6176 matched
2026-08-19 13:46:46,175 INFO ncaa_identity: contest_id=526835 teams 1160/2269 matched, players 3264/6397 matched
2026-08-19 13:46:47,959 INFO ncaa_identity: contest_id=526870 teams 1981/1981 matched, players 5191/5595 matched
2026-08-19 13:46:48,744 INFO ncaa_identity: contest_id=526884 teams 2333/2333 matched, players 6376/6555 matched
2026-08-19 13:46:51,929 INFO ncaa_identity: contest_id=527120 teams 1860/1860 matched, players 4805/5183 matched
2026-08-19 13:46:52,661 INFO ncaa_identity: contest_id=527144 teams 2258/2258 matched, players 5366/6369 matched
2026-08-19 13:46:53,709 INFO ncaa_identity: contest_id=527161 teams 2788/2788 matched, players 7870/7879 matched
2026-08-19 13:46:55,117 INFO ncaa_identity: contest_id=527209 teams 2154/2154 matched, players 5793/6064 matched
2026-08-19 13:46:57,548 INFO ncaa_identity: contest_id=527305 teams 2270/2270 matched, players 6039/6434 matched
2026-08-19 13:46:58,563 INFO ncaa_identity: contest_id=527341 teams 2023/2023 matched, players 4736/5695 matched
2026-08-19 13:47:01,034 INFO ncaa_identity: contest_id=527496 teams 2392/2392 matched, players 6559/6751 matched
2026-08-19 13:47:04,008 INFO ncaa_identity: contest_id=527556 teams 2194/2194 matched, players 4921/6194 matched
2026-08-19 13:47:10,957 INFO ncaa_identity: contest_id=527844 teams 2074/2074 matched, players 5454/5833 matched
2026-08-19 13:47:14,837 INFO ncaa_identity: contest_id=527951 teams 2582/2582 matched, players 7190/7328 matched
2026-08-19 13:47:15,524 INFO ncaa_identity: contest_id=527973 teams 2016/2016 matched, players 5148/5674 matched
2026-08-19 13:47:16,286 INFO ncaa_identity: contest_id=528033 teams 2355/2355 matched, players 6440/6654 matched
2026-08-19 13:47:17,274 INFO ncaa_identity: contest_id=528152 teams 2529/2529 matched, players 6912/7086 matched
2026-08-19 13:47:19,495 INFO ncaa_identity: contest_id=528226 teams 1814/1814 matched, players 4652/5096 matched
2026-08-19 13:47:21,001 INFO ncaa_identity: contest_id=528255 teams 2426/2426 matched, players 6811/6836 matched
2026-08-19 13:47:22,920 INFO ncaa_identity: contest_id=528326 teams 1960/1960 matched, players 5304/5413 matched
2026-08-19 13:47:26,360 INFO ncaa_identity: contest_id=528481 teams 2527/2527 matched, players 6675/7180 matched
2026-08-19 13:47:29,653 INFO ncaa_identity: contest_id=528605 teams 2185/2185 matched, players 6077/6171 matched
2026-08-19 13:47:30,476 INFO ncaa_identity: contest_id=528621 teams 2568/2568 matched, players 7197/7231 matched
2026-08-19 13:47:32,928 INFO ncaa_identity: contest_id=528724 teams 2208/2208 matched, players 5845/6209 matched
2026-08-19 13:47:33,647 INFO ncaa_identity: contest_id=528792 teams 2040/2040 matched, players 5697/5712 matched
2026-08-19 13:47:35,255 INFO ncaa_identity: contest_id=528837 teams 2291/2291 matched, players 5193/6451 matched
2026-08-19 13:47:38,731 INFO ncaa_identity: contest_id=528927 teams 2081/2081 matched, players 4838/5866 matched
2026-08-19 13:47:39,655 INFO ncaa_identity: contest_id=528946 teams 2254/2254 matched, players 6216/6314 matched
2026-08-19 13:47:42,780 INFO ncaa_identity: contest_id=529010 teams 1733/1733 matched, players 4506/4840 matched
2026-08-19 13:47:43,496 INFO ncaa_identity: contest_id=529090 teams 1031/2020 matched, players 2843/5674 matched
2026-08-19 13:47:46,127 INFO ncaa_identity: contest_id=529237 teams 2409/2409 matched, players 6674/6811 matched
2026-08-19 13:47:47,672 INFO ncaa_identity: contest_id=529282 teams 2484/2484 matched, players 6458/6982 matched
2026-08-19 13:47:49,507 INFO ncaa_identity: contest_id=529330 teams 2118/2118 matched, players 5461/5962 matched
2026-08-19 13:47:50,069 INFO ncaa_identity: contest_id=529423 teams 2005/2005 matched, players 4865/5635 matched
2026-08-19 13:47:50,736 INFO ncaa_identity: contest_id=529439 teams 1812/1812 matched, players 4531/5079 matched
2026-08-19 13:47:52,359 INFO ncaa_identity: contest_id=529463 teams 2039/2039 matched, players 5496/5747 matched
2026-08-19 13:47:56,607 INFO ncaa_identity: contest_id=529575 teams 2280/2280 matched, players 5323/6380 matched
2026-08-19 13:47:58,310 INFO ncaa_identity: contest_id=529597 teams 2043/2043 matched, players 5316/5765 matched
2026-08-19 13:47:59,090 INFO ncaa_identity: contest_id=529619 teams 2148/2148 matched, players 5969/6009 matched
2026-08-19 13:48:00,218 INFO ncaa_identity: contest_id=529696 teams 2755/2755 matched, players 964/1009 matched
2026-08-19 13:48:01,792 INFO ncaa_identity: contest_id=529777 teams 2242/2242 matched, players 6098/6278 matched
2026-08-19 13:48:03,422 INFO ncaa_identity: contest_id=529802 teams 2088/2088 matched, players 5530/5849 matched
2026-08-19 13:48:05,099 INFO ncaa_identity: contest_id=529823 teams 2012/2012 matched, players 5254/5676 matched
2026-08-19 13:48:12,380 INFO ncaa_identity: contest_id=530034 teams 1899/1899 matched, players 4979/5361 matched
2026-08-19 13:48:13,372 INFO ncaa_identity: contest_id=530047 teams 2514/2514 matched, players 6681/7084 matched
2026-08-19 13:48:14,824 INFO ncaa_identity: contest_id=530093 teams 2438/2438 matched, players 6848/6898 matched
2026-08-19 13:48:15,838 INFO ncaa_identity: contest_id=530113 teams 2420/2420 matched, players 6453/6822 matched
2026-08-19 13:48:18,196 INFO ncaa_identity: contest_id=530161 teams 2469/2469 matched, players 6695/6979 matched
2026-08-19 13:48:19,292 INFO ncaa_identity: contest_id=530171 teams 2687/2687 matched, players 7165/7601 matched
2026-08-19 13:48:21,736 INFO ncaa_identity: contest_id=530232 teams 2437/2437 matched, players 6554/6869 matched
2026-08-19 13:48:24,431 INFO ncaa_identity: contest_id=530262 teams 2389/2389 matched, players 5552/6734 matched
2026-08-19 13:48:34,644 INFO ncaa_identity: contest_id=530471 teams 2159/2159 matched, players 5975/6078 matched
2026-08-19 13:48:37,971 INFO 5 starters not found for period 3; using estimate
2026-08-19 13:48:41,952 INFO ncaa_identity: contest_id=530636 teams 2459/2459 matched, players 6653/6923 matched
2026-08-19 13:48:42,601 INFO ncaa_identity: contest_id=530646 teams 1878/1878 matched, players 5031/5284 matched
2026-08-19 13:48:44,969 INFO ncaa_identity: contest_id=530681 teams 2030/2030 matched, players 5461/5727 matched
2026-08-19 13:48:47,248 INFO ncaa_identity: contest_id=530712 teams 2063/2063 matched, players 5377/5828 matched
2026-08-19 13:48:48,842 INFO ncaa_identity: contest_id=530744 teams 2540/2540 matched, players 6738/7184 matched
2026-08-19 13:48:49,486 INFO ncaa_identity: contest_id=530757 teams 1810/1810 matched, players 4657/5067 matched
2026-08-19 13:48:50,113 INFO ncaa_identity: contest_id=530767 teams 2061/2061 matched, players 4747/5777 matched
2026-08-19 13:48:54,213 INFO ncaa_identity: contest_id=530874 teams 2525/2525 matched, players 6963/7114 matched
2026-08-19 13:48:56,133 INFO ncaa_identity: contest_id=530897 teams 2283/2283 matched, players 6187/6484 matched
2026-08-19 13:48:56,908 INFO ncaa_identity: contest_id=530907 teams 2563/2563 matched, players 6938/7266 matched
2026-08-19 13:48:58,726 INFO ncaa_identity: contest_id=530931 teams 2295/2295 matched, players 5892/6475 matched
2026-08-19 13:49:00,973 INFO ncaa_identity: contest_id=530965 teams 2022/2022 matched, players 5216/5700 matched
2026-08-19 13:49:01,980 INFO ncaa_identity: contest_id=530977 teams 2585/2585 matched, players 7234/7285 matched
2026-08-19 13:49:06,255 INFO ncaa_identity: contest_id=239450 teams 2117/2117 matched, players 797/837 matched
2026-08-19 13:49:07,398 INFO ncaa_identity: contest_id=239468 teams 1532/2953 matched, players 4190/8258 matched
2026-08-19 13:49:08,348 INFO ncaa_identity: contest_id=239484 teams 1579/3135 matched, players 4435/8832 matched
2026-08-19 13:49:13,075 INFO ncaa_identity: contest_id=239562 teams 2937/2937 matched, players 7660/8300 matched
2026-08-19 13:49:13,953 INFO ncaa_identity: contest_id=239575 teams 1285/2519 matched, players 3332/7041 matched
2026-08-19 13:49:15,753 INFO ncaa_identity: contest_id=239620 teams 2794/2794 matched, players 7591/7897 matched
2026-08-19 13:49:17,739 INFO ncaa_identity: contest_id=239659 teams 1386/2724 matched, players 3456/7624 matched
2026-08-19 13:49:18,651 INFO ncaa_identity: contest_id=239672 teams 1582/3009 matched, players 3969/8518 matched
2026-08-19 13:49:19,785 INFO ncaa_identity: contest_id=239690 teams 1406/2848 matched, players 3979/8048 matched
2026-08-19 13:49:20,543 INFO ncaa_identity: contest_id=239768 teams 2504/2504 matched, players 6521/7082 matched
2026-08-19 13:49:21,487 INFO ncaa_identity: contest_id=239817 teams 2222/2222 matched, players 6192/6253 matched
2026-08-19 13:49:22,325 INFO ncaa_identity: contest_id=239858 teams 1178/2326 matched, players 3355/6555 matched
2026-08-19 13:49:23,352 INFO ncaa_identity: contest_id=239885 teams 1248/2481 matched, players 3481/7024 matched
2026-08-19 13:49:25,232 INFO ncaa_identity: contest_id=240052 teams 1175/2252 matched, players 3240/6368 matched
2026-08-19 13:49:26,275 INFO ncaa_identity: contest_id=240095 teams 2419/2419 matched, players 5636/6766 matched
2026-08-19 13:49:27,240 INFO ncaa_identity: contest_id=240122 teams 2668/2668 matched, players 6919/7498 matched
2026-08-19 13:49:27,331 INFO 5 starters not found for period 3; using estimate
2026-08-19 13:49:29,191 INFO ncaa_identity: contest_id=240164 teams 2274/2274 matched, players 6090/6439 matched
2026-08-19 13:49:30,236 INFO ncaa_identity: contest_id=240188 teams 2499/2499 matched, players 6851/7065 matched
2026-08-19 13:49:31,048 INFO ncaa_identity: contest_id=240200 teams 2677/2677 matched, players 7041/7520 matched
2026-08-19 13:49:32,938 INFO ncaa_identity: contest_id=240223 teams 2231/2231 matched, players 5985/6278 matched
2026-08-19 13:49:33,888 INFO ncaa_identity: contest_id=240237 teams 1237/2424 matched, players 3389/6783 matched
2026-08-19 13:49:35,396 INFO ncaa_identity: contest_id=240261 teams 2427/2427 matched, players 6535/6866 matched
2026-08-19 13:49:36,280 INFO ncaa_identity: contest_id=240272 teams 2492/2492 matched, players 6689/7059 matched
2026-08-19 13:49:37,077 INFO ncaa_identity: contest_id=240298 teams 2638/2638 matched, players 7250/7455 matched
2026-08-19 13:49:37,964 INFO ncaa_identity: contest_id=240326 teams 1862/1862 matched, players 5022/5250 matched
2026-08-19 13:49:39,691 INFO ncaa_identity: contest_id=240398 teams 2144/2144 matched, players 5908/6024 matched
2026-08-19 13:49:40,535 INFO ncaa_identity: contest_id=240426 teams 1390/2740 matched, players 3864/7728 matched
2026-08-19 13:49:42,301 INFO ncaa_identity: contest_id=240477 teams 1205/2389 matched, players 3355/6710 matched
2026-08-19 13:49:43,259 INFO ncaa_identity: contest_id=240496 teams 2737/2737 matched, players 7216/7742 matched
2026-08-19 13:49:47,791 INFO ncaa_identity: contest_id=240643 teams 2325/2325 matched, players 6146/6535 matched
2026-08-19 13:49:48,738 INFO ncaa_identity: contest_id=240661 teams 2122/2122 matched, players 5165/5971 matched
2026-08-19 13:49:49,637 INFO ncaa_identity: contest_id=240690 teams 2526/2526 matched, players 6762/7135 matched
2026-08-19 13:49:52,443 INFO ncaa_identity: contest_id=240737 teams 2342/2342 matched, players 6181/6578 matched
2026-08-19 13:49:55,168 INFO ncaa_identity: contest_id=240831 teams 1349/2579 matched, players 3665/7258 matched
2026-08-19 13:49:55,807 INFO ncaa_identity: contest_id=240898 teams 2227/2227 matched, players 5652/6261 matched
2026-08-19 13:49:58,710 INFO ncaa_identity: contest_id=240997 teams 2604/2604 matched, players 6802/7349 matched
2026-08-19 13:50:00,585 INFO ncaa_identity: contest_id=241084 teams 1176/2358 matched, players 3332/6631 matched
2026-08-19 13:50:01,403 INFO ncaa_identity: contest_id=241107 teams 2112/2112 matched, players 888/939 matched
2026-08-19 13:50:03,178 INFO ncaa_identity: contest_id=241179 teams 1296/2528 matched, players 3368/7100 matched
2026-08-19 13:50:03,896 INFO ncaa_identity: contest_id=241238 teams 2395/2395 matched, players 6397/6748 matched
2026-08-19 13:50:04,860 INFO ncaa_identity: contest_id=241316 teams 2397/2397 matched, players 6192/6706 matched
2026-08-19 13:50:09,190 INFO ncaa_identity: contest_id=241420 teams 2407/2407 matched, players 5568/6813 matched
2026-08-19 13:50:10,056 INFO ncaa_identity: contest_id=241431 teams 2428/2428 matched, players 6040/6855 matched
2026-08-19 13:50:14,211 INFO ncaa_identity: contest_id=241527 teams 1449/1449 matched, players 364/388 matched
2026-08-19 13:50:16,056 INFO ncaa_identity: contest_id=241604 teams 1403/2720 matched, players 3559/7691 matched
2026-08-19 13:50:17,202 INFO 5 starters not found for period 3; using estimate
2026-08-19 13:50:17,979 INFO ncaa_identity: contest_id=241712 teams 3098/3098 matched, players 7621/8763 matched
2026-08-19 13:50:19,114 INFO ncaa_identity: contest_id=241749 teams 1388/2741 matched, players 3881/7755 matched
2026-08-19 13:50:19,942 INFO ncaa_identity: contest_id=241795 teams 2479/2479 matched, players 6389/7034 matched
2026-08-19 13:50:20,928 INFO ncaa_identity: contest_id=241806 teams 1203/2449 matched, players 3448/6923 matched
2026-08-19 13:50:24,639 INFO ncaa_identity: contest_id=241872 teams 2119/2119 matched, players 5837/5930 matched
2026-08-19 13:50:25,422 INFO ncaa_identity: contest_id=241888 teams 1159/2278 matched, players 3224/6428 matched
2026-08-19 13:50:26,161 INFO ncaa_identity: contest_id=241901 teams 2134/2134 matched, players 5715/5993 matched
2026-08-19 13:50:27,052 INFO ncaa_identity: contest_id=241911 teams 2334/2334 matched, players 6367/6589 matched
2026-08-19 13:50:29,693 INFO ncaa_identity: contest_id=241941 teams 2579/2579 matched, players 7201/7237 matched
2026-08-19 13:50:31,569 INFO ncaa_identity: contest_id=241979 teams 2806/2806 matched, players 7861/7864 matched
2026-08-19 13:50:32,351 INFO ncaa_identity: contest_id=242011 teams 2304/2304 matched, players 5911/6479 matched
2026-08-19 13:50:34,155 INFO ncaa_identity: contest_id=242053 teams 2383/2383 matched, players 6275/6670 matched
2026-08-19 13:50:35,063 INFO ncaa_identity: contest_id=242067 teams 2199/2199 matched, players 5694/6230 matched
2026-08-19 13:50:35,854 INFO ncaa_identity: contest_id=242085 teams 2203/2203 matched, players 5786/6212 matched
2026-08-19 13:50:38,409 INFO ncaa_identity: contest_id=242179 teams 1788/1788 matched, players 4818/5048 matched
2026-08-19 13:50:39,426 INFO ncaa_identity: contest_id=242222 teams 2552/2552 matched, players 7174/7203 matched
2026-08-19 13:50:42,772 INFO ncaa_identity: contest_id=242329 teams 2290/2290 matched, players 6021/6434 matched
2026-08-19 13:50:43,734 INFO ncaa_identity: contest_id=242358 teams 2189/2189 matched, players 5359/6139 matched
2026-08-19 13:50:46,450 INFO ncaa_identity: contest_id=242465 teams 2379/2379 matched, players 6347/6681 matched
2026-08-19 13:50:48,832 INFO ncaa_identity: contest_id=242532 teams 1483/2960 matched, players 4188/8319 matched
2026-08-19 13:50:49,391 INFO ncaa_identity: contest_id=242556 teams 680/1295 matched, players 177/350 matched
2026-08-19 13:50:51,914 INFO ncaa_identity: contest_id=242630 teams 2160/2160 matched, players 5416/6096 matched
2026-08-19 13:50:53,678 INFO ncaa_identity: contest_id=242677 teams 2725/2725 matched, players 7363/7691 matched
2026-08-19 13:50:54,873 INFO ncaa_identity: contest_id=242716 teams 2633/2633 matched, players 7368/7445 matched
2026-08-19 13:50:56,620 INFO ncaa_identity: contest_id=242774 teams 2283/2283 matched, players 5967/6397 matched
2026-08-19 13:50:57,419 INFO ncaa_identity: contest_id=242805 teams 2531/2531 matched, players 6699/7125 matched
2026-08-19 13:50:58,462 INFO ncaa_identity: contest_id=242830 teams 2566/2566 matched, players 7097/7249 matched
2026-08-19 13:50:59,286 INFO ncaa_identity: contest_id=242863 teams 2658/2658 matched, players 7182/7480 matched
2026-08-19 13:51:00,421 INFO ncaa_identity: contest_id=242879 teams 2985/2985 matched, players 6910/8460 matched
2026-08-19 13:51:03,210 INFO ncaa_identity: contest_id=242978 teams 2509/2509 matched, players 6860/7099 matched
2026-08-19 13:51:07,363 INFO ncaa_identity: contest_id=243176 teams 2501/2501 matched, players 6971/6981 matched
2026-08-19 13:51:08,255 INFO ncaa_identity: contest_id=243219 teams 2534/2534 matched, players 6665/7083 matched
2026-08-19 13:51:09,165 INFO ncaa_identity: contest_id=243246 teams 2347/2347 matched, players 6415/6599 matched
2026-08-19 13:51:09,951 INFO ncaa_identity: contest_id=243288 teams 2465/2465 matched, players 6419/6933 matched
2026-08-19 13:51:10,895 INFO ncaa_identity: contest_id=243317 teams 2382/2382 matched, players 5966/6685 matched
2026-08-19 13:51:11,762 INFO ncaa_identity: contest_id=243368 teams 2183/2183 matched, players 5809/6103 matched
2026-08-19 13:51:12,485 INFO ncaa_identity: contest_id=243400 teams 2417/2417 matched, players 6752/6834 matched
2026-08-19 13:51:13,396 INFO ncaa_identity: contest_id=243437 teams 2187/2187 matched, players 5673/6201 matched
2026-08-19 13:51:14,817 INFO ncaa_identity: contest_id=243523 teams 2259/2259 matched, players 5959/6402 matched
2026-08-19 13:51:16,531 INFO ncaa_identity: contest_id=243582 teams 1254/2550 matched, players 3564/7236 matched
2026-08-19 13:51:18,819 INFO ncaa_identity: contest_id=243638 teams 2169/2169 matched, players 5789/6094 matched
2026-08-19 13:51:20,541 INFO ncaa_identity: contest_id=243686 teams 1181/2344 matched, players 3280/6607 matched
2026-08-19 13:51:21,437 INFO ncaa_identity: contest_id=243706 teams 2063/2063 matched, players 5323/5821 matched
2026-08-19 13:51:22,178 INFO ncaa_identity: contest_id=243734 teams 1991/1991 matched, players 5463/5579 matched
2026-08-19 13:51:23,996 INFO ncaa_identity: contest_id=243787 teams 2343/2343 matched, players 5922/6600 matched
2026-08-19 13:51:25,884 INFO ncaa_identity: contest_id=243846 teams 2521/2521 matched, players 7025/7128 matched
2026-08-19 13:51:27,470 INFO ncaa_identity: contest_id=243892 teams 1082/2140 matched, players 2988/5951 matched
2026-08-19 13:51:28,298 INFO ncaa_identity: contest_id=243940 teams 1126/2248 matched, players 3191/6373 matched
2026-08-19 13:51:29,068 INFO ncaa_identity: contest_id=243996 teams 1166/2413 matched, players 3431/6796 matched
2026-08-19 13:51:29,957 INFO ncaa_identity: contest_id=244075 teams 2104/2104 matched, players 5908/5924 matched
2026-08-19 13:51:32,397 INFO ncaa_identity: contest_id=244158 teams 2353/2353 matched, players 6397/6618 matched
2026-08-19 13:51:33,055 INFO ncaa_identity: contest_id=244190 teams 1049/2092 matched, players 2245/5875 matched
2026-08-19 13:51:34,932 INFO ncaa_identity: contest_id=244272 teams 2437/2437 matched, players 6704/6886 matched
2026-08-19 13:51:36,025 INFO ncaa_identity: contest_id=244297 teams 1445/2927 matched, players 4111/8278 matched
2026-08-19 13:51:36,818 INFO ncaa_identity: contest_id=244320 teams 1252/2494 matched, players 3509/7041 matched
2026-08-19 13:51:37,699 INFO ncaa_identity: contest_id=244364 teams 2407/2407 matched, players 6343/6773 matched
2026-08-19 13:51:39,460 INFO ncaa_identity: contest_id=244390 teams 1291/2484 matched, players 3576/7020 matched
2026-08-19 13:51:40,333 INFO ncaa_identity: contest_id=244408 teams 2507/2507 matched, players 6894/7058 matched
2026-08-19 13:51:42,059 INFO ncaa_identity: contest_id=244459 teams 2357/2357 matched, players 6322/6590 matched
2026-08-19 13:51:42,953 INFO ncaa_identity: contest_id=244490 teams 1369/2635 matched, players 3748/7432 matched
2026-08-19 13:51:43,699 INFO ncaa_identity: contest_id=244510 teams 2480/2480 matched, players 6484/7018 matched
2026-08-19 13:51:44,701 INFO ncaa_identity: contest_id=244531 teams 2727/2727 matched, players 7137/7666 matched
2026-08-19 13:51:46,509 INFO ncaa_identity: contest_id=244579 teams 2212/2212 matched, players 6038/6130 matched
2026-08-19 13:51:48,021 INFO ncaa_identity: contest_id=244621 teams 1175/2352 matched, players 3017/6614 matched
2026-08-19 13:51:49,640 INFO ncaa_identity: contest_id=244663 teams 2229/2229 matched, players 5692/6290 matched
2026-08-19 13:51:50,599 INFO ncaa_identity: contest_id=244699 teams 2656/2656 matched, players 6924/7527 matched
2026-08-19 13:51:54,181 INFO ncaa_identity: contest_id=244793 teams 2685/2685 matched, players 6735/7606 matched
2026-08-19 13:51:55,785 INFO ncaa_identity: contest_id=244866 teams 2589/2589 matched, players 7130/7314 matched
2026-08-19 13:51:56,904 INFO ncaa_identity: contest_id=244895 teams 2378/2378 matched, players 6130/6677 matched
2026-08-19 13:51:57,565 INFO ncaa_identity: contest_id=244921 teams 2256/2256 matched, players 6342/6381 matched
2026-08-19 13:51:59,997 INFO ncaa_identity: contest_id=244984 teams 2266/2266 matched, players 6367/6414 matched
2026-08-19 13:52:00,812 INFO ncaa_identity: contest_id=245028 teams 2065/2065 matched, players 5779/5793 matched
2026-08-19 13:52:01,577 INFO ncaa_identity: contest_id=245048 teams 2314/2314 matched, players 6471/6527 matched
2026-08-19 13:52:03,951 INFO ncaa_identity: contest_id=245137 teams 2062/2062 matched, players 5738/5748 matched
2026-08-19 13:52:04,870 INFO ncaa_identity: contest_id=245189 teams 2485/2485 matched, players 6691/7022 matched
2026-08-19 13:52:14,898 INFO ncaa_identity: contest_id=245322 teams 2529/2529 matched, players 6881/7121 matched
2026-08-19 13:52:15,728 INFO ncaa_identity: contest_id=245333 teams 2791/2791 matched, players 7586/7851 matched
2026-08-19 13:52:16,571 INFO ncaa_identity: contest_id=245343 teams 2556/2556 matched, players 6741/7173 matched
2026-08-19 13:52:21,735 INFO ncaa_identity: contest_id=245406 teams 2578/2578 matched, players 6962/7274 matched
2026-08-19 13:52:27,499 INFO ncaa_identity: contest_id=245489 teams 1313/2626 matched, players 3767/7404 matched
2026-08-19 13:52:30,349 INFO ncaa_identity: contest_id=245533 teams 2473/2473 matched, players 248/6736 matched
2026-08-19 13:52:33,844 INFO ncaa_identity: contest_id=245644 teams 1199/2339 matched, players 3361/6575 matched
2026-08-19 13:52:34,618 INFO ncaa_identity: contest_id=245661 teams 2381/2381 matched, players 6491/6716 matched
2026-08-19 13:52:35,513 INFO ncaa_identity: contest_id=245676 teams 2247/2247 matched, players 4989/6349 matched
2026-08-19 13:52:36,262 INFO ncaa_identity: contest_id=245699 teams 2429/2429 matched, players 6684/6858 matched
2026-08-19 13:52:37,309 INFO ncaa_identity: contest_id=245719 teams 1323/2638 matched, players 3672/7447 matched
2026-08-19 13:52:37,943 INFO ncaa_identity: contest_id=245740 teams 2013/2013 matched, players 5248/5639 matched
2026-08-19 13:52:38,884 INFO ncaa_identity: contest_id=245820 teams 2379/2379 matched, players 6500/6739 matched
2026-08-19 13:52:39,670 INFO ncaa_identity: contest_id=245845 teams 2374/2374 matched, players 6121/6719 matched
2026-08-19 13:52:40,372 INFO ncaa_identity: contest_id=245865 teams 2607/2607 matched, players 7413/7414 matched
2026-08-19 13:52:47,272 INFO ncaa_identity: contest_id=246048 teams 2883/2883 matched, players 7874/8177 matched
2026-08-19 13:52:48,102 INFO ncaa_identity: contest_id=246086 teams 1329/2581 matched, players 3671/7270 matched
2026-08-19 13:52:49,745 INFO ncaa_identity: contest_id=246125 teams 2579/2579 matched, players 7210/7258 matched
2026-08-19 13:52:52,217 INFO ncaa_identity: contest_id=246192 teams 1283/2522 matched, players 3642/7120 matched
2026-08-19 13:52:53,175 INFO ncaa_identity: contest_id=246217 teams 2643/2643 matched, players 6418/7492 matched
2026-08-19 13:52:54,762 INFO ncaa_identity: contest_id=246295 teams 1232/2425 matched, players 3493/6869 matched
2026-08-19 13:52:56,046 INFO ncaa_identity: contest_id=246378 teams 2146/2146 matched, players 5996/6066 matched
2026-08-19 13:52:57,077 INFO ncaa_identity: contest_id=246409 teams 3064/3064 matched, players 8475/8677 matched
2026-08-19 13:52:57,802 INFO ncaa_identity: contest_id=246439 teams 2399/2399 matched, players 6382/6737 matched
2026-08-19 13:52:58,690 INFO ncaa_identity: contest_id=246471 teams 2458/2458 matched, players 6676/6966 matched
2026-08-19 13:53:00,388 INFO ncaa_identity: contest_id=246524 teams 2397/2397 matched, players 6621/6774 matched
2026-08-19 13:53:01,123 INFO ncaa_identity: contest_id=246565 teams 2229/2229 matched, players 6061/6285 matched
2026-08-19 13:53:01,793 INFO ncaa_identity: contest_id=246591 teams 1147/2337 matched, players 3244/6636 matched
2026-08-19 13:53:02,726 INFO ncaa_identity: contest_id=246625 teams 2626/2626 matched, players 7246/7438 matched
2026-08-19 13:53:08,454 INFO ncaa_identity: contest_id=246876 teams 2047/2047 matched, players 5354/5762 matched
2026-08-19 13:53:09,144 INFO ncaa_identity: contest_id=246896 teams 2345/2345 matched, players 5982/6586 matched
2026-08-19 13:53:09,956 INFO ncaa_identity: contest_id=246977 teams 1235/2400 matched, players 3344/6720 matched
2026-08-19 13:53:12,521 INFO ncaa_identity: contest_id=247081 teams 2436/2436 matched, players 6329/6873 matched
2026-08-19 13:53:13,383 INFO ncaa_identity: contest_id=247109 teams 2940/2940 matched, players 7599/8316 matched
2026-08-19 13:53:14,297 INFO ncaa_identity: contest_id=247148 teams 2686/2686 matched, players 6791/7622 matched
2026-08-19 13:53:15,647 INFO ncaa_identity: contest_id=247180 teams 2874/2874 matched, players 7639/8144 matched
2026-08-19 13:53:19,034 INFO ncaa_identity: contest_id=247231 teams 2514/2514 matched, players 6522/7013 matched
2026-08-19 13:53:20,607 INFO ncaa_identity: contest_id=247273 teams 2333/2333 matched, players 6538/6578 matched
2026-08-19 13:53:21,531 INFO ncaa_identity: contest_id=247299 teams 1641/1641 matched, players 610/661 matched
2026-08-19 13:53:27,120 INFO ncaa_identity: contest_id=247486 teams 2377/2377 matched, players 6496/6679 matched
2026-08-19 13:53:28,818 INFO ncaa_identity: contest_id=247545 teams 2695/2695 matched, players 6328/7627 matched
2026-08-19 13:53:30,632 INFO ncaa_identity: contest_id=247603 teams 2341/2341 matched, players 6173/6602 matched
2026-08-19 13:53:32,263 INFO ncaa_identity: contest_id=247673 teams 2412/2412 matched, players 6588/6752 matched
2026-08-19 13:53:32,950 INFO ncaa_identity: contest_id=247703 teams 2195/2195 matched, players 5709/6219 matched
2026-08-19 13:53:33,873 INFO ncaa_identity: contest_id=247766 teams 2462/2462 matched, players 6715/6941 matched
2026-08-19 13:53:36,251 INFO ncaa_identity: contest_id=247887 teams 2265/2265 matched, players 5920/6378 matched
2026-08-19 13:53:39,769 INFO ncaa_identity: contest_id=247976 teams 2590/2590 matched, players 6893/7321 matched
2026-08-19 13:53:40,509 INFO ncaa_identity: contest_id=247991 teams 2462/2462 matched, players 6668/6925 matched
2026-08-19 13:53:41,385 INFO ncaa_identity: contest_id=248036 teams 2245/2245 matched, players 5302/6366 matched
2026-08-19 13:53:42,029 INFO ncaa_identity: contest_id=248105 teams 2219/2219 matched, players 5822/6252 matched
2026-08-19 13:53:44,189 INFO ncaa_identity: contest_id=248184 teams 2256/2256 matched, players 6215/6360 matched
2026-08-19 13:53:45,107 INFO ncaa_identity: contest_id=248238 teams 2477/2477 matched, players 6608/6980 matched
2026-08-19 13:53:47,399 INFO ncaa_identity: contest_id=248307 teams 2189/2189 matched, players 6112/6215 matched
2026-08-19 13:53:48,933 INFO ncaa_identity: contest_id=248409 teams 2141/2141 matched, players 5863/6020 matched
2026-08-19 13:53:49,586 INFO ncaa_identity: contest_id=248429 teams 2173/2173 matched, players 5898/6101 matched
2026-08-19 13:53:55,101 INFO ncaa_identity: contest_id=248651 teams 2812/2812 matched, players 6656/7947 matched
2026-08-19 13:53:57,356 INFO ncaa_identity: contest_id=248720 teams 1165/2335 matched, players 3253/6569 matched
2026-08-19 13:53:59,818 INFO ncaa_identity: contest_id=248819 teams 2975/2975 matched, players 7800/8436 matched
2026-08-19 13:54:01,223 INFO ncaa_identity: contest_id=248917 teams 2486/2486 matched, players 6741/7019 matched
2026-08-19 13:54:02,053 INFO ncaa_identity: contest_id=248977 teams 2376/2376 matched, players 6233/6686 matched
2026-08-19 13:54:04,261 INFO ncaa_identity: contest_id=249060 teams 2217/2217 matched, players 5867/6221 matched
2026-08-19 13:54:09,228 INFO ncaa_identity: contest_id=249284 teams 2344/2344 matched, players 6012/6596 matched
2026-08-19 13:54:11,428 INFO ncaa_identity: contest_id=249369 teams 2309/2309 matched, players 5828/6540 matched
2026-08-19 13:54:12,121 INFO ncaa_identity: contest_id=249415 teams 2280/2280 matched, players 6410/6441 matched
2026-08-19 13:54:12,800 INFO ncaa_identity: contest_id=249444 teams 2500/2500 matched, players 7078/7081 matched
2026-08-19 13:54:14,275 INFO ncaa_identity: contest_id=249494 teams 2297/2297 matched, players 5568/6516 matched
2026-08-19 13:54:15,089 INFO ncaa_identity: contest_id=249527 teams 2086/2086 matched, players 5865/5917 matched
2026-08-19 13:54:15,799 INFO ncaa_identity: contest_id=249549 teams 2290/2290 matched, players 6025/6407 matched
2026-08-19 13:54:16,748 INFO ncaa_identity: contest_id=249574 teams 2951/2951 matched, players 7970/8350 matched
2026-08-19 13:54:17,358 INFO ncaa_identity: contest_id=249588 teams 2083/2083 matched, players 5570/5862 matched
2026-08-19 13:54:17,956 INFO ncaa_identity: contest_id=249601 teams 1890/1890 matched, players 5263/5336 matched
2026-08-19 13:54:19,580 INFO ncaa_identity: contest_id=249638 teams 2151/2151 matched, players 5840/6066 matched
2026-08-19 13:54:20,277 INFO ncaa_identity: contest_id=249670 teams 1063/2103 matched, players 2989/5908 matched
2026-08-19 13:54:21,039 INFO ncaa_identity: contest_id=249705 teams 2033/2033 matched, players 5698/5735 matched
2026-08-19 13:54:23,657 INFO ncaa_identity: contest_id=249814 teams 2593/2593 matched, players 6898/7336 matched
2026-08-19 13:54:25,248 INFO ncaa_identity: contest_id=249895 teams 2354/2354 matched, players 6665/6682 matched
2026-08-19 13:54:27,425 INFO ncaa_identity: contest_id=250021 teams 2147/2147 matched, players 5984/6038 matched
2026-08-19 13:54:29,068 INFO ncaa_identity: contest_id=250062 teams 2453/2453 matched, players 6605/6925 matched
2026-08-19 13:54:29,679 INFO ncaa_identity: contest_id=250089 teams 1945/1945 matched, players 5345/5451 matched
2026-08-19 13:54:33,598 INFO ncaa_identity: contest_id=250272 teams 2119/2119 matched, players 5930/5981 matched
2026-08-19 13:54:34,521 INFO ncaa_identity: contest_id=250299 teams 2576/2576 matched, players 6215/7305 matched
2026-08-19 13:54:36,697 INFO ncaa_identity: contest_id=250400 teams 1829/1829 matched, players 4785/5145 matched
2026-08-19 13:54:38,967 INFO ncaa_identity: contest_id=250525 teams 2411/2411 matched, players 5844/6816 matched
2026-08-19 13:54:39,906 INFO ncaa_identity: contest_id=250552 teams 2393/2393 matched, players 6216/6730 matched
2026-08-19 13:54:40,661 INFO ncaa_identity: contest_id=250569 teams 2292/2292 matched, players 5949/6436 matched
2026-08-19 13:54:42,157 INFO ncaa_identity: contest_id=250623 teams 2076/2076 matched, players 858/862 matched
2026-08-19 13:54:42,836 INFO ncaa_identity: contest_id=250656 teams 2331/2331 matched, players 6006/6629 matched
2026-08-19 13:54:44,988 INFO ncaa_identity: contest_id=250738 teams 1035/2076 matched, players 2939/5849 matched
2026-08-19 13:54:45,825 INFO ncaa_identity: contest_id=250770 teams 2222/2222 matched, players 5809/6245 matched
2026-08-19 13:54:46,416 INFO ncaa_identity: contest_id=250798 teams 2046/2046 matched, players 5185/5774 matched
2026-08-19 13:54:48,044 INFO ncaa_identity: contest_id=250847 teams 2494/2494 matched, players 6451/7057 matched
2026-08-19 13:54:48,813 INFO 5 starters not found for period 3; using estimate
2026-08-19 13:54:51,067 INFO 5 starters not found for period 5; using estimate
2026-08-19 13:54:52,581 INFO ncaa_identity: contest_id=251100 teams 1842/1842 matched, players 4714/5207 matched
2026-08-19 13:54:53,444 INFO ncaa_identity: contest_id=251130 teams 2236/2236 matched, players 6175/6314 matched
2026-08-19 13:54:54,141 INFO ncaa_identity: contest_id=251150 teams 2403/2403 matched, players 6738/6761 matched
2026-08-19 13:54:56,518 INFO ncaa_identity: contest_id=251231 teams 1144/2310 matched, players 3268/6506 matched
2026-08-19 13:55:01,598 INFO ncaa_identity: contest_id=251457 teams 1957/1957 matched, players 5349/5472 matched
2026-08-19 13:55:04,749 INFO ncaa_identity: contest_id=251603 teams 2173/2173 matched, players 5652/6085 matched
2026-08-19 13:55:07,745 INFO ncaa_identity: contest_id=251719 teams 2350/2350 matched, players 6503/6591 matched
2026-08-19 13:55:08,444 INFO ncaa_identity: contest_id=251759 teams 2209/2209 matched, players 6156/6181 matched
2026-08-19 13:55:09,200 INFO ncaa_identity: contest_id=251790 teams 2391/2391 matched, players 6504/6729 matched
2026-08-19 13:55:10,067 INFO ncaa_identity: contest_id=251825 teams 1999/1999 matched, players 5287/5614 matched
2026-08-19 13:55:10,739 INFO ncaa_identity: contest_id=251859 teams 2071/2071 matched, players 5159/5770 matched
2026-08-19 13:55:11,594 INFO ncaa_identity: contest_id=251876 teams 2144/2144 matched, players 5883/6050 matched
2026-08-19 13:55:12,344 INFO ncaa_identity: contest_id=251894 teams 2156/2156 matched, players 5218/6012 matched
2026-08-19 13:55:14,726 INFO ncaa_identity: contest_id=251970 teams 2185/2185 matched, players 5882/6180 matched
2026-08-19 13:55:15,322 INFO ncaa_identity: contest_id=252014 teams 2300/2300 matched, players 5981/6523 matched
2026-08-19 13:55:16,142 INFO ncaa_identity: contest_id=252049 teams 2300/2300 matched, players 6319/6483 matched
2026-08-19 13:55:18,987 INFO ncaa_identity: contest_id=252235 teams 2578/2578 matched, players 5972/7292 matched
2026-08-19 13:55:19,871 INFO ncaa_identity: contest_id=252254 teams 2462/2462 matched, players 6496/6975 matched
2026-08-19 13:55:20,584 INFO ncaa_identity: contest_id=252285 teams 2196/2196 matched, players 5698/6172 matched
2026-08-19 13:55:23,257 INFO ncaa_identity: contest_id=252374 teams 2331/2331 matched, players 6498/6612 matched
2026-08-19 13:55:24,832 INFO ncaa_identity: contest_id=252481 teams 2152/2152 matched, players 5813/6079 matched
2026-08-19 13:55:25,541 INFO ncaa_identity: contest_id=252512 teams 2567/2567 matched, players 6768/7234 matched
2026-08-19 13:55:26,409 INFO ncaa_identity: contest_id=252532 teams 2343/2343 matched, players 6382/6603 matched
2026-08-19 13:55:27,171 INFO ncaa_identity: contest_id=252580 teams 2221/2221 matched, players 6084/6228 matched
2026-08-19 13:55:31,531 INFO ncaa_identity: contest_id=252787 teams 1924/1924 matched, players 5421/5448 matched
2026-08-19 13:55:32,363 INFO ncaa_identity: contest_id=252812 teams 2451/2451 matched, players 6375/6927 matched
2026-08-19 13:55:35,488 INFO ncaa_identity: contest_id=252930 teams 2315/2315 matched, players 6463/6532 matched
2026-08-19 13:55:39,537 INFO ncaa_identity: contest_id=253043 teams 2595/2595 matched, players 3420/7290 matched
2026-08-19 13:55:40,422 INFO ncaa_identity: contest_id=253063 teams 2332/2332 matched, players 6295/6602 matched
2026-08-19 13:55:41,880 INFO ncaa_identity: contest_id=253155 teams 2371/2371 matched, players 6645/6702 matched
2026-08-19 13:55:43,947 INFO ncaa_identity: contest_id=253298 teams 2620/2620 matched, players 6988/7384 matched
2026-08-19 13:55:44,671 INFO ncaa_identity: contest_id=253319 teams 2316/2316 matched, players 5876/6543 matched
2026-08-19 13:55:55,273 INFO ncaa_identity: contest_id=253744 teams 2308/2308 matched, players 5690/6475 matched
2026-08-19 13:55:58,484 INFO ncaa_identity: contest_id=253877 teams 2329/2329 matched, players 5863/6581 matched
2026-08-19 13:55:59,248 INFO ncaa_identity: contest_id=253921 teams 2008/2008 matched, players 5183/5673 matched
2026-08-19 13:56:01,617 INFO ncaa_identity: contest_id=254001 teams 2580/2580 matched, players 6552/7303 matched
2026-08-19 13:56:02,314 INFO ncaa_identity: contest_id=254017 teams 2374/2374 matched, players 6145/6669 matched
2026-08-19 13:56:03,901 INFO ncaa_identity: contest_id=254059 teams 2554/2554 matched, players 7120/7220 matched
2026-08-19 13:56:04,545 INFO ncaa_identity: contest_id=254083 teams 2297/2297 matched, players 5362/6465 matched
2026-08-19 13:56:06,177 INFO ncaa_identity: contest_id=254175 teams 2922/2922 matched, players 7578/8271 matched
2026-08-19 13:56:07,896 INFO ncaa_identity: contest_id=254210 teams 2383/2383 matched, players 6671/6713 matched
2026-08-19 13:56:13,676 INFO ncaa_identity: contest_id=254365 teams 2241/2241 matched, players 6200/6348 matched
2026-08-19 13:56:14,478 INFO ncaa_identity: contest_id=254388 teams 2291/2291 matched, players 6124/6497 matched
2026-08-19 13:56:15,861 INFO ncaa_identity: contest_id=254515 teams 2193/2193 matched, players 6000/6216 matched
2026-08-19 13:56:19,037 INFO ncaa_identity: contest_id=254577 teams 2310/2310 matched, players 5871/6433 matched
2026-08-19 13:56:19,867 INFO ncaa_identity: contest_id=254594 teams 2358/2358 matched, players 6621/6639 matched
2026-08-19 13:56:20,657 INFO ncaa_identity: contest_id=254614 teams 2625/2625 matched, players 6898/7433 matched
2026-08-19 13:56:22,222 INFO ncaa_identity: contest_id=254642 teams 2126/2126 matched, players 5929/6003 matched
2026-08-19 13:56:22,940 INFO ncaa_identity: contest_id=254654 teams 2285/2285 matched, players 6365/6436 matched
2026-08-19 13:56:24,518 INFO ncaa_identity: contest_id=254683 teams 2497/2497 matched, players 6779/7089 matched
2026-08-19 13:56:25,287 INFO ncaa_identity: contest_id=254697 teams 2652/2652 matched, players 7257/7506 matched
2026-08-19 13:56:26,185 INFO ncaa_identity: contest_id=254772 teams 2385/2385 matched, players 5249/6751 matched
2026-08-19 13:56:26,883 INFO ncaa_identity: contest_id=254789 teams 2242/2242 matched, players 5853/6359 matched
2026-08-19 13:56:27,636 INFO ncaa_identity: contest_id=254799 teams 2742/2742 matched, players 7139/7766 matched
2026-08-19 13:56:28,387 INFO ncaa_identity: contest_id=254831 teams 1971/1971 matched, players 5505/5557 matched
2026-08-19 13:56:29,065 INFO ncaa_identity: contest_id=254842 teams 2294/2294 matched, players 5904/6484 matched
2026-08-19 13:56:29,934 INFO ncaa_identity: contest_id=254856 teams 2375/2375 matched, players 6199/6694 matched
2026-08-19 13:56:34,165 INFO ncaa_identity: contest_id=254980 teams 2185/2185 matched, players 6175/6183 matched
2026-08-19 13:56:34,784 INFO ncaa_identity: contest_id=254990 teams 2188/2188 matched, players 5430/6128 matched
2026-08-19 13:56:37,957 INFO ncaa_identity: contest_id=255032 teams 2175/2175 matched, players 5522/6144 matched
2026-08-19 13:56:40,204 INFO ncaa_identity: contest_id=255125 teams 2140/2140 matched, players 5603/6056 matched
2026-08-19 13:56:41,822 INFO ncaa_identity: contest_id=255159 teams 2571/2571 matched, players 6993/7257 matched
2026-08-19 13:56:42,401 INFO ncaa_identity: contest_id=255169 teams 2184/2184 matched, players 6138/6189 matched
2026-08-19 13:56:44,671 INFO ncaa_identity: contest_id=255199 teams 2152/2152 matched, players 5549/6037 matched
2026-08-19 13:56:51,049 INFO ncaa_identity: contest_id=255344 teams 1103/2188 matched, players 3054/6154 matched
2026-08-19 13:56:53,193 INFO ncaa_identity: contest_id=255380 teams 1735/1735 matched, players 636/643 matched
2026-08-19 13:56:54,778 INFO ncaa_identity: contest_id=255400 teams 2221/2221 matched, players 5845/6260 matched
2026-08-19 13:56:55,456 INFO ncaa_identity: contest_id=255410 teams 2169/2169 matched, players 6037/6067 matched
2026-08-19 13:56:56,090 INFO ncaa_identity: contest_id=255422 teams 2012/2012 matched, players 5261/5681 matched
2026-08-19 13:56:56,925 INFO ncaa_identity: contest_id=255434 teams 2095/2095 matched, players 5834/5905 matched
2026-08-19 13:56:57,631 INFO ncaa_identity: contest_id=255444 teams 2416/2416 matched, players 6120/6813 matched
2026-08-19 13:56:59,772 INFO ncaa_identity: contest_id=255474 teams 2443/2443 matched, players 5290/6898 matched
2026-08-19 13:57:00,715 INFO ncaa_identity: contest_id=255488 teams 2509/2509 matched, players 6632/7081 matched
2026-08-19 13:57:01,426 INFO ncaa_identity: contest_id=255500 teams 2576/2576 matched, players 7066/7268 matched
2026-08-19 13:57:02,142 INFO ncaa_identity: contest_id=255511 teams 2408/2408 matched, players 6469/6792 matched
2026-08-19 13:57:04,593 INFO ncaa_identity: contest_id=255561 teams 2082/2082 matched, players 5538/5894 matched
2026-08-19 13:57:05,329 INFO ncaa_identity: contest_id=255578 teams 2224/2224 matched, players 6169/6222 matched
2026-08-19 13:57:06,169 INFO ncaa_identity: contest_id=255624 teams 2476/2476 matched, players 5855/6968 matched
2026-08-19 13:57:09,190 INFO ncaa_identity: contest_id=255673 teams 2458/2458 matched, players 6929/6953 matched
2026-08-19 13:57:10,741 INFO ncaa_identity: contest_id=255695 teams 2186/2186 matched, players 6132/6154 matched
2026-08-19 13:57:12,219 INFO ncaa_identity: contest_id=255717 teams 2039/2039 matched, players 5685/5757 matched
2026-08-19 13:57:13,004 INFO ncaa_identity: contest_id=255729 teams 2442/2442 matched, players 6879/6883 matched
2026-08-19 13:57:15,012 INFO ncaa_identity: contest_id=255765 teams 1646/1646 matched, players 597/601 matched
2026-08-19 13:57:17,491 INFO ncaa_identity: contest_id=176549 teams 1224/2432 matched, players 3056/6870 matched
2026-08-19 13:57:19,107 INFO ncaa_identity: contest_id=176577 teams 1310/2590 matched, players 3616/7299 matched
2026-08-19 13:57:20,026 INFO ncaa_identity: contest_id=176591 teams 2825/2825 matched, players 7578/7958 matched
2026-08-19 13:57:20,758 INFO ncaa_identity: contest_id=176604 teams 2498/2498 matched, players 6693/7018 matched
2026-08-19 13:57:22,455 INFO ncaa_identity: contest_id=176631 teams 1351/2627 matched, players 3743/7374 matched
2026-08-19 13:57:23,612 INFO ncaa_identity: contest_id=176647 teams 2546/2546 matched, players 6700/7217 matched
2026-08-19 13:57:24,406 INFO ncaa_identity: contest_id=176661 teams 2532/2532 matched, players 6824/7121 matched
2026-08-19 13:57:26,229 INFO ncaa_identity: contest_id=176688 teams 2693/2693 matched, players 7098/7611 matched
2026-08-19 13:57:27,133 INFO ncaa_identity: contest_id=176705 teams 1303/2516 matched, players 3634/7126 matched
2026-08-19 13:57:27,890 INFO ncaa_identity: contest_id=176724 teams 2654/2654 matched, players 7471/7482 matched
2026-08-19 13:57:28,645 INFO ncaa_identity: contest_id=176734 teams 1197/2371 matched, players 3275/6617 matched
2026-08-19 13:57:29,606 INFO ncaa_identity: contest_id=176747 teams 1338/2641 matched, players 3765/7426 matched
2026-08-19 13:57:30,372 INFO ncaa_identity: contest_id=176759 teams 1379/2646 matched, players 3699/7437 matched
2026-08-19 13:57:31,904 INFO ncaa_identity: contest_id=176868 teams 1325/2650 matched, players 3714/7489 matched
2026-08-19 13:57:32,802 INFO ncaa_identity: contest_id=176898 teams 1092/2150 matched, players 363/795 matched
2026-08-19 13:57:33,485 INFO ncaa_identity: contest_id=176922 teams 2383/2383 matched, players 6520/6724 matched
2026-08-19 13:57:35,017 INFO ncaa_identity: contest_id=177021 teams 2420/2420 matched, players 6383/6855 matched
2026-08-19 13:57:35,691 INFO ncaa_identity: contest_id=177037 teams 1113/2223 matched, players 2710/6261 matched
2026-08-19 13:57:38,235 INFO ncaa_identity: contest_id=177085 teams 2336/2336 matched, players 6286/6616 matched
2026-08-19 13:57:38,916 INFO ncaa_identity: contest_id=177097 teams 1210/2347 matched, players 2979/6585 matched
2026-08-19 13:57:39,850 INFO ncaa_identity: contest_id=177109 teams 2588/2588 matched, players 6902/7309 matched
2026-08-19 13:57:40,521 INFO ncaa_identity: contest_id=177122 teams 2319/2319 matched, players 6032/6511 matched
2026-08-19 13:57:41,402 INFO ncaa_identity: contest_id=177134 teams 1183/2423 matched, players 3363/6790 matched
2026-08-19 13:57:42,120 INFO ncaa_identity: contest_id=177145 teams 1163/2281 matched, players 2355/6436 matched
2026-08-19 13:57:42,848 INFO ncaa_identity: contest_id=177155 teams 2259/2259 matched, players 6272/6332 matched
2026-08-19 13:57:46,878 INFO ncaa_identity: contest_id=177313 teams 2439/2439 matched, players 6347/6883 matched
2026-08-19 13:57:48,622 INFO ncaa_identity: contest_id=177412 teams 0/2469 matched, players 0/6916 matched
2026-08-19 13:57:49,367 INFO ncaa_identity: contest_id=177435 teams 1388/2665 matched, players 3468/7496 matched
2026-08-19 13:57:50,056 INFO ncaa_identity: contest_id=177460 teams 2274/2274 matched, players 6107/6397 matched
2026-08-19 13:57:53,328 INFO ncaa_identity: contest_id=177558 teams 1101/2138 matched, players 3016/6014 matched
2026-08-19 13:57:54,345 INFO ncaa_identity: contest_id=177573 teams 1325/2635 matched, players 3691/7364 matched
2026-08-19 13:57:56,026 INFO ncaa_identity: contest_id=177608 teams 2547/2547 matched, players 6741/7188 matched
2026-08-19 13:57:57,561 INFO ncaa_identity: contest_id=177636 teams 1379/2747 matched, players 3426/7798 matched
2026-08-19 13:57:58,444 INFO ncaa_identity: contest_id=177672 teams 1153/2341 matched, players 3225/6562 matched
2026-08-19 13:57:59,223 INFO ncaa_identity: contest_id=177708 teams 2469/2469 matched, players 6092/6915 matched
2026-08-19 13:58:00,031 INFO ncaa_identity: contest_id=177740 teams 2247/2247 matched, players 6053/6356 matched
2026-08-19 13:58:00,771 INFO ncaa_identity: contest_id=177767 teams 1525/2846 matched, players 4180/8068 matched
2026-08-19 13:58:01,805 INFO ncaa_identity: contest_id=177797 teams 1964/3744 matched, players 5372/10612 matched
2026-08-19 13:58:02,519 INFO ncaa_identity: contest_id=177835 teams 2653/2653 matched, players 6687/7463 matched
2026-08-19 13:58:04,218 INFO ncaa_identity: contest_id=177920 teams 1384/2644 matched, players 3748/7504 matched
2026-08-19 13:58:05,081 INFO ncaa_identity: contest_id=177954 teams 2496/2496 matched, players 6631/7056 matched
2026-08-19 13:58:05,794 INFO ncaa_identity: contest_id=177992 teams 2437/2437 matched, players 6710/6861 matched
2026-08-19 13:58:07,908 INFO ncaa_identity: contest_id=178170 teams 2285/2285 matched, players 6321/6485 matched
2026-08-19 13:58:08,834 INFO ncaa_identity: contest_id=178211 teams 1230/2445 matched, players 2738/6897 matched
2026-08-19 13:58:09,704 INFO ncaa_identity: contest_id=178307 teams 2768/2768 matched, players 7262/7810 matched
2026-08-19 13:58:10,575 INFO ncaa_identity: contest_id=178331 teams 2314/2314 matched, players 6223/6515 matched
2026-08-19 13:58:11,237 INFO ncaa_identity: contest_id=178345 teams 1198/2300 matched, players 3039/6494 matched
2026-08-19 13:58:12,150 INFO ncaa_identity: contest_id=178359 teams 2728/2728 matched, players 7228/7707 matched
2026-08-19 13:58:14,328 INFO ncaa_identity: contest_id=178409 teams 2371/2371 matched, players 6328/6713 matched
2026-08-19 13:58:15,002 INFO ncaa_identity: contest_id=178432 teams 2328/2328 matched, players 6246/6553 matched
2026-08-19 13:58:15,830 INFO ncaa_identity: contest_id=178464 teams 1316/2633 matched, players 3704/7400 matched
2026-08-19 13:58:17,341 INFO ncaa_identity: contest_id=178486 teams 2269/2269 matched, players 6036/6407 matched
2026-08-19 13:58:18,200 INFO ncaa_identity: contest_id=178496 teams 2404/2404 matched, players 6560/6816 matched
2026-08-19 13:58:21,227 INFO ncaa_identity: contest_id=178724 teams 1201/2376 matched, players 3423/6678 matched
2026-08-19 13:58:23,649 INFO ncaa_identity: contest_id=178798 teams 1018/1994 matched, players 2881/5664 matched
2026-08-19 13:58:25,047 INFO ncaa_identity: contest_id=178831 teams 2331/2331 matched, players 5680/6520 matched
2026-08-19 13:58:25,881 INFO ncaa_identity: contest_id=178850 teams 1173/2348 matched, players 3331/6641 matched
2026-08-19 13:58:26,563 INFO ncaa_identity: contest_id=178865 teams 1024/2049 matched, players 2855/5780 matched
2026-08-19 13:58:27,457 INFO ncaa_identity: contest_id=178883 teams 2290/2290 matched, players 5889/6479 matched
2026-08-19 13:58:28,184 INFO ncaa_identity: contest_id=178893 teams 2389/2389 matched, players 6361/6736 matched
2026-08-19 13:58:31,434 INFO ncaa_identity: contest_id=178941 teams 2251/2251 matched, players 6061/6323 matched
2026-08-19 13:58:33,623 INFO ncaa_identity: contest_id=179011 teams 2014/2014 matched, players 5074/5676 matched
2026-08-19 13:58:34,290 INFO ncaa_identity: contest_id=179024 teams 2578/2578 matched, players 6769/7310 matched
2026-08-19 13:58:35,076 INFO ncaa_identity: contest_id=179049 teams 2194/2194 matched, players 5320/6195 matched
2026-08-19 13:58:35,695 INFO ncaa_identity: contest_id=179067 teams 2166/2166 matched, players 5544/6084 matched
2026-08-19 13:58:40,648 INFO ncaa_identity: contest_id=179269 teams 2654/2654 matched, players 7281/7504 matched
2026-08-19 13:58:43,622 INFO ncaa_identity: contest_id=179375 teams 2843/2843 matched, players 7436/7996 matched
2026-08-19 13:58:50,482 INFO ncaa_identity: contest_id=179605 teams 2076/2076 matched, players 5171/5819 matched
2026-08-19 13:58:51,588 INFO ncaa_identity: contest_id=179619 teams 3161/3161 matched, players 7628/8904 matched
2026-08-19 13:58:53,275 INFO ncaa_identity: contest_id=179686 teams 1361/2735 matched, players 3527/7691 matched
2026-08-19 13:58:53,998 INFO ncaa_identity: contest_id=179714 teams 1286/2552 matched, players 3576/7182 matched
2026-08-19 13:58:57,396 INFO ncaa_identity: contest_id=179828 teams 1315/2506 matched, players 3257/7030 matched
2026-08-19 13:58:58,090 INFO ncaa_identity: contest_id=179854 teams 2481/2481 matched, players 6411/6981 matched
2026-08-19 13:58:59,651 INFO ncaa_identity: contest_id=179901 teams 1202/2419 matched, players 2930/6840 matched
2026-08-19 13:59:00,372 INFO ncaa_identity: contest_id=179922 teams 1296/2548 matched, players 3689/7216 matched
2026-08-19 13:59:01,246 INFO ncaa_identity: contest_id=179949 teams 2576/2576 matched, players 6786/7247 matched
2026-08-19 13:59:02,058 INFO ncaa_identity: contest_id=179989 teams 1422/2723 matched, players 3315/7632 matched
2026-08-19 13:59:04,135 INFO ncaa_identity: contest_id=180139 teams 2245/2245 matched, players 6132/6337 matched
2026-08-19 13:59:05,799 INFO ncaa_identity: contest_id=180204 teams 2264/2264 matched, players 5914/6303 matched
2026-08-19 13:59:07,285 INFO ncaa_identity: contest_id=180269 teams 2085/2085 matched, players 5467/5873 matched
2026-08-19 13:59:07,977 INFO ncaa_identity: contest_id=180293 teams 2217/2217 matched, players 5832/6196 matched
2026-08-19 13:59:08,945 INFO ncaa_identity: contest_id=180329 teams 2790/2790 matched, players 7404/7858 matched
2026-08-19 13:59:13,452 INFO ncaa_identity: contest_id=180566 teams 2376/2376 matched, players 6243/6707 matched
2026-08-19 13:59:14,059 INFO ncaa_identity: contest_id=180582 teams 2055/2055 matched, players 5300/5782 matched
2026-08-19 13:59:15,493 INFO ncaa_identity: contest_id=180629 teams 2013/2013 matched, players 5258/5654 matched
2026-08-19 13:59:16,385 INFO ncaa_identity: contest_id=180653 teams 2488/2488 matched, players 6650/7057 matched
2026-08-19 13:59:17,199 INFO ncaa_identity: contest_id=180677 teams 1306/2650 matched, players 3717/7440 matched
2026-08-19 13:59:18,099 INFO ncaa_identity: contest_id=180707 teams 2414/2414 matched, players 6702/6796 matched
2026-08-19 13:59:18,858 INFO ncaa_identity: contest_id=180731 teams 2493/2493 matched, players 6521/7021 matched
2026-08-19 13:59:19,791 INFO ncaa_identity: contest_id=180748 teams 2781/2781 matched, players 7819/7863 matched
2026-08-19 13:59:21,403 INFO ncaa_identity: contest_id=180824 teams 2150/2150 matched, players 860/898 matched
2026-08-19 13:59:22,782 INFO ncaa_identity: contest_id=180868 teams 2333/2333 matched, players 6434/6585 matched
2026-08-19 13:59:23,840 INFO ncaa_identity: contest_id=180902 teams 2740/2740 matched, players 7458/7744 matched
2026-08-19 13:59:26,244 INFO ncaa_identity: contest_id=181002 teams 2279/2279 matched, players 5974/6429 matched
2026-08-19 13:59:27,843 INFO ncaa_identity: contest_id=181055 teams 1223/2452 matched, players 3472/6952 matched
2026-08-19 13:59:28,673 INFO ncaa_identity: contest_id=181131 teams 1268/2537 matched, players 3594/7137 matched
2026-08-19 13:59:29,600 INFO ncaa_identity: contest_id=181175 teams 2440/2440 matched, players 6570/6924 matched
2026-08-19 13:59:30,314 INFO ncaa_identity: contest_id=181210 teams 2492/2492 matched, players 6418/7012 matched
2026-08-19 13:59:32,017 INFO ncaa_identity: contest_id=181252 teams 2463/2463 matched, players 6794/6938 matched
2026-08-19 13:59:32,920 INFO ncaa_identity: contest_id=181277 teams 2449/2449 matched, players 6106/6871 matched
2026-08-19 13:59:33,569 INFO ncaa_identity: contest_id=181310 teams 2381/2381 matched, players 6205/6720 matched
2026-08-19 13:59:36,039 INFO ncaa_identity: contest_id=181415 teams 2642/2642 matched, players 7294/7460 matched
2026-08-19 13:59:38,632 INFO ncaa_identity: contest_id=181526 teams 2883/2883 matched, players 8132/8151 matched
2026-08-19 13:59:39,312 INFO ncaa_identity: contest_id=181550 teams 2293/2293 matched, players 6239/6469 matched
2026-08-19 13:59:39,956 INFO ncaa_identity: contest_id=181568 teams 2302/2302 matched, players 6462/6511 matched
2026-08-19 13:59:42,470 INFO ncaa_identity: contest_id=181637 teams 1579/3098 matched, players 4480/8827 matched
2026-08-19 13:59:43,131 INFO ncaa_identity: contest_id=181666 teams 2128/2128 matched, players 5391/5985 matched
2026-08-19 13:59:44,774 INFO ncaa_identity: contest_id=181714 teams 2796/2796 matched, players 7431/7895 matched
2026-08-19 13:59:45,478 INFO ncaa_identity: contest_id=181734 teams 2302/2302 matched, players 5929/6512 matched
2026-08-19 13:59:46,902 INFO ncaa_identity: contest_id=181774 teams 2160/2160 matched, players 5693/6085 matched
2026-08-19 13:59:49,010 INFO ncaa_identity: contest_id=181856 teams 2165/2165 matched, players 5822/6116 matched
2026-08-19 13:59:49,885 INFO ncaa_identity: contest_id=181901 teams 2214/2214 matched, players 5867/6215 matched
2026-08-19 13:59:50,558 INFO ncaa_identity: contest_id=181929 teams 2312/2312 matched, players 5934/6501 matched
2026-08-19 13:59:51,209 INFO ncaa_identity: contest_id=181963 teams 2310/2310 matched, players 6350/6481 matched
2026-08-19 13:59:52,078 INFO ncaa_identity: contest_id=181992 teams 2310/2310 matched, players 6437/6526 matched
2026-08-19 13:59:52,803 INFO ncaa_identity: contest_id=182028 teams 1172/2397 matched, players 3400/6805 matched
2026-08-19 13:59:53,627 INFO ncaa_identity: contest_id=182051 teams 2159/2159 matched, players 5437/6063 matched
2026-08-19 13:59:54,317 INFO ncaa_identity: contest_id=182081 teams 2234/2234 matched, players 5990/6253 matched
2026-08-19 13:59:56,763 INFO ncaa_identity: contest_id=182140 teams 2337/2337 matched, players 6296/6583 matched
2026-08-19 13:59:57,634 INFO ncaa_identity: contest_id=182163 teams 2234/2234 matched, players 6222/6251 matched
2026-08-19 13:59:58,356 INFO ncaa_identity: contest_id=182181 teams 2524/2524 matched, players 6913/7120 matched
2026-08-19 13:59:59,149 INFO ncaa_identity: contest_id=182209 teams 1969/1969 matched, players 5366/5554 matched
2026-08-19 13:59:59,899 INFO ncaa_identity: contest_id=182227 teams 1302/2616 matched, players 3678/7390 matched
2026-08-19 14:00:01,514 INFO ncaa_identity: contest_id=182293 teams 2324/2324 matched, players 6363/6534 matched
2026-08-19 14:00:02,218 INFO ncaa_identity: contest_id=182321 teams 1131/2216 matched, players 3142/6240 matched
2026-08-19 14:00:03,137 INFO ncaa_identity: contest_id=182346 teams 2606/2606 matched, players 6813/7354 matched
2026-08-19 14:00:05,150 INFO ncaa_identity: contest_id=182431 teams 1856/1856 matched, players 4851/5219 matched
2026-08-19 14:00:07,284 INFO ncaa_identity: contest_id=182475 teams 1120/2269 matched, players 3071/6368 matched
2026-08-19 14:00:08,875 INFO ncaa_identity: contest_id=182515 teams 1327/2624 matched, players 3464/7470 matched
2026-08-19 14:00:10,566 INFO ncaa_identity: contest_id=182539 teams 2758/2758 matched, players 7408/7733 matched
2026-08-19 14:00:11,299 INFO ncaa_identity: contest_id=182551 teams 1214/2468 matched, players 3243/6946 matched
2026-08-19 14:00:12,179 INFO ncaa_identity: contest_id=182567 teams 2363/2363 matched, players 5931/6666 matched
2026-08-19 14:00:16,726 INFO ncaa_identity: contest_id=182639 teams 2573/2573 matched, players 6879/7260 matched
2026-08-19 14:00:18,288 INFO ncaa_identity: contest_id=182663 teams 2143/2143 matched, players 5704/6066 matched
2026-08-19 14:00:21,526 INFO ncaa_identity: contest_id=182704 teams 2680/2680 matched, players 7431/7554 matched
2026-08-19 14:00:22,234 INFO ncaa_identity: contest_id=182714 teams 1259/2494 matched, players 3518/7035 matched
2026-08-19 14:00:23,381 INFO ncaa_identity: contest_id=182724 teams 3075/3075 matched, players 8599/8671 matched
2026-08-19 14:00:24,018 INFO ncaa_identity: contest_id=182735 teams 2100/2100 matched, players 5698/5924 matched
2026-08-19 14:00:25,869 INFO ncaa_identity: contest_id=182759 teams 1480/2990 matched, players 4232/8457 matched
2026-08-19 14:00:26,829 INFO ncaa_identity: contest_id=182772 teams 1339/2720 matched, players 3519/7697 matched
2026-08-19 14:00:27,445 INFO ncaa_identity: contest_id=182785 teams 2119/2119 matched, players 5742/5968 matched
2026-08-19 14:00:29,040 INFO ncaa_identity: contest_id=182831 teams 2571/2571 matched, players 6757/7279 matched
2026-08-19 14:00:31,370 INFO ncaa_identity: contest_id=182905 teams 2790/2790 matched, players 7830/7928 matched
2026-08-19 14:00:33,557 INFO ncaa_identity: contest_id=183039 teams 2010/2010 matched, players 793/839 matched
2026-08-19 14:00:36,730 INFO ncaa_identity: contest_id=183219 teams 2627/2627 matched, players 6846/7437 matched
2026-08-19 14:00:37,443 INFO ncaa_identity: contest_id=183247 teams 2555/2555 matched, players 6757/7238 matched
2026-08-19 14:00:38,252 INFO ncaa_identity: contest_id=183268 teams 2038/2038 matched, players 5270/5737 matched
2026-08-19 14:00:39,001 INFO ncaa_identity: contest_id=183294 teams 2576/2576 matched, players 6868/7270 matched
2026-08-19 14:00:39,846 INFO ncaa_identity: contest_id=183311 teams 2368/2368 matched, players 6042/6693 matched
2026-08-19 14:00:44,002 INFO ncaa_identity: contest_id=183431 teams 2066/2066 matched, players 5369/5834 matched
2026-08-19 14:00:44,678 INFO ncaa_identity: contest_id=183453 teams 2212/2212 matched, players 5848/6266 matched
2026-08-19 14:00:46,265 INFO ncaa_identity: contest_id=183495 teams 2470/2470 matched, players 6370/6907 matched
2026-08-19 14:00:49,341 INFO ncaa_identity: contest_id=183664 teams 2357/2357 matched, players 6393/6630 matched
2026-08-19 14:00:50,575 INFO ncaa_identity: contest_id=183729 teams 2227/2227 matched, players 6211/6263 matched
2026-08-19 14:00:51,439 INFO ncaa_identity: contest_id=183770 teams 2211/2211 matched, players 5901/6273 matched
2026-08-19 14:00:52,857 INFO ncaa_identity: contest_id=183827 teams 2578/2578 matched, players 6749/7293 matched
2026-08-19 14:00:54,390 INFO ncaa_identity: contest_id=183887 teams 2352/2352 matched, players 5953/6689 matched
2026-08-19 14:00:55,807 INFO ncaa_identity: contest_id=183936 teams 1989/1989 matched, players 5093/5618 matched
2026-08-19 14:00:56,568 INFO ncaa_identity: contest_id=183974 teams 1292/2661 matched, players 3744/7533 matched
2026-08-19 14:00:59,054 INFO ncaa_identity: contest_id=184109 teams 2338/2338 matched, players 6396/6607 matched
2026-08-19 14:00:59,779 INFO ncaa_identity: contest_id=184129 teams 2527/2527 matched, players 6716/7167 matched
2026-08-19 14:01:00,710 INFO ncaa_identity: contest_id=184164 teams 2559/2559 matched, players 6820/7212 matched
2026-08-19 14:01:05,250 INFO ncaa_identity: contest_id=184356 teams 2441/2441 matched, players 6521/6908 matched
2026-08-19 14:01:12,995 INFO ncaa_identity: contest_id=184670 teams 2459/2459 matched, players 6399/6945 matched
2026-08-19 14:01:14,696 INFO ncaa_identity: contest_id=184744 teams 2479/2479 matched, players 6684/7015 matched
2026-08-19 14:01:17,186 INFO ncaa_identity: contest_id=184868 teams 2388/2388 matched, players 6240/6785 matched
2026-08-19 14:01:17,898 INFO ncaa_identity: contest_id=184911 teams 2488/2488 matched, players 6840/7070 matched
2026-08-19 14:01:18,518 INFO ncaa_identity: contest_id=184939 teams 2190/2190 matched, players 5744/6209 matched
2026-08-19 14:01:20,964 INFO ncaa_identity: contest_id=185023 teams 2347/2347 matched, players 6535/6596 matched
2026-08-19 14:01:21,609 INFO ncaa_identity: contest_id=185045 teams 2206/2206 matched, players 5852/6209 matched
2026-08-19 14:01:23,231 INFO ncaa_identity: contest_id=185097 teams 1008/2037 matched, players 2830/5726 matched
2026-08-19 14:01:24,940 INFO ncaa_identity: contest_id=185201 teams 2628/2628 matched, players 7128/7441 matched
2026-08-19 14:01:26,219 INFO ncaa_identity: contest_id=185265 teams 1723/1723 matched, players 3801/4835 matched
2026-08-19 14:01:27,213 INFO ncaa_identity: contest_id=185297 teams 2854/2854 matched, players 7644/8046 matched
2026-08-19 14:01:29,538 INFO ncaa_identity: contest_id=185386 teams 2498/2498 matched, players 6509/7042 matched
2026-08-19 14:01:30,220 INFO ncaa_identity: contest_id=185415 teams 1145/2233 matched, players 2645/6310 matched
2026-08-19 14:01:31,796 INFO ncaa_identity: contest_id=185471 teams 2191/2191 matched, players 5742/6183 matched
2026-08-19 14:01:37,760 INFO ncaa_identity: contest_id=185724 teams 1942/1942 matched, players 5243/5456 matched
2026-08-19 14:01:38,386 INFO ncaa_identity: contest_id=185754 teams 2312/2312 matched, players 5839/6529 matched
2026-08-19 14:01:39,189 INFO ncaa_identity: contest_id=185786 teams 2066/2066 matched, players 5625/5839 matched
2026-08-19 14:01:40,535 INFO ncaa_identity: contest_id=185856 teams 2103/2103 matched, players 5399/5951 matched
2026-08-19 14:01:43,620 INFO ncaa_identity: contest_id=186067 teams 2303/2303 matched, players 6214/6477 matched
2026-08-19 14:01:45,096 INFO ncaa_identity: contest_id=186105 teams 2396/2396 matched, players 6456/6788 matched
2026-08-19 14:01:45,758 INFO ncaa_identity: contest_id=186133 teams 2179/2179 matched, players 5767/6158 matched
2026-08-19 14:01:49,324 INFO ncaa_identity: contest_id=186300 teams 2484/2484 matched, players 6151/6999 matched
2026-08-19 14:01:51,722 INFO ncaa_identity: contest_id=186378 teams 2009/2009 matched, players 5196/5629 matched
2026-08-19 14:01:53,183 INFO ncaa_identity: contest_id=186455 teams 2113/2113 matched, players 5484/5954 matched
2026-08-19 14:01:57,759 INFO ncaa_identity: contest_id=186690 teams 2453/2453 matched, players 6099/6915 matched
2026-08-19 14:01:58,618 INFO ncaa_identity: contest_id=186713 teams 2657/2657 matched, players 6428/7544 matched
2026-08-19 14:01:59,212 INFO ncaa_identity: contest_id=186741 teams 1924/1924 matched, players 5148/5443 matched
2026-08-19 14:02:00,768 INFO ncaa_identity: contest_id=186774 teams 2248/2248 matched, players 5977/6391 matched
2026-08-19 14:02:02,453 INFO ncaa_identity: contest_id=186831 teams 2546/2546 matched, players 6365/7195 matched
2026-08-19 14:02:03,110 INFO ncaa_identity: contest_id=186848 teams 2279/2279 matched, players 6111/6382 matched
2026-08-19 14:02:04,713 INFO ncaa_identity: contest_id=186902 teams 2443/2443 matched, players 6365/6908 matched
2026-08-19 14:02:07,037 INFO ncaa_identity: contest_id=187006 teams 2421/2421 matched, players 6555/6833 matched
2026-08-19 14:02:08,748 INFO ncaa_identity: contest_id=187115 teams 2723/2723 matched, players 7558/7665 matched
2026-08-19 14:02:10,288 INFO ncaa_identity: contest_id=187176 teams 1035/2007 matched, players 2823/5674 matched
2026-08-19 14:02:10,978 INFO ncaa_identity: contest_id=187201 teams 2568/2568 matched, players 6609/7261 matched
2026-08-19 14:02:11,807 INFO ncaa_identity: contest_id=187228 teams 2491/2491 matched, players 6213/7066 matched
2026-08-19 14:02:13,091 INFO ncaa_identity: contest_id=187285 teams 2223/2223 matched, players 6155/6304 matched
2026-08-19 14:02:15,499 INFO ncaa_identity: contest_id=187397 teams 2404/2404 matched, players 6448/6744 matched
2026-08-19 14:02:16,934 INFO ncaa_identity: contest_id=187462 teams 2606/2606 matched, players 7020/7343 matched
2026-08-19 14:02:17,799 INFO ncaa_identity: contest_id=187496 teams 2325/2325 matched, players 6234/6567 matched
2026-08-19 14:02:18,570 INFO ncaa_identity: contest_id=187519 teams 2762/2762 matched, players 7532/7811 matched
2026-08-19 14:02:19,382 INFO ncaa_identity: contest_id=187559 teams 2173/2173 matched, players 6021/6124 matched
2026-08-19 14:02:20,067 INFO ncaa_identity: contest_id=187592 teams 1326/2628 matched, players 3721/7437 matched
2026-08-19 14:02:20,666 INFO ncaa_identity: contest_id=187628 teams 2042/2042 matched, players 5049/5750 matched
2026-08-19 14:02:28,140 INFO ncaa_identity: contest_id=187908 teams 3054/3054 matched, players 7965/8599 matched
2026-08-19 14:02:28,797 INFO ncaa_identity: contest_id=187930 teams 2090/2090 matched, players 5161/5872 matched
2026-08-19 14:02:31,034 INFO ncaa_identity: contest_id=188016 teams 2272/2272 matched, players 5924/6437 matched
2026-08-19 14:02:31,558 INFO ncaa_identity: contest_id=188047 teams 1888/1888 matched, players 4930/5337 matched
2026-08-19 14:02:32,162 INFO ncaa_identity: contest_id=188076 teams 2103/2103 matched, players 5586/5939 matched
2026-08-19 14:02:35,453 INFO ncaa_identity: contest_id=188254 teams 2597/2597 matched, players 6943/7367 matched
2026-08-19 14:02:36,123 INFO ncaa_identity: contest_id=188281 teams 2107/2107 matched, players 5727/5963 matched
2026-08-19 14:02:38,446 INFO ncaa_identity: contest_id=188356 teams 2324/2324 matched, players 6089/6573 matched
2026-08-19 14:02:40,171 INFO ncaa_identity: contest_id=188410 teams 2449/2449 matched, players 6026/6936 matched
2026-08-19 14:02:40,949 INFO ncaa_identity: contest_id=188491 teams 2226/2226 matched, players 6082/6280 matched
2026-08-19 14:02:42,220 INFO ncaa_identity: contest_id=188537 teams 2158/2158 matched, players 5729/6075 matched
2026-08-19 14:02:43,103 INFO ncaa_identity: contest_id=188562 teams 2209/2209 matched, players 5267/6202 matched
2026-08-19 14:02:45,116 INFO ncaa_identity: contest_id=188662 teams 2185/2185 matched, players 5973/6177 matched
2026-08-19 14:02:46,401 INFO ncaa_identity: contest_id=188738 teams 2242/2242 matched, players 5744/6355 matched
2026-08-19 14:02:47,957 INFO ncaa_identity: contest_id=188805 teams 2450/2450 matched, players 6172/6900 matched
2026-08-19 14:02:50,512 INFO ncaa_identity: contest_id=188912 teams 2366/2366 matched, players 6258/6615 matched
2026-08-19 14:02:52,719 INFO ncaa_identity: contest_id=189002 teams 2405/2405 matched, players 6143/6807 matched
2026-08-19 14:02:53,636 INFO ncaa_identity: contest_id=189025 teams 2124/2124 matched, players 4733/5994 matched
2026-08-19 14:02:54,975 INFO ncaa_identity: contest_id=189065 teams 2282/2282 matched, players 5992/6479 matched
2026-08-19 14:02:59,864 INFO ncaa_identity: contest_id=189341 teams 2611/2611 matched, players 7293/7384 matched
2026-08-19 14:03:01,476 INFO ncaa_identity: contest_id=189379 teams 2572/2572 matched, players 6772/7305 matched
2026-08-19 14:03:03,601 INFO ncaa_identity: contest_id=189439 teams 2050/2050 matched, players 5466/5790 matched
2026-08-19 14:03:05,817 INFO ncaa_identity: contest_id=189520 teams 2241/2241 matched, players 6309/6353 matched
2026-08-19 14:03:07,369 INFO ncaa_identity: contest_id=189587 teams 2565/2565 matched, players 6759/7241 matched
2026-08-19 14:03:08,811 INFO ncaa_identity: contest_id=189655 teams 2348/2348 matched, players 6181/6610 matched
2026-08-19 14:03:09,655 INFO ncaa_identity: contest_id=189690 teams 2236/2236 matched, players 6105/6312 matched
2026-08-19 14:03:10,397 INFO ncaa_identity: contest_id=189708 teams 2538/2538 matched, players 6882/7168 matched
2026-08-19 14:03:11,924 INFO ncaa_identity: contest_id=189783 teams 2205/2205 matched, players 5655/6208 matched
2026-08-19 14:03:13,344 INFO ncaa_identity: contest_id=189874 teams 2014/2014 matched, players 5406/5623 matched
2026-08-19 14:03:15,549 INFO ncaa_identity: contest_id=189992 teams 1906/1906 matched, players 5007/5341 matched
2026-08-19 14:03:18,006 INFO ncaa_identity: contest_id=190060 teams 2109/2109 matched, players 5491/5977 matched
2026-08-19 14:03:21,942 INFO ncaa_identity: contest_id=190193 teams 2314/2314 matched, players 6199/6579 matched
2026-08-19 14:03:23,452 INFO ncaa_identity: contest_id=190255 teams 2467/2467 matched, players 6633/6896 matched
2026-08-19 14:03:25,812 INFO ncaa_identity: contest_id=190395 teams 2436/2436 matched, players 6823/6844 matched
2026-08-19 14:03:26,532 INFO ncaa_identity: contest_id=190433 teams 2371/2371 matched, players 6493/6677 matched
2026-08-19 14:03:29,505 INFO ncaa_identity: contest_id=190542 teams 2189/2189 matched, players 5943/6174 matched
2026-08-19 14:03:30,290 INFO ncaa_identity: contest_id=190569 teams 2053/2053 matched, players 5633/5742 matched
2026-08-19 14:03:36,417 INFO ncaa_identity: contest_id=190818 teams 2447/2447 matched, players 6717/6862 matched
2026-08-19 14:03:37,944 INFO ncaa_identity: contest_id=190915 teams 2246/2246 matched, players 5776/6345 matched
2026-08-19 14:03:41,431 INFO ncaa_identity: contest_id=191081 teams 1880/1880 matched, players 5012/5319 matched
2026-08-19 14:03:42,956 INFO ncaa_identity: contest_id=191122 teams 2562/2562 matched, players 6665/7275 matched
2026-08-19 14:03:44,596 INFO ncaa_identity: contest_id=191165 teams 2614/2614 matched, players 6949/7402 matched
2026-08-19 14:03:45,560 INFO ncaa_identity: contest_id=191177 teams 2899/2899 matched, players 7674/8207 matched
2026-08-19 14:03:47,348 INFO ncaa_identity: contest_id=191235 teams 3321/3321 matched, players 8582/9432 matched
2026-08-19 14:03:48,044 INFO ncaa_identity: contest_id=191254 teams 1250/2403 matched, players 3426/6726 matched
2026-08-19 14:03:48,852 INFO ncaa_identity: contest_id=191318 teams 2211/2211 matched, players 6230/6246 matched
2026-08-19 14:03:50,435 INFO ncaa_identity: contest_id=191352 teams 2165/2165 matched, players 5796/6076 matched
2026-08-19 14:03:51,982 INFO ncaa_identity: contest_id=191387 teams 2093/2093 matched, players 5579/5933 matched
2026-08-19 14:03:54,220 INFO ncaa_identity: contest_id=191488 teams 1247/2483 matched, players 3556/7038 matched
2026-08-19 14:03:55,091 INFO ncaa_identity: contest_id=191505 teams 1074/2219 matched, players 2514/6235 matched
2026-08-19 14:03:55,753 INFO ncaa_identity: contest_id=191524 teams 2165/2165 matched, players 5939/6097 matched
2026-08-19 14:03:57,250 INFO ncaa_identity: contest_id=191606 teams 2472/2472 matched, players 6366/6986 matched
2026-08-19 14:03:57,961 INFO ncaa_identity: contest_id=191668 teams 1269/2551 matched, players 3636/7219 matched
2026-08-19 14:03:58,810 INFO ncaa_identity: contest_id=191685 teams 2546/2546 matched, players 6743/7167 matched
2026-08-19 14:04:00,524 INFO ncaa_identity: contest_id=191719 teams 2557/2557 matched, players 7146/7148 matched
2026-08-19 14:04:01,308 INFO ncaa_identity: contest_id=191738 teams 2687/2687 matched, players 7193/7563 matched
2026-08-19 14:04:02,884 INFO ncaa_identity: contest_id=191775 teams 2465/2465 matched, players 6639/6977 matched
2026-08-19 14:04:04,520 INFO ncaa_identity: contest_id=191806 teams 1341/2642 matched, players 3737/7489 matched
2026-08-19 14:04:07,187 INFO ncaa_identity: contest_id=191854 teams 2692/2692 matched, players 7585/7657 matched
2026-08-19 14:04:10,650 INFO ncaa_identity: contest_id=191995 teams 2333/2333 matched, players 6045/6565 matched
2026-08-19 14:04:11,553 INFO ncaa_identity: contest_id=192005 teams 2353/2353 matched, players 5705/6664 matched
2026-08-19 14:04:14,441 INFO ncaa_identity: contest_id=192081 teams 2205/2205 matched, players 5857/6225 matched
2026-08-19 14:04:16,792 INFO ncaa_identity: contest_id=192130 teams 2217/2217 matched, players 5663/6261 matched
2026-08-19 14:04:22,176 INFO ncaa_identity: contest_id=192233 teams 2034/2034 matched, players 5347/5750 matched
2026-08-19 14:04:23,218 INFO ncaa_identity: contest_id=192285 teams 2581/2581 matched, players 7048/7278 matched
2026-08-19 14:04:23,984 INFO ncaa_identity: contest_id=192303 teams 2459/2459 matched, players 6846/6908 matched
2026-08-19 14:04:25,542 INFO ncaa_identity: contest_id=192331 teams 2084/2084 matched, players 5391/5885 matched
2026-08-19 14:04:26,182 INFO ncaa_identity: contest_id=192341 teams 2134/2134 matched, players 5739/6033 matched
2026-08-19 14:04:28,056 INFO ncaa_identity: contest_id=192361 teams 2348/2348 matched, players 6452/6545 matched
2026-08-19 14:04:29,618 INFO ncaa_identity: contest_id=192381 teams 2248/2248 matched, players 6106/6351 matched
2026-08-19 14:04:30,451 INFO ncaa_identity: contest_id=192391 teams 2402/2402 matched, players 6682/6715 matched
2026-08-19 14:04:31,179 INFO ncaa_identity: contest_id=192408 teams 1016/1976 matched, players 2794/5578 matched
2026-08-19 14:04:32,255 INFO ncaa_identity: contest_id=192463 teams 2483/2483 matched, players 6091/6992 matched
2026-08-19 14:04:32,949 INFO ncaa_identity: contest_id=192474 teams 2217/2217 matched, players 5846/6242 matched
2026-08-19 14:04:34,643 INFO ncaa_identity: contest_id=192511 teams 2510/2510 matched, players 6543/7042 matched
2026-08-19 14:04:35,429 INFO ncaa_identity: contest_id=192523 teams 2577/2577 matched, players 6641/7237 matched
2026-08-19 14:04:36,524 INFO ncaa_identity: contest_id=192533 teams 1461/2880 matched, players 4123/8130 matched
2026-08-19 14:04:40,150 INFO ncaa_identity: contest_id=192573 teams 2520/2520 matched, players 6590/7122 matched
2026-08-19 14:04:42,354 INFO ncaa_identity: contest_id=192593 teams 2728/2728 matched, players 7453/7683 matched
2026-08-19 14:04:43,804 INFO ncaa_identity: contest_id=192614 teams 1928/1928 matched, players 5067/5433 matched
2026-08-19 14:04:45,330 INFO ncaa_identity: contest_id=192634 teams 2073/2073 matched, players 5781/5857 matched
2026-08-19 14:04:47,767 INFO ncaa_identity: contest_id=192672 teams 2237/2237 matched, players 6001/6305 matched
2026-08-19 14:04:48,443 INFO ncaa_identity: contest_id=192683 teams 1971/1971 matched, players 5160/5585 matched
2026-08-19 14:04:50,098 INFO ncaa_identity: contest_id=192718 teams 2450/2450 matched, players 6598/6949 matched
2026-08-19 14:04:52,851 INFO ncaa_identity: contest_id=192796 teams 2516/2516 matched, players 7135/7140 matched
2026-08-19 14:04:53,592 INFO ncaa_identity: contest_id=192806 teams 2404/2404 matched, players 6385/6810 matched
2026-08-19 14:04:56,285 INFO ncaa_identity: contest_id=192837 teams 2159/2159 matched, players 5513/6074 matched
2026-08-19 14:05:02,665 INFO ncaa_identity: contest_id=192926 teams 2303/2303 matched, players 6174/6486 matched
2026-08-19 14:05:03,645 INFO ncaa_identity: contest_id=192937 teams 2564/2564 matched, players 7055/7242 matched
2026-08-19 14:05:05,605 INFO ncaa_identity: contest_id=10052 teams 1460/2895 matched, players 4116/8154 matched
2026-08-19 14:05:06,334 INFO ncaa_identity: contest_id=10065 teams 2252/2252 matched, players 5935/6328 matched
2026-08-19 14:05:07,092 INFO ncaa_identity: contest_id=10077 teams 1318/2600 matched, players 3664/7394 matched
2026-08-19 14:05:08,819 INFO ncaa_identity: contest_id=10108 teams 1234/2475 matched, players 3363/6930 matched
2026-08-19 14:05:10,029 INFO ncaa_identity: contest_id=10124 teams 1682/3229 matched, players 4471/9115 matched
2026-08-19 14:05:11,650 INFO ncaa_identity: contest_id=10149 teams 2331/2331 matched, players 6064/6558 matched
2026-08-19 14:05:12,429 INFO ncaa_identity: contest_id=10160 teams 2660/2660 matched, players 6925/7504 matched
2026-08-19 14:05:13,261 INFO ncaa_identity: contest_id=10175 teams 2398/2398 matched, players 6381/6708 matched
2026-08-19 14:05:14,301 INFO ncaa_identity: contest_id=10188 teams 1434/2707 matched, players 3923/7642 matched
2026-08-19 14:05:15,079 INFO ncaa_identity: contest_id=10203 teams 2314/2314 matched, players 5842/6538 matched
2026-08-19 14:05:15,973 INFO ncaa_identity: contest_id=10216 teams 1052/2162 matched, players 3075/6106 matched
2026-08-19 14:05:17,417 INFO ncaa_identity: contest_id=10249 teams 2187/2187 matched, players 5778/6134 matched
2026-08-19 14:05:18,423 INFO ncaa_identity: contest_id=10315 teams 1216/2486 matched, players 3461/6999 matched
2026-08-19 14:05:19,191 INFO ncaa_identity: contest_id=10339 teams 2531/2531 matched, players 6852/7147 matched
2026-08-19 14:05:20,196 INFO ncaa_identity: contest_id=10363 teams 1274/2478 matched, players 3228/7020 matched
2026-08-19 14:05:22,003 INFO ncaa_identity: contest_id=10496 teams 1316/2630 matched, players 3694/7400 matched
2026-08-19 14:05:23,967 INFO ncaa_identity: contest_id=10517 teams 1363/2679 matched, players 3772/7544 matched
2026-08-19 14:05:24,839 INFO ncaa_identity: contest_id=10530 teams 2599/2599 matched, players 6693/7292 matched
2026-08-19 14:05:25,768 INFO ncaa_identity: contest_id=10542 teams 1182/2307 matched, players 3290/6474 matched
2026-08-19 14:05:26,632 INFO ncaa_identity: contest_id=10573 teams 1368/2662 matched, players 3349/7524 matched
2026-08-19 14:05:27,439 INFO ncaa_identity: contest_id=10588 teams 1233/2420 matched, players 3129/6825 matched
2026-08-19 14:05:30,229 INFO ncaa_identity: contest_id=10622 teams 2538/2538 matched, players 6809/7143 matched
2026-08-19 14:05:30,919 INFO ncaa_identity: contest_id=10633 teams 2382/2382 matched, players 6302/6747 matched
2026-08-19 14:05:32,772 INFO ncaa_identity: contest_id=10655 teams 2246/2246 matched, players 5404/6318 matched
2026-08-19 14:05:33,633 INFO ncaa_identity: contest_id=10666 teams 1075/2129 matched, players 2731/5962 matched
2026-08-19 14:05:34,726 INFO ncaa_identity: contest_id=10678 teams 2482/2482 matched, players 6375/6986 matched
2026-08-19 14:05:37,202 INFO ncaa_identity: contest_id=10740 teams 1089/2166 matched, players 3019/6112 matched
2026-08-19 14:05:39,037 INFO ncaa_identity: contest_id=10786 teams 2477/2477 matched, players 6563/6963 matched
2026-08-19 14:05:39,737 INFO ncaa_identity: contest_id=10806 teams 1124/2175 matched, players 2808/6131 matched
2026-08-19 14:05:40,792 INFO ncaa_identity: contest_id=10837 teams 1419/2761 matched, players 4018/7785 matched
2026-08-19 14:05:41,572 INFO ncaa_identity: contest_id=10875 teams 2509/2509 matched, players 6892/7095 matched
2026-08-19 14:05:42,521 INFO ncaa_identity: contest_id=10927 teams 2316/2316 matched, players 6227/6516 matched
2026-08-19 14:05:43,296 INFO ncaa_identity: contest_id=11013 teams 2271/2271 matched, players 5979/6430 matched
2026-08-19 14:05:43,978 INFO ncaa_identity: contest_id=11029 teams 2299/2299 matched, players 5678/6493 matched
2026-08-19 14:05:44,939 INFO ncaa_identity: contest_id=11045 teams 2249/2249 matched, players 5108/6312 matched
2026-08-19 14:05:45,692 INFO ncaa_identity: contest_id=11065 teams 2403/2403 matched, players 6744/6783 matched
2026-08-19 14:05:46,554 INFO ncaa_identity: contest_id=11080 teams 2091/2091 matched, players 5332/5894 matched
2026-08-19 14:05:47,269 INFO ncaa_identity: contest_id=11098 teams 2291/2291 matched, players 6181/6471 matched
2026-08-19 14:05:48,020 INFO ncaa_identity: contest_id=11119 teams 2123/2123 matched, players 5265/5956 matched
2026-08-19 14:05:48,930 INFO ncaa_identity: contest_id=11160 teams 1145/2227 matched, players 3009/6286 matched
2026-08-19 14:05:49,708 INFO ncaa_identity: contest_id=11192 teams 2664/2664 matched, players 7346/7550 matched
2026-08-19 14:05:50,681 INFO ncaa_identity: contest_id=11230 teams 2590/2590 matched, players 6928/7321 matched
2026-08-19 14:05:52,200 INFO ncaa_identity: contest_id=11287 teams 2495/2495 matched, players 6754/7075 matched
2026-08-19 14:05:52,999 INFO ncaa_identity: contest_id=11349 teams 2020/2020 matched, players 5442/5700 matched
2026-08-19 14:05:53,814 INFO ncaa_identity: contest_id=11376 teams 1460/2871 matched, players 4052/8127 matched
2026-08-19 14:05:55,511 INFO ncaa_identity: contest_id=11446 teams 2113/2113 matched, players 5366/5950 matched
2026-08-19 14:05:56,495 INFO ncaa_identity: contest_id=11482 teams 2328/2328 matched, players 6093/6542 matched
2026-08-19 14:05:59,775 INFO ncaa_identity: contest_id=11732 teams 2164/2164 matched, players 5986/5994 matched
2026-08-19 14:06:01,704 INFO ncaa_identity: contest_id=11763 teams 2980/2980 matched, players 7785/8445 matched
2026-08-19 14:06:03,364 INFO ncaa_identity: contest_id=11793 teams 2352/2352 matched, players 5996/6623 matched
2026-08-19 14:06:04,110 INFO ncaa_identity: contest_id=11805 teams 2452/2452 matched, players 6235/6954 matched
2026-08-19 14:06:05,191 INFO ncaa_identity: contest_id=11846 teams 1406/2761 matched, players 3883/7845 matched
2026-08-19 14:06:05,974 INFO ncaa_identity: contest_id=11865 teams 2297/2297 matched, players 5665/6528 matched
2026-08-19 14:06:07,725 INFO ncaa_identity: contest_id=11909 teams 1275/2471 matched, players 3482/6982 matched
2026-08-19 14:06:09,600 INFO ncaa_identity: contest_id=11930 teams 2260/2260 matched, players 6122/6365 matched
2026-08-19 14:06:10,318 INFO ncaa_identity: contest_id=11951 teams 2001/2001 matched, players 5224/5633 matched
2026-08-19 14:06:12,164 INFO ncaa_identity: contest_id=12019 teams 2808/2808 matched, players 7315/7967 matched
2026-08-19 14:06:13,776 INFO ncaa_identity: contest_id=12178 teams 2276/2276 matched, players 6139/6407 matched
2026-08-19 14:06:16,333 INFO ncaa_identity: contest_id=12243 teams 1154/2271 matched, players 3243/6366 matched
2026-08-19 14:06:17,223 INFO ncaa_identity: contest_id=12259 teams 2302/2302 matched, players 6168/6491 matched
2026-08-19 14:06:18,094 INFO ncaa_identity: contest_id=12281 teams 1412/2748 matched, players 3880/7736 matched
2026-08-19 14:06:19,717 INFO ncaa_identity: contest_id=12317 teams 1111/2171 matched, players 2841/6119 matched
2026-08-19 14:06:21,392 INFO ncaa_identity: contest_id=12339 teams 2065/2065 matched, players 5136/5841 matched
2026-08-19 14:06:22,176 INFO ncaa_identity: contest_id=12349 teams 2447/2447 matched, players 6885/6896 matched
2026-08-19 14:06:23,253 INFO ncaa_identity: contest_id=12365 teams 2210/2210 matched, players 5556/6192 matched
2026-08-19 14:06:24,205 INFO ncaa_identity: contest_id=12375 teams 2557/2557 matched, players 581/786 matched
2026-08-19 14:06:26,619 INFO ncaa_identity: contest_id=12416 teams 2417/2417 matched, players 6690/6827 matched
2026-08-19 14:06:28,150 INFO ncaa_identity: contest_id=12458 teams 2073/2073 matched, players 5385/5872 matched
2026-08-19 14:06:28,916 INFO ncaa_identity: contest_id=12478 teams 2419/2419 matched, players 6688/6813 matched
2026-08-19 14:06:29,867 INFO ncaa_identity: contest_id=12495 teams 1993/1993 matched, players 529/569 matched
2026-08-19 14:06:30,672 INFO ncaa_identity: contest_id=12508 teams 2363/2363 matched, players 520/687 matched
2026-08-19 14:06:31,596 INFO ncaa_identity: contest_id=12523 teams 2333/2333 matched, players 6204/6600 matched
2026-08-19 14:06:32,415 INFO ncaa_identity: contest_id=12549 teams 2549/2549 matched, players 6890/7160 matched
2026-08-19 14:06:33,337 INFO ncaa_identity: contest_id=12576 teams 1204/2281 matched, players 3025/6462 matched
2026-08-19 14:06:34,061 INFO ncaa_identity: contest_id=12614 teams 2189/2189 matched, players 5953/6224 matched
2026-08-19 14:06:36,461 INFO ncaa_identity: contest_id=12742 teams 2412/2412 matched, players 6530/6810 matched
2026-08-19 14:06:37,407 INFO ncaa_identity: contest_id=12761 teams 2607/2607 matched, players 6624/7366 matched
2026-08-19 14:06:39,810 INFO ncaa_identity: contest_id=12856 teams 1198/2371 matched, players 3375/6678 matched
2026-08-19 14:06:40,628 INFO ncaa_identity: contest_id=12870 teams 1364/2643 matched, players 3745/7473 matched
2026-08-19 14:06:41,573 INFO ncaa_identity: contest_id=12894 teams 1249/2376 matched, players 3368/6693 matched
2026-08-19 14:06:44,858 INFO ncaa_identity: contest_id=13006 teams 2332/2332 matched, players 5994/6566 matched
2026-08-19 14:06:46,561 INFO ncaa_identity: contest_id=13072 teams 2306/2306 matched, players 6180/6558 matched
2026-08-19 14:06:48,196 INFO ncaa_identity: contest_id=13105 teams 1882/1882 matched, players 4715/5282 matched
2026-08-19 14:06:52,547 INFO ncaa_identity: contest_id=13260 teams 1135/2251 matched, players 440/904 matched
2026-08-19 14:06:57,760 INFO ncaa_identity: contest_id=13436 teams 2681/2681 matched, players 6798/7606 matched
2026-08-19 14:07:01,081 INFO ncaa_identity: contest_id=13581 teams 1154/2329 matched, players 3300/6550 matched
2026-08-19 14:07:02,009 INFO ncaa_identity: contest_id=13619 teams 2169/2169 matched, players 5963/6123 matched
2026-08-19 14:07:04,419 INFO ncaa_identity: contest_id=13701 teams 2316/2316 matched, players 6122/6555 matched
2026-08-19 14:07:06,022 INFO ncaa_identity: contest_id=13767 teams 1243/2409 matched, players 3432/6850 matched
2026-08-19 14:07:07,703 INFO ncaa_identity: contest_id=13822 teams 2517/2517 matched, players 5907/7082 matched
2026-08-19 14:07:08,563 INFO ncaa_identity: contest_id=13879 teams 2158/2158 matched, players 5648/6107 matched
2026-08-19 14:07:09,309 INFO ncaa_identity: contest_id=13928 teams 1129/2293 matched, players 3291/6498 matched
2026-08-19 14:07:11,045 INFO ncaa_identity: contest_id=14027 teams 2229/2229 matched, players 5932/6241 matched
2026-08-19 14:07:11,769 INFO ncaa_identity: contest_id=14070 teams 2036/2036 matched, players 5714/5718 matched
2026-08-19 14:07:13,561 INFO ncaa_identity: contest_id=14101 teams 2604/2604 matched, players 7263/7299 matched
2026-08-19 14:07:14,405 INFO ncaa_identity: contest_id=14121 teams 1898/1898 matched, players 4912/5362 matched
2026-08-19 14:07:15,153 INFO ncaa_identity: contest_id=14145 teams 1095/2218 matched, players 3123/6239 matched
2026-08-19 14:07:15,786 INFO ncaa_identity: contest_id=14166 teams 2132/2132 matched, players 5475/5987 matched
2026-08-19 14:07:17,496 INFO ncaa_identity: contest_id=14205 teams 2175/2175 matched, players 5840/6153 matched
2026-08-19 14:07:19,191 INFO ncaa_identity: contest_id=14274 teams 2227/2227 matched, players 6210/6289 matched
2026-08-19 14:07:19,974 INFO ncaa_identity: contest_id=14297 teams 2276/2276 matched, players 5755/6402 matched
2026-08-19 14:07:20,986 INFO ncaa_identity: contest_id=14332 teams 1286/2566 matched, players 3059/7235 matched
2026-08-19 14:07:24,720 INFO ncaa_identity: contest_id=14414 teams 3137/3137 matched, players 8654/8912 matched
2026-08-19 14:07:28,442 INFO ncaa_identity: contest_id=14610 teams 2746/2746 matched, players 7551/7745 matched
2026-08-19 14:07:29,469 INFO ncaa_identity: contest_id=14659 teams 2664/2664 matched, players 6884/7557 matched
2026-08-19 14:07:30,330 INFO ncaa_identity: contest_id=14701 teams 2335/2335 matched, players 5830/6677 matched
2026-08-19 14:07:32,189 INFO ncaa_identity: contest_id=14760 teams 2214/2214 matched, players 6101/6178 matched
2026-08-19 14:07:34,645 INFO ncaa_identity: contest_id=14828 teams 2465/2465 matched, players 6387/6941 matched
2026-08-19 14:07:35,501 INFO ncaa_identity: contest_id=14857 teams 1955/1955 matched, players 5060/5494 matched
2026-08-19 14:07:38,045 INFO ncaa_identity: contest_id=14975 teams 2208/2208 matched, players 5714/6173 matched
2026-08-19 14:07:38,915 INFO ncaa_identity: contest_id=15004 teams 1421/2769 matched, players 3978/7865 matched
2026-08-19 14:07:39,858 INFO ncaa_identity: contest_id=15048 teams 1222/2414 matched, players 3400/6811 matched
2026-08-19 14:07:40,691 INFO ncaa_identity: contest_id=15064 teams 1322/2587 matched, players 3450/7380 matched
2026-08-19 14:07:42,452 INFO ncaa_identity: contest_id=15107 teams 2273/2273 matched, players 5875/6399 matched
2026-08-19 14:07:43,155 INFO ncaa_identity: contest_id=15127 teams 2219/2219 matched, players 5821/6258 matched
2026-08-19 14:07:43,910 INFO ncaa_identity: contest_id=15153 teams 1058/2133 matched, players 3067/6018 matched
2026-08-19 14:07:44,738 INFO ncaa_identity: contest_id=15169 teams 2238/2238 matched, players 5921/6301 matched
2026-08-19 14:07:46,968 INFO ncaa_identity: contest_id=15253 teams 2079/2079 matched, players 5471/5875 matched
2026-08-19 14:07:47,778 INFO ncaa_identity: contest_id=15295 teams 1117/2238 matched, players 3187/6254 matched
2026-08-19 14:07:49,657 INFO ncaa_identity: contest_id=15348 teams 2095/2095 matched, players 5527/5948 matched
2026-08-19 14:07:53,066 INFO ncaa_identity: contest_id=15466 teams 2228/2228 matched, players 5806/6328 matched
2026-08-19 14:07:53,831 INFO ncaa_identity: contest_id=15485 teams 2503/2503 matched, players 6436/7076 matched
2026-08-19 14:07:54,931 INFO ncaa_identity: contest_id=15508 teams 2583/2583 matched, players 6987/7300 matched
2026-08-19 14:08:00,046 INFO ncaa_identity: contest_id=15682 teams 2301/2301 matched, players 6381/6481 matched
2026-08-19 14:08:01,896 INFO ncaa_identity: contest_id=15729 teams 1222/2357 matched, players 3371/6631 matched
2026-08-19 14:08:02,750 INFO ncaa_identity: contest_id=15763 teams 2070/2070 matched, players 5523/5850 matched
2026-08-19 14:08:03,511 INFO ncaa_identity: contest_id=15790 teams 2221/2221 matched, players 5815/6259 matched
2026-08-19 14:08:05,411 INFO ncaa_identity: contest_id=15873 teams 0/2660 matched, players 0/7451 matched
2026-08-19 14:08:07,232 INFO ncaa_identity: contest_id=15915 teams 1161/2331 matched, players 3354/6573 matched
2026-08-19 14:08:09,648 INFO ncaa_identity: contest_id=15990 teams 2352/2352 matched, players 6490/6604 matched
2026-08-19 14:08:11,721 INFO ncaa_identity: contest_id=16046 teams 3090/3090 matched, players 8273/8783 matched
2026-08-19 14:08:14,270 INFO ncaa_identity: contest_id=16105 teams 2430/2430 matched, players 6319/6754 matched
2026-08-19 14:08:17,091 INFO ncaa_identity: contest_id=16159 teams 2406/2406 matched, players 5774/6802 matched
2026-08-19 14:08:17,759 INFO ncaa_identity: contest_id=16170 teams 2068/2068 matched, players 4716/5838 matched
2026-08-19 14:08:18,731 INFO ncaa_identity: contest_id=16180 teams 1350/2701 matched, players 3744/7628 matched
2026-08-19 14:08:19,521 INFO ncaa_identity: contest_id=16199 teams 2508/2508 matched, players 6654/7107 matched
2026-08-19 14:08:20,205 INFO ncaa_identity: contest_id=16215 teams 2088/2088 matched, players 5483/5895 matched
2026-08-19 14:08:21,123 INFO ncaa_identity: contest_id=16225 teams 2364/2364 matched, players 6664/6682 matched
2026-08-19 14:08:22,638 INFO ncaa_identity: contest_id=16245 teams 1171/2236 matched, players 3156/6258 matched
2026-08-19 14:08:23,657 INFO ncaa_identity: contest_id=16256 teams 2344/2344 matched, players 6538/6587 matched
2026-08-19 14:08:26,645 INFO ncaa_identity: contest_id=16300 teams 2288/2288 matched, players 6114/6483 matched
2026-08-19 14:08:29,107 INFO ncaa_identity: contest_id=16330 teams 2320/2320 matched, players 6112/6573 matched
2026-08-19 14:08:32,110 INFO ncaa_identity: contest_id=16374 teams 1301/2614 matched, players 3641/7387 matched
2026-08-19 14:08:32,806 INFO ncaa_identity: contest_id=16386 teams 2318/2318 matched, players 6138/6567 matched
2026-08-19 14:08:36,048 INFO ncaa_identity: contest_id=16459 teams 2413/2413 matched, players 6459/6806 matched
2026-08-19 14:08:36,708 INFO ncaa_identity: contest_id=16488 teams 960/1937 matched, players 2759/5463 matched
2026-08-19 14:08:38,295 INFO ncaa_identity: contest_id=16523 teams 2315/2315 matched, players 5868/6515 matched
2026-08-19 14:08:39,173 INFO ncaa_identity: contest_id=16610 teams 2048/2048 matched, players 4830/5768 matched
2026-08-19 14:08:39,944 INFO ncaa_identity: contest_id=16629 teams 2544/2544 matched, players 6702/7222 matched
2026-08-19 14:08:41,763 INFO ncaa_identity: contest_id=16664 teams 2619/2619 matched, players 6853/7431 matched
2026-08-19 14:08:43,409 INFO ncaa_identity: contest_id=16713 teams 2111/2111 matched, players 4858/5961 matched
2026-08-19 14:08:44,082 INFO ncaa_identity: contest_id=16732 teams 2292/2292 matched, players 6172/6480 matched
2026-08-19 14:08:48,339 INFO ncaa_identity: contest_id=16962 teams 1014/2089 matched, players 2411/5873 matched
2026-08-19 14:08:49,128 INFO ncaa_identity: contest_id=16983 teams 2028/2028 matched, players 5383/5693 matched
2026-08-19 14:08:49,878 INFO ncaa_identity: contest_id=16999 teams 2621/2621 matched, players 6772/7376 matched
2026-08-19 14:08:50,719 INFO ncaa_identity: contest_id=17018 teams 942/1939 matched, players 2527/5442 matched
2026-08-19 14:08:53,158 INFO ncaa_identity: contest_id=17074 teams 1376/2745 matched, players 3926/7814 matched
2026-08-19 14:08:55,792 INFO ncaa_identity: contest_id=17142 teams 2376/2376 matched, players 6204/6709 matched
2026-08-19 14:08:56,795 INFO ncaa_identity: contest_id=17173 teams 2485/2485 matched, players 7011/7028 matched
2026-08-19 14:08:58,523 INFO ncaa_identity: contest_id=17216 teams 1994/1994 matched, players 4936/5590 matched
2026-08-19 14:08:59,310 INFO ncaa_identity: contest_id=17249 teams 2428/2428 matched, players 6705/6878 matched
2026-08-19 14:09:03,385 INFO ncaa_identity: contest_id=17431 teams 2263/2263 matched, players 5817/6375 matched
2026-08-19 14:09:05,087 INFO ncaa_identity: contest_id=17496 teams 2015/2015 matched, players 5538/5673 matched
2026-08-19 14:09:07,633 INFO ncaa_identity: contest_id=17619 teams 2167/2167 matched, players 5635/6065 matched
2026-08-19 14:09:08,600 INFO 5 starters not found for period 3; using estimate
2026-08-19 14:09:10,379 INFO ncaa_identity: contest_id=17675 teams 2729/2729 matched, players 7404/7723 matched
2026-08-19 14:09:11,095 INFO ncaa_identity: contest_id=17708 teams 1205/2386 matched, players 3399/6768 matched
2026-08-19 14:09:13,608 INFO ncaa_identity: contest_id=17770 teams 2103/2103 matched, players 5124/5900 matched
2026-08-19 14:09:14,570 INFO ncaa_identity: contest_id=17803 teams 2403/2403 matched, players 6243/6816 matched
2026-08-19 14:09:16,477 INFO ncaa_identity: contest_id=17867 teams 2523/2523 matched, players 7085/7130 matched
2026-08-19 14:09:18,204 INFO ncaa_identity: contest_id=17986 teams 2262/2262 matched, players 5910/6386 matched
2026-08-19 14:09:18,993 INFO ncaa_identity: contest_id=18040 teams 2425/2425 matched, players 6001/6840 matched
2026-08-19 14:09:19,852 INFO ncaa_identity: contest_id=18055 teams 2267/2267 matched, players 5340/6395 matched
2026-08-19 14:09:20,697 INFO ncaa_identity: contest_id=18072 teams 2168/2168 matched, players 5749/6118 matched
2026-08-19 14:09:24,243 INFO ncaa_identity: contest_id=18196 teams 2281/2281 matched, players 5851/6436 matched
2026-08-19 14:09:26,786 INFO ncaa_identity: contest_id=18307 teams 2091/2091 matched, players 5659/5937 matched
2026-08-19 14:09:29,015 INFO ncaa_identity: contest_id=18466 teams 2022/2022 matched, players 5445/5720 matched
2026-08-19 14:09:31,446 INFO ncaa_identity: contest_id=18525 teams 2220/2220 matched, players 5722/6266 matched
2026-08-19 14:09:34,557 INFO 5 starters not found for period 3; using estimate
2026-08-19 14:09:36,974 INFO ncaa_identity: contest_id=18736 teams 2338/2338 matched, players 5833/6604 matched
2026-08-19 14:09:37,678 INFO ncaa_identity: contest_id=18763 teams 2443/2443 matched, players 6438/6896 matched
2026-08-19 14:09:38,360 INFO ncaa_identity: contest_id=18785 teams 1906/1906 matched, players 4914/5348 matched
2026-08-19 14:09:39,246 INFO ncaa_identity: contest_id=18822 teams 2356/2356 matched, players 6321/6676 matched
2026-08-19 14:09:40,295 INFO ncaa_identity: contest_id=18849 teams 2512/2512 matched, players 5885/7090 matched
2026-08-19 14:09:41,135 INFO ncaa_identity: contest_id=18869 teams 1936/1936 matched, players 5419/5473 matched
2026-08-19 14:09:45,734 INFO ncaa_identity: contest_id=19096 teams 2302/2302 matched, players 6383/6539 matched
2026-08-19 14:09:46,579 INFO ncaa_identity: contest_id=19159 teams 2337/2337 matched, players 6276/6638 matched
2026-08-19 14:09:47,299 INFO ncaa_identity: contest_id=19174 teams 2267/2267 matched, players 6350/6386 matched
2026-08-19 14:09:48,029 INFO ncaa_identity: contest_id=19212 teams 2245/2245 matched, players 5704/6325 matched
2026-08-19 14:09:49,680 INFO ncaa_identity: contest_id=19257 teams 2585/2585 matched, players 6748/7325 matched
2026-08-19 14:09:50,396 INFO ncaa_identity: contest_id=19291 teams 2339/2339 matched, players 6238/6640 matched
2026-08-19 14:09:51,335 INFO ncaa_identity: contest_id=19321 teams 2545/2545 matched, players 6873/7189 matched
2026-08-19 14:09:57,020 INFO ncaa_identity: contest_id=19591 teams 2347/2347 matched, players 5727/6678 matched
2026-08-19 14:09:58,298 INFO ncaa_identity: contest_id=19627 teams 1980/1980 matched, players 5469/5606 matched
2026-08-19 14:09:59,998 INFO ncaa_identity: contest_id=19661 teams 2498/2498 matched, players 6768/7062 matched
2026-08-19 14:10:01,665 INFO ncaa_identity: contest_id=19721 teams 2247/2247 matched, players 5756/6385 matched
2026-08-19 14:10:02,459 INFO ncaa_identity: contest_id=19802 teams 2336/2336 matched, players 5506/6605 matched
2026-08-19 14:10:03,165 INFO ncaa_identity: contest_id=19827 teams 2383/2383 matched, players 6355/6718 matched
2026-08-19 14:10:06,484 INFO ncaa_identity: contest_id=19899 teams 1988/1988 matched, players 4932/5571 matched
2026-08-19 14:10:10,571 INFO ncaa_identity: contest_id=20066 teams 2353/2353 matched, players 6240/6627 matched
2026-08-19 14:10:12,296 INFO ncaa_identity: contest_id=20129 teams 2233/2233 matched, players 6202/6294 matched
2026-08-19 14:10:14,135 INFO ncaa_identity: contest_id=20244 teams 2690/2690 matched, players 7105/7592 matched
2026-08-19 14:10:14,831 INFO ncaa_identity: contest_id=20284 teams 2182/2182 matched, players 5723/6206 matched
2026-08-19 14:10:16,489 INFO ncaa_identity: contest_id=20340 teams 2294/2294 matched, players 6221/6474 matched
2026-08-19 14:10:17,256 INFO ncaa_identity: contest_id=20368 teams 2144/2144 matched, players 5702/6026 matched
2026-08-19 14:10:18,331 INFO 5 starters not found for period 4; using estimate
2026-08-19 14:10:20,037 INFO ncaa_identity: contest_id=20467 teams 2054/2054 matched, players 5228/5786 matched
2026-08-19 14:10:20,798 INFO ncaa_identity: contest_id=20494 teams 2439/2439 matched, players 6355/6840 matched
2026-08-19 14:10:26,548 INFO ncaa_identity: contest_id=20740 teams 2603/2603 matched, players 7020/7375 matched
2026-08-19 14:10:27,325 INFO ncaa_identity: contest_id=20755 teams 2567/2567 matched, players 6818/7197 matched
2026-08-19 14:10:29,830 INFO ncaa_identity: contest_id=20863 teams 2326/2326 matched, players 5952/6541 matched
2026-08-19 14:10:31,481 INFO ncaa_identity: contest_id=20953 teams 2587/2587 matched, players 6793/7362 matched
2026-08-19 14:10:32,632 INFO ncaa_identity: contest_id=20972 teams 2291/2291 matched, players 6077/6446 matched
2026-08-19 14:10:36,741 INFO ncaa_identity: contest_id=21100 teams 2359/2359 matched, players 6292/6704 matched
2026-08-19 14:10:39,182 INFO ncaa_identity: contest_id=21191 teams 2250/2250 matched, players 6298/6326 matched
2026-08-19 14:10:39,817 INFO ncaa_identity: contest_id=21259 teams 2213/2213 matched, players 6053/6237 matched
2026-08-19 14:10:41,505 INFO ncaa_identity: contest_id=21342 teams 2036/2036 matched, players 5348/5702 matched
2026-08-19 14:10:42,197 INFO ncaa_identity: contest_id=21384 teams 2398/2398 matched, players 6457/6776 matched
2026-08-19 14:10:44,401 INFO ncaa_identity: contest_id=21442 teams 2015/2015 matched, players 5157/5659 matched
2026-08-19 14:10:45,089 INFO ncaa_identity: contest_id=21456 teams 2135/2135 matched, players 5460/6010 matched
2026-08-19 14:10:47,668 INFO ncaa_identity: contest_id=21567 teams 2389/2389 matched, players 6206/6758 matched
2026-08-19 14:10:48,327 INFO ncaa_identity: contest_id=21590 teams 1989/1989 matched, players 5243/5596 matched
2026-08-19 14:10:48,966 INFO ncaa_identity: contest_id=21618 teams 2230/2230 matched, players 5842/6264 matched
2026-08-19 14:10:50,669 INFO ncaa_identity: contest_id=21711 teams 2284/2284 matched, players 6396/6430 matched
2026-08-19 14:10:54,254 INFO ncaa_identity: contest_id=21867 teams 1965/1965 matched, players 5076/5552 matched
2026-08-19 14:10:55,216 INFO ncaa_identity: contest_id=21895 teams 2514/2514 matched, players 6756/7129 matched
2026-08-19 14:10:56,094 INFO ncaa_identity: contest_id=21920 teams 2504/2504 matched, players 6794/7134 matched
2026-08-19 14:10:59,445 INFO ncaa_identity: contest_id=22049 teams 2090/2090 matched, players 5696/5892 matched
2026-08-19 14:11:01,019 INFO ncaa_identity: contest_id=22103 teams 2241/2241 matched, players 6119/6334 matched
2026-08-19 14:11:01,784 INFO ncaa_identity: contest_id=22125 teams 2138/2138 matched, players 5825/6037 matched
2026-08-19 14:11:02,447 INFO ncaa_identity: contest_id=22150 teams 2242/2242 matched, players 5681/6271 matched
2026-08-19 14:11:06,203 INFO ncaa_identity: contest_id=22284 teams 2449/2449 matched, players 6841/6889 matched
2026-08-19 14:11:08,506 INFO ncaa_identity: contest_id=22409 teams 2067/2067 matched, players 5394/5839 matched
2026-08-19 14:11:09,449 INFO ncaa_identity: contest_id=22471 teams 1219/2450 matched, players 3415/6884 matched
2026-08-19 14:11:10,380 INFO ncaa_identity: contest_id=22490 teams 2327/2327 matched, players 6142/6554 matched
2026-08-19 14:11:14,008 INFO ncaa_identity: contest_id=22639 teams 1923/1923 matched, players 4952/5390 matched
2026-08-19 14:11:14,977 INFO ncaa_identity: contest_id=22681 teams 2158/2158 matched, players 5401/6072 matched
2026-08-19 14:11:17,509 INFO ncaa_identity: contest_id=22819 teams 2101/2101 matched, players 5198/5963 matched
2026-08-19 14:11:18,143 INFO ncaa_identity: contest_id=22835 teams 1968/1968 matched, players 5248/5566 matched
2026-08-19 14:11:19,099 INFO ncaa_identity: contest_id=22853 teams 2411/2411 matched, players 6396/6842 matched
2026-08-19 14:11:19,795 INFO ncaa_identity: contest_id=22881 teams 1985/1985 matched, players 5250/5609 matched
2026-08-19 14:11:20,452 INFO ncaa_identity: contest_id=22898 teams 2224/2224 matched, players 5791/6241 matched
2026-08-19 14:11:21,325 INFO ncaa_identity: contest_id=22916 teams 2048/2048 matched, players 5365/5756 matched
2026-08-19 14:11:22,812 INFO ncaa_identity: contest_id=22985 teams 2192/2192 matched, players 6000/6196 matched
2026-08-19 14:11:24,339 INFO ncaa_identity: contest_id=23082 teams 2240/2240 matched, players 5628/6334 matched
2026-08-19 14:11:27,533 INFO ncaa_identity: contest_id=23184 teams 2223/2223 matched, players 6162/6310 matched
2026-08-19 14:11:31,821 INFO ncaa_identity: contest_id=23320 teams 2586/2586 matched, players 6049/7326 matched
2026-08-19 14:11:35,340 INFO ncaa_identity: contest_id=23507 teams 1198/2427 matched, players 3434/6834 matched
2026-08-19 14:11:36,216 INFO ncaa_identity: contest_id=23552 teams 2153/2153 matched, players 5696/6077 matched
2026-08-19 14:11:37,160 INFO ncaa_identity: contest_id=23565 teams 1147/2300 matched, players 3240/6468 matched
2026-08-19 14:11:38,036 INFO ncaa_identity: contest_id=23597 teams 2123/2123 matched, players 5223/5958 matched
2026-08-19 14:11:41,475 INFO ncaa_identity: contest_id=23723 teams 2298/2298 matched, players 6376/6488 matched
2026-08-19 14:11:42,143 INFO ncaa_identity: contest_id=23749 teams 2045/2045 matched, players 5328/5807 matched
2026-08-19 14:11:43,054 INFO ncaa_identity: contest_id=23777 teams 2162/2162 matched, players 5927/6064 matched
2026-08-19 14:11:43,868 INFO ncaa_identity: contest_id=23800 teams 2603/2603 matched, players 6878/7446 matched
2026-08-19 14:11:44,537 INFO ncaa_identity: contest_id=23850 teams 1998/1998 matched, players 5131/5642 matched
2026-08-19 14:11:46,137 INFO ncaa_identity: contest_id=23969 teams 2334/2334 matched, players 6363/6638 matched
2026-08-19 14:11:46,848 INFO ncaa_identity: contest_id=23984 teams 1131/2289 matched, players 3311/6513 matched
2026-08-19 14:11:48,278 INFO ncaa_identity: contest_id=24017 teams 1907/1907 matched, players 4978/5404 matched
2026-08-19 14:11:52,190 INFO ncaa_identity: contest_id=24158 teams 2330/2330 matched, players 6530/6532 matched
2026-08-19 14:11:53,537 INFO ncaa_identity: contest_id=24203 teams 1896/1896 matched, players 4921/5359 matched
2026-08-19 14:11:54,372 INFO ncaa_identity: contest_id=24219 teams 1927/1927 matched, players 4960/5441 matched
2026-08-19 14:11:57,165 INFO ncaa_identity: contest_id=24328 teams 1664/1664 matched, players 3379/4653 matched
2026-08-19 14:12:04,799 INFO ncaa_identity: contest_id=24668 teams 2142/2142 matched, players 5316/6005 matched
2026-08-19 14:12:06,028 INFO ncaa_identity: contest_id=24714 teams 2407/2407 matched, players 6256/6802 matched
2026-08-19 14:12:06,868 INFO ncaa_identity: contest_id=24798 teams 1905/1905 matched, players 4503/5347 matched
2026-08-19 14:12:07,515 INFO ncaa_identity: contest_id=24811 teams 2004/2004 matched, players 5112/5647 matched
2026-08-19 14:12:08,302 INFO ncaa_identity: contest_id=24828 teams 2471/2471 matched, players 6436/6969 matched
2026-08-19 14:12:09,292 INFO ncaa_identity: contest_id=24849 teams 2381/2381 matched, players 6519/6685 matched
2026-08-19 14:12:15,490 INFO ncaa_identity: contest_id=25059 teams 2381/2381 matched, players 6286/6688 matched
2026-08-19 14:12:21,624 INFO ncaa_identity: contest_id=25254 teams 1863/1863 matched, players 4916/5185 matched
2026-08-19 14:12:23,393 INFO ncaa_identity: contest_id=25283 teams 2278/2278 matched, players 6092/6459 matched
2026-08-19 14:12:27,088 INFO ncaa_identity: contest_id=25378 teams 2121/2121 matched, players 5448/5995 matched
2026-08-19 14:12:29,817 INFO ncaa_identity: contest_id=25477 teams 2274/2274 matched, players 5979/6452 matched
2026-08-19 14:12:30,585 INFO ncaa_identity: contest_id=25503 teams 2408/2408 matched, players 4827/6778 matched
2026-08-19 14:12:34,657 INFO ncaa_identity: contest_id=25591 teams 2106/2106 matched, players 5468/5936 matched
2026-08-19 14:12:36,146 INFO ncaa_identity: contest_id=25642 teams 0/2146 matched, players 0/6053 matched
2026-08-19 14:12:36,928 INFO ncaa_identity: contest_id=25661 teams 2817/2817 matched, players 6814/7981 matched
2026-08-19 14:12:38,601 INFO ncaa_identity: contest_id=25681 teams 2328/2328 matched, players 6025/6569 matched
2026-08-19 14:12:39,327 INFO ncaa_identity: contest_id=25691 teams 2315/2315 matched, players 6190/6517 matched
2026-08-19 14:12:42,300 INFO ncaa_identity: contest_id=25789 teams 2054/2054 matched, players 5319/5790 matched
2026-08-19 14:12:43,006 INFO ncaa_identity: contest_id=25809 teams 2167/2167 matched, players 5668/6123 matched
2026-08-19 14:12:43,838 INFO ncaa_identity: contest_id=25836 teams 2173/2173 matched, players 5668/6113 matched
2026-08-19 14:12:52,572 INFO ncaa_identity: contest_id=25886 teams 2204/2204 matched, players 5772/6257 matched
2026-08-19 14:12:53,595 INFO ncaa_identity: contest_id=25896 teams 2542/2542 matched, players 6795/7191 matched
2026-08-19 14:12:55,175 INFO ncaa_identity: contest_id=25951 teams 1992/1992 matched, players 5080/5580 matched
2026-08-19 14:12:55,897 INFO ncaa_identity: contest_id=25979 teams 2427/2427 matched, players 6064/6842 matched
2026-08-19 14:12:57,498 INFO ncaa_identity: contest_id=26002 teams 2225/2225 matched, players 5803/6286 matched
2026-08-19 14:12:58,429 INFO ncaa_identity: contest_id=26025 teams 2432/2432 matched, players 6649/6908 matched
2026-08-19 14:13:00,857 INFO ncaa_identity: contest_id=26058 teams 2369/2369 matched, players 5791/6700 matched
2026-08-19 14:13:05,688 INFO ncaa_identity: contest_id=26118 teams 2353/2353 matched, players 6458/6620 matched
2026-08-19 14:13:07,383 INFO ncaa_identity: contest_id=26139 teams 2611/2611 matched, players 6916/7350 matched
2026-08-19 14:13:08,893 INFO ncaa_identity: contest_id=26159 teams 1836/1836 matched, players 5148/5156 matched
2026-08-19 14:13:12,048 INFO ncaa_identity: contest_id=26212 teams 2386/2386 matched, players 6197/6744 matched
2026-08-19 14:13:12,625 INFO ncaa_identity: contest_id=26233 teams 1974/1974 matched, players 4994/5550 matched
2026-08-19 14:13:14,256 INFO ncaa_identity: contest_id=26275 teams 2294/2294 matched, players 5946/6490 matched
2026-08-19 14:13:15,942 INFO ncaa_identity: contest_id=26324 teams 1220/2353 matched, players 3334/6621 matched
2026-08-19 14:13:16,684 INFO ncaa_identity: contest_id=26334 teams 1134/2309 matched, players 3276/6508 matched
2026-08-19 14:13:18,801 INFO ncaa_identity: contest_id=26364 teams 1782/1782 matched, players 4768/5020 matched
2026-08-19 14:13:19,731 INFO ncaa_identity: contest_id=26374 teams 2502/2502 matched, players 6583/7071 matched
2026-08-19 14:13:21,132 INFO ncaa_identity: contest_id=26397 teams 2557/2557 matched, players 6620/7218 matched
2026-08-19 14:13:21,995 INFO ncaa_identity: contest_id=26407 teams 2152/2152 matched, players 5787/6095 matched
2026-08-19 14:13:23,723 INFO ncaa_identity: contest_id=26433 teams 2763/2763 matched, players 3940/7841 matched
2026-08-19 14:13:24,571 INFO ncaa_identity: contest_id=26444 teams 2260/2260 matched, players 5890/6367 matched
2026-08-19 14:13:25,551 INFO ncaa_identity: contest_id=26454 teams 2293/2293 matched, players 5854/6430 matched
2026-08-19 14:13:27,190 INFO ncaa_identity: contest_id=1602681 teams 2070/2070 matched, players 5486/5859 matched
2026-08-19 14:13:28,834 INFO ncaa_identity: contest_id=1602701 teams 2492/2492 matched, players 7031/7036 matched
2026-08-19 14:13:30,550 INFO ncaa_identity: contest_id=1602722 teams 1226/2465 matched, players 3477/6955 matched
2026-08-19 14:13:35,199 INFO ncaa_identity: contest_id=1602773 teams 2842/2842 matched, players 7992/8047 matched
2026-08-19 14:13:36,067 INFO ncaa_identity: contest_id=1602783 teams 2609/2609 matched, players 6516/6713 matched
2026-08-19 14:13:37,075 INFO ncaa_identity: contest_id=1602793 teams 2631/2631 matched, players 7009/7224 matched
2026-08-19 14:13:37,826 INFO ncaa_identity: contest_id=1602805 teams 1294/2553 matched, players 3658/7239 matched
2026-08-19 14:13:38,909 INFO ncaa_identity: contest_id=1602815 teams 1412/2876 matched, players 3949/7894 matched
2026-08-19 14:13:39,676 INFO ncaa_identity: contest_id=1602825 teams 2728/2728 matched, players 6597/7739 matched
2026-08-19 14:13:40,433 INFO ncaa_identity: contest_id=1602836 teams 1052/2131 matched, players 2951/6027 matched
2026-08-19 14:13:43,055 INFO ncaa_identity: contest_id=1602925 teams 2905/2905 matched, players 8192/8199 matched
2026-08-19 14:13:43,886 INFO ncaa_identity: contest_id=1602993 teams 2219/2219 matched, players 6199/6285 matched
2026-08-19 14:13:44,726 INFO ncaa_identity: contest_id=1603005 teams 1463/2897 matched, players 3998/7952 matched
2026-08-19 14:13:48,126 INFO ncaa_identity: contest_id=1603103 teams 1248/2537 matched, players 145/432 matched
2026-08-19 14:13:49,720 INFO ncaa_identity: contest_id=1603143 teams 1195/2378 matched, players 3327/6686 matched
2026-08-19 14:13:50,794 INFO ncaa_identity: contest_id=1603178 teams 1493/2971 matched, players 4148/8197 matched
2026-08-19 14:13:53,224 INFO ncaa_identity: contest_id=1603364 teams 1995/1995 matched, players 240/404 matched
2026-08-19 14:13:53,950 INFO ncaa_identity: contest_id=1603380 teams 1027/2072 matched, players 105/368 matched
2026-08-19 14:13:54,913 INFO ncaa_identity: contest_id=1603412 teams 2282/2282 matched, players 280/476 matched
2026-08-19 14:13:55,752 INFO ncaa_identity: contest_id=1603443 teams 2974/2974 matched, players 8199/8200 matched
2026-08-19 14:13:58,335 INFO ncaa_identity: contest_id=1603502 teams 1062/2208 matched, players 3096/6211 matched
2026-08-19 14:14:00,020 INFO ncaa_identity: contest_id=1603533 teams 1308/2582 matched, players 3314/7241 matched
2026-08-19 14:14:00,759 INFO ncaa_identity: contest_id=1603550 teams 1405/2753 matched, players 3942/7811 matched
2026-08-19 14:14:02,540 INFO ncaa_identity: contest_id=1603590 teams 2382/2382 matched, players 6419/6695 matched
2026-08-19 14:14:03,358 INFO ncaa_identity: contest_id=1603610 teams 1105/2243 matched, players 3037/6319 matched
2026-08-19 14:14:04,133 INFO ncaa_identity: contest_id=1603634 teams 1306/2549 matched, players 3552/6936 matched
2026-08-19 14:14:05,863 INFO ncaa_identity: contest_id=1603684 teams 2248/2248 matched, players 6258/6324 matched
2026-08-19 14:14:07,575 INFO ncaa_identity: contest_id=1603762 teams 2818/2818 matched, players 7410/7788 matched
2026-08-19 14:14:09,264 INFO ncaa_identity: contest_id=1603793 teams 2908/2908 matched, players 7991/8000 matched
2026-08-19 14:14:12,721 INFO ncaa_identity: contest_id=1603911 teams 2802/2802 matched, players 6322/7387 matched
2026-08-19 14:14:13,324 INFO ncaa_identity: contest_id=1603941 teams 2003/2003 matched, players 5304/5629 matched
2026-08-19 14:14:14,156 INFO ncaa_identity: contest_id=1603977 teams 2484/2484 matched, players 7008/7011 matched
2026-08-19 14:14:16,590 INFO ncaa_identity: contest_id=1604101 teams 2781/2781 matched, players 7584/7823 matched
2026-08-19 14:14:18,212 INFO ncaa_identity: contest_id=1604147 teams 2550/2550 matched, players 7096/7187 matched
2026-08-19 14:14:19,945 INFO ncaa_identity: contest_id=1604214 teams 2421/2421 matched, players 6059/6071 matched
2026-08-19 14:14:21,466 INFO ncaa_identity: contest_id=1604397 teams 1159/2263 matched, players 3171/6357 matched
2026-08-19 14:14:22,939 INFO ncaa_identity: contest_id=1604541 teams 2419/2419 matched, players 6719/6865 matched
2026-08-19 14:14:23,915 INFO ncaa_identity: contest_id=1604605 teams 2529/2529 matched, players 7157/7185 matched
2026-08-19 14:14:27,420 INFO ncaa_identity: contest_id=1604762 teams 2776/2776 matched, players 6557/7659 matched
2026-08-19 14:14:30,899 INFO ncaa_identity: contest_id=1604833 teams 1033/2149 matched, players 2933/6032 matched
2026-08-19 14:14:32,677 INFO ncaa_identity: contest_id=1604896 teams 2660/2660 matched, players 6691/7528 matched
2026-08-19 14:14:33,438 INFO ncaa_identity: contest_id=1604947 teams 1203/2363 matched, players 3347/6646 matched
2026-08-19 14:14:34,428 INFO ncaa_identity: contest_id=1604984 teams 1251/2450 matched, players 3104/6670 matched
2026-08-19 14:14:35,148 INFO ncaa_identity: contest_id=1605020 teams 2451/2451 matched, players 6901/6907 matched
2026-08-19 14:14:36,778 INFO ncaa_identity: contest_id=1605189 teams 2216/2216 matched, players 6084/6269 matched
2026-08-19 14:14:37,436 INFO ncaa_identity: contest_id=1605200 teams 1993/1993 matched, players 5506/5602 matched
2026-08-19 14:14:38,534 INFO ncaa_identity: contest_id=1605215 teams 1395/2763 matched, players 3800/7567 matched
2026-08-19 14:14:41,128 INFO ncaa_identity: contest_id=1605279 teams 1335/2586 matched, players 3622/7044 matched
2026-08-19 14:14:42,999 INFO ncaa_identity: contest_id=1605344 teams 2624/2624 matched, players 7196/7411 matched
2026-08-19 14:14:43,936 INFO ncaa_identity: contest_id=1605360 teams 2305/2305 matched, players 6048/6519 matched
2026-08-19 14:14:44,684 INFO ncaa_identity: contest_id=1605394 teams 2588/2588 matched, players 6844/7309 matched
2026-08-19 14:14:46,485 INFO ncaa_identity: contest_id=1605447 teams 2344/2344 matched, players 5959/5972 matched
2026-08-19 14:14:50,096 INFO ncaa_identity: contest_id=1605588 teams 3025/3025 matched, players 8467/8527 matched
2026-08-19 14:14:51,757 INFO ncaa_identity: contest_id=1605688 teams 2450/2450 matched, players 6605/6912 matched
2026-08-19 14:14:53,407 INFO ncaa_identity: contest_id=1605754 teams 2865/2865 matched, players 7560/8148 matched
2026-08-19 14:14:55,986 INFO ncaa_identity: contest_id=1605842 teams 2833/2833 matched, players 7244/8013 matched
2026-08-19 14:14:58,067 INFO ncaa_identity: contest_id=1605902 teams 3223/3223 matched, players 8386/8961 matched
2026-08-19 14:15:00,766 INFO ncaa_identity: contest_id=1605973 teams 1293/2485 matched, players 3552/7007 matched
2026-08-19 14:15:01,882 INFO ncaa_identity: contest_id=1605984 teams 1395/2776 matched, players 3909/7651 matched
2026-08-19 14:15:02,632 INFO ncaa_identity: contest_id=1606002 teams 2283/2283 matched, players 6113/6424 matched
2026-08-19 14:15:04,423 INFO ncaa_identity: contest_id=1606043 teams 2748/2748 matched, players 7496/7567 matched
2026-08-19 14:15:07,102 INFO ncaa_identity: contest_id=1606171 teams 2241/2241 matched, players 5614/6327 matched
2026-08-19 14:15:08,854 INFO ncaa_identity: contest_id=1606277 teams 2693/2693 matched, players 7288/7362 matched
2026-08-19 14:15:11,460 INFO ncaa_identity: contest_id=1606375 teams 2719/2719 matched, players 7636/7689 matched
2026-08-19 14:15:12,334 INFO ncaa_identity: contest_id=1606409 teams 2651/2651 matched, players 7264/7285 matched
2026-08-19 14:15:17,235 INFO ncaa_identity: contest_id=1606681 teams 2213/2213 matched, players 5944/6262 matched
2026-08-19 14:15:18,008 INFO ncaa_identity: contest_id=1606714 teams 2551/2551 matched, players 6681/7225 matched
2026-08-19 14:15:20,324 INFO ncaa_identity: contest_id=1606754 teams 1570/3027 matched, players 4158/8303 matched
2026-08-19 14:15:23,716 INFO ncaa_identity: contest_id=1606818 teams 2719/2719 matched, players 7712/7730 matched
2026-08-19 14:15:26,488 INFO 5 starters not found for period 3; using estimate
2026-08-19 14:15:34,025 INFO ncaa_identity: contest_id=1607088 teams 1328/2577 matched, players 3608/7092 matched
2026-08-19 14:15:35,607 INFO ncaa_identity: contest_id=1607154 teams 2295/2295 matched, players 5937/6456 matched
2026-08-19 14:15:36,304 INFO ncaa_identity: contest_id=1607217 teams 1235/2392 matched, players 3411/6742 matched
2026-08-19 14:15:39,133 INFO ncaa_identity: contest_id=1607358 teams 1244/2499 matched, players 3488/7001 matched
2026-08-19 14:15:39,871 INFO ncaa_identity: contest_id=1607369 teams 2359/2359 matched, players 5876/6642 matched
2026-08-19 14:15:40,868 INFO ncaa_identity: contest_id=1607401 teams 2379/2379 matched, players 6219/6744 matched
2026-08-19 14:15:43,529 INFO ncaa_identity: contest_id=1607491 teams 989/1957 matched, players 441/793 matched
2026-08-19 14:15:47,380 INFO ncaa_identity: contest_id=1607690 teams 1407/2870 matched, players 3931/7533 matched
2026-08-19 14:15:48,965 INFO ncaa_identity: contest_id=1607734 teams 2210/2210 matched, players 6017/6245 matched
2026-08-19 14:15:49,804 INFO ncaa_identity: contest_id=1607749 teams 2141/2141 matched, players 5630/6033 matched
2026-08-19 14:15:50,546 INFO ncaa_identity: contest_id=1607760 teams 1351/2636 matched, players 3755/7449 matched
2026-08-19 14:15:52,248 INFO ncaa_identity: contest_id=1607828 teams 2328/2328 matched, players 6299/6534 matched
2026-08-19 14:15:53,982 INFO ncaa_identity: contest_id=1607879 teams 2345/2345 matched, players 5716/5927 matched
2026-08-19 14:15:55,787 INFO ncaa_identity: contest_id=1607928 teams 2301/2301 matched, players 6169/6173 matched
2026-08-19 14:16:00,028 INFO ncaa_identity: contest_id=1608097 teams 2875/2875 matched, players 7675/8172 matched
2026-08-19 14:16:00,846 INFO ncaa_identity: contest_id=1608168 teams 2241/2241 matched, players 5324/6349 matched
2026-08-19 14:16:03,379 INFO ncaa_identity: contest_id=1608261 teams 2798/2798 matched, players 6461/7697 matched
2026-08-19 14:16:04,006 INFO ncaa_identity: contest_id=1608275 teams 1995/1995 matched, players 4468/5628 matched
2026-08-19 14:16:04,943 INFO ncaa_identity: contest_id=1608301 teams 2536/2536 matched, players 6851/7178 matched
2026-08-19 14:16:05,745 INFO ncaa_identity: contest_id=1608323 teams 2685/2685 matched, players 7192/7627 matched
2026-08-19 14:16:07,243 INFO ncaa_identity: contest_id=1608380 teams 2384/2384 matched, players 6650/6717 matched
2026-08-19 14:16:08,981 INFO ncaa_identity: contest_id=1608455 teams 2521/2521 matched, players 6366/6938 matched
2026-08-19 14:16:12,536 INFO ncaa_identity: contest_id=1608603 teams 2599/2599 matched, players 6235/7335 matched
2026-08-19 14:16:14,941 INFO ncaa_identity: contest_id=1608702 teams 1202/2378 matched, players 3351/6683 matched
2026-08-19 14:16:15,960 INFO ncaa_identity: contest_id=1608736 teams 2540/2540 matched, players 6741/6967 matched
2026-08-19 14:16:18,280 INFO ncaa_identity: contest_id=1608793 teams 1820/1820 matched, players 584/624 matched
2026-08-19 14:16:20,602 INFO ncaa_identity: contest_id=1608875 teams 1077/2210 matched, players 3173/6209 matched
2026-08-19 14:16:21,436 INFO ncaa_identity: contest_id=1608891 teams 2176/2176 matched, players 5940/6129 matched
2026-08-19 14:16:30,791 INFO ncaa_identity: contest_id=1609028 teams 2422/2422 matched, players 6607/6611 matched
2026-08-19 14:16:31,649 INFO ncaa_identity: contest_id=1609042 teams 2442/2442 matched, players 6707/6884 matched
2026-08-19 14:16:34,184 INFO ncaa_identity: contest_id=1609092 teams 2623/2623 matched, players 6907/7422 matched
2026-08-19 14:16:36,657 INFO ncaa_identity: contest_id=1609201 teams 2692/2692 matched, players 7031/7595 matched
2026-08-19 14:16:38,531 INFO ncaa_identity: contest_id=1609229 teams 1391/2806 matched, players 3298/7691 matched
2026-08-19 14:16:39,498 INFO ncaa_identity: contest_id=1609258 teams 2587/2587 matched, players 7059/7071 matched
2026-08-19 14:16:40,123 INFO ncaa_identity: contest_id=1609270 teams 2097/2097 matched, players 5399/5936 matched
2026-08-19 14:16:41,075 INFO ncaa_identity: contest_id=1609330 teams 1379/2683 matched, players 3426/7564 matched
2026-08-19 14:16:41,739 INFO ncaa_identity: contest_id=1609354 teams 2264/2264 matched, players 6056/6385 matched
2026-08-19 14:16:45,269 INFO ncaa_identity: contest_id=1609478 teams 1409/2623 matched, players 3807/7391 matched
2026-08-19 14:16:46,060 INFO ncaa_identity: contest_id=1609512 teams 2700/2700 matched, players 6867/7409 matched
2026-08-19 14:16:47,710 INFO ncaa_identity: contest_id=1609594 teams 1365/2725 matched, players 2699/7462 matched
2026-08-19 14:16:48,658 INFO ncaa_identity: contest_id=1609618 teams 1296/2591 matched, players 3231/7115 matched
2026-08-19 14:16:49,283 INFO ncaa_identity: contest_id=1609638 teams 2116/2116 matched, players 5825/5979 matched
2026-08-19 14:16:50,946 INFO ncaa_identity: contest_id=1609719 teams 2439/2439 matched, players 6602/6884 matched
2026-08-19 14:16:51,533 INFO ncaa_identity: contest_id=1609740 teams 1943/1943 matched, players 5250/5488 matched
2026-08-19 14:16:53,989 INFO ncaa_identity: contest_id=1609863 teams 1838/1838 matched, players 5166/5191 matched
2026-08-19 14:16:55,590 INFO ncaa_identity: contest_id=1609893 teams 2555/2555 matched, players 6345/7025 matched
2026-08-19 14:16:57,266 INFO ncaa_identity: contest_id=1609923 teams 2624/2624 matched, players 6689/7209 matched
2026-08-19 14:16:59,800 INFO ncaa_identity: contest_id=1610043 teams 1043/2048 matched, players 2871/5709 matched
2026-08-19 14:17:02,990 INFO ncaa_identity: contest_id=1610161 teams 1852/1852 matched, players 4742/5213 matched
2026-08-19 14:17:04,743 INFO ncaa_identity: contest_id=1610310 teams 2835/2835 matched, players 7470/8045 matched
2026-08-19 14:17:06,213 INFO ncaa_identity: contest_id=1610408 teams 2608/2608 matched, players 5736/7373 matched
2026-08-19 14:17:07,912 INFO ncaa_identity: contest_id=1610459 teams 2347/2347 matched, players 6288/6397 matched
2026-08-19 14:17:10,208 INFO ncaa_identity: contest_id=1610511 teams 2596/2596 matched, players 6904/7349 matched
2026-08-19 14:17:18,819 INFO ncaa_identity: contest_id=1610827 teams 2312/2312 matched, players 6054/6536 matched
2026-08-19 14:17:19,868 INFO ncaa_identity: contest_id=1610923 teams 3035/3035 matched, players 8254/8401 matched
2026-08-19 14:17:21,314 INFO ncaa_identity: contest_id=1610955 teams 2690/2690 matched, players 7351/7382 matched
2026-08-19 14:17:23,879 INFO ncaa_identity: contest_id=1610995 teams 2671/2671 matched, players 7258/7577 matched
2026-08-19 14:17:27,255 INFO ncaa_identity: contest_id=1611184 teams 3019/3019 matched, players 7537/8529 matched
2026-08-19 14:17:31,140 INFO ncaa_identity: contest_id=1611425 teams 1112/2187 matched, players 3131/6174 matched
2026-08-19 14:17:32,534 INFO ncaa_identity: contest_id=1611513 teams 2097/2097 matched, players 5718/5902 matched
2026-08-19 14:17:33,466 INFO ncaa_identity: contest_id=1611537 teams 1301/2530 matched, players 3531/6973 matched
2026-08-19 14:17:36,663 INFO ncaa_identity: contest_id=1611609 teams 2410/2410 matched, players 6671/6782 matched
2026-08-19 14:17:39,719 INFO ncaa_identity: contest_id=1611708 teams 2587/2587 matched, players 6381/7057 matched
2026-08-19 14:17:40,698 INFO ncaa_identity: contest_id=1611733 teams 2728/2728 matched, players 7347/7729 matched
2026-08-19 14:17:42,290 INFO ncaa_identity: contest_id=1611788 teams 2245/2245 matched, players 6345/6377 matched
2026-08-19 14:17:43,782 INFO ncaa_identity: contest_id=1611844 teams 2280/2280 matched, players 5945/6426 matched
2026-08-19 14:17:44,646 INFO ncaa_identity: contest_id=1611876 teams 2130/2130 matched, players 5827/5986 matched
2026-08-19 14:17:46,842 INFO ncaa_identity: contest_id=1612035 teams 2210/2210 matched, players 6172/6220 matched
2026-08-19 14:17:47,631 INFO ncaa_identity: contest_id=1612046 teams 2629/2629 matched, players 6933/7245 matched
2026-08-19 14:17:49,119 INFO ncaa_identity: contest_id=1612074 teams 1179/2408 matched, players 3413/6811 matched
2026-08-19 14:17:52,489 INFO ncaa_identity: contest_id=1612243 teams 2277/2277 matched, players 5790/6398 matched
2026-08-19 14:17:57,475 INFO ncaa_identity: contest_id=1612552 teams 2082/2082 matched, players 5109/5839 matched
2026-08-19 14:17:59,940 INFO ncaa_identity: contest_id=1612623 teams 2691/2691 matched, players 7197/7630 matched
2026-08-19 14:18:04,124 INFO ncaa_identity: contest_id=1612723 teams 2357/2357 matched, players 5706/6613 matched
2026-08-19 14:18:09,167 INFO ncaa_identity: contest_id=1612869 teams 2027/2027 matched, players 5343/5709 matched
2026-08-19 14:18:10,846 INFO ncaa_identity: contest_id=1612929 teams 2219/2219 matched, players 5652/6219 matched
2026-08-19 14:18:16,053 INFO ncaa_identity: contest_id=1613125 teams 2718/2718 matched, players 7511/7526 matched
2026-08-19 14:18:17,838 INFO ncaa_identity: contest_id=1613196 teams 3267/3267 matched, players 8546/9277 matched
2026-08-19 14:18:19,468 INFO ncaa_identity: contest_id=1613294 teams 2508/2508 matched, players 6530/7115 matched
2026-08-19 14:18:20,901 INFO ncaa_identity: contest_id=1613330 teams 2134/2134 matched, players 5942/6000 matched
2026-08-19 14:18:21,804 INFO ncaa_identity: contest_id=1613349 teams 2419/2419 matched, players 6170/6648 matched
2026-08-19 14:18:22,452 INFO ncaa_identity: contest_id=1613374 teams 2131/2131 matched, players 5576/6031 matched
2026-08-19 14:18:25,179 INFO ncaa_identity: contest_id=1613624 teams 2751/2751 matched, players 7168/7778 matched
2026-08-19 14:18:25,862 INFO ncaa_identity: contest_id=1613653 teams 2458/2458 matched, players 6811/6989 matched
2026-08-19 14:18:26,528 INFO ncaa_identity: contest_id=1613675 teams 2232/2232 matched, players 5911/6307 matched
2026-08-19 14:18:27,379 INFO ncaa_identity: contest_id=1613701 teams 1709/1709 matched, players 658/666 matched
2026-08-19 14:18:28,153 INFO ncaa_identity: contest_id=1613712 teams 2426/2426 matched, players 6330/6643 matched
2026-08-19 14:18:28,870 INFO ncaa_identity: contest_id=1613730 teams 1196/2414 matched, players 3282/6596 matched
2026-08-19 14:18:30,426 INFO ncaa_identity: contest_id=1613771 teams 2436/2436 matched, players 6491/6883 matched
2026-08-19 14:18:31,348 INFO ncaa_identity: contest_id=1613788 teams 2583/2583 matched, players 6834/7074 matched
2026-08-19 14:18:32,151 INFO ncaa_identity: contest_id=1613809 teams 2802/2802 matched, players 7474/7965 matched
2026-08-19 14:18:33,749 INFO ncaa_identity: contest_id=1613850 teams 2357/2357 matched, players 5878/6452 matched
2026-08-19 14:18:34,364 INFO ncaa_identity: contest_id=1613897 teams 2109/2109 matched, players 5545/5928 matched
2026-08-19 14:18:39,491 INFO ncaa_identity: contest_id=1614151 teams 2629/2629 matched, players 7071/7446 matched
2026-08-19 14:18:40,458 INFO ncaa_identity: contest_id=1614165 teams 2526/2526 matched, players 6329/6875 matched
2026-08-19 14:18:42,626 INFO ncaa_identity: contest_id=1614202 teams 2113/2113 matched, players 5513/5967 matched
2026-08-19 14:18:43,399 INFO ncaa_identity: contest_id=1614270 teams 2739/2739 matched, players 7186/7747 matched
2026-08-19 14:18:45,103 INFO ncaa_identity: contest_id=1614355 teams 2399/2399 matched, players 6516/6598 matched
2026-08-19 14:18:47,664 INFO ncaa_identity: contest_id=1614419 teams 2152/2152 matched, players 5770/6040 matched
2026-08-19 14:18:49,306 INFO ncaa_identity: contest_id=1614605 teams 2404/2404 matched, players 6358/6560 matched
2026-08-19 14:18:50,036 INFO ncaa_identity: contest_id=1614661 teams 1246/2458 matched, players 3559/6963 matched
2026-08-19 14:18:50,792 INFO ncaa_identity: contest_id=1614699 teams 2212/2212 matched, players 6212/6216 matched
2026-08-19 14:18:53,256 INFO ncaa_identity: contest_id=1614762 teams 2033/2033 matched, players 5503/5741 matched
2026-08-19 14:18:53,887 INFO ncaa_identity: contest_id=1614777 teams 1959/1959 matched, players 5386/5472 matched
2026-08-19 14:18:57,879 INFO ncaa_identity: contest_id=1614880 teams 3100/3100 matched, players 7274/8843 matched
2026-08-19 14:18:59,227 INFO ncaa_identity: contest_id=1614921 teams 2028/2028 matched, players 5280/5745 matched
2026-08-19 14:19:00,784 INFO ncaa_identity: contest_id=1614988 teams 2080/2080 matched, players 5501/5840 matched
2026-08-19 14:19:02,382 INFO ncaa_identity: contest_id=1615042 teams 1985/1985 matched, players 5399/5576 matched
2026-08-19 14:19:03,041 INFO ncaa_identity: contest_id=1615136 teams 2218/2218 matched, players 5822/6269 matched
2026-08-19 14:19:03,987 INFO ncaa_identity: contest_id=1615191 teams 1330/2647 matched, players 3603/7271 matched
2026-08-19 14:19:05,452 INFO ncaa_identity: contest_id=1615220 teams 2404/2404 matched, players 6160/6604 matched
2026-08-19 14:19:07,322 INFO ncaa_identity: contest_id=1615242 teams 2907/2907 matched, players 7786/7947 matched
2026-08-19 14:19:08,006 INFO ncaa_identity: contest_id=1615252 teams 2163/2163 matched, players 5555/6109 matched
2026-08-19 14:19:09,638 INFO ncaa_identity: contest_id=1615350 teams 2573/2573 matched, players 6619/7087 matched
2026-08-19 14:19:12,128 INFO ncaa_identity: contest_id=1615446 teams 1757/1757 matched, players 4606/4963 matched
2026-08-19 14:19:15,983 INFO ncaa_identity: contest_id=1615734 teams 2296/2296 matched, players 6116/6482 matched
2026-08-19 14:19:18,366 INFO ncaa_identity: contest_id=1615813 teams 2320/2320 matched, players 6205/6355 matched
2026-08-19 14:19:19,399 INFO ncaa_identity: contest_id=1615829 teams 2463/2463 matched, players 6417/6728 matched
2026-08-19 14:19:22,745 INFO ncaa_identity: contest_id=1615908 teams 2363/2363 matched, players 5770/6509 matched
2026-08-19 14:19:23,551 INFO ncaa_identity: contest_id=1615930 teams 2238/2238 matched, players 5790/6298 matched
2026-08-19 14:19:24,278 INFO ncaa_identity: contest_id=1615944 teams 2494/2494 matched, players 6593/7093 matched
2026-08-19 14:19:25,403 INFO ncaa_identity: contest_id=1615965 teams 3358/3358 matched, players 8536/9253 matched
2026-08-19 14:19:26,004 INFO ncaa_identity: contest_id=1616016 teams 2074/2074 matched, players 5455/5842 matched
2026-08-19 14:19:27,725 INFO ncaa_identity: contest_id=1616061 teams 2871/2871 matched, players 7467/7878 matched
2026-08-19 14:19:28,718 INFO ncaa_identity: contest_id=1616074 teams 2527/2527 matched, players 6868/6884 matched
2026-08-19 14:19:29,345 INFO ncaa_identity: contest_id=1616108 teams 2000/2000 matched, players 4392/5657 matched
2026-08-19 14:19:35,825 INFO ncaa_identity: contest_id=1616394 teams 3222/3222 matched, players 8198/8902 matched
2026-08-19 14:19:36,496 INFO ncaa_identity: contest_id=1616444 teams 2080/2080 matched, players 789/830 matched
2026-08-19 14:19:39,034 INFO ncaa_identity: contest_id=1616497 teams 2323/2323 matched, players 6182/6538 matched
2026-08-19 14:19:40,421 INFO ncaa_identity: contest_id=1616658 teams 2542/2542 matched, players 6941/7151 matched
2026-08-19 14:19:42,007 INFO ncaa_identity: contest_id=1616768 teams 1305/2584 matched, players 3568/7076 matched
2026-08-19 14:19:43,611 INFO ncaa_identity: contest_id=1616803 teams 1517/1517 matched, players 344/392 matched
2026-08-19 14:19:45,766 INFO ncaa_identity: contest_id=1616857 teams 1982/1982 matched, players 5077/5561 matched
2026-08-19 14:19:46,640 INFO ncaa_identity: contest_id=1616884 teams 2428/2428 matched, players 6001/6889 matched
2026-08-19 14:19:49,775 INFO ncaa_identity: contest_id=1616952 teams 2172/2172 matched, players 6017/6116 matched
2026-08-19 14:19:53,151 INFO ncaa_identity: contest_id=1617015 teams 994/1970 matched, players 2791/5553 matched
2026-08-19 14:19:54,851 INFO ncaa_identity: contest_id=1617055 teams 2532/2532 matched, players 6734/7108 matched
2026-08-19 14:19:56,537 INFO ncaa_identity: contest_id=1617100 teams 1046/2090 matched, players 2925/5890 matched
2026-08-19 14:19:57,848 INFO ncaa_identity: contest_id=1617121 teams 1987/1987 matched, players 5370/5622 matched
2026-08-19 14:19:59,357 INFO ncaa_identity: contest_id=1617161 teams 2502/2502 matched, players 6048/7100 matched
2026-08-19 14:20:00,107 INFO ncaa_identity: contest_id=1617210 teams 2411/2411 matched, players 6278/6613 matched
2026-08-19 14:20:05,505 INFO ncaa_identity: contest_id=1617374 teams 2241/2241 matched, players 6013/6331 matched
2026-08-19 14:20:07,710 INFO ncaa_identity: contest_id=1617434 teams 2272/2272 matched, players 5917/6396 matched
2026-08-19 14:20:13,490 INFO ncaa_identity: contest_id=1617550 teams 2138/2138 matched, players 5539/6027 matched
2026-08-19 14:20:18,288 INFO ncaa_identity: contest_id=1617637 teams 2225/2225 matched, players 5696/6065 matched
2026-08-19 14:20:20,004 INFO ncaa_identity: contest_id=1617692 teams 2259/2259 matched, players 5874/6378 matched
2026-08-19 14:20:20,728 INFO ncaa_identity: contest_id=1617704 teams 2366/2366 matched, players 5653/6693 matched
2026-08-19 14:20:23,220 INFO ncaa_identity: contest_id=1617778 teams 2138/2138 matched, players 5581/5582 matched
2026-08-19 14:20:24,202 INFO ncaa_identity: contest_id=1617794 teams 1507/2926 matched, players 4312/8356 matched
2026-08-19 14:20:29,916 INFO ncaa_identity: contest_id=1617915 teams 2878/2878 matched, players 7316/7954 matched
2026-08-19 14:20:30,628 INFO ncaa_identity: contest_id=1617936 teams 2473/2473 matched, players 6382/7027 matched
2026-08-19 14:20:33,771 INFO ncaa_identity: contest_id=1617998 teams 2274/2274 matched, players 6199/6411 matched
2026-08-19 14:20:36,238 INFO ncaa_identity: contest_id=1618045 teams 2507/2507 matched, players 6785/6865 matched
2026-08-19 14:20:37,945 INFO ncaa_identity: contest_id=1618068 teams 3084/3084 matched, players 8345/8776 matched
2026-08-19 14:20:38,766 INFO ncaa_identity: contest_id=1618078 teams 2039/2039 matched, players 5473/5730 matched
2026-08-19 14:20:40,416 INFO ncaa_identity: contest_id=1618098 teams 2675/2675 matched, players 7260/7292 matched
2026-08-19 14:20:41,256 INFO ncaa_identity: contest_id=1618108 teams 2542/2542 matched, players 6875/6965 matched
2026-08-19 14:20:42,996 INFO ncaa_identity: contest_id=1618128 teams 2529/2529 matched, players 6702/7123 matched
2026-08-19 14:20:43,774 INFO ncaa_identity: contest_id=1618139 teams 2620/2620 matched, players 7379/7431 matched
2026-08-19 14:20:44,893 INFO ncaa_identity: contest_id=1618149 teams 1433/2841 matched, players 3863/7783 matched
2026-08-19 14:20:45,630 INFO ncaa_identity: contest_id=1618159 teams 2464/2464 matched, players 6637/6966 matched
2026-08-19 14:20:48,758 INFO ncaa_identity: contest_id=1618199 teams 2229/2229 matched, players 5838/6302 matched
2026-08-19 14:20:49,339 INFO ncaa_identity: contest_id=1618209 teams 2064/2064 matched, players 5692/5821 matched
2026-08-19 14:20:50,232 INFO ncaa_identity: contest_id=1618219 teams 2152/2152 matched, players 5665/6056 matched
2026-08-19 14:20:50,960 INFO ncaa_identity: contest_id=1618229 teams 2280/2280 matched, players 6386/6418 matched
2026-08-19 14:20:52,661 INFO ncaa_identity: contest_id=1618249 teams 2338/2338 matched, players 6305/6624 matched
2026-08-19 14:20:54,454 INFO ncaa_identity: contest_id=1638121 teams 1485/2941 matched, players 3558/8365 matched
2026-08-19 14:20:56,283 INFO ncaa_identity: contest_id=1638524 teams 2124/2124 matched, players 5444/6013 matched
2026-08-19 14:21:01,503 INFO ncaa_identity: contest_id=1639707 teams 2398/2398 matched, players 6230/6745 matched
2026-08-19 14:21:02,207 INFO ncaa_identity: contest_id=1639911 teams 2303/2303 matched, players 6455/6463 matched
2026-08-19 14:21:03,877 INFO ncaa_identity: contest_id=1640023 teams 2398/2398 matched, players 6579/6756 matched
2026-08-19 14:21:05,440 INFO ncaa_identity: contest_id=1640735 teams 1061/2082 matched, players 2912/5827 matched
2026-08-19 14:21:06,216 INFO ncaa_identity: contest_id=1644681 teams 2519/2519 matched, players 794/852 matched
2026-08-19 14:21:07,876 INFO ncaa_identity: contest_id=1645143 teams 1216/2412 matched, players 3490/6833 matched
2026-08-19 14:21:08,742 INFO ncaa_identity: contest_id=1704003 teams 2099/2099 matched, players 5609/5895 matched
2026-08-19 14:21:10,374 INFO ncaa_identity: contest_id=1708053 teams 2452/2452 matched, players 6449/6954 matched
2026-08-19 14:21:11,027 INFO ncaa_identity: contest_id=1708214 teams 2267/2267 matched, players 6351/6407 matched
2026-08-19 14:21:11,682 INFO ncaa_identity: contest_id=1708237 teams 2143/2143 matched, players 5843/6046 matched
2026-08-19 14:21:14,043 INFO ncaa_identity: contest_id=1716425 teams 2118/2118 matched, players 5573/5991 matched
2026-08-19 14:21:14,870 INFO ncaa_identity: contest_id=1716505 teams 2044/2044 matched, players 5226/5791 matched
2026-08-19 14:21:16,265 INFO ncaa_identity: contest_id=1716747 teams 1741/1741 matched, players 4639/4924 matched
2026-08-19 14:21:18,511 INFO ncaa_identity: contest_id=1716817 teams 2547/2547 matched, players 6626/7230 matched
2026-08-19 14:21:20,743 INFO ncaa_identity: contest_id=1717746 teams 2513/2513 matched, players 6536/7103 matched
2026-08-19 14:21:23,157 INFO ncaa_identity: contest_id=1718073 teams 2114/2114 matched, players 5890/5930 matched
2026-08-19 14:21:31,171 INFO ncaa_identity: contest_id=1718470 teams 2035/2035 matched, players 811/818 matched
2026-08-19 14:21:31,815 INFO ncaa_identity: contest_id=1718493 teams 2310/2310 matched, players 6117/6498 matched
2026-08-19 14:21:32,502 INFO ncaa_identity: contest_id=1718507 teams 2360/2360 matched, players 5644/6650 matched
2026-08-19 14:21:34,225 INFO ncaa_identity: contest_id=1718636 teams 1901/1901 matched, players 641/646 matched
2026-08-19 14:21:35,149 INFO ncaa_identity: contest_id=1718808 teams 2293/2293 matched, players 6384/6417 matched
2026-08-19 14:21:40,944 INFO ncaa_identity: contest_id=1719538 teams 2638/2638 matched, players 7435/7439 matched
2026-08-19 14:21:43,965 INFO ncaa_identity: contest_id=1719992 teams 2389/2389 matched, players 6074/6722 matched
2026-08-19 14:21:47,648 INFO ncaa_identity: contest_id=1797117 teams 1553/3091 matched, players 4222/8466 matched
2026-08-19 14:21:48,671 INFO ncaa_identity: contest_id=1797127 teams 2875/2875 matched, players 7624/7912 matched
2026-08-19 14:21:50,404 INFO ncaa_identity: contest_id=1797147 teams 1281/2618 matched, players 3556/7155 matched
2026-08-19 14:21:52,264 INFO ncaa_identity: contest_id=1797167 teams 1404/2875 matched, players 3952/7907 matched
2026-08-19 14:21:53,118 INFO ncaa_identity: contest_id=1797177 teams 1428/2714 matched, players 3675/7438 matched
2026-08-19 14:21:54,955 INFO ncaa_identity: contest_id=1797198 teams 2800/2800 matched, players 7618/7728 matched
2026-08-19 14:21:55,991 INFO ncaa_identity: contest_id=1797209 teams 1306/2541 matched, players 2832/6940 matched
2026-08-19 14:21:57,815 INFO ncaa_identity: contest_id=1797229 teams 1334/2627 matched, players 3628/7214 matched
2026-08-19 14:21:58,699 INFO ncaa_identity: contest_id=1797239 teams 1467/2850 matched, players 3595/7447 matched
2026-08-19 14:22:00,577 INFO ncaa_identity: contest_id=1797259 teams 1469/2925 matched, players 4129/8240 matched
2026-08-19 14:22:01,533 INFO ncaa_identity: contest_id=1797269 teams 1313/2579 matched, players 3577/7095 matched
2026-08-19 14:22:02,652 INFO ncaa_identity: contest_id=1797279 teams 1483/2954 matched, players 3990/8082 matched
2026-08-19 14:22:04,199 INFO ncaa_identity: contest_id=1797299 teams 1120/2285 matched, players 3122/6215 matched
2026-08-19 14:22:05,236 INFO ncaa_identity: contest_id=1797311 teams 1390/2790 matched, players 3809/7606 matched
2026-08-19 14:22:06,000 INFO ncaa_identity: contest_id=1797370 teams 2529/2529 matched, players 6082/7102 matched
2026-08-19 14:22:09,711 INFO ncaa_identity: contest_id=1797489 teams 2482/2482 matched, players 5571/6788 matched
2026-08-19 14:22:10,643 INFO ncaa_identity: contest_id=1797532 teams 1137/2235 matched, players 2926/6251 matched
2026-08-19 14:22:11,464 INFO ncaa_identity: contest_id=1797561 teams 2682/2682 matched, players 6862/7332 matched
2026-08-19 14:22:17,005 INFO ncaa_identity: contest_id=1797813 teams 1312/2576 matched, players 3551/7051 matched
2026-08-19 14:22:20,809 INFO ncaa_identity: contest_id=1797939 teams 1205/2366 matched, players 3247/6417 matched
2026-08-19 14:22:22,941 INFO ncaa_identity: contest_id=1797968 teams 0/3030 matched, players 0/8370 matched
2026-08-19 14:22:23,883 INFO ncaa_identity: contest_id=1797986 teams 2775/2775 matched, players 7613/7666 matched
2026-08-19 14:22:27,549 INFO ncaa_identity: contest_id=1798074 teams 1263/2502 matched, players 3125/6813 matched
2026-08-19 14:22:29,266 INFO ncaa_identity: contest_id=1798118 teams 1257/2521 matched, players 3471/6893 matched
2026-08-19 14:22:33,556 INFO ncaa_identity: contest_id=1798255 teams 1289/2500 matched, players 3445/6869 matched
2026-08-19 14:22:36,262 INFO ncaa_identity: contest_id=1798332 teams 1276/2446 matched, players 3353/6711 matched
2026-08-19 14:22:39,040 INFO ncaa_identity: contest_id=1798408 teams 1416/2830 matched, players 3879/7735 matched
2026-08-19 14:22:40,807 INFO ncaa_identity: contest_id=1798512 teams 2471/2471 matched, players 6250/6754 matched
2026-08-19 14:22:45,309 INFO ncaa_identity: contest_id=1798729 teams 2455/2455 matched, players 6179/6706 matched
2026-08-19 14:22:46,035 INFO ncaa_identity: contest_id=1798763 teams 2351/2351 matched, players 6432/6456 matched
2026-08-19 14:22:47,960 INFO ncaa_identity: contest_id=1798908 teams 1503/2984 matched, players 4208/8188 matched
2026-08-19 14:22:50,687 INFO ncaa_identity: contest_id=1799011 teams 2489/2489 matched, players 6055/6812 matched
2026-08-19 14:22:52,572 INFO ncaa_identity: contest_id=1799064 teams 2778/2778 matched, players 7597/7658 matched
2026-08-19 14:22:54,922 INFO ncaa_identity: contest_id=1799127 teams 1505/2896 matched, players 4207/8217 matched
2026-08-19 14:22:55,972 INFO ncaa_identity: contest_id=1799140 teams 2631/2631 matched, players 7072/7251 matched
2026-08-19 14:22:56,819 INFO ncaa_identity: contest_id=1799157 teams 2501/2501 matched, players 6742/6876 matched
2026-08-19 14:22:59,576 INFO ncaa_identity: contest_id=1799212 teams 1403/2808 matched, players 3865/7647 matched
2026-08-19 14:23:00,441 INFO ncaa_identity: contest_id=1799251 teams 2711/2711 matched, players 7437/7438 matched
2026-08-19 14:23:01,457 INFO ncaa_identity: contest_id=1799264 teams 1308/2665 matched, players 3168/7517 matched
2026-08-19 14:23:03,229 INFO ncaa_identity: contest_id=1799342 teams 1327/2606 matched, players 3173/7111 matched
2026-08-19 14:23:03,906 INFO ncaa_identity: contest_id=1799361 teams 921/1817 matched, players 2521/4940 matched
2026-08-19 14:23:05,650 INFO ncaa_identity: contest_id=1799464 teams 2452/2452 matched, players 6305/6721 matched
2026-08-19 14:23:06,540 INFO ncaa_identity: contest_id=1799482 teams 1480/2926 matched, players 4077/8086 matched
2026-08-19 14:23:07,607 INFO ncaa_identity: contest_id=1799496 teams 1466/2886 matched, players 4009/7878 matched
2026-08-19 14:23:08,696 INFO ncaa_identity: contest_id=1799517 teams 1490/2859 matched, players 4012/7824 matched
2026-08-19 14:23:11,873 INFO ncaa_identity: contest_id=1799615 teams 1176/2280 matched, players 3278/6445 matched
2026-08-19 14:23:12,836 INFO ncaa_identity: contest_id=1799646 teams 2520/2520 matched, players 6985/7067 matched
2026-08-19 14:23:15,147 INFO ncaa_identity: contest_id=1799737 teams 1322/2637 matched, players 3634/7239 matched
2026-08-19 14:23:18,023 INFO ncaa_identity: contest_id=1799867 teams 3075/3075 matched, players 8203/8459 matched
2026-08-19 14:23:19,698 INFO ncaa_identity: contest_id=1800059 teams 2815/2815 matched, players 6798/7706 matched
2026-08-19 14:23:21,449 INFO ncaa_identity: contest_id=1800130 teams 2581/2581 matched, players 6650/7112 matched
2026-08-19 14:23:23,339 INFO ncaa_identity: contest_id=1800168 teams 2436/2436 matched, players 6275/6680 matched
2026-08-19 14:23:26,681 INFO ncaa_identity: contest_id=1800250 teams 1454/2881 matched, players 4000/7903 matched
2026-08-19 14:23:28,491 INFO ncaa_identity: contest_id=1800355 teams 1243/2404 matched, players 3318/6522 matched
2026-08-19 14:23:30,389 INFO ncaa_identity: contest_id=1800427 teams 1409/2780 matched, players 3406/7626 matched
2026-08-19 14:23:31,210 INFO ncaa_identity: contest_id=1800512 teams 1330/2594 matched, players 3621/7137 matched
2026-08-19 14:23:33,091 INFO ncaa_identity: contest_id=1800564 teams 2632/2632 matched, players 7143/7211 matched
2026-08-19 14:23:34,824 INFO ncaa_identity: contest_id=1800605 teams 2935/2935 matched, players 7652/8102 matched
2026-08-19 14:23:38,332 INFO ncaa_identity: contest_id=1800699 teams 2710/2710 matched, players 7309/7463 matched
2026-08-19 14:23:45,277 INFO ncaa_identity: contest_id=1801018 teams 1231/2498 matched, players 3423/6814 matched
2026-08-19 14:23:47,620 INFO ncaa_identity: contest_id=1801089 teams 1284/2532 matched, players 3508/6937 matched
2026-08-19 14:23:49,775 INFO ncaa_identity: contest_id=1801120 teams 2907/2907 matched, players 7961/8010 matched
2026-08-19 14:23:51,603 INFO ncaa_identity: contest_id=1801160 teams 2824/2824 matched, players 7380/7813 matched
2026-08-19 14:23:52,392 INFO ncaa_identity: contest_id=1801175 teams 1110/2234 matched, players 3008/6052 matched
2026-08-19 14:23:55,915 INFO ncaa_identity: contest_id=1801296 teams 2281/2281 matched, players 6098/6443 matched
2026-08-19 14:23:57,619 INFO ncaa_identity: contest_id=1801350 teams 2676/2676 matched, players 6917/7345 matched
2026-08-19 14:23:58,411 INFO ncaa_identity: contest_id=1801426 teams 2693/2693 matched, players 7236/7408 matched
2026-08-19 14:24:01,318 INFO ncaa_identity: contest_id=1801536 teams 2229/2229 matched, players 6024/6121 matched
2026-08-19 14:24:05,656 INFO ncaa_identity: contest_id=1801669 teams 1431/2887 matched, players 3903/7928 matched
2026-08-19 14:24:06,549 INFO ncaa_identity: contest_id=1801699 teams 2482/2482 matched, players 5961/7017 matched
2026-08-19 14:24:07,173 INFO ncaa_identity: contest_id=1801831 teams 1846/1846 matched, players 4268/5223 matched
2026-08-19 14:24:08,855 INFO ncaa_identity: contest_id=1801923 teams 2391/2391 matched, players 6298/6722 matched
2026-08-19 14:24:09,723 INFO ncaa_identity: contest_id=1801939 teams 2689/2689 matched, players 7047/7433 matched
2026-08-19 14:24:11,898 INFO ncaa_identity: contest_id=1801993 teams 1345/2654 matched, players 3693/7257 matched
2026-08-19 14:24:15,752 INFO ncaa_identity: contest_id=1802068 teams 1387/2715 matched, players 3801/7440 matched
2026-08-19 14:24:21,627 INFO ncaa_identity: contest_id=1802266 teams 3325/3325 matched, players 9089/9230 matched
2026-08-19 14:24:22,577 INFO ncaa_identity: contest_id=1802298 teams 2730/2730 matched, players 6982/7495 matched
2026-08-19 14:24:29,709 INFO ncaa_identity: contest_id=1802553 teams 2761/2761 matched, players 6830/7625 matched
2026-08-19 14:24:30,604 INFO ncaa_identity: contest_id=1802578 teams 2188/2188 matched, players 5841/6188 matched
2026-08-19 14:24:33,436 INFO ncaa_identity: contest_id=1802650 teams 3065/3065 matched, players 7833/8495 matched
2026-08-19 14:24:37,421 INFO ncaa_identity: contest_id=1802778 teams 2955/2955 matched, players 4074/8191 matched
2026-08-19 14:24:39,285 INFO ncaa_identity: contest_id=1802824 teams 2134/2134 matched, players 5537/5999 matched
2026-08-19 14:24:41,147 INFO ncaa_identity: contest_id=1802875 teams 2581/2581 matched, players 6978/7093 matched
2026-08-19 14:24:43,226 INFO ncaa_identity: contest_id=1802904 teams 1544/3163 matched, players 4458/9014 matched
2026-08-19 14:24:45,299 INFO ncaa_identity: contest_id=1802945 teams 3252/3252 matched, players 8883/9000 matched
2026-08-19 14:24:48,321 INFO ncaa_identity: contest_id=1803075 teams 2594/2594 matched, players 6686/7081 matched
2026-08-19 14:24:49,130 INFO ncaa_identity: contest_id=1803097 teams 1177/2332 matched, players 3320/6579 matched
2026-08-19 14:24:56,593 INFO ncaa_identity: contest_id=1803279 teams 2616/2616 matched, players 6919/7168 matched
2026-08-19 14:25:02,451 INFO ncaa_identity: contest_id=1803394 teams 2612/2612 matched, players 6654/7170 matched
2026-08-19 14:25:04,439 INFO ncaa_identity: contest_id=1803430 teams 2677/2677 matched, players 7130/7327 matched
2026-08-19 14:25:05,392 INFO ncaa_identity: contest_id=1803454 teams 1375/2692 matched, players 3727/7373 matched
2026-08-19 14:25:06,343 INFO ncaa_identity: contest_id=1803466 teams 2105/2105 matched, players 5722/5935 matched
2026-08-19 14:25:07,092 INFO ncaa_identity: contest_id=1803487 teams 2196/2196 matched, players 5724/6157 matched
2026-08-19 14:25:10,447 INFO ncaa_identity: contest_id=1803536 teams 1382/2809 matched, players 3802/7664 matched
2026-08-19 14:25:13,195 INFO ncaa_identity: contest_id=1803602 teams 1307/2597 matched, players 3388/7089 matched
2026-08-19 14:25:17,824 INFO ncaa_identity: contest_id=1803713 teams 2551/2551 matched, players 6763/7178 matched
2026-08-19 14:25:20,638 INFO ncaa_identity: contest_id=1803813 teams 2698/2698 matched, players 7177/7365 matched
2026-08-19 14:25:28,207 INFO ncaa_identity: contest_id=1803970 teams 2498/2498 matched, players 6027/6865 matched
2026-08-19 14:25:30,320 INFO ncaa_identity: contest_id=1803997 teams 3307/3307 matched, players 9038/9058 matched
2026-08-19 14:25:35,002 INFO ncaa_identity: contest_id=1804166 teams 2560/2560 matched, players 6538/7026 matched
2026-08-19 14:25:36,030 INFO ncaa_identity: contest_id=1804178 teams 2529/2529 matched, players 6862/6958 matched
2026-08-19 14:25:38,684 INFO ncaa_identity: contest_id=1804277 teams 2114/2114 matched, players 5389/5810 matched
2026-08-19 14:25:39,694 INFO ncaa_identity: contest_id=1804367 teams 2571/2571 matched, players 6990/7279 matched
2026-08-19 14:25:54,165 INFO ncaa_identity: contest_id=1804825 teams 2301/2301 matched, players 6327/6519 matched
2026-08-19 14:25:55,124 INFO ncaa_identity: contest_id=1804862 teams 2179/2179 matched, players 5481/5943 matched
2026-08-19 14:25:56,134 INFO ncaa_identity: contest_id=1804876 teams 1456/2834 matched, players 3984/7829 matched
2026-08-19 14:25:57,982 INFO ncaa_identity: contest_id=1804987 teams 2341/2341 matched, players 6380/6393 matched
2026-08-19 14:26:05,492 INFO ncaa_identity: contest_id=1805215 teams 2585/2585 matched, players 6720/7079 matched
2026-08-19 14:26:08,230 INFO ncaa_identity: contest_id=1805318 teams 2661/2661 matched, players 6884/7317 matched
2026-08-19 14:26:09,347 INFO ncaa_identity: contest_id=1805340 teams 2931/2931 matched, players 7638/8081 matched
2026-08-19 14:26:11,270 INFO ncaa_identity: contest_id=1805514 teams 2705/2705 matched, players 6625/7443 matched
2026-08-19 14:26:13,974 INFO ncaa_identity: contest_id=1805604 teams 2267/2267 matched, players 5588/6248 matched
2026-08-19 14:26:18,475 INFO ncaa_identity: contest_id=1805696 teams 1273/2470 matched, players 3522/6962 matched
2026-08-19 14:26:20,359 INFO ncaa_identity: contest_id=1805744 teams 2351/2351 matched, players 6218/6449 matched
2026-08-19 14:26:22,483 INFO ncaa_identity: contest_id=1805792 teams 3002/3002 matched, players 8090/8270 matched
2026-08-19 14:26:24,617 INFO ncaa_identity: contest_id=1805863 teams 2554/2554 matched, players 5956/7062 matched
2026-08-19 14:26:29,272 INFO ncaa_identity: contest_id=1806058 teams 2385/2385 matched, players 6351/6550 matched
2026-08-19 14:26:30,150 INFO ncaa_identity: contest_id=1806072 teams 2531/2531 matched, players 6756/6919 matched
2026-08-19 14:26:31,154 INFO ncaa_identity: contest_id=1806087 teams 2680/2680 matched, players 6773/7424 matched
2026-08-19 14:26:35,713 INFO ncaa_identity: contest_id=1806271 teams 2467/2467 matched, players 6572/6736 matched
2026-08-19 14:26:37,772 INFO ncaa_identity: contest_id=1806293 teams 2556/2556 matched, players 6921/7044 matched
2026-08-19 14:26:39,585 INFO ncaa_identity: contest_id=1806349 teams 2398/2398 matched, players 6725/6728 matched
2026-08-19 14:26:50,680 INFO ncaa_identity: contest_id=1806771 teams 1928/1928 matched, players 4998/5352 matched
2026-08-19 14:26:51,490 INFO ncaa_identity: contest_id=1806799 teams 2731/2731 matched, players 7630/7697 matched
2026-08-19 14:27:02,980 INFO ncaa_identity: contest_id=1807163 teams 0/2705 matched, players 0/7406 matched
2026-08-19 14:27:03,922 INFO ncaa_identity: contest_id=1807176 teams 2495/2495 matched, players 6223/6883 matched
2026-08-19 14:27:06,969 INFO ncaa_identity: contest_id=1807320 teams 2681/2681 matched, players 6836/7376 matched
2026-08-19 14:27:09,093 INFO ncaa_identity: contest_id=1807363 teams 0/2795 matched, players 0/7648 matched
2026-08-19 14:27:11,088 INFO ncaa_identity: contest_id=1807425 teams 2727/2727 matched, players 6902/7518 matched
2026-08-19 14:27:12,028 INFO ncaa_identity: contest_id=1807528 teams 1472/2912 matched, players 3700/7989 matched
2026-08-19 14:27:13,168 INFO ncaa_identity: contest_id=1807590 teams 1240/2425 matched, players 3259/6656 matched
2026-08-19 14:27:13,913 INFO ncaa_identity: contest_id=1807642 teams 2461/2461 matched, players 5753/6768 matched
2026-08-19 14:27:14,887 INFO ncaa_identity: contest_id=1807680 teams 2341/2341 matched, players 6102/6587 matched
2026-08-19 14:27:15,813 INFO ncaa_identity: contest_id=1807698 teams 2783/2783 matched, players 3773/7700 matched
2026-08-19 14:27:22,600 INFO ncaa_identity: contest_id=1807833 teams 1262/2482 matched, players 3431/6801 matched
2026-08-19 14:27:23,608 INFO ncaa_identity: contest_id=1807851 teams 2882/2882 matched, players 7890/7952 matched
2026-08-19 14:27:29,708 INFO ncaa_identity: contest_id=1808028 teams 2468/2468 matched, players 6313/6776 matched
2026-08-19 14:27:32,761 INFO ncaa_identity: contest_id=1808166 teams 2282/2282 matched, players 3033/6245 matched
2026-08-19 14:27:33,569 INFO ncaa_identity: contest_id=1808177 teams 2441/2441 matched, players 6592/6685 matched
2026-08-19 14:27:37,574 INFO ncaa_identity: contest_id=1808274 teams 2698/2698 matched, players 7392/7425 matched
2026-08-19 14:27:44,391 INFO ncaa_identity: contest_id=1808483 teams 2952/2952 matched, players 7638/8147 matched
2026-08-19 14:27:50,186 INFO ncaa_identity: contest_id=1808766 teams 1489/2902 matched, players 4026/7979 matched
2026-08-19 14:27:56,486 INFO ncaa_identity: contest_id=1808895 teams 2354/2354 matched, players 6332/6402 matched
2026-08-19 14:28:00,840 INFO ncaa_identity: contest_id=1809051 teams 2244/2244 matched, players 6155/6347 matched
2026-08-19 14:28:02,637 INFO ncaa_identity: contest_id=1809179 teams 2466/2466 matched, players 6734/6776 matched
2026-08-19 14:28:03,410 INFO ncaa_identity: contest_id=1809193 teams 2416/2416 matched, players 6601/6609 matched
2026-08-19 14:28:04,529 INFO ncaa_identity: contest_id=1809203 teams 2782/2782 matched, players 7242/7669 matched
2026-08-19 14:28:13,291 INFO ncaa_identity: contest_id=1809499 teams 2635/2635 matched, players 6481/7302 matched
2026-08-19 14:28:21,306 INFO ncaa_identity: contest_id=1809833 teams 2320/2320 matched, players 6000/6549 matched
2026-08-19 14:28:22,264 INFO ncaa_identity: contest_id=1809858 teams 2022/2022 matched, players 4905/5724 matched
2026-08-19 14:28:24,050 INFO ncaa_identity: contest_id=1809893 teams 2285/2285 matched, players 6125/6251 matched
2026-08-19 14:28:24,843 INFO ncaa_identity: contest_id=1809917 teams 2446/2446 matched, players 6401/6885 matched
2026-08-19 14:28:36,059 INFO ncaa_identity: contest_id=1810268 teams 2021/2021 matched, players 4979/5628 matched
2026-08-19 14:28:41,622 INFO ncaa_identity: contest_id=1810471 teams 2472/2472 matched, players 6799/6821 matched
2026-08-19 14:28:57,354 INFO ncaa_identity: contest_id=1811035 teams 2341/2341 matched, players 6273/6404 matched
2026-08-19 14:28:58,306 INFO ncaa_identity: contest_id=1811063 teams 2240/2240 matched, players 6047/6132 matched
2026-08-19 14:29:06,041 INFO ncaa_identity: contest_id=1811333 teams 2412/2412 matched, players 6200/6614 matched
2026-08-19 14:29:07,047 INFO ncaa_identity: contest_id=1811384 teams 2555/2555 matched, players 6530/6990 matched
2026-08-19 14:29:15,461 INFO ncaa_identity: contest_id=1811747 teams 2603/2603 matched, players 6242/7143 matched
2026-08-19 14:29:16,600 INFO ncaa_identity: contest_id=1811779 teams 2684/2684 matched, players 6705/7383 matched
2026-08-19 14:29:18,365 INFO ncaa_identity: contest_id=1811821 teams 2116/2116 matched, players 5521/5813 matched
2026-08-19 14:29:20,291 INFO ncaa_identity: contest_id=1811855 teams 2653/2653 matched, players 7275/7277 matched
2026-08-19 14:29:22,416 INFO ncaa_identity: contest_id=1811896 teams 2810/2810 matched, players 7647/7743 matched
2026-08-19 14:29:24,582 INFO ncaa_identity: contest_id=1811920 teams 2311/2311 matched, players 5326/6489 matched
2026-08-19 14:29:27,526 INFO ncaa_identity: contest_id=1811977 teams 2432/2432 matched, players 6669/6671 matched
2026-08-19 14:29:28,653 INFO ncaa_identity: contest_id=1811988 teams 2725/2725 matched, players 6807/7499 matched
2026-08-19 14:29:30,495 INFO ncaa_identity: contest_id=1812010 teams 2695/2695 matched, players 6787/7453 matched
2026-08-19 14:29:31,364 INFO ncaa_identity: contest_id=1812020 teams 1997/1997 matched, players 5327/5462 matched
2026-08-19 14:29:34,063 INFO ncaa_identity: contest_id=1812096 teams 2226/2226 matched, players 5532/6042 matched
2026-08-19 14:29:35,201 INFO ncaa_identity: contest_id=1812106 teams 2290/2290 matched, players 6043/6229 matched
2026-08-19 14:29:36,052 INFO ncaa_identity: contest_id=1812117 teams 2853/2853 matched, players 7752/7892 matched
2026-08-19 14:29:36,843 INFO ncaa_identity: contest_id=1812128 teams 1985/1985 matched, players 5176/5423 matched
2026-08-19 14:29:47,139 INFO ncaa_identity: contest_id=1812377 teams 2273/2273 matched, players 5812/6240 matched
2026-08-19 14:29:51,118 INFO ncaa_identity: contest_id=1812430 teams 2879/2879 matched, players 7489/7981 matched
2026-08-19 14:29:55,559 INFO ncaa_identity: contest_id=1812489 teams 2424/2424 matched, players 6652/6658 matched
2026-08-19 14:29:57,367 INFO ncaa_identity: contest_id=1812511 teams 2328/2328 matched, players 6208/6386 matched
2026-08-19 14:30:02,037 INFO ncaa_identity: contest_id=1812562 teams 2315/2315 matched, players 6101/6360 matched
2026-08-19 14:30:02,973 INFO ncaa_identity: contest_id=1812572 teams 2692/2692 matched, players 6866/7385 matched
2026-08-19 14:30:06,273 INFO ncaa_identity: contest_id=1812615 teams 1904/1904 matched, players 4882/5355 matched
2026-08-19 14:30:07,077 INFO ncaa_identity: contest_id=1812625 teams 2540/2540 matched, players 6653/6992 matched
2026-08-19 14:30:09,020 INFO ncaa_identity: contest_id=1812645 teams 2663/2663 matched, players 6795/7313 matched
2026-08-19 14:30:12,143 INFO ncaa_identity: contest_id=1813277 teams 1377/2782 matched, players 3757/7633 matched
2026-08-19 14:30:17,161 INFO ncaa_identity: contest_id=1816875 teams 2260/2260 matched, players 5929/6411 matched
2026-08-19 14:30:21,250 INFO ncaa_identity: contest_id=1817058 teams 2589/2589 matched, players 7093/7116 matched
2026-08-19 14:30:26,008 INFO ncaa_identity: contest_id=1817667 teams 2186/2186 matched, players 5099/6173 matched
2026-08-19 14:30:28,778 INFO ncaa_identity: contest_id=1967713 teams 2269/2269 matched, players 5837/6380 matched
2026-08-19 14:30:32,455 INFO ncaa_identity: contest_id=1970339 teams 2635/2635 matched, players 6656/7274 matched
2026-08-19 14:30:33,533 INFO ncaa_identity: contest_id=1970373 teams 2731/2731 matched, players 7315/7735 matched
2026-08-19 14:30:34,464 INFO ncaa_identity: contest_id=1970452 teams 2709/2709 matched, players 7001/7445 matched
2026-08-19 14:30:39,359 INFO ncaa_identity: contest_id=1970986 teams 2487/2487 matched, players 6488/6846 matched
2026-08-19 14:30:40,160 INFO ncaa_identity: contest_id=1971525 teams 2646/2646 matched, players 7193/7243 matched
2026-08-19 14:30:42,025 INFO ncaa_identity: contest_id=1972038 teams 2520/2520 matched, players 7018/7108 matched
2026-08-19 14:30:43,860 INFO ncaa_identity: contest_id=1972182 teams 2392/2392 matched, players 5999/6602 matched
2026-08-19 14:30:46,024 INFO ncaa_identity: contest_id=1982654 teams 1349/2617 matched, players 3618/7142 matched
2026-08-19 14:30:48,923 INFO ncaa_identity: contest_id=1982695 teams 1418/2912 matched, players 3548/7967 matched
2026-08-19 14:30:49,815 INFO ncaa_identity: contest_id=1982719 teams 1363/2662 matched, players 3678/7306 matched
2026-08-19 14:30:50,980 INFO ncaa_identity: contest_id=1982735 teams 2730/2730 matched, players 7053/7513 matched
2026-08-19 14:30:51,756 INFO ncaa_identity: contest_id=1982757 teams 2269/2269 matched, players 5700/6223 matched
2026-08-19 14:30:55,912 INFO ncaa_identity: contest_id=1982857 teams 2569/2569 matched, players 6922/7034 matched
2026-08-19 14:30:56,996 INFO ncaa_identity: contest_id=1982869 teams 2388/2388 matched, players 6525/6543 matched
2026-08-19 14:30:57,745 WARNING ncaa_parse: family=shots contest_id=1982887 team=Bradley SKIPPED (1 parse error(s)): No shot events found [<!DOCTYPE html> <html lang="en"> <head> <meta content="text/html; charset=utf-8" http-equiv="CONTENT-TYPE"/> <meta charset="utf-8"/> <meta...
2026-08-19 14:30:57,769 INFO ncaa_identity: contest_id=1982887 teams 1331/2552 matched, players 3635/7176 matched
2026-08-19 14:30:59,967 INFO ncaa_identity: contest_id=1982926 teams 3182/3182 matched, players 7700/8747 matched
2026-08-19 14:31:03,174 INFO ncaa_identity: contest_id=1982994 teams 2862/2862 matched, players 6565/7877 matched
2026-08-19 14:31:05,464 INFO ncaa_identity: contest_id=1983025 teams 2430/2430 matched, players 6670/6672 matched
2026-08-19 14:31:06,404 INFO ncaa_identity: contest_id=1983084 teams 1272/2561 matched, players 3510/7020 matched
2026-08-19 14:31:07,550 INFO ncaa_identity: contest_id=1983099 teams 1316/2599 matched, players 3580/7128 matched
2026-08-19 14:31:15,561 INFO ncaa_identity: contest_id=1983250 teams 2505/2505 matched, players 6571/6913 matched
2026-08-19 14:31:16,521 INFO ncaa_identity: contest_id=1983293 teams 1281/2550 matched, players 3266/6954 matched
2026-08-19 14:31:17,378 WARNING ncaa_parse: family=shots contest_id=1983310 team=Morehead St. SKIPPED (1 parse error(s)): No shot events found [<!DOCTYPE html> <html lang="en"> <head> <meta content="text/html; charset=utf-8" http-equiv="CONTENT-TYPE"/> <meta charset="utf-8"/> <meta...
2026-08-19 14:31:17,405 INFO ncaa_identity: contest_id=1983310 teams 2553/2553 matched, players 6850/7229 matched
2026-08-19 14:31:19,405 INFO ncaa_identity: contest_id=1983353 teams 2894/2894 matched, players 7287/7922 matched
2026-08-19 14:31:22,206 WARNING ncaa_parse: family=shots contest_id=1983411 team=Morehead St. SKIPPED (1 parse error(s)): No shot events found [<!DOCTYPE html> <html lang="en"> <head> <meta content="text/html; charset=utf-8" http-equiv="CONTENT-TYPE"/> <meta charset="utf-8"/> <meta...
2026-08-19 14:31:22,229 INFO ncaa_identity: contest_id=1983411 teams 2329/2329 matched, players 6312/6587 matched
2026-08-19 14:31:24,273 INFO ncaa_identity: contest_id=1983451 teams 2647/2647 matched, players 6611/7222 matched
2026-08-19 14:31:26,355 INFO ncaa_identity: contest_id=1983495 teams 3286/3286 matched, players 9019/9094 matched
2026-08-19 14:31:34,495 INFO ncaa_identity: contest_id=1983621 teams 2527/2527 matched, players 6515/6895 matched
2026-08-19 14:31:36,688 WARNING ncaa_parse: family=shots contest_id=1983661 team=Winthrop SKIPPED (1 parse error(s)): No shot events found [<!DOCTYPE html> <html lang="en"> <head> <meta content="text/html; charset=utf-8" http-equiv="CONTENT-TYPE"/> <meta charset="utf-8"/> <meta...
2026-08-19 14:31:36,720 INFO ncaa_identity: contest_id=1983661 teams 3265/3265 matched, players 8640/9229 matched
2026-08-19 14:31:38,550 INFO ncaa_identity: contest_id=1983688 teams 2663/2663 matched, players 6675/7325 matched
2026-08-19 14:31:43,936 INFO ncaa_identity: contest_id=1983765 teams 2850/2850 matched, players 7899/7900 matched
2026-08-19 14:31:46,593 INFO ncaa_identity: contest_id=1983812 teams 1086/2131 matched, players 2947/5809 matched
2026-08-19 14:31:47,654 INFO ncaa_identity: contest_id=1983835 teams 2465/2465 matched, players 6727/6733 matched
2026-08-19 14:31:49,456 INFO ncaa_identity: contest_id=1983882 teams 2274/2274 matched, players 6157/6202 matched
2026-08-19 14:31:54,156 INFO ncaa_identity: contest_id=1984008 teams 2846/2846 matched, players 7136/7839 matched
2026-08-19 14:31:57,817 INFO ncaa_identity: contest_id=1984076 teams 2734/2734 matched, players 7318/7524 matched
2026-08-19 14:31:58,882 INFO ncaa_identity: contest_id=1984088 teams 2809/2809 matched, players 7249/7735 matched
2026-08-19 14:31:59,714 INFO ncaa_identity: contest_id=1984148 teams 2568/2568 matched, players 6634/7049 matched
2026-08-19 14:32:03,947 INFO ncaa_identity: contest_id=1984264 teams 2467/2467 matched, players 6062/6715 matched
2026-08-19 14:32:05,106 INFO ncaa_identity: contest_id=1984304 teams 3204/3204 matched, players 7768/8779 matched
2026-08-19 14:32:06,199 INFO ncaa_identity: contest_id=1984321 teams 2455/2455 matched, players 5244/6714 matched
2026-08-19 14:32:09,665 INFO ncaa_identity: contest_id=1984386 teams 2331/2331 matched, players 5945/6392 matched
2026-08-19 14:32:10,673 INFO ncaa_identity: contest_id=1984408 teams 2507/2507 matched, players 5623/6867 matched
2026-08-19 14:32:16,761 INFO ncaa_identity: contest_id=1984605 teams 2792/2792 matched, players 7077/7657 matched
2026-08-19 14:32:23,561 INFO ncaa_identity: contest_id=1984740 teams 2426/2426 matched, players 6183/6627 matched
2026-08-19 14:32:24,413 INFO ncaa_identity: contest_id=1984760 teams 2757/2757 matched, players 7436/7603 matched
2026-08-19 14:32:27,482 INFO ncaa_identity: contest_id=1984864 teams 2622/2622 matched, players 6904/7173 matched
2026-08-19 14:32:29,521 INFO ncaa_identity: contest_id=1984914 teams 2727/2727 matched, players 7435/7452 matched
2026-08-19 14:32:30,361 INFO ncaa_identity: contest_id=1984960 teams 2737/2737 matched, players 7530/7533 matched
2026-08-19 14:32:33,379 INFO ncaa_identity: contest_id=1985055 teams 2528/2528 matched, players 6568/6933 matched
2026-08-19 14:32:35,938 INFO ncaa_identity: contest_id=1985122 teams 2675/2675 matched, players 7297/7302 matched
2026-08-19 14:32:37,054 INFO ncaa_identity: contest_id=1985138 teams 2712/2712 matched, players 7086/7413 matched
2026-08-19 14:32:45,218 INFO ncaa_identity: contest_id=1985324 teams 2495/2495 matched, players 5979/6514 matched
2026-08-19 14:32:47,571 WARNING ncaa_parse: family=shots contest_id=1985368 team=Lipscomb SKIPPED (1 parse error(s)): No shot events found [<!DOCTYPE html> <html lang="en"> <head> <meta content="text/html; charset=utf-8" http-equiv="CONTENT-TYPE"/> <meta charset="utf-8"/> <meta...
2026-08-19 14:32:50,034 INFO ncaa_identity: contest_id=1985421 teams 2544/2544 matched, players 6338/6975 matched
2026-08-19 14:32:50,833 INFO ncaa_identity: contest_id=1985437 teams 2436/2436 matched, players 6643/6674 matched
2026-08-19 14:32:54,680 INFO ncaa_identity: contest_id=1985531 teams 3513/3513 matched, players 9339/9679 matched
2026-08-19 14:32:55,890 INFO ncaa_identity: contest_id=1985544 teams 3072/3072 matched, players 7946/8437 matched
2026-08-19 14:32:56,728 WARNING ncaa_parse: family=shots contest_id=1985606 team=Southeast Mo. St. SKIPPED (1 parse error(s)): No shot events found [<!DOCTYPE html> <html lang="en"> <head> <meta content="text/html; charset=utf-8" http-equiv="CONTENT-TYPE"/> <meta charset="utf-8"/> <meta...
2026-08-19 14:32:56,750 INFO ncaa_identity: contest_id=1985606 teams 2771/2771 matched, players 7239/7839 matched
2026-08-19 14:32:59,994 INFO ncaa_identity: contest_id=1985721 teams 3157/3157 matched, players 8074/8761 matched
2026-08-19 14:33:05,998 INFO ncaa_identity: contest_id=1985866 teams 2702/2702 matched, players 6877/7418 matched
2026-08-19 14:33:07,797 INFO ncaa_identity: contest_id=1985902 teams 2760/2760 matched, players 6985/7587 matched
2026-08-19 14:33:11,641 INFO ncaa_identity: contest_id=1986091 teams 2728/2728 matched, players 6910/7503 matched
2026-08-19 14:33:16,424 INFO ncaa_identity: contest_id=1986197 teams 2423/2423 matched, players 6405/6629 matched
2026-08-19 14:33:18,264 INFO ncaa_identity: contest_id=1986238 teams 2349/2349 matched, players 5739/6436 matched
2026-08-19 14:33:20,809 INFO ncaa_identity: contest_id=1986369 teams 2647/2647 matched, players 7121/7292 matched
2026-08-19 14:33:22,802 INFO ncaa_identity: contest_id=1986424 teams 2833/2833 matched, players 6558/7803 matched
2026-08-19 14:33:23,923 INFO ncaa_identity: contest_id=1986443 teams 2577/2577 matched, players 6916/7089 matched
2026-08-19 14:33:24,807 INFO ncaa_identity: contest_id=1986475 teams 2677/2677 matched, players 7215/7323 matched
2026-08-19 14:33:26,682 INFO ncaa_identity: contest_id=1986506 teams 2743/2743 matched, players 6959/7518 matched
2026-08-19 14:33:29,374 INFO ncaa_identity: contest_id=1986552 teams 2152/2152 matched, players 5597/5880 matched
2026-08-19 14:33:32,137 WARNING ncaa_parse: family=shots contest_id=1986638 team=Alabama A&M SKIPPED (1 parse error(s)): No shot events found [<!DOCTYPE html> <html lang="en"> <head> <meta content="text/html; charset=utf-8" http-equiv="CONTENT-TYPE"/> <meta charset="utf-8"/> <meta...
2026-08-19 14:33:32,168 INFO ncaa_identity: contest_id=1986638 teams 2376/2376 matched, players 6451/6736 matched
2026-08-19 14:33:33,044 INFO ncaa_identity: contest_id=1986656 teams 2721/2721 matched, players 6841/7460 matched
2026-08-19 14:33:36,225 INFO ncaa_identity: contest_id=1986697 teams 2644/2644 matched, players 6562/7211 matched
2026-08-19 14:33:37,052 INFO ncaa_identity: contest_id=1986711 teams 2556/2556 matched, players 6982/6987 matched
2026-08-19 14:33:42,265 INFO ncaa_identity: contest_id=1986836 teams 3081/3081 matched, players 8014/8548 matched
2026-08-19 14:33:45,743 WARNING ncaa_parse: family=shots contest_id=1986966 team=Old Dominion SKIPPED (1 parse error(s)): No shot events found [<!DOCTYPE html> <html lang="en"> <head> <meta content="text/html; charset=utf-8" http-equiv="CONTENT-TYPE"/> <meta charset="utf-8"/> <meta...
2026-08-19 14:33:45,766 INFO ncaa_identity: contest_id=1986966 teams 2117/2117 matched, players 5560/6000 matched
2026-08-19 14:33:47,423 WARNING ncaa_parse: family=shots contest_id=1987048 team=ETSU SKIPPED (1 parse error(s)): No shot events found [<!DOCTYPE html> <html lang="en"> <head> <meta content="text/html; charset=utf-8" http-equiv="CONTENT-TYPE"/> <meta charset="utf-8"/> <meta...
2026-08-19 14:33:49,341 INFO ncaa_identity: contest_id=1987078 teams 2824/2824 matched, players 6790/7751 matched
2026-08-19 14:33:51,369 INFO ncaa_identity: contest_id=1987221 teams 2806/2806 matched, players 7757/7758 matched
2026-08-19 14:34:05,585 INFO ncaa_identity: contest_id=1987829 teams 2624/2624 matched, players 7021/7190 matched
2026-08-19 14:34:08,297 INFO ncaa_identity: contest_id=1988074 teams 1236/2524 matched, players 3486/6901 matched
2026-08-19 14:34:09,430 INFO ncaa_identity: contest_id=1988131 teams 2485/2485 matched, players 6330/6770 matched
2026-08-19 14:34:10,321 INFO ncaa_identity: contest_id=1988185 teams 2459/2459 matched, players 6098/6727 matched
2026-08-19 14:34:11,353 WARNING ncaa_parse: family=shots contest_id=1988981 team=South Carolina St. SKIPPED (1 parse error(s)): No shot events found [<!DOCTYPE html> <html lang="en"> <head> <meta content="text/html; charset=utf-8" http-equiv="CONTENT-TYPE"/> <meta charset="utf-8"/> <meta...
2026-08-19 14:34:11,383 INFO ncaa_identity: contest_id=1988981 teams 2842/2842 matched, players 7214/8059 matched
2026-08-19 14:34:16,266 INFO ncaa_identity: contest_id=1989130 teams 2415/2415 matched, players 5814/6621 matched
2026-08-19 14:34:19,315 INFO ncaa_identity: contest_id=1989218 teams 1588/3148 matched, players 4276/8624 matched
2026-08-19 14:34:21,930 WARNING ncaa_parse: family=shots contest_id=1989415 team=Howard SKIPPED (1 parse error(s)): No shot events found [<!DOCTYPE html> <html lang="en"> <head> <meta content="text/html; charset=utf-8" http-equiv="CONTENT-TYPE"/> <meta charset="utf-8"/> <meta...
2026-08-19 14:34:21,950 INFO ncaa_identity: contest_id=1989415 teams 2780/2780 matched, players 7095/7899 matched
2026-08-19 14:34:22,983 WARNING ncaa_parse: family=shots contest_id=1989480 team=Navy SKIPPED (1 parse error(s)): No shot events found [<!DOCTYPE html> <html lang="en"> <head> <meta content="text/html; charset=utf-8" http-equiv="CONTENT-TYPE"/> <meta charset="utf-8"/> <meta...
2026-08-19 14:34:23,784 INFO ncaa_identity: contest_id=1989505 teams 1909/1909 matched, players 4794/5171 matched
2026-08-19 14:34:25,537 INFO ncaa_identity: contest_id=1989661 teams 1254/2444 matched, players 3326/6667 matched
2026-08-19 14:34:28,327 INFO ncaa_identity: contest_id=1989724 teams 1410/2881 matched, players 3962/7941 matched
2026-08-19 14:34:33,850 INFO ncaa_identity: contest_id=1990027 teams 1495/2887 matched, players 3967/7870 matched
2026-08-19 14:34:34,676 INFO ncaa_identity: contest_id=1990125 teams 2447/2447 matched, players 6730/6731 matched
2026-08-19 14:34:35,821 INFO ncaa_identity: contest_id=1990225 teams 1488/3020 matched, players 4108/8318 matched
2026-08-19 14:34:36,623 INFO ncaa_identity: contest_id=1990266 teams 2388/2388 matched, players 6357/6543 matched
2026-08-19 14:34:37,610 INFO ncaa_identity: contest_id=1990320 teams 2664/2664 matched, players 6793/7337 matched
2026-08-19 14:34:38,324 WARNING ncaa_parse: family=shots contest_id=1990361 team=Middle Tenn. SKIPPED (1 parse error(s)): No shot events found [<!DOCTYPE html> <html lang="en"> <head> <meta content="text/html; charset=utf-8" http-equiv="CONTENT-TYPE"/> <meta charset="utf-8"/> <meta...
2026-08-19 14:34:38,351 INFO ncaa_identity: contest_id=1990361 teams 2758/2758 matched, players 7559/7804 matched
2026-08-19 14:34:39,446 INFO ncaa_identity: contest_id=1990390 teams 1348/2632 matched, players 3085/7242 matched
2026-08-19 14:34:41,217 INFO ncaa_identity: contest_id=1990476 teams 2302/2302 matched, players 6268/6322 matched
2026-08-19 14:34:42,655 INFO ncaa_identity: contest_id=1990530 teams 1259/2610 matched, players 3547/7173 matched
2026-08-19 14:34:43,659 INFO ncaa_identity: contest_id=1990602 teams 2639/2639 matched, players 6863/7286 matched
2026-08-19 14:34:45,440 INFO ncaa_identity: contest_id=1990668 teams 2638/2638 matched, players 7016/7017 matched
2026-08-19 14:34:47,089 WARNING ncaa_parse: family=shots contest_id=1990710 team=Utah St. SKIPPED (1 parse error(s)): No shot events found [<!DOCTYPE html> <html lang="en"> <head> <meta content="text/html; charset=utf-8" http-equiv="CONTENT-TYPE"/> <meta charset="utf-8"/> <meta...
2026-08-19 14:34:47,893 INFO ncaa_identity: contest_id=1990752 teams 2493/2493 matched, players 6550/6824 matched
2026-08-19 14:34:48,873 INFO ncaa_identity: contest_id=1990782 teams 2541/2541 matched, players 6534/7005 matched
2026-08-19 14:34:52,345 INFO ncaa_identity: contest_id=1990858 teams 2361/2361 matched, players 5954/6449 matched
2026-08-19 14:34:53,152 INFO ncaa_identity: contest_id=1990902 teams 2788/2788 matched, players 7661/7695 matched
2026-08-19 14:34:55,658 INFO ncaa_identity: contest_id=1990951 teams 2380/2380 matched, players 6528/6541 matched
2026-08-19 14:34:56,715 INFO ncaa_identity: contest_id=1990965 teams 2703/2703 matched, players 7178/7427 matched
2026-08-19 14:34:57,402 WARNING ncaa_parse: family=shots contest_id=1990987 team=Lipscomb SKIPPED (1 parse error(s)): No shot events found [<!DOCTYPE html> <html lang="en"> <head> <meta content="text/html; charset=utf-8" http-equiv="CONTENT-TYPE"/> <meta charset="utf-8"/> <meta...
2026-08-19 14:34:57,424 INFO ncaa_identity: contest_id=1990987 teams 1253/2453 matched, players 3523/6877 matched
2026-08-19 14:34:58,629 INFO ncaa_identity: contest_id=1991037 teams 2709/2709 matched, players 7206/7429 matched
2026-08-19 14:34:59,388 INFO ncaa_identity: contest_id=1991058 teams 2175/2175 matched, players 5582/5962 matched
2026-08-19 14:35:02,923 INFO ncaa_identity: contest_id=1991119 teams 1295/2601 matched, players 3559/7162 matched
2026-08-19 14:35:06,772 INFO ncaa_identity: contest_id=1991267 teams 1652/3130 matched, players 4489/8593 matched
2026-08-19 14:35:08,503 INFO ncaa_identity: contest_id=1991297 teams 2492/2492 matched, players 6792/6814 matched
2026-08-19 14:35:11,512 INFO ncaa_identity: contest_id=1991411 teams 1402/2803 matched, players 3862/7705 matched
2026-08-19 14:35:12,234 INFO ncaa_identity: contest_id=1991464 teams 1229/2506 matched, players 3413/6902 matched
2026-08-19 14:35:16,504 WARNING ncaa_parse: family=shots contest_id=1991672 team=Gardner-Webb SKIPPED (1 parse error(s)): No shot events found [<!DOCTYPE html> <html lang="en"> <head> <meta content="text/html; charset=utf-8" http-equiv="CONTENT-TYPE"/> <meta charset="utf-8"/> <meta...
2026-08-19 14:35:16,519 INFO ncaa_identity: contest_id=1991672 teams 1804/1804 matched, players 4656/5106 matched
2026-08-19 14:35:17,384 WARNING ncaa_parse: family=shots contest_id=1991682 team=Campbell SKIPPED (1 parse error(s)): No shot events found [<!DOCTYPE html> <html lang="en"> <head> <meta content="text/html; charset=utf-8" http-equiv="CONTENT-TYPE"/> <meta charset="utf-8"/> <meta...
2026-08-19 14:35:17,404 INFO ncaa_identity: contest_id=1991682 teams 1997/1997 matched, players 4956/5589 matched
2026-08-19 14:35:23,095 INFO ncaa_identity: contest_id=1991833 teams 2825/2825 matched, players 7590/7787 matched
2026-08-19 14:35:24,408 INFO ncaa_identity: contest_id=1991860 teams 3479/3479 matched, players 9245/9598 matched
2026-08-19 14:35:25,550 INFO ncaa_identity: contest_id=1991948 teams 2835/2835 matched, players 7643/7784 matched
2026-08-19 14:35:26,432 INFO ncaa_identity: contest_id=1991995 teams 2914/2914 matched, players 7723/8051 matched
2026-08-19 14:35:27,538 INFO ncaa_identity: contest_id=1992110 teams 2884/2884 matched, players 7610/7952 matched
2026-08-19 14:35:28,348 INFO ncaa_identity: contest_id=1992139 teams 1173/2318 matched, players 3155/6314 matched
2026-08-19 14:35:29,068 INFO ncaa_identity: contest_id=1992330 teams 1220/2431 matched, players 3372/6649 matched
2026-08-19 14:35:29,915 WARNING ncaa_parse: family=shots contest_id=1992492 team=Gardner-Webb SKIPPED (1 parse error(s)): No shot events found [<!DOCTYPE html> <html lang="en"> <head> <meta content="text/html; charset=utf-8" http-equiv="CONTENT-TYPE"/> <meta charset="utf-8"/> <meta...
2026-08-19 14:35:29,934 INFO ncaa_identity: contest_id=1992492 teams 1909/1909 matched, players 4313/5324 matched
2026-08-19 14:35:30,638 WARNING ncaa_parse: family=shots contest_id=1992606 team=Arizona Christian SKIPPED (1 parse error(s)): No shot events found [<!DOCTYPE html> <html lang="en"> <head> <meta content="text/html; charset=utf-8" http-equiv="CONTENT-TYPE"/> <meta charset="utf-8"/> <meta...
2026-08-19 14:35:30,656 INFO ncaa_identity: contest_id=1992606 teams 1217/2426 matched, players 2923/6841 matched
2026-08-19 14:35:33,895 INFO ncaa_identity: contest_id=1992981 teams 2814/2814 matched, players 7742/7757 matched
2026-08-19 14:35:36,816 INFO ncaa_identity: contest_id=1993077 teams 1395/2834 matched, players 3868/7717 matched
2026-08-19 14:35:37,647 INFO ncaa_identity: contest_id=1993103 teams 2530/2530 matched, players 6953/6966 matched
2026-08-19 14:35:38,729 INFO ncaa_identity: contest_id=1993116 teams 1334/2706 matched, players 3773/7402 matched
2026-08-19 14:35:41,497 INFO ncaa_identity: contest_id=1993171 teams 1335/2568 matched, players 3529/7004 matched
2026-08-19 14:35:43,577 INFO ncaa_identity: contest_id=1993275 teams 1442/2869 matched, players 3944/7853 matched
2026-08-19 14:35:48,978 INFO ncaa_identity: contest_id=1993691 teams 2726/2726 matched, players 7271/7444 matched
2026-08-19 14:35:50,072 INFO ncaa_identity: contest_id=1993755 teams 1419/2787 matched, players 3820/7632 matched
2026-08-19 14:35:50,983 INFO ncaa_identity: contest_id=1993821 teams 1450/2894 matched, players 3948/7909 matched
2026-08-19 14:35:52,872 INFO ncaa_identity: contest_id=1994061 teams 1327/2674 matched, players 3670/7322 matched
2026-08-19 14:35:54,658 INFO ncaa_identity: contest_id=1994232 teams 1328/2642 matched, players 3590/7212 matched
2026-08-19 14:36:01,419 INFO ncaa_identity: contest_id=1994548 teams 2918/2918 matched, players 7128/8091 matched
2026-08-19 14:36:03,315 INFO ncaa_identity: contest_id=1995008 teams 1300/2597 matched, players 2675/7068 matched
2026-08-19 14:36:04,129 INFO ncaa_identity: contest_id=1995065 teams 2509/2509 matched, players 6300/6910 matched
2026-08-19 14:36:05,192 INFO ncaa_identity: contest_id=1995102 teams 1450/2882 matched, players 3918/7948 matched
2026-08-19 14:36:05,303 INFO 5 starters not found for period 4; using estimate
2026-08-19 14:36:08,846 INFO ncaa_identity: contest_id=1995225 teams 2573/2573 matched, players 6699/7107 matched
2026-08-19 14:36:09,833 INFO ncaa_identity: contest_id=1995263 teams 1582/3079 matched, players 4237/8447 matched
2026-08-19 14:36:13,586 INFO ncaa_identity: contest_id=1995446 teams 1444/2879 matched, players 3947/7870 matched
2026-08-19 14:36:14,600 INFO ncaa_identity: contest_id=1995512 teams 1235/2466 matched, players 3449/6789 matched
2026-08-19 14:36:15,358 INFO ncaa_identity: contest_id=1995565 teams 2208/2208 matched, players 5645/6000 matched
2026-08-19 14:36:17,157 INFO ncaa_identity: contest_id=1995633 teams 1411/2799 matched, players 3911/7675 matched
2026-08-19 14:36:19,754 INFO ncaa_identity: contest_id=1995700 teams 1445/2868 matched, players 3994/7861 matched
2026-08-19 14:36:22,222 WARNING ncaa_parse: family=shots contest_id=1995847 team=Loyola Chicago SKIPPED (1 parse error(s)): No shot events found [<!DOCTYPE html> <html lang="en"> <head> <meta content="text/html; charset=utf-8" http-equiv="CONTENT-TYPE"/> <meta charset="utf-8"/> <meta...
2026-08-19 14:36:22,242 INFO ncaa_identity: contest_id=1995847 teams 1108/2209 matched, players 3107/6173 matched
2026-08-19 14:36:23,915 WARNING ncaa_parse: family=shots contest_id=1996034 team=Coppin St. SKIPPED (1 parse error(s)): No shot events found [<!DOCTYPE html> <html lang="en"> <head> <meta content="text/html; charset=utf-8" http-equiv="CONTENT-TYPE"/> <meta charset="utf-8"/> <meta...
2026-08-19 14:36:26,878 INFO ncaa_identity: contest_id=1996244 teams 2394/2394 matched, players 6005/6568 matched
2026-08-19 14:36:30,352 INFO ncaa_identity: contest_id=1996504 teams 1365/2681 matched, players 3715/7366 matched
2026-08-19 14:36:32,816 WARNING ncaa_parse: family=shots contest_id=1997888 team=Navy SKIPPED (1 parse error(s)): No shot events found [<!DOCTYPE html> <html lang="en"> <head> <meta content="text/html; charset=utf-8" http-equiv="CONTENT-TYPE"/> <meta charset="utf-8"/> <meta...
2026-08-19 14:36:34,039 INFO ncaa_identity: contest_id=1998384 teams 1473/3070 matched, players 4062/8393 matched
2026-08-19 14:36:35,113 INFO ncaa_identity: contest_id=1999188 teams 2921/2921 matched, players 7821/8033 matched
2026-08-19 14:36:36,158 INFO ncaa_identity: contest_id=2001231 teams 1379/2675 matched, players 3235/7357 matched
2026-08-19 14:36:37,140 WARNING ncaa_parse: family=shots contest_id=2001587 team=Morgan St. SKIPPED (1 parse error(s)): No shot events found [<!DOCTYPE html> <html lang="en"> <head> <meta content="text/html; charset=utf-8" http-equiv="CONTENT-TYPE"/> <meta charset="utf-8"/> <meta...
2026-08-19 14:36:37,165 INFO ncaa_identity: contest_id=2001587 teams 2769/2769 matched, players 7247/7866 matched
2026-08-19 14:36:37,945 WARNING ncaa_parse: family=shots contest_id=2001714 team=Coppin St. SKIPPED (1 parse error(s)): No shot events found [<!DOCTYPE html> <html lang="en"> <head> <meta content="text/html; charset=utf-8" http-equiv="CONTENT-TYPE"/> <meta charset="utf-8"/> <meta...
2026-08-19 14:36:37,971 INFO ncaa_identity: contest_id=2001714 teams 2661/2661 matched, players 6904/7515 matched
2026-08-19 14:36:38,048 INFO 5 starters not found for period 3; using estimate
2026-08-19 14:36:38,049 INFO 5 starters not found for period 4; using estimate
2026-08-19 14:36:39,054 WARNING ncaa_parse: family=shots contest_id=2002628 team=Campbell SKIPPED (1 parse error(s)): No shot events found [<!DOCTYPE html> <html lang="en"> <head> <meta content="text/html; charset=utf-8" http-equiv="CONTENT-TYPE"/> <meta charset="utf-8"/> <meta...
2026-08-19 14:36:39,073 INFO ncaa_identity: contest_id=2002628 teams 2808/2808 matched, players 7798/7956 matched
2026-08-19 14:36:40,872 WARNING ncaa_parse: family=shots contest_id=2007569 team=Furman SKIPPED (1 parse error(s)): No shot events found [<!DOCTYPE html> <html lang="en"> <head> <meta content="text/html; charset=utf-8" http-equiv="CONTENT-TYPE"/> <meta charset="utf-8"/> <meta...
2026-08-19 14:36:41,752 INFO ncaa_identity: contest_id=2015740 teams 1282/2658 matched, players 3639/7315 matched
2026-08-19 14:36:43,015 INFO ncaa_identity: contest_id=2027230 teams 3082/3082 matched, players 7034/8459 matched
2026-08-19 14:36:43,926 INFO ncaa_identity: contest_id=2027364 teams 1333/2696 matched, players 3685/7385 matched
2026-08-19 14:36:45,040 INFO ncaa_identity: contest_id=2030547 teams 1492/2928 matched, players 3987/8056 matched
2026-08-19 14:36:47,560 INFO ncaa_identity: contest_id=2035905 teams 2047/2047 matched, players 5258/5599 matched
2026-08-19 14:36:54,730 INFO 5 starters not found for period 4; using estimate
2026-08-19 14:36:54,730 INFO 5 starters not found for period 5; using estimate
2026-08-19 14:36:58,607 INFO ncaa_identity: contest_id=2051677 teams 2582/2582 matched, players 6861/7089 matched
2026-08-19 14:37:02,071 INFO ncaa_identity: contest_id=2053448 teams 2494/2494 matched, players 6516/6875 matched
2026-08-19 14:37:02,929 INFO ncaa_identity: contest_id=2054222 teams 2988/2988 matched, players 7670/8250 matched
2026-08-19 14:37:04,676 INFO ncaa_identity: contest_id=2054291 teams 2465/2465 matched, players 6716/6725 matched
2026-08-19 14:37:06,603 INFO 5 starters not found for period 3; using estimate
2026-08-19 14:37:07,485 INFO ncaa_identity: contest_id=2054832 teams 2581/2581 matched, players 6582/7063 matched
2026-08-19 14:37:08,125 INFO ncaa_identity: contest_id=2055051 teams 1985/1985 matched, players 5355/5389 matched
2026-08-19 14:37:11,595 WARNING ncaa_parse: family=shots contest_id=2056432 team=Florida A&M SKIPPED (1 parse error(s)): No shot events found [<!DOCTYPE html> <html lang="en"> <head> <meta content="text/html; charset=utf-8" http-equiv="CONTENT-TYPE"/> <meta charset="utf-8"/> <meta...
2026-08-19 14:37:11,613 INFO ncaa_identity: contest_id=2056432 teams 2595/2595 matched, players 6788/7327 matched
2026-08-19 14:37:19,396 INFO ncaa_identity: contest_id=2057596 teams 2556/2556 matched, players 6549/7011 matched
2026-08-19 14:37:21,202 INFO ncaa_identity: contest_id=2057707 teams 2648/2648 matched, players 7295/7314 matched
2026-08-19 14:37:21,944 INFO ncaa_identity: contest_id=2057775 teams 2334/2334 matched, players 6168/6401 matched
2026-08-19 14:37:22,951 INFO ncaa_identity: contest_id=2057829 teams 2709/2709 matched, players 6945/7428 matched
2026-08-19 14:37:30,209 INFO ncaa_identity: contest_id=2060598 teams 2729/2729 matched, players 7107/7492 matched
2026-08-19 14:37:33,002 INFO ncaa_identity: contest_id=2139910 teams 1320/2662 matched, players 3718/7290 matched
2026-08-19 14:37:35,948 INFO ncaa_identity: contest_id=2139940 teams 2939/2939 matched, players 7884/8057 matched
2026-08-19 14:37:36,839 INFO ncaa_identity: contest_id=2139950 teams 2752/2752 matched, players 7277/7550 matched
2026-08-19 14:37:37,880 INFO ncaa_identity: contest_id=2139960 teams 1326/2627 matched, players 3534/7214 matched
2026-08-19 14:37:41,478 WARNING ncaa_parse: family=shots contest_id=2140010 team=Harvard SKIPPED (1 parse error(s)): No shot events found [<!DOCTYPE html> <html lang="en"> <head> <meta content="text/html; charset=utf-8" http-equiv="CONTENT-TYPE"/> <meta charset="utf-8"/> <meta...
2026-08-19 14:37:41,502 INFO ncaa_identity: contest_id=2140010 teams 1292/2577 matched, players 3613/7238 matched
2026-08-19 14:37:42,239 INFO ncaa_identity: contest_id=2140033 teams 1272/2495 matched, players 3473/6849 matched
2026-08-19 14:37:44,113 INFO ncaa_identity: contest_id=2140064 teams 1342/2672 matched, players 3710/7282 matched
2026-08-19 14:37:46,171 INFO ncaa_identity: contest_id=2140092 teams 1644/3313 matched, players 4528/9112 matched
2026-08-19 14:37:47,225 INFO ncaa_identity: contest_id=2140112 teams 1386/2769 matched, players 3845/7584 matched
2026-08-19 14:37:52,209 INFO ncaa_identity: contest_id=2140218 teams 1263/2487 matched, players 3383/6801 matched
2026-08-19 14:37:53,167 INFO ncaa_identity: contest_id=2140239 teams 1356/2720 matched, players 3413/7385 matched
2026-08-19 14:37:54,210 INFO ncaa_identity: contest_id=2140257 teams 2960/2960 matched, players 7776/8165 matched
2026-08-19 14:37:57,947 INFO ncaa_identity: contest_id=2140305 teams 2495/2495 matched, players 6213/6814 matched
2026-08-19 14:37:59,219 INFO ncaa_identity: contest_id=2140399 teams 3927/3927 matched, players 10171/10848 matched
2026-08-19 14:38:01,119 INFO ncaa_identity: contest_id=2140460 teams 1289/2520 matched, players 3481/6893 matched
2026-08-19 14:38:02,871 INFO ncaa_identity: contest_id=2140546 teams 2582/2582 matched, players 7030/7043 matched
2026-08-19 14:38:05,445 INFO ncaa_identity: contest_id=2140599 teams 2990/2990 matched, players 7855/8241 matched
2026-08-19 14:38:06,575 INFO ncaa_identity: contest_id=2140658 teams 2989/2989 matched, players 7779/8206 matched
2026-08-19 14:38:07,403 INFO ncaa_identity: contest_id=2140789 teams 1412/2723 matched, players 3769/7435 matched
2026-08-19 14:38:08,420 INFO ncaa_identity: contest_id=2140842 teams 2858/2858 matched, players 7375/7866 matched
2026-08-19 14:38:09,220 INFO ncaa_identity: contest_id=2140891 teams 2424/2424 matched, players 6627/6644 matched
2026-08-19 14:38:10,879 INFO ncaa_identity: contest_id=2140955 teams 2579/2579 matched, players 6876/7103 matched
2026-08-19 14:38:13,782 INFO ncaa_identity: contest_id=2141033 teams 1322/2614 matched, players 3629/7163 matched
2026-08-19 14:38:14,748 INFO ncaa_identity: contest_id=2141044 teams 3096/3096 matched, players 8137/8512 matched
2026-08-19 14:38:15,784 INFO ncaa_identity: contest_id=2141055 teams 1537/3034 matched, players 4209/8360 matched
2026-08-19 14:38:16,629 INFO ncaa_identity: contest_id=2141069 teams 2715/2715 matched, players 6996/7484 matched
2026-08-19 14:38:21,407 INFO ncaa_identity: contest_id=2141159 teams 1462/2870 matched, players 3907/7908 matched
2026-08-19 14:38:22,170 INFO ncaa_identity: contest_id=2141186 teams 2701/2701 matched, players 6862/7409 matched
2026-08-19 14:38:23,237 INFO ncaa_identity: contest_id=2141211 teams 2497/2497 matched, players 6829/6834 matched
2026-08-19 14:38:27,774 INFO ncaa_identity: contest_id=2141332 teams 2324/2324 matched, players 6056/6372 matched
2026-08-19 14:38:30,695 INFO ncaa_identity: contest_id=2141472 teams 1305/2521 matched, players 3494/6870 matched
2026-08-19 14:38:31,468 INFO ncaa_identity: contest_id=2141483 teams 2311/2311 matched, players 5816/6325 matched
2026-08-19 14:38:33,299 INFO ncaa_identity: contest_id=2141524 teams 2111/2111 matched, players 5307/5778 matched
2026-08-19 14:38:34,331 INFO ncaa_identity: contest_id=2141554 teams 1221/2425 matched, players 3349/6638 matched
2026-08-19 14:38:35,245 INFO ncaa_identity: contest_id=2141564 teams 1384/2783 matched, players 3678/7537 matched
2026-08-19 14:38:36,135 WARNING ncaa_parse: family=shots contest_id=2141593 team=Western Caro. SKIPPED (1 parse error(s)): No shot events found [<!DOCTYPE html> <html lang="en"> <head> <meta content="text/html; charset=utf-8" http-equiv="CONTENT-TYPE"/> <meta charset="utf-8"/> <meta...
2026-08-19 14:38:36,155 INFO ncaa_identity: contest_id=2141593 teams 2462/2462 matched, players 4819/6948 matched
2026-08-19 14:38:41,522 WARNING ncaa_parse: family=shots contest_id=2141785 team=American SKIPPED (1 parse error(s)): No shot events found [<!DOCTYPE html> <html lang="en"> <head> <meta content="text/html; charset=utf-8" http-equiv="CONTENT-TYPE"/> <meta charset="utf-8"/> <meta...
2026-08-19 14:38:41,549 INFO ncaa_identity: contest_id=2141785 teams 2315/2315 matched, players 6004/6544 matched
2026-08-19 14:38:42,453 INFO ncaa_identity: contest_id=2141859 teams 1286/2607 matched, players 3568/7097 matched
2026-08-19 14:38:43,393 INFO ncaa_identity: contest_id=2141981 teams 1345/2554 matched, players 3587/6992 matched
2026-08-19 14:38:47,133 INFO ncaa_identity: contest_id=2142186 teams 3054/3054 matched, players 8186/8397 matched
2026-08-19 14:38:47,953 INFO ncaa_identity: contest_id=2142211 teams 2662/2662 matched, players 6780/7356 matched
2026-08-19 14:38:49,072 INFO 5 starters not found for period 3; using estimate
2026-08-19 14:38:52,518 INFO ncaa_identity: contest_id=2142294 teams 2537/2537 matched, players 6929/6955 matched
2026-08-19 14:38:56,120 INFO ncaa_identity: contest_id=2142463 teams 1223/2486 matched, players 3086/6742 matched
2026-08-19 14:38:59,668 INFO ncaa_identity: contest_id=2142667 teams 2697/2697 matched, players 7069/7371 matched
2026-08-19 14:39:00,391 INFO ncaa_identity: contest_id=2142694 teams 1142/2329 matched, players 3143/6335 matched
2026-08-19 14:39:01,233 INFO ncaa_identity: contest_id=2142710 teams 1250/2535 matched, players 3481/6925 matched
2026-08-19 14:39:02,245 INFO ncaa_identity: contest_id=2142726 teams 2864/2864 matched, players 7784/7872 matched
2026-08-19 14:39:03,042 INFO ncaa_identity: contest_id=2142744 teams 2802/2802 matched, players 7700/7710 matched
2026-08-19 14:39:07,417 INFO ncaa_identity: contest_id=2142883 teams 1240/2509 matched, players 3473/6870 matched
2026-08-19 14:39:10,826 INFO ncaa_identity: contest_id=2143001 teams 2044/2044 matched, players 5166/5574 matched
2026-08-19 14:39:16,971 INFO ncaa_identity: contest_id=2143251 teams 2339/2339 matched, players 6113/6356 matched
2026-08-19 14:39:18,695 INFO ncaa_identity: contest_id=2143287 teams 1307/2613 matched, players 3217/7157 matched
2026-08-19 14:39:21,284 INFO ncaa_identity: contest_id=2143366 teams 1372/2805 matched, players 3844/7690 matched
2026-08-19 14:39:23,085 INFO ncaa_identity: contest_id=2143429 teams 2423/2423 matched, players 6533/6602 matched
2026-08-19 14:39:25,996 INFO ncaa_identity: contest_id=2143461 teams 1401/2770 matched, players 3690/7622 matched
2026-08-19 14:39:27,689 INFO ncaa_identity: contest_id=2143490 teams 3017/3017 matched, players 8250/8339 matched
2026-08-19 14:39:29,230 WARNING ncaa_parse: family=shots contest_id=2143549 team=Morehead St. SKIPPED (1 parse error(s)): No shot events found [<!DOCTYPE html> <html lang="en"> <head> <meta content="text/html; charset=utf-8" http-equiv="CONTENT-TYPE"/> <meta charset="utf-8"/> <meta...
2026-08-19 14:39:31,868 INFO ncaa_identity: contest_id=2143691 teams 2755/2755 matched, players 6978/7570 matched
2026-08-19 14:39:36,750 INFO ncaa_identity: contest_id=2143867 teams 2811/2811 matched, players 7303/7739 matched
2026-08-19 14:39:38,469 INFO ncaa_identity: contest_id=2143892 teams 2319/2319 matched, players 6090/6342 matched
2026-08-19 14:39:42,818 INFO ncaa_identity: contest_id=2144217 teams 2674/2674 matched, players 6708/7317 matched
2026-08-19 14:39:45,578 INFO ncaa_identity: contest_id=2144280 teams 2745/2745 matched, players 7405/7539 matched
2026-08-19 14:39:49,149 INFO ncaa_identity: contest_id=2144336 teams 2335/2335 matched, players 6339/6371 matched
2026-08-19 14:39:51,568 INFO ncaa_identity: contest_id=2144393 teams 2406/2406 matched, players 6421/6586 matched
2026-08-19 14:39:52,442 INFO ncaa_identity: contest_id=2144414 teams 1252/2546 matched, players 3438/6918 matched
2026-08-19 14:39:55,369 INFO ncaa_identity: contest_id=2144478 teams 1433/2847 matched, players 3838/7698 matched
2026-08-19 14:39:57,287 INFO ncaa_identity: contest_id=2144526 teams 1331/2603 matched, players 3573/7110 matched
2026-08-19 14:39:57,938 INFO ncaa_identity: contest_id=2144554 teams 1991/1991 matched, players 4958/5461 matched
2026-08-19 14:40:00,922 INFO ncaa_identity: contest_id=2144719 teams 2686/2686 matched, players 6865/7353 matched
2026-08-19 14:40:01,727 INFO ncaa_identity: contest_id=2144752 teams 2690/2690 matched, players 6967/7407 matched
2026-08-19 14:40:08,887 INFO ncaa_identity: contest_id=2145046 teams 1450/2881 matched, players 3956/7890 matched
2026-08-19 14:40:11,664 INFO ncaa_identity: contest_id=2145101 teams 2528/2528 matched, players 6372/6934 matched
2026-08-19 14:40:12,507 INFO ncaa_identity: contest_id=2145111 teams 1282/2621 matched, players 3543/7189 matched
2026-08-19 14:40:16,663 INFO ncaa_identity: contest_id=2145215 teams 1297/2496 matched, players 3457/6754 matched
2026-08-19 14:40:18,690 INFO ncaa_identity: contest_id=2145266 teams 1446/2857 matched, players 3983/7807 matched
2026-08-19 14:40:21,549 INFO ncaa_identity: contest_id=2145335 teams 1383/2779 matched, players 3769/7620 matched
2026-08-19 14:40:22,404 INFO ncaa_identity: contest_id=2145352 teams 1341/2648 matched, players 3377/7252 matched
2026-08-19 14:40:23,497 INFO ncaa_identity: contest_id=2145395 teams 2693/2693 matched, players 7060/7408 matched
2026-08-19 14:40:25,268 INFO ncaa_identity: contest_id=2145486 teams 1234/2393 matched, players 3307/6513 matched
2026-08-19 14:40:27,132 INFO ncaa_identity: contest_id=2145532 teams 1164/2373 matched, players 3249/6435 matched
2026-08-19 14:40:27,940 INFO ncaa_identity: contest_id=2145549 teams 1377/2638 matched, players 3650/7281 matched
2026-08-19 14:40:30,972 INFO ncaa_identity: contest_id=2145624 teams 3049/3049 matched, players 7677/8396 matched
2026-08-19 14:40:31,837 INFO ncaa_identity: contest_id=2145711 teams 2824/2824 matched, players 7114/7768 matched
2026-08-19 14:40:32,891 INFO ncaa_identity: contest_id=2145750 teams 1360/2620 matched, players 3462/7158 matched
2026-08-19 14:40:33,668 INFO ncaa_identity: contest_id=2145782 teams 2332/2332 matched, players 6027/6325 matched
2026-08-19 14:40:35,244 WARNING ncaa_parse: family=shots contest_id=2145824 team=Harvard SKIPPED (1 parse error(s)): No shot events found [<!DOCTYPE html> <html lang="en"> <head> <meta content="text/html; charset=utf-8" http-equiv="CONTENT-TYPE"/> <meta charset="utf-8"/> <meta...
2026-08-19 14:40:35,261 INFO ncaa_identity: contest_id=2145824 teams 2281/2281 matched, players 5961/6415 matched
2026-08-19 14:40:36,227 INFO ncaa_identity: contest_id=2145880 teams 2280/2280 matched, players 5749/6192 matched
2026-08-19 14:40:36,979 INFO ncaa_identity: contest_id=2145940 teams 1232/2407 matched, players 3334/6563 matched
2026-08-19 14:40:39,429 INFO ncaa_identity: contest_id=2146009 teams 2473/2473 matched, players 6573/6825 matched
2026-08-19 14:40:40,392 INFO ncaa_identity: contest_id=2146040 teams 1241/2455 matched, players 3361/6681 matched
2026-08-19 14:40:42,222 INFO ncaa_identity: contest_id=2146073 teams 1170/2295 matched, players 3149/6196 matched
2026-08-19 14:40:43,020 INFO ncaa_identity: contest_id=2146085 teams 2536/2536 matched, players 6431/6929 matched
2026-08-19 14:40:44,048 INFO ncaa_identity: contest_id=2146098 teams 2872/2872 matched, players 7430/7911 matched
2026-08-19 14:40:45,712 INFO ncaa_identity: contest_id=2146128 teams 1238/2459 matched, players 2959/6717 matched
2026-08-19 14:40:49,457 INFO ncaa_identity: contest_id=2146209 teams 3062/3062 matched, players 7715/8462 matched
2026-08-19 14:40:50,235 INFO ncaa_identity: contest_id=2146235 teams 1229/2482 matched, players 3111/6793 matched
2026-08-19 14:40:52,732 INFO ncaa_identity: contest_id=2146310 teams 1079/2174 matched, players 2998/5929 matched
2026-08-19 14:40:53,591 INFO ncaa_identity: contest_id=2146366 teams 2593/2593 matched, players 6669/7087 matched
2026-08-19 14:41:03,064 INFO ncaa_identity: contest_id=2146737 teams 2403/2403 matched, players 6361/6580 matched
2026-08-19 14:41:05,702 INFO ncaa_identity: contest_id=2146812 teams 2915/2915 matched, players 7585/8046 matched
2026-08-19 14:41:10,223 INFO ncaa_identity: contest_id=2146903 teams 2590/2590 matched, players 7074/7102 matched
2026-08-19 14:41:10,992 INFO ncaa_identity: contest_id=2146976 teams 2487/2487 matched, players 6710/6840 matched
2026-08-19 14:41:15,672 INFO ncaa_identity: contest_id=2147151 teams 2417/2417 matched, players 6595/6624 matched
2026-08-19 14:41:16,399 INFO ncaa_identity: contest_id=2147164 teams 2392/2392 matched, players 6158/6553 matched
2026-08-19 14:41:21,084 INFO ncaa_identity: contest_id=2147375 teams 1135/2281 matched, players 3117/6238 matched
2026-08-19 14:41:38,217 INFO ncaa_identity: contest_id=2148086 teams 2513/2513 matched, players 6851/6907 matched
2026-08-19 14:41:38,846 INFO ncaa_identity: contest_id=2148101 teams 1058/2119 matched, players 2918/5804 matched
2026-08-19 14:41:41,360 INFO ncaa_identity: contest_id=2148168 teams 2401/2401 matched, players 6591/6592 matched
2026-08-19 14:41:43,820 INFO ncaa_identity: contest_id=2148241 teams 2522/2522 matched, players 6772/6882 matched
2026-08-19 14:41:44,786 INFO ncaa_identity: contest_id=2148267 teams 3349/3349 matched, players 8833/9309 matched
2026-08-19 14:41:45,679 WARNING ncaa_parse: family=shots contest_id=2148324 team=Morehead St. SKIPPED (1 parse error(s)): No shot events found [<!DOCTYPE html> <html lang="en"> <head> <meta content="text/html; charset=utf-8" http-equiv="CONTENT-TYPE"/> <meta charset="utf-8"/> <meta...
2026-08-19 14:41:46,318 INFO ncaa_identity: contest_id=2148444 teams 1975/1975 matched, players 5211/5382 matched
2026-08-19 14:41:47,306 INFO ncaa_identity: contest_id=2148454 teams 2671/2671 matched, players 6947/7315 matched
2026-08-19 14:41:50,679 INFO ncaa_identity: contest_id=2148532 teams 2511/2511 matched, players 6516/6884 matched
2026-08-19 14:41:52,671 INFO ncaa_identity: contest_id=2148656 teams 2966/2966 matched, players 7764/8226 matched
2026-08-19 14:41:55,541 INFO ncaa_identity: contest_id=2148690 teams 2970/2970 matched, players 7837/8240 matched
2026-08-19 14:41:57,144 WARNING ncaa_parse: family=shots contest_id=2148718 team=South Carolina St. SKIPPED (1 parse error(s)): No shot events found [<!DOCTYPE html> <html lang="en"> <head> <meta content="text/html; charset=utf-8" http-equiv="CONTENT-TYPE"/> <meta charset="utf-8"/> <meta...
2026-08-19 14:41:57,169 INFO ncaa_identity: contest_id=2148718 teams 2238/2238 matched, players 5452/6273 matched
2026-08-19 14:41:58,938 INFO ncaa_identity: contest_id=2148760 teams 2475/2475 matched, players 6589/6794 matched
2026-08-19 14:42:00,440 INFO ncaa_identity: contest_id=2148917 teams 2621/2621 matched, players 6423/7216 matched
2026-08-19 14:42:02,042 WARNING ncaa_parse: family=shots contest_id=2149057 team=Grambling SKIPPED (1 parse error(s)): No shot events found [<!DOCTYPE html> <html lang="en"> <head> <meta content="text/html; charset=utf-8" http-equiv="CONTENT-TYPE"/> <meta charset="utf-8"/> <meta...
2026-08-19 14:42:02,992 INFO ncaa_identity: contest_id=2149072 teams 2649/2649 matched, players 6851/7296 matched
2026-08-19 14:42:07,280 INFO ncaa_identity: contest_id=2149162 teams 1302/2534 matched, players 3466/6884 matched
2026-08-19 14:42:10,923 INFO ncaa_identity: contest_id=2149277 teams 2573/2573 matched, players 6658/7018 matched
2026-08-19 14:42:11,854 INFO ncaa_identity: contest_id=2149290 teams 2333/2333 matched, players 5654/6408 matched
2026-08-19 14:42:15,363 INFO ncaa_identity: contest_id=2149505 teams 2410/2410 matched, players 6384/6621 matched
2026-08-19 14:42:20,586 INFO ncaa_identity: contest_id=2149643 teams 2178/2178 matched, players 5410/5906 matched
2026-08-19 14:42:30,573 INFO ncaa_identity: contest_id=2150085 teams 2420/2420 matched, players 6587/6661 matched
2026-08-19 14:42:36,652 INFO ncaa_identity: contest_id=2150250 teams 2937/2937 matched, players 8059/8082 matched
2026-08-19 14:42:38,264 INFO ncaa_identity: contest_id=2150314 teams 2246/2246 matched, players 6008/6094 matched
2026-08-19 14:42:40,890 INFO 5 starters not found for period 3; using estimate
2026-08-19 14:42:44,102 INFO ncaa_identity: contest_id=2150554 teams 2391/2391 matched, players 6537/6542 matched
2026-08-19 14:42:48,430 INFO ncaa_identity: contest_id=2150668 teams 2158/2158 matched, players 5864/5883 matched
2026-08-19 14:42:50,785 WARNING ncaa_parse: family=shots contest_id=2150770 team=UTEP SKIPPED (1 parse error(s)): No shot events found [<!DOCTYPE html> <html lang="en"> <head> <meta content="text/html; charset=utf-8" http-equiv="CONTENT-TYPE"/> <meta charset="utf-8"/> <meta...
2026-08-19 14:42:58,017 INFO ncaa_identity: contest_id=2151040 teams 2758/2758 matched, players 7110/7591 matched
2026-08-19 14:43:05,001 WARNING ncaa_parse: family=shots contest_id=2151273 team=South Carolina St. SKIPPED (1 parse error(s)): No shot events found [<!DOCTYPE html> <html lang="en"> <head> <meta content="text/html; charset=utf-8" http-equiv="CONTENT-TYPE"/> <meta charset="utf-8"/> <meta...
2026-08-19 14:43:05,029 INFO ncaa_identity: contest_id=2151273 teams 2741/2741 matched, players 6177/7766 matched
2026-08-19 14:43:11,289 WARNING ncaa_parse: family=shots contest_id=2151452 team=Hampton SKIPPED (1 parse error(s)): No shot events found [<!DOCTYPE html> <html lang="en"> <head> <meta content="text/html; charset=utf-8" http-equiv="CONTENT-TYPE"/> <meta charset="utf-8"/> <meta...
2026-08-19 14:43:11,316 INFO ncaa_identity: contest_id=2151452 teams 2467/2467 matched, players 5765/7003 matched
2026-08-19 14:43:13,061 INFO 5 starters not found for period 3; using estimate
2026-08-19 14:43:14,649 INFO ncaa_identity: contest_id=2151600 teams 2693/2693 matched, players 7008/7403 matched
2026-08-19 14:43:15,605 INFO ncaa_identity: contest_id=2151612 teams 2482/2482 matched, players 6267/6826 matched
2026-08-19 14:43:17,501 INFO ncaa_identity: contest_id=2151672 teams 2178/2178 matched, players 5747/5935 matched
2026-08-19 14:43:21,790 INFO ncaa_identity: contest_id=2151812 teams 2414/2414 matched, players 6307/6617 matched
2026-08-19 14:43:23,678 INFO ncaa_identity: contest_id=2151835 teams 2677/2677 matched, players 6798/7362 matched
2026-08-19 14:43:27,954 INFO ncaa_identity: contest_id=2152016 teams 2566/2566 matched, players 7000/7007 matched
2026-08-19 14:43:28,786 WARNING ncaa_parse: family=shots contest_id=2152140 team=Morehead St. SKIPPED (1 parse error(s)): No shot events found [<!DOCTYPE html> <html lang="en"> <head> <meta content="text/html; charset=utf-8" http-equiv="CONTENT-TYPE"/> <meta charset="utf-8"/> <meta...
2026-08-19 14:43:28,806 INFO ncaa_identity: contest_id=2152140 teams 2189/2189 matched, players 5719/6180 matched
2026-08-19 14:43:30,413 INFO ncaa_identity: contest_id=2152207 teams 2227/2227 matched, players 5638/6073 matched
2026-08-19 14:43:32,920 INFO ncaa_identity: contest_id=2152266 teams 2445/2445 matched, players 6721/6723 matched
2026-08-19 14:43:35,309 INFO ncaa_identity: contest_id=2152322 teams 2053/2053 matched, players 5336/5564 matched
2026-08-19 14:43:36,326 INFO ncaa_identity: contest_id=2152343 teams 2914/2914 matched, players 7263/8013 matched
2026-08-19 14:43:37,931 INFO ncaa_identity: contest_id=2152387 teams 2077/2077 matched, players 5113/5652 matched
2026-08-19 14:43:38,662 INFO ncaa_identity: contest_id=2152400 teams 2370/2370 matched, players 6363/6472 matched
2026-08-19 14:43:44,717 INFO ncaa_identity: contest_id=2152648 teams 0/2464 matched, players 0/6705 matched
2026-08-19 14:43:45,459 INFO ncaa_identity: contest_id=2152660 teams 1314/2456 matched, players 3519/6774 matched
2026-08-19 14:43:50,408 INFO ncaa_identity: contest_id=2152852 teams 2671/2671 matched, players 6741/7393 matched
2026-08-19 14:43:54,017 INFO ncaa_identity: contest_id=2152923 teams 2657/2657 matched, players 7306/7317 matched
2026-08-19 14:43:54,819 INFO ncaa_identity: contest_id=2152952 teams 2661/2661 matched, players 7096/7294 matched
2026-08-19 14:43:55,704 INFO ncaa_identity: contest_id=2153087 teams 2294/2294 matched, players 6033/6286 matched
2026-08-19 14:43:57,528 INFO ncaa_identity: contest_id=2153203 teams 2832/2832 matched, players 7165/7827 matched
2026-08-19 14:44:01,529 WARNING ncaa_parse: family=shots contest_id=2153314 team=Alcorn SKIPPED (1 parse error(s)): No shot events found [<!DOCTYPE html> <html lang="en"> <head> <meta content="text/html; charset=utf-8" http-equiv="CONTENT-TYPE"/> <meta charset="utf-8"/> <meta...
2026-08-19 14:44:01,552 INFO ncaa_identity: contest_id=2153314 teams 2020/2020 matched, players 5582/5670 matched
2026-08-19 14:44:04,767 WARNING ncaa_parse: family=lineups contest_id=2153398 team=NIU SKIPPED (1 parse error(s)): Could not find/match team names (target=[TeamId(NIU)]): NIU/Ball St.
2026-08-19 14:44:05,101 INFO ncaa_identity: contest_id=2153398 teams 2563/2631 matched, players 7209/7209 matched
2026-08-19 14:44:05,890 INFO ncaa_identity: contest_id=2153441 teams 2619/2619 matched, players 6890/7257 matched
2026-08-19 14:44:07,601 INFO ncaa_identity: contest_id=2153477 teams 2650/2650 matched, players 6826/7263 matched
2026-08-19 14:44:14,112 INFO ncaa_identity: contest_id=2153758 teams 2292/2292 matched, players 5862/6218 matched
2026-08-19 14:44:15,844 INFO ncaa_identity: contest_id=2153839 teams 2168/2168 matched, players 5827/5920 matched
2026-08-19 14:44:16,738 INFO ncaa_identity: contest_id=2153850 teams 1121/2229 matched, players 2481/6090 matched
2026-08-19 14:44:18,983 INFO ncaa_identity: contest_id=2153885 teams 2282/2282 matched, players 5923/6217 matched
2026-08-19 14:44:33,111 INFO ncaa_identity: contest_id=2154330 teams 2485/2485 matched, players 6192/6786 matched
2026-08-19 14:44:37,439 INFO ncaa_identity: contest_id=2154407 teams 2337/2337 matched, players 6324/6413 matched
2026-08-19 14:44:41,940 INFO ncaa_identity: contest_id=2154499 teams 2723/2723 matched, players 7197/7487 matched
2026-08-19 14:44:43,035 INFO ncaa_identity: contest_id=2154511 teams 2957/2957 matched, players 8073/8106 matched
2026-08-19 14:44:49,691 WARNING ncaa_parse: family=shots contest_id=2154656 team=Alabama A&M SKIPPED (1 parse error(s)): No shot events found [<!DOCTYPE html> <html lang="en"> <head> <meta content="text/html; charset=utf-8" http-equiv="CONTENT-TYPE"/> <meta charset="utf-8"/> <meta...
2026-08-19 14:44:55,050 INFO ncaa_identity: contest_id=2154717 teams 2582/2582 matched, players 5876/7067 matched
2026-08-19 14:44:55,877 INFO ncaa_identity: contest_id=2154776 teams 2224/2224 matched, players 6039/6104 matched
2026-08-19 14:44:56,923 WARNING ncaa_parse: family=shots contest_id=2154816 team=UMES SKIPPED (1 parse error(s)): No shot events found [<!DOCTYPE html> <html lang="en"> <head> <meta content="text/html; charset=utf-8" http-equiv="CONTENT-TYPE"/> <meta charset="utf-8"/> <meta...
2026-08-19 14:44:56,943 INFO ncaa_identity: contest_id=2154816 teams 2440/2440 matched, players 6374/6957 matched
2026-08-19 14:44:59,243 INFO ncaa_identity: contest_id=2154847 teams 2700/2700 matched, players 7169/7396 matched
2026-08-19 14:45:02,793 INFO ncaa_identity: contest_id=2154897 teams 2215/2215 matched, players 5801/6032 matched
2026-08-19 14:45:12,843 WARNING ncaa_parse: family=shots contest_id=2154998 team=Alabama A&M SKIPPED (1 parse error(s)): No shot events found [<!DOCTYPE html> <html lang="en"> <head> <meta content="text/html; charset=utf-8" http-equiv="CONTENT-TYPE"/> <meta charset="utf-8"/> <meta...
2026-08-19 14:45:13,945 INFO ncaa_identity: contest_id=2155009 teams 2458/2458 matched, players 6669/6743 matched
2026-08-19 14:45:15,825 INFO ncaa_identity: contest_id=2155029 teams 2504/2504 matched, players 6274/6895 matched
2026-08-19 14:45:18,972 INFO ncaa_identity: contest_id=2155059 teams 2727/2727 matched, players 7477/7494 matched
2026-08-19 14:45:19,781 INFO ncaa_identity: contest_id=2155069 teams 2279/2279 matched, players 5892/6249 matched
2026-08-19 14:45:20,802 WARNING ncaa_parse: family=shots contest_id=2155079 team=Alabama A&M SKIPPED (1 parse error(s)): No shot events found [<!DOCTYPE html> <html lang="en"> <head> <meta content="text/html; charset=utf-8" http-equiv="CONTENT-TYPE"/> <meta charset="utf-8"/> <meta...
2026-08-19 14:45:20,822 INFO ncaa_identity: contest_id=2155079 teams 2584/2584 matched, players 7031/7301 matched
2026-08-19 14:45:24,427 INFO ncaa_identity: contest_id=2155299 teams 1206/2315 matched, players 3219/6279 matched
2026-08-19 14:45:26,139 INFO ncaa_identity: contest_id=2156258 teams 1885/3704 matched, players 4992/10214 matched
2026-08-19 14:45:28,074 INFO ncaa_identity: contest_id=2157300 teams 1942/1942 matched, players 4836/5281 matched
2026-08-19 14:45:28,954 INFO ncaa_identity: contest_id=2157364 teams 2434/2434 matched, players 6382/6676 matched
2026-08-19 14:45:30,358 INFO ncaa_identity: contest_id=2158045 teams 1631/3146 matched, players 4443/8629 matched
2026-08-19 14:45:40,556 INFO ncaa_identity: contest_id=2161038 teams 1303/2544 matched, players 3479/6977 matched
2026-08-19 14:45:41,753 INFO ncaa_identity: contest_id=2161092 teams 2876/2876 matched, players 7394/7846 matched
2026-08-19 14:45:42,685 INFO ncaa_identity: contest_id=2163422 teams 2592/2592 matched, players 6727/7105 matched
2026-08-19 14:45:43,850 INFO ncaa_identity: contest_id=2163475 teams 1202/2313 matched, players 2758/6277 matched
2026-08-19 14:45:44,799 WARNING ncaa_parse: family=shots contest_id=2163636 team=San Francisco SKIPPED (1 parse error(s)): No shot events found [<!DOCTYPE html> <html lang="en"> <head> <meta content="text/html; charset=utf-8" http-equiv="CONTENT-TYPE"/> <meta charset="utf-8"/> <meta...
2026-08-19 14:45:48,903 INFO ncaa_identity: contest_id=2255749 teams 1546/2967 matched, players 4068/8150 matched
2026-08-19 14:45:50,008 INFO ncaa_identity: contest_id=2259759 teams 2900/2900 matched, players 7738/8084 matched
2026-08-19 14:45:50,920 INFO ncaa_identity: contest_id=2259782 teams 2564/2564 matched, players 6837/7062 matched
2026-08-19 14:45:58,137 INFO ncaa_identity: contest_id=2260190 teams 2491/2491 matched, players 6756/6869 matched
2026-08-19 14:46:01,734 WARNING ncaa_parse: family=shots contest_id=2260826 team=Morgan St. SKIPPED (1 parse error(s)): No shot events found [<!DOCTYPE html> <html lang="en"> <head> <meta content="text/html; charset=utf-8" http-equiv="CONTENT-TYPE"/> <meta charset="utf-8"/> <meta...
2026-08-19 14:46:01,753 INFO ncaa_identity: contest_id=2260826 teams 2462/2462 matched, players 6296/6949 matched
2026-08-19 14:46:05,810 INFO ncaa_identity: contest_id=2261156 teams 2613/2613 matched, players 6545/7192 matched
2026-08-19 14:46:13,322 WARNING ncaa_parse: family=shots contest_id=2261472 team=Princeton SKIPPED (1 parse error(s)): No shot events found [<!DOCTYPE html> <html lang="en"> <head> <meta content="text/html; charset=utf-8" http-equiv="CONTENT-TYPE"/> <meta charset="utf-8"/> <meta...
2026-08-19 14:46:15,935 INFO ncaa_identity: contest_id=2261554 teams 2488/2488 matched, players 6798/6799 matched
2026-08-19 14:46:21,536 INFO ncaa_identity: contest_id=2262789 teams 2590/2590 matched, players 7023/7138 matched
2026-08-19 14:46:23,445 INFO ncaa_identity: contest_id=2262831 teams 2336/2336 matched, players 5791/6359 matched
2026-08-19 14:46:28,112 WARNING ncaa_parse: family=shots contest_id=2263209 team=Boston U. SKIPPED (1 parse error(s)): No shot events found [<!DOCTYPE html> <html lang="en"> <head> <meta content="text/html; charset=utf-8" http-equiv="CONTENT-TYPE"/> <meta charset="utf-8"/> <meta...
2026-08-19 14:46:28,186 INFO ncaa_identity: contest_id=2263209 teams 2186/2186 matched, players 6135/6147 matched
2026-08-19 14:46:32,443 INFO ncaa_identity: contest_id=2335244 teams 1353/2701 matched, players 3121/7390 matched
2026-08-19 14:46:33,423 INFO ncaa_identity: contest_id=2335254 teams 2957/2957 matched, players 7780/8133 matched
2026-08-19 14:46:35,674 INFO ncaa_identity: contest_id=2335274 teams 3404/3404 matched, players 8973/9371 matched
2026-08-19 14:46:36,837 INFO ncaa_identity: contest_id=2335284 teams 1430/2812 matched, players 3249/7660 matched
2026-08-19 14:46:37,821 INFO ncaa_identity: contest_id=2335295 teams 1468/2854 matched, players 4000/7768 matched
2026-08-19 14:46:41,199 INFO ncaa_identity: contest_id=2335325 teams 1411/2813 matched, players 3011/7714 matched
2026-08-19 14:46:43,259 INFO ncaa_identity: contest_id=2335345 teams 1362/2602 matched, players 3655/7142 matched
2026-08-19 14:46:44,441 INFO ncaa_identity: contest_id=2335355 teams 2802/2802 matched, players 7199/7743 matched
2026-08-19 14:46:45,439 INFO ncaa_identity: contest_id=2335365 teams 1512/3000 matched, players 4193/8281 matched
2026-08-19 14:46:47,479 INFO ncaa_identity: contest_id=2335385 teams 1449/2832 matched, players 3428/7719 matched
2026-08-19 14:46:53,369 INFO ncaa_identity: contest_id=2335548 teams 1366/2729 matched, players 3683/7449 matched
2026-08-19 14:46:54,537 INFO ncaa_identity: contest_id=2335579 teams 2803/2803 matched, players 7428/7666 matched
2026-08-19 14:46:55,565 INFO ncaa_identity: contest_id=2335602 teams 1420/2715 matched, players 3797/7412 matched
2026-08-19 14:46:57,762 INFO ncaa_identity: contest_id=2335626 teams 1324/2603 matched, players 3573/7131 matched
2026-08-19 14:46:58,948 INFO ncaa_identity: contest_id=2335647 teams 2598/2598 matched, players 7064/7131 matched
2026-08-19 14:46:59,838 INFO ncaa_identity: contest_id=2335661 teams 2759/2759 matched, players 7267/7621 matched
2026-08-19 14:47:01,046 INFO ncaa_identity: contest_id=2335673 teams 1266/2454 matched, players 3332/6598 matched
2026-08-19 14:47:05,619 INFO ncaa_identity: contest_id=2335738 teams 2774/2774 matched, players 7578/7591 matched
2026-08-19 14:47:07,724 INFO ncaa_identity: contest_id=2335852 teams 2828/2828 matched, players 7458/7823 matched
2026-08-19 14:47:12,188 INFO ncaa_identity: contest_id=2335993 teams 1513/3029 matched, players 4166/8272 matched
2026-08-19 14:47:13,250 INFO ncaa_identity: contest_id=2336085 teams 2967/2967 matched, players 8154/8178 matched
2026-08-19 14:47:14,529 INFO ncaa_identity: contest_id=2336141 teams 1374/2760 matched, players 3757/7513 matched
2026-08-19 14:47:15,784 INFO ncaa_identity: contest_id=2336230 teams 1520/2920 matched, players 4023/8042 matched
2026-08-19 14:47:20,877 INFO ncaa_identity: contest_id=2336447 teams 2440/2440 matched, players 6613/6667 matched
2026-08-19 14:47:23,033 INFO ncaa_identity: contest_id=2336476 teams 2751/2751 matched, players 7081/7543 matched
2026-08-19 14:47:24,368 INFO ncaa_identity: contest_id=2336486 teams 3161/3161 matched, players 8406/8696 matched
2026-08-19 14:47:25,363 INFO ncaa_identity: contest_id=2336502 teams 1363/2684 matched, players 3660/7330 matched
2026-08-19 14:47:26,603 INFO ncaa_identity: contest_id=2336515 teams 2919/2919 matched, players 7776/8032 matched
2026-08-19 14:47:27,572 INFO ncaa_identity: contest_id=2336528 teams 1342/2704 matched, players 3481/7407 matched
2026-08-19 14:47:28,840 INFO ncaa_identity: contest_id=2336542 teams 1458/2898 matched, players 4032/7988 matched
2026-08-19 14:47:29,745 INFO ncaa_identity: contest_id=2336555 teams 2655/2655 matched, players 6932/7280 matched
2026-08-19 14:47:33,005 INFO ncaa_identity: contest_id=2336637 teams 1333/2727 matched, players 3248/7459 matched
2026-08-19 14:47:33,947 INFO ncaa_identity: contest_id=2336673 teams 1470/2817 matched, players 3888/7674 matched
2026-08-19 14:47:34,297 INFO 5 starters not found for period 3; using estimate
2026-08-19 14:47:36,352 INFO ncaa_identity: contest_id=2336721 teams 2711/2711 matched, players 7344/7460 matched
2026-08-19 14:47:38,425 INFO ncaa_identity: contest_id=2336787 teams 2364/2364 matched, players 6260/6456 matched
2026-08-19 14:47:40,755 INFO ncaa_identity: contest_id=2336896 teams 2824/2824 matched, players 7579/7724 matched
2026-08-19 14:47:42,874 INFO ncaa_identity: contest_id=2336945 teams 2487/2487 matched, players 6718/6787 matched
2026-08-19 14:47:44,839 INFO ncaa_identity: contest_id=2336997 teams 2751/2751 matched, players 6818/7512 matched
2026-08-19 14:47:45,780 INFO ncaa_identity: contest_id=2337009 teams 1289/2458 matched, players 3406/6678 matched
2026-08-19 14:47:47,155 INFO ncaa_identity: contest_id=2337036 teams 1576/3136 matched, players 4314/8659 matched
2026-08-19 14:47:48,059 INFO ncaa_identity: contest_id=2337057 teams 2567/2567 matched, players 6842/7049 matched
2026-08-19 14:47:50,406 INFO ncaa_identity: contest_id=2337130 teams 1216/2467 matched, players 3366/6697 matched
2026-08-19 14:47:51,770 INFO ncaa_identity: contest_id=2337151 teams 1486/2935 matched, players 4035/8042 matched
2026-08-19 14:47:52,871 INFO ncaa_identity: contest_id=2337191 teams 3139/3139 matched, players 8407/8662 matched
2026-08-19 14:47:56,025 INFO ncaa_identity: contest_id=2337334 teams 3143/3143 matched, players 8209/8667 matched
2026-08-19 14:47:57,085 INFO ncaa_identity: contest_id=2337426 teams 1310/2593 matched, players 3570/7073 matched
2026-08-19 14:47:58,204 INFO ncaa_identity: contest_id=2337487 teams 2499/2499 matched, players 6698/6859 matched
2026-08-19 14:48:00,101 INFO ncaa_identity: contest_id=2337572 teams 2497/2497 matched, players 6393/6890 matched
2026-08-19 14:48:04,555 INFO ncaa_identity: contest_id=2337689 teams 1557/3060 matched, players 3135/8361 matched
2026-08-19 14:48:06,751 INFO ncaa_identity: contest_id=2337720 teams 1324/2506 matched, players 3448/6819 matched
2026-08-19 14:48:07,701 INFO ncaa_identity: contest_id=2337742 teams 1449/2863 matched, players 3985/7874 matched
2026-08-19 14:48:08,755 WARNING ncaa_parse: family=shots contest_id=2337757 team=Saint Joseph's SKIPPED (1 parse error(s)): No shot events found [<!DOCTYPE html> <html lang="en"> <head> <meta content="text/html; charset=utf-8" http-equiv="CONTENT-TYPE"/> <meta charset="utf-8"/> <meta...
2026-08-19 14:48:08,780 INFO ncaa_identity: contest_id=2337757 teams 2608/2608 matched, players 6448/7341 matched
2026-08-19 14:48:09,724 INFO ncaa_identity: contest_id=2337772 teams 1328/2585 matched, players 3604/7095 matched
2026-08-19 14:48:11,640 INFO ncaa_identity: contest_id=2337895 teams 1393/2781 matched, players 3587/7649 matched
2026-08-19 14:48:13,590 INFO ncaa_identity: contest_id=2338079 teams 1319/2612 matched, players 3551/7160 matched
2026-08-19 14:48:19,499 INFO ncaa_identity: contest_id=2338221 teams 2395/2395 matched, players 6535/6547 matched
2026-08-19 14:48:21,662 INFO ncaa_identity: contest_id=2338245 teams 2863/2863 matched, players 7850/7891 matched
2026-08-19 14:48:22,859 INFO ncaa_identity: contest_id=2338281 teams 2741/2741 matched, players 7452/7531 matched
2026-08-19 14:48:23,861 INFO ncaa_identity: contest_id=2338295 teams 1298/2547 matched, players 3535/6994 matched
2026-08-19 14:48:25,085 INFO ncaa_identity: contest_id=2338317 teams 1213/2413 matched, players 3260/6536 matched
2026-08-19 14:48:32,778 INFO ncaa_identity: contest_id=2338607 teams 1254/2422 matched, players 3414/6663 matched
2026-08-19 14:48:33,758 INFO ncaa_identity: contest_id=2338626 teams 2856/2856 matched, players 7043/7820 matched
2026-08-19 14:48:42,388 INFO ncaa_identity: contest_id=2338895 teams 1272/2499 matched, players 3427/6816 matched
2026-08-19 14:48:44,336 INFO ncaa_identity: contest_id=2338954 teams 2554/2554 matched, players 7023/7024 matched
2026-08-19 14:48:47,261 INFO ncaa_identity: contest_id=2339003 teams 1337/2538 matched, players 3521/6911 matched
2026-08-19 14:48:50,694 INFO ncaa_identity: contest_id=2339086 teams 1328/2631 matched, players 3638/7214 matched
2026-08-19 14:48:51,805 INFO ncaa_identity: contest_id=2339105 teams 1272/2469 matched, players 3418/6724 matched
2026-08-19 14:48:54,776 INFO ncaa_identity: contest_id=2339207 teams 2107/2107 matched, players 5422/5798 matched
2026-08-19 14:48:56,752 INFO ncaa_identity: contest_id=2339297 teams 2579/2579 matched, players 6650/7060 matched
2026-08-19 14:49:00,619 WARNING ncaa_parse: family=shots contest_id=2339409 team=Hampton SKIPPED (1 parse error(s)): No shot events found [<!DOCTYPE html> <html lang="en"> <head> <meta content="text/html; charset=utf-8" http-equiv="CONTENT-TYPE"/> <meta charset="utf-8"/> <meta...
2026-08-19 14:49:00,643 INFO ncaa_identity: contest_id=2339409 teams 2436/2436 matched, players 5764/6848 matched
2026-08-19 14:49:01,614 INFO ncaa_identity: contest_id=2339422 teams 2843/2843 matched, players 7696/7854 matched
2026-08-19 14:49:02,736 INFO ncaa_identity: contest_id=2339443 teams 2476/2476 matched, players 5666/6812 matched
2026-08-19 14:49:03,622 INFO ncaa_identity: contest_id=2339481 teams 1298/2508 matched, players 3419/6803 matched
2026-08-19 14:49:04,791 INFO ncaa_identity: contest_id=2339504 teams 2564/2564 matched, players 6788/7042 matched
2026-08-19 14:49:05,689 INFO ncaa_identity: contest_id=2339632 teams 2555/2555 matched, players 6641/6981 matched
2026-08-19 14:49:06,848 INFO ncaa_identity: contest_id=2339708 teams 1323/2564 matched, players 3549/7009 matched
2026-08-19 14:49:09,961 INFO ncaa_identity: contest_id=2339801 teams 2509/2509 matched, players 6755/6846 matched
2026-08-19 14:49:14,123 INFO ncaa_identity: contest_id=2339870 teams 1218/2450 matched, players 3361/6750 matched
2026-08-19 14:49:15,091 INFO ncaa_identity: contest_id=2339907 teams 2428/2428 matched, players 6368/6624 matched
2026-08-19 14:49:20,294 INFO ncaa_identity: contest_id=2340006 teams 2612/2612 matched, players 6833/7181 matched
2026-08-19 14:49:21,179 INFO ncaa_identity: contest_id=2340036 teams 1313/2499 matched, players 3517/6863 matched
2026-08-19 14:49:22,322 WARNING ncaa_parse: family=shots contest_id=2340046 team=Hampton SKIPPED (1 parse error(s)): No shot events found [<!DOCTYPE html> <html lang="en"> <head> <meta content="text/html; charset=utf-8" http-equiv="CONTENT-TYPE"/> <meta charset="utf-8"/> <meta...
2026-08-19 14:49:22,343 INFO ncaa_identity: contest_id=2340046 teams 2150/2150 matched, players 5375/6032 matched
2026-08-19 14:49:23,291 INFO ncaa_identity: contest_id=2340069 teams 2468/2468 matched, players 6731/6796 matched
2026-08-19 14:49:36,807 INFO ncaa_identity: contest_id=2340449 teams 1433/2839 matched, players 3607/7837 matched
2026-08-19 14:49:38,990 INFO ncaa_identity: contest_id=2340612 teams 2978/2978 matched, players 7824/8202 matched
2026-08-19 14:49:40,023 INFO ncaa_identity: contest_id=2340637 teams 2744/2744 matched, players 7517/7572 matched
2026-08-19 14:49:43,201 INFO ncaa_identity: contest_id=2340687 teams 1227/2494 matched, players 3139/6882 matched
2026-08-19 14:49:44,035 INFO ncaa_identity: contest_id=2340710 teams 2500/2500 matched, players 6702/6821 matched
2026-08-19 14:49:45,253 INFO ncaa_identity: contest_id=2340745 teams 1214/2428 matched, players 3335/6618 matched
2026-08-19 14:49:46,302 INFO ncaa_identity: contest_id=2340755 teams 2879/2879 matched, players 7799/7899 matched
2026-08-19 14:49:48,215 INFO ncaa_identity: contest_id=2340808 teams 1138/2253 matched, players 3133/6195 matched
2026-08-19 14:50:01,909 INFO ncaa_identity: contest_id=2341118 teams 1322/2681 matched, players 2887/7350 matched
2026-08-19 14:50:07,049 INFO ncaa_identity: contest_id=2341299 teams 2803/2803 matched, players 7190/7721 matched
2026-08-19 14:50:09,275 INFO ncaa_identity: contest_id=2341345 teams 1480/2875 matched, players 3671/7874 matched
2026-08-19 14:50:15,465 INFO ncaa_identity: contest_id=2341546 teams 1238/2439 matched, players 3387/6633 matched
2026-08-19 14:50:16,607 INFO ncaa_identity: contest_id=2341569 teams 1416/2708 matched, players 3737/7456 matched
2026-08-19 14:50:17,593 INFO ncaa_identity: contest_id=2341594 teams 2531/2531 matched, players 6460/6936 matched
2026-08-19 14:50:19,566 INFO ncaa_identity: contest_id=2341656 teams 2649/2649 matched, players 7246/7247 matched
2026-08-19 14:50:21,620 INFO ncaa_identity: contest_id=2341685 teams 2520/2520 matched, players 6397/6914 matched
2026-08-19 14:50:22,642 INFO ncaa_identity: contest_id=2341695 teams 2361/2361 matched, players 6401/6477 matched
2026-08-19 14:50:29,175 INFO ncaa_identity: contest_id=2341779 teams 1323/2615 matched, players 3617/7155 matched
2026-08-19 14:50:30,369 INFO ncaa_identity: contest_id=2341791 teams 2624/2624 matched, players 7102/7233 matched
2026-08-19 14:50:31,153 INFO ncaa_identity: contest_id=2341803 teams 1134/2176 matched, players 3000/5933 matched
2026-08-19 14:50:34,396 INFO ncaa_identity: contest_id=2341841 teams 1284/2571 matched, players 3529/7010 matched
2026-08-19 14:50:36,444 INFO ncaa_identity: contest_id=2341876 teams 2787/2787 matched, players 7466/7648 matched
2026-08-19 14:50:39,765 INFO ncaa_identity: contest_id=2341929 teams 2574/2574 matched, players 6804/7065 matched
2026-08-19 14:50:43,509 WARNING ncaa_parse: family=shots contest_id=2341977 team=Texas Southern SKIPPED (1 parse error(s)): No shot events found [<!DOCTYPE html> <html lang="en"> <head> <meta content="text/html; charset=utf-8" http-equiv="CONTENT-TYPE"/> <meta charset="utf-8"/> <meta...
2026-08-19 14:50:43,526 INFO ncaa_identity: contest_id=2341977 teams 1197/2283 matched, players 2856/6411 matched
2026-08-19 14:50:44,840 INFO ncaa_identity: contest_id=2342014 teams 2819/2819 matched, players 7558/7695 matched
2026-08-19 14:50:48,836 INFO ncaa_identity: contest_id=2342114 teams 1198/2412 matched, players 3336/6624 matched
2026-08-19 14:50:51,762 INFO ncaa_identity: contest_id=2342292 teams 2820/2820 matched, players 7227/7784 matched
2026-08-19 14:50:52,751 INFO ncaa_identity: contest_id=2342335 teams 2583/2583 matched, players 6710/7030 matched
2026-08-19 14:50:55,864 INFO ncaa_identity: contest_id=2342366 teams 2445/2445 matched, players 6468/6702 matched
2026-08-19 14:51:02,548 INFO ncaa_identity: contest_id=2342524 teams 2362/2362 matched, players 5998/6487 matched
2026-08-19 14:51:10,070 INFO ncaa_identity: contest_id=2342729 teams 1442/2857 matched, players 3947/7809 matched
2026-08-19 14:51:14,890 INFO ncaa_identity: contest_id=2342924 teams 2332/2332 matched, players 6070/6442 matched
2026-08-19 14:51:21,421 INFO ncaa_identity: contest_id=2343035 teams 2580/2580 matched, players 6931/7070 matched
2026-08-19 14:51:23,615 INFO ncaa_identity: contest_id=2343084 teams 2332/2332 matched, players 5865/6358 matched
2026-08-19 14:51:26,594 INFO ncaa_identity: contest_id=2343217 teams 2081/2081 matched, players 5494/5679 matched
2026-08-19 14:51:28,657 INFO ncaa_identity: contest_id=2343238 teams 2617/2617 matched, players 6692/7181 matched
2026-08-19 14:51:30,574 INFO ncaa_identity: contest_id=2343260 teams 2408/2408 matched, players 6581/6584 matched
2026-08-19 14:51:31,662 INFO ncaa_identity: contest_id=2343274 teams 2581/2581 matched, players 6716/7041 matched
2026-08-19 14:51:32,672 INFO ncaa_identity: contest_id=2343304 teams 2531/2531 matched, players 6603/6965 matched
2026-08-19 14:51:33,783 INFO ncaa_identity: contest_id=2343328 teams 3030/3030 matched, players 8332/8380 matched
2026-08-19 14:51:35,854 INFO ncaa_identity: contest_id=2343504 teams 1332/2705 matched, players 3703/7444 matched
2026-08-19 14:51:37,960 INFO ncaa_identity: contest_id=2343622 teams 2872/2872 matched, players 7839/7865 matched
2026-08-19 14:51:42,389 INFO ncaa_identity: contest_id=2343699 teams 2555/2555 matched, players 6985/6993 matched
2026-08-19 14:51:47,385 INFO ncaa_identity: contest_id=2343841 teams 2390/2390 matched, players 6520/6569 matched
2026-08-19 14:51:50,486 INFO ncaa_identity: contest_id=2343932 teams 2693/2693 matched, players 7218/7386 matched
2026-08-19 14:51:57,139 INFO ncaa_identity: contest_id=2344118 teams 2550/2550 matched, players 6534/7006 matched
2026-08-19 14:52:03,006 INFO ncaa_identity: contest_id=2344300 teams 2320/2320 matched, players 6087/6339 matched
2026-08-19 14:52:04,931 INFO ncaa_identity: contest_id=2344326 teams 2545/2545 matched, players 6691/6970 matched
2026-08-19 14:52:12,969 INFO ncaa_identity: contest_id=2344701 teams 2530/2530 matched, players 6896/6899 matched
2026-08-19 14:52:14,103 INFO ncaa_identity: contest_id=2344717 teams 2619/2619 matched, players 6702/7176 matched
2026-08-19 14:52:18,035 INFO ncaa_identity: contest_id=2344791 teams 2611/2611 matched, players 7156/7188 matched
2026-08-19 14:52:19,751 INFO ncaa_identity: contest_id=2344842 teams 2372/2372 matched, players 6006/6506 matched
2026-08-19 14:52:22,498 INFO ncaa_identity: contest_id=2344918 teams 2822/2822 matched, players 7765/7767 matched
2026-08-19 14:52:26,363 INFO ncaa_identity: contest_id=2345141 teams 2369/2369 matched, players 6081/6493 matched
2026-08-19 14:52:30,229 INFO ncaa_identity: contest_id=2345187 teams 2955/2955 matched, players 7335/8146 matched
2026-08-19 14:52:32,885 INFO ncaa_identity: contest_id=2345266 teams 2608/2608 matched, players 6519/7159 matched
2026-08-19 14:52:48,079 INFO ncaa_identity: contest_id=2345815 teams 2487/2487 matched, players 6446/6827 matched
2026-08-19 14:52:50,666 INFO ncaa_identity: contest_id=2345861 teams 2459/2459 matched, players 6580/6733 matched
2026-08-19 14:52:51,710 INFO ncaa_identity: contest_id=2345897 teams 2657/2657 matched, players 6893/7306 matched
2026-08-19 14:52:54,610 INFO ncaa_identity: contest_id=2345978 teams 2518/2518 matched, players 6630/6953 matched
2026-08-19 14:52:57,264 INFO ncaa_identity: contest_id=2346084 teams 1498/2871 matched, players 4070/7898 matched
2026-08-19 14:53:02,070 INFO ncaa_identity: contest_id=2346230 teams 2694/2694 matched, players 7304/7406 matched
2026-08-19 14:53:10,005 INFO ncaa_identity: contest_id=2346458 teams 2694/2694 matched, players 6967/7420 matched
2026-08-19 14:53:13,693 INFO ncaa_identity: contest_id=2346557 teams 2404/2404 matched, players 6521/6552 matched
2026-08-19 14:53:16,413 INFO ncaa_identity: contest_id=2346797 teams 2810/2810 matched, players 7570/7747 matched
2026-08-19 14:53:23,005 INFO ncaa_identity: contest_id=2346935 teams 2573/2573 matched, players 6576/7072 matched
2026-08-19 14:53:24,080 INFO ncaa_identity: contest_id=2346969 teams 2338/2338 matched, players 6132/6404 matched
2026-08-19 14:53:28,752 INFO ncaa_identity: contest_id=2347016 teams 2385/2385 matched, players 6452/6527 matched
2026-08-19 14:53:33,421 INFO ncaa_identity: contest_id=2347089 teams 2378/2378 matched, players 6206/6501 matched
2026-08-19 14:53:34,526 INFO ncaa_identity: contest_id=2347120 teams 2116/2116 matched, players 5704/5779 matched
2026-08-19 14:53:37,017 WARNING ncaa_parse: family=shots contest_id=2347241 team=Hampton SKIPPED (1 parse error(s)): No shot events found [<!DOCTYPE html> <html lang="en"> <head> <meta content="text/html; charset=utf-8" http-equiv="CONTENT-TYPE"/> <meta charset="utf-8"/> <meta...
2026-08-19 14:53:37,041 INFO ncaa_identity: contest_id=2347241 teams 2267/2267 matched, players 5124/6397 matched
2026-08-19 14:53:41,732 INFO ncaa_identity: contest_id=2347351 teams 2747/2747 matched, players 7055/7579 matched
2026-08-19 14:53:43,768 INFO ncaa_identity: contest_id=2347449 teams 2640/2640 matched, players 6623/7256 matched
2026-08-19 14:53:44,744 INFO ncaa_identity: contest_id=2347460 teams 2673/2673 matched, players 6852/7337 matched
2026-08-19 14:53:53,359 INFO ncaa_identity: contest_id=2347844 teams 2380/2380 matched, players 6439/6518 matched
2026-08-19 14:54:06,271 INFO ncaa_identity: contest_id=2348170 teams 2345/2345 matched, players 6063/6417 matched
2026-08-19 14:54:11,385 INFO ncaa_identity: contest_id=2348334 teams 1259/2452 matched, players 3355/6694 matched
2026-08-19 14:54:12,481 INFO ncaa_identity: contest_id=2348392 teams 2608/2608 matched, players 7109/7153 matched
2026-08-19 14:54:22,330 INFO 5 starters not found for period 3; using estimate
2026-08-19 14:54:23,470 INFO 5 starters not found for period 3; using estimate
2026-08-19 14:54:27,624 INFO ncaa_identity: contest_id=2348948 teams 2365/2365 matched, players 6477/6482 matched
2026-08-19 14:54:33,377 INFO ncaa_identity: contest_id=2349106 teams 2247/2247 matched, players 5636/6156 matched
2026-08-19 14:54:34,152 INFO ncaa_identity: contest_id=2349118 teams 2449/2449 matched, players 6724/6725 matched
2026-08-19 14:54:45,004 INFO ncaa_identity: contest_id=2349504 teams 2521/2521 matched, players 6648/6910 matched
2026-08-19 14:54:45,773 INFO ncaa_identity: contest_id=2349514 teams 1241/2532 matched, players 3404/7000 matched
2026-08-19 14:54:46,734 INFO ncaa_identity: contest_id=2349524 teams 2508/2508 matched, players 6509/6881 matched
2026-08-19 14:54:50,668 INFO ncaa_identity: contest_id=2349622 teams 2527/2527 matched, players 6655/6926 matched
2026-08-19 14:54:55,276 INFO ncaa_identity: contest_id=2349895 teams 2815/2815 matched, players 7680/7709 matched
2026-08-19 14:54:56,147 INFO ncaa_identity: contest_id=2349913 teams 2639/2639 matched, players 7212/7216 matched
2026-08-19 14:55:01,227 INFO ncaa_identity: contest_id=2349994 teams 2574/2574 matched, players 6508/7056 matched
2026-08-19 14:55:02,149 INFO ncaa_identity: contest_id=2350009 teams 2522/2522 matched, players 6512/6931 matched
2026-08-19 14:55:11,980 INFO ncaa_identity: contest_id=2350186 teams 2595/2595 matched, players 6946/7165 matched
2026-08-19 14:55:18,714 INFO ncaa_identity: contest_id=2350320 teams 2394/2394 matched, players 6433/6623 matched
2026-08-19 14:55:20,480 WARNING ncaa_parse: family=shots contest_id=2350340 team=South Carolina St. SKIPPED (1 parse error(s)): No shot events found [<!DOCTYPE html> <html lang="en"> <head> <meta content="text/html; charset=utf-8" http-equiv="CONTENT-TYPE"/> <meta charset="utf-8"/> <meta...
2026-08-19 14:55:21,242 INFO ncaa_identity: contest_id=2350350 teams 2360/2360 matched, players 6375/6476 matched
2026-08-19 14:55:22,948 INFO ncaa_identity: contest_id=2350379 teams 2538/2538 matched, players 6550/6961 matched
2026-08-19 14:55:27,691 INFO ncaa_identity: contest_id=2350522 teams 2451/2451 matched, players 6654/6671 matched
2026-08-19 14:55:32,108 INFO ncaa_identity: contest_id=2350573 teams 2824/2824 matched, players 7461/7768 matched
2026-08-19 14:55:38,869 INFO ncaa_identity: contest_id=2350645 teams 2857/2857 matched, players 7453/7896 matched
2026-08-19 14:55:39,930 INFO ncaa_identity: contest_id=2350656 teams 2795/2795 matched, players 7717/7718 matched
2026-08-19 14:55:41,100 INFO 5 starters not found for period 3; using estimate
2026-08-19 14:55:43,787 INFO ncaa_identity: contest_id=2350697 teams 2422/2422 matched, players 6521/6657 matched
2026-08-19 14:55:45,740 INFO ncaa_identity: contest_id=2350717 teams 2517/2517 matched, players 6289/6918 matched
2026-08-19 14:55:47,537 INFO ncaa_identity: contest_id=2350738 teams 2340/2340 matched, players 5924/6392 matched
2026-08-19 14:55:50,257 INFO ncaa_identity: contest_id=2350945 teams 2664/2664 matched, players 7014/7281 matched
2026-08-19 14:55:51,204 INFO ncaa_identity: contest_id=2351018 teams 2496/2496 matched, players 6878/6882 matched
2026-08-19 14:55:52,036 INFO ncaa_identity: contest_id=2351367 teams 2775/2775 matched, players 7090/7652 matched
2026-08-19 14:55:57,869 INFO ncaa_identity: contest_id=2352824 teams 2231/2231 matched, players 6085/6105 matched
2026-08-19 14:55:58,603 WARNING ncaa_parse: family=shots contest_id=2353328 team=Grambling SKIPPED (1 parse error(s)): No shot events found [<!DOCTYPE html> <html lang="en"> <head> <meta content="text/html; charset=utf-8" http-equiv="CONTENT-TYPE"/> <meta charset="utf-8"/> <meta...
2026-08-19 14:55:58,624 INFO ncaa_identity: contest_id=2353328 teams 1273/2448 matched, players 3519/6845 matched
2026-08-19 14:56:03,165 INFO ncaa_identity: contest_id=2354198 teams 1446/2851 matched, players 3976/7821 matched
2026-08-19 14:56:05,077 INFO ncaa_identity: contest_id=2354723 teams 1515/2868 matched, players 3989/7825 matched
2026-08-19 14:56:05,847 INFO ncaa_identity: contest_id=2357625 teams 2473/2473 matched, players 6643/6772 matched
2026-08-19 14:56:06,981 INFO ncaa_identity: contest_id=2411980 teams 2905/2905 matched, players 7276/7976 matched
2026-08-19 14:56:12,215 INFO ncaa_identity: contest_id=2421206 teams 2643/2643 matched, players 6894/7237 matched
2026-08-19 14:56:13,023 INFO ncaa_identity: contest_id=2421258 teams 2512/2512 matched, players 6684/6850 matched
2026-08-19 14:56:16,413 INFO ncaa_identity: contest_id=2421710 teams 2296/2296 matched, players 6201/6227 matched
2026-08-19 14:56:21,620 INFO ncaa_identity: contest_id=2422504 teams 2092/2092 matched, players 5228/5692 matched
2026-08-19 14:56:28,041 INFO ncaa_identity: contest_id=2422718 teams 2424/2424 matched, players 6568/6584 matched
2026-08-19 14:56:33,423 INFO ncaa_identity: contest_id=2422892 teams 2656/2656 matched, players 6904/7277 matched
2026-08-19 14:56:40,200 WARNING ncaa_parse: family=shots contest_id=2424285 team=North Ala. SKIPPED (1 parse error(s)): No shot events found [<!DOCTYPE html> <html lang="en"> <head> <meta content="text/html; charset=utf-8" http-equiv="CONTENT-TYPE"/> <meta charset="utf-8"/> <meta...
2026-08-19 14:56:42,724 WARNING ncaa_parse: family=shots contest_id=2424500 team=Radford SKIPPED (1 parse error(s)): No shot events found [<!DOCTYPE html> <html lang="en"> <head> <meta content="text/html; charset=utf-8" http-equiv="CONTENT-TYPE"/> <meta charset="utf-8"/> <meta...
2026-08-19 14:56:42,743 INFO ncaa_identity: contest_id=2424500 teams 2158/2158 matched, players 6068/6079 matched
2026-08-19 14:56:54,088 INFO ncaa_identity: contest_id=3953869 teams 2777/2777 matched, players 7575/7576 matched
2026-08-19 14:57:00,936 INFO ncaa_identity: contest_id=3954116 teams 2665/2665 matched, players 7278/7303 matched
2026-08-19 14:57:02,059 INFO ncaa_identity: contest_id=3954211 teams 2761/2761 matched, players 7339/7516 matched
2026-08-19 14:57:06,698 INFO ncaa_identity: contest_id=3954498 teams 1117/2284 matched, players 3111/6232 matched
2026-08-19 14:57:11,514 INFO ncaa_identity: contest_id=3954939 teams 1315/2564 matched, players 3389/7012 matched
2026-08-19 14:57:14,328 INFO ncaa_identity: contest_id=3954969 teams 1638/3086 matched, players 4378/8505 matched
2026-08-19 14:57:15,342 INFO ncaa_identity: contest_id=3954979 teams 2365/2365 matched, players 6257/6487 matched
2026-08-19 14:57:16,287 INFO ncaa_identity: contest_id=3954989 teams 3031/3031 matched, players 7830/8400 matched
2026-08-19 14:57:17,303 INFO ncaa_identity: contest_id=3954999 teams 2230/2230 matched, players 5959/6126 matched
2026-08-19 14:57:18,177 INFO ncaa_identity: contest_id=3955009 teams 2674/2674 matched, players 6862/7348 matched
2026-08-19 14:57:20,082 INFO ncaa_identity: contest_id=3955029 teams 1297/2546 matched, players 3538/6960 matched
2026-08-19 14:57:21,272 INFO ncaa_identity: contest_id=3955040 teams 1519/3093 matched, players 4232/8479 matched
2026-08-19 14:57:22,172 INFO ncaa_identity: contest_id=3955050 teams 2934/2934 matched, players 7764/8032 matched
2026-08-19 14:57:26,477 INFO ncaa_identity: contest_id=3955090 teams 1221/2361 matched, players 3254/6381 matched
2026-08-19 14:57:27,611 INFO ncaa_identity: contest_id=3955104 teams 1462/2761 matched, players 3867/7568 matched
2026-08-19 14:57:29,748 INFO ncaa_identity: contest_id=3955148 teams 1492/2954 matched, players 4026/8064 matched
2026-08-19 14:57:31,078 INFO ncaa_identity: contest_id=3955194 teams 0/3344 matched, players 0/9304 matched
2026-08-19 14:57:31,958 INFO ncaa_identity: contest_id=3955250 teams 1399/2655 matched, players 3675/7301 matched
2026-08-19 14:57:35,157 INFO ncaa_identity: contest_id=3955289 teams 1341/2598 matched, players 3562/7104 matched
2026-08-19 14:57:37,109 INFO ncaa_identity: contest_id=3955312 teams 2669/2669 matched, players 6755/7323 matched
2026-08-19 14:57:37,919 INFO ncaa_identity: contest_id=3955323 teams 2456/2456 matched, players 6583/6725 matched
2026-08-19 14:57:38,977 INFO ncaa_identity: contest_id=3955365 teams 1206/2347 matched, players 3229/6386 matched
2026-08-19 14:57:39,919 INFO ncaa_identity: contest_id=3955453 teams 3035/3035 matched, players 7994/8381 matched
2026-08-19 14:57:40,955 INFO ncaa_identity: contest_id=3955486 teams 1185/2357 matched, players 3177/6416 matched
2026-08-19 14:57:41,853 INFO ncaa_identity: contest_id=3955514 teams 3145/3145 matched, players 8659/8668 matched
2026-08-19 14:57:42,757 INFO ncaa_identity: contest_id=3955578 teams 2245/2245 matched, players 5904/6167 matched
2026-08-19 14:57:45,546 INFO ncaa_identity: contest_id=3955767 teams 1458/2705 matched, players 3682/7403 matched
2026-08-19 14:57:46,675 INFO ncaa_identity: contest_id=3955810 teams 1476/2992 matched, players 4125/8197 matched
2026-08-19 14:57:49,461 INFO ncaa_identity: contest_id=3955975 teams 1368/2696 matched, players 3721/7426 matched
2026-08-19 14:57:52,793 INFO ncaa_identity: contest_id=3956060 teams 1378/2754 matched, players 3838/7502 matched
2026-08-19 14:57:54,150 INFO ncaa_identity: contest_id=3956076 teams 1223/2503 matched, players 3409/6766 matched
2026-08-19 14:57:55,186 WARNING ncaa_parse: family=shots contest_id=3956089 team=South Carolina St. SKIPPED (1 parse error(s)): No shot events found [<!DOCTYPE html> <html lang="en"> <head> <meta content="text/html; charset=utf-8" http-equiv="CONTENT-TYPE"/> <meta charset="utf-8"/> <meta...
2026-08-19 14:57:55,212 INFO ncaa_identity: contest_id=3956089 teams 2793/2793 matched, players 7095/7931 matched
2026-08-19 14:57:56,496 INFO ncaa_identity: contest_id=3956103 teams 1429/2739 matched, players 3753/7414 matched
2026-08-19 14:57:59,503 INFO ncaa_identity: contest_id=3956148 teams 1319/2591 matched, players 3529/7074 matched
2026-08-19 14:58:01,666 INFO ncaa_identity: contest_id=3956203 teams 1234/2515 matched, players 3463/6909 matched
2026-08-19 14:58:02,922 INFO ncaa_identity: contest_id=3956232 teams 1329/2667 matched, players 3629/7256 matched
2026-08-19 14:58:03,961 INFO ncaa_identity: contest_id=3956269 teams 2622/2622 matched, players 6838/7130 matched
2026-08-19 14:58:06,162 INFO ncaa_identity: contest_id=3956353 teams 0/2511 matched, players 0/6825 matched
2026-08-19 14:58:07,166 WARNING ncaa_parse: family=shots contest_id=3956432 team=UMES SKIPPED (1 parse error(s)): No shot events found [<!DOCTYPE html> <html lang="en"> <head> <meta content="text/html; charset=utf-8" http-equiv="CONTENT-TYPE"/> <meta charset="utf-8"/> <meta...
2026-08-19 14:58:07,189 INFO ncaa_identity: contest_id=3956432 teams 2840/2840 matched, players 7716/8028 matched
2026-08-19 14:58:08,049 INFO ncaa_identity: contest_id=3956448 teams 1431/2788 matched, players 3828/7600 matched
2026-08-19 14:58:09,918 INFO ncaa_identity: contest_id=3956505 teams 3009/3009 matched, players 8040/8295 matched
2026-08-19 14:58:13,107 INFO ncaa_identity: contest_id=3956560 teams 1419/2696 matched, players 3763/7386 matched
2026-08-19 14:58:13,873 INFO ncaa_identity: contest_id=3956585 teams 2437/2437 matched, players 6256/6664 matched
2026-08-19 14:58:18,339 INFO ncaa_identity: contest_id=3956761 teams 2070/2070 matched, players 5125/5645 matched
2026-08-19 14:58:19,916 INFO ncaa_identity: contest_id=3956969 teams 2123/2123 matched, players 5312/5793 matched
2026-08-19 14:58:22,985 INFO ncaa_identity: contest_id=3957129 teams 1280/2476 matched, players 3366/6737 matched
2026-08-19 14:58:24,834 WARNING ncaa_parse: family=shots contest_id=3957172 team=South Dakota St. SKIPPED (1 parse error(s)): No shot events found [<!DOCTYPE html> <html lang="en"> <head> <meta content="text/html; charset=utf-8" http-equiv="CONTENT-TYPE"/> <meta charset="utf-8"/> <meta...
2026-08-19 14:58:28,847 INFO ncaa_identity: contest_id=3957262 teams 1464/2912 matched, players 3964/7960 matched
2026-08-19 14:58:32,490 INFO ncaa_identity: contest_id=3957460 teams 2357/2357 matched, players 6334/6423 matched
2026-08-19 14:58:34,395 INFO ncaa_identity: contest_id=3957581 teams 1568/3127 matched, players 3951/8591 matched
2026-08-19 14:58:43,973 INFO ncaa_identity: contest_id=3957775 teams 2908/2908 matched, players 7171/8043 matched
2026-08-19 14:58:46,971 INFO ncaa_identity: contest_id=3957897 teams 3215/3215 matched, players 8338/8915 matched
2026-08-19 14:58:49,651 INFO ncaa_identity: contest_id=3958009 teams 1414/2771 matched, players 3585/7612 matched
2026-08-19 14:58:52,439 INFO ncaa_identity: contest_id=3958105 teams 1126/2235 matched, players 3089/6055 matched
2026-08-19 14:58:55,018 INFO ncaa_identity: contest_id=3958191 teams 2557/2557 matched, players 6752/6951 matched
2026-08-19 14:59:06,677 INFO ncaa_identity: contest_id=3958563 teams 2839/2839 matched, players 7731/7832 matched
2026-08-19 14:59:08,601 INFO ncaa_identity: contest_id=3958614 teams 2385/2385 matched, players 6268/6543 matched
2026-08-19 14:59:12,831 INFO ncaa_identity: contest_id=3958696 teams 1261/2504 matched, players 3461/6909 matched
2026-08-19 14:59:14,681 INFO ncaa_identity: contest_id=3958776 teams 2505/2505 matched, players 6407/6888 matched
2026-08-19 14:59:19,522 INFO ncaa_identity: contest_id=3959073 teams 2744/2744 matched, players 7013/7423 matched
2026-08-19 14:59:20,432 INFO ncaa_identity: contest_id=3959089 teams 2689/2689 matched, players 6793/7352 matched
2026-08-19 14:59:21,428 INFO ncaa_identity: contest_id=3959103 teams 1205/2302 matched, players 3162/6251 matched
2026-08-19 14:59:22,260 INFO ncaa_identity: contest_id=3959140 teams 1318/2568 matched, players 3505/7000 matched
2026-08-19 14:59:24,237 INFO ncaa_identity: contest_id=3959173 teams 2981/2981 matched, players 7953/8262 matched
2026-08-19 14:59:32,319 INFO ncaa_identity: contest_id=3959381 teams 2502/2502 matched, players 6562/6877 matched
2026-08-19 14:59:33,118 INFO ncaa_identity: contest_id=3959402 teams 1294/2486 matched, players 3407/6762 matched
2026-08-19 14:59:34,217 INFO ncaa_identity: contest_id=3959475 teams 1482/2911 matched, players 4037/7970 matched
2026-08-19 14:59:44,890 INFO ncaa_identity: contest_id=3959925 teams 1393/2673 matched, players 3776/7294 matched
2026-08-19 14:59:46,725 INFO ncaa_identity: contest_id=3959962 teams 2430/2430 matched, players 5351/6660 matched
2026-08-19 14:59:49,847 INFO ncaa_identity: contest_id=3960035 teams 2408/2408 matched, players 6264/6606 matched
2026-08-19 14:59:51,632 INFO ncaa_identity: contest_id=3960079 teams 1171/2325 matched, players 3246/6351 matched
2026-08-19 14:59:53,560 INFO ncaa_identity: contest_id=3960119 teams 1603/3091 matched, players 4348/8532 matched
2026-08-19 14:59:54,453 INFO ncaa_identity: contest_id=3960159 teams 2742/2742 matched, players 7201/7532 matched
2026-08-19 14:59:55,654 INFO ncaa_identity: contest_id=3960196 teams 2691/2691 matched, players 7107/7364 matched
2026-08-19 14:59:56,730 INFO ncaa_identity: contest_id=3960231 teams 1538/2991 matched, players 4138/8252 matched
2026-08-19 14:59:58,837 INFO ncaa_identity: contest_id=3960302 teams 2054/2054 matched, players 5316/5575 matched
2026-08-19 15:00:04,688 INFO ncaa_identity: contest_id=3960497 teams 1350/2695 matched, players 3756/7419 matched
2026-08-19 15:00:08,810 INFO ncaa_identity: contest_id=3960580 teams 3382/3382 matched, players 8625/9344 matched
2026-08-19 15:00:12,872 INFO ncaa_identity: contest_id=3960702 teams 1476/2843 matched, players 3733/7774 matched
2026-08-19 15:00:14,849 INFO ncaa_identity: contest_id=3960747 teams 2910/2910 matched, players 7026/7994 matched
2026-08-19 15:00:16,109 INFO ncaa_identity: contest_id=3960840 teams 1425/2759 matched, players 3897/7554 matched
2026-08-19 15:00:18,034 INFO ncaa_identity: contest_id=3960872 teams 2308/2308 matched, players 6066/6282 matched
2026-08-19 15:00:18,821 INFO ncaa_identity: contest_id=3960895 teams 2389/2389 matched, players 6010/6521 matched
2026-08-19 15:00:22,428 INFO ncaa_identity: contest_id=3960978 teams 2329/2329 matched, players 6186/6371 matched
2026-08-19 15:00:25,268 INFO ncaa_identity: contest_id=3961018 teams 1478/2851 matched, players 4007/7824 matched
2026-08-19 15:00:30,916 INFO ncaa_identity: contest_id=3961101 teams 1241/2428 matched, players 3335/6633 matched
2026-08-19 15:00:31,932 INFO ncaa_identity: contest_id=3961112 teams 2764/2764 matched, players 7189/7568 matched
2026-08-19 15:00:33,733 INFO ncaa_identity: contest_id=3961133 teams 1460/2699 matched, players 3792/7378 matched
2026-08-19 15:00:35,477 WARNING ncaa_parse: family=shots contest_id=3961173 team=Texas Southern SKIPPED (1 parse error(s)): No shot events found [<!DOCTYPE html> <html lang="en"> <head> <meta content="text/html; charset=utf-8" http-equiv="CONTENT-TYPE"/> <meta charset="utf-8"/> <meta...
2026-08-19 15:00:35,502 INFO ncaa_identity: contest_id=3961173 teams 1175/2358 matched, players 3320/6638 matched
2026-08-19 15:00:38,389 INFO ncaa_identity: contest_id=3961219 teams 1211/2400 matched, players 3243/6518 matched
2026-08-19 15:00:40,240 INFO ncaa_identity: contest_id=3961308 teams 1376/2774 matched, players 3574/7571 matched
2026-08-19 15:00:42,594 INFO ncaa_identity: contest_id=3961342 teams 1335/2557 matched, players 3498/6956 matched
2026-08-19 15:00:45,821 INFO ncaa_identity: contest_id=3961426 teams 1313/2596 matched, players 3546/7052 matched
2026-08-19 15:00:53,456 INFO ncaa_identity: contest_id=3961691 teams 1235/2408 matched, players 3312/6565 matched
2026-08-19 15:00:55,659 INFO ncaa_identity: contest_id=3961735 teams 2901/2901 matched, players 7910/7947 matched
2026-08-19 15:01:01,340 INFO ncaa_identity: contest_id=3961978 teams 2424/2424 matched, players 6605/6651 matched
2026-08-19 15:01:06,295 INFO ncaa_identity: contest_id=3962170 teams 2646/2646 matched, players 6379/7244 matched
2026-08-19 15:01:08,095 INFO ncaa_identity: contest_id=3962200 teams 2290/2290 matched, players 5700/6264 matched
2026-08-19 15:01:12,789 INFO ncaa_identity: contest_id=3962262 teams 2584/2584 matched, players 6672/7088 matched
2026-08-19 15:01:19,945 INFO ncaa_identity: contest_id=3962645 teams 2622/2622 matched, players 6960/7153 matched
2026-08-19 15:01:20,860 INFO ncaa_identity: contest_id=3962661 teams 2757/2757 matched, players 6977/7510 matched
2026-08-19 15:01:21,937 INFO ncaa_identity: contest_id=3962685 teams 2458/2458 matched, players 6681/6757 matched
2026-08-19 15:01:25,689 INFO ncaa_identity: contest_id=3962790 teams 2438/2438 matched, players 6481/6660 matched
2026-08-19 15:01:26,641 INFO ncaa_identity: contest_id=3962800 teams 3120/3120 matched, players 8023/8594 matched
2026-08-19 15:01:28,498 INFO ncaa_identity: contest_id=3962900 teams 2453/2453 matched, players 6185/6714 matched
2026-08-19 15:01:29,679 INFO ncaa_identity: contest_id=3962987 teams 3169/3169 matched, players 8235/8738 matched
2026-08-19 15:01:36,005 INFO ncaa_identity: contest_id=3963211 teams 2320/2320 matched, players 5977/6343 matched
2026-08-19 15:01:36,086 INFO 5 starters not found for period 3; using estimate
2026-08-19 15:01:36,859 INFO ncaa_identity: contest_id=3963222 teams 2609/2609 matched, players 6825/6901 matched
2026-08-19 15:01:38,637 INFO ncaa_identity: contest_id=3963243 teams 2620/2620 matched, players 6638/7170 matched
2026-08-19 15:01:39,619 INFO ncaa_identity: contest_id=3963255 teams 2292/2292 matched, players 6266/6293 matched
2026-08-19 15:01:40,446 INFO ncaa_identity: contest_id=3963289 teams 2668/2668 matched, players 7283/7349 matched
2026-08-19 15:01:42,393 INFO ncaa_identity: contest_id=3963350 teams 2831/2831 matched, players 7286/7805 matched
2026-08-19 15:01:46,993 INFO ncaa_identity: contest_id=3963639 teams 2547/2547 matched, players 6818/7002 matched
2026-08-19 15:01:48,962 INFO ncaa_identity: contest_id=3963678 teams 1392/2788 matched, players 3840/7663 matched
2026-08-19 15:01:50,749 INFO ncaa_identity: contest_id=3963721 teams 2213/2213 matched, players 6036/6041 matched
2026-08-19 15:01:53,441 INFO ncaa_identity: contest_id=3963799 teams 2545/2545 matched, players 6951/6959 matched
2026-08-19 15:01:56,176 INFO ncaa_identity: contest_id=3963885 teams 2343/2343 matched, players 6298/6335 matched
2026-08-19 15:02:06,573 INFO ncaa_identity: contest_id=3964236 teams 2394/2394 matched, players 6191/6546 matched
2026-08-19 15:02:08,615 INFO ncaa_identity: contest_id=3964257 teams 2685/2685 matched, players 6576/7353 matched
[p1_s_e_e] [WARNING] [TeamId(name='Lafayette')]v[TeamId(name='Bucknell')] Flip court for periods: [[2, 3]] because [total_shots={1: 58, 2: 55, 3: 13} long_shots={2: 55, 3: 13}]
2026-08-19 15:02:12,536 INFO ncaa_identity: contest_id=3964450 teams 3142/3142 matched, players 8003/8661 matched
2026-08-19 15:02:14,326 WARNING ncaa_parse: family=shots contest_id=3964585 team=South Carolina St. SKIPPED (1 parse error(s)): No shot events found [<!DOCTYPE html> <html lang="en"> <head> <meta content="text/html; charset=utf-8" http-equiv="CONTENT-TYPE"/> <meta charset="utf-8"/> <meta...
2026-08-19 15:02:14,344 INFO ncaa_identity: contest_id=3964585 teams 2426/2426 matched, players 6744/6847 matched
2026-08-19 15:02:16,208 INFO ncaa_identity: contest_id=3964649 teams 2612/2612 matched, players 7137/7138 matched
2026-08-19 15:02:17,040 INFO ncaa_identity: contest_id=3964665 teams 2382/2382 matched, players 6465/6545 matched
2026-08-19 15:02:18,868 INFO ncaa_identity: contest_id=3964700 teams 2662/2662 matched, players 7015/7308 matched
2026-08-19 15:02:20,726 INFO ncaa_identity: contest_id=3964731 teams 2273/2273 matched, players 5749/6190 matched
2026-08-19 15:02:25,733 INFO ncaa_identity: contest_id=3964890 teams 2346/2346 matched, players 6144/6145 matched
2026-08-19 15:02:31,545 INFO ncaa_identity: contest_id=3965070 teams 2722/2722 matched, players 6920/7484 matched
2026-08-19 15:02:32,279 INFO ncaa_identity: contest_id=3965143 teams 2091/2091 matched, players 5526/5729 matched
2026-08-19 15:02:33,340 INFO ncaa_identity: contest_id=3965212 teams 2808/2808 matched, players 7719/7720 matched
2026-08-19 15:02:40,637 INFO ncaa_identity: contest_id=3965343 teams 2880/2880 matched, players 7792/7913 matched
2026-08-19 15:02:42,543 INFO ncaa_identity: contest_id=3965532 teams 2798/2798 matched, players 7220/7683 matched
2026-08-19 15:02:48,400 INFO ncaa_identity: contest_id=3965710 teams 3011/3011 matched, players 8030/8295 matched
2026-08-19 15:02:55,581 INFO ncaa_identity: contest_id=3965901 teams 2458/2458 matched, players 6668/6724 matched
2026-08-19 15:02:58,542 INFO ncaa_identity: contest_id=3966052 teams 1168/2370 matched, players 3270/6478 matched
2026-08-19 15:03:02,252 INFO ncaa_identity: contest_id=3966163 teams 2290/2290 matched, players 5844/6249 matched
2026-08-19 15:03:08,694 INFO ncaa_identity: contest_id=3966290 teams 2415/2415 matched, players 6482/6637 matched
2026-08-19 15:03:09,749 INFO ncaa_identity: contest_id=3966345 teams 2449/2449 matched, players 6468/6706 matched
2026-08-19 15:03:14,518 INFO ncaa_identity: contest_id=3966647 teams 2888/2888 matched, players 7320/7974 matched
2026-08-19 15:03:15,715 INFO ncaa_identity: contest_id=3966669 teams 2761/2761 matched, players 7529/7569 matched
2026-08-19 15:03:17,560 INFO ncaa_identity: contest_id=3966703 teams 2974/2974 matched, players 8104/8181 matched
2026-08-19 15:03:19,423 WARNING ncaa_parse: family=shots contest_id=3966746 team=South Carolina St. SKIPPED (1 parse error(s)): No shot events found [<!DOCTYPE html> <html lang="en"> <head> <meta content="text/html; charset=utf-8" http-equiv="CONTENT-TYPE"/> <meta charset="utf-8"/> <meta...
2026-08-19 15:03:19,451 INFO ncaa_identity: contest_id=3966746 teams 2353/2353 matched, players 6446/6633 matched
2026-08-19 15:03:20,268 INFO ncaa_identity: contest_id=3966758 teams 2488/2488 matched, players 6300/6800 matched
2026-08-19 15:03:21,377 INFO ncaa_identity: contest_id=3966780 teams 2535/2535 matched, players 6678/6968 matched
2026-08-19 15:03:22,340 INFO ncaa_identity: contest_id=3966817 teams 2519/2519 matched, players 6697/6925 matched
2026-08-19 15:03:23,620 INFO ncaa_identity: contest_id=3966833 teams 2632/2632 matched, players 7073/7216 matched
2026-08-19 15:03:26,418 INFO ncaa_identity: contest_id=3966926 teams 2559/2559 matched, players 6671/7024 matched
2026-08-19 15:03:28,304 INFO ncaa_identity: contest_id=3967053 teams 2614/2614 matched, players 6659/7201 matched
2026-08-19 15:03:32,996 INFO ncaa_identity: contest_id=3967167 teams 2246/2246 matched, players 5908/6178 matched
2026-08-19 15:03:36,926 INFO ncaa_identity: contest_id=3967279 teams 3163/3163 matched, players 8759/8760 matched
2026-08-19 15:03:48,481 INFO ncaa_identity: contest_id=3967728 teams 3072/3072 matched, players 7593/8476 matched
2026-08-19 15:04:01,131 INFO ncaa_identity: contest_id=3968150 teams 2378/2378 matched, players 5992/6509 matched
2026-08-19 15:04:03,965 INFO ncaa_identity: contest_id=3968226 teams 2556/2556 matched, players 6418/7037 matched
2026-08-19 15:04:04,853 INFO ncaa_identity: contest_id=3968238 teams 2748/2748 matched, players 6961/7524 matched
2026-08-19 15:04:07,840 INFO ncaa_identity: contest_id=3968281 teams 0/3051 matched, players 0/8383 matched
2026-08-19 15:04:10,530 INFO ncaa_identity: contest_id=3968454 teams 1106/2190 matched, players 2638/5988 matched
2026-08-19 15:04:14,828 INFO ncaa_identity: contest_id=3968626 teams 2156/2156 matched, players 5723/5915 matched
2026-08-19 15:04:15,772 INFO ncaa_identity: contest_id=3968643 teams 2461/2461 matched, players 5787/6745 matched
2026-08-19 15:04:20,183 INFO ncaa_identity: contest_id=3968714 teams 2384/2384 matched, players 6260/6538 matched
2026-08-19 15:04:29,324 INFO ncaa_identity: contest_id=3968922 teams 2305/2305 matched, players 5824/6296 matched
2026-08-19 15:04:30,125 INFO ncaa_identity: contest_id=3968936 teams 2337/2337 matched, players 5890/6393 matched
2026-08-19 15:04:31,058 INFO ncaa_identity: contest_id=3968956 teams 2193/2193 matched, players 5596/5975 matched
2026-08-19 15:04:34,558 INFO ncaa_identity: contest_id=3968997 teams 1995/1995 matched, players 5368/5454 matched
2026-08-19 15:04:38,428 INFO ncaa_identity: contest_id=3969071 teams 2280/2280 matched, players 6220/6223 matched
2026-08-19 15:04:40,564 WARNING ncaa_parse: family=shots contest_id=3969160 team=South Carolina St. SKIPPED (1 parse error(s)): No shot events found [<!DOCTYPE html> <html lang="en"> <head> <meta content="text/html; charset=utf-8" http-equiv="CONTENT-TYPE"/> <meta charset="utf-8"/> <meta...
2026-08-19 15:04:40,586 INFO ncaa_identity: contest_id=3969160 teams 2353/2353 matched, players 6290/6612 matched
2026-08-19 15:04:41,544 INFO ncaa_identity: contest_id=3969190 teams 2378/2378 matched, players 6449/6524 matched
2026-08-19 15:04:48,160 INFO ncaa_identity: contest_id=3969284 teams 2400/2400 matched, players 6318/6581 matched
2026-08-19 15:04:49,263 INFO ncaa_identity: contest_id=3969301 teams 2674/2674 matched, players 7030/7360 matched
2026-08-19 15:04:50,868 INFO ncaa_identity: contest_id=3969321 teams 2577/2577 matched, players 6991/7054 matched
2026-08-19 15:04:53,900 INFO ncaa_identity: contest_id=3969375 teams 2542/2542 matched, players 6408/6949 matched
2026-08-19 15:04:54,766 INFO ncaa_identity: contest_id=3969410 teams 2764/2764 matched, players 7121/7599 matched
2026-08-19 15:04:59,422 INFO ncaa_identity: contest_id=3969510 teams 2056/2056 matched, players 5195/5614 matched
2026-08-19 15:05:00,207 INFO ncaa_identity: contest_id=3969524 teams 2380/2380 matched, players 5684/6511 matched
2026-08-19 15:05:03,040 INFO ncaa_identity: contest_id=3969558 teams 2382/2382 matched, players 6341/6561 matched
2026-08-19 15:05:06,644 INFO 5 starters not found for period 3; using estimate
2026-08-19 15:05:23,934 INFO ncaa_identity: contest_id=3969875 teams 2397/2397 matched, players 6028/6527 matched
2026-08-19 15:05:28,860 INFO ncaa_identity: contest_id=3969925 teams 2537/2537 matched, players 6603/6958 matched
2026-08-19 15:05:29,634 INFO ncaa_identity: contest_id=3969935 teams 2370/2370 matched, players 5932/6488 matched
2026-08-19 15:05:30,555 INFO ncaa_identity: contest_id=3969945 teams 2160/2160 matched, players 5371/5889 matched
2026-08-19 15:05:39,718 INFO ncaa_identity: contest_id=3984815 teams 1409/2778 matched, players 3863/7638 matched
2026-08-19 15:05:43,879 INFO ncaa_identity: contest_id=3996280 teams 1410/2756 matched, players 3768/7520 matched
2026-08-19 15:05:49,318 INFO ncaa_identity: contest_id=3996709 teams 2462/2462 matched, players 6339/6764 matched
2026-08-19 15:05:53,130 WARNING ncaa_parse: family=shots contest_id=4469232 team=George Mason SKIPPED (1 parse error(s)): No shot events found [<!DOCTYPE html> <html lang="en"> <head> <meta content="text/html; charset=utf-8" http-equiv="CONTENT-TYPE"/> <meta charset="utf-8"/> <meta...
2026-08-19 15:05:58,567 INFO ncaa_identity: contest_id=4470478 teams 1447/2867 matched, players 4036/7954 matched
2026-08-19 15:05:59,499 INFO ncaa_identity: contest_id=4471227 teams 2796/2796 matched, players 7305/7681 matched
2026-08-19 15:06:00,648 INFO ncaa_identity: contest_id=4489375 teams 1231/2419 matched, players 3326/6633 matched
2026-08-19 15:06:07,277 INFO ncaa_identity: contest_id=5250812 teams 2434/2434 matched, players 6323/6669 matched
2026-08-19 15:06:14,040 INFO ncaa_identity: contest_id=5251295 teams 2435/2435 matched, players 6325/6667 matched
2026-08-19 15:06:14,888 INFO ncaa_identity: contest_id=5251719 teams 2439/2439 matched, players 6428/6645 matched
2026-08-19 15:06:21,028 INFO ncaa_identity: contest_id=5252306 teams 2666/2666 matched, players 7119/7310 matched
2026-08-19 15:06:25,266 INFO ncaa_identity: contest_id=5252409 teams 2814/2814 matched, players 7639/7758 matched
2026-08-19 15:06:28,300 INFO ncaa_identity: contest_id=5252550 teams 2222/2222 matched, players 5715/6064 matched
2026-08-19 15:06:32,377 INFO ncaa_identity: contest_id=5252673 teams 2412/2412 matched, players 6301/6596 matched
2026-08-19 15:06:34,558 INFO ncaa_identity: contest_id=5253549 teams 2445/2445 matched, players 5791/6688 matched
2026-08-19 15:06:49,283 INFO ncaa_identity: contest_id=5722299 teams 2596/2596 matched, players 6573/7028 matched
2026-08-19 15:06:51,445 INFO ncaa_identity: contest_id=5722327 teams 2563/2563 matched, players 6946/7039 matched
2026-08-19 15:06:55,003 INFO ncaa_identity: contest_id=5722402 teams 2958/2958 matched, players 7922/8159 matched
2026-08-19 15:06:57,405 INFO ncaa_identity: contest_id=5722540 teams 1519/2960 matched, players 4124/8144 matched
2026-08-19 15:07:00,559 INFO ncaa_identity: contest_id=5722621 teams 2383/2383 matched, players 6013/6521 matched
2026-08-19 15:07:01,673 INFO ncaa_identity: contest_id=5722707 teams 2733/2733 matched, players 7199/7534 matched
2026-08-19 15:07:03,923 INFO ncaa_identity: contest_id=5722733 teams 2659/2659 matched, players 6887/7307 matched
2026-08-19 15:07:06,069 INFO ncaa_identity: contest_id=5722769 teams 2626/2626 matched, players 7153/7171 matched
2026-08-19 15:07:06,895 INFO ncaa_identity: contest_id=5722787 teams 2494/2494 matched, players 6073/6825 matched
2026-08-19 15:07:10,125 INFO ncaa_identity: contest_id=5722842 teams 3109/3109 matched, players 7470/8564 matched
2026-08-19 15:07:12,291 INFO ncaa_identity: contest_id=5722877 teams 2246/2246 matched, players 5970/6104 matched
2026-08-19 15:07:15,147 INFO ncaa_identity: contest_id=5722944 teams 2362/2362 matched, players 6423/6486 matched
2026-08-19 15:07:17,188 INFO ncaa_identity: contest_id=5722998 teams 2662/2662 matched, players 7300/7345 matched
2026-08-19 15:07:18,242 INFO ncaa_identity: contest_id=5723020 teams 2481/2481 matched, players 6710/6792 matched
2026-08-19 15:07:19,100 INFO ncaa_identity: contest_id=5723042 teams 2694/2694 matched, players 7397/7406 matched
2026-08-19 15:07:30,626 INFO ncaa_identity: contest_id=5723300 teams 2572/2572 matched, players 6619/7035 matched
2026-08-19 15:07:39,611 INFO ncaa_identity: contest_id=5723557 teams 2305/2305 matched, players 6264/6297 matched
2026-08-19 15:07:42,357 INFO ncaa_identity: contest_id=5723592 teams 2546/2546 matched, players 6813/7001 matched
2026-08-19 15:07:43,451 INFO ncaa_identity: contest_id=5723620 teams 2648/2648 matched, players 6253/7237 matched
2026-08-19 15:07:44,317 INFO ncaa_identity: contest_id=5723637 teams 2778/2778 matched, players 7173/7664 matched
2026-08-19 15:07:45,478 INFO ncaa_identity: contest_id=5723655 teams 2566/2566 matched, players 6179/6990 matched
2026-08-19 15:07:50,534 INFO ncaa_identity: contest_id=5723823 teams 2805/2805 matched, players 6968/7650 matched
2026-08-19 15:07:52,475 INFO ncaa_identity: contest_id=5723859 teams 2796/2796 matched, players 7688/7693 matched
2026-08-19 15:08:02,049 INFO ncaa_identity: contest_id=5724052 teams 3011/3011 matched, players 6543/8272 matched
2026-08-19 15:08:02,898 INFO ncaa_identity: contest_id=5724066 teams 2599/2599 matched, players 6074/7125 matched
2026-08-19 15:08:03,709 INFO ncaa_identity: contest_id=5725821 teams 2163/2163 matched, players 4808/5889 matched
2026-08-19 15:08:04,697 INFO ncaa_identity: contest_id=5725835 teams 2129/2129 matched, players 4441/5843 matched
2026-08-19 15:08:15,805 INFO ncaa_identity: contest_id=5726064 teams 2592/2592 matched, players 7031/7106 matched
2026-08-19 15:08:16,879 INFO ncaa_identity: contest_id=5728234 teams 2606/2606 matched, players 6633/7150 matched
2026-08-19 15:08:17,846 INFO ncaa_identity: contest_id=5728252 teams 3077/3077 matched, players 7965/8508 matched
2026-08-19 15:08:26,788 INFO ncaa_identity: contest_id=5728373 teams 2032/2032 matched, players 5472/5523 matched
2026-08-19 15:08:37,746 INFO ncaa_identity: contest_id=5728584 teams 2650/2650 matched, players 6721/7272 matched
2026-08-19 15:08:40,440 INFO ncaa_identity: contest_id=5728628 teams 2420/2420 matched, players 6210/6644 matched
2026-08-19 15:08:42,390 INFO ncaa_identity: contest_id=5728656 teams 2602/2602 matched, players 6745/7175 matched
2026-08-19 15:08:51,807 INFO ncaa_identity: contest_id=5728847 teams 2453/2453 matched, players 6302/6673 matched
2026-08-19 15:08:54,569 INFO ncaa_identity: contest_id=5729057 teams 2293/2293 matched, players 5926/6264 matched
2026-08-19 15:08:57,933 INFO ncaa_identity: contest_id=5729196 teams 3086/3086 matched, players 8435/8521 matched
2026-08-19 15:09:06,281 INFO ncaa_identity: contest_id=5729366 teams 2631/2631 matched, players 6693/7192 matched
2026-08-19 15:09:14,925 INFO ncaa_identity: contest_id=5729549 teams 1311/2610 matched, players 3635/7187 matched
2026-08-19 15:09:29,258 INFO ncaa_identity: contest_id=5729809 teams 1232/2476 matched, players 3363/6819 matched
2026-08-19 15:09:33,193 INFO ncaa_identity: contest_id=5729891 teams 2365/2365 matched, players 6430/6466 matched
2026-08-19 15:09:34,210 INFO ncaa_identity: contest_id=5729905 teams 2267/2267 matched, players 5835/6221 matched
2026-08-19 15:09:36,397 INFO ncaa_identity: contest_id=5729926 teams 1336/2623 matched, players 3605/7152 matched
2026-08-19 15:09:43,735 INFO ncaa_identity: contest_id=5730022 teams 1466/2894 matched, players 3997/7944 matched
2026-08-19 15:10:03,588 INFO ncaa_identity: contest_id=5730394 teams 2550/2550 matched, players 6993/6994 matched
2026-08-19 15:10:07,576 INFO ncaa_identity: contest_id=5730522 teams 2688/2688 matched, players 7009/7380 matched
2026-08-19 15:10:16,760 INFO ncaa_identity: contest_id=5730694 teams 2428/2428 matched, players 6621/6649 matched
2026-08-19 15:10:17,965 INFO ncaa_identity: contest_id=5730709 teams 2754/2754 matched, players 7281/7572 matched
2026-08-19 15:10:20,042 INFO ncaa_identity: contest_id=5730783 teams 2696/2696 matched, players 6960/7436 matched
2026-08-19 15:10:22,832 INFO ncaa_identity: contest_id=5730863 teams 2425/2425 matched, players 6614/6618 matched
2026-08-19 15:10:24,152 INFO ncaa_identity: contest_id=5730873 teams 1326/2625 matched, players 3653/7193 matched
2026-08-19 15:10:26,083 INFO ncaa_identity: contest_id=5730897 teams 2524/2524 matched, players 6797/6906 matched
2026-08-19 15:10:29,085 INFO ncaa_identity: contest_id=5730930 teams 2713/2713 matched, players 6939/7498 matched
2026-08-19 15:10:31,181 INFO ncaa_identity: contest_id=5730952 teams 1367/2650 matched, players 3407/7211 matched
2026-08-19 15:10:34,415 INFO ncaa_identity: contest_id=5731015 teams 3023/3023 matched, players 8329/8333 matched
2026-08-19 15:10:35,363 INFO ncaa_identity: contest_id=5731025 teams 2665/2665 matched, players 7319/7328 matched
2026-08-19 15:10:36,572 INFO ncaa_identity: contest_id=5731042 teams 2729/2729 matched, players 7508/7510 matched
2026-08-19 15:10:42,974 INFO ncaa_identity: contest_id=5731185 teams 2472/2472 matched, players 6493/6784 matched
2026-08-19 15:10:56,039 INFO ncaa_identity: contest_id=5731430 teams 2517/2517 matched, players 6738/6924 matched
2026-08-19 15:10:57,145 INFO ncaa_identity: contest_id=5731440 teams 2478/2478 matched, players 6535/6804 matched
2026-08-19 15:10:58,136 INFO ncaa_identity: contest_id=5731544 teams 1371/2752 matched, players 3783/7549 matched
2026-08-19 15:11:01,076 INFO ncaa_identity: contest_id=5731615 teams 2632/2632 matched, players 7191/7207 matched
2026-08-19 15:11:02,042 INFO ncaa_identity: contest_id=5731632 teams 1323/2561 matched, players 3520/6990 matched
2026-08-19 15:11:11,306 INFO ncaa_identity: contest_id=5731898 teams 3195/3195 matched, players 8255/8827 matched
2026-08-19 15:11:16,502 INFO ncaa_identity: contest_id=5732020 teams 1484/2995 matched, players 4142/8222 matched
2026-08-19 15:11:17,454 INFO ncaa_identity: contest_id=5732030 teams 2882/2882 matched, players 7774/7890 matched
2026-08-19 15:11:18,532 INFO ncaa_identity: contest_id=5732041 teams 1258/2457 matched, players 3426/6695 matched
2026-08-19 15:11:31,225 INFO ncaa_identity: contest_id=5732371 teams 2456/2456 matched, players 6645/6646 matched
2026-08-19 15:11:33,325 INFO ncaa_identity: contest_id=5732393 teams 2618/2618 matched, players 7179/7212 matched
2026-08-19 15:11:33,416 INFO 5 starters not found for period 4; using estimate
2026-08-19 15:11:36,685 INFO ncaa_identity: contest_id=5732425 teams 1467/2894 matched, players 4006/7964 matched
2026-08-19 15:11:49,625 INFO ncaa_identity: contest_id=5732574 teams 2439/2439 matched, players 6679/6690 matched
2026-08-19 15:11:51,519 INFO ncaa_identity: contest_id=5732597 teams 1449/2866 matched, players 3943/7836 matched
2026-08-19 15:12:04,904 INFO ncaa_identity: contest_id=5732748 teams 1402/2780 matched, players 3758/7523 matched
2026-08-19 15:12:06,972 INFO ncaa_identity: contest_id=5732771 teams 2787/2787 matched, players 7016/7656 matched
2026-08-19 15:12:10,491 INFO ncaa_identity: contest_id=5732802 teams 2688/2688 matched, players 6885/7394 matched
2026-08-19 15:12:17,580 INFO ncaa_identity: contest_id=5732903 teams 1384/2755 matched, players 3783/7588 matched
2026-08-19 15:12:20,229 INFO ncaa_identity: contest_id=5732929 teams 2912/2912 matched, players 7847/7969 matched
2026-08-19 15:12:24,853 INFO ncaa_identity: contest_id=5732970 teams 2849/2849 matched, players 7759/7842 matched
2026-08-19 15:12:37,138 INFO ncaa_identity: contest_id=5733087 teams 2652/2652 matched, players 6906/7248 matched
2026-08-19 15:12:40,747 INFO ncaa_identity: contest_id=5733118 teams 1457/2901 matched, players 3920/7923 matched
2026-08-19 15:12:43,780 INFO ncaa_identity: contest_id=5733163 teams 2879/2879 matched, players 7865/7916 matched
2026-08-19 15:12:44,599 INFO ncaa_identity: contest_id=5733179 teams 2531/2531 matched, players 6128/6947 matched
2026-08-19 15:12:45,749 INFO ncaa_identity: contest_id=5733193 teams 2606/2606 matched, players 6796/7137 matched
2026-08-19 15:12:46,901 INFO ncaa_identity: contest_id=5733204 teams 1478/2867 matched, players 3648/7861 matched
2026-08-19 15:12:49,958 INFO ncaa_identity: contest_id=5733237 teams 2751/2751 matched, players 7571/7572 matched
2026-08-19 15:12:54,896 INFO ncaa_identity: contest_id=5733301 teams 2481/2481 matched, players 6256/6795 matched
2026-08-19 15:13:00,942 INFO ncaa_identity: contest_id=5733595 teams 3088/3088 matched, players 8491/8601 matched
2026-08-19 15:13:10,360 INFO ncaa_identity: contest_id=5733883 teams 1388/2733 matched, players 3777/7489 matched
2026-08-19 15:13:35,422 INFO ncaa_identity: contest_id=5734413 teams 1502/3010 matched, players 4188/8231 matched
2026-08-19 15:13:37,710 INFO ncaa_identity: contest_id=5734444 teams 2388/2388 matched, players 6080/6509 matched
2026-08-19 15:13:39,785 INFO ncaa_identity: contest_id=5734465 teams 2616/2616 matched, players 7153/7160 matched
2026-08-19 15:13:42,045 INFO ncaa_identity: contest_id=5734503 teams 1343/2761 matched, players 3700/7594 matched
2026-08-19 15:13:45,162 INFO ncaa_identity: contest_id=5734610 teams 1263/2570 matched, players 3516/7085 matched
2026-08-19 15:13:56,156 INFO ncaa_identity: contest_id=5734835 teams 1377/2683 matched, players 3706/7317 matched
2026-08-19 15:13:57,372 INFO ncaa_identity: contest_id=5734859 teams 1440/2762 matched, players 3820/7498 matched
2026-08-19 15:13:58,458 INFO ncaa_identity: contest_id=5734869 teams 1616/3166 matched, players 4393/8680 matched
2026-08-19 15:13:59,600 INFO ncaa_identity: contest_id=5734931 teams 1482/2868 matched, players 3955/7842 matched
2026-08-19 15:14:02,839 INFO ncaa_identity: contest_id=5735072 teams 2805/2805 matched, players 7473/7633 matched
2026-08-19 15:14:05,874 INFO ncaa_identity: contest_id=5735125 teams 1393/2709 matched, players 3627/7453 matched
2026-08-19 15:14:06,959 INFO ncaa_identity: contest_id=5735141 teams 1643/3241 matched, players 4503/8925 matched
2026-08-19 15:14:09,962 INFO ncaa_identity: contest_id=5735221 teams 1427/2821 matched, players 3892/7753 matched
2026-08-19 15:14:18,931 INFO ncaa_identity: contest_id=5735390 teams 3380/3380 matched, players 8986/9335 matched
2026-08-19 15:14:25,584 INFO ncaa_identity: contest_id=5735495 teams 2796/2796 matched, players 7484/7634 matched
2026-08-19 15:14:26,661 INFO ncaa_identity: contest_id=5735508 teams 0/2654 matched, players 0/7201 matched
2026-08-19 15:14:28,903 INFO ncaa_identity: contest_id=5735530 teams 3455/3455 matched, players 9060/9544 matched
2026-08-19 15:14:31,720 INFO ncaa_identity: contest_id=5735566 teams 1601/3020 matched, players 3772/8312 matched
2026-08-19 15:14:42,801 INFO ncaa_identity: contest_id=5735930 teams 2639/2639 matched, players 7186/7257 matched
2026-08-19 15:14:43,928 INFO ncaa_identity: contest_id=5735990 teams 1282/2616 matched, players 3551/7137 matched
2026-08-19 15:14:47,327 INFO ncaa_identity: contest_id=5736134 teams 1331/2642 matched, players 3609/7175 matched
2026-08-19 15:14:48,228 INFO ncaa_identity: contest_id=5736144 teams 2283/2283 matched, players 5778/6218 matched
2026-08-19 15:14:49,534 INFO ncaa_identity: contest_id=5736155 teams 1612/3102 matched, players 4306/8506 matched
2026-08-19 15:14:50,421 INFO ncaa_identity: contest_id=5736272 teams 2391/2391 matched, players 6567/6568 matched
2026-08-19 15:14:54,311 INFO ncaa_identity: contest_id=5736390 teams 1423/2828 matched, players 3908/7756 matched
2026-08-19 15:14:56,360 INFO ncaa_identity: contest_id=5736448 teams 2289/2289 matched, players 6275/6276 matched
2026-08-19 15:14:58,189 INFO ncaa_identity: contest_id=5736560 teams 1508/3019 matched, players 4149/8269 matched
2026-08-19 15:15:04,257 INFO ncaa_identity: contest_id=5736727 teams 2707/2707 matched, players 7343/7443 matched
2026-08-19 15:15:07,627 INFO ncaa_identity: contest_id=5736811 teams 1525/3136 matched, players 4267/8622 matched
2026-08-19 15:15:10,806 INFO ncaa_identity: contest_id=5736889 teams 2822/2822 matched, players 7153/7788 matched
2026-08-19 15:15:11,629 INFO ncaa_identity: contest_id=5736904 teams 2347/2347 matched, players 5937/6443 matched
2026-08-19 15:15:13,629 INFO ncaa_identity: contest_id=5736982 teams 1398/2838 matched, players 3857/7758 matched
2026-08-19 15:15:14,780 INFO ncaa_identity: contest_id=5736998 teams 1304/2588 matched, players 3544/7047 matched
2026-08-19 15:15:16,447 INFO ncaa_identity: contest_id=5737040 teams 2501/2501 matched, players 6233/6853 matched
2026-08-19 15:15:19,642 INFO ncaa_identity: contest_id=5737276 teams 1423/2807 matched, players 3885/7656 matched
2026-08-19 15:15:21,746 INFO ncaa_identity: contest_id=5737388 teams 2325/2325 matched, players 5805/6304 matched
2026-08-19 15:15:22,620 INFO ncaa_identity: contest_id=5737398 teams 2697/2697 matched, players 6862/7371 matched
2026-08-19 15:15:23,961 INFO ncaa_identity: contest_id=5737410 teams 2480/2480 matched, players 5498/6775 matched
2026-08-19 15:15:25,060 INFO ncaa_identity: contest_id=5737435 teams 1623/3048 matched, players 4319/8415 matched
2026-08-19 15:15:29,189 INFO ncaa_identity: contest_id=5737539 teams 1440/2848 matched, players 3844/7750 matched
2026-08-19 15:15:31,276 INFO ncaa_identity: contest_id=5737564 teams 1359/2706 matched, players 3675/7340 matched
2026-08-19 15:15:34,305 INFO ncaa_identity: contest_id=5737615 teams 2825/2825 matched, players 7757/7774 matched
2026-08-19 15:15:36,462 INFO ncaa_identity: contest_id=5737728 teams 1466/2959 matched, players 3840/8138 matched
2026-08-19 15:15:40,922 INFO ncaa_identity: contest_id=5737847 teams 1283/2517 matched, players 3544/6916 matched
2026-08-19 15:15:41,939 INFO ncaa_identity: contest_id=5737869 teams 2372/2372 matched, players 6442/6501 matched
2026-08-19 15:15:42,820 INFO ncaa_identity: contest_id=5737911 teams 2494/2494 matched, players 6532/6803 matched
2026-08-19 15:15:45,042 INFO 5 starters not found for period 3; using estimate
2026-08-19 15:15:57,326 INFO ncaa_identity: contest_id=5738177 teams 2346/2346 matched, players 6014/6445 matched
2026-08-19 15:16:02,809 INFO ncaa_identity: contest_id=5738244 teams 2387/2387 matched, players 6116/6551 matched
2026-08-19 15:16:04,902 INFO ncaa_identity: contest_id=5738266 teams 1521/3022 matched, players 4068/8269 matched
2026-08-19 15:16:05,952 INFO ncaa_identity: contest_id=5738632 teams 3092/3092 matched, players 7755/8492 matched
2026-08-19 15:16:07,819 INFO ncaa_identity: contest_id=5738660 teams 2871/2871 matched, players 7692/7831 matched
2026-08-19 15:16:11,558 INFO ncaa_identity: contest_id=5740591 teams 1084/2183 matched, players 3006/5979 matched
2026-08-19 15:16:12,584 INFO ncaa_identity: contest_id=5740629 teams 2592/2592 matched, players 6934/7088 matched
2026-08-19 15:16:14,580 INFO ncaa_identity: contest_id=5740657 teams 2838/2838 matched, players 7376/7784 matched
2026-08-19 15:16:15,472 INFO ncaa_identity: contest_id=5740667 teams 3004/3004 matched, players 8040/8339 matched
2026-08-19 15:16:19,227 INFO ncaa_identity: contest_id=5740711 teams 1091/2183 matched, players 3009/5966 matched
2026-08-19 15:16:22,217 INFO ncaa_identity: contest_id=5740742 teams 2385/2385 matched, players 5934/6545 matched
2026-08-19 15:16:23,215 INFO ncaa_identity: contest_id=5740754 teams 3055/3055 matched, players 8317/8396 matched
2026-08-19 15:16:25,226 INFO ncaa_identity: contest_id=5740778 teams 2614/2614 matched, players 6759/7222 matched
2026-08-19 15:16:26,427 INFO ncaa_identity: contest_id=5740788 teams 2886/2886 matched, players 7881/7931 matched
2026-08-19 15:16:28,390 INFO ncaa_identity: contest_id=5756623 teams 1302/2531 matched, players 3457/6877 matched
2026-08-19 15:16:29,157 INFO ncaa_identity: contest_id=5785413 teams 2448/2448 matched, players 6712/6715 matched
2026-08-19 15:16:33,912 INFO ncaa_identity: contest_id=5809645 teams 1420/2808 matched, players 3833/7663 matched
2026-08-19 15:16:40,354 INFO ncaa_identity: contest_id=5810588 teams 1492/2958 matched, players 3783/8093 matched
2026-08-19 15:16:41,482 INFO ncaa_identity: contest_id=5810847 teams 1313/2619 matched, players 3565/7155 matched
2026-08-19 15:16:43,265 INFO ncaa_identity: contest_id=5811366 teams 2779/2779 matched, players 7077/7654 matched
2026-08-19 15:16:44,136 WARNING ncaa_parse: family=shots contest_id=5833815 team=Xavier (LA) SKIPPED (1 parse error(s)): No shot events found [<!DOCTYPE html> <html lang="en"> <head> <meta content="text/html; charset=utf-8" http-equiv="CONTENT-TYPE"/> <meta charset="utf-8"/> <meta...
2026-08-19 15:16:44,161 INFO ncaa_identity: contest_id=5833815 teams 1509/2934 matched, players 3632/8262 matched
2026-08-19 15:16:45,300 INFO ncaa_identity: contest_id=5833991 teams 2848/2848 matched, players 7322/7795 matched
2026-08-19 15:16:46,197 INFO ncaa_identity: contest_id=5835036 teams 1381/2804 matched, players 3787/7708 matched
2026-08-19 15:16:47,288 INFO ncaa_identity: contest_id=6081005 teams 2825/2825 matched, players 7661/7768 matched
2026-08-19 15:17:08,096 INFO ncaa_identity: contest_id=6363970 teams 2492/2492 matched, players 6384/6795 matched
2026-08-19 15:17:20,446 INFO ncaa_identity: contest_id=6366695 teams 2427/2427 matched, players 6660/6661 matched
2026-08-19 15:17:30,462 INFO ncaa_identity: contest_id=6403369 teams 2684/2684 matched, players 6890/7403 matched
2026-08-19 15:17:40,769 INFO ncaa_identity: contest_id=6414038 teams 1456/2801 matched, players 3876/7607 matched
2026-08-19 15:17:51,356 INFO ncaa_identity: contest_id=6423053 teams 1450/2801 matched, players 3909/7679 matched
2026-08-19 15:17:54,399 INFO ncaa_identity: contest_id=6425055 teams 3089/3089 matched, players 8244/8538 matched
2026-08-19 15:17:59,513 INFO ncaa_identity: contest_id=6426771 teams 1394/2876 matched, players 3901/7867 matched
2026-08-19 15:18:05,372 INFO ncaa_identity: contest_id=6428626 teams 1230/2447 matched, players 3390/6703 matched
2026-08-19 15:18:08,687 INFO ncaa_identity: contest_id=6428892 teams 1377/2790 matched, players 3797/7640 matched
2026-08-19 15:18:16,657 INFO ncaa_identity: contest_id=6429231 teams 1335/2653 matched, players 3670/7299 matched
2026-08-19 15:18:49,151 INFO ncaa_identity: contest_id=6455572 teams 1266/2394 matched, players 3341/6516 matched
2026-08-19 15:19:07,167 INFO ncaa_identity: contest_id=6456867 teams 1489/2756 matched, players 3837/7525 matched
2026-08-19 15:19:10,138 INFO ncaa_identity: contest_id=6457030 teams 1403/2751 matched, players 3765/7578 matched
2026-08-19 15:19:18,378 INFO ncaa_identity: contest_id=6457522 teams 3060/3060 matched, players 8094/8389 matched
2026-08-19 15:19:19,223 INFO ncaa_identity: contest_id=6457540 teams 2427/2427 matched, players 6508/6509 matched
2026-08-19 15:19:22,637 INFO ncaa_identity: contest_id=6457603 teams 2587/2587 matched, players 7064/7123 matched
2026-08-19 15:19:23,835 INFO ncaa_identity: contest_id=6457613 teams 2870/2870 matched, players 7902/7904 matched
2026-08-19 15:19:24,734 INFO ncaa_identity: contest_id=6457650 teams 1368/2760 matched, players 3793/7618 matched
2026-08-19 15:19:31,660 INFO ncaa_identity: contest_id=6458510 teams 2779/2779 matched, players 7172/7590 matched
2026-08-19 15:19:32,639 INFO ncaa_identity: contest_id=6458537 teams 3260/3260 matched, players 8994/9007 matched
2026-08-19 15:19:33,932 INFO ncaa_identity: contest_id=6458605 teams 3460/3460 matched, players 9508/9592 matched
2026-08-19 15:19:34,965 INFO ncaa_identity: contest_id=6458664 teams 2720/2720 matched, players 7323/7516 matched
2026-08-19 15:19:40,586 INFO ncaa_identity: contest_id=6458811 teams 2700/2700 matched, players 7354/7429 matched
2026-08-19 15:19:45,560 INFO ncaa_identity: contest_id=6459020 teams 1624/3122 matched, players 3748/8588 matched
2026-08-19 15:19:50,489 INFO ncaa_identity: contest_id=6459220 teams 1476/2928 matched, players 4060/8003 matched
2026-08-19 15:19:59,641 INFO ncaa_identity: contest_id=6459527 teams 1485/2842 matched, players 3977/7745 matched
2026-08-19 15:20:19,424 INFO ncaa_identity: contest_id=6460753 teams 2928/2928 matched, players 7774/8069 matched
2026-08-19 15:20:28,458 INFO ncaa_identity: contest_id=6461026 teams 2706/2706 matched, players 6867/7396 matched
2026-08-19 15:20:57,562 INFO ncaa_identity: contest_id=6462945 teams 2694/2694 matched, players 7036/7416 matched
2026-08-19 15:21:07,353 INFO ncaa_identity: contest_id=6463268 teams 1486/2833 matched, players 3939/7718 matched
2026-08-19 15:21:10,468 INFO ncaa_identity: contest_id=6463504 teams 1301/2543 matched, players 3475/6954 matched
2026-08-19 15:21:17,073 INFO ncaa_identity: contest_id=6464344 teams 2497/2497 matched, players 6589/6853 matched
2026-08-19 15:21:27,550 INFO ncaa_identity: contest_id=6464660 teams 2278/2278 matched, players 5888/5890 matched
2026-08-19 15:21:34,325 INFO ncaa_identity: contest_id=6465138 teams 2746/2746 matched, players 7529/7530 matched
2026-08-19 15:21:37,081 INFO ncaa_identity: contest_id=6465173 teams 2207/2207 matched, players 6002/6013 matched
2026-08-19 15:21:46,135 INFO ncaa_identity: contest_id=6465402 teams 1410/2742 matched, players 3750/7504 matched
2026-08-19 15:21:47,694 INFO ncaa_identity: contest_id=6465519 teams 2406/2406 matched, players 6623/6624 matched
2026-08-19 15:21:49,757 INFO ncaa_identity: contest_id=6465665 teams 3085/3085 matched, players 8445/8521 matched
2026-08-19 15:21:54,453 INFO ncaa_identity: contest_id=6465965 teams 1272/2450 matched, players 3378/6708 matched
2026-08-19 15:21:58,203 INFO ncaa_identity: contest_id=6466123 teams 1327/2641 matched, players 3668/7231 matched
2026-08-19 15:22:21,764 INFO ncaa_identity: contest_id=6467359 teams 1063/2164 matched, players 2864/5857 matched
2026-08-19 15:22:27,637 INFO ncaa_identity: contest_id=6467758 teams 1364/2581 matched, players 3567/6967 matched
2026-08-19 15:22:43,153 INFO ncaa_identity: contest_id=6469102 teams 1455/2852 matched, players 3907/7756 matched
2026-08-19 15:22:50,651 INFO 5 starters not found for period 3; using estimate
2026-08-19 15:23:09,824 INFO ncaa_identity: contest_id=6470376 teams 1490/2968 matched, players 4067/8122 matched
2026-08-19 15:23:13,847 INFO ncaa_identity: contest_id=6470529 teams 1388/2694 matched, players 3710/7359 matched
2026-08-19 15:23:24,418 INFO ncaa_identity: contest_id=6470931 teams 1462/2779 matched, players 3880/7615 matched
2026-08-19 15:23:26,405 INFO ncaa_identity: contest_id=6471004 teams 1454/2821 matched, players 3652/7756 matched
2026-08-19 15:23:31,099 INFO ncaa_identity: contest_id=6472135 teams 1306/2688 matched, players 3639/7347 matched
2026-08-19 15:23:35,924 INFO ncaa_identity: contest_id=6472660 teams 2570/2570 matched, players 6988/7003 matched
2026-08-19 15:23:47,986 INFO ncaa_identity: contest_id=6473105 teams 1331/2716 matched, players 3726/7445 matched
2026-08-19 15:23:48,833 INFO ncaa_identity: contest_id=6473145 teams 2643/2643 matched, players 7214/7215 matched
2026-08-19 15:23:50,838 INFO ncaa_identity: contest_id=6473311 teams 1500/2964 matched, players 4063/8111 matched
2026-08-19 15:24:16,573 INFO ncaa_identity: contest_id=6475063 teams 1545/2937 matched, players 4039/7980 matched
2026-08-19 15:24:18,529 INFO ncaa_identity: contest_id=6475291 teams 1455/3030 matched, players 4142/8374 matched
2026-08-19 15:24:19,408 INFO ncaa_identity: contest_id=6475331 teams 1281/2486 matched, players 3454/6766 matched
2026-08-19 15:24:37,679 INFO ncaa_identity: contest_id=6476729 teams 1229/2404 matched, players 3310/6572 matched
2026-08-19 15:24:40,864 INFO ncaa_identity: contest_id=6477207 teams 2797/2797 matched, players 6946/7675 matched
2026-08-19 15:24:43,129 INFO ncaa_identity: contest_id=6477335 teams 1339/2603 matched, players 2858/7138 matched
2026-08-19 15:24:45,276 INFO ncaa_identity: contest_id=6477402 teams 1311/2513 matched, players 2920/6887 matched
2026-08-19 15:25:00,968 INFO ncaa_identity: contest_id=6477830 teams 1510/3024 matched, players 4195/8365 matched
2026-08-19 15:25:07,205 INFO ncaa_identity: contest_id=6478161 teams 1690/3325 matched, players 4640/9148 matched
2026-08-19 15:25:12,703 INFO ncaa_identity: contest_id=6478314 teams 2741/2741 matched, players 7298/7502 matched
2026-08-19 15:25:27,160 INFO ncaa_identity: contest_id=6478880 teams 1410/2700 matched, players 3816/7408 matched
2026-08-19 15:25:40,607 INFO ncaa_identity: contest_id=6479618 teams 2619/2619 matched, players 7033/7034 matched
2026-08-19 15:25:42,065 INFO ncaa_identity: contest_id=6479648 teams 2809/2809 matched, players 7215/7683 matched
2026-08-19 15:25:44,130 INFO ncaa_identity: contest_id=6479708 teams 1384/2693 matched, players 3670/7300 matched
2026-08-19 15:25:53,166 INFO ncaa_identity: contest_id=6479982 teams 1529/2893 matched, players 4057/7915 matched
2026-08-19 15:25:58,569 INFO ncaa_identity: contest_id=6480085 teams 1380/2807 matched, players 3808/7654 matched
2026-08-19 15:26:02,112 INFO ncaa_identity: contest_id=6480239 teams 1507/2963 matched, players 4052/8117 matched
2026-08-19 15:26:24,470 INFO ncaa_identity: contest_id=6480998 teams 1731/3420 matched, players 4736/9442 matched
2026-08-19 15:26:31,011 INFO ncaa_identity: contest_id=6481167 teams 1429/2761 matched, players 3871/7498 matched
2026-08-19 15:26:31,132 INFO 5 starters not found for period 3; using estimate
2026-08-19 15:26:31,133 INFO 5 starters not found for period 3; using estimate
2026-08-19 15:26:33,331 INFO ncaa_identity: contest_id=6481220 teams 1413/2782 matched, players 3835/7661 matched
2026-08-19 15:26:41,175 INFO ncaa_identity: contest_id=6481760 teams 2791/2791 matched, players 7552/7666 matched
2026-08-19 15:26:42,634 INFO ncaa_identity: contest_id=6481770 teams 2463/2463 matched, players 6730/6733 matched
2026-08-19 15:26:49,249 INFO ncaa_identity: contest_id=6482232 teams 1522/3038 matched, players 4153/8291 matched
2026-08-19 15:26:54,665 INFO ncaa_identity: contest_id=6482860 teams 1543/2926 matched, players 4100/8009 matched
2026-08-19 15:26:56,124 INFO ncaa_identity: contest_id=6483016 teams 2810/2810 matched, players 7738/7739 matched
2026-08-19 15:27:00,210 INFO ncaa_identity: contest_id=6483418 teams 1424/2795 matched, players 3728/7631 matched
2026-08-19 15:27:02,507 INFO ncaa_identity: contest_id=6483618 teams 1337/2516 matched, players 3514/6853 matched
2026-08-19 15:27:19,163 INFO ncaa_identity: contest_id=6484867 teams 1326/2612 matched, players 3625/7127 matched
2026-08-19 15:27:21,802 INFO ncaa_identity: contest_id=6485071 teams 1293/2594 matched, players 3584/7031 matched
2026-08-19 15:27:26,873 INFO ncaa_identity: contest_id=6486008 teams 1399/2769 matched, players 3851/7607 matched
2026-08-19 15:27:30,704 INFO ncaa_identity: contest_id=6486857 teams 1478/2904 matched, players 4030/7890 matched
2026-08-19 15:27:39,309 INFO ncaa_identity: contest_id=6489363 teams 1143/2211 matched, players 3052/6052 matched
2026-08-19 15:27:44,911 INFO ncaa_identity: contest_id=6493934 teams 1341/2660 matched, players 3656/7281 matched
2026-08-19 15:27:46,168 INFO ncaa_identity: contest_id=6497438 teams 1467/2828 matched, players 4016/7810 matched
2026-08-19 15:27:47,431 INFO ncaa_identity: contest_id=6509275 teams 1305/2558 matched, players 3581/6965 matched
2026-08-19 15:27:57,390 INFO ncaa_identity: contest_id=6547428 teams 2631/2631 matched, players 6997/7214 matched
parsed=9993 failed=0
dentity: contest_id=6477838 teams 1307/2522 matched, players 3467/6873 matched
2026-08-19 15:25:41,831 INFO ncaa_identity: contest_id=6478294 teams 1395/2766 matched, players 3833/7568 matched
2026-08-19 15:26:01,522 INFO ncaa_identity: contest_id=6478849 teams 1544/3091 matched, players 4288/8500 matched
2026-08-19 15:26:35,735 INFO ncaa_identity: contest_id=6480248 teams 1127/2208 matched, players 3077/6006 matched
2026-08-19 15:26:47,668 INFO ncaa_identity: contest_id=6480633 teams 1598/3138 matched, players 4305/8697 matched
2026-08-19 15:26:53,006 INFO ncaa_identity: contest_id=6480841 teams 1487/2884 matched, players 4003/7878 matched
2026-08-19 15:27:02,167 INFO ncaa_identity: contest_id=6481082 teams 1260/2480 matched, players 3413/6806 matched
2026-08-19 15:27:40,260 INFO ncaa_identity: contest_id=6484064 teams 1558/2993 matched, players 4283/8282 matched
2026-08-19 15:27:41,535 INFO ncaa_identity: contest_id=6484406 teams 1652/3240 matched, players 4528/8842 matched
2026-08-19 15:27:50,568 INFO ncaa_identity: contest_id=6484913 teams 3010/3010 matched, players 7941/7942 matched
2026-08-19 15:27:52,890 INFO ncaa_identity: contest_id=6485078 teams 1406/2739 matched, players 3821/7485 matched
2026-08-19 15:27:55,463 INFO ncaa_identity: contest_id=6485577 teams 1337/2665 matched, players 3673/7271 matched
2026-08-19 15:27:59,359 INFO ncaa_identity: contest_id=6486210 teams 1451/2830 matched, players 3907/7700 matched
2026-08-19 15:28:00,570 INFO ncaa_identity: contest_id=6486757 teams 1389/2680 matched, players 3763/7311 matched
2026-08-19 15:28:04,279 INFO ncaa_identity: contest_id=6488214 teams 1326/2644 matched, players 3631/7226 matched
2026-08-19 15:28:16,028 INFO ncaa_identity: contest_id=6505198 teams 1478/3039 matched, players 4193/8396 matched
parsed=9993 failed=0
=6479588 teams 2846/2846 matched, players 7186/7841 matched
2026-08-19 15:25:56,287 INFO ncaa_identity: contest_id=6479665 teams 1416/2740 matched, players 3783/7485 matched
2026-08-19 15:25:58,748 INFO ncaa_identity: contest_id=6479728 teams 1349/2661 matched, players 3676/7326 matched
2026-08-19 15:26:04,722 INFO ncaa_identity: contest_id=6479985 teams 2753/2753 matched, players 7547/7593 matched
2026-08-19 15:26:08,645 INFO ncaa_identity: contest_id=6480078 teams 2393/2393 matched, players 6454/6556 matched
2026-08-19 15:26:10,317 INFO ncaa_identity: contest_id=6480088 teams 1306/2534 matched, players 3493/6878 matched
2026-08-19 15:26:22,125 INFO ncaa_identity: contest_id=6480569 teams 1201/2389 matched, players 3302/6460 matched
2026-08-19 15:26:23,520 INFO ncaa_identity: contest_id=6480586 teams 1352/2615 matched, players 3663/7194 matched
2026-08-19 15:26:24,716 INFO ncaa_identity: contest_id=6480627 teams 2805/2805 matched, players 7712/7713 matched
2026-08-19 15:26:40,923 INFO ncaa_identity: contest_id=6481177 teams 2866/2866 matched, players 7513/7515 matched
2026-08-19 15:26:47,064 INFO ncaa_identity: contest_id=6481527 teams 1575/3028 matched, players 4206/8359 matched
2026-08-19 15:26:52,130 INFO ncaa_identity: contest_id=6481773 teams 2578/2578 matched, players 7059/7075 matched
2026-08-19 15:27:00,376 INFO ncaa_identity: contest_id=6482256 teams 1552/2941 matched, players 4141/8070 matched
2026-08-19 15:27:01,539 INFO ncaa_identity: contest_id=6482275 teams 1529/2951 matched, players 4152/8108 matched
2026-08-19 15:27:08,053 INFO ncaa_identity: contest_id=6483337 teams 1484/2871 matched, players 4012/7842 matched
2026-08-19 15:27:10,628 INFO ncaa_identity: contest_id=6483512 teams 1319/2506 matched, players 3447/6807 matched
2026-08-19 15:27:14,293 INFO ncaa_identity: contest_id=6483676 teams 1324/2609 matched, players 3649/7134 matched
2026-08-19 15:27:15,934 INFO ncaa_identity: contest_id=6483722 teams 1506/3056 matched, players 4146/8411 matched
2026-08-19 15:27:19,733 INFO ncaa_identity: contest_id=6484212 teams 1226/2443 matched, players 3335/6696 matched
2026-08-19 15:27:24,853 INFO ncaa_identity: contest_id=6484688 teams 1273/2509 matched, players 3482/6857 matched
2026-08-19 15:27:26,015 INFO ncaa_identity: contest_id=6484730 teams 1467/2994 matched, players 4101/8193 matched
2026-08-19 15:27:35,461 INFO ncaa_identity: contest_id=6485777 teams 1318/2501 matched, players 3436/6804 matched
2026-08-19 15:27:40,284 INFO ncaa_identity: contest_id=6487091 teams 1317/2672 matched, players 3679/7322 matched
2026-08-19 15:27:44,048 INFO ncaa_identity: contest_id=6489043 teams 1532/2925 matched, players 3316/8024 matched
2026-08-19 15:27:54,217 INFO ncaa_identity: contest_id=6497038 teams 1296/2481 matched, players 3410/6716 matched
2026-08-19 15:28:13,201 INFO ncaa_identity: contest_id=6556948 teams 2371/2371 matched, players 6193/6194 matched
parsed=9993 failed=0
,136 INFO ncaa_identity: contest_id=6481019 teams 1253/2533 matched, players 3528/6968 matched
2026-08-19 15:28:07,668 INFO ncaa_identity: contest_id=6481775 teams 2224/2224 matched, players 5988/6065 matched
2026-08-19 15:28:25,813 INFO ncaa_identity: contest_id=6483728 teams 1309/2557 matched, players 3544/6982 matched
2026-08-19 15:28:26,961 INFO ncaa_identity: contest_id=6483808 teams 1495/2874 matched, players 4017/7939 matched
2026-08-19 15:28:29,947 INFO ncaa_identity: contest_id=6484431 teams 1453/2842 matched, players 3956/7827 matched
2026-08-19 15:28:34,149 INFO ncaa_identity: contest_id=6484829 teams 1619/3225 matched, players 4475/8934 matched
2026-08-19 15:28:40,674 INFO 5 starters not found for period 3; using estimate
2026-08-19 15:28:44,080 INFO ncaa_identity: contest_id=6487774 teams 1338/2751 matched, players 3783/7580 matched
2026-08-19 15:28:45,510 INFO ncaa_identity: contest_id=6489153 teams 1079/2190 matched, players 2944/5974 matched
2026-08-19 15:28:47,602 INFO ncaa_identity: contest_id=6489207 teams 1689/3223 matched, players 4519/8892 matched
2026-08-19 15:28:52,155 INFO ncaa_identity: contest_id=6491025 teams 1353/2646 matched, players 3630/7175 matched
2026-08-19 15:28:52,953 INFO ncaa_identity: contest_id=6497358 teams 1373/2726 matched, players 3764/7468 matched
2026-08-19 15:28:53,635 INFO ncaa_identity: contest_id=6502027 teams 1407/2806 matched, players 3335/7696 matched
2026-08-19 15:29:04,628 INFO ncaa_identity: contest_id=6556950 teams 2853/2853 matched, players 7812/7840 matched
2026-08-19 15:29:10,634 INFO ncaa_identity: contest_id=6558205 teams 2535/2535 matched, players 6956/6957 matched
parsed=9994 failed=0
ched, players 4019/7783 matched
2026-08-19 15:26:28,951 INFO ncaa_identity: contest_id=6483138 teams 2812/2812 matched, players 7387/7727 matched
2026-08-19 15:26:32,769 INFO ncaa_identity: contest_id=6483515 teams 1160/2248 matched, players 3111/6065 matched
2026-08-19 15:26:41,638 INFO ncaa_identity: contest_id=6484371 teams 1437/2844 matched, players 3921/7765 matched
2026-08-19 15:26:46,759 INFO ncaa_identity: contest_id=6484689 teams 2508/2508 matched, players 6862/6863 matched
2026-08-19 15:26:48,340 INFO ncaa_identity: contest_id=6484731 teams 1471/2807 matched, players 3917/7642 matched
2026-08-19 15:26:59,575 INFO ncaa_identity: contest_id=6486102 teams 2190/2190 matched, players 5952/5953 matched
2026-08-19 15:27:03,343 INFO ncaa_identity: contest_id=6487092 teams 1444/2897 matched, players 3968/7903 matched
2026-08-19 15:27:06,827 INFO ncaa_identity: contest_id=6489152 teams 1332/2665 matched, players 3645/7312 matched
2026-08-19 15:27:12,093 INFO ncaa_identity: contest_id=6490010 teams 1474/2963 matched, players 4055/8106 matched
2026-08-19 15:27:17,229 INFO ncaa_identity: contest_id=6491024 teams 1645/3304 matched, players 4468/9071 matched
2026-08-19 15:27:18,374 INFO ncaa_identity: contest_id=6497354 teams 1532/2933 matched, players 4042/8013 matched
2026-08-19 15:27:19,784 INFO ncaa_identity: contest_id=6502000 teams 1303/2539 matched, players 3520/6906 matched
2026-08-19 15:27:59,681 INFO ncaa_identity: contest_id=6558918 teams 2509/2509 matched, players 6898/6901 matched
parsed=9993 failed=0
tched, players 3239/6403 matched
2026-08-19 15:26:04,823 INFO ncaa_identity: contest_id=6481084 teams 1385/2777 matched, players 3826/7617 matched
2026-08-19 15:26:07,335 INFO ncaa_identity: contest_id=6481190 teams 1462/2795 matched, players 3813/7572 matched
2026-08-19 15:26:08,927 INFO ncaa_identity: contest_id=6481212 teams 1595/3106 matched, players 4323/8520 matched
2026-08-19 15:26:17,004 INFO ncaa_identity: contest_id=6481759 teams 1338/2620 matched, players 3703/7185 matched
2026-08-19 15:26:18,248 INFO ncaa_identity: contest_id=6481769 teams 1278/2488 matched, players 3413/6830 matched
2026-08-19 15:26:27,589 INFO ncaa_identity: contest_id=6482266 teams 1844/3547 matched, players 4941/9758 matched
2026-08-19 15:26:31,193 INFO ncaa_identity: contest_id=6483012 teams 1425/2723 matched, players 3860/7443 matched
2026-08-19 15:26:34,522 INFO ncaa_identity: contest_id=6483417 teams 1209/2411 matched, players 2998/6605 matched
2026-08-19 15:26:39,483 INFO ncaa_identity: contest_id=6483670 teams 1415/2820 matched, players 3880/7715 matched
2026-08-19 15:26:49,614 INFO ncaa_identity: contest_id=6484582 teams 1335/2692 matched, players 3734/7407 matched
2026-08-19 15:26:57,149 INFO ncaa_identity: contest_id=6485070 teams 1159/2331 matched, players 3165/6318 matched
2026-08-19 15:27:03,154 INFO ncaa_identity: contest_id=6486110 teams 1352/2652 matched, players 3528/7240 matched
2026-08-19 15:27:05,876 INFO ncaa_identity: contest_id=6486816 teams 1608/3161 matched, players 4256/8627 matched
2026-08-19 15:27:08,311 INFO ncaa_identity: contest_id=6487804 teams 1452/2873 matched, players 3937/7832 matched
2026-08-19 15:27:09,713 INFO ncaa_identity: contest_id=6488216 teams 2890/2890 matched, players 7587/7588 matched
2026-08-19 15:27:14,434 INFO ncaa_identity: contest_id=6489362 teams 1087/2206 matched, players 3004/6047 matched
2026-08-19 15:27:20,709 INFO ncaa_identity: contest_id=6493716 teams 1348/2569 matched, players 3568/7004 matched
2026-08-19 15:27:22,039 INFO ncaa_identity: contest_id=6497415 teams 1261/2478 matched, players 3487/6817 matched
2026-08-19 15:27:23,187 INFO ncaa_identity: contest_id=6509084 teams 1368/2675 matched, players 3689/7307 matched
parsed=9993 failed=0
yers 4101/7874 matched
2026-08-19 15:27:09,041 INFO ncaa_identity: contest_id=6482273 teams 1488/2882 matched, players 4034/7958 matched
2026-08-19 15:27:17,311 INFO ncaa_identity: contest_id=6483509 teams 1194/2352 matched, players 3194/6409 matched
2026-08-19 15:27:18,739 INFO ncaa_identity: contest_id=6483620 teams 1320/2542 matched, players 3545/6944 matched
2026-08-19 15:27:27,601 INFO ncaa_identity: contest_id=6484427 teams 1512/3001 matched, players 3841/8283 matched
2026-08-19 15:27:31,419 INFO ncaa_identity: contest_id=6484641 teams 1480/2914 matched, players 4077/7983 matched
2026-08-19 15:27:32,670 INFO ncaa_identity: contest_id=6484729 teams 1570/3114 matched, players 4313/8503 matched
2026-08-19 15:27:42,446 INFO ncaa_identity: contest_id=6485615 teams 1462/2820 matched, players 3906/7738 matched
2026-08-19 15:27:43,499 INFO ncaa_identity: contest_id=6486099 teams 1194/2341 matched, players 3207/6327 matched
2026-08-19 15:27:46,872 INFO ncaa_identity: contest_id=6486971 teams 1235/2477 matched, players 3346/6770 matched
2026-08-19 15:27:48,229 INFO ncaa_identity: contest_id=6487483 teams 1678/3269 matched, players 4675/8943 matched
2026-08-19 15:27:59,348 INFO ncaa_identity: contest_id=6490720 teams 2681/2681 matched, players 7316/7389 matched
2026-08-19 15:28:04,395 INFO ncaa_identity: contest_id=6510062 teams 1599/3207 matched, players 4412/8731 matched
2026-08-19 15:28:12,608 INFO ncaa_identity: contest_id=6545743 teams 1402/2873 matched, players 3960/7861 matched
2026-08-19 15:28:26,168 INFO 5 starters not found for period 3; using estimate
2026-08-19 15:28:38,301 INFO ncaa_identity: contest_id=6564850 teams 2590/2590 matched, players 7152/7156 matched
parsed=9993 failed=0
:27:11,879 INFO ncaa_identity: contest_id=6484588 teams 1469/2848 matched, players 3981/7789 matched
2026-08-19 15:27:24,231 INFO ncaa_identity: contest_id=6486098 teams 1294/2571 matched, players 3615/7050 matched
2026-08-19 15:27:25,195 INFO ncaa_identity: contest_id=6486112 teams 1215/2316 matched, players 3245/6337 matched
2026-08-19 15:27:27,712 INFO ncaa_identity: contest_id=6486858 teams 1452/2800 matched, players 3893/7707 matched
2026-08-19 15:27:31,477 INFO ncaa_identity: contest_id=6488739 teams 1413/2735 matched, players 3844/7540 matched
2026-08-19 15:27:35,257 INFO ncaa_identity: contest_id=6489203 teams 1447/2772 matched, players 3858/7604 matched
2026-08-19 15:27:36,662 INFO ncaa_identity: contest_id=6489364 teams 1369/2621 matched, players 3633/7133 matched
2026-08-19 15:27:48,146 INFO ncaa_identity: contest_id=6538589 teams 2348/2348 matched, players 6416/6422 matched
2026-08-19 15:28:23,573 INFO ncaa_identity: contest_id=6564849 teams 2965/2965 matched, players 8110/8111 matched
parsed=9993 failed=0
6476648 teams 1517/3038 matched, players 4239/8371 matched
2026-08-19 15:25:32,572 INFO ncaa_identity: contest_id=6477329 teams 1581/3245 matched, players 3810/8971 matched
2026-08-19 15:25:36,801 INFO ncaa_identity: contest_id=6477621 teams 1368/2625 matched, players 3640/7170 matched
2026-08-19 15:25:40,542 INFO ncaa_identity: contest_id=6477730 teams 1549/3117 matched, players 4349/8600 matched
2026-08-19 15:25:43,847 INFO ncaa_identity: contest_id=6477827 teams 1172/2342 matched, players 3206/6388 matched
2026-08-19 15:25:46,307 INFO ncaa_identity: contest_id=6477839 teams 1604/3235 matched, players 4479/8879 matched
2026-08-19 15:26:13,146 INFO ncaa_identity: contest_id=6478586 teams 1439/2721 matched, players 3761/7424 matched
2026-08-19 15:26:31,904 INFO ncaa_identity: contest_id=6479606 teams 1393/2733 matched, players 3788/7510 matched
2026-08-19 15:26:41,401 INFO ncaa_identity: contest_id=6479955 teams 2446/2446 matched, players 6620/6678 matched
2026-08-19 15:26:57,081 INFO ncaa_identity: contest_id=6480374 teams 1388/2712 matched, players 3665/7392 matched
2026-08-19 15:27:04,484 INFO ncaa_identity: contest_id=6480674 teams 1451/2801 matched, players 3845/7630 matched
2026-08-19 15:27:15,367 INFO ncaa_identity: contest_id=6481073 teams 1435/2720 matched, players 3859/7483 matched
2026-08-19 15:27:36,390 INFO ncaa_identity: contest_id=6482248 teams 2115/2115 matched, players 5755/5793 matched
2026-08-19 15:27:41,624 INFO ncaa_identity: contest_id=6483010 teams 1579/3106 matched, players 4323/8553 matched
2026-08-19 15:27:58,999 INFO ncaa_identity: contest_id=6484581 teams 1822/3556 matched, players 4947/9849 matched
2026-08-19 15:28:08,742 INFO ncaa_identity: contest_id=6485303 teams 1358/2679 matched, players 3636/7367 matched
2026-08-19 15:28:09,872 INFO ncaa_identity: contest_id=6485578 teams 1347/2666 matched, players 3646/7274 matched
2026-08-19 15:28:13,918 INFO ncaa_identity: contest_id=6486759 teams 1359/2590 matched, players 3576/7046 matched
2026-08-19 15:28:15,813 INFO ncaa_identity: contest_id=6487777 teams 2840/2840 matched, players 7796/7804 matched
2026-08-19 15:28:16,974 INFO ncaa_identity: contest_id=6488215 teams 1424/2761 matched, players 3783/7534 matched
2026-08-19 15:28:21,018 INFO ncaa_identity: contest_id=6489361 teams 1284/2600 matched, players 3529/7120 matched
2026-08-19 15:28:27,873 INFO ncaa_identity: contest_id=6508567 teams 1514/2941 matched, players 4052/8038 matched
2026-08-19 15:28:32,417 INFO ncaa_identity: contest_id=6540195 teams 1370/2759 matched, players 3794/7576 matched
parsed=9993 failed=0
EXIT=0
